sample_id,stress_index,raw_stress_index,historical_stress_noise_sigma,historical_event_volatility_percentile,路径类别,supply_interruption,spr_max_release,route_max_capacity,long_elasticity,fear_decay,risk_weight,uncertainty_floor,pressure_scale,relief_discount_strength,buffer_relief_strength,第90天价格,第120天价格,第150天价格,第180天价格,外推期最高价,外推期最低价,外推期均价,第180天剩余供需缺口,第180天SPR实际释放,第180天制度风险溢价,第180天冲击不确定性溢价,二次跳涨幅度,二次跳涨风险,是否突破120,是否突破130,是否高缺口
1,0.5344065547929531,0.6147970286529741,0.0734342963653308,0.9552656104380244,中性附近,1632.0220944912805,391.9689891560866,272.77120035579617,-0.1931919266522298,0.08801539818474007,2.2402839943783586,0.3192943135706394,0.026107250343896795,0.1956545473317777,0.17913449763317799,99.03401214090613,99.46720468879239,97.6874137076761,95.35676157035469,108.89490810693114,95.35676157035469,98.85036188209389,38.96685245812478,379.1199968223506,7.005607832251262,1.6433968090557365,0.0,低,False,False,False
2,0.6097790585197278,0.5882076494785593,0.0734342963653308,0.9552656104380244,中性附近,1613.5304135335398,406.09944738473547,232.53981306365912,-0.21016335460875077,0.09031004692502628,2.3595547482886063,0.36,0.02525828142824879,0.18263017868779102,0.16789894433560362,101.37111165857249,101.53708006950548,99.61567489431494,97.14031267039685,112.51073246508673,97.14031267039685,101.57448603790448,24.29344200493142,392.78724965854485,8.198238807111236,1.8529075718386598,2.1867657682006154,低,False,False,False
3,0.6432955795352233,0.6238214970674266,0.0734342963653308,0.9552656104380244,中性附近,1664.1523944932276,331.2440316296583,223.14034978461723,-0.19345552844815628,0.09053093775390375,2.700523841347338,0.36,0.03110225663640905,0.1768385238563134,0.16290273697086008,106.01461067057845,105.7032194634195,103.4130835159682,100.60280023982172,116.52731415667012,100.60280023982172,105.82706005047876,60.11744599487247,320.38564195916723,9.049321750822733,1.8529075718386598,6.203347459783998,低,False,False,False
4,0.22220596467089004,0.14868675791299305,0.0734342963653308,0.9552656104380244,缓和路径,1484.300662013732,617.3425015175758,333.3402839441892,-0.2780977772262572,0.1237496992604255,1.8654766968277425,0.21264100049466314,0.022494639659877205,0.24960280930487017,0.2256733041794775,93.01351891168294,92.98798862538179,90.85027399907393,88.53950504377318,100.5240727577157,88.53950504377318,91.71851427597628,0.0,261.3890610405997,4.057068844816919,1.0601504325375204,0.0,低,False,False,False
5,0.0572614260610942,0.15404814429884253,0.0734342963653308,0.9552656104380244,缓和路径,1447.3758205619163,661.8239140616979,328.7717284348727,-0.32544500200381554,0.152373324479947,1.65,0.22565573009203918,0.03751549722006618,0.2781052255766429,0.25026109233909843,93.39296719583507,92.33757017178725,90.29110728575559,87.93754085551414,101.46744106103003,87.93754085551414,91.64699913673559,0.0,107.94349215417424,4.705200186088908,1.1250371250376496,0.0,低,False,False,False
6,0.30569602738270657,0.3134936142598707,0.0734342963653308,0.9552656104380244,缓和路径,1566.5791879569244,550.125086084227,292.0643279287342,-0.22346075260691028,0.11056043568632916,1.84421492928394,0.2629028993675238,0.025093552108864676,0.23517572646826826,0.21322769068603567,93.23850016785502,93.72315294077919,91.77167953380014,89.45921051939425,101.45231358194205,89.45921051939425,92.35530488400912,0.0,446.08665797162394,4.433905997175216,1.310737918987753,0.0,低,False,False,False
7,0.3061146076585212,0.2971380643913831,0.0734342963653308,0.9552656104380244,缓和路径,1544.1333163573443,546.1888424495389,315.00379926620656,-0.24418173891300723,0.13274048246590592,2.0715215412545858,0.27497751816995547,0.024377688733366237,0.2351033957966075,0.21316529417848065,96.5627735661088,96.54749075922948,94.15326205430604,91.47949532934543,102.20069330751144,91.47949532934543,95.09180937438302,0.0,267.0612585723411,5.220509383890811,1.3709375621249895,0.0,低,False,False,False
8,0.019372943660553713,0.07534924991907092,0.0734342963653308,0.9552656104380244,缓和路径,1445.9444168658622,700.0,359.04510708288035,-0.35,0.16725400188184447,1.705744318355575,0.1932674126091703,0.02697487435997687,0.28,0.25590901488813084,92.69699723537984,91.48167569914185,89.45829027558814,87.52144736594846,101.43647075667818,87.52144736594846,90.93995293067046,0.0,50.0,4.148113210449302,0.9635607930567542,0.0,低,False,False,False
9,0.19054105020590548,0.2699502237245342,0.0734342963653308,0.9552656104380244,缓和路径,1464.8868363107758,594.9440322599906,324.40206518311544,-0.32075682034270386,0.15869852010232535,1.7538794143535108,0.24475783073412904,0.029754263681412665,0.25507450652441954,0.23039349810356613,93.9183488171659,93.64961668546685,91.76600545431066,89.20394776522346,101.04967429995854,89.20394776522346,92.59242839386779,0.0,126.75825836305376,5.264569704038964,1.2202732281926247,0.0,低,False,False,False
10,0.4257096396763452,0.3988260590768263,0.0734342963653308,0.9552656104380244,中性附近,1559.3167037166754,490.6751613867185,280.18223231888624,-0.2592334390005263,0.11224214741514994,2.3953044525909744,0.30974142663742993,0.02575613009715286,0.21443737426392753,0.19533762108920202,101.87969408696718,101.74465482295417,98.94856483438781,95.76346238513021,107.33100904719643,95.76346238513021,100.2644057106828,0.0,252.4887121048705,6.976096327638416,1.594228429801674,0.0,低,False,False,False
11,0.48330006561321487,0.4543842694718966,0.0734342963653308,0.9552656104380244,中性附近,1590.7114580766668,443.7551031005001,254.48141448887236,-0.24041034807471517,0.11023861048371485,2.3482423978077005,0.3317024595758591,0.023864388274671453,0.20448574866203645,0.18675278884866373,101.26724841730898,101.40686921040509,98.83960191550507,95.7827356323251,109.27176158147837,95.7827356323251,100.33170961672784,0.0,348.9010607109576,7.0437578351867245,1.7072611081822677,0.0,低,False,False,False
12,0.7873595290318746,0.7842969217406529,0.0734342963653308,0.9552656104380244,高压尾部,1732.8024534991707,336.61251696827543,181.1573589903876,-0.13209917431880566,0.07095790299012388,2.8392549158882736,0.36,0.020528215201539336,0.15194427338329208,0.14142755566739365,113.4424444301705,108.70186165457821,106.21254865815077,103.25489308637344,124.19658321147503,103.25489308637344,110.03711696880424,152.88622889136968,323.3712705341317,9.988474248230196,1.8787204346401214,13.872616514588913,中,True,False,False
13,0.27505070760848194,0.23270467799195857,0.0734342963653308,0.9552656104380244,缓和路径,1523.467701612589,519.4136165435582,259.02834020740625,-0.2654196826813414,0.13648007744475016,1.964470881902209,0.2759121926973866,0.026160868691596385,0.24047123772525433,0.21779589668450777,96.58986134686339,96.31565168927251,93.76201467994687,91.02653272968048,102.48339580514205,91.02653272968048,94.90583924918602,0.0,322.0449649283946,5.475314402639529,1.375597508241838,0.0,低,False,False,False
14,0.23261725222858357,0.24317030038080462,0.0734342963653308,0.9552656104380244,缓和路径,1450.9284428460642,617.3836342567204,366.06315653574194,-0.3065969567344626,0.12765019381431578,1.698471695908921,0.27593731471150074,0.026551716469458246,0.24780373881490075,0.22412132473781166,94.14501227959445,94.17514291181976,92.21236087689063,89.50013786711267,101.0672930059982,89.50013786711267,92.94611709381722,0.0,164.20155827893723,5.862242236625814,1.375722757436807,0.0,低,False,False,False
15,0.5039987106123319,0.5187308058055233,0.0734342963653308,0.9552656104380244,中性附近,1663.5931535736913,492.93363503639483,263.87871525961503,-0.2530297410318438,0.10311885127507428,2.1297351743808832,0.3173118534435471,0.03023287439836009,0.20090902280618902,0.18366730385644187,98.85851539425981,99.47863508224496,97.25394181245224,94.45188933947203,108.91093264677053,94.45188933947203,98.52198493400151,0.0,456.02832273343483,6.555877065777636,1.6331931552214098,0.0,低,False,False,False
16,0.17489093265461567,0.2509411342595888,0.0734342963653308,0.9552656104380244,缓和路径,1485.4609592855234,648.1852240726889,345.32964608517847,-0.30936787174619174,0.1466763952014521,1.912013233187779,0.2082172646513899,0.027329812796897016,0.2577788468372824,0.23272641423566426,93.98006023930364,93.77500705251241,91.57385821244051,89.0892091510714,101.10675825349831,89.0892091510714,92.59016971516965,0.0,199.29171096660502,4.3226090690641765,1.0380952999113193,0.0,低,False,False,False
17,0.5637894132512565,0.47480854066137407,0.0734342963653308,0.9552656104380244,中性附近,1633.0652577489966,407.8814932358579,236.72541071927702,-0.2173425000357837,0.08207805597654076,2.456961732921872,0.32034633638582777,0.02740853038902588,0.19057718939018287,0.1747544829604522,100.57235379182784,100.92611376265239,99.1143015210942,96.69046333951962,110.67162347031618,96.69046333951962,100.63290642585434,13.535586089796197,394.5108789152098,7.0723320397209815,1.648811534166874,0.3476567734300602,低,False,False,False
18,0.7044478505474068,0.6331773128536403,0.0734342963653308,0.9552656104380244,高压尾部,1628.140140024387,355.66293981087233,218.63596294799325,-0.17574699501716998,0.08547349164802061,2.5127747129805185,0.36,0.025474740486336935,0.1662714114254081,0.15378695115703384,104.10537781664056,103.31490239217565,101.35971774962005,98.84488129922504,115.7187282955944,98.84488129922504,103.97909606868403,65.08077434172083,341.67231142918433,8.774560809108861,1.8787204346401214,5.3947615987082855,低,False,False,False
19,0.5539782634654892,0.4867788637940491,0.0734342963653308,0.9552656104380244,中性附近,1708.041402768381,426.445556189251,217.2354819472649,-0.20619659536082782,0.08549963611628564,2.473688571510172,0.33801064485630683,0.023631547020426507,0.19227255607316346,0.1762170016626048,103.48479898389196,103.44407215240165,101.27086800013967,98.58702531942279,111.59063982033015,98.58702531942279,102.95916607904283,45.362094371297644,412.46640009828405,8.02279117244121,1.7397291200453309,1.2666731234440363,低,False,False,False
20,0.36635244425291824,0.43481197971554325,0.0734342963653308,0.9552656104380244,中性附近,1577.4268477525359,545.5444323639871,295.97994497295105,-0.2896358357488057,0.11463664411754101,2.035794247860925,0.2824066281091214,0.023236093611998066,0.22469429763309573,0.20418582036346264,98.39724960803001,98.54496469450395,95.98274568831673,93.07321342799723,103.7119922028778,93.07321342799723,96.90280420896502,0.0,236.2529733027095,6.311556481709869,1.4535371654467102,0.0,低,False,False,False
21,0.40978454273655524,0.35742005636063306,0.0734342963653308,0.9552656104380244,中性附近,1561.071039615772,550.310282149139,307.13146675297736,-0.25323871302431494,0.10286228362440299,2.281488689724662,0.306076298986668,0.021779114197834848,0.21718923101512325,0.1977115275748438,100.5986738004994,100.5851414022244,97.8749327831901,94.78789796598689,106.46085808704598,94.78789796598689,99.06388493507126,0.0,302.6387455638942,6.623536360354314,1.5753641443131963,0.0,低,False,False,False
22,0.46423494628943063,0.48956493822981756,0.0734342963653308,0.9552656104380244,中性附近,1569.3545916852727,474.6612500245395,256.6842429504043,-0.21376867267597055,0.10495139834744355,2.1650916784234493,0.31904165641267335,0.026451462306782893,0.20778020128118638,0.18959476906287415,97.56282795692752,98.24878380651516,96.11142185191976,93.86390997862449,107.60551430000245,93.86390997862449,97.17210147196825,0.0,459.10155287651287,6.406104584220573,1.642096391386085,0.0,低,False,False,False
23,0.2849311009404086,0.37714936465934795,0.0734342963653308,0.9552656104380244,缓和路径,1491.635785245816,572.1441162823418,312.4518251641697,-0.26267388676565884,0.11622456793860084,1.9510295025849802,0.2881184044489714,0.024665658381295648,0.2387639057574974,0.21632305605439844,96.9151149903016,96.53159862218621,93.87089188096297,91.06860190692058,102.29118261520314,91.06860190692058,95.09639684341693,0.0,249.31738928596133,5.758100214681833,1.4364532258032874,0.0,低,False,False,False
24,0.5761143185789905,0.5071332720393765,0.0734342963653308,0.9552656104380244,中性附近,1613.2449992806316,443.0859700993111,260.6393130710918,-0.21912333036458762,0.08440974949310874,2.2991446343360487,0.34805741009790025,0.028699852067671155,0.18844744574955044,0.1729172462514357,99.80650424159455,100.38225304546043,98.18870181296477,95.74836201019043,110.94531282386266,95.74836201019043,100.06733521755997,0.0,428.5613306750302,7.210940301021656,1.7914394739026474,0.6213461269765475,低,False,False,False
25,0.5815278549974141,0.6981770783237854,0.0734342963653308,0.9552656104380244,中性附近,1684.437574255668,372.95207743218884,262.6526414158501,-0.22658792795229216,0.09659308977256874,2.443725602614082,0.3564694588308049,0.03004265915054325,0.18751198665644683,0.17211026659771414,103.00522973297032,103.1172646187214,101.06141544968102,98.41415789341671,113.74104488007981,98.41415789341671,103.06347874448213,15.874649617628165,360.72647153899186,8.23005753785875,1.8347359983245215,3.417078183193695,低,False,False,False
26,0.5231929841655139,0.4693007950644565,0.0734342963653308,0.9552656104380244,中性附近,1580.6362512788176,472.68121688974765,225.55452721403398,-0.21913863921130444,0.09003345097467487,2.491783826512128,0.3305295316140986,0.02713031733655156,0.19759225233619918,0.1808060710082303,101.05136459807264,101.44272124935215,99.06740672559458,96.1109082985412,110.41836468314916,96.1109082985412,100.6843800326957,0.0,434.1066515079965,6.708032719483334,1.7012240884556917,0.09439798626304707,低,False,False,False
27,0.7894369835531926,0.9004115052131312,0.0734342963653308,0.9552656104380244,高压尾部,1746.2390938682302,390.0969434183824,200.59411310833195,-0.1445248894088864,0.06436555596461714,2.679919592431389,0.36,0.030996483924075932,0.15158528924200831,0.14111787574642182,111.12414249395962,106.66858333989681,104.4269332348489,101.67295973180852,121.82042330571355,101.67295973180852,108.03305866037064,121.63858893278848,374.7517928353581,9.35030616405317,1.8787204346401214,11.49645660882743,中,True,False,False
28,0.6950845273454859,0.7030050648245069,0.0734342963653308,0.9552656104380244,高压尾部,1679.5422882219193,382.6211857933399,201.4991466069903,-0.17417267040156903,0.069876008489471,2.5108733370494827,0.36,0.03362040604249404,0.16788939367470004,0.1551827136921216,105.17577878857473,104.58143039252393,102.45462152332016,99.79317378319463,116.83635462928817,99.79317378319463,105.10942530756927,81.4539933949145,367.5701073080696,9.083607214015387,1.8787204346401214,6.512387932402049,低,False,False,False
29,0.33178748147971193,0.4910755349383041,0.0734342963653308,0.9552656104380244,中性附近,1477.8645986688534,562.520085418016,309.5827026669267,-0.2938422193852588,0.1165102072036275,2.2370213370101757,0.30270982275547836,0.026641526216824137,0.23066712320030577,0.20933831579966075,99.68475454813883,99.61608382503428,97.42382687592655,94.75387385010889,103.42509960465763,94.75387385010889,98.25639543935212,0.0,66.21273056031714,7.454003245033411,1.5580370073710124,0.0,低,False,False,False
30,0.23485847880330007,0.3149690014376662,0.0734342963653308,0.9552656104380244,缓和路径,1501.0261129053567,597.8796480052035,339.93974565260777,-0.27817909739646807,0.13021069289663703,1.8423455699739728,0.25768885240925354,0.02377086983951248,0.24741645486278976,0.2237872318075376,94.83097140568088,94.81479962366973,92.36407846961258,89.76331901784592,101.3870619920124,89.76331901784592,93.4020454553352,0.0,214.47084598146284,5.096978608636236,1.2847425835386996,0.0,低,False,False,False
31,0.42663990538234886,0.5753383417163336,0.0734342963653308,0.9552656104380244,中性附近,1539.0765858666048,538.6884765396089,257.72399372498637,-0.2635090647943927,0.11261297322909244,2.583353914966112,0.3237637227428095,0.026495133734292586,0.2142766243499301,0.1951989491676934,104.48889079966911,104.27584990382104,101.07850426549138,97.56004976748376,108.5330159948988,97.56004976748376,102.61483924789421,0.0,226.4118878884401,7.758288242913319,1.666400703768956,0.0,低,False,False,False
32,0.4757880158849086,0.5129021441038071,0.0734342963653308,0.9552656104380244,中性附近,1587.5962484348827,446.1409146160172,259.52304078577356,-0.22955570817522988,0.07861401994437998,2.2717023056308854,0.3422066838645438,0.027632121118846716,0.20578383085508778,0.18787258759387157,101.0942907417281,101.11355946364789,98.45428164262059,95.36224873200891,109.21758669952523,95.36224873200891,99.96790160172375,0.0,411.85945537927,7.001537332324356,1.7613259879622547,0.0,低,False,False,False
33,0.6696050364477006,0.6200531197458862,0.0734342963653308,0.9552656104380244,高压尾部,1689.7451081617228,351.3497286889216,232.95920671232858,-0.15678618367190747,0.09166087044107656,2.4838487806389966,0.36,0.024021905694671022,0.1722922497018373,0.15898086505796818,105.07592783373867,104.65853313741664,102.50889259289568,99.8334183656382,116.33561276135194,99.8334183656382,105.04952050417323,103.2545004390031,337.52876806618275,9.197039200730586,1.8787204346401214,6.011646064465822,低,False,False,False
34,0.2558735041751493,0.3091183706642391,0.0734342963653308,0.9552656104380244,缓和路径,1457.3187898384335,583.2375242210775,314.2391270382848,-0.29479323252270545,0.11948665139435281,1.9746400793682548,0.26877069517118485,0.027488509950312955,0.2437850584785342,0.2206545849410993,95.44554104560194,95.38462525354196,93.45468737217371,90.97927212305117,101.6212751265798,90.97927212305117,94.2181461124127,0.0,92.23917455208903,5.838248877199097,1.339992607617048,0.0,低,False,False,False
35,0.32863864545363697,0.4340234614274983,0.0734342963653308,0.9552656104380244,缓和路径,1552.2552619817957,510.29260002214124,258.6016653739884,-0.2745832416762881,0.1190679959135906,2.085542898722457,0.288947922290043,0.02651654735750908,0.23121124206561153,0.2098077033514467,98.38539969250431,98.13501118495894,95.45220004778137,92.53548759089759,102.87773523440644,92.53548759089759,96.5898671944935,0.0,247.09017570763172,6.0579207048535295,1.4405888990552183,0.0,低,False,False,False
36,0.6939623146815197,0.6473262842987231,0.0734342963653308,0.9552656104380244,高压尾部,1698.8838214092495,330.99187829505803,222.4616577647366,-0.20341760346446272,0.07523319197997845,2.588228174594287,0.36,0.028220143386310872,0.16808331202303337,0.15534999857153747,106.73758398357475,105.98599041680302,103.71045973087416,100.91511907318754,118.40911829055639,100.91511907318754,106.49583048352191,70.53682660474988,317.9717295861554,9.542296244431752,1.8787204346401214,8.085151593670275,中,False,False,False
37,0.06771057606967967,0.14090765462316804,0.0734342963653308,0.9552656104380244,缓和路径,1468.217458274957,660.3784868588108,353.49289421653043,-0.34246875002515104,0.1601846980707587,1.65,0.21556074240887219,0.024234834663080202,0.2762996124551593,0.2487034688553225,93.24877786212508,92.28358002317216,90.24914060386863,87.93046971909047,101.37355197597901,87.93046971909047,91.5555564380361,0.0,107.65862043316156,4.60107833410279,1.0747072002636218,0.0,低,False,False,False
38,0.33528438028625435,0.3891294153730386,0.0734342963653308,0.9552656104380244,中性附近,1553.375800547261,575.8450126375694,295.6636583876386,-0.24477535263487915,0.1103793006752458,1.995781317075657,0.29115197064390114,0.021712738001739618,0.23006285908653523,0.20881704357206493,97.69958418289143,97.61333997940906,95.04347602748551,92.20672035582886,103.07312801633445,92.20672035582886,96.08902423536406,0.0,360.43892813094135,5.7760123155094805,1.4985491415606436,0.0,低,False,False,False
39,0.6056196451385443,0.6385430528086605,0.0734342963653308,0.9552656104380244,中性附近,1603.0356490505135,470.4568148279227,232.01582229688216,-0.21353405833247707,0.0723811850652715,2.3325892350193422,0.33179743084783125,0.03008661249579672,0.18334892532005953,0.1685189756257985,98.58668405684202,99.31151659593797,97.66542485654769,95.47466386704967,110.90196977399124,95.47466386704967,99.40120727992662,5.6485187696853245,455.03494173512377,6.9733287533719075,1.7077499220404462,0.578003077105123,低,False,False,False
40,0.5231793235016702,0.5874778172590167,0.0734342963653308,0.9552656104380244,中性附近,1652.6264303562898,417.4411227870775,241.13359214762878,-0.25597034808384816,0.11412993791086207,2.441504673231889,0.36,0.028759588344667235,0.1975946128989114,0.18080810736245906,104.83367412817381,104.53505952837656,101.57244189809542,98.15782432944812,112.73141337525995,98.15782432944812,103.7298927319487,0.0,380.1845420932714,8.208635091529736,1.8529075718386598,2.40744667837383,低,False,False,False
41,0.7216846132996051,0.7658090960672388,0.0734342963653308,0.9552656104380244,高压尾部,1684.724555054085,341.45587515243983,200.06316586017041,-0.149762058609713,0.10177906560746294,2.5583850962222323,0.36,0.029042198449732905,0.1632928988218282,0.15121751857878216,106.90942809732735,105.26279085831241,103.09118327002781,100.40051747768993,118.47968021729258,100.40051747768993,106.03098421007189,113.29671789320128,328.02410669058617,9.362274386305128,1.8787204346401214,8.155713520406465,中,False,False,False
42,0.397381358507304,0.39646460479251816,0.0734342963653308,0.9552656104380244,中性附近,1616.6952443581379,511.4944722061968,238.05552372113198,-0.26707553371647486,0.11052556181199902,2.213034639517859,0.30971168254725073,0.027735456201966047,0.21933250124993786,0.1995604330851683,101.38195521428784,101.11264905975895,98.26133106473289,95.08792249802228,106.77133734427454,95.08792249802228,99.59434011112923,0.0,374.2450918613995,6.838167630356377,1.594075337996367,0.0,低,False,False,False
43,0.5320982514904877,0.42721469644532917,0.0734342963653308,0.9552656104380244,中性附近,1639.3245880386603,447.8119535623872,256.2304068235312,-0.19698153313604433,0.07782781162315094,2.218007949092209,0.33648372553718936,0.02768989629781173,0.1960534221424437,0.17947858949028056,98.7187343419795,99.14374436969587,97.40095107100909,95.0808562231871,109.28556820944478,95.0808562231871,98.64496521277275,10.932470095243843,433.13239339956226,6.7529785198482974,1.7318701190231656,0.0,低,False,False,False
44,0.5073520434261055,0.5502286959353281,0.0734342963653308,0.9552656104380244,中性附近,1626.2472846822816,435.93968390055335,255.23272871363736,-0.1925107016731811,0.11099571313624154,2.360557761431146,0.3298498425563241,0.02529526156734302,0.20032956689596895,0.18316743258123208,100.68987085705955,100.80162108557168,98.75764821006433,96.22782925772658,109.17270271253182,96.22782925772658,100.0104702491651,24.950123536043975,421.64930427519226,7.041261696360438,1.6977257523400076,0.0,低,False,False,False
45,0.7448938233148394,0.6273632868208366,0.0734342963653308,0.9552656104380244,高压尾部,1736.038526198933,318.21727438628824,231.81074680961765,-0.1341720107517502,0.05810920619763321,2.5158144327828333,0.36,0.027189241161245596,0.15928234733119573,0.14775779118182522,108.8694607408633,105.9774942150903,103.75756151313315,101.04092387743096,119.89326135475379,101.04092387743096,106.98718779089452,151.8019644261458,305.6996372297725,9.799324731614037,1.8787204346401214,9.569294657867673,中,False,False,False
46,0.7590198832529703,0.7763368042614395,0.0734342963653308,0.9552656104380244,高压尾部,1733.6384064310353,322.0507661629159,223.35460037244061,-0.1439020368140192,0.06441577695410747,2.603985401882138,0.36,0.026830536991127932,0.15684136417388672,0.14565206175170123,109.81183786105406,106.42486071448896,104.1823609664862,101.42535483055357,120.58531951157025,101.42535483055357,107.51590816212834,134.79701980632854,309.3823318531191,9.66454491276931,1.8787204346401214,10.26135281468413,中,True,False,False
47,0.1748505730657652,0.19115798746575183,0.0734342963653308,0.9552656104380244,缓和路径,1400.0,620.3868830524522,353.37653733323253,-0.29991465805547657,0.15121818191245018,1.7665888361186453,0.23326209846033377,0.02438681751704012,0.25778582097423575,0.2327324305186478,92.87966817554363,92.69859109286405,90.80024914877691,88.30520998139006,100.60775704474331,88.30520998139006,91.62217297460721,0.0,150.32938827279213,4.77843238662362,1.1629597020426878,0.0,低,False,False,False
48,0.6628355059495239,0.6694267876841996,0.0734342963653308,0.9552656104380244,高压尾部,1643.3982218477458,364.10337257943365,240.72934627763357,-0.15751739377726698,0.1092010068509591,2.4435937319906804,0.36,0.030659727949873136,0.17346202457192225,0.15998997868629528,103.3487839616112,103.16702349712102,101.1511788776322,98.60531035018457,114.43378891240329,98.60531035018457,103.4856613665359,80.19173527276689,349.7807249035556,8.672012987331284,1.8787204346401214,4.10982221551717,低,False,False,False
49,0.5068006794437762,0.4973288487279949,0.0734342963653308,0.9552656104380244,中性附近,1619.851941597912,531.3606985975507,286.03109061004875,-0.2163474398475418,0.10346870440114105,2.253182396752963,0.3416093692432088,0.02519630526896341,0.2004248425921155,0.1832496227580674,100.12839704632198,100.41073887864557,97.99295012755921,95.06515849462255,109.44833425655025,95.06515849462255,99.47624652200723,0.0,448.56848568345595,6.623870237944434,1.7582516302271392,0.0,低,False,False,False
50,0.5070150276297317,0.6208289328360748,0.0734342963653308,0.9552656104380244,中性附近,1555.0255835696528,510.5323192925051,308.4949906504393,-0.23497648059900791,0.0966980163233911,2.4411351549488636,0.3213005979311963,0.02409894071647662,0.20038780322558233,0.18321767051622237,100.88150348998124,101.18157209117635,98.71449055339299,95.71698645785649,109.21037330859036,95.71698645785649,100.16361135563955,0.0,322.0078089965191,6.806069290801638,1.653723085397229,0.0,低,False,False,False
51,0.48773103423495456,0.574992904626613,0.0734342963653308,0.9552656104380244,中性附近,1576.9175694380604,476.38965673137875,283.3401209615705,-0.2005754417388825,0.09524931247217436,2.154077720809493,0.2853537902332201,0.024229517744580684,0.20372007728419983,0.18609227763239972,94.94539646362348,96.13108200095425,94.48355944966698,92.38672775123732,106.70178448571023,92.38672775123732,95.1645725003505,0.0,460.7733013141008,5.206859861323378,1.4687061071555394,0.0,低,False,False,False
52,0.6727807480310748,0.6530354750817234,0.0734342963653308,0.9552656104380244,高压尾部,1684.0713622120377,348.0825700037336,236.1632386056581,-0.18188685023500298,0.07627985651164101,2.367614554120977,0.36,0.026742378981282657,0.17174348674023027,0.1585074712473809,103.80943008012039,103.53397485244555,101.51315876602646,98.94963387442121,115.31085542451888,98.94963387442121,103.96650066035555,83.18395453025914,334.3901288242991,9.168938921260843,1.8787204346401214,4.98688872763276,低,False,False,False
53,0.6519577915034652,0.6496732066435782,0.0734342963653308,0.9552656104380244,中性附近,1687.8310297370153,432.166237650694,169.4650930525154,-0.20327524475447514,0.05930900766307265,2.562410069155248,0.33645503303290464,0.02644485801401517,0.1753416936282012,0.16161148698668984,103.09746118475196,103.17764024777091,101.2110153844819,98.65649384604913,114.52536919655265,98.65649384604913,103.41220022573725,41.605215268084066,417.9995539892422,7.915527160356646,1.7317224396941537,4.2014024996665285,低,False,False,False
54,0.33295527800953867,0.3222221412684216,0.0734342963653308,0.9552656104380244,中性附近,1579.0311932674863,537.8566665361865,331.9870288023542,-0.25713806127599087,0.11555702025229142,2.249728081946014,0.3055493238134878,0.02781665043333999,0.23046532795995167,0.20916423586994057,102.1219981725664,101.33798238277977,98.20256736545923,94.9090325145446,104.92856014613305,94.9090325145446,99.75888443579831,0.0,321.6148091893101,6.651557095686074,1.572651821289428,0.0,低,False,False,False
55,0.8029155325543877,0.7001770164933133,0.0734342963653308,0.9552656104380244,高压尾部,1729.997501333797,310.5443771172908,185.11815592375382,-0.14847272660221364,0.056780441748277025,2.7907127069197752,0.36,0.02979449782176029,0.1492561959746018,0.13910866883157844,113.43490878826405,108.33801532586969,105.91458898264912,103.01052100164432,124.08079509843974,103.01052100164432,109.79003556013559,140.90181390132057,298.32856689376536,10.08211007742267,1.8787204346401214,13.75682840155362,中,True,False,False
56,0.8803921818530946,0.845736012134288,0.0734342963653308,0.9552656104380244,高压尾部,1798.2029395063887,265.9994590492253,166.28081826339536,-0.12711522304856843,0.06154446894666755,2.870855130696111,0.36,0.026046406660386257,0.13586823097578524,0.12755945685808956,118.8971934116062,111.22644533799964,108.42348505347587,105.29158145356507,128.8035253424344,105.29158145356507,113.21957383893529,211.867308234152,255.53590166181047,11.122597286569752,1.8787204346401214,18.47955864554828,高,True,False,False
57,0.5869127354491924,0.6005587156862512,0.0734342963653308,0.9552656104380244,中性附近,1556.492062675675,448.3632388777078,264.1134061416006,-0.19484528747255603,0.0931338638994303,2.440773232127729,0.32661672318572915,0.025047006355948483,0.18658147931437954,0.1713075586030807,98.27929069880189,99.25857847021827,97.397917929374,95.2021570053619,110.387419486689,95.2021570053619,99.06133146520631,0.0,433.6656072322242,6.436515085345226,1.6810849985554697,0.06345278980288072,低,False,False,False
58,0.4605931267773128,0.3614835371613533,0.0734342963653308,0.9552656104380244,中性附近,1582.1322844904194,480.99433821805934,299.0124250176237,-0.24486038840013796,0.09601879587241478,2.295206210232861,0.30253544086437095,0.030655131951200624,0.20840950769288033,0.19013764418583506,99.45272985810155,99.82295651500414,97.4543995949782,94.57895196559527,107.56240151254951,94.57895196559527,98.57795559822213,0.0,355.2752857382038,6.327274246355086,1.557139469797611,0.0,低,False,False,False
59,0.5279660578446821,0.5393971489468707,0.0734342963653308,0.9552656104380244,中性附近,1623.9936843910048,439.9507236607204,259.3995626958818,-0.22880397037668646,0.10425948692439084,2.4333435197935285,0.31907681011605205,0.023415078102942462,0.1967674652044389,0.1800945632160791,100.62781938928717,101.11513013393318,98.82014579469026,95.92352292211787,110.19989520647935,95.92352292211787,100.35436085183059,0.0,418.1406746871944,6.51666332104109,1.6422773262837753,0.0,低,False,False,False
60,0.2761198310190609,0.21037944318435717,0.0734342963653308,0.9552656104380244,缓和路径,1470.5544400452993,583.8995384784679,333.6903049548719,-0.28313049251840405,0.14306737683865783,2.159729629966851,0.2628085051350017,0.03473759573908756,0.24028649319990625,0.21763652566102698,95.9368347640247,96.08229299897923,94.22071415270433,91.84558786565397,101.67871049466522,91.84558786565397,94.85308381545,0.0,76.38519738036848,5.685210949448326,1.3102673037902859,0.0,低,False,False,False
61,0.5745680342295296,0.524169967524966,0.0734342963653308,0.9552656104380244,中性附近,1701.6188948367753,482.86156372170973,242.23667142756906,-0.20955020619453946,0.11183621874617991,2.3700460385912074,0.33525038278929525,0.025034241417135672,0.18871464368513724,0.17314774622639406,101.31938367246593,101.58802685190841,99.6623206877459,97.16136536513672,111.1290267918961,97.16136536513672,101.2992603689922,24.523865495548307,467.03305508414144,7.388963015411285,1.7255221464780397,0.8050600950099778,低,False,False,False
62,0.16419244918290937,0.14599915514327555,0.0734342963653308,0.9552656104380244,缓和路径,1432.5862315839931,616.2999531091602,345.130250058787,-0.27823749872793996,0.13709193954877846,1.874433812428699,0.24415642275902089,0.0272912462264986,0.2596275447811932,0.23432120511172844,94.74176274430279,94.24802150931342,91.89249118927174,89.24695488329583,101.6521577986817,89.24695488329583,93.10583803239054,0.0,183.75557569635566,4.874431904197432,1.2172748274916347,0.0,低,False,False,False
63,0.5715883530537643,0.5867443825256042,0.0734342963653308,0.9552656104380244,中性附近,1549.0276173173247,437.34073345288857,240.24919743238507,-0.1918178027378606,0.09146652025351404,2.4134289989620585,0.3333908135769588,0.02380697437273597,0.1892295325923095,0.17359191837147034,98.90824031132013,99.47989309847885,97.82558777720833,95.52974280093945,110.16159522482702,95.52974280093945,99.2687868278261,12.922601078113075,423.0044265336467,6.925901567245148,1.7159510079394393,0.0,低,False,False,False
64,0.18457726224554288,0.19636317472024645,0.0734342963653308,0.9552656104380244,缓和路径,1451.4710814207695,611.7308601452021,345.6920588442487,-0.30491052178956835,0.1327752507199025,1.7631442369439152,0.2078436897102762,0.023812650902039597,0.2561050490839702,0.2312825021059671,92.25616360110816,92.30348005954143,90.15115997024812,87.85123451144841,100.14793954502179,87.85123451144841,91.03939653137418,0.0,207.76351848394552,4.14004594208834,1.0362327915780933,0.0,低,False,False,False
65,0.5461413873797505,0.5171787779020329,0.0734342963653308,0.9552656104380244,中性附近,1625.6281933133255,404.2739578448764,232.14456274150353,-0.23895007359432913,0.07380415653034171,2.1781411168905502,0.3500011792365971,0.025901570507163685,0.1936267682607791,0.17738522129966222,99.91568947007721,100.41729226535406,98.08506573132867,95.67656639826843,110.46687255374079,95.67656639826843,99.87157684549142,0.12672561652652803,391.02160082484335,7.671052463119845,1.8014439865554188,0.14290585685466795,低,False,False,False
66,0.7597224806791855,0.7830837679430721,0.0734342963653308,0.9552656104380244,高压尾部,1739.1190028139868,358.6958055948599,196.05394473956386,-0.14585426276008245,0.0753913882527425,2.369644711749239,0.36,0.023038955879962228,0.15671995533863675,0.1455473276585153,107.4423385216168,104.32218555525318,102.30995371953372,99.7558718322736,118.27010250382266,99.7558718322736,105.44425133331895,136.91655230793003,344.5858740939381,9.57109183242019,1.8787204346401214,7.946135806936539,低,False,False,False
67,0.5254564976116788,0.44525871668683115,0.0734342963653308,0.9552656104380244,中性附近,1647.7997548271019,464.5187313348036,222.26106638493405,-0.2158371763608423,0.08038735696742948,2.261511158200768,0.3238005172646386,0.027079795876044397,0.1972011172127019,0.18046865584080593,98.79491467790909,99.49617022273938,97.56560468104486,95.27790477414733,109.46012997875997,95.27790477414733,98.88198676161079,4.2851316046617285,449.29151238912084,6.679054444717078,1.6665900839025654,0.0,低,False,False,False
68,0.5140354231427557,0.6724171263275492,0.0734342963653308,0.9552656104380244,中性附近,1637.7473483617314,452.2595280139785,291.5950567761152,-0.19025226759504246,0.10519029311955935,2.2140576356152897,0.32951430230418055,0.024975421538475984,0.1991746788809318,0.18217116119178006,99.05722671250605,99.46753382549389,97.613141536834,95.22802930826931,108.75842883624196,95.22802930826931,98.7475496650623,27.198615999404865,437.4341735367736,6.8838447023273845,1.6959987382459702,0.0,低,False,False,False
69,0.36707367537340274,0.37241669318139353,0.0734342963653308,0.9552656104380244,中性附近,1594.9305277540288,558.3203477899198,257.2889332200349,-0.26643127350887413,0.1264619921345485,1.8432994351239942,0.28125907915141224,0.0255065083247158,0.224569668895476,0.20407830860130266,95.66610051111707,96.15521650441431,93.94297495142835,91.32857439301134,103.33402285443871,91.32857439301134,94.6337985567967,0.0,423.00677199520396,5.638983595450792,1.4476307705778353,0.0,低,False,False,False
70,0.2858653600689639,0.3119160811535318,0.0734342963653308,0.9552656104380244,缓和路径,1545.6921075350224,570.465314577682,309.0934052729333,-0.3096015250376375,0.13336235137589972,2.08505483767245,0.26643212142400224,0.020393689555956395,0.23860246578008304,0.21618378884535522,97.50134237797946,97.41039584907608,95.34794734656187,92.41155616563407,102.58108479020854,92.41155616563407,96.09691397625288,0.0,144.7734075637527,6.023574989386413,1.3283333322946544,0.0,低,False,False,False
71,0.2686410895623952,0.16730367291572784,0.0734342963653308,0.9552656104380244,缓和路径,1484.9808832353017,520.8786034205973,309.58751450813776,-0.2631294428061878,0.13325397221802157,2.1477023444472345,0.2259797056824546,0.02666070156917938,0.24157881972361808,0.21875135924198041,95.00438509169707,95.1786293084033,92.9660889951391,90.48107931957111,101.29793534567295,90.48107931957111,93.76614894889124,0.0,199.44856726106445,4.449232974662001,1.1266523491078504,0.0,低,False,False,False
72,0.7262757492807346,0.7906196863812502,0.0734342963653308,0.9552656104380244,高压尾部,1679.3255508454683,306.7634632502222,161.5449549910382,-0.18115327357984284,0.07337313514611835,2.708185097015599,0.36,0.031071404339632694,0.16249955052428905,0.15053313169415136,109.22632723752682,107.29955063971875,104.89401342773391,102.00914012122502,120.61376251183573,102.00914012122502,108.03279599696955,103.73718741793346,294.696381935268,10.05415505975217,1.8787204346401214,10.289795814949613,中,True,False,False
73,0.3881868416940321,0.40953924761015487,0.0734342963653308,0.9552656104380244,中性附近,1577.7355045726688,542.8333518463601,285.3582560741779,-0.25814910336100116,0.125304573495792,2.126706550531191,0.3274686772638306,0.02188549965212143,0.22092131375527124,0.2009310321576821,101.20822954659127,100.73250921333312,97.79167529476689,94.59550805846109,105.90260995350698,94.59550805846109,99.20055539245463,0.0,289.2101156799963,7.092485219637729,1.685469976783728,0.0,低,False,False,False
74,0.3935065960033572,0.38253695975923435,0.0734342963653308,0.9552656104380244,中性附近,1560.6747978716971,497.95012688877296,304.69616126088044,-0.2388722486423582,0.11402579246423564,2.002747806818235,0.27696615587965456,0.018420985432765893,0.22000206021061988,0.20013803232197158,95.43126263731205,96.17976858730434,94.15824467631519,91.63889941673752,104.29883618984468,91.63889941673752,94.72855696549505,0.0,430.29587258773245,5.315243975421081,1.4255352427012735,0.0,低,False,False,False
75,0.2601347774425816,0.20819742809510805,0.0734342963653308,0.9552656104380244,缓和路径,1489.2637954136396,549.1602294267087,284.55678724255847,-0.2761207445306282,0.13005485797341929,1.7906278047783306,0.24649514245528276,0.021427665190407175,0.24304871045792187,0.22001936970285643,93.403713942871,93.5774468165606,91.38973062328475,88.975280711365,100.68020505200774,88.975280711365,92.17634968934493,0.0,266.5042391352017,4.746412796327561,1.2289348304628787,0.0,低,False,False,False
76,0.6747818158651704,0.6748028257090487,0.0734342963653308,0.9552656104380244,高压尾部,1692.1050654474577,302.07501127124056,227.543562025842,-0.16917719716143,0.06198115912040543,2.6238936253755236,0.36,0.022800096831975994,0.17139770221849854,0.15820917806100163,106.66611415062746,106.03228447363259,103.71585400586136,100.89947083126019,118.04917305365106,100.89947083126019,106.4307832721964,92.40688931506156,290.1923584754855,9.324736372459858,1.8787204346401214,7.725206356764943,低,False,False,False
77,0.2513870503873022,0.19654946002493656,0.0734342963653308,0.9552656104380244,缓和路径,1532.8086173549623,591.4965917865428,334.7137872625031,-0.2866847575345212,0.11883966176374898,2.0395398666552693,0.28813587657521894,0.025275623254207232,0.24456031769307415,0.22132336716482892,98.5587685071367,98.10135339659186,95.50815075777784,92.40736808891128,103.2153655939389,92.40736808891128,96.73030648688419,0.0,188.01119049877525,6.232113799250009,1.4365403354489132,0.0,低,False,False,False
78,0.32062114192813357,0.19977618017339308,0.0734342963653308,0.9552656104380244,缓和路径,1617.9180787599428,534.6566589004924,313.2705448799383,-0.258410909021772,0.11842808758470293,2.0930533081900053,0.23922886228347445,0.02791362899698515,0.23259666667481851,0.21100284857974944,95.54636030066978,95.94628584155681,93.82595133147183,91.31916289592638,102.00146807943716,91.31916289592638,94.47139144065525,0.0,380.2102562538603,4.555394477560112,1.1927078091021757,0.0,低,False,False,False
79,0.4603735288073938,0.5088764430922363,0.0734342963653308,0.9552656104380244,中性附近,1588.8978309802364,519.9045770775621,274.37759890126404,-0.24104646391449852,0.09122103293286404,1.9765191580578934,0.2750567364992871,0.022756775005940984,0.20844745422208236,0.19017037899724598,94.17342612836008,95.42079274793274,93.75286210110384,91.43432782151697,105.35126106566554,91.43432782151697,94.22828719143071,0.0,429.141129844189,5.224370038338351,1.415707527068778,0.0,低,False,False,False
80,0.4613181777631874,0.3480079130380985,0.0734342963653308,0.9552656104380244,中性附近,1555.5166333375657,503.7812574424622,272.41051915949413,-0.22513176847032831,0.11128536721474269,2.2831531303938566,0.3584227334781555,0.024225214945303334,0.2082842188825212,0.1900295630077866,102.00410351044226,101.7054274105352,98.84729027221222,95.63231231343302,109.02316133355335,95.63231231343302,100.49172120477044,0.0,367.0521730886885,7.380050491516198,1.8447894355021783,0.0,低,False,False,False
81,0.6271874115779782,0.5865753477135608,0.0734342963653308,0.9552656104380244,中性附近,1658.408451520252,420.24883554545636,234.0830427473272,-0.20288830414940376,0.0870485639071143,2.3828831554563625,0.36,0.027592017123925602,0.17962201527932534,0.16530393330455193,101.73623673123105,101.91768456973674,100.02857733043741,97.56824987231649,113.36858571534462,97.56824987231649,102.1263949262653,31.807944255224356,406.4728118916188,8.160814877265887,1.8529075718386598,3.044619018458505,低,False,False,False
82,0.7770415562065927,0.7280513566170239,0.0734342963653308,0.9552656104380244,高压尾部,1726.208397590662,302.8506322363892,226.3853506718198,-0.15473271593258753,0.056892515958781385,2.6072922005612433,0.36,0.028357306092084877,0.15372721908750078,0.14296562496149084,110.49627560809533,106.5019859236286,104.24392985258241,101.50177358649498,121.68257055378128,101.50177358649498,107.79050182802361,131.8841325390149,290.9374690233997,9.875429582957395,1.8787204346401214,11.358603856895158,中,True,False,False
83,0.5470680672569898,0.5443704576702608,0.0734342963653308,0.9552656104380244,中性附近,1669.3214827134161,405.4270360129995,257.2685893541207,-0.22242685413116628,0.10490350242345232,2.3651096490924264,0.32898785765348004,0.022329647728662545,0.19346663797799216,0.17724708390690352,101.17255364511676,101.42668510713776,99.4737839984816,96.94840999874249,110.51906656862423,96.94840999874249,100.95454338197897,20.635152460357858,392.13688035850225,7.451907889592553,1.6932891458030899,0.19509987173810828,低,False,False,False
84,0.7672264967301032,0.7467549486450898,0.0734342963653308,0.9552656104380244,高压尾部,1672.3267642206863,314.26502743289694,156.04900491131752,-0.12208509865615763,0.07670245778408337,2.456309188718411,0.36,0.03092547807306436,0.15542326136503815,0.14442872646952506,108.33342368706009,105.04512323293604,102.92623178584351,100.31012700171824,119.15134639838502,100.31012700171824,106.1735311083977,163.84019136623465,301.9028588737756,9.999153879884302,1.8787204346401214,8.827379701498899,中,False,False,False
85,0.5354376557587766,0.5690211459061896,0.0734342963653308,0.9552656104380244,中性附近,1613.9027721896837,394.88331695847825,240.71935955330684,-0.2180871322439386,0.09646178797474735,2.5107694935091827,0.348104287756964,0.029016660076335313,0.1954763730848834,0.17898079450161308,102.90247243322197,102.87077567299022,100.44495560677466,97.80335488731204,111.53189115465482,97.80335488731204,102.28217836880027,8.022552725748028,381.938791109013,7.797097222645392,1.7916807515955064,1.2079244577686978,低,False,False,False
86,0.9670128873656323,0.8576024228250048,0.0734342963653308,0.9552656104380244,高压尾部,1745.7057083213017,200.0,169.46557672679427,-0.13511171019849963,0.035,2.8094843094237567,0.36,0.024720594900898403,0.12090017306321872,0.11464716782245431,119.40896146326149,109.83342369122703,107.09949295472634,104.11017363106215,128.9682056484397,104.11017363106215,112.55334583281542,198.23058445875722,200.0,11.138188711364439,1.8787204346401214,18.644238951553575,高,True,False,False
87,0.5000327754041348,0.5004719873568743,0.0734342963653308,0.9552656104380244,中性附近,1600.1099257603835,495.54524624786444,205.86579061864458,-0.21990610240340708,0.095634409368175,2.2557718460839062,0.3030277980575766,0.02712061349584447,0.20159433641016547,0.1842584939350938,97.62697794969715,98.48882573071684,96.49392131174265,94.20047729606307,108.29965581077637,94.20047729606307,97.57228242449781,0.0,479.30095844395703,6.099455361379552,1.5596736152735557,0.0,低,False,False,False
88,0.1041142775886182,0.21199910859737717,0.0734342963653308,0.9552656104380244,缓和路径,1430.658258904939,651.9514138801886,340.4199853519863,-0.312925576312925,0.12858123175533806,1.7867878486810647,0.24558310630796676,0.02202163895982904,0.2700090528326868,0.24327687814357296,95.07704486701743,94.04728267061171,91.85505304244776,89.25347090519863,102.17970468419361,89.25347090519863,93.21468497641715,0.0,119.15607887983242,5.284342959034692,1.2243877510481957,0.0,低,False,False,False
89,0.28453841195899876,0.19472199969842396,0.0734342963653308,0.9552656104380244,缓和路径,1459.8572254545666,605.273283843248,307.1655690567383,-0.2846307401175351,0.12028444256595484,2.0487656255475764,0.25021315114790676,0.03014844337623354,0.238831762413485,0.2163815930242727,94.79688419432894,95.121899678724,93.2960733746886,90.66524952901561,101.13978335216993,90.66524952901561,93.80869398408721,0.0,148.01661843605325,5.25516200235981,1.2474714650464924,0.0,低,False,False,False
90,0.3390775113526171,0.34980434203890176,0.0734342963653308,0.9552656104380244,中性附近,1598.9350927394885,558.8085188336911,284.96015551358374,-0.25172175913174094,0.11401647637620915,2.0320300367075745,0.3188302261186957,0.02185420029683081,0.22940740603826776,0.20825161288907615,100.61639880047595,99.95080470520611,96.93509502364557,93.76387117583856,104.26218496820094,93.76387117583856,98.40471604965464,0.0,318.69256912427227,6.601923495156022,1.6410081669621204,0.0,低,False,False,False
91,0.517361254495194,0.44792207240330134,0.0734342963653308,0.9552656104380244,中性附近,1609.5483010132873,428.2679727571683,275.19860634566214,-0.2486188867728065,0.10290620617154059,2.468467942074353,0.3536283621109648,0.028133565172570173,0.19859997522323047,0.18167538947701098,104.32819938400168,104.08467346066006,101.12361971200467,97.7240786745161,111.228705272738,97.7240786745161,103.09637016656924,0.0,311.3389876608635,7.966974101337683,1.8201129715897504,0.90473857585188,低,False,False,False
92,0.2369378229627152,0.18954142724493278,0.0734342963653308,0.9552656104380244,缓和路径,1503.8540614240978,593.1793854614324,317.3758984411484,-0.2804118788890359,0.13574629817476977,1.7657413112964453,0.24159502274314254,0.026766801007498068,0.24705714419204278,0.22347727020387645,93.4935062043153,93.43589161417297,91.20979130696887,88.8068572940831,100.75361481014762,88.8068572940831,92.12971977231764,0.0,258.4117198376898,4.642630938071474,1.204504621706212,0.0,低,False,False,False
93,0.2844274256884482,0.2625581410596614,0.0734342963653308,0.9552656104380244,缓和路径,1543.9530816126473,567.4555289556932,326.672667937968,-0.27371755944839576,0.13143923819993664,1.803595148783146,0.2568925868323619,0.029343788846402055,0.23885094084103614,0.21639813741508382,94.12660346687396,94.27101755006657,92.05909966909509,89.59233930046456,101.07265838104698,89.59233930046456,92.87192933132646,0.0,283.5453588501914,4.924398205218259,1.2807726939417132,0.0,低,False,False,False
94,0.8694183326015109,0.799984992515202,0.0734342963653308,0.9552656104380244,高压尾部,1776.440893686072,303.06357952714495,173.63247702742765,-0.13611449417546898,0.07339287682365452,2.861071623251775,0.36,0.02620778804198887,0.1377645121264589,0.12919529568590227,117.26083236720434,110.17376262310304,107.51394012815102,104.46466645709013,127.27470765936526,104.46466645709013,112.05889797858173,179.10521831709957,291.14203965728075,10.61935587912547,1.8787204346401214,16.950740962479145,高,True,False,False
95,0.41976693939977044,0.469096344391511,0.0734342963653308,0.9552656104380244,中性附近,1544.9036195780002,477.1669890969397,246.6617974786724,-0.2392483326418348,0.10474116239732535,2.0612584108394594,0.30585329845199494,0.02482955898959383,0.21546427287171965,0.1962234816137642,97.01368276256895,97.60880729709429,95.40429371985866,92.70525694135267,105.88272736526264,92.70525694135267,96.23785422095911,0.0,399.54972216396163,6.08635803764086,1.574216368259808,0.0,低,False,False,False
96,0.5208250684355863,0.5497391171822898,0.0734342963653308,0.9552656104380244,中性附近,1639.1351175334307,469.63419003013155,270.25613951942296,-0.21054863681684494,0.08839461412495397,2.4160704910877078,0.3498647829803238,0.02814805243323117,0.19800142817433067,0.18115904911128242,102.14668983796132,102.11685514418569,99.52695492037724,96.5854638617271,110.60803821586248,96.5854638617271,101.3139855667058,0.0,454.2392831005057,6.980153313854048,1.8007419597331429,0.2840715189763614,低,False,False,False
97,0.5469681982116488,0.3976329939414635,0.0734342963653308,0.9552656104380244,中性附近,1641.3834917559382,443.12685088615666,202.34433663246568,-0.20198421860007895,0.10791189671964453,2.139573797711375,0.34406864793652564,0.02654535189780105,0.19348389534902707,0.17726197108626238,99.63323809666149,99.96816649331402,98.10357024643844,95.71280459704569,109.48220557013974,95.71280459704569,99.43759686915324,41.7887872604133,428.6008713637269,7.79980400391201,1.7709094527607736,0.0,低,False,False,False
98,0.1443972645071441,0.1104228699264591,0.0734342963653308,0.9552656104380244,缓和路径,1436.8928755441527,597.2831866146073,333.49922446372824,-0.2929133548708953,0.15526056387132714,1.7927364230364653,0.2764825049071383,0.030734815001270198,0.2630481526931655,0.23727201398051864,96.20675828440207,95.26841786396537,92.96062564461937,89.9994013599114,102.4888535216795,89.9994013599114,94.26013298187421,0.0,149.2784803150389,5.8403387617166915,1.378440876804078,0.0,低,False,False,False
99,0.30358539592835576,0.3145883585244087,0.0734342963653308,0.9552656104380244,缓和路径,1478.3460511211017,554.7383449402205,320.441215596366,-0.2723764712220291,0.11015082963652342,1.868652652151599,0.28046363444618944,0.024010254592750423,0.23554044358358012,0.21354231619300912,94.88524707911026,95.17266510317916,92.87297897354067,90.28103772111575,101.16308530059555,90.28103772111575,93.63656957875675,0.0,216.9015055160453,5.618815176908785,1.3982893359111859,0.0,低,False,False,False
100,0.6672302091404333,0.6097861727766846,0.0734342963653308,0.9552656104380244,高压尾部,1634.996591601583,366.7635683610581,250.23444396459269,-0.17398939916177492,0.08133712472062424,2.6403402488432732,0.36,0.029581501746294342,0.17270261986053312,0.15933487344914574,104.91441979465111,104.55880598021551,102.38470699559001,99.69500064546602,115.85401608179401,99.69500064546602,104.84855977348559,56.9885216366838,352.33627719709824,8.620588746848144,1.8787204346401214,5.5300493849078975,低,False,False,False
101,0.6369267416231885,0.6392493603028369,0.0734342963653308,0.9552656104380244,中性附近,1637.6683262929191,381.33440594327016,257.718204148811,-0.20432801693681027,0.06702723701109316,2.3670773618491996,0.36,0.024925911693839696,0.177939059047513,0.16385212055593606,101.73080077288775,101.85096392049833,99.94582117118097,97.48730155436978,113.22074859266199,97.48730155436978,102.0510837187629,36.59323425889306,368.8340219993666,8.358353356823036,1.8529075718386598,2.8967818957758737,低,False,False,False
102,0.7330216294498001,0.5382554344094029,0.0734342963653308,0.9552656104380244,高压尾部,1653.577894286351,357.56194772118926,175.68509426513754,-0.14928386620848916,0.08239531014863187,2.6415524469642877,0.35498013556359226,0.02336918034425735,0.16133386243107453,0.14952754354952322,106.76622800715225,104.63488178150604,102.56465412930221,99.95716904837575,117.91848705306997,99.95716904837575,105.52432433492756,95.75072543317583,343.4966185174779,8.863981868635936,1.8525234293740036,7.59452035618385,低,False,False,False
103,0.3719466121135769,0.22191595641983794,0.0734342963653308,0.9552656104380244,中性附近,1529.1595070754597,491.61902448965645,305.40334079526104,-0.25900630626427473,0.11045575549233784,2.099743238177869,0.25522994224460893,0.026942558751492585,0.22372762542677388,0.20335191452185952,96.0211506103094,96.5693694341304,94.41705541249667,91.82570390988697,103.04408937372082,91.82570390988697,95.02569658890489,0.0,318.8749912083731,5.2274806308148465,1.3136597015138323,0.0,低,False,False,False
104,0.41110170944803465,0.35948909885269575,0.0734342963653308,0.9552656104380244,中性附近,1530.6571881445147,510.55097828065533,296.9340141400798,-0.26382069817794535,0.09885636584522817,2.137610968116286,0.308760094235596,0.032026063123313145,0.21696162460737958,0.19751518147969133,99.00167849150249,99.18063636224322,96.66129954747883,93.72877955369819,105.51563018449343,93.72877955369819,97.68538368345544,0.0,246.4226378761723,6.745537093068983,1.58917754580765,0.0,低,False,False,False
105,0.26647535671100636,0.31617519408656086,0.0734342963653308,0.9552656104380244,缓和路径,1502.8180534890034,583.7415431030099,289.8968897650744,-0.27576704862100426,0.11975768575424953,2.04578228800505,0.29489078439724914,0.03409909317619402,0.2419530583603381,0.21907419854911417,98.46171050646636,98.09055054065018,95.35364614077214,92.2633926940109,103.04534212908518,92.2633926940109,96.62127855322389,0.0,202.74659870419237,6.27095934648603,1.4702178408811557,0.0,低,False,False,False
106,0.5550674707199659,0.5169499313610543,0.0734342963653308,0.9552656104380244,中性附近,1674.5214874300823,448.13274182660905,249.2789855440735,-0.2196805049056579,0.09870854170684348,2.4663439324311103,0.3245207106998975,0.022468258647578225,0.19208434105958988,0.1760546368006899,101.14601950846381,101.61072402149756,99.41926438768668,96.98235833191715,111.05019850204005,96.98235833191715,101.16798213175598,2.6904169083882152,433.4426660208078,6.906749958447374,1.6702968946508423,0.7262318051539296,低,False,False,False
107,0.302773978007277,0.2949629715997299,0.0734342963653308,0.9552656104380244,缓和路径,1628.27415183729,515.0594915238703,285.7345636165777,-0.2716414091793799,0.1325247868262655,1.9673077972704405,0.2572657755550249,0.033718816067082304,0.23568065660034251,0.21366327183131373,96.10994979052074,96.22559772222107,93.87103848731066,91.23027055726853,102.01730164401248,91.23027055726853,94.7295399340224,0.0,322.8421470626745,5.015954472537053,1.2826332767306814,0.0,低,False,False,False
108,0.17903953763322025,0.2679818451449474,0.0734342963653308,0.9552656104380244,缓和路径,1525.2705184005704,633.1710525927045,359.3409569583329,-0.3223818329866359,0.13600416751774502,1.827871984511324,0.2008531378188706,0.029239267266312943,0.2570619678969795,0.2321079941216574,93.21259559501928,93.09194175998616,91.08359189646444,88.68188031732726,100.70547660931116,88.68188031732726,91.96465459777352,0.0,181.2504566990683,4.150565584441878,1.0013804508060433,0.0,低,False,False,False
109,0.46683244251881423,0.40827141251469395,0.0734342963653308,0.9552656104380244,中性附近,1607.3377395391879,556.9374012547141,271.921681715642,-0.2585048123627737,0.10984575435574198,2.195385859630678,0.31076217438468956,0.0301100078763059,0.20733135393274887,0.1892075680826429,99.28114375583478,99.7909823645,97.43245025247857,94.54033071458171,107.74753567893104,94.54033071458171,98.57264306467114,0.0,352.3048002935993,6.652144093470627,1.5994821832178814,0.0,低,False,False,False
110,0.6461330566891789,0.5864468552770916,0.0734342963653308,0.9552656104380244,中性附近,1700.8112445876664,445.53152619092924,177.3873446386259,-0.16813993981861353,0.08810593510150524,2.365138199322836,0.3569382437206379,0.024252359538894472,0.17634820780410987,0.16247976275323975,102.89978638013552,102.9105707994211,100.91852188065063,98.37538205818134,113.58508779032071,98.37538205818134,103.07901544950536,85.94325143434071,430.9267198852311,8.64132217657289,1.8371488179687858,3.261121093434596,低,False,False,False
111,0.5977751975248483,0.5356325227526548,0.0734342963653308,0.9552656104380244,中性附近,1658.154598935361,322.52035643593484,228.66796528602518,-0.20446555649481146,0.06965593955969929,2.433165427445893,0.36,0.03305504367019363,0.1847044458677062,0.16968832392784253,103.66773657257964,103.59543784132424,101.45424084950054,98.80164389685025,113.09886432668489,98.80164389685025,103.43121093766048,54.974308036433285,311.94793437713537,8.933141858214656,1.8529075718386598,2.7748976297987724,低,False,False,False
112,0.22433447043591226,0.282439503858877,0.0734342963653308,0.9552656104380244,缓和路径,1527.1632215420527,575.1896669142254,313.39205343453233,-0.2771302862988074,0.12501982941309325,1.9094519529936564,0.26449974789402897,0.023202022937317993,0.24923500350867434,0.2253560142025677,96.31009558005312,95.9376929567901,93.42229083483824,90.62015544719495,102.19096348335812,90.62015544719495,94.62187450416104,0.0,192.049541290633,5.314351563467614,1.3186992230266412,0.0,低,False,False,False
113,0.2632730147949929,0.3487758332449374,0.0734342963653308,0.9552656104380244,缓和路径,1488.2455413009088,598.0023679970861,309.19602091912805,-0.3082423195091259,0.13043987399204968,1.8615245017659763,0.2545759565771751,0.018433739776636104,0.24250642304342518,0.21955156206359755,94.50666197170533,94.72049454009218,92.79929426675693,90.13697665417725,101.08642118114794,90.13697665417725,93.41295093075868,0.0,159.09340339159644,5.462913229864103,1.2692228208628975,0.0,低,False,False,False
114,0.6240047767657162,0.6531436480925,0.0734342963653308,0.9552656104380244,中性附近,1626.8745148552232,438.4168173557207,245.44501755631558,-0.1798922659448144,0.08792093517696993,2.51243909112705,0.36,0.0286437059412274,0.18017197457488424,0.165778359140126,102.31573976670948,102.43239604881968,100.42301968815231,97.86314084059526,112.95297429347254,97.86314084059526,102.43332548780559,32.187793561395665,424.0452357229161,7.830152553928519,1.8529075718386598,2.629007596586419,低,False,False,False
115,0.0,0.05766763114272391,0.0734342963653308,0.9552656104380244,缓和路径,1400.0,686.5822731244589,353.1526739672123,-0.35,0.16249283232981387,1.65,0.1852957266666457,0.02259160370243659,0.28,0.2587968815539125,91.84707329089774,90.55777554598437,88.57551804705122,86.69168400521465,101.15858584200079,86.69168400521465,90.08777920798582,0.0,54.09391455941659,3.919047496636263,0.9238168759365336,0.0,低,False,False,False
116,0.8845289675519388,0.8693963702318339,0.0734342963653308,0.9552656104380244,高压尾部,1758.0224029290664,260.2694005737759,150.0,-0.12614634970380897,0.058554626334737014,2.537117348946426,0.36,0.02517841210258939,0.13515339440702498,0.1269427986087034,114.86726306690329,107.6511980836758,105.22886371281977,102.44379878206189,124.59843825419337,102.44379878206189,109.69030748505496,211.6606868058716,250.03124513231015,11.039413043130434,1.8787204346401214,14.274471557307251,中,True,False,False
117,0.7299650284310916,0.5722057115314276,0.0734342963653308,0.9552656104380244,高压尾部,1719.5783774893466,352.32344177082655,211.2100637343661,-0.17276108774023916,0.06959289922137911,2.4714981104146236,0.36,0.026469411452993676,0.16186204308710736,0.14998318190511786,106.8980167377483,104.83210220146528,102.75214021104262,100.11691124767026,118.26127289312204,100.11691124767026,105.70795701624283,99.98201604835413,338.4641784284213,9.391907319022655,1.8787204346401214,7.937306196235923,低,False,False,False
118,0.12866103191461198,0.06602974196898552,0.0734342963653308,0.9552656104380244,缓和路径,1449.9599062237317,624.3738181408958,363.9247810317301,-0.28483229114461633,0.12440014889409834,1.8173056562713685,0.23151151326733457,0.020501627203917006,0.265767373685155,0.23961776702379475,94.12467747394363,93.49379385582641,91.31238038143582,88.73302772693984,101.51005629245653,88.73302772693984,92.49663651210163,0.0,160.39662489072543,4.573007227814988,1.154231923085504,0.0,低,False,False,False
119,0.6558386438764278,0.7427320540008037,0.0734342963653308,0.9552656104380244,中性附近,1696.9374836648817,367.34994335545764,224.38076436088582,-0.20180680517691027,0.07230526780694473,2.2859826235291005,0.36,0.02891327777700142,0.17467108233815326,0.161032979951359,102.71765350307793,102.75904921730356,100.8248061333516,98.3194246871586,113.84630827145826,98.3194246871586,103.04299540765588,75.24954048354448,355.30797897420643,9.156049540532788,1.8529075718386598,3.5223415745721383,低,False,False,False
120,0.21764707020341817,0.23106101549244848,0.0734342963653308,0.9552656104380244,缓和路径,1459.3861838429493,606.0941994117367,310.4613922192425,-0.294987264201928,0.12774856897072037,1.8620694207307253,0.23770931464392414,0.02657043336296918,0.2503905862688493,0.22635288491827021,93.83887589213677,93.87128976483216,91.84406809935705,89.29496979983702,100.86946760473431,89.29496979983702,92.63831049560164,0.0,170.00558459084277,4.876057755440963,1.1851318990773776,0.0,低,False,False,False
121,0.36142326682020925,0.5094052152700104,0.0734342963653308,0.9552656104380244,中性附近,1588.751943803128,502.1712380557466,280.9876435784599,-0.22900933603206006,0.11709808467152512,2.191089540602305,0.2861630659040151,0.027696340645800892,0.22554605949346784,0.20492059807443216,98.68178945397216,98.72142732133757,96.21588383606702,93.3586785093478,104.77116595623757,93.3586785093478,97.20391752835837,0.0,399.1198478286351,5.559413281097005,1.4728714210947638,0.0,低,False,False,False
122,0.4525719403069819,0.5692112755004338,0.0734342963653308,0.9552656104380244,中性附近,1548.4516586957336,490.94811347318034,254.8688598874419,-0.288303580152575,0.10410103668660996,2.254049028641516,0.337127759791868,0.027110991876697882,0.2097955687149535,0.1913333384196883,102.00258615742652,102.16249645117722,99.51064220251347,96.16743455577569,108.11971201224544,96.16743455577569,100.75498740442661,0.0,195.70102594887612,8.254719198976408,1.7351849410982139,0.0,低,False,False,False
123,0.6634259894765184,0.6660778795634278,0.0734342963653308,0.9552656104380244,高压尾部,1667.9104734512289,358.27459173741806,220.24380280984653,-0.19989506347659683,0.07218037274704506,2.7781319244736613,0.36,0.024121324962672715,0.1733599890184576,0.15990195707614765,107.48687194134773,106.86083941093794,104.44200569763493,101.53490165370101,118.89697131151806,101.53490165370101,107.16627730597956,52.95290768812447,344.18122942571745,9.239166201091988,1.8787204346401214,8.573004614631941,中,False,False,False
124,0.210223065353154,0.3177039571323075,0.0734342963653308,0.9552656104380244,缓和路径,1443.199143897177,599.4488574470311,338.34640085175664,-0.2997206299420333,0.1474726174867904,1.8297918181119213,0.2906444795798543,0.02811921125859669,0.25167345430697496,0.22745955907731058,95.8730711720453,95.39321052213397,93.28225058469465,90.79963667041423,102.07994053122833,90.79963667041423,94.34203701345152,0.0,83.04301687449151,6.382477879566474,1.4490473146027092,0.0,低,False,False,False
125,0.6618551484730699,0.5775800866617938,0.0734342963653308,0.9552656104380244,高压尾部,1651.3391624893895,346.73994835578026,223.07692663497394,-0.19321187337561627,0.07433657241750904,2.647098312336929,0.35278497690163907,0.02359043008898811,0.1736314303438535,0.16013611763793872,105.81731452549519,105.39940669763561,103.16084999474026,100.40891570266157,116.73102069255215,100.40891570266157,105.67756624893481,67.85939692866123,333.10032156443947,9.169405974522347,1.841067625386535,6.407053995666033,低,False,False,False
126,0.7643820869205092,0.7993109182167965,0.0734342963653308,0.9552656104380244,高压尾部,1706.8334576065597,390.5507254667275,206.5549400076096,-0.17149288963172443,0.06311166220967254,2.5744779453987054,0.36,0.02427479653125919,0.15591477538013598,0.1448527341173496,108.89517572712118,105.57786042844873,103.4298479183183,100.74928948776031,120.18795718195513,100.74928948776031,106.73961836230772,102.58003972502047,375.1877245673108,9.547057541634905,1.8787204346401214,9.86399048506901,中,True,False,False
127,0.28399005371683816,0.41295603193071695,0.0734342963653308,0.9552656104380244,缓和路径,1540.607756172312,510.93111686998105,259.6468191315857,-0.2640075156692707,0.13183440873206953,2.0974591419399333,0.29584383989257923,0.02914302040506042,0.23892651871773035,0.21646333514442692,99.47479555515588,98.65075934189119,95.69019787872469,92.64591171651728,103.79772924548529,92.64591171651728,97.23478695378334,0.0,308.4874154747631,6.099107909380879,1.4749694277964542,0.0,低,False,False,False
128,0.5665979072242278,0.47434104290144435,0.0734342963653308,0.9552656104380244,中性附近,1652.4741434832579,483.44482593343105,246.65142753949658,-0.20251805050150395,0.10144846767960414,2.420249287473244,0.36,0.020913319216018224,0.19009188163165344,0.17433582917878107,101.67550203499663,101.9400331558144,99.8835904147635,97.33981546575481,112.08136492167331,97.33981546575481,101.74114765765312,9.195656812727975,467.59719759023733,7.5909811641523826,1.8529075718386598,1.7573982247871953,低,False,False,False
129,0.5697283568822042,0.6114797069027486,0.0734342963653308,0.9552656104380244,中性附近,1685.0767324691435,457.1068377788247,242.83802685996304,-0.21109122326108784,0.09138043516776162,2.0610686850996807,0.33074570301337936,0.026155350925709028,0.18955093993075509,0.17386918242779786,98.11949405725407,98.78023808481264,97.17729136334327,94.96778516248017,109.4361229852356,94.96778516248017,98.46787703767936,39.47087747458136,442.12258540987114,7.378601697235869,1.702336715184976,0.0,低,False,False,False
130,0.22626807284832146,0.25359444342132903,0.0734342963653308,0.9552656104380244,缓和路径,1535.661666876844,622.8543487414672,335.0170244022431,-0.2969569802049971,0.13419653315929525,2.018956794594401,0.294240664480146,0.024069929435745555,0.24890087701181005,0.22506777788445767,98.60224161037067,97.87840760974828,95.49523186392673,92.72293180575208,103.37493414047444,92.72293180575208,96.75307571585742,0.0,93.28530162645438,6.563150147985576,1.4669765802131054,0.0,低,False,False,False
131,0.6391749761505022,0.5374858003563574,0.0734342963653308,0.9552656104380244,中性附近,1652.0706174719655,374.96603429140293,220.14425407606623,-0.2137893793611198,0.07777753641047411,2.3378675490970404,0.34287722471995846,0.03425997510230104,0.17755056412119322,0.1635169829711658,101.03698443491041,101.30130517115717,99.50397778319343,97.12522539365143,112.41698700173946,97.12522539365143,101.4730291757031,39.95356626651483,362.67440961365816,8.123918040843561,1.764777238596213,2.09302030485334,低,False,False,False
132,0.6146080200963219,0.7053073214065969,0.0734342963653308,0.9552656104380244,中性附近,1657.1930600841965,442.35607365046206,212.83988163484574,-0.17704831293138099,0.08077359788679467,2.337061732883479,0.3271602856144112,0.021991424259364588,0.18179573412735556,0.16717910550203585,100.0842268330768,100.60484871318927,98.89770745696435,96.56570381575693,110.60570630025154,96.56570381575693,100.54130382325603,63.575119106757484,427.8553606952008,7.520365596224505,1.6838826956106694,0.28173960336542336,低,False,False,False
133,0.5974362076075905,0.6544716154434345,0.0734342963653308,0.9552656104380244,中性附近,1637.311388454995,354.8824110774709,217.41570439821612,-0.19086396668126926,0.09526364668359694,2.372716846009725,0.3327215019951032,0.01935026034703443,0.18476302332540834,0.1697388561391181,101.40868848919948,101.69830753805486,99.82843298583572,97.3826914279856,111.09784227707495,97.3826914279856,101.53031204835649,71.69426621680213,343.24914032018563,8.249808467013274,1.7125060843340514,0.7738755801888288,低,False,False,False
134,0.8335784002039813,0.644884825710288,0.0734342963653308,0.9552656104380244,高压尾部,1717.0316134675481,298.835612534595,177.99012111561495,-0.1580263879783131,0.07008997621798091,2.6879063038139797,0.36,0.026600084753341715,0.143957652444752,0.13453784702390248,113.33417035440772,107.41322734346247,105.09614708097163,102.30599608408598,123.66921527369588,102.30599608408598,109.13309625825686,142.75344281354774,287.0803871956579,10.32822453669639,1.8787204346401214,13.345248576809766,中,True,False,False
135,0.0344294100675237,0.15039688768077525,0.0734342963653308,0.9552656104380244,缓和路径,1400.0,669.7262283619941,378.82960499984216,-0.34178809033728186,0.1617247070243118,1.65,0.2302819586333031,0.025261899345398565,0.28,0.25366459255340407,93.36706775366727,92.03959631859759,89.89767118893694,87.85899893144325,101.76448413246464,87.85899893144325,91.47317839850045,0.0,50.0,4.898448555866725,1.148101812363373,0.0,低,False,False,False
136,0.7859898622670821,0.6443756166149721,0.0734342963653308,0.9552656104380244,高压尾部,1676.9478389945593,327.5581041205418,196.6846163828263,-0.1486787531000943,0.06280232186472617,2.5579555921340327,0.36,0.02400105516190861,0.1521809518002482,0.14163172778819152,109.14727799746524,105.24891840308543,103.10495686518881,100.47087692036673,120.00162991299376,100.47087692036673,106.53317269968727,126.47675147276823,314.67302896877686,9.692322926859767,1.8787204346401214,9.677663216107646,中,True,False,False
137,0.28251558217931577,0.20985856482700926,0.0734342963653308,0.9552656104380244,缓和路径,1507.0646795001333,594.4698326386884,287.94076283323665,-0.30240478519143615,0.1363828969439719,2.0080479915669094,0.24766091664747866,0.026822866656087303,0.23918130739941423,0.21668313019867697,95.22335445856174,95.4995199388661,93.53978749651924,90.87814619771146,101.37145917833739,90.87814619771146,94.15090596329868,0.0,166.1422761467402,5.339591404650861,1.2347469551764685,0.0,低,False,False,False
138,0.44335618332362575,0.4782545548063242,0.0734342963653308,0.9552656104380244,中性附近,1578.37727968027,505.0597535630341,249.88478228140778,-0.20464953615871279,0.12056505415534614,2.070952482781377,0.31450541339988625,0.028729934806721213,0.21138805152167744,0.19270710370071623,96.77942833670737,97.37005260911019,95.40608454070963,93.18223655246636,106.52540961697422,93.18223655246636,96.25764946258478,3.9180095412139053,488.5035741683784,6.155646721600159,1.6187485052024917,0.0,低,False,False,False
139,0.6554868553237172,0.5468543897965238,0.0734342963653308,0.9552656104380244,中性附近,1688.8596665312957,426.43168833782937,219.0549601125754,-0.16419437194280212,0.09015243609713361,2.4394426296738807,0.33920685532616135,0.024567558750220774,0.17473187140006163,0.16108542001687393,102.06261243177157,102.27876016260676,100.44557404822946,97.99385809913937,113.2039660647178,97.99385809913937,102.54346595862292,80.17856344570464,412.452986843837,8.001577193965556,1.7458859740372923,2.8799993678316866,低,False,False,False
140,0.9303091734415961,0.8775151316266652,0.0734342963653308,0.9552656104380244,高压尾部,1764.250468664311,291.6648400027442,170.4329788771913,-0.10190937766824554,0.05342765967060755,2.9924378907445286,0.36,0.02793939114288506,0.1272425748292922,0.1201184804845271,120.00907717956578,111.30377638281077,108.47090192816853,105.34061253915445,129.69947318076822,105.34061253915445,113.63261632661411,212.29209892244398,280.19168963556575,10.665347443313689,1.8787204346401214,19.375506483882106,高,True,False,False
141,0.48168018882120833,0.5687796534786963,0.0734342963653308,0.9552656104380244,中性附近,1566.4759650833316,499.01055988318205,215.84000079062395,-0.24227251502967312,0.10068908208669765,2.2452619409666266,0.3168212744755712,0.02544431174723199,0.2047656633716952,0.18699425902853292,99.04122132340267,99.65536731085548,97.34243838979603,94.47273965779982,108.41275002663227,94.47273965779982,98.53694062714413,0.0,409.629079216842,6.60328330086167,1.630668162209334,0.0,低,False,False,False
142,0.11718995368342872,0.21815978177361595,0.0734342963653308,0.9552656104380244,缓和路径,1468.036277452911,662.9499305601115,320.2327485884292,-0.3126537584973163,0.1283325418345083,1.8299752453417524,0.20541675216843264,0.032245450435445466,0.26774957600350346,0.24132772628578647,93.65391838065418,93.00420794388144,90.95373644797104,88.44718480484106,101.23334995586609,88.44718480484106,92.07612060423303,0.0,156.52874763914588,4.222827985881687,1.02413296662081,0.0,低,False,False,False
143,0.35391724001955605,0.3770764101198325,0.0734342963653308,0.9552656104380244,中性附近,1593.858276885475,492.3248165690701,245.2138293339906,-0.24611202793495104,0.12970396694650005,1.9706825662994274,0.3011852083058574,0.03239562073869351,0.2268431009246207,0.2060394989998608,98.0153433409317,97.93478078121619,95.37977088806471,92.52963561742476,104.17535798090425,92.52963561742476,96.44663768549087,0.0,420.9937359691794,5.962325671446777,1.5501898694325753,0.0,低,False,False,False
144,0.7070605137210112,0.6865586901146156,0.0734342963653308,0.9552656104380244,高压尾部,1658.5808008978627,415.0293931037283,199.6353038604481,-0.1791258909827762,0.07006351903820252,2.6404537886337303,0.36,0.028875374875222265,0.16581994322900925,0.15339748928587119,105.62603169269926,104.65896286934607,102.55163406895838,99.90205157528892,117.43279912703969,99.90205157528892,105.3221282937796,57.54814737736888,398.7034806837291,8.696870135437598,1.8787204346401214,7.108832430153569,低,False,False,False
145,0.44856742061988786,0.5123734134650405,0.0734342963653308,0.9552656104380244,中性附近,1574.5767761954673,507.20541132408704,297.34937309274494,-0.25219935741554483,0.10941033500198989,2.155849035453984,0.315321221860142,0.027839568132840713,0.21048754971688335,0.1919302801710016,98.77255654944022,99.24536247530524,96.90153908266589,94.04652676453398,107.06898172126897,94.04652676453398,97.96698498560148,0.0,320.89538503131735,6.642871265533963,1.6229474431835416,0.0,低,False,False,False
146,0.6202332330143149,0.5526510941126885,0.0734342963653308,0.9552656104380244,中性附近,1619.9435637740648,407.2270114885233,237.62946615720378,-0.20320785842386416,0.08853019234051945,2.5504349520924636,0.35525960344554697,0.02985338826710012,0.18082369733512638,0.1663405718667539,102.53035672789849,102.67147699341353,100.69690313878239,98.12351832037896,113.89763368480371,98.12351832037896,102.80262093298246,19.77812403574353,393.8778514950968,7.966207693416374,1.8285089144240378,3.5736669879175906,低,False,False,False
147,0.8782834029612735,0.8744255434207272,0.0734342963653308,0.9552656104380244,高压尾部,1762.8543647414785,244.96495996108547,165.46349859652372,-0.11280275630664206,0.046773060178353636,2.749829253507888,0.36,0.02882059858498638,0.13623262796829191,0.12787380620911742,116.78780243898666,109.3284263836913,106.73466247644691,103.79291240707667,126.71501942502373,103.79291240707667,111.37201490308732,210.58664598553878,235.3288316560867,10.78856800692652,1.8787204346401214,16.39105272813761,高,True,False,False
148,0.7271143904040462,0.6958383250711834,0.0734342963653308,0.9552656104380244,高压尾部,1693.3760027098263,412.4560312881211,200.0016562008364,-0.18816506497554697,0.05438315994518665,2.553396385604296,0.36,0.025643280942439596,0.1623546333381808,0.15040811797465672,106.7263460272874,105.08521546758219,102.9308711230375,100.24982927990021,118.33120044797207,100.24982927990021,105.86639048115713,75.37722304567251,396.2313465891572,9.252483444044783,1.8787204346401214,8.007233751085948,中,False,False,False
149,0.22315310393710952,0.2511744958001588,0.0734342963653308,0.9552656104380244,缓和路径,1499.3658865064117,652.4248092021312,309.7215309312064,-0.2902417171781545,0.15040174726102262,1.8953987799085903,0.29340315246632115,0.02932047897539013,0.24943914363966746,0.22553211696690445,97.4174260763338,96.86786517398107,94.55984806897791,91.47711344611646,102.74312168142751,91.47711344611646,95.64757109601793,0.0,161.46747610459897,6.302137112728174,1.4628010509330216,0.0,低,False,False,False
150,0.3924945177016596,0.36617990368949604,0.0734342963653308,0.9552656104380244,中性附近,1616.4398639471838,524.5409632647559,273.2340284132546,-0.2538083853708721,0.10970327762538239,1.9563534534577038,0.31023790399220935,0.0242862341389625,0.2201769473411532,0.20028889980199135,97.95974436659787,98.19352032466291,95.74705898033562,92.90898185490646,105.41137209734586,92.90898185490646,96.71997077509685,0.0,411.9770787661255,6.27077539239949,1.5967837816069999,0.0,低,False,False,False
151,0.22210375438197427,0.28133511147544565,0.0734342963653308,0.9552656104380244,缓和路径,1491.6857559574864,592.1587384536844,353.6887264808546,-0.2943579413214198,0.12622699283777256,1.65,0.262225054501743,0.024446995065131694,0.24962047124279485,0.22568854036100117,94.24766050545956,93.91445375491355,91.37993846366612,88.80426917361444,101.14237651752397,88.80426917361444,92.58523363330893,0.0,254.27605834882706,5.21347295096715,1.3073584318428508,0.0,低,False,False,False
152,0.5650851614413178,0.6396147463794297,0.0734342963653308,0.9552656104380244,中性附近,1655.1985861535834,424.37404570761964,280.13293089088285,-0.20241988614162595,0.08234313416465823,2.567902348576584,0.3468367875538487,0.023169516962726178,0.19035328410294028,0.1745613296601128,102.90125465183415,102.9451288104361,100.58622491332098,97.97283526149495,112.45915478974504,97.97283526149495,102.5672470823649,5.159325830232774,410.4627950454853,7.299888433864584,1.7851569718075637,2.1351880928589253,低,False,False,False
153,0.598790245601513,0.5867239192124591,0.0734342963653308,0.9552656104380244,中性附近,1565.8811491861131,421.99574736516024,251.05517965312828,-0.21039704289226258,0.09620631894396803,2.420360495101969,0.3433994961965645,0.029173199774381077,0.18452904556005856,0.16953701375236652,99.47808206033,100.17807783838873,98.18295783121499,95.93870203992019,111.519899043846,95.93870203992019,100.16636216356802,0.08417425814877788,408.1624588327224,7.194374185223908,1.7674653518560983,1.1959323469598786,低,False,False,False
154,0.2762193244457031,0.37200849029465655,0.0734342963653308,0.9552656104380244,缓和路径,1521.6673399690621,551.4280959355441,338.7609179896115,-0.27501084203790094,0.13559476545008264,2.1387497715079955,0.2745533801721902,0.023596345284034207,0.24026930073578248,0.21762169447402213,98.36309828393107,98.0457495899976,95.2605800099586,92.32942142165693,102.97615683788331,92.32942142165693,96.53089529557109,0.0,238.53057631577758,5.795675679426714,1.3688229648425254,0.0,低,False,False,False
155,0.5955006054309032,0.5898696504909675,0.0734342963653308,0.9552656104380244,中性附近,1638.4132054270608,387.1798983748926,220.22493859758166,-0.21004765654650726,0.10138868521732344,2.437330663575256,0.3469728491335759,0.029107322458250092,0.18509749538153988,0.17002739055609734,102.37952437804627,102.42610371104104,100.39873539337714,97.8482047495965,112.18195638739242,97.8482047495965,102.24699878040622,36.61602613306604,374.4878954776567,8.220183058252516,1.7858572760612108,1.857989690506301,低,False,False,False
156,0.24811340350598549,0.2976322611109352,0.0734342963653308,0.9552656104380244,缓和路径,1473.5037779445788,577.5610738218519,284.438560032704,-0.2701809997425909,0.12407844177393511,2.05387115429432,0.2709714732662548,0.027425705190505727,0.2451260038741657,0.22181135989684436,97.55533902794949,96.93197571760709,94.14716088985713,91.28962039823043,102.64715598375632,91.28962039823043,95.54044286580992,0.0,263.31488744365197,5.5879912655515716,1.3509648841017334,0.0,低,False,False,False
157,0.6746758611845752,0.8116587443411187,0.0734342963653308,0.9552656104380244,高压尾部,1696.582144118909,386.7745992420561,199.85252314134107,-0.18143221087026037,0.0633059288867345,2.55599161344733,0.36,0.027082954257175548,0.17141601118730537,0.1582249724077739,105.35384344408888,104.90631574897844,102.72994298623911,100.02309336608091,116.9546372628221,100.02309336608091,105.3242220197276,67.82018168006107,371.5601389208616,8.884844867272985,1.8787204346401214,6.630670565935986,低,False,False,False
158,0.9370820335488771,0.9226561464822811,0.0734342963653308,0.9552656104380244,高压尾部,1748.9468965501949,255.29788583500547,183.43154181943353,-0.1383704120184223,0.0538447759925934,2.8707812578764256,0.36,0.02511001605209211,0.12607222460275405,0.11910887052134715,119.00278726566998,110.15742524170865,107.47718989750153,104.46598306476486,128.50118126669864,104.46598306476486,112.59826842240122,188.83142922111256,245.25529368512477,11.015899316393488,1.8787204346401214,18.17721456981252,高,True,False,False
159,0.12019643374334803,0.12699681427044804,0.0734342963653308,0.9552656104380244,缓和路径,1461.241837209439,650.2182697394607,351.32111365737387,-0.29485663597732614,0.1532447339346173,1.8508397131760175,0.22820323298664577,0.023867739530444465,0.2672300562491495,0.2408795593113449,94.92565510257461,94.04009103283273,91.73157127307542,89.06047358440672,101.97114486583705,89.06047358440672,93.0804345480386,0.0,168.37210029824746,4.6381877415902855,1.1377380448476824,0.0,低,False,False,False
160,0.6643927860532278,0.569930729327047,0.0734342963653308,0.9552656104380244,高压尾部,1650.4303531185767,392.92742271914994,225.41463379767944,-0.16961833736447202,0.07268834748308604,2.521701450578667,0.3557792046184997,0.027196300369464205,0.1731929265700022,0.1597578396071976,104.04544129432506,103.79961190812367,101.72216575548899,99.11561881880652,115.07100548532647,99.11561881880652,104.10750099139993,71.7067787728829,377.470930245795,8.660647710663602,1.8566935053799571,4.747038788440349,低,False,False,False
161,0.8679521516232603,0.847497691722796,0.0734342963653308,0.9552656104380244,高压尾部,1800.0,238.25618346117207,181.69974584056587,-0.1509409926439792,0.07184530842171796,2.8613368130002006,0.36,0.02611870318888928,0.1380178681995006,0.12941385489132207,118.13356247481997,110.94942236550517,108.19743485236378,105.07351052071593,128.18793180830576,105.07351052071593,112.82102760762285,181.27780455626998,228.88395670002265,10.976951400499223,1.8787204346401214,17.863965111419645,高,True,False,False
162,0.34549671181658875,0.3651546585292199,0.0734342963653308,0.9552656104380244,中性附近,1466.9978371241925,607.2879583192878,275.58754245322416,-0.26586714680789486,0.1099635180365833,2.0028717400143123,0.288510998078568,0.029260551008021145,0.22829816819809345,0.20729472190928044,97.18629550963212,97.22922122681449,94.71236434397423,91.90425146846555,102.2578609825005,91.90425146846555,95.66666980868835,0.0,237.23835523910748,6.166756627276574,1.4849561469402992,0.0,低,False,False,False
163,0.3398586570850952,0.20013472392023407,0.0734342963653308,0.9552656104380244,中性附近,1550.0656310766678,526.6433370109552,321.4549686183157,-0.2744628697618465,0.13257713084559647,2.0853839513990073,0.2680831789647525,0.022443643621610696,0.2292724240556955,0.20813516983522395,97.76382529020393,97.80263069274329,95.3394747779213,92.54693718483851,102.61717251457421,92.54693718483851,96.25913310292748,0.0,243.90243634417675,5.765490821242597,1.3798148671843566,0.0,低,False,False,False
164,0.8263576678597527,0.7707635944386331,0.0734342963653308,0.9552656104380244,高压尾部,1704.0550184146311,269.9542953524727,159.02423567922864,-0.14635746528956398,0.049195661213758596,2.508956360991575,0.36,0.026998863163564084,0.14520539499383472,0.13561421995951828,111.28554122779869,105.92738059039914,103.71722700636258,101.0577222779727,121.7588715711197,101.0577222779727,107.55582915863324,157.96890705043006,259.3351675110247,10.346546857403489,1.8787204346401214,11.434904874233581,中,True,False,False
165,0.3146471621036182,0.3578991461498793,0.0734342963653308,0.9552656104380244,缓和路径,1447.8313351597894,535.9580422658044,301.6192776680352,-0.2562374600172107,0.11452988814747221,1.8555965153490566,0.3147136573942307,0.025933355657505316,0.23362897038849476,0.21189337185280255,95.93199700442895,96.08047430226205,93.60289561630867,90.80262940581194,101.77585956619423,90.80262940581194,94.5522193273235,0.0,192.69406133653683,6.2496464751681025,1.569047451976847,0.0,低,False,False,False
166,0.7668650244853125,0.7257796929027678,0.0734342963653308,0.9552656104380244,高压尾部,1690.7782216611304,320.8660414295011,199.07465036005,-0.1207701373012422,0.07486627562110597,2.620911045234057,0.36,0.021414943177131315,0.155485723768938,0.14448261005400387,109.86365075938069,106.39546487390528,104.12047458464767,101.3564502945636,120.64909733930264,101.3564502945636,107.50132038719916,159.32866988525893,308.2442103544653,9.876614831302938,1.8787204346401214,10.325130642416525,中,True,False,False
167,0.6134819400222354,0.5009340774119663,0.0734342963653308,0.9552656104380244,中性附近,1634.121794888774,358.63924325776316,227.64294668124535,-0.16599273135617368,0.09450357824050964,2.498962966963184,0.3540167060784544,0.020529340268544978,0.18199032076415772,0.16734696688469075,103.27876826551397,103.30770541267431,101.22350171879314,98.60069047341392,113.14085084786238,98.60069047341392,103.23437397705924,77.66309668368012,346.8828211563176,8.576185207843901,1.8221117645837486,2.8168841509762643,低,False,False,False
168,0.1781267438712836,0.27877272684608134,0.0734342963653308,0.9552656104380244,缓和路径,1465.6167586058987,632.0920644526528,292.90629256664397,-0.3116275348540576,0.13904011901051894,1.7127488156223518,0.2238242660791609,0.025680172315022093,0.2572196986590422,0.23224406155281382,92.92827849629042,92.77021968302475,90.59270310658364,88.16252480856676,100.62119355159625,88.16252480856676,91.59333499986285,0.0,199.28545831267547,4.547404466579559,1.1159061137984578,0.0,低,False,False,False
169,0.9404629335417705,0.882195243562399,0.0734342963653308,0.9552656104380244,高压尾部,1740.3633921801202,245.54061117833658,150.0,-0.11516832385703811,0.05925676902896583,3.106187508381151,0.36,0.03016466098333401,0.12548800508398206,0.11860488988934344,121.18286775497761,112.13175304763097,109.21913789731221,106.0128157106396,130.73605565717014,106.0128157106396,114.53146261995634,200.9201287213291,235.8818386184646,10.886255281327404,1.8787204346401214,20.412088960284024,高,True,True,False
170,0.23787988077612504,0.058351322400098445,0.0734342963653308,0.9552656104380244,缓和路径,1527.6724141758643,535.6697860246633,317.2360387990871,-0.29853306049500156,0.12616368300534456,2.0532982836883407,0.25805174962787075,0.027754023865418125,0.24689435660188558,0.2233368404682486,97.40752921470224,97.06511642419565,94.57218634398673,91.67294147435774,102.67532856764424,91.67294147435774,95.72822339121797,0.0,190.95475824055939,5.612622713607608,1.2865518566440215,0.0,低,False,False,False
171,0.7109191019983646,0.5917625432868501,0.0734342963653308,0.9552656104380244,高压尾部,1581.5531603465126,355.85409526703404,205.49107886144606,-0.1921396048659928,0.08798932656481973,2.618573181756245,0.36,0.02353092247320853,0.16515317917468259,0.1528223010925646,104.6443019585846,103.77914581824585,101.76443294005148,99.20145470369431,116.87548499012826,99.20145470369431,104.50483769301188,49.28027281514551,341.85594744868024,8.953336373830618,1.8787204346401214,6.55151829324214,低,False,False,False
172,0.47401591156308837,0.502759973784284,0.0734342963653308,0.9552656104380244,中性附近,1602.5976860166413,509.3449206825877,266.5274302526346,-0.21890109036504365,0.10576953410033028,2.266078433458705,0.3128795533239117,0.02301861261660175,0.2060900504818983,0.1881367498755021,98.95256267942834,99.43028614493942,97.15055394461102,94.34180757392565,108.17043203947154,94.34180757392565,98.28791124712127,0.0,468.8061234435172,6.0385401838706345,1.6103802595204826,0.0,低,False,False,False
173,0.4670568709856543,0.5303775242105415,0.0734342963653308,0.9552656104380244,中性附近,1523.7728233391201,470.6628031841715,259.99747679263436,-0.20398412052558354,0.08595673346528246,2.175742686624711,0.32223423804997076,0.026453710643238572,0.20729257269367893,0.18917411320352925,97.06185821349807,97.7894774301725,95.6954583861475,93.0452750895015,107.48133805822454,93.0452750895015,96.67015265228714,0.0,446.5851371988829,5.937556273142953,1.6585284988568112,0.0,低,False,False,False
174,0.5306304466251515,0.551448606978379,0.0734342963653308,0.9552656104380244,中性附近,1619.1326796234755,408.2406238905034,228.52731254273047,-0.21416910274751377,0.0800288350307293,2.570212273049269,0.34186476782896213,0.024076409437496386,0.1963070588231738,0.17969739076368266,103.04589349777953,103.04789575112588,100.75140212850359,98.07166533800773,111.44722289342832,98.07166533800773,102.47181022944636,11.046385403682507,394.85823703897654,7.675773534826383,1.7595661579309707,1.1232561965422008,低,False,False,False
175,0.2769098108731438,0.2679664036772761,0.0734342963653308,0.9552656104380244,缓和路径,1508.622439547592,559.8946925488258,301.05133844903287,-0.26644118614099255,0.13954257996712122,1.941526611575802,0.261560234112827,0.021027080013313874,0.24014998468112073,0.21751876573113618,95.34942366492356,95.32238379991811,92.96245947988082,90.3724205241085,101.70043854040672,90.3724205241085,93.90724715084485,0.0,284.2117495271523,5.125598520222827,1.304043879986767,0.0,低,False,False,False
176,0.18191663997181934,0.25751772482822816,0.0734342963653308,0.9552656104380244,缓和路径,1420.8861359072898,607.2370607810637,295.87905577428387,-0.3161119684391266,0.1598987547901497,1.8843466600692023,0.22863436788445865,0.023882092513717652,0.2565648046128696,0.23167911309648825,93.7659092194224,93.4838674454021,91.61518171200954,89.24305833316042,101.07827736444848,89.24305833316042,92.48358797134537,0.0,102.76015517362976,4.969713488182044,1.1398875261205086,0.0,低,False,False,False
177,0.6864595658835044,0.6608120440726708,0.0734342963653308,0.9552656104380244,高压尾部,1651.777194335507,350.64748906854345,230.3676094391456,-0.18950832014154922,0.08905186973012327,2.516506380940071,0.33639431648545043,0.03253789323965646,0.16937978701533044,0.15646841085493451,103.51911634837288,103.27963380333492,101.38717354610202,98.88827872306734,115.0336462520123,98.88827872306734,103.7781700086796,72.7196385551415,336.8541522785515,8.58219586004169,1.7555302124389225,4.709679555126186,低,False,False,False
178,0.19314068835124526,0.25363145043825963,0.0734342963653308,0.9552656104380244,缓和路径,1433.430317060657,630.3787793819342,306.7199556708197,-0.3098874578641374,0.15609192760229745,1.8982267356105729,0.23234670321490752,0.02986120934704753,0.2546252890529048,0.23000597783434099,94.09270250393202,93.86422584461555,91.98971754859302,89.4350370087082,101.10605298773169,89.4350370087082,92.78904154430639,0.0,129.0160059516984,4.9943225318424735,1.158395875390613,0.0,低,False,False,False
179,0.5469254621157225,0.6035610265095547,0.0734342963653308,0.9552656104380244,中性附近,1646.6791492133539,449.3023153003767,202.62803244075542,-0.19683375276731183,0.09994962303955218,2.1031022255619245,0.32178591753866254,0.030202035198683492,0.19349128014640313,0.17726834162803515,98.16122318474778,98.75300606083228,97.08290485313432,94.83757727128828,108.63210362586797,94.83757727128828,98.20770301177684,48.28192679253516,434.573900133519,7.217563519207701,1.656221008662329,0.0,低,False,False,False
180,0.3920284805044975,0.4116303198517964,0.0734342963653308,0.9552656104380244,中性附近,1555.8599358319502,501.2187764060665,239.87988447338438,-0.27883541631117736,0.10955454764931659,2.18873057622157,0.2943878572781655,0.021651965132489757,0.22025747856882283,0.20035837057062006,99.75214460652944,99.8409648157653,97.20763656676452,94.18919240498033,105.564466722403,94.18919240498033,98.2691620177838,0.0,286.731506441447,6.6787662432387584,1.5152041383557546,0.0,低,False,False,False
181,0.4785703832058819,0.4716416588225895,0.0734342963653308,0.9552656104380244,中性附近,1553.0932537265846,414.5118903844251,249.8815383481616,-0.23134169575903316,0.11218882384824529,2.2264852513846423,0.344638913481624,0.023032087831900232,0.20530303778202358,0.18745782843393244,100.09602371885828,100.42556978305058,97.89856951311509,94.88074436156649,109.07305123697392,94.88074436156649,99.32207833251411,0.0,393.94327310639346,7.090372280438914,1.7738445898343052,0.0,低,False,False,False
182,0.9762419945953772,0.9012985015824576,0.0734342963653308,0.9552656104380244,高压尾部,1800.0,217.63680889111222,185.01587275691867,-0.10637868801298025,0.04933914269579483,3.1980810810921545,0.36,0.027337761847192475,0.11930538333391882,0.11327141246019756,124.82186945541035,114.79989965907791,111.52004003277062,110.04709639732778,134.32137799334117,108.52282165117039,117.4102453327049,750.7521671721497,209.07568155805035,11.496580913689312,1.8787204346401214,23.997411296455056,高,True,True,True
183,0.3251770324983362,0.25555593795925224,0.0734342963653308,0.9552656104380244,缓和路径,1521.7965702778013,590.1469263421002,314.3541760986283,-0.2663515312467561,0.11611249886866157,2.0537709994569773,0.26877338435877085,0.02269568824253441,0.2318094087842875,0.21032371562292232,96.12030270457713,96.36093617085479,94.01793142621278,91.35794093494597,101.68290975535442,91.35794093494597,94.8055390649223,0.0,223.67886851820367,5.402372262217503,1.3400060149250266,0.0,低,False,False,False
184,0.42148993908088145,0.47417999268061883,0.0734342963653308,0.9552656104380244,中性附近,1648.0970764432116,442.51837523823093,279.6698271609653,-0.2514159695298809,0.10163468519574036,2.119864543672492,0.29346020541066214,0.02967550441142288,0.21516653852682366,0.19596663921379562,98.3343809372983,98.78507579185184,96.48959773204483,93.70383646858673,106.43742336630275,93.70383646858673,97.4069798761054,0.0,400.5534745965251,5.957313318997155,1.5104295462187343,0.0,低,False,False,False
185,0.298793025756033,0.26645935782867664,0.0734342963653308,0.9552656104380244,缓和路径,1532.342591723707,565.015353177995,308.3397990074614,-0.26785207460899524,0.11398055402666028,1.9486302367428499,0.3082150355145143,0.021339375144673878,0.23636856514935747,0.21425670045557824,98.25652412043692,97.92055101250666,95.01951235807924,92.01713122074118,102.93429332953924,92.01713122074118,96.35964324528454,0.0,239.4405463278199,6.315960155178904,1.536647694730351,0.0,低,False,False,False
186,0.368389359000054,0.23501220656261676,0.0734342963653308,0.9552656104380244,中性附近,1564.9701615613565,533.4951238866189,307.3992452991852,-0.25019408679101657,0.09724118072441225,2.0384555327667337,0.29846383166058893,0.02920974956681128,0.22434231876479066,0.20388218358516189,98.23282279398646,98.25449392055732,95.69933167600499,92.82050002498625,104.13975405395288,92.82050002498625,96.71004699783455,0.0,321.70997506776257,6.0769897228564185,1.536183037788568,0.0,低,False,False,False
187,0.7165670632316484,0.8042822512089716,0.0734342963653308,0.9552656104380244,高压尾部,1667.8390602692787,330.5065527758812,235.18054611084304,-0.17165523638362498,0.08558188265806409,2.762057999316123,0.36,0.02986663806850766,0.16417721147357114,0.1519803764340813,108.06589529280481,106.34651196218346,104.08200322116251,101.28601433277773,119.69854035379934,101.28601433277773,107.09986893032658,77.84402327257885,317.5054952013727,9.162499967508712,1.8787204346401214,9.374573656913228,中,False,False,False
188,0.6991671770130323,0.6897859556657217,0.0734342963653308,0.9552656104380244,高压尾部,1676.2627514747405,331.0205420277324,220.74510939679107,-0.1637149124847156,0.0693032923774171,2.6224521691896445,0.36,0.025427291651734726,0.167183911812148,0.15457412533871726,106.53632556235887,105.46025560759604,103.2668353717667,100.54977630509312,118.21098607910056,100.54977630509312,106.108119560399,93.15113094197659,317.99926578040225,9.236184239965194,1.8787204346401214,7.887019382214447,低,False,False,False
189,0.3488190004418833,0.37218599732928526,0.0734342963653308,0.9552656104380244,中性附近,1567.9228841989757,604.718589329071,337.34116451535346,-0.26383236060359455,0.10743556282539876,1.9926598943066298,0.2722967033115097,0.026085581101212965,0.22772407672364253,0.20679947829823186,96.64146275300155,96.93584935141045,94.62727055740916,91.94302722969402,103.00484027428921,91.94302722969402,95.40433925742474,0.0,364.82882667414015,5.579312010311891,1.401501731535004,0.0,低,False,False,False
190,0.5110270824692356,0.6058015424294305,0.0734342963653308,0.9552656104380244,中性附近,1633.7948351927848,491.2347367337126,267.1111955646883,-0.21107467955222226,0.09422102149362939,2.292178149167933,0.33268503901054586,0.02610395711904089,0.1996945201493161,0.18261960552231635,99.66537010395042,100.20074811339298,97.92250479175212,95.32308064139079,109.46207563265388,95.32308064139079,99.33955671653878,0.0,475.13175016851056,6.566338722763992,1.7123184106113345,0.0,低,False,False,False
191,0.7460565615094696,0.8460464738011262,0.0734342963653308,0.9552656104380244,高压尾部,1671.8939313476483,408.1214137621721,214.90796240951556,-0.19483710789507191,0.07414498736466522,2.634719300204586,0.36,0.01929839813177839,0.15908142617116364,0.1475844652829769,107.15607429821308,104.54076105994282,102.51592824325964,99.92033753076663,119.19387348242554,99.92033753076663,105.67201221747361,47.849490173026425,392.0672388807747,8.765027348225482,1.8787204346401214,8.869906785539428,中,False,False,False
192,0.16141082585792532,0.1706658753462327,0.0734342963653308,0.9552656104380244,缓和路径,1443.8252038278858,592.9800345095593,355.3321281747874,-0.28946217485715425,0.14455717776608365,1.65,0.24518971201587952,0.023655362284198067,0.2601082092917505,0.23473585336641462,93.41324186165691,93.03950038012124,90.51771227571652,88.0284657693536,101.01150638750204,88.0284657693536,91.79984337750878,0.0,222.5566956583025,4.778152077911561,1.2224264306633972,0.0,低,False,False,False
193,0.47743723284580675,0.4785566478501519,0.0734342963653308,0.9552656104380244,中性附近,1659.3923484226148,511.1171505543306,277.41021913216747,-0.23640300916443785,0.10955086414424407,2.1171163031370956,0.33273871344640465,0.02614037471267882,0.20549884616424455,0.18762674376293548,99.72386523200073,99.98217286642945,97.51949895078954,94.58284027791545,108.60703750329786,94.58284027791545,98.84685958498397,0.0,442.75082906978423,6.631285756897051,1.7125946710797144,0.0,低,False,False,False
194,0.6301362007151416,0.6995138498172776,0.0734342963653308,0.9552656104380244,中性附近,1678.933832517278,382.6639150455504,233.4954924810199,-0.19084653140861713,0.07750425865367315,2.462243518481225,0.35267301844889476,0.024926495878498402,0.1791124645164235,0.16486436614311054,102.6587033574389,102.73718701517274,100.76320362703099,98.22701779249735,113.398478272089,98.22701779249735,102.83607262682021,46.57006608157462,370.11994894914136,8.130770701896058,1.8151958507420904,3.0745115752028767,低,False,False,False
195,0.9790029711426165,0.9109015027197409,0.0734342963653308,0.9552656104380244,高压尾部,1719.315293316062,200.0,176.9107805398848,-0.1399477156073539,0.035,3.0086719348580218,0.36,0.022053652132219576,0.11882828658655586,0.11285984195880741,121.24636408769162,111.27553560217383,108.39092391282844,105.26167200973184,130.68622896953093,105.26167200973184,114.04535821918971,189.99032917258955,200.0,11.290036702178396,1.8787204346401214,20.362262272644813,高,True,True,False
196,0.24364891967934318,0.20028284261851986,0.0734342963653308,0.9552656104380244,缓和路径,1510.4302419663056,575.7828922764456,295.66358891590204,-0.27631155921244366,0.12632289217007386,2.1584006279777417,0.25649297098699464,0.02818519799361568,0.24589746667940948,0.2224768671242841,97.51539317839732,97.29820431161872,94.7584467586103,91.88340074797881,102.59637294526776,91.88340074797881,95.87790780680912,0.0,196.39645748868315,5.382733119106419,1.2787803551626005,0.0,低,False,False,False
197,0.5435955717196296,0.5851088901527899,0.0734342963653308,0.9552656104380244,中性附近,1634.2209374874499,453.10491161476045,239.76372880780602,-0.23743196653708187,0.08641222782075321,2.4194864519276127,0.36,0.029340667748096037,0.194066685206848,0.1777647184122801,103.41223190688468,103.37183474543116,100.61714183814412,97.36232109230278,112.57246162743887,97.36232109230278,102.7192949692963,0.0,427.2744455602806,7.744301802680565,1.8529075718386598,2.248494930552752,低,False,False,False
198,0.605963974847707,0.7495099656938725,0.0734342963653308,0.9552656104380244,中性附近,1651.5563231226045,385.52532383340275,230.2855482016192,-0.21869523278972713,0.10082250937966347,2.371492054089156,0.3375256149107149,0.020491193761834652,0.18328942514631621,0.16846764742774287,101.34734942842333,101.62751695556332,99.74963692211497,97.29743036147784,111.91206918322233,97.29743036147784,101.56008990874564,36.849267696325114,372.8875589401604,8.045872838809958,1.737232687659898,1.5881024863362114,低,False,False,False
199,0.20215075053574372,0.3017468518599375,0.0734342963653308,0.9552656104380244,缓和路径,1422.1819987568474,576.7999332852029,312.5369959099028,-0.27092790237077974,0.13437100476116098,1.8765203025835464,0.2520147233516387,0.025324958421921402,0.2530683503074235,0.22866287486067086,94.38246859720122,94.21841122248775,91.8870883278017,89.2904091022879,101.26253632197316,89.2904091022879,92.94188290734682,0.0,187.6541131928625,4.977685629843973,1.2564534466332558,0.0,低,False,False,False
200,0.32087259736584295,0.4296809356088464,0.0734342963653308,0.9552656104380244,缓和路径,1472.2069414956597,557.1003309374105,277.70817394355043,-0.29218021696083785,0.12723945758368466,2.3937703614509522,0.30909253672397086,0.02220713663500916,0.23255321517518232,0.21096536487106712,100.81383017728879,100.53107521735463,98.20707612601417,95.18128176875562,104.09334286087412,95.18128176875562,99.17265006965718,0.0,100.78071316304886,7.506286315647374,1.5410225955471901,0.0,低,False,False,False
201,0.574135903040544,0.5677112121471681,0.0734342963653308,0.9552656104380244,中性附近,1656.6681222336138,437.55187734039356,238.36717428106127,-0.20653273571332764,0.08363835338198453,2.272176174617831,0.331883048067232,0.026030137186151815,0.188789315954594,0.17321216272797393,99.25456485377933,99.77062759222004,98.07388931054513,95.75148730351378,110.2301567604222,95.75148730351378,99.53604032448709,18.44702567337299,423.20864899045966,7.046538490649242,1.7081905909129667,0.0,低,False,False,False
202,0.5012655480015409,0.46974092047564353,0.0734342963653308,0.9552656104380244,中性附近,1614.536937367185,469.75152780987213,254.9911215193145,-0.24107127513931692,0.10662493941053326,2.3733254065885454,0.32837539097760793,0.029129584184613637,0.2013813133053337,0.1840747282176625,101.44020512518395,101.64806431613282,99.10256242064239,96.04243192072472,109.97794440020768,96.04243192072472,100.66627096728887,0.0,407.8276644545804,6.967206736980833,1.6901368009663613,0.0,低,False,False,False
203,0.41121214443584386,0.4474719856991162,0.0734342963653308,0.9552656104380244,中性附近,1523.0844793568372,548.9183311685276,267.818565330536,-0.2549063777351471,0.1217828377755609,2.251500450358487,0.3060468939818101,0.021960814993185692,0.21694254144148617,0.19749871926694668,99.71418349748915,99.80060234710157,97.22914482383631,94.25126195372562,106.0885590033638,94.25126195372562,98.33076225862962,0.0,291.5322810273283,6.654915711130347,1.575212797768332,0.0,低,False,False,False
204,0.6868783830231184,0.6292700885044424,0.0734342963653308,0.9552656104380244,高压尾部,1629.678345973865,384.09191093489807,228.71658197631132,-0.15316582884050994,0.07300293775424217,2.652266491205423,0.36,0.02310776621720074,0.1693074154136051,0.15640597903880257,104.75779896386085,104.26736516025328,102.18811200362397,99.54508293364937,116.42919805325096,99.54508293364937,104.77720654034866,70.01744605359636,368.9829788849069,8.476361986664323,1.8787204346401214,6.10523135636484,低,False,False,False
205,0.6237156306614579,0.6138266896473367,0.0734342963653308,0.9552656104380244,中性附近,1655.8184727523035,349.93729098793943,228.74083553066342,-0.1901737300949821,0.0761820495194089,2.5649152516798974,0.33645296377474687,0.029513705791351357,0.18022193902170006,0.165821461283541,103.3407262529297,103.411283392649,101.35390913455599,98.73948844935022,113.00037194228219,98.73948844935022,103.31694027607232,59.63494990076833,338.46612440694776,8.171088613610726,1.731711789293852,2.6764052453960687,低,False,False,False
206,0.22533511434921238,0.31465545685512736,0.0734342963653308,0.9552656104380244,缓和路径,1485.3312907842144,570.062018509672,330.0163582885266,-0.281130437251913,0.1424770714933284,1.9817666008307413,0.26451144821117967,0.026861216511866955,0.24906209224045606,0.2252068512125663,96.72124273467476,96.30717015392055,93.77005548178079,90.90406469735429,102.37694073669796,90.90406469735429,94.98989502669541,0.0,191.05903685289923,5.499008613170774,1.3187575565383314,0.0,低,False,False,False
207,0.7621081964148066,0.7381864688510884,0.0734342963653308,0.9552656104380244,高压尾部,1748.4615813058326,378.60465542054783,224.39904038887008,-0.1840874804280125,0.08436282151788006,2.7316995443017165,0.36,0.025233785906068038,0.1563077036595214,0.14519169616194724,111.22671321480668,107.67246237659289,105.30389810535888,102.42166394918607,122.30809024894826,102.42166394918607,108.77647184252712,96.38084621409325,363.7115742342353,9.72829930733476,1.8787204346401214,11.984123552062144,中,True,False,False
208,0.36728444466471893,0.38447969102630336,0.0734342963653308,0.9552656104380244,中性附近,1571.8371049336577,510.9366152910359,291.2430446080167,-0.2689615612747193,0.10326317301213975,2.290467507463325,0.25942728055110814,0.024709302483828913,0.22453324796193655,0.20404688985455838,99.05730494856824,99.18033365781179,96.67938313071946,93.79575819185112,104.27066618848337,93.79575819185112,97.59366271348199,0.0,286.50847789591717,5.656615971950103,1.3352632568740572,0.0,低,False,False,False
209,0.48505257446509564,0.618941827606353,0.0734342963653308,0.9552656104380244,中性附近,1551.6388722583113,484.2569777685607,271.5179642482361,-0.23183984250159823,0.08818202711043409,2.2965699024328083,0.3071149723358972,0.028178178493949074,0.20418291513243148,0.18649154760502462,98.3410612730682,99.00958965025642,96.86682525656926,94.13856188234031,107.84612301961022,94.13856188234031,97.95114047075477,0.0,350.97448509939386,6.212325088272794,1.5807101601839013,0.0,低,False,False,False
210,0.5655543456586478,0.5269288951021898,0.0734342963653308,0.9552656104380244,中性附近,1631.1759643325797,444.0001165338811,250.05158585359288,-0.1987257083105328,0.08285201656560914,2.209562304988558,0.3232966169452349,0.029585911567844566,0.19027220907018563,0.17449138977461687,98.26887394371703,98.84236184985771,97.20249712983954,94.97373207857615,109.36351349225558,94.97373207857615,98.4692564739654,28.24929832512862,429.44551080906456,6.902469379452156,1.6639965263545795,0.0,低,False,False,False
211,0.6815735253094591,0.6871661456827756,0.0734342963653308,0.9552656104380244,高压尾部,1681.2393735473893,337.3380265599557,207.3965122122479,-0.16423718545731728,0.09271716359643724,2.6035301058691833,0.36,0.019586698558435884,0.17022409482652545,0.15719675828363078,106.13750006933324,105.54662627498668,103.26879184413703,100.48983173891871,117.44971636187212,100.48983173891871,105.94196745100832,90.85641628694611,324.06824092774445,9.16800667870026,1.8787204346401214,7.125749664986003,低,False,False,False
212,0.535801071239508,0.5462879841047343,0.0734342963653308,0.9552656104380244,中性附近,1602.0178359244812,454.67099312979167,209.48173195770428,-0.19348355784449137,0.09161484799387867,2.5539885811926304,0.3540081223160333,0.028272573884720476,0.19541357488981298,0.17892662124477499,103.20629472023339,103.03665000866617,100.79053215318372,98.06609046904163,111.25055232813396,98.06609046904163,102.46516848318784,22.87721093685832,439.76658929500144,7.856102301883697,1.8220675842549017,0.9265856312478462,低,False,False,False
213,0.3995653571246208,0.46959259971337997,0.0734342963653308,0.9552656104380244,中性附近,1531.129611171129,564.5353283733939,278.8864901166541,-0.273739883732172,0.10377478015425311,2.0053648539650215,0.30466483566129443,0.025765296396559667,0.2189551062888655,0.199234870955036,98.06124006199288,98.30927080147856,95.80838976936526,92.91967144152406,104.66877981808099,92.91967144152406,96.74927065424012,0.0,267.5171035974581,6.660247017705757,1.5680993913049817,0.0,低,False,False,False
214,0.27612807205084755,0.1639753759876011,0.0734342963653308,0.9552656104380244,缓和路径,1529.082483560788,527.1323985134494,315.0751100670156,-0.2759096493502191,0.10497637261518242,2.2228106588844745,0.2510908932130058,0.02658565181736741,0.24028506914961353,0.21763529719511054,97.28250291287657,97.29755441161058,95.0419416194993,92.22488843476889,102.39303587207807,92.22488843476889,95.90074659049594,0.0,166.89494498456406,5.279278962858099,1.2518475666816729,0.0,低,False,False,False
215,0.5444683659700859,0.6175669942503949,0.0734342963653308,0.9552656104380244,中性附近,1610.051289772563,469.28186982471425,176.9799556079555,-0.1824174546757194,0.08548064782659087,2.424833191620402,0.36,0.027280868071746952,0.19391586636036914,0.17763461358845245,101.91576108058464,101.9510985050724,99.82597173782185,97.21277205269237,110.64437721553044,97.21277205269237,101.42611830398907,26.786886733825668,453.89851217511733,7.709886947109442,1.8529075718386598,0.3204105186443229,低,False,False,False
216,1.0,0.9566716222938719,0.0734342963653308,0.9552656104380244,高压尾部,1770.3210914503095,200.0,167.5074117884377,-0.12535190096030063,0.053617295753952625,2.8205914885518544,0.36,0.028765489404409362,0.1152,0.10972987777885891,120.51062264167271,110.51371194472262,107.69436330120939,104.6538593943173,129.6212564218049,104.6538593943173,113.32329779799456,217.22810538933118,200.0,11.275280699610594,1.8787204346401214,19.297289724918784,高,True,False,False
217,0.5012461229497661,0.434667203097339,0.0734342963653308,0.9552656104380244,中性附近,1617.3052237712964,468.50031552652047,284.5031188319773,-0.22347171703472418,0.11680347552987846,2.33640157055168,0.3398072099263344,0.026798940634992052,0.20138466995428042,0.18407762385192875,101.13284115442502,101.31640569572288,98.78976936588168,95.76109173147559,109.85199690312724,95.76109173147559,100.35569339702353,0.0,404.57779900487185,6.8330431990491824,1.7489759784385388,0.0,低,False,False,False
218,0.10237313924442293,0.09289626703379596,0.0734342963653308,0.9552656104380244,缓和路径,1448.2924111536224,661.0793990259905,363.80431260026495,-0.3177805040783398,0.14925619723660377,1.65,0.2243240463662066,0.02292788691705932,0.2703099215385637,0.24353642441970003,92.76780908528522,92.06742416999852,90.13240539505216,87.81408709961248,100.96642548751805,87.81408709961248,91.25670557342148,0.0,109.53977120844138,4.584102161956833,1.1183978359322544,0.0,低,False,False,False
219,0.4261863098063968,0.32654315791329513,0.0734342963653308,0.9552656104380244,中性附近,1578.3444157473318,492.1965749856972,240.37471096110767,-0.23570731271179132,0.10505895351063378,2.442703172503757,0.2793749091326685,0.03814766934678597,0.2143550056654546,0.19526656530112618,99.79688588953768,100.088596207594,97.68819950275689,94.80249592907856,107.04070101177409,94.80249592907856,98.69834187735574,0.0,393.93325736035877,5.7483650183717,1.437933012537942,0.0,低,False,False,False
220,0.24053138088810644,0.2568818532943189,0.0734342963653308,0.9552656104380244,缓和路径,1509.9373927208017,587.2894398439232,315.3273042117966,-0.2910983623608849,0.13594088832505974,1.7640522574047195,0.2800709540251986,0.02625744237586713,0.24643617738253518,0.22294158929104627,95.78715660887805,95.57292729934015,92.9311573422612,90.15497902108942,101.9129869582657,90.15497902108942,94.1444454556764,0.0,223.7587460480354,5.751971713262017,1.3963315746271723,0.0,低,False,False,False
221,0.5030179601638011,0.5784233670059789,0.0734342963653308,0.9552656104380244,中性附近,1680.178096598757,476.2708261701631,293.14510296306884,-0.20490845919651915,0.10143848903240972,2.3947381298043924,0.32045802983641397,0.026299380151402745,0.20107849648369516,0.1838135013872554,100.73657307022806,101.04578629037708,98.71567950287107,96.24171318056051,109.49651623012171,96.24171318056051,100.15430733110739,1.1490739237051457,460.6583660941298,6.420048600557203,1.6493864165010852,0.0,低,False,False,False
222,0.35100238490366426,0.35341076787075076,0.0734342963653308,0.9552656104380244,中性附近,1601.9878970312332,500.9637381058113,289.42264358691546,-0.27492577816623365,0.11939413297062397,2.1863873514672965,0.3088097361280677,0.028034015236171023,0.22734678788864682,0.20647400771842517,101.79565975136809,101.35823610191504,98.28137712945144,95.0004955425918,105.02782793100359,95.0004955425918,99.70534960268876,0.0,241.14921523594057,6.967866608008085,1.5894330509144314,0.0,低,False,False,False
223,0.8233418032321556,0.7158592656855681,0.0734342963653308,0.9552656104380244,高压尾部,1719.4242376003613,285.26187665191793,160.3483477584324,-0.14139696768256307,0.06875234403970515,2.619917722325634,0.36,0.025038098786455555,0.1457265364014835,0.13606378586334533,112.85543055799376,107.35247207238162,104.99785603226925,102.20385271381069,123.05245740724091,102.20385271381069,108.92249606822075,170.7294850799408,274.04059812955586,10.583339969208724,1.8787204346401214,12.72849071035479,中,True,False,False
224,0.8757144416037962,0.8728843199623808,0.0734342963653308,0.9552656104380244,高压尾部,1719.9999736217337,300.5033864288168,195.4319940158082,-0.13726636369162148,0.055500962628283725,2.6735406031832487,0.36,0.02412051593049342,0.13667654449086403,0.12825675358149047,113.817208356661,106.68945023130783,104.4286221851535,101.73470308276747,123.82016404382703,101.73470308276747,108.8000561647953,150.45314679591866,288.68255626529174,9.963321130361264,1.8787204346401214,13.496197346940917,中,True,False,False
225,0.687504576683382,0.7971154738127182,0.0734342963653308,0.9552656104380244,高压尾部,1671.1705205017115,370.05388871780514,200.4601011742803,-0.18190948188351602,0.09253432336055223,2.507481072715782,0.36,0.02451685390525143,0.16919920914911155,0.15631263422608416,104.77016565370461,104.27676582677044,102.20032699057022,99.56738240483199,116.28561892112917,99.56738240483199,104.77975576622727,71.84171173865616,355.4971670053815,9.020424505135487,1.8787204346401214,5.961652224243053,低,False,False,False
226,0.7033815660947897,0.7651712282995045,0.0734342963653308,0.9552656104380244,高压尾部,1645.1537056499028,300.82745510826715,205.68165628547942,-0.1737973169416157,0.08015640843868573,2.489562747358593,0.36,0.02774813999460857,0.1664556653788203,0.15394589898555736,105.33153150975998,104.36885022038022,102.28851899548538,99.68339382115198,116.9536319793933,99.68339382115198,105.0287681050796,95.76256658443344,288.99387713225775,9.536698273720857,1.8787204346401214,6.629665282507176,低,False,False,False
227,0.4747966168219621,0.5371869117338852,0.0734342963653308,0.9552656104380244,中性附近,1545.4765634326193,471.60195299845844,265.8823224393024,-0.2049459302192366,0.11357826649944794,2.0253889169651678,0.2988207836441427,0.020830049698928974,0.20595514461316491,0.1880203724817304,94.72179565709033,95.63493611863481,94.11630839385533,92.10289928419053,106.30966005460289,92.10289928419053,94.73760996378107,4.223111376639281,456.14254154935753,5.776567856636461,1.5380202573249835,0.0,低,False,False,False
228,0.34746977936270834,0.2796043876795768,0.0734342963653308,0.9552656104380244,中性附近,1550.0809942625597,484.4343117997039,296.57839722618934,-0.28679617535877155,0.11134846813145975,1.787589050770731,0.31550582089996465,0.025196379803119655,0.227957222126124,0.20700060264193462,97.8320329691503,97.75306598674585,95.07083257545831,92.1258239647764,103.13983417906489,92.1258239647764,96.14580741360862,0.0,248.99445413614194,6.890613328438907,1.6238975680686571,0.0,低,False,False,False
229,0.27095128558009896,0.3316304945971905,0.0734342963653308,0.9552656104380244,缓和路径,1529.2717771177738,610.2296886984934,244.6714858905533,-0.2727385910105198,0.11830272009032562,1.8308946479559927,0.2593642523865344,0.02964854896575128,0.2411796178517589,0.21840698524348828,94.63750491829902,94.58312002552238,92.27776470988766,89.75970027584212,101.59857093197256,89.75970027584212,93.24053360454177,0.0,341.3871966941442,5.015239901014622,1.2930955164465383,0.0,低,False,False,False
230,0.3340373888243147,0.36191858950456446,0.0734342963653308,0.9552656104380244,中性附近,1492.826441791769,556.1875808539155,306.88941830443605,-0.2572409395419091,0.11746077407011286,1.975391744440102,0.3046740679903654,0.022324345194483917,0.2302783392111584,0.20900292885302932,97.64744804554805,97.8085595910883,95.26596910773033,92.31217082246211,102.44512543919532,92.31217082246211,96.2005253701482,0.0,191.26786233310304,6.391717531067318,1.5681469097839853,0.0,低,False,False,False
231,0.3139643431405169,0.2905816990626212,0.0734342963653308,0.9552656104380244,缓和路径,1489.381419781686,551.5362433505006,314.97310523068415,-0.26194485126408057,0.11791707201225508,2.146195074014649,0.3081191370628446,0.02963900316575029,0.23374696150531868,0.21199515762975285,98.87060763443071,98.71866057368335,95.99703294044731,92.92552778223994,103.20303110038682,92.92552778223994,97.16381888055611,0.0,200.4430781201736,6.500294044579537,1.5361695800451265,0.0,低,False,False,False
232,0.7058964717773405,0.6459274882116816,0.0734342963653308,0.9552656104380244,高压尾部,1713.9426465631007,375.83042378705886,209.44318399282463,-0.1774709795483018,0.07511394316001857,2.357304385073335,0.36,0.022843012884977174,0.16602108967687554,0.15357100953068267,104.65820922586863,103.76419154441709,101.74481335825702,99.19017309046266,116.29838372536373,99.19017309046266,104.43275577737832,95.18226165256056,361.04647188998155,9.286597808927919,1.8787204346401214,5.9744170284776175,低,False,False,False
233,0.851352878655466,0.8808543907475944,0.0734342963653308,0.9552656104380244,高压尾部,1800.0,234.02525173787092,184.46110299744385,-0.14182855171778375,0.06455185627922384,2.43475567643732,0.36,0.03134689647703649,0.14088622256833547,0.1318882587774754,113.59491667610686,107.27624165295224,104.92885381218565,102.17742002975432,123.46107764297372,102.17742002975432,109.06893407994028,203.36697030095456,224.8194561305563,10.995356979784896,1.8787204346401214,13.137110946087603,中,True,False,False
234,0.31398400957213884,0.30259042972391476,0.0734342963653308,0.9552656104380244,缓和路径,1515.7338082973993,567.3745302821366,330.2844627212911,-0.26042728984873065,0.11273677684477429,2.236242382521977,0.27364379378796855,0.03345909127768743,0.2337435631459344,0.211992226013716,97.98335734551189,98.05161260471161,95.46440255067127,92.59718333766607,102.66459329383099,92.59718333766607,96.47407341858461,0.0,206.05434661724576,5.638978948351302,1.364288099052675,0.0,低,False,False,False
235,0.7720876166838198,0.5759815670202599,0.0734342963653308,0.9552656104380244,高压尾部,1719.951336596345,333.11574092475627,235.24727016061289,-0.1395253048733433,0.08205820749757532,2.6288517705191095,0.36,0.02786661038341858,0.15458325983703594,0.1437040938830334,110.01592975220585,106.11147560289432,103.91616255052165,101.21295168650886,120.89110458537436,101.21295168650886,107.36505945025058,130.84719022230274,320.01204633727076,9.503376987523069,1.8787204346401214,10.567137888488247,中,True,False,False
236,0.4021517266956284,0.3267170253219376,0.0734342963653308,0.9552656104380244,中性附近,1546.0934005681231,532.6228438032934,276.7841306905817,-0.27414354148708253,0.10690977531965579,2.1976932037952523,0.2856310814078818,0.021263228977603143,0.2185081816269954,0.19884932859243096,99.07217775321493,99.25700800451399,96.7327706076569,93.80479666470038,105.20901705660522,93.80479666470038,97.7069573735415,0.0,276.84139870920444,6.368132150441715,1.470133315258691,0.0,低,False,False,False
237,0.18644357396265024,0.30729493958247506,0.0734342963653308,0.9552656104380244,缓和路径,1471.6500016837779,609.8499273408903,286.95484511871496,-0.3060408314015445,0.14236294762963367,1.769693853045812,0.28830335667370816,0.027586672102595442,0.255782550419254,0.23100429661018762,96.58763389397016,95.89560854875938,93.6321455952898,90.60133877847029,102.46578813124015,90.60133877847029,94.77016968726016,0.0,153.80154905532254,6.299304931246149,1.4373753301039505,0.0,低,False,False,False
238,0.46179390233048806,0.3953200649425806,0.0734342963653308,0.9552656104380244,中性附近,1576.39022862752,494.90379814927496,271.2737694487864,-0.2194534131677638,0.10347192509303761,2.334723472629047,0.29971749183650404,0.026218007285815612,0.20820201367729166,0.1899586481719169,98.8464049045784,99.29392518290643,97.03908189643421,94.26070071030321,107.70875418714317,94.26070071030321,98.0885316895609,0.0,428.1643300760661,5.83377769219136,1.542635583434306,0.0,低,False,False,False
239,0.45789442289898125,0.4670297633039934,0.0734342963653308,0.9552656104380244,中性附近,1568.0491074889271,455.9589043992467,275.08790681309256,-0.20724866139440293,0.09245351680581722,2.171239890217739,0.35384576101211196,0.022686993719361805,0.208875843723056,0.19053993188705406,99.81175442795065,99.85974625426756,97.30964867471276,94.3441707079054,108.33739382365972,94.3441707079054,98.68697786762485,0.0,421.82915154639704,6.69440189824592,1.8212319162287642,0.0,低,False,False,False
240,0.0,0.06743401729202154,0.0734342963653308,0.9552656104380244,缓和路径,1400.0,671.1418353967717,356.5537160107986,-0.35,0.1655162738239859,1.65,0.1980175227081721,0.025245956529697394,0.28,0.2587968815539125,92.25313259819097,90.88203458697838,88.8406268877479,86.91981890780298,101.37288408288553,86.91981890780298,90.41422898998971,0.0,50.0,4.112816978386649,0.9872431086230979,0.0,低,False,False,False
241,0.5759095419014931,0.5590138810326751,0.0734342963653308,0.9552656104380244,中性附近,1659.9332106381157,378.3388292609713,195.08845140928565,-0.1992157904465964,0.08897104846411408,2.090899394802909,0.36,0.034856736113764865,0.18848283115942197,0.17294777169719322,100.33051552355562,100.56247081444424,98.67100285321797,96.2623677117376,110.08440440329247,96.2623677117376,100.2246920168275,56.08044492362387,365.93664222266693,8.47737111934602,1.8529075718386598,0.0,低,False,False,False
242,0.5581356534942651,0.6332983319177754,0.0734342963653308,0.9552656104380244,中性附近,1585.5359469284415,437.70692678304823,255.77775310150935,-0.22680757709218946,0.08345158043481388,2.5233772801541203,0.3219771188490007,0.027523500711403748,0.19155415907619097,0.1755972719874909,100.77838278486126,101.30121349064302,99.06040598711044,96.1846781788075,111.05383343524989,96.1846781788075,100.80394438878919,0.0,417.1627788492624,6.6715868498485715,1.6572051152058596,0.7298667383637678,低,False,False,False
243,0.08698304021622374,0.04102747678938157,0.0734342963653308,0.9552656104380244,缓和路径,1430.0345727066183,675.54316112405,336.2820592348365,-0.31321651198962797,0.15757254526964348,1.65,0.25539039748219694,0.02798119649368784,0.27296933065063655,0.24583058036963507,94.39547027791276,93.26098763855063,91.08098350725881,88.67692449140613,101.91271897904433,88.67692449140613,92.52235370409201,0.0,94.26864797715461,5.385451548943255,1.2732833260134875,0.0,低,False,False,False
244,0.3419770968619346,0.3727221851828257,0.0734342963653308,0.9552656104380244,中性附近,1522.748381926302,542.5875043125097,257.3550031431821,-0.22489578302852753,0.1112788053972692,1.816078637933415,0.3030872423161845,0.0241322976942362,0.22890635766225767,0.20781938036501263,95.39086971412966,95.55037311057609,93.26773363210378,90.67431658133262,102.64436501182914,90.67431658133262,94.13635439763827,0.0,431.8185409554553,5.536160709534297,1.5599795728204358,0.0,低,False,False,False
245,0.1276979655333046,0.21605841867889267,0.0734342963653308,0.9552656104380244,缓和路径,1416.4629913545848,664.7782207204873,367.55543999120107,-0.34132303562544536,0.15575751611567804,1.7910428113001295,0.22082557130548733,0.02628297265422282,0.26593379155584496,0.23976132844369272,93.04241354746395,92.57886027284086,90.70729903201601,88.68370221768156,100.89576295138133,88.68370221768156,91.70976611058795,0.0,57.97317287946862,4.9492392964759695,1.1009557159261631,0.0,低,False,False,False
246,0.5349014864697421,0.604187410034195,0.0734342963653308,0.9552656104380244,中性附近,1578.334332984357,385.0829674872097,264.22725332067694,-0.23361033490055186,0.1098581640834585,2.2304217806276103,0.36,0.023628797947818404,0.19556902313802854,0.17906071965104567,100.7339005862312,100.96600712755765,98.46330306483597,95.4725142306623,110.48201866343598,95.4725142306623,100.26455112976498,0.0,372.45970331585676,7.524985059771605,1.8529075718386598,0.15805196654986275,低,False,False,False
247,0.6826398492036405,0.6365780698908019,0.0734342963653308,0.9552656104380244,高压尾部,1639.058193805634,357.73013306675466,230.46877568277145,-0.18128631642689655,0.08558029270255194,2.6231588259854854,0.36,0.030270915784974338,0.17003983405761092,0.1570378045756714,105.09010858970021,104.65627710595147,102.4965145460501,99.80960661999188,116.46763158765869,99.80960661999188,105.06048512073569,58.13636548095383,343.6581879961489,8.813290804669661,1.8787204346401214,6.14366489077257,低,False,False,False
248,0.7419271931555439,0.780722486618048,0.0734342963653308,0.9552656104380244,高压尾部,1763.0975419919748,360.33008179060107,215.7132016472651,-0.1347476374351353,0.06706106972542503,2.6029735985796703,0.36,0.03159086624320884,0.15979498102272202,0.14820001785098014,109.53333592982555,106.9812235926521,104.61002511229538,101.77770591482535,120.94755199041303,101.77770591482535,107.88077874157692,144.71433149472432,346.1558631560808,9.614290084814415,1.8787204346401214,10.623585293526915,中,True,False,False
249,0.2692885460486058,0.20184717818099257,0.0734342963653308,0.9552656104380244,缓和路径,1469.6069897449947,587.6714003307954,318.02745628372395,-0.27542159541459865,0.1134830219494988,2.063505688604216,0.28085216884411973,0.025978126624122435,0.24146693924280094,0.21865484484350625,97.51098163887443,97.33019800357094,94.58836920389717,91.68248872690106,102.65600048218451,91.68248872690106,95.80797448481638,0.0,221.8812048453383,5.942761233020101,1.400226426637167,0.0,低,False,False,False
250,0.6957684839941183,0.6905014042899501,0.0734342963653308,0.9552656104380244,高压尾部,1679.1387400884898,347.15211023008834,214.62565044736456,-0.15820182393103968,0.08331824657275216,2.600255281719233,0.36,0.02483362126484685,0.16777120596581635,0.15508075832379795,106.0956178190954,105.37990233929116,103.14985268133243,100.40048958756432,117.72206381150893,100.40048958756432,105.8938816733728,93.96503846346059,333.49627032523165,9.10522799088248,1.8787204346401214,7.398097114622814,低,False,False,False
251,0.2384475324469626,0.31887824695611505,0.0734342963653308,0.9552656104380244,缓和路径,1484.8545015645655,592.4671079004021,302.5152302319595,-0.2771376609068442,0.12464012216734285,1.672938628383887,0.24747008963557451,0.020572824142379313,0.24679626639316482,0.22325222233448888,92.65102503052147,92.72736287127272,90.56387004387025,88.22111346208455,100.29268061388261,88.22111346208455,91.40317999483702,0.0,221.46574004686408,4.657966298675134,1.233795561330788,0.0,低,False,False,False
252,0.25399334146223396,0.37576607638342097,0.0734342963653308,0.9552656104380244,缓和路径,1488.4980974272135,558.2733840030733,288.7368203389713,-0.2602192887779827,0.12413827247203928,1.7888900605152402,0.2723224245135849,0.022677046396023623,0.24410995059532595,0.22093485516332317,94.86999122645783,94.5586696705322,92.09204054623949,89.5049495720584,101.39373348428093,89.5049495720584,93.21490161645384,0.0,246.0532389824166,5.154352835682111,1.3577002340383042,0.0,低,False,False,False
253,0.47609675524110756,0.5121626012994538,0.0734342963653308,0.9552656104380244,中性附近,1580.7725621931256,451.7298015846575,274.7189044595052,-0.22794842913973917,0.10193231398463089,2.405874838984159,0.29558224873119077,0.03082644233068979,0.2057304806943366,0.18782656474309556,99.45646437440665,99.94764301506267,97.65784044368446,94.82077447739543,108.22097048549345,94.82077447739543,98.77878057554868,0.0,397.48629435567636,5.957288743254621,1.5213516299308931,0.0,低,False,False,False
254,0.37574017650127817,0.4566501697687744,0.0734342963653308,0.9552656104380244,中性附近,1533.2030945898964,518.9044772944741,268.6448611098915,-0.250878692164701,0.09604370386466587,2.114628046551465,0.32403266298798383,0.025309147733682768,0.22307209750057913,0.20278641924495716,100.01754645145819,99.783422485115,97.00080547003277,93.92074860831002,105.56384176616362,93.92074860831002,98.25664397593415,0.0,321.26182388395864,6.889156560779853,1.667784929926333,0.0,低,False,False,False
255,0.31736954344425505,0.26638946390950013,0.0734342963653308,0.9552656104380244,缓和路径,1531.4471095061144,561.7747814708232,287.5649857053128,-0.2554823929719591,0.10428364843089269,2.021715415078011,0.2907280638236751,0.02827061394337141,0.2331585428928327,0.2114875546232207,96.97910572028071,96.94895729683927,94.44698909290327,91.67641110779803,102.52561822937504,91.67641110779803,95.43842740230235,0.0,317.537169861911,5.730896795840765,1.449464035141241,0.0,低,False,False,False
256,0.5390667981733742,0.5037928382003828,0.0734342963653308,0.9552656104380244,中性附近,1599.750499691623,440.53905936797764,244.63489745867895,-0.21820930218132667,0.09825653030974589,2.4870294218482614,0.34855154279481354,0.02421903051401567,0.19484925727564092,0.17843980911559607,102.1630756342649,102.3880592054362,99.8529343395764,96.76357760300085,111.50410374561706,96.76357760300085,101.73170153493896,0.0,418.3738236181671,7.112531632056872,1.79398275783488,1.1801370487309413,低,False,False,False
257,0.22771396988797474,0.1885887830178006,0.0734342963653308,0.9552656104380244,缓和路径,1524.6345630039702,571.5512074585679,314.4017035192865,-0.2778042556272028,0.13625402006480314,2.0334415324131845,0.2597805849666096,0.02646766413254733,0.24865102600335798,0.22485224234498935,97.99969869749528,97.09508470249669,94.1980604811003,91.31374289171268,103.00001943875736,91.31374289171268,95.78853958284499,0.0,273.9801261009743,5.346861393195322,1.2951711987647152,0.0,低,False,False,False
258,0.5830932369309691,0.6002816448688478,0.0734342963653308,0.9552656104380244,中性附近,1617.0008978983133,405.82077293013606,226.98601220886178,-0.1986939535332172,0.09183907664232245,2.3677502571631095,0.3573493263980588,0.02619082645820563,0.18724148865832851,0.1718769198031155,101.62947913961206,101.85288274967844,99.87093009851439,97.34296134790756,111.5543603473809,97.34296134790756,101.62285957056574,37.31987814795866,392.51771032950336,8.243811830286516,1.8392646463177993,1.2303936504947757,低,False,False,False
259,0.41569690186903485,0.47735490456502777,0.0734342963653308,0.9552656104380244,中性附近,1552.0818843813806,478.2623323785355,259.9047543029254,-0.24603078934608671,0.11720104578777825,2.0744638056494322,0.31381203313256917,0.028034468062670202,0.21616757535703077,0.196830189913723,98.29355395136756,98.51108741841873,96.08106699233818,93.23694650863511,105.97672271396152,93.23694650863511,97.11276372120494,0.0,373.1113551830367,6.426681410500551,1.6151797009039495,0.0,低,False,False,False
260,0.19696183973424705,0.24009556320118064,0.0734342963653308,0.9552656104380244,缓和路径,1510.278850914811,619.6467871953129,316.28681034054375,-0.2758190205739646,0.13359187846088624,1.8533464256509238,0.28824027883639103,0.030000829438998396,0.2539649940939221,0.229436370246706,97.23888329637956,96.54594722597041,93.81197803023856,90.843466027996,102.8346554347398,90.843466027996,95.26948255654455,0.0,204.15045061175442,5.853429583425234,1.4370608470251476,0.0,低,False,False,False
261,0.46357203770929123,0.3413481737161363,0.0734342963653308,0.9552656104380244,中性附近,1575.3086276743231,531.6465833449078,257.48297955947845,-0.24792402257584192,0.09509521718880949,2.3302013394262406,0.31542317016401167,0.02529222399322985,0.20789475188383444,0.18969358685869228,100.39386189168683,100.73318901587308,98.2450920484825,95.24742896063425,108.25970863738571,95.24742896063425,99.50381154002872,0.0,346.4935318304906,6.777300465856594,1.6234721675840311,0.0,低,False,False,False
262,0.4520348483910393,0.4615749472600298,0.0734342963653308,0.9552656104380244,中性附近,1589.454908312865,495.43603688833775,261.34437659466136,-0.22911990261168677,0.08825991007754612,2.2282074159395937,0.3183466239597414,0.027613092720771965,0.20988837819802839,0.19141340110234967,99.18676231925882,99.54736949007969,97.18290284609716,94.32168143687842,107.563034997029,94.32168143687842,98.31856192750793,0.0,363.2466155283382,6.33774657656768,1.6385190833452206,0.0,低,False,False,False
263,0.10522897096717404,0.21957246593834068,0.0734342963653308,0.9552656104380244,缓和路径,1465.7947280591304,648.5509853733547,363.5760186689964,-0.3302446982606484,0.14080946924107002,1.7034411438917318,0.2565209803021309,0.02430659830021983,0.2698164338168723,0.24311071414150376,95.07139788875656,93.99684340092526,91.78469521082322,89.47971466544817,102.19130302429274,89.47971466544817,93.21509830417885,0.0,71.25212187728721,5.676510144208546,1.2789199993868452,0.0,低,False,False,False
264,0.6501053875178048,0.6018195541715873,0.0734342963653308,0.9552656104380244,中性附近,1641.8980423382045,416.06081367246816,226.19596707484416,-0.1873504755045561,0.07330257600339794,2.4648531941032394,0.36,0.03273752609239432,0.1756617890369233,0.1618876192986132,102.19807242176579,102.3015333854307,100.37727547271052,97.88311700815812,113.77065902349098,97.88311700815812,102.56214701108603,38.17715017802948,402.42207603468864,8.090755313290328,1.8529075718386598,3.446692326604861,低,False,False,False
265,0.5177799020090046,0.5049268408108096,0.0734342963653308,0.9552656104380244,中性附近,1613.5568841437364,437.74819586139444,254.51612983179305,-0.2318308979588229,0.08781490739654377,2.37785434775161,0.3085699728611231,0.023300713187630998,0.198527632932844,0.18161298294648934,99.70237676546482,100.33544105439056,98.10187144118396,95.65848520191972,109.51354484572298,95.65848520191972,99.49027485733987,0.0,423.39853206569546,6.641832434219432,1.5881989976567354,0.0,低,False,False,False
266,0.8973761714857151,0.7970639952637804,0.0734342963653308,0.9552656104380244,高压尾部,1737.4430958146531,264.0014733582537,175.18123394220603,-0.11943284976468507,0.06366589889013728,2.7668633101280395,0.36,0.024688968253967786,0.1329333975672684,0.12502770441140826,116.61334683968468,108.94440589638778,106.4012099815248,103.49023392522797,126.34755478898276,103.49023392522797,111.06823850994007,198.23407835886246,253.6165102582537,10.746994210138494,1.8787204346401214,16.023588092096645,高,True,False,False
267,0.6244656383310336,0.6084526526434452,0.0734342963653308,0.9552656104380244,中性附近,1662.8404219118356,405.74970289193084,241.8114253428277,-0.17018221588533916,0.07974548758077074,2.614633824163278,0.36,0.023789274239235377,0.18009233769639738,0.16570965988742906,104.13689396831472,104.0298960474353,101.83439693126633,99.11589862057801,113.91237805454732,99.11589862057801,103.9470463933603,47.69903330612942,392.44897001227434,8.055999946659558,1.8529075718386598,3.588411357661201,低,False,False,False
268,0.49744830470699036,0.5664070498620783,0.0734342963653308,0.9552656104380244,中性附近,1656.379629853119,432.60746498164985,251.09483952432083,-0.2040470449324844,0.11206809672076082,2.3370999310369944,0.30343336836997875,0.026125076635908948,0.20204093294663206,0.18464375323826154,99.18001273240911,99.62751027677159,97.83812686764247,95.45314984810388,108.62038174840475,95.45314984810388,98.85749916626347,15.23949856357467,418.426317608145,6.300347362459922,1.5617610716701193,0.0,低,False,False,False
269,0.10630679461051536,0.226361886390392,0.0734342963653308,0.9552656104380244,缓和路径,1433.7937811880552,685.5385241276591,386.4657497805788,-0.28687981740957935,0.15436979318276323,1.7906684632825614,0.25668192966684056,0.023563815762161086,0.2696301858913029,0.24295004620039293,95.18505143210484,94.1289292437094,91.91585409903546,89.28878746991109,102.23671449374112,89.28878746991109,93.29397097201482,0.0,118.97304665880256,5.228264443187779,1.2797224341864217,0.0,低,False,False,False
270,0.47551451390423316,0.4926112326625997,0.0734342963653308,0.9552656104380244,中性附近,1622.0630735189907,473.44737775136576,279.65506898525814,-0.21430613042636043,0.08971739857377757,2.184846211102832,0.32109599561846797,0.02776178827836242,0.2058310919973485,0.18791335771465742,98.61275138671334,99.08113134588345,96.81517534437661,94.21915524398267,108.05738965224482,94.21915524398267,97.96835832939298,0.0,457.9274721071663,6.213860656536327,1.6526700043570346,0.0,低,False,False,False
271,0.7624753066526447,0.8032967321962734,0.0734342963653308,0.9552656104380244,高压尾部,1696.8681304078063,330.694766050172,189.73047883497944,-0.15447513906123644,0.08389505792821338,2.7305378111947003,0.36,0.021183704901413886,0.15624426701042296,0.14513697213873755,110.43078816464063,106.94250497467968,104.63406356151651,101.81528295803193,121.51099449450838,101.81528295803193,108.05616309668753,116.58419611680438,317.6863047749054,9.652746093107737,1.8787204346401214,11.187027797622264,中,True,False,False
272,0.26741742032226107,0.2215992324934948,0.0734342963653308,0.9552656104380244,缓和路径,1489.9091562750675,550.0683962690445,276.85780995733876,-0.2932919976169911,0.11750589040667044,1.9288030550878488,0.29385386231583405,0.030654158930211454,0.24179026976831328,0.21893376794921893,97.82421252864394,97.50300125524487,94.70418934408436,91.66197062199913,102.75780349611429,91.66197062199913,95.99758693319504,0.0,218.9521395566353,6.415019770747344,1.4650481257718273,0.0,低,False,False,False
273,0.5129309589714556,0.42163405184939595,0.0734342963653308,0.9552656104380244,中性附近,1596.18423636146,423.14516224303736,248.35650541342972,-0.25541550240225946,0.1079718071468057,2.3177094349740037,0.28622688699117266,0.027000377992934234,0.19936553028973245,0.18233580035657265,98.05114524545928,99.07904076176052,97.08755537946406,94.42907925503245,108.65734125984622,94.42907925503245,98.16670239036891,0.0,409.2741951611155,6.109800146667269,1.4731999060270895,0.0,低,False,False,False
274,0.18093985221126724,0.07089431676533889,0.0734342963653308,0.9552656104380244,缓和路径,1420.1091330016795,678.7109173319791,300.8068635904453,-0.3018038379184617,0.12273106991073217,1.7680142123074705,0.2490717807767834,0.02669839633079724,0.256733593537893,0.23182471992127787,93.75978685037195,93.45664389483204,91.57521129270947,88.95143786361733,101.0782070957122,88.95143786361733,92.41153611508273,0.0,140.76035223418876,5.203144640506715,1.241781008879445,0.0,低,False,False,False
275,0.41327857749724617,0.33072181162365955,0.0734342963653308,0.9552656104380244,中性附近,1661.064846915351,488.7360753788717,262.76205083012206,-0.22670417097354648,0.11308670344568247,2.0855786687145708,0.3000140576273891,0.02213596360925456,0.21658546180847582,0.1971906822819817,98.0600630485171,98.36582252472012,96.07892578150324,93.57177645498223,106.2329820764589,93.57177645498223,97.02504746383796,0.0,472.71499651933294,5.871262343880112,1.5441619973217482,0.0,低,False,False,False
276,0.5182568629385098,0.512709848781719,0.0734342963653308,0.9552656104380244,中性附近,1562.8709607254218,445.916907829321,276.55946780785433,-0.21093157020705786,0.10165383787340476,2.4506699011931268,0.3548435157600975,0.028495157692984226,0.1984452140842255,0.18154188380981023,101.91756693962918,101.91321791392411,99.31190830884023,96.22852588506753,110.5857279805829,96.22852588506753,101.10670012029175,0.0,406.89338622446485,7.102513410716619,1.8263673254714874,0.2617612836967851,低,False,False,False
277,0.2642032980844163,0.24884016434186454,0.0734342963653308,0.9552656104380244,缓和路径,1567.9548175159307,608.0708529753856,296.0177970647455,-0.2974758205077214,0.13574234198885732,2.177836456772982,0.23769727630415285,0.024684792610848855,0.24234567009101285,0.2194128875209812,97.40105033542574,97.33636455249469,94.96878920799251,92.13608487730632,102.44515373815545,92.13608487730632,95.91907644834035,0.0,193.01586941581445,5.148878409419355,1.1850718803082512,0.0,低,False,False,False
278,0.78827348673733,0.8238838088735526,0.0734342963653308,0.9552656104380244,高压尾部,1720.3495963112093,342.74520833317683,221.71428464861515,-0.16274390942111158,0.06060815875706903,2.6277146250782106,0.36,0.024322251665720086,0.15178634149178938,0.14129131473066428,110.98049014569114,106.52483408175785,104.29587964472317,101.5599202483462,121.77864251512317,101.5599202483462,107.90540973449808,124.77614378571707,329.2627216789766,9.917652776287458,1.8787204346401214,11.45467581823705,中,True,False,False
279,0.22385275559317852,0.16158839793457347,0.0734342963653308,0.9552656104380244,缓和路径,1424.9788590659075,569.6539839570522,292.31799783776813,-0.29630662681067793,0.1454036299216269,1.9440889559452215,0.2607605454730917,0.020418708413488293,0.24931824383349874,0.22542782199084802,95.35255018754002,95.09898388171503,93.09682331037224,90.40476510232162,101.71936498559813,90.40476510232162,93.94939515668342,0.0,122.12679123927956,5.652897903759275,1.3000569242475706,0.0,低,False,False,False
280,0.5599670173664705,0.5409944182781871,0.0734342963653308,0.9552656104380244,中性附近,1669.8387984075036,442.02181457463075,257.92249433700334,-0.18428987925881077,0.08167477994291222,2.269593494377041,0.3376681172629966,0.029730969906885812,0.1912376993990739,0.17532427606223935,100.3624973724159,100.64566424170442,98.77271529661664,96.35727205838512,109.8942976358822,96.35727205838512,100.2080583554018,47.166093533121966,427.5320588441032,7.463807127366434,1.73796614234753,0.0,低,False,False,False
281,0.36483893249622906,0.4085355560312106,0.0734342963653308,0.9552656104380244,中性附近,1528.615181490342,588.7615171557007,316.14062589284333,-0.28650590258378184,0.12378996920406811,2.1706871680228432,0.2962445419853842,0.02549758224037887,0.2249558324646516,0.2044114350262106,99.29849948327048,99.50562996928792,97.29546248379054,94.1578168041182,104.17553219780646,94.1578168041182,97.99969235707432,0.0,163.19660941554866,6.909150031992463,1.5247604304460947,0.0,低,False,False,False
282,0.38053327255642655,0.5088630571860362,0.0734342963653308,0.9552656104380244,中性附近,1585.180687373613,523.8174801122767,266.55729850236776,-0.23624796786647392,0.11483289229109112,2.143097027792273,0.2834811532535226,0.02868012038461499,0.22224385050224948,0.20207192677721017,97.75325747314747,98.02239540427048,95.69838926097795,92.9582458982885,104.9031990272725,92.9582458982885,96.55590517093566,0.0,417.0831278839487,5.557327778435613,1.4590677092694653,0.0,低,False,False,False
283,0.8115792894822199,0.7866605713652192,0.0734342963653308,0.9552656104380244,高压尾部,1729.694252210991,311.45512599858046,179.6062444941538,-0.13334591498640871,0.058638581125588035,2.7806301347847246,0.36,0.02101822401001079,0.14775909877747237,0.1378171885449111,113.40920542469684,108.16348020569079,105.69723272229166,102.80088652534207,124.05341162216654,102.80088652534207,109.65065885474148,154.27284590968338,299.2034898631567,10.022140118581833,1.8787204346401214,13.729444925280418,中,True,False,False
284,0.6768545689592838,0.8642748344663934,0.0734342963653308,0.9552656104380244,高压尾部,1651.4777664638634,369.05701935420484,246.97214326647878,-0.15917486646337178,0.070358623972007,2.6133807941287035,0.36,0.02661962392036492,0.17103953048383574,0.15790019896769666,104.4692110998474,104.12423908899521,102.02850006378766,99.38679621359908,115.88480954015223,99.38679621359908,104.53755929139697,62.17081882720777,354.53951125458735,8.32923715530921,1.8787204346401214,5.560842843266116,低,False,False,False
285,0.6401950651138293,0.5688839837450428,0.0734342963653308,0.9552656104380244,中性附近,1662.6401440452646,360.7261752510057,213.2469272335827,-0.202636489270554,0.07555453868738386,2.446988865471673,0.36,0.02592320725785278,0.17737429274833028,0.16336492136581862,103.61512925252327,103.57963932763747,101.5310240210055,98.93142105095266,114.31920529505915,98.93142105095266,103.74283804725488,61.20267427845647,348.9013421937855,9.04732603811137,1.8529075718386598,3.9952385981730316,低,False,False,False
286,0.2703506114629004,0.2515953781042396,0.0734342963653308,0.9552656104380244,缓和路径,1480.0932393005564,571.9734706362469,314.08884133851575,-0.28932838118068066,0.1292435484101639,2.0535034388260645,0.25629683439095174,0.025941680076695135,0.24128341433921077,0.21849652593438426,95.74690740001743,95.83670825400415,93.84709286323266,91.11166196094472,101.74681996260166,91.11166196094472,94.5417406970146,0.0,152.61793263089385,5.472549423909647,1.2778024896679516,0.0,低,False,False,False
287,0.4845194329701994,0.5797195397458994,0.0734342963653308,0.9552656104380244,中性附近,1636.8103326451314,466.9345433268883,238.81540727507948,-0.23088953991287905,0.10767438086122108,2.161543684410842,0.32306434686887836,0.022700903584675435,0.2042750419827495,0.18657102141025694,98.77015867643937,99.28468026488127,97.12306444865877,94.8112699918963,108.53950511335482,94.8112699918963,98.34970432363019,3.186080364706868,451.62813253025615,6.8473417258861415,1.6628010402901552,0.0,低,False,False,False
288,0.3402904871943812,0.3888576060857569,0.0734342963653308,0.9552656104380244,中性附近,1532.0280513152838,522.7106065480891,251.79254491585127,-0.281424060754357,0.11420007882793573,2.067007262914221,0.26398992505600766,0.0211105404290416,0.2291978038128109,0.20807079821469282,97.30233400216045,97.43147341167688,95.02205642309,92.26926593565575,102.6192444703592,92.26926593565575,95.8958719780011,0.0,292.1546171986174,5.760783967139589,1.3587470306261027,0.0,低,False,False,False
289,0.09416499299111938,0.14790685988298152,0.0734342963653308,0.9552656104380244,缓和路径,1476.714633569152,657.9892547746479,325.7170607416305,-0.31650661813311737,0.15373891625835415,1.8317088906680445,0.24753872688884457,0.028551778792949362,0.27172828921113457,0.24475998818822742,95.86526653644131,94.66527785211275,92.37906585260016,89.91716846956643,102.63335696307941,89.91716846956643,93.89286550428608,0.0,90.01621511760095,5.388188175316776,1.2341377616288167,0.0,低,False,False,False
290,0.21731707965740887,0.21407283549961587,0.0734342963653308,0.9552656104380244,缓和路径,1517.113530636685,607.736838846662,316.4115839895884,-0.29577301625285746,0.14139502956605873,1.7659218125264833,0.258768439694187,0.02631176370090648,0.2504476086351997,0.2264020756202379,94.83779282460094,94.68194863408102,92.32064068453381,89.64770514504701,101.41088947101187,89.64770514504701,93.36839129794532,0.0,200.3359590596683,5.261947692930185,1.2901250117835898,0.0,低,False,False,False
291,0.6581247935911134,0.6269729533855304,0.0734342963653308,0.9552656104380244,中性附近,1614.6864210228755,380.80891712100487,191.2789448709139,-0.16497225252583525,0.0733921117853201,2.5153414801785385,0.36,0.03019599280469191,0.1742760356674556,0.16069219046320962,103.06809613839097,103.0617072368563,101.0837181087864,98.53709496184452,114.24313911842097,98.53709496184452,103.34191362439499,73.14261837884442,368.3257590343389,8.645860505723835,1.8529075718386598,3.919172421534853,低,False,False,False
292,0.7616729617642073,0.9085340181638679,0.0734342963653308,0.9552656104380244,高压尾部,1692.5042666105558,354.9866877059043,195.46283951491085,-0.17221493711984504,0.07363401459720788,2.6243325940238718,0.36,0.024140372486599396,0.15638291220714495,0.14525657528725117,108.71731273547776,105.44495925673162,103.32158457132653,100.65143068307344,119.71272329539681,100.65143068307344,106.57877486114845,89.19300172957082,341.022660892257,9.284468666719011,1.8787204346401214,9.388756598510696,中,False,False,False
293,0.6985115046568037,0.7656153569075447,0.0734342963653308,0.9552656104380244,高压尾部,1687.3103989024403,389.3846329204601,223.9689667261919,-0.1560758833450673,0.07799030273641885,2.5988806936853366,0.34928303593823323,0.025712631065540694,0.1672972119953043,0.15467186445231837,105.23475191047571,104.55970266286465,102.44132335018779,99.7980560360994,116.83877934077981,99.7980560360994,105.11039385729575,88.11371429070459,374.0675023258948,8.559699028950144,1.8227921585841633,6.514812643893691,低,False,False,False
294,0.28823328688443955,0.4225922908634967,0.0734342963653308,0.9552656104380244,缓和路径,1518.5264701075587,573.6573726131757,330.94023601921896,-0.29724240460267054,0.12461897355020947,1.983877165048455,0.25769711076358043,0.027676317660203956,0.23819328802636883,0.21583080908981367,95.38060751665195,95.70478222485964,93.7214062034284,91.0254444704375,101.35528623209699,91.0254444704375,94.31254833027175,0.0,164.77480011184343,5.4965856419234855,1.2847837566797746,0.0,低,False,False,False
295,0.29615118475054814,0.42747872853155655,0.0734342963653308,0.9552656104380244,缓和路径,1524.177395355646,559.3305067327562,278.8537136950597,-0.32618842115599306,0.10461685548244389,1.9051823153685765,0.2695875046111395,0.026580080662424496,0.23682507527510527,0.21465051177871594,95.70837580899146,95.90223027202079,94.05659918390913,91.34926508907485,101.5725088550552,91.34926508907485,94.60233652563457,0.0,128.59749689613636,6.154076063969889,1.3440649214184985,0.0,低,False,False,False
296,0.36346246209777694,0.4269108971257513,0.0734342963653308,0.9552656104380244,中性附近,1524.6859540683824,588.73803968064,298.94792418184164,-0.2603150337043032,0.10875809921940185,2.267930067500489,0.30310815600283936,0.030288353146196757,0.22519368654950414,0.20461662134429293,100.5052168631991,100.55780755829997,97.70876620091343,94.53636607705273,104.74930597088438,94.53636607705273,98.83828709581324,0.0,215.23527450596157,6.72565577277627,1.5600872148436524,0.0,低,False,False,False
297,0.614431315096978,0.6543885134329173,0.0734342963653308,0.9552656104380244,中性附近,1600.7271491237912,421.4542126954825,236.13531024339713,-0.2055523538355134,0.07900779585545631,2.5062601268811924,0.36,0.0279127216790759,0.1818262687512422,0.16720544638684012,101.57973190026719,101.92195436045742,99.90188959274317,97.44124880940487,113.6965543907445,97.44124880940487,102.10386782890046,6.617856756796755,407.63867601334823,7.748146069480673,1.8529075718386598,3.372587693858378,低,False,False,False
298,0.9758852453828534,0.8704324557632376,0.0734342963653308,0.9552656104380244,高压尾部,1799.7177007576925,248.9172021247566,172.72770682743644,-0.1,0.04712285058718116,3.0032519666263227,0.36,0.027122767780943344,0.11936702959784293,0.1133245919964076,122.30629701591002,112.56364236848795,109.53773052000274,107.90181773554,131.66047065035312,106.6116040733355,115.17414254407417,741.4176226642412,239.12560541077553,11.111142601398111,1.8787204346401214,21.336503953467002,高,True,True,True
299,0.31849568891645813,0.22078713551782578,0.0734342963653308,0.9552656104380244,缓和路径,1585.4325261436684,608.3987909855539,315.48871733271994,-0.2759310809202898,0.12564726896413672,2.1884334558466296,0.25731881275791746,0.0301981908724659,0.232963944955236,0.21131968349186456,97.70679249565818,97.74102581585664,95.28465180208687,92.51253013389663,102.66422343609382,92.51253013389663,96.20613240611917,0.0,311.342224109203,5.33993099029545,1.2828977008702231,0.0,低,False,False,False
300,0.8026820784608643,0.8043343977866045,0.0734342963653308,0.9552656104380244,高压尾部,1670.1258779511759,279.1123287152776,155.27043349525837,-0.14967572380410174,0.06276176016836944,2.6538192686415845,0.36,0.023126188876266905,0.14929653684196265,0.13914346913381898,111.45160847529537,106.57370177477938,104.33446282818308,101.59910190560232,121.96450184977324,101.59910190560232,108.03943262514825,143.31376792724768,268.1329534959211,10.269216454238304,1.8787204346401214,11.640535152887125,中,True,False,False
301,0.2935563472855927,0.2592811814970138,0.0734342963653308,0.9552656104380244,缓和路径,1560.3407998230582,528.2628775315662,301.1272279286161,-0.26102595973835185,0.10272172057353135,1.8601972342735726,0.29608020832305704,0.022519501587820862,0.23727346318904957,0.21503731642490012,96.79184119431316,96.47684518532408,93.85223178631762,91.06277108637319,102.69000834442161,91.06277108637319,95.04626898247211,0.0,348.63093318042047,5.744884302866397,1.4761478745363883,0.0,低,False,False,False
302,0.06972593972542676,0.07879558806897402,0.0734342963653308,0.9552656104380244,缓和路径,1428.492587189392,700.0,329.3037633286327,-0.32325078329318585,0.1683276871663665,1.65,0.2366933889394065,0.02402514563278405,0.2759513576154462,0.24840304463364313,93.69248153298106,92.64620056142509,90.54615126872476,88.19594757314728,101.63313451276683,88.19594757314728,91.92471163708298,0.0,101.13343940652703,5.00291007337724,1.1800668642413634,0.0,低,False,False,False
303,0.5164772028744661,0.44761974124416626,0.0734342963653308,0.9552656104380244,中性附近,1628.2297862448136,446.9262388042435,275.08906604938767,-0.21992617086098967,0.09337072629641562,2.2231165573001768,0.3103243138513859,0.028639622022834186,0.19875273934329224,0.18180717240329533,97.83337592684036,98.71091880495892,96.71861373511334,94.50160808525136,108.741618070613,94.50160808525136,97.91668168480223,0.25250452186810435,432.2757129335491,6.315017331938808,1.5972285301690825,0.0,低,False,False,False
304,0.17618830356413123,0.2807319739162029,0.0734342963653308,0.9552656104380244,缓和路径,1445.716349004363,642.8718797800078,344.06106191948214,-0.29600446730796787,0.14740199767369835,1.925381179698477,0.25580587196682864,0.028312404136568166,0.2575546611441181,0.23253301904139786,95.5736884560874,95.03375187476506,92.94322038379616,90.27143068817443,101.98254323385092,90.27143068817443,93.9881879867695,0.0,122.61778557674552,5.469251099950722,1.2753547301809152,0.0,低,False,False,False
305,0.7675098204300109,0.7483630991884832,0.0734342963653308,0.9552656104380244,高压尾部,1722.939439419741,322.84103168558227,223.98145819692309,-0.19283445322397458,0.06524330511418323,2.666750441183503,0.36,0.026657483831512185,0.1553743030296941,0.14438649225448136,110.217668825637,106.75955892071468,104.47980607821285,101.6835572489626,121.30580645762076,101.6835572489626,107.87948131385248,86.89732285390346,310.1415108890788,9.7068721766335,1.8787204346401214,10.981839760734644,中,True,False,False
306,0.4892290307245838,0.5554256201156242,0.0734342963653308,0.9552656104380244,中性附近,1542.1356772967806,428.3236822580297,233.73950045413255,-0.20042665892712083,0.10514986311248724,2.301810815868024,0.31400727422035574,0.02370802042505102,0.2034612234907919,0.18586897578402514,97.79075609195696,98.40285598783211,96.5506823151379,94.30100109079336,108.06943210063382,94.30100109079336,97.56116607775218,4.781835870899158,414.28296000206717,6.336142431505099,1.6161846000425433,0.0,低,False,False,False
307,0.42864256390328076,0.4275034563077342,0.0734342963653308,0.9552656104380244,中性附近,1592.1213316778535,489.546097902829,255.03423991485224,-0.2509167106901303,0.11030702611034311,2.2522982779636176,0.29543880983675347,0.028621467661338124,0.21393056495751306,0.19490041886239348,99.40928781705867,99.6760406667914,97.233587933661,94.3319955577516,106.68022088009668,94.3319955577516,98.2790769034135,0.0,352.1425168853202,6.210365373210252,1.5206133548931182,0.0,低,False,False,False
308,0.7696383697484774,0.7256836736595702,0.0734342963653308,0.9552656104380244,高压尾部,1684.559565624179,405.78108810012907,189.95249961330308,-0.19255752902185563,0.06156967057849073,2.4257957097369336,0.36,0.02022183836057285,0.15500648970746309,0.14406919578519012,106.71160745269968,103.55012642576452,101.60531263239135,99.12936373396299,117.88041323387438,99.12936373396299,104.75213252946861,76.67288842119888,389.81897405207906,9.260151557206147,1.8787204346401214,7.556446536988261,低,False,False,False
309,0.522669657758745,0.5241096075104991,0.0734342963653308,0.9552656104380244,中性附近,1627.6843318043211,505.80255870540975,245.3714271082968,-0.21785328957757857,0.09567786414404164,2.4813063586679416,0.33925329411130245,0.022512382913443717,0.19768268313928886,0.1808840817076837,102.02978639670722,102.23784157529018,99.73596497553531,96.68467025892548,110.80657390466132,96.68467025892548,101.47601296722469,0.0,444.78176301352505,6.836330720350412,1.7461249928612228,0.48260720777520305,低,False,False,False
310,0.5294543073257797,0.4992635759597434,0.0734342963653308,0.9552656104380244,中性附近,1629.1871470651986,460.8336918676181,276.68709416541975,-0.18998555620387694,0.11328932796555635,2.2187229487556173,0.30951028943595255,0.02337058890282959,0.19651029569410525,0.1798727143250621,97.46265009305786,98.15425428309253,96.5575325325469,94.35820581070979,108.36996097072604,94.35820581070979,97.55624570195197,21.33725179488829,445.7272708553773,6.248779796294868,1.5930387746051435,0.0,低,False,False,False
311,0.5852597526922542,0.5544468756942397,0.0734342963653308,0.9552656104380244,中性附近,1658.8006116202,374.9348306653077,293.57891668319786,-0.20928556587783378,0.07262990622000817,2.3762377388936065,0.3252396205123247,0.033220029640346774,0.18686711473477846,0.1715539637899493,100.1041353311782,100.62760191039153,98.88027878125123,96.50225699005706,110.76791251309628,96.50225699005706,100.44944616177533,22.87815672900433,362.64422886223815,7.148091713777945,1.6739970986367185,0.44394581621016016,低,False,False,False
312,0.7516888039750949,0.8040693586279765,0.0734342963653308,0.9552656104380244,高压尾部,1700.1722491530873,350.23419531389897,251.75502568519892,-0.14605598671128114,0.07669073523827223,2.6716341674790374,0.36,0.03043259575020662,0.1581081746731036,0.1467448837740915,109.17508258727318,106.27570221167329,104.02501630350663,101.26914529267106,120.30436597111684,101.26914529267106,107.27435462709457,116.65997253746718,336.45711616193023,9.392609814821135,1.8787204346401214,9.98039927423072,中,True,False,False
313,0.40780580800932764,0.47272890205143403,0.0734342963653308,0.9552656104380244,中性附近,1594.9817545060002,503.8183660297393,279.79751164241867,-0.26666239991004004,0.10318771507869189,2.0468897921076414,0.29350899441895606,0.027495484435848868,0.21753115637598816,0.19800649163189726,97.84409558345003,98.30641402816083,95.9457963493384,93.13215609428786,105.19497932296404,93.13215609428786,96.79459565557144,0.0,306.97901165685835,6.198212652464819,1.510680661560096,0.0,低,False,False,False
314,0.6554811890883047,0.5974144501772602,0.0734342963653308,0.9552656104380244,中性附近,1668.9535047911822,397.2184606650206,253.05988989698238,-0.15696050285281837,0.07331448972485717,2.5216969034291727,0.36,0.02517320255302725,0.17473285052554094,0.16108626466560957,103.36697227468969,103.3482885843191,101.34073203299475,98.75779112223108,114.4772942694135,98.75779112223108,103.61913115815243,72.76349082274828,384.19738732222396,8.314998640387461,1.8529075718386598,4.153327572527388,低,False,False,False
315,0.4837208484961095,0.42915995643652555,0.0734342963653308,0.9552656104380244,中性附近,1571.1243400200547,557.541689590245,270.6214158637849,-0.2411061396368634,0.08446839514646487,2.4113099657580794,0.3408221243016005,0.026590544021495875,0.20441303737987226,0.18669006400507082,102.41187511795752,102.33543907720757,99.59410918004045,96.40290008873158,109.4310019801014,96.40290008873158,101.20049678466951,0.0,305.5249501142498,7.412507877016271,1.7541997076904792,0.0,低,False,False,False
316,0.22108897584381154,0.1663857718947092,0.0734342963653308,0.9552656104380244,缓和路径,1441.4489708652522,562.0671124602245,302.8209209275016,-0.2768559651473421,0.14396455135777905,2.116671096423922,0.2520820331320449,0.02680515608636505,0.24979582497418937,0.22583981035718032,96.21739808585177,95.9023614983054,93.83474736911654,91.04950165186428,102.08520548763673,91.04950165186428,94.72148838061915,0.0,127.27225533194542,5.307736721684816,1.2567890286360002,0.0,低,False,False,False
317,0.38253234114920187,0.48804125874177456,0.0734342963653308,0.9552656104380244,中性附近,1546.7775233736415,528.8389278476303,275.1826290151,-0.276933439814224,0.12940116545087477,2.517668682932897,0.30061089586328554,0.02684247693862907,0.2218984114494179,0.20177393161174434,102.83365162047527,102.64948174370436,100.14162306286686,96.71711317651125,106.43938558397319,96.71711317651125,101.15171697355481,0.0,159.88656200543483,7.271077358983443,1.5472339031174576,0.0,低,False,False,False
318,0.1241429383121098,0.13005252691095137,0.0734342963653308,0.9552656104380244,缓和路径,1400.0,603.4065722302712,338.6151397092433,-0.35,0.13744755174033468,1.8007169822436297,0.25801401415051184,0.024354429106817364,0.2665481002596674,0.24029126569989498,94.79538574005872,93.7979307230895,91.61062991598229,89.40372082728325,101.98044900611447,89.40372082728325,92.98862540438388,0.0,50.0,5.583609383578903,1.286363721324158,0.0,低,False,False,False
319,0.461243695240444,0.5292887881754136,0.0734342963653308,0.9552656104380244,中性附近,1547.0774427751167,578.1401664577695,300.5772148040997,-0.24021218048375012,0.09375994752781878,2.1056493465268913,0.3191222970192427,0.02409569912355351,0.20829708946245126,0.19004066589428556,97.91686192931132,98.42239942090508,96.15330760951461,93.38065229744423,107.11335645899527,93.38065229744423,97.21130795793296,0.0,407.7970442788883,6.477610204577569,1.6425114458041685,0.0,低,False,False,False
320,0.4317841344981801,0.5006910158705614,0.0734342963653308,0.9552656104380244,中性附近,1660.9353099527364,484.6436850155451,282.7744340193291,-0.21941385843162164,0.1051864868937172,2.283871531024958,0.32297582202357084,0.02522975456352812,0.21338770155871448,0.19443211434666405,101.2893335243974,101.11270180608844,98.41558557155369,95.47411080141632,107.98462209124392,95.47411080141632,99.77466773098028,0.0,468.7567573104593,6.40222270752933,1.6623454059674716,0.0,低,False,False,False
321,0.4581711200720318,0.5847483458239698,0.0734342963653308,0.9552656104380244,中性附近,1616.499246285867,465.60868715372465,251.68884828461876,-0.21061718295497014,0.11452108034299613,2.402578988393055,0.318788967044608,0.023770369732803262,0.2088280304515529,0.1904986854685144,100.91012356340731,100.98328692911652,98.45599031685106,95.83179234618261,108.55923766716593,95.83179234618261,99.80900906185198,0.0,450.34573876426225,6.481588126260462,1.6407958079321645,0.0,低,False,False,False
322,0.20290893520305592,0.25759147810593874,0.0734342963653308,0.9552656104380244,缓和路径,1486.9584247899481,642.078269529629,284.9666320014188,-0.3135872929430348,0.13683085045481408,1.886797950463938,0.23936155247036428,0.02595765354288874,0.2529373359969119,0.22854985454400648,94.42121665651507,94.2953814905206,92.43345625033227,89.92674016996585,101.24927929651003,89.92674016996585,93.19205906072827,0.0,120.70712401919263,5.15857689220112,1.193369353953345,0.0,低,False,False,False
323,0.5682991124097412,0.6012263647176287,0.0734342963653308,0.9552656104380244,中性附近,1654.9918819850188,397.0768692271005,199.4021466231615,-0.21517352480538296,0.09888784439042461,2.5659143889410845,0.3343197368765276,0.025489536371343165,0.1897979133755967,0.17408223561897002,103.13353622183655,103.23480990583538,101.13489446278847,98.48691641592853,112.41315029443528,98.48691641592853,102.90499668811195,28.986479532490193,384.06043734153815,7.888132929607641,1.720732144093407,2.089183597549166,低,False,False,False
324,0.13210852124214242,0.11752712633762044,0.0734342963653308,0.9552656104380244,缓和路径,1423.4221457584024,621.5206820965703,357.36252673820957,-0.30085922410234633,0.12721696043570804,1.8809083703847742,0.22594537431850206,0.022274310832394565,0.2651716475293578,0.2391038601191933,94.20646343571198,93.57826270842607,91.57915333120704,89.00387687663392,101.53586345770186,89.00387687663392,92.64160480835172,0.0,130.70357558433534,4.712925039501295,1.1264811854552188,0.0,低,False,False,False
325,0.1459289500902806,0.2818057155487603,0.0734342963653308,0.9552656104380244,缓和路径,1530.540413586699,595.0599755524802,342.2135021314186,-0.331582601557922,0.13223853391292079,1.7697118938990346,0.24464257177664542,0.02127765738214338,0.2627834774243995,0.23704369019991503,95.48757717949196,94.69739978868628,92.52759902882988,89.8688668753265,102.13668464505601,89.8688668753265,93.73767566215382,0.0,125.19210732567808,5.358421986361156,1.2196985890903547,0.0,低,False,False,False
326,0.36208479470663185,0.23999180556756938,0.0734342963653308,0.9552656104380244,中性附近,1573.4421758499152,552.1016410264149,259.83366193855727,-0.25369744192311183,0.12287385677421231,2.250871988329324,0.2714719570056622,0.02563477968282607,0.225431747474694,0.2048219860944895,98.97160853563186,99.0550000769963,96.53752412717208,93.65192081254263,104.7004077297659,93.65192081254263,97.50046528470918,0.0,389.55484385281306,5.683124440750021,1.3972567907712514,0.0,低,False,False,False
327,0.3254086011869437,0.3197741347209718,0.0734342963653308,0.9552656104380244,缓和路径,1516.5792992368774,560.7531686537149,279.0051701888905,-0.25455908141316214,0.11306226864138019,2.4403111316699313,0.26748767469370816,0.02559649764714155,0.23176939371489613,0.21028919637234347,99.56616674951759,99.37444549499581,96.66739305144561,93.6999513411308,103.37766735885005,93.6999513411308,97.80219580286561,0.0,231.74172082835867,5.601477212660489,1.3335959357099973,0.0,低,False,False,False
328,0.42287988354447975,0.4993755280699138,0.0734342963653308,0.9552656104380244,中性附近,1562.4160456108991,484.0878324166491,262.50824799338744,-0.25785239154213363,0.12048103544807653,2.3853921593037946,0.3108501026200771,0.027742540400719825,0.2149263561235139,0.19575944435719334,101.79751325141885,101.68049014819442,98.89495233087217,95.7172120523769,107.38768303667251,95.7172120523769,100.21012066346087,0.0,269.23570738153285,6.960897367986912,1.5999347468099039,0.0,低,False,False,False
329,0.8642183596930837,0.843522955552464,0.0734342963653308,0.9552656104380244,高压尾部,1791.914401153895,319.88608438461677,155.1773397705583,-0.14118013676922836,0.05740717771954799,2.7415535540907454,0.36,0.030325145994473682,0.13866306744503512,0.12997044006707295,116.66478385597179,109.63434280500223,107.05077803557045,104.0710424861953,126.68830353720725,104.0710424861953,111.54342601441488,188.68648221509648,307.3028016465325,10.856321174466794,1.8787204346401214,16.36433684032113,高,True,False,False
330,0.0,0.007743583168438044,0.0734342963653308,0.9552656104380244,缓和路径,1432.4823821904715,700.0,345.89594856633767,-0.35,0.15067617266720457,1.65,0.20492025797769323,0.02920110814388086,0.28,0.2587968815539125,92.99972135526666,91.54729941942823,89.43706186051907,87.47244906698141,101.7398534054841,87.47244906698141,91.07691506911925,0.0,50.164520501064544,4.416618735004825,1.0216576277640501,0.0,低,False,False,False
331,0.26428833028445836,0.38120321299512516,0.0734342963653308,0.9552656104380244,缓和路径,1499.9663121868134,563.7659110628739,305.284088783869,-0.27648083758151093,0.11560760586115328,1.874094470071957,0.26655133026670197,0.02449378591725631,0.2423309765268456,0.21940021202569654,95.67407629739917,95.4041174863781,92.87464787985019,90.20280329410444,101.68009711372049,90.20280329410444,93.98742542043786,0.0,258.504456684479,5.331295260954745,1.3289276640832388,0.0,低,False,False,False
332,0.1897685556168796,0.2672580388955597,0.0734342963653308,0.9552656104380244,缓和路径,1481.1618589533691,601.8603136089732,312.5127747803632,-0.3198452303194163,0.14059273146321855,2.0190858759897137,0.2533366203558715,0.03388129957708473,0.25520799358940316,0.23050865155738462,96.8762978215061,96.25408135991846,94.04696031152528,91.37791553760647,102.51717636090704,91.37791553760647,95.185110123477,0.0,107.0554274817896,5.818854053262502,1.263043942716078,0.0,低,False,False,False
333,0.15122430159836858,0.16429150487054806,0.0734342963653308,0.9552656104380244,缓和路径,1487.2237342955266,567.4847011071475,310.03703224311676,-0.3355111228438662,0.1476232428864157,1.8899421427201137,0.22568164096057705,0.0279936142875956,0.2618684406838019,0.23625432801666865,94.90837870538687,94.23477121968934,92.16209627946623,89.85078955556345,101.78465467324872,89.85078955556345,93.31584197881328,0.0,76.40730483184234,5.066100792686932,1.1251663071729103,0.0,低,False,False,False
334,0.5917391031442676,0.5401827808813244,0.0734342963653308,0.9552656104380244,中性附近,1671.564739866945,349.98234166195857,219.68897250380513,-0.22250742656363087,0.08744512658372756,2.559626539759083,0.3427605263049103,0.02918392867815048,0.18574748297667054,0.17058810643165914,104.0625033930839,103.95906194168646,101.78301597878561,99.09236932516855,113.7805924567627,99.09236932516855,103.78104582258962,34.08286457990289,338.509698291269,8.386961628559384,1.7641765958827011,3.4566257598765873,低,False,False,False
335,0.9058021088521803,0.7337196591101534,0.0734342963653308,0.9552656104380244,高压尾部,1702.807888099249,256.99302022800333,160.32269994488777,-0.13057475731228582,0.04885302814912264,2.8959080382726086,0.36,0.027432358012062483,0.13147739559034324,0.12377167517419305,117.16294818892246,109.07817011895374,106.54620237416079,103.62780800132522,126.86944294083156,103.62780800132522,111.34156278112633,168.08337694719557,246.8837469801087,10.465717103974686,1.8787204346401214,16.545476243945444,高,True,False,False
336,0.28756639125331107,0.29472244997860203,0.0734342963653308,0.9552656104380244,缓和路径,1511.6578439495518,556.965882244283,321.1371113142868,-0.28098110918620317,0.13443917912591366,1.9636615405020805,0.29775334586858476,0.023359161250758754,0.23830852759142782,0.21593022122337663,96.65671617202267,96.6805228353655,94.68823259714446,91.89221881682354,102.08331147907187,91.89221881682354,95.3758287184881,0.0,116.56835493535254,6.314050369495923,1.4844895277851016,0.0,低,False,False,False
337,0.5800757791638194,0.6301333499622745,0.0734342963653308,0.9552656104380244,中性附近,1691.9935345689605,370.7804073119524,275.36097089262057,-0.18476181216730425,0.09203087877866865,2.4047940939110832,0.33766103229056205,0.027258667335026455,0.18776290536049203,0.1723267231914823,102.56650551938375,102.63027614246779,100.55317879727625,97.95478124096621,111.25905056173995,97.95478124096621,102.25512302449347,63.23321113261045,358.62599014413496,7.967476278724644,1.7379296762390017,0.9350838648538371,低,False,False,False
338,0.1725416877392842,0.26350081142636367,0.0734342963653308,0.9552656104380244,缓和路径,1442.0485684158696,624.2036677347771,296.7604157592242,-0.3131464659741962,0.15388600903069674,1.85669267563287,0.22984656525220584,0.02229451865485269,0.25818479635865166,0.2330766091363265,93.91544200115754,93.63416013596454,91.75427702213848,89.1931627171191,101.14436069159689,89.1931627171191,92.58479975665747,0.0,133.93581531406198,4.912876714943022,1.1459310998468761,0.0,低,False,False,False
339,0.39214785634434535,0.4929583352979641,0.0734342963653308,0.9552656104380244,中性附近,1629.0543466759793,514.6115049360466,259.11326382572855,-0.25738740197532817,0.09758025023623919,2.193749969709443,0.26584961101831384,0.02630081112849805,0.22023685042369712,0.2003405755718508,98.03955446957161,98.48470374826027,96.21276010071875,93.46817242268217,105.22504556406382,93.46817242268217,96.9911721277309,0.0,401.5999223904546,5.476163114688603,1.3683187700727673,0.0,低,False,False,False
340,0.4386424527767157,0.41079819224143116,0.0734342963653308,0.9552656104380244,中性附近,1611.6371466848016,515.4307186378609,274.5142822673816,-0.24965015686926367,0.10522734208529516,1.9441641904940847,0.30467761075757044,0.02843160943148201,0.2122025841601835,0.19340976538994706,96.39811749004556,97.17486405395034,95.06690558898217,92.4277896750863,105.92489132392667,92.4277896750863,95.84926734523482,0.0,409.8036377510216,6.027853930255523,1.5681651442844835,0.0,低,False,False,False
341,0.01582701242989997,0.05459236100434136,0.0734342963653308,0.9552656104380244,缓和路径,1400.0,667.2870259572088,348.5671716224583,-0.34854860594295606,0.14871474139984509,1.9158643992123612,0.20221050078575545,0.025143952724828524,0.28,0.25643759623227674,94.87629539191713,93.25764961079726,90.97580516967568,88.85046489081884,102.61299086404203,88.85046489081884,92.7392372629435,0.0,50.0,4.615858711317911,1.0081477672365804,0.0,低,False,False,False
342,0.44070740242340617,0.4955557306768232,0.0734342963653308,0.9552656104380244,中性附近,1605.6093503096645,512.3007950558882,257.2283197016638,-0.24790162325630052,0.09999878627634685,2.281892169924975,0.301480761285539,0.02970057600791867,0.2118457608612354,0.19310194953316856,99.94528489697424,100.21886756061403,97.73030106130352,94.77187332777736,107.4048778149123,94.77187332777736,98.85852749339432,0.0,379.89918273837793,6.329974993509435,1.5517110704157189,0.0,低,False,False,False
343,0.6626328943623556,0.6914834492209073,0.0734342963653308,0.9552656104380244,高压尾部,1685.5763326260846,345.69894912544646,219.15293737368975,-0.14306360277314503,0.08114579542891796,2.3983703363110678,0.36,0.028026968867977363,0.17349703585418494,0.16002018138852456,104.564089718757,104.19411566727857,102.04973711206452,99.41133007301106,115.53138246267302,99.41133007301106,104.50597870499963,121.09236873924965,332.10027187297237,9.296512538531564,1.8787204346401214,5.207415765786905,低,False,False,False
344,0.5102858928606817,0.41798735951757016,0.0734342963653308,0.9552656104380244,中性附近,1592.5732331345846,467.6660745014717,227.61256257735653,-0.22623135099253014,0.10104845487085336,2.250926202462165,0.30040191183217474,0.027088409359343597,0.1998225977136742,0.18273009243649266,97.25479731962061,98.3106887420338,96.3913679816573,94.07482663125276,108.44457470937076,94.07482663125276,97.44561840521122,0.0,452.33568364847247,6.104917863275128,1.5461582695240168,0.0,低,False,False,False
345,0.17503528520338485,0.20996209220266854,0.0734342963653308,0.9552656104380244,缓和路径,1492.9973722986206,599.6829927947034,342.498815749501,-0.2784648600234759,0.13432849413117848,1.6803801543354049,0.27621231229971527,0.024073197986597773,0.25775390271685505,0.23270489603373193,95.45727485806421,94.8435597737903,92.03170851922893,89.27502372029676,101.99928683631494,89.27502372029676,93.52770528406352,0.0,226.6695934805175,5.394798628296974,1.37709379506085,0.0,低,False,False,False
346,0.649383563346026,0.6581036370214635,0.0734342963653308,0.9552656104380244,中性附近,1678.7495753848666,311.19969855277685,220.89511276530567,-0.19763545865931492,0.08431485080427169,2.534501292254018,0.36,0.029514317633303054,0.1757865202538067,0.1619952194651527,105.31149890592673,105.02363457755139,102.79050393854658,100.04815177369986,115.94123282642191,100.04815177369986,105.18528362692524,76.19213180159932,300.9983748471066,9.397406410036927,1.8529075718386598,5.617266129535793,低,False,False,False
347,0.46006619010779226,0.4357906252085496,0.0734342963653308,0.9552656104380244,中性附近,1509.2635942247828,497.79331498380895,258.54270502063105,-0.245952208916452,0.10050076997343078,2.1817705504611045,0.3106346398684897,0.025172320401873616,0.2085005623493735,0.19021619305633972,97.96825770183504,98.53620360511783,96.28042718794191,93.50314362329986,106.61884949257743,93.50314362329986,97.26674140354055,0.0,297.47984745222857,6.509766026991988,1.598825767465833,0.0,低,False,False,False
348,0.4359233908118546,0.45938604049345433,0.0734342963653308,0.9552656104380244,中性附近,1599.6317681967978,502.7061026572556,279.3245795291367,-0.24517836448349856,0.10612287200395287,2.3212636250988554,0.28085634405581694,0.02784785231139362,0.21267243806771152,0.1938150878101276,98.86445771601363,99.41213653626721,97.13501810873494,94.32598707770704,106.8586610275249,94.32598707770704,98.04718126228614,0.0,381.7673443829208,5.803819538322191,1.4455579069442972,0.0,低,False,False,False
349,0.17427654747572024,0.2963980605396327,0.0734342963653308,0.9552656104380244,缓和路径,1508.2843661735776,638.3710775611229,309.40619651776086,-0.3029407431917634,0.13307393005077112,1.661342990468412,0.27313956223764285,0.024085245277294103,0.2578850125961955,0.23281799879344603,95.42994362766032,94.84447494828932,92.2979878190302,89.48478901075273,101.9780991204704,89.48478901075273,93.63098385376053,0.0,207.39216879379273,5.625674225041798,1.3617741845444975,0.0,低,False,False,False
350,0.5215549543232254,0.5285984671275187,0.0734342963653308,0.9552656104380244,中性附近,1657.989009611463,452.50057547237924,261.54062171247864,-0.1808228656976517,0.10206993311739933,2.536470146601325,0.3332295694479219,0.024745049632223483,0.19787530389294664,0.18105024720891436,101.67467053339625,101.76493376872028,99.65093680914724,97.07176653066968,110.216030086023,97.07176653066968,101.12457800355784,7.674212153591725,437.6673193064419,6.541339211916915,1.7151210899738643,0.0,低,False,False,False
351,0.6497210099343917,0.7337812629110152,0.0734342963653308,0.9552656104380244,中性附近,1676.1915186244232,387.0744341986149,200.04665364354148,-0.19359952198651353,0.08838334470672994,2.505666113191668,0.36,0.025670853905597243,0.1757282094833371,0.1619449173132909,103.57756929250753,103.52192371927126,101.45927055769208,98.84651006060788,114.81613481003508,98.84651006060788,103.73667547282352,46.98781347676413,374.38588848403873,8.45959222396734,1.8529075718386598,4.4921681131489635,低,False,False,False
352,0.07904785222244756,0.10750168172270325,0.0734342963653308,0.9552656104380244,缓和路径,1427.463005408299,645.2266958105615,311.0756796690448,-0.3361067782386039,0.14623611912801285,1.65,0.2135100713946735,0.02451176777980768,0.274340531135961,0.24701345506825903,93.13862055128213,92.1800244111794,90.09973747171469,87.58273277996966,101.33007074785402,87.58273277996966,91.39515305247691,0.0,154.5543824672477,4.5169212694182015,1.0644833029078085,0.0,低,False,False,False
353,0.33563945788254945,0.342834851149182,0.0734342963653308,0.9552656104380244,中性附近,1547.299203968018,519.0510698458742,270.66776325478634,-0.2700628055615659,0.11881171929740117,1.9862426108900926,0.27275142457432977,0.02810877575035119,0.23000150167789546,0.20876411321867758,97.05458012847315,97.16578820412867,94.70347444781328,91.93311005269666,102.6307844997052,91.93311005269666,95.60915723696128,0.0,343.1654738795696,5.711007688591232,1.4038421661765466,0.0,低,False,False,False
354,0.5110631853947656,0.4959407405433199,0.0734342963653308,0.9552656104380244,中性附近,1569.1574143209712,434.6164484601685,247.31054908718755,-0.21086280851287958,0.09931363176546722,2.3406013015650373,0.33008710471499386,0.027152359336567407,0.19968828156378451,0.18261422376738007,99.27306886104027,99.88691053814797,97.64769274666446,95.16361583566531,109.33737485625043,95.16361583566531,99.0385615163355,0.0,420.36944533269275,6.690978775549554,1.6989469324797573,0.0,低,False,False,False
355,0.2125062700791709,0.17115819243370287,0.0734342963653308,0.9552656104380244,缓和路径,1484.0558732713146,612.3476661860011,283.6139784036001,-0.2863370191220275,0.12614492128103796,1.900107157601335,0.21518004752096812,0.03306944361838485,0.25127891653031925,0.2271192085897982,93.62300347783187,93.5781541557144,91.30762132592932,88.9095458042332,100.77316093277837,88.9095458042332,92.28117583650324,0.0,223.05867954264068,4.2339649241789035,1.0728091944738756,0.0,低,False,False,False
356,0.7997223194194998,0.7912854832079118,0.0734342963653308,0.9552656104380244,高压尾部,1680.9325917395383,320.51619545683394,189.61038752047475,-0.150778699562317,0.07045989895177644,2.8901517563793426,0.36,0.024037619312245986,0.14980798320431044,0.1395846715460113,113.18618425091395,108.46717733214537,105.98448567504919,103.04303423850311,123.8467855967642,103.04303423850311,109.79255059685137,128.0209496285879,307.90812618952833,10.031148062971974,1.8787204346401214,13.52281889987809,中,True,False,False
357,0.5765850994021542,0.6378631585751307,0.0734342963653308,0.9552656104380244,中性附近,1628.9693250096434,443.42358333956366,231.86562763078084,-0.20514920771158604,0.10079964003024733,2.3778280924307773,0.36,0.028251156858075454,0.18836609482330774,0.1728470683646919,101.22710596551353,101.41818564192027,99.47785641435492,96.97587882466223,111.70371303316836,96.97587882466223,101.28277981073796,11.182740963728065,428.88787673890965,7.702250860109033,1.8529075718386598,1.3797463362822384,低,False,False,False
358,0.28824627551706483,0.18967517551901866,0.0734342963653308,0.9552656104380244,缓和路径,1490.554199714235,606.0114701845041,296.06649439578166,-0.26286534871476747,0.1381924560231981,2.0960287717930637,0.2953634594546438,0.02168480978318589,0.23819104359065119,0.21582887291326508,98.02214792927333,97.9446387249983,95.25931438699915,92.27464229592978,102.75231592674707,92.27464229592978,96.37751996108346,0.0,208.1338558037496,6.125950297454414,1.4725744262310216,0.0,低,False,False,False
359,0.640291697475207,0.6548769026119824,0.0734342963653308,0.9552656104380244,中性附近,1669.9041920199759,348.0082320980148,172.00998527063118,-0.14388956574061734,0.09712842444764606,2.3127444455065644,0.3368423382143914,0.02534123356374786,0.17735759467628423,0.16335051666924036,102.12271976966248,102.26598789976302,100.3930615515142,97.95166821325084,112.76145680680656,97.95166821325084,102.43337565563394,135.70380530712282,336.6003012922342,8.849215561711507,1.7337158860924573,2.4374901099204465,低,False,False,False
360,0.2123536687993297,0.2993434186212958,0.0734342963653308,0.9552656104380244,缓和路径,1451.6772117782637,587.316171595713,313.869512628572,-0.2783950892537675,0.15057603167326375,2.158766038913932,0.2708492315179067,0.029527569265174237,0.2513052860314758,0.2271419564053563,97.84188980981831,97.20031323464826,94.92953331441242,92.0279384140998,103.01654828738155,92.0279384140998,96.07121628938023,0.0,120.93391657574466,5.875263772194992,1.3503554313523392,0.0,低,False,False,False
361,0.3747068205986013,0.3450534998675322,0.0734342963653308,0.9552656104380244,中性附近,1525.786472331261,585.0804276196176,288.8844446772472,-0.24587239165467703,0.12136314796250035,2.0376610184531763,0.2894320954249057,0.0332144738730539,0.22325066140056166,0.20294045851320244,97.15317575872488,97.35274806449401,94.94506299048885,92.18330758416631,103.5857566611809,92.18330758416631,95.81904505743617,0.0,324.34384419865455,5.8112474096623,1.4896970031831593,0.0,低,False,False,False
362,0.5619143896290499,0.47395835796661556,0.0734342963653308,0.9552656104380244,中性附近,1639.1068491162994,484.10481769875196,203.54298905559213,-0.22036765157280086,0.08341340501391856,2.587284418235405,0.338128054483407,0.027080179311025104,0.19090119347210016,0.17503398711382198,103.02214706145007,103.11908879375477,100.58459587682846,97.60484450168933,112.6274139677672,97.60484450168933,102.61577120540105,0.0,468.2355544064486,7.074926789907857,1.7403334233427217,2.3034472708810796,低,False,False,False
363,0.50538291072766,0.43192959827575805,0.0734342963653308,0.9552656104380244,中性附近,1602.832716355113,470.75497447545354,235.5529279802486,-0.19476634742508803,0.09770015342135153,2.22893247742746,0.3357692384918877,0.02447113725449608,0.20066983302626035,0.18346096529262484,98.85459434186059,99.17256638770965,97.33180634345146,94.95592261586629,108.7116216618019,94.95592261586629,98.47158111205347,11.839275758398799,455.32332752010086,6.788930045981735,1.728192678866999,0.0,低,False,False,False
364,0.5026156660348773,0.5562526819561961,0.0734342963653308,0.9552656104380244,中性附近,1573.9398978402555,451.27799272970236,270.59478198167324,-0.2098229818954571,0.09922633186463067,2.2905611419024403,0.3487779601256952,0.02295674825050262,0.20114801290917317,0.18387347016769037,100.18659120417634,100.44730063780841,98.00144002321566,95.05314121525916,109.51101478062625,95.05314121525916,99.51295969392322,0.0,427.0709228873566,6.745759027071052,1.7951481200203965,0.0,低,False,False,False
365,0.7988690440506206,0.7524616125850303,0.0734342963653308,0.9552656104380244,高压尾部,1731.7287414141451,314.2381817218243,154.5710750330186,-0.1526938207019683,0.05217354652109504,2.6082855728017598,0.36,0.027050873811391873,0.14995542918805274,0.13971186674864516,111.67363461707825,107.09369341406922,104.7510101058135,101.95048866389581,122.24279444157669,101.95048866389581,108.44388005329301,147.9170463309929,301.87706918604755,10.230050327679747,1.8787204346401214,11.918827744690574,中,True,False,False
366,0.4008171951141155,0.48654901273186524,0.0734342963653308,0.9552656104380244,中性附近,1552.1990279370639,520.3666335009132,279.1333314589344,-0.2871230658132353,0.11200613827647257,2.140712816458405,0.29372542274307745,0.028695058948562776,0.21873878868428082,0.19904826321673025,98.81713652664305,99.19506943778003,96.93438957392294,93.93162140413025,104.84683771004275,93.93162140413025,97.69739870759828,0.0,176.34332295704917,6.752642501994568,1.5117946106726652,0.0,低,False,False,False
367,0.767606883017734,0.8122044506332529,0.0734342963653308,0.9552656104380244,高压尾部,1700.6494052201344,312.4080935987613,182.67510257633492,-0.18409529911005476,0.08319827652040059,2.587910224599295,0.36,0.026092929656991646,0.15535753061453553,0.1443720234253508,109.39609434295521,106.02815333045459,103.82122352185826,101.09770418836544,120.39325789254129,101.09770418836544,107.14965190958547,101.07084383750043,300.1189708037462,9.8577491833411,1.8787204346401214,10.069291195655168,中,True,False,False
368,0.6566882444871569,0.650350220953145,0.0734342963653308,0.9552656104380244,中性附近,1659.944488331212,425.5589742752269,241.43121560393018,-0.1959039302224579,0.080924350176159,2.6363947324989256,0.3491434572255274,0.020481110702808038,0.1745242713526193,0.16090633253391218,103.22973253925353,103.32267546697737,101.35841758976889,98.7827675369082,115.58446881188301,98.7827675369082,103.73211596416586,26.89153696133326,411.6088809023108,7.823813741395089,1.7970293209752972,5.260502114996896,低,False,False,False
369,0.7512160359042009,0.77657525233952,0.0734342963653308,0.9552656104380244,高压尾部,1680.7144576359744,343.6165683377372,150.0,-0.15909479922468947,0.06425629556700521,2.3976772936115287,0.36,0.02888815426546462,0.15818986899575405,0.14681535789390018,106.4064662414534,103.80339812581694,101.81973309464327,99.30635164718913,117.40145675777448,99.30635164718913,104.83201812174453,113.68725236457249,330.0998052025042,9.471616924048687,1.8787204346401214,7.0774900608883655,低,False,False,False
370,0.601350301356493,0.6383337667481239,0.0734342963653308,0.9552656104380244,中性附近,1632.8371498954782,383.4838564627073,202.98550385230598,-0.22031567285150022,0.08087718219045739,2.2117799585510958,0.36,0.02513482991128713,0.184086667925598,0.16915539391147452,100.87017064853588,101.11768713275787,99.24834464010856,96.83060172481522,111.60108637177017,96.83060172481522,101.07070749012273,38.44088768536858,370.9130121660461,8.640013248680212,1.8529075718386598,1.277119674884048,低,False,False,False
371,0.5025539898220555,0.4516170314313075,0.0734342963653308,0.9552656104380244,中性附近,1584.0667299631373,440.71408092994795,275.37715503213377,-0.2359868547690227,0.10713028108831425,2.3012859489766466,0.3408111340780545,0.029352527133847665,0.20115867055874878,0.1838826640559399,100.91533397252924,101.13008568958774,98.59007146678763,95.54947499479418,109.4912810832494,95.54947499479418,100.14554057669628,0.0,346.26361445623115,7.13232551632623,1.7541431413893003,0.0,低,False,False,False
372,0.31426471384276256,0.45748813985056475,0.0734342963653308,0.9552656104380244,缓和路径,1512.6299872691504,544.5566286872825,292.2520479214392,-0.2834317465089989,0.11673886113813117,1.9668525755828177,0.2698924915040694,0.02537970544058483,0.23369505744797062,0.21195038226914728,95.96590240458862,96.04789761465177,93.6662078722822,91.00264927546012,101.89362361792902,91.00264927546012,94.55782303243888,0.0,275.3479458130387,5.595960878345218,1.3455854747723002,0.0,低,False,False,False
373,0.6120986663239821,0.538704941804735,0.0734342963653308,0.9552656104380244,中性附近,1663.455919343832,380.7582904313828,214.87481168876266,-0.19812907203643504,0.0928957165859825,2.389412701005099,0.3417002598555069,0.027089496717923014,0.18222935045921584,0.16755316735029016,101.74862212513281,102.03845569173907,100.1460869225441,97.66712071825083,111.8365169609677,97.66712071825083,101.96933933187253,53.808215833953,368.27679191974653,8.155719558157948,1.758719441070851,1.5125502640815824,低,False,False,False
374,0.3186119693948561,0.22832988378102345,0.0734342963653308,0.9552656104380244,缓和路径,1508.6037923817312,584.9561244015235,292.7267889902265,-0.287881559573538,0.1195799334416206,2.2974042926556617,0.255750218897738,0.023221991322526142,0.23294385168856885,0.2113023499093522,97.41980351157544,97.73658193067618,95.68763745667694,92.83846454520315,102.3005044042779,92.83846454520315,96.2758248422392,0.0,160.34032554285295,5.670818085782077,1.2750772642870787,0.0,低,False,False,False
375,0.4486174842244241,0.40246133964596553,0.0734342963653308,0.9552656104380244,中性附近,1546.6091763593436,483.41879321206,291.6994017278209,-0.24070501892970644,0.09591072827687781,2.070386529987397,0.2975523808316789,0.02464615304158281,0.2104788987260195,0.19192281733947522,96.01195638649908,96.96161017752392,95.00848477179801,92.46079680067956,106.10958095541135,92.46079680067956,95.73125720698003,0.0,376.5656995880654,5.898827632649154,1.5314918318378843,0.0,低,False,False,False
376,0.5256787376889858,0.41173966750855195,0.0734342963653308,0.9552656104380244,中性附近,1662.528051282158,415.6627685954595,235.71247813519184,-0.19005089199725045,0.09581209172979628,2.3060250684749084,0.3407875421246131,0.024481830883145747,0.19716271412734324,0.18043552717836306,101.12776710576868,101.26679655845076,99.2425186379697,96.71463252056171,109.7269564886178,96.71463252056171,100.61884479798589,40.96722493723428,402.0370791280314,7.565020078039642,1.7540217144193937,0.0,低,False,False,False
377,0.2945849307789784,0.3173738091792841,0.0734342963653308,0.9552656104380244,缓和路径,1511.703984243349,565.6168819218777,318.0053796326555,-0.23935549877251744,0.1063777138198579,2.0376694027942013,0.3037671133791189,0.02385791027049675,0.2370957239613925,0.2148839885654086,98.06475118624307,97.52708894514527,94.75197012410096,91.84494434601326,102.99164264635742,91.84494434601326,96.0850760503315,0.0,285.2210741347826,5.828209776067574,1.514471978077574,0.0,低,False,False,False
378,0.1417069343121649,0.15629069371091914,0.0734342963653308,0.9552656104380244,缓和路径,1459.7175797906557,645.7870648203157,325.2056048886614,-0.31693540518849284,0.14527063261304218,1.9055106361037735,0.2617922887954538,0.023715965673625165,0.2635130417508579,0.23767305344184977,96.27157197214231,95.38374144169234,93.11349182563383,90.78003601224005,102.51829373943653,90.78003601224005,94.45806568976649,0.0,61.03699178757961,5.9145967487786715,1.3052008199540683,0.0,低,False,False,False
379,0.21169552616975823,0.25170716227126894,0.0734342963653308,0.9552656104380244,缓和路径,1454.936026243829,668.6473603048308,337.62938536225437,-0.299715843340076,0.13246957457152947,2.014517519602786,0.24055300381519623,0.027748393211634328,0.2514190130778658,0.22724006375520323,95.32917591957575,95.10283564909435,93.14454332119203,90.43202296828537,101.70238665686584,90.43202296828537,93.95284582450903,0.0,143.59311507966595,5.1916947414738415,1.1993094955799957,0.0,低,False,False,False
380,0.03349419272661901,0.13153217975934423,0.0734342963653308,0.9552656104380244,缓和路径,1421.2685949919398,639.8393873434256,345.5111309264753,-0.3380641017213935,0.16663133011638748,1.65,0.21360315375817482,0.02491354897323207,0.28,0.25380400260029123,93.25416711571067,91.97135990460414,89.86598012935973,87.59476757826681,101.68543594506598,87.59476757826681,91.38302044892168,0.0,97.51548258644652,4.549813001795896,1.0649473776050586,0.0,低,False,False,False
381,0.4858646793586996,0.42484276582283254,0.0734342963653308,0.9552656104380244,中性附近,1597.6834663210632,493.92898890960396,276.3898369503966,-0.2565143969851814,0.09150622923823086,2.4321413546202035,0.3210738506960981,0.022742257499413488,0.2040425834068167,0.186370489561784,102.22927695939654,102.27792728386221,99.61956557243869,96.47598437817592,109.48210427634245,96.47598437817592,101.15734173824416,0.0,331.39945087968226,7.20046782712644,1.6525560252060987,0.0,低,False,False,False
382,0.46028660577734937,0.6118166925044987,0.0734342963653308,0.9552656104380244,中性附近,1574.7097257503344,467.49470133246643,245.17373887132612,-0.2404301850762909,0.12155685263918695,2.3275734147338234,0.34944513297804286,0.028278016645771564,0.208462474521674,0.19018333635289375,102.73751118984762,102.39008380270988,99.46398008471992,96.17938827022898,109.32142629914601,96.17938827022898,101.15063778748969,0.0,367.3103852691056,7.537006435568144,1.7985820356588416,0.0,低,False,False,False
383,0.27088868329262045,0.34010974970526986,0.0734342963653308,0.9552656104380244,缓和路径,1538.0991631660322,546.4632779962519,297.7718155042566,-0.3243541856656355,0.11574527960525019,1.763846461091289,0.2905419916777887,0.027340127013983934,0.2411904355270352,0.21841631717891216,96.20529421722317,96.08199409638351,94.05277709445426,91.127198706257,102.047167574184,91.127198706257,94.82180291431811,0.0,154.9584215861305,6.52445393092818,1.4485363473224016,0.0,低,False,False,False
384,0.1561110849231861,0.21007891584961333,0.0734342963653308,0.9552656104380244,缓和路径,1400.0,666.4483950322525,316.16879435231635,-0.2883063497710808,0.1579715814610728,1.8577932895467044,0.2295971380789539,0.02633004939313618,0.2610240045252734,0.23552586986834018,93.20989979116767,92.87089950358462,91.00419651874779,88.65654645903736,100.8002614634966,88.65654645903736,91.89798442102044,0.0,104.91853919046116,4.649279120540585,1.1446875469808035,0.0,低,False,False,False
385,0.2726115962212497,0.3541022987249946,0.0734342963653308,0.9552656104380244,缓和路径,1489.264542912573,597.5187528278743,306.8401895753807,-0.28595115698950196,0.12292044983350427,1.919185066543615,0.2793107351432126,0.0242448939045506,0.24089271617296804,0.2181594877108761,95.6098646214458,95.76764605504225,93.7239948801101,90.94048934814154,101.6111130441422,90.94048934814154,94.41369945828363,0.0,161.99626183068176,5.866340140129643,1.3925414006969998,0.0,低,False,False,False
386,0.8125333003992836,0.8524786291083861,0.0734342963653308,0.9552656104380244,高压尾部,1774.800967916907,281.2507413489841,180.1634075219484,-0.15687376786039897,0.07212627993288605,2.8408381921665176,0.36,0.02885144632993483,0.1475942456910038,0.13767497699593573,115.03047741816893,109.63435662226941,107.01526442461788,103.98348747486762,125.50188339877857,103.98348747486762,111.07497132258037,144.03737093326345,270.1872479010013,10.27051212239515,1.8787204346401214,15.177916701892457,高,True,False,False
387,0.05784230132613237,0.059743309003640506,0.0734342963653308,0.9552656104380244,缓和路径,1417.0664299019297,643.8016117789917,340.6824116927748,-0.3461647317663125,0.1384137875823947,1.6658623283772576,0.2046330235810106,0.026132152942492118,0.27800485033084427,0.25017450300377214,92.24330030337013,91.34320149499558,89.41034022350169,87.44044301909982,100.91778012966442,87.44044301909982,90.6784269742032,0.0,59.0073272736754,4.404384899700164,1.0202255818783819,0.0,低,False,False,False
388,0.07068965444848806,0.045067936419825795,0.0734342963653308,0.9552656104380244,缓和路径,1420.653323520483,655.0544414971023,367.0404851679592,-0.3364546516056609,0.14585400693613995,1.719293590943313,0.17600400568487176,0.02551861505155502,0.27578482771130125,0.2482593865673825,91.57111390437407,90.90152619366113,89.04893785938695,86.81096375003749,100.43381656843455,86.81096375003749,90.12807898714814,0.0,142.7561582942326,3.618585366823812,0.8774917458114389,0.0,低,False,False,False
389,0.5356241867909488,0.5579187538221128,0.0734342963653308,0.9552656104380244,中性附近,1635.2451442371016,442.8171643289655,261.43313207402446,-0.21615040405177116,0.101489226196924,2.3542000241334398,0.36,0.025079414072066115,0.19544414052252404,0.17895298887953612,102.06298202878587,102.08308731695158,99.48351733889534,96.91937329389829,111.070349821312,96.91937329389829,101.44693101722639,0.9140703309003584,428.30133652850685,7.645970941866699,1.8529075718386598,0.7463831244258898,低,False,False,False
390,0.1121004784042838,0.24551557952007766,0.0734342963653308,0.9552656104380244,缓和路径,1454.8893354677957,654.845199305074,345.9031768923808,-0.31732829316722533,0.15210288527568794,1.8410514842244048,0.2569327760682423,0.023398770078764966,0.2686290373317397,0.24208639911643579,96.34238357871311,95.21478539780549,92.87831994835591,90.19109518703128,102.71951306465016,90.19109518703128,94.33833916163071,0.0,115.48316054435054,5.707258934490933,1.280973062806151,0.0,低,False,False,False
391,0.5009656085285084,0.5351936065568781,0.0734342963653308,0.9552656104380244,中性附近,1583.7796817246642,424.5817670910139,254.18238204870548,-0.22901018257559752,0.09071076197437933,2.3121359247077136,0.3089510401309368,0.026646785756142405,0.20143314284627375,0.18411943929622132,98.7205549778879,99.40737524241415,97.25244015298473,94.73485409357072,108.81233840903292,94.73485409357072,98.46187213717806,0.0,410.6637071900453,6.410321687450468,1.5901603377390072,0.0,低,False,False,False
392,0.29762361660499687,0.2860921449041672,0.0734342963653308,0.9552656104380244,缓和路径,1525.1150197302227,556.5490717478979,293.68056043055554,-0.2913967383727584,0.1165214747220531,1.97002298227068,0.2861444270302369,0.02698223848907301,0.2365706390506565,0.21443102077391032,97.57506354025713,97.49661516881827,94.73852740586561,91.81215825228033,102.52976582139097,91.81215825228033,95.89657119576641,0.0,232.56089850431636,6.161184080205719,1.4266116947278014,0.0,低,False,False,False
393,0.4896593622169424,0.43582389828254703,0.0734342963653308,0.9552656104380244,中性附近,1640.650303305908,441.57166804579737,270.073847077952,-0.22297621721904054,0.09862495723483887,2.3726474589572417,0.33262013210490277,0.021910456180941045,0.20338686220891233,0.1858048275578292,101.60869342952654,101.64701775057252,99.07237027029748,96.18277120537074,109.70904831181399,96.18277120537074,100.62427160465519,0.0,427.09666840429225,6.8275078242068865,1.711984337008749,0.0,低,False,False,False
394,0.9438052951123093,0.7119857518219558,0.0734342963653308,0.9552656104380244,高压尾部,1785.1270101253608,210.48146833972962,175.3653180629812,-0.12013012253566091,0.04456117329635342,2.8200879990077032,0.36,0.028460000418630636,0.12491044500459296,0.11810665406449034,120.04964829885023,111.0340778838793,108.20798635048631,105.1093921922396,129.63586580672938,105.1093921922396,113.47165765254259,230.05945883355707,202.20180893428497,11.409787673137853,1.8787204346401214,19.311899109843267,高,True,False,False
395,0.7484566161834166,0.6362716167662761,0.0734342963653308,0.9552656104380244,高压尾部,1766.105637244951,321.983951497492,179.7497879896478,-0.13935173326808206,0.0655083303553779,2.6429413934530652,0.36,0.030851870847564796,0.15866669672350558,0.14722669632383528,111.30529332086924,108.12944352124006,105.65862631239388,102.7350668547645,122.26094123564177,102.7350668547645,109.09472031440643,164.67348611202215,309.31814546028073,10.252301443078105,1.8787204346401214,11.93697453875565,中,True,False,False
396,0.8382904028534558,0.8254577075182372,0.0734342963653308,0.9552656104380244,高压尾部,1772.428001575726,277.2830168573323,170.12416255541214,-0.14324724896822613,0.06108433263814217,2.624019782515556,0.36,0.030390234585583965,0.14314341838692285,0.1338354429071652,114.55196419543779,108.48282834012792,106.01660694955575,103.12714414972464,124.86696744595699,103.12714414972464,110.17941372216863,186.8992024785166,266.3756008429813,10.860757239701766,1.8787204346401214,14.54300074907087,中,True,False,False
397,0.23586997387145547,0.27357064757616983,0.0734342963653308,0.9552656104380244,缓和路径,1513.9386977011961,583.4704384447717,285.253857638772,-0.2808415005140625,0.12235203905431198,2.2198092053082346,0.2818707811916994,0.023265045219345533,0.2472416685150125,0.22363645126839446,99.89850040700757,99.21696797584147,96.43862873247983,93.239841630911,103.95665039240912,93.239841630911,97.84706279874311,0.0,193.49777566722696,6.210453181852498,1.4053048560950916,0.0,低,False,False,False
398,0.40585995584027557,0.18718506297016127,0.0734342963653308,0.9552656104380244,中性附近,1529.5114653596206,506.0979204562463,293.4149813703931,-0.23223093731976294,0.1174627544691866,2.2724162731570283,0.31677401272400896,0.027009515729224547,0.21786739963080037,0.19829655398452706,100.06376322583479,100.08225635296583,97.41661345979357,94.3763056188471,106.32435092373339,94.3763056188471,98.58529722784303,0.0,300.86812094266315,6.507229656455364,1.6304249076056452,0.0,低,False,False,False
399,0.3074242050348636,0.3344402034848753,0.0734342963653308,0.9552656104380244,缓和路径,1546.1449097317213,556.337494423461,290.05794284886395,-0.25323151439648434,0.12548798379968648,2.039163455791246,0.26585751334043206,0.025606403399852335,0.23487709736997556,0.21297007642143762,95.93790752459283,96.05185273475283,93.74938749234542,91.1430538218509,102.03402784926631,91.1430538218509,94.60199695522203,0.0,304.83606679134937,5.103217167126598,1.3254685460731852,0.0,低,False,False,False
400,0.4693624774271633,0.4369955538557412,0.0734342963653308,0.9552656104380244,中性附近,1611.1430849477197,438.4025899079728,254.27389858748384,-0.24142727810158424,0.0989576185970779,2.245906860628162,0.3473157275084567,0.024562717664473443,0.20689416390058618,0.18883042335940906,101.79900129671904,101.73045975016953,98.96487991320922,95.782302717187,109.43641215076907,95.782302717187,100.55990814675474,0.0,391.4389716335518,7.340006143829657,1.7876220592196448,0.0,低,False,False,False
401,0.840231478172739,0.7345224178030414,0.0734342963653308,0.9552656104380244,高压尾部,1707.9424207152388,277.11491492927547,184.90468424762182,-0.14504540938563107,0.05914662574319907,2.8723659372359034,0.36,0.02737606015047959,0.1428080005717507,0.13354609262521794,115.1320944633759,108.9278993614459,106.39009107120445,103.45162727165325,125.3257716288952,103.45162727165325,110.62047128584767,149.87392926354005,266.2141115004442,10.345420413122554,1.8787204346401214,15.00180493200908,高,True,False,False
402,0.912454575168219,0.8317802620068523,0.0734342963653308,0.9552656104380244,高压尾部,1791.3045323458932,233.2309736216079,158.28800196625065,-0.1071903884852993,0.05100909651548623,2.881041450130042,0.36,0.023159152286201804,0.13032784941093176,0.12278001195274668,119.70250049909565,111.31610719797234,108.4550235246798,105.31696483173455,129.43066253520246,105.31696483173455,113.52002558563538,233.11813907134638,224.05642234343887,11.15156999609947,1.8787204346401214,19.10669583831634,高,True,False,False
403,0.3104633692081293,0.2820649558374159,0.0734342963653308,0.9552656104380244,缓和路径,1554.7969571796716,583.240475734818,293.77511993007613,-0.29989329948968296,0.12087618375471879,1.848591886620241,0.25595509903909036,0.02794711096161365,0.23435192980083525,0.21251703732414845,94.51571539108092,94.89776349491223,92.73185656013571,90.22753778809705,100.97191211360551,90.22753778809705,93.38923531919679,0.0,240.39631542186544,5.275148649485699,1.2760987219079885,0.0,低,False,False,False
404,0.16702573378276836,0.2206085087652381,0.0734342963653308,0.9552656104380244,缓和路径,1479.6566990061917,562.673197873717,260.54213705703353,-0.29172787669384614,0.14150108022397764,1.7901031232919635,0.25882663523044763,0.030551409239671822,0.25913795320233757,0.23389885586558545,95.96549923788974,95.24057943879299,92.36462184882835,89.59670829807456,102.29361846680999,89.59670829807456,93.94406323575318,0.0,236.0959800601231,5.286079975891114,1.290415153490951,0.0,低,False,False,False
405,0.4822778085297089,0.38647212023649546,0.0734342963653308,0.9552656104380244,中性附近,1604.4614499144234,429.2933920227923,216.23089129087577,-0.23494343968713924,0.09622721659891284,2.078888194860133,0.28756540458522883,0.022921070318759725,0.20466239468606628,0.18690517364918982,95.84035953254698,96.65094038578196,95.20157787554008,93.13601871547735,107.06582527294084,93.13601871547735,95.87716452823643,11.098124973024824,415.22088206505214,6.141291630252165,1.480089209874495,0.0,低,False,False,False
406,0.7320918926163169,0.6248968436238541,0.0734342963653308,0.9552656104380244,高压尾部,1720.951552183272,349.3123425816676,194.0112747253042,-0.17963717629310197,0.07231685733169872,2.633594567774288,0.36,0.025237575854780103,0.16149452095590044,0.14966613663358988,109.0595017536361,106.74023754954682,104.44153701468709,101.62013058288804,120.26014252248402,101.62013058288804,107.5813086423538,102.68188563673175,335.5715261311379,9.782268500647334,1.8787204346401214,9.9361758255979,中,True,False,False
407,0.9077471552224537,0.8996523661921583,0.0734342963653308,0.9552656104380244,高压尾部,1783.534823109899,268.43197889066266,150.0,-0.12615324720281862,0.05270826697221664,2.8368118139564005,0.36,0.025841049468338213,0.13114129157756,0.12348173293957283,118.23627787619846,110.0491306184865,107.39547540258758,104.37917451727321,127.93453810366674,104.37917451727321,112.28323449243844,193.1203133440904,257.8727340494166,10.664564141761382,1.8787204346401214,17.610571406780622,高,True,False,False
408,0.7501460140937269,0.6718447684072797,0.0734342963653308,0.9552656104380244,高压尾部,1650.6016983811394,387.4691805711494,183.20788472348073,-0.1496214369218394,0.06891958512963796,2.5506020819315944,0.36,0.029827706842507577,0.15837476876460396,0.1469748628391615,106.2128961012931,103.6648377568309,101.71238969315891,99.20318116555475,117.25236446341248,99.20318116555475,104.69287099429489,86.65322833369828,372.22739766958887,8.701914941478146,1.8787204346401214,6.928397766526359,低,False,False,False
409,0.355955456435194,0.3509018958784991,0.0734342963653308,0.9552656104380244,中性附近,1557.9591894258194,521.105717499023,249.22463151925228,-0.2785349001966977,0.10275130726452823,2.1617769676519103,0.2547551139639529,0.024694510381776197,0.22649089712799844,0.2057356681857365,97.68138613910335,97.90463882573322,95.52982424931979,92.77227431210815,103.2631876771973,92.77227431210815,96.34539162487238,0.0,303.96626313686465,5.548358790621128,1.3112157767456363,0.0,低,False,False,False
410,0.7696861169344389,0.6083417108303473,0.0734342963653308,0.9552656104380244,高压尾部,1712.5424329512985,310.2934409393838,187.65097534084074,-0.1756861703804673,0.05712121203117816,2.7698529977441897,0.36,0.029071832589995874,0.15499823899372897,0.14406207825524017,111.71581228970666,107.96977891076246,105.51839504023938,102.61942426040383,122.69472780304781,102.61942426040383,109.09394797564805,111.82591969925124,298.0875017325419,10.059997842729521,1.8787204346401214,12.370761106161694,中,True,False,False
411,0.2084486248047199,0.150427455826784,0.0734342963653308,0.9552656104380244,缓和路径,1479.6258486923564,629.7851407294158,375.5596448504888,-0.29390178660337485,0.13075281855517354,1.791724572740187,0.23313195092079186,0.020023154547861202,0.25198007763374436,0.22772406961324257,93.59594496375901,93.5692759806445,91.28035592282643,88.81495994535096,100.8765086644219,88.81495994535096,92.26824680910927,0.0,212.50815696346217,4.653515044347557,1.1623108339033448,0.0,低,False,False,False
412,0.622800143545867,0.6117567646598507,0.0734342963653308,0.9552656104380244,中性附近,1651.664164479318,401.9975571297265,186.14751358125602,-0.18607051536868943,0.07889576282710774,2.4615380733194847,0.36,0.0234703388844547,0.18038013519527415,0.1659579302048568,103.73915312227344,103.65622616657808,101.50564955655081,98.84101237272804,113.51229356521159,98.84101237272804,103.58681048055568,66.75668670676168,388.81982197046983,8.855986941500358,1.8529075718386598,3.1883268683254755,低,False,False,False
413,0.0956633865835401,0.17563077123509868,0.0734342963653308,0.9552656104380244,缓和路径,1400.0,649.9826245069993,367.0654583162633,-0.2892557242554031,0.1423524353942561,1.8089225298305778,0.2451954591586611,0.031618614122343104,0.27146936679836425,0.24453662714492952,94.44132261584997,93.51893658913988,91.41900743219645,88.87034421410029,101.78230314879886,88.87034421410029,92.68860075133797,0.0,115.33294221811775,5.01481607944677,1.2224550838200865,0.0,低,False,False,False
414,0.5917207669332702,0.48542387219821354,0.0734342963653308,0.9552656104380244,中性附近,1618.2136582078588,437.80676399492546,260.55681829373884,-0.19430653289455818,0.08495745456137427,2.1165061289713196,0.35832334085985235,0.02401461162219536,0.18575065147393088,0.1705908397556931,98.40151581395168,98.87110570632846,97.21118029844952,94.98307215462133,110.14877721710313,94.98307215462133,98.7822172378453,25.050335172105406,423.4551802986232,7.5256995652269865,1.8442778651270706,0.0,低,False,False,False
415,0.8140027572506128,0.760874277165362,0.0734342963653308,0.9552656104380244,高压尾部,1656.9871294915397,289.10376065024724,164.57822666634328,-0.14217654100665136,0.05160576422985889,2.719990562933982,0.36,0.028383839262641382,0.1473403235470941,0.13745592946593135,112.19439687538397,107.07846210376022,104.73095646737663,101.9530514460229,122.87773147610248,101.9530514460229,108.59301674406012,148.81532271274045,277.73135485177716,10.318610237537102,1.8787204346401214,12.553764779216365,中,True,False,False
416,0.5459053797988748,0.5987266491634178,0.0734342963653308,0.9552656104380244,中性附近,1645.2878499600683,464.0474096433509,222.66853312123186,-0.235713793411785,0.09840520036876921,2.189589306075997,0.3452557938132115,0.029931503261359335,0.19366755037075445,0.17742040224261157,99.7973391694085,100.34334373934541,98.05339911825605,95.29852000998491,110.35679282093497,95.29852000998491,99.73046057533843,0.0,448.8356409219658,7.130634336471172,1.7770196516046295,0.03282612404885299,低,False,False,False
417,0.8562109807137445,0.8489173128432987,0.0734342963653308,0.9552656104380244,高压尾部,1709.122943491102,315.54889093570984,162.81334441710607,-0.14862549072701567,0.05565880905883569,2.637547572042069,0.36,0.02853831118863922,0.14004674253266494,0.13116407605961442,113.25767224246353,106.89555441652195,104.5940974437212,101.86279838616245,123.44072368574722,101.86279838616245,108.7555073000897,152.29209373893354,303.1362193436601,10.323833810739178,1.8787204346401214,13.116756988861098,中,True,False,False
418,0.016458186806644695,0.12596497974618323,0.0734342963653308,0.9552656104380244,缓和路径,1400.0,700.0,320.9912620510039,-0.3280507679568766,0.15016965207242092,1.8794138950250487,0.17431535014099758,0.022419356248632224,0.28,0.25634350895907587,92.99208551971563,91.69125725239051,89.62829300881103,87.59723517844333,101.6234793497622,87.59723517844333,91.16189024455261,0.0,69.04541344381869,3.675337795690824,0.8690727254857231,0.0,低,False,False,False
419,0.6245001036836123,0.540947550040798,0.0734342963653308,0.9552656104380244,中性附近,1625.434030976295,394.90298738173936,218.9332851397861,-0.1450647100636911,0.08407571144611764,2.3671175059102785,0.36,0.028132322352932553,0.18008638208347177,0.1657045222405861,102.00092072960001,102.09050561240144,100.10425563003844,97.58935324411159,111.9875063154923,97.58935324411159,102.0465512701782,85.71117023022634,381.95781672331043,8.385947828176267,1.8529075718386598,1.6635396186061797,低,False,False,False
420,0.8532274577892724,0.6379893210370092,0.0734342963653308,0.9552656104380244,高压尾部,1800.0,258.51041739680886,178.09730537419597,-0.15942953146963273,0.057298643195769564,2.6789452362224377,0.36,0.0312686006120483,0.1405622952940137,0.13160882088265963,115.3565230550156,108.770110262184,106.26267094561798,103.35145473728095,125.52169776365938,103.35145473728095,110.59214466724816,161.17328468772757,248.34145465776996,10.552538987546836,1.8787204346401214,15.197731066773258,高,True,False,False
421,0.3804611763258155,0.42409152532201494,0.0734342963653308,0.9552656104380244,中性附近,1559.7349185522967,576.7599497142289,308.9914668208427,-0.24689984047458624,0.09982301365193295,2.0786971697083017,0.3398722249046555,0.03082455185239218,0.22225630873089905,0.20208267394629081,100.83719810773259,100.36793882295511,97.43300959204285,94.25191318706081,105.92320363840741,94.25191318706081,98.85527504959356,0.0,328.1467781612464,7.145394176642174,1.7493106082874668,0.0,低,False,False,False
422,0.0059929435374909135,0.14031227110882102,0.0734342963653308,0.9552656104380244,缓和路径,1400.0,696.1027289720766,345.75551873833996,-0.3360814301333986,0.16865968081311145,1.65,0.22810363661896865,0.026350459198521248,0.28,0.2579035314169857,93.48749411963088,91.92187723483381,89.72266897653651,87.69077710594465,102.04946142089565,87.69077710594465,91.45438412692228,0.0,50.0,4.737704505579676,1.1372414937026705,0.0,低,False,False,False
423,0.6349560160991475,0.6448060708600751,0.0734342963653308,0.9552656104380244,中性附近,1670.1556317339137,345.7665424984829,232.34376366097945,-0.1790606005791114,0.09769192856840607,2.558300918180999,0.36,0.02904894982303478,0.1782796004180673,0.1641458907050679,104.97733292073845,104.70793197948889,102.479162912448,99.75118924210602,115.16079129572957,99.75118924210602,104.7678289072673,77.279365076467,334.43209570106995,9.01223080597965,1.8529075718386598,4.8368245988434495,低,False,False,False
424,0.6314397260802939,0.6732184537160683,0.0734342963653308,0.9552656104380244,中性附近,1680.9540195610753,385.7437945469882,199.01624905536417,-0.21169975235886287,0.07408987203468287,2.635851289429813,0.3536334799138809,0.025960014016324178,0.17888721533332522,0.16467005352258254,105.29011654447744,105.062130348282,102.82990653953233,100.07463875835205,116.15328064092749,100.07463875835205,105.16951170100414,45.99957724719934,373.098868045043,8.820066871333287,1.8201393127446794,5.829313944041374,低,False,False,False
425,0.6688416246735202,0.8213920238057391,0.0734342963653308,0.9552656104380244,高压尾部,1751.2195131638887,409.38745454886777,168.8732450518867,-0.13585939688165757,0.0874188430655568,2.452977445240665,0.36,0.023397512268916423,0.1724241672564157,0.1590946645637919,106.18928760891194,105.59445262289366,103.27087490483105,100.48435777526925,117.09042286521775,100.48435777526925,105.88743976518784,136.04377930428927,393.28347772248236,9.363571945217899,1.8787204346401214,6.766456168331629,低,False,False,False
426,0.3086344905281413,0.3353679822425052,0.0734342963653308,0.9552656104380244,缓和路径,1463.9290940970466,511.87836402006684,258.6968399209734,-0.27463054072752807,0.12231088759350502,2.09916223478906,0.2764731653878283,0.02665927565928999,0.23466796003673715,0.21278966278924233,96.49910747834726,96.71755807340837,94.4328365322398,91.65014392825458,101.97527869275231,91.65014392825458,95.23673486140719,0.0,180.42010028991535,5.846741511691714,1.3783943133689305,0.0,低,False,False,False
427,0.007494805888543676,0.057383945052334566,0.0734342963653308,0.9552656104380244,缓和路径,1426.445366800705,700.0,363.90330649496644,-0.34028356856666375,0.1686228208318687,1.6610912733530026,0.2078658137060349,0.02564436326245411,0.28,0.25767965329623166,93.33044633045512,91.89903929080904,89.75880860050667,87.54260458621786,101.84127534858787,87.54260458621786,91.37749423390557,0.0,92.93357857676529,4.427000331150242,1.0363430937475644,0.0,低,False,False,False
428,0.4674767646698428,0.5177969358959104,0.0734342963653308,0.9552656104380244,中性附近,1518.4741351194716,512.879934216643,252.07329427187926,-0.23820916363961084,0.0949608660706049,2.467211958536066,0.3046012935019035,0.025045771034548678,0.20722001506505117,0.1891115209101232,100.20230387760309,100.60624266155364,98.17998949222408,95.22520624565645,108.16994033092054,95.22520624565645,99.38270208554545,0.0,328.06448693851235,6.519914483137494,1.5677723420042418,0.0,低,False,False,False
429,0.4561886279709232,0.41997498071510475,0.0734342963653308,0.9552656104380244,中性附近,1602.1964822492653,468.7648429493883,286.43485005493955,-0.2281227348827519,0.10471635252170677,2.335416461420884,0.27805133457193565,0.02321525867087374,0.20917060508662447,0.19079420962603438,98.07056125639693,98.75948140793689,96.67395859478458,94.00772743714326,107.16315912705973,94.00772743714326,97.53349989015547,0.0,413.36237384580636,5.453233303357463,1.4311206199671778,0.0,低,False,False,False
430,0.6978443924949935,0.8386966719261818,0.0734342963653308,0.9552656104380244,高压尾部,1612.3174312349984,338.6274619408361,178.73158362434407,-0.15136302826157016,0.08215906724945056,2.7791173475724533,0.36,0.023891453419269532,0.1674124889768651,0.1547713088634613,107.52510099610323,106.5138769367798,104.14076706717596,101.3033154612609,119.04128912375518,101.3033154612609,107.04803820774306,106.30330744247476,325.30695409605556,9.600329397802613,1.8787204346401214,8.71732242686906,中,False,False,False
431,0.2496435321936115,0.3103612045014048,0.0734342963653308,0.9552656104380244,缓和路径,1523.9870110417055,621.7134257141312,317.44630071072964,-0.2943918063427742,0.11915936102524545,1.7278929054100218,0.29516897550223403,0.02163637096491169,0.24486159763694393,0.2215832681979897,96.45513728006564,96.21796846909098,93.39651977574154,90.51546235427308,102.19276304013708,90.51546235427308,94.69350492849733,0.0,243.19152026851043,6.143971991635677,1.471604800214453,0.0,低,False,False,False
432,0.4071903186949626,0.4176530520580605,0.0734342963653308,0.9552656104380244,中性附近,1562.0466928078768,544.6294557824317,214.96494900253902,-0.2715361992468469,0.10603838417568415,2.3293508299469035,0.25262724200228903,0.03028432271278459,0.21763751292951045,0.19809824077984522,98.03708190464482,98.67850107314881,96.45585592584953,93.70909474623419,105.25460596972115,93.70909474623419,97.15326501077206,0.0,334.6849558021386,5.548730382605384,1.3002636932187743,0.0,低,False,False,False
433,0.830996002679576,0.7393434506293178,0.0734342963653308,0.9552656104380244,高压尾部,1667.1593732709482,244.1358405375474,182.855002630005,-0.14173476432877344,0.051306641194633636,2.875709711001126,0.36,0.022550067743917202,0.14440389073696927,0.1349227972854217,114.40352547874424,108.32410403679448,105.89043531093503,103.00405794101238,124.6913014331414,103.00405794101238,110.03138739999439,146.90352131222244,234.53232710590297,10.322192314429094,1.8787204346401214,14.367334736255287,中,True,False,False
434,0.7054479621471327,0.583430236118875,0.0734342963653308,0.9552656104380244,高压尾部,1656.5000306339175,352.9031062340164,240.61872813260544,-0.19666469647528773,0.09463143841923088,2.452061742337805,0.36,0.022913631924547068,0.16609859214097547,0.153637867517422,104.18949717693889,103.39335666353833,101.43192725820398,98.91171274753965,116.21871496189813,98.91171274753965,104.09211735876092,58.53649302680424,339.02104076863793,8.976899167381227,1.8787204346401214,5.894748265012012,低,False,False,False
435,0.9769845388202782,0.8507211662565282,0.0734342963653308,0.9552656104380244,高压尾部,1777.2122476996615,239.35893187999184,150.0,-0.1311777213152428,0.05671636502835469,2.8228349768775134,0.36,0.02644973381359086,0.1191770716918559,0.11316072361742108,120.38033574519996,110.86691301473705,108.02741718473418,104.94200266410425,129.63416791654157,104.94200266410425,113.47205245479141,218.86143194616852,229.94332656685046,11.445377281728828,1.8787204346401214,19.310201219655454,高,True,False,False
436,0.6454384291355879,0.4490308837529937,0.0734342963653308,0.9552656104380244,中性附近,1643.2506828454702,421.93584013106494,262.6203336333627,-0.16373704381604437,0.09048632503084648,2.4905126287036747,0.36,0.02497954716909761,0.1764682394453704,0.16258330880139316,101.43721409256273,101.66232600646885,99.81190098596284,97.36628070990905,112.83509418282468,97.36628070990905,101.88108902390113,33.472934904268186,408.1045153957971,7.418353351530362,1.8529075718386598,2.511127485938559,低,False,False,False
437,0.7057268413567961,0.6830928415241311,0.0734342963653308,0.9552656104380244,高压尾部,1722.3938662742753,324.16764790032585,168.00083239933738,-0.1678540429615587,0.06935566518770749,2.4701921170921453,0.36,0.021986863247638176,0.16605040181354563,0.15359629582922232,106.97860622919897,105.77425147901481,103.51245164321092,100.76522935180824,118.6443232688378,100.76522935180824,106.4244862420001,126.17271483685181,311.415942317644,9.967243924928972,1.8787204346401214,8.320356571951677,中,False,False,False
438,0.5937556490819482,0.5933347169601532,0.0734342963653308,0.9552656104380244,中性附近,1641.4275946594266,429.6961163395159,244.015751478366,-0.21613080916305988,0.08478971361482368,2.516482840428119,0.34952216989296464,0.026561157680288067,0.18539902383863932,0.17028750597075432,102.40438663571624,102.54704203494153,100.12405060036411,97.60207354242826,113.29862258994787,97.60207354242826,102.39023360193461,0.0,415.61040482297557,7.482004249990986,1.7989785420004243,2.974655893061751,低,False,False,False
439,0.49220202909437427,0.4965655175322962,0.0734342963653308,0.9552656104380244,中性附近,1647.363172017523,479.7891093258172,227.60783639205516,-0.21954253916445965,0.11338458150312489,2.3813741043244145,0.32928547850191436,0.02673090106247626,0.2029474893724921,0.18542579982481236,101.46469306512195,101.52632773848796,98.98340763083709,96.15916430166443,109.61866487917871,96.15916430166443,100.5106802801203,0.0,464.061317694111,6.705456696623394,1.6948209900353146,0.0,低,False,False,False
440,0.47851480691020787,0.4736873667685625,0.0734342963653308,0.9552656104380244,中性附近,1582.4911593263928,473.99321575448414,255.30431924665265,-0.22388907662505164,0.10473966588977904,2.256476581170532,0.3401117039417099,0.023698716663930173,0.20531264136591607,0.18746611302580948,100.16038685534156,100.49293142264419,98.00005940955045,95.00773581163764,109.11412436244784,95.00773581163764,99.39418491786131,0.0,427.8841898639348,6.808569420127415,1.75054319862373,0.0,低,False,False,False
441,0.33502993117541036,0.39103554507941557,0.0734342963653308,0.9552656104380244,中性附近,1564.478531786748,606.8663878888958,272.43031625245226,-0.24397237825321877,0.11297204093228051,2.0430296786910995,0.3032484707510321,0.027474398175079906,0.23010682789288908,0.20885497353863164,99.06133962292871,98.72060712506641,95.95238603243217,92.96359235518821,103.4294242877923,92.96359235518821,97.17453538239172,0.0,312.28267517365384,6.106451323983197,1.5608094100085603,0.0,低,False,False,False
442,0.49483607147654685,0.45851535504348745,0.0734342963653308,0.9552656104380244,中性附近,1579.2143658013454,479.57063154422696,286.8718369417862,-0.2205016298688365,0.11440934508450998,2.1702003397215375,0.3369296256257412,0.025522950643753217,0.20249232684885268,0.1850331510190854,98.47601305142244,99.08571220759015,96.86821650254322,94.08706010626048,108.84854545942405,94.08706010626048,98.14746522323048,0.0,455.72578842843177,6.54198250375107,1.7341651513852798,0.0,低,False,False,False
443,0.0,0.0926231528200852,0.0734342963653308,0.9552656104380244,缓和路径,1402.6406673870931,700.0,369.331512162283,-0.30490990561421893,0.1642124607238914,1.689228566337701,0.19099031392507868,0.022969119805345783,0.28,0.2587968815539125,92.34451703730656,91.00194197677779,88.97085810048755,86.73501204932242,101.41181950413673,86.73501204932242,90.48990154227589,0.0,114.63483189691942,3.7108988006360124,0.9522080099657487,0.0,低,False,False,False
444,0.12736693559058196,0.03174742690421118,0.0734342963653308,0.9552656104380244,缓和路径,1450.2575233104517,634.4747130451439,318.65978307137584,-0.31426892867944906,0.14211706033144134,1.8800351484657534,0.21867950319273774,0.023491265662543073,0.26599099352994743,0.2398106740854142,94.21114559263492,93.61300506550535,91.6287573086312,89.08848135983541,101.50801884303878,89.08848135983541,92.67505546677032,0.0,130.81170909918546,4.651234968535106,1.0902562034488241,0.0,低,False,False,False
445,0.3557437855230971,0.3297593696266203,0.0734342963653308,0.9552656104380244,中性附近,1582.0739806773036,502.622770469805,310.76788440430533,-0.24373387286261045,0.09735774030127865,2.1241623221397634,0.2576235877399115,0.024042788400530493,0.22652747386160882,0.20576722133438913,96.8369824291829,97.13763108160748,94.8936206778881,92.25337341217342,103.26455863357636,92.25337341217342,95.64466132678201,0.0,374.9983669657031,5.0523315135261235,1.3259797122431203,0.0,低,False,False,False
446,0.48579741847088276,0.5878021336185142,0.0734342963653308,0.9552656104380244,中性附近,1569.4322230319729,423.3263768091094,266.52391582091224,-0.2566672124261719,0.10715541542521302,2.1456054345524613,0.33028134261240255,0.025241134886197975,0.20405420608823144,0.18638051594080213,99.25794072545571,99.69970213871581,97.32413233494407,94.42386850299067,108.14397226961498,94.42386850299067,98.60680834163045,0.0,312.2449951524304,7.117323824123377,1.6999466682321092,0.0,低,False,False,False
447,0.6874868052471033,0.701557598935092,0.0734342963653308,0.9552656104380244,高压尾部,1663.49321681467,367.02363015504966,224.8626217446668,-0.1661543246909268,0.06763056207505669,2.4519244183918327,0.36,0.023713175567753004,0.16920228005330054,0.15631528336084302,103.77803744807548,103.38194229073774,101.39944238822416,98.849210746707,115.38126701981247,98.849210746707,103.90487513051518,76.65889169374168,352.5861090022191,8.733463862368813,1.8787204346401214,5.057300322926352,低,False,False,False
448,0.37307616605553917,0.31341917227806304,0.0734342963653308,0.9552656104380244,中性附近,1518.363965943069,540.1785959485308,325.68698998265694,-0.2585273008241707,0.11385826449508982,2.0314426979729916,0.2975424538047901,0.030234380156600474,0.2235324385056028,0.20318353530012892,97.95069020992578,98.00836330421518,95.45457676590728,92.57878938995043,103.80914461270515,92.57878938995043,96.43983908813459,0.0,287.1737892087167,6.247016815266154,1.5314407377731951,0.0,低,False,False,False
449,0.631581199096451,0.5921624904263783,0.0734342963653308,0.9552656104380244,中性附近,1700.0242037239655,340.747692752758,230.91040738579423,-0.2092922544148052,0.0811492212017151,2.445149625655637,0.36,0.02513197244582159,0.17886276879613325,0.16464896456394898,104.24954412425919,104.09511439999744,101.94896018868992,99.28334912275153,114.70197923027057,99.28334912275153,104.17373777298997,58.54126495325363,329.5777670365811,9.043672619096725,1.8529075718386598,4.3780125333844495,低,False,False,False
450,0.5309622364664123,0.5555499490957702,0.0734342963653308,0.9552656104380244,中性附近,1586.859261899834,446.75388504276543,231.0462751626215,-0.22275068858961955,0.0928436815137204,2.193686361427996,0.30913613994296757,0.030109611193173066,0.19624972553860393,0.17964793184616293,96.79231561856773,97.77879688082047,96.0750694209845,93.97863115233545,108.64996317800409,93.97863115233545,97.18090630209376,2.8594396856224193,432.1090090378032,6.407683371929179,1.5911130400813893,0.0,低,False,False,False
451,0.5147286253095319,0.4367229192750421,0.0734342963653308,0.9552656104380244,中性附近,1635.824734833279,501.46894170846565,250.57041659816753,-0.22397108216051864,0.09942785169196232,2.289470247252883,0.3515421372682877,0.01893636016227925,0.19905489354651287,0.18206782762176837,101.37224730569947,101.56238356467348,98.99751672855834,96.00595937103388,110.33015892517678,96.00595937103388,100.69476046645298,0.0,485.03047140628325,7.151074046141396,1.8093752443465438,0.0061922282906579085,低,False,False,False
452,0.418431506180341,0.4978024651748963,0.0734342963653308,0.9552656104380244,中性附近,1595.2835477562683,537.2313945658559,272.23287087927355,-0.2516074212920512,0.11692921673116961,2.233753352199055,0.3077498597372508,0.022763644419042793,0.21569503573203705,0.19642255064252626,100.35604578613209,100.29873149725094,97.66799597081673,94.65182581855863,106.6664189642599,94.65182581855863,98.87512796080749,0.0,344.38730028400096,6.525963549427452,1.5839779037206596,0.0,低,False,False,False
453,0.4482424707218423,0.4957164336774231,0.0734342963653308,0.9552656104380244,中性附近,1566.1998518682667,512.6040159801449,269.90277961056717,-0.25483311821671994,0.1192378398646848,2.2148996268478456,0.30358844783498873,0.022382030037464272,0.21054370105926562,0.19197871947868028,99.03725111504527,99.36199474264902,96.98720474219127,94.13080510423053,106.95600484753433,94.13080510423053,98.06386312929206,0.0,345.77208673873247,6.4712159635723,1.5625592603227687,0.0,低,False,False,False
454,0.4774889197344779,0.521919883448352,0.0734342963653308,0.9552656104380244,中性附近,1612.9290252468397,526.7007305070617,241.2886029934544,-0.20647220311559047,0.10128383707158833,2.3197465429680957,0.33855169845177474,0.028647543576574622,0.20548991466988223,0.18761903895330684,100.80854732163321,100.8699963789097,98.30357076716658,95.29244580759126,108.97219401423087,95.29244580759126,99.73923762101771,0.0,509.435146147878,6.4428821334549475,1.742513904222589,0.0,低,False,False,False
455,0.495083742867057,0.43108421680216175,0.0734342963653308,0.9552656104380244,中性附近,1646.1786351833039,491.37189641962857,238.33977445922204,-0.23107793916780764,0.11563454607193119,2.33637597989697,0.328059126898491,0.02380744412468249,0.20244952923257253,0.18499623138698126,100.94246260592794,101.24540883550678,98.79034616644854,95.81099226327704,109.7336007549682,95.81099226327704,100.26667561830973,0.0,475.26441367283667,6.687631965539347,1.6885090006694268,0.0,低,False,False,False
456,0.47049425873156536,0.38642066325656227,0.0734342963653308,0.9552656104380244,中性附近,1558.3239640381516,448.6692166912033,311.93475786826855,-0.25414675666830644,0.11088119416104625,2.1031002249594315,0.3248237670401816,0.027844927350611753,0.2066985920911855,0.1886617121114332,98.56083380916452,99.09674012579674,96.74772701696192,93.8813922789067,107.20916032613597,93.8813922789067,97.86143169603946,0.0,275.8972411807008,6.88761799178163,1.6718567151719705,0.0,低,False,False,False
457,0.6939125574025076,0.8021865771181037,0.0734342963653308,0.9552656104380244,高压尾部,1692.3409256351565,357.5810403390705,206.46744117498744,-0.13272188809234436,0.09325249112469233,2.4693767953103585,0.36,0.026406584768765066,0.16809191008084667,0.1553574157400358,105.83016261036987,105.1088115642556,102.90260658586007,100.19270084533274,117.63312677023973,100.19270084533274,105.64439452169437,138.06995747456858,343.5149600935954,9.528456312707199,1.8787204346401214,7.30916007335361,低,False,False,False
458,0.24381072410450236,0.35403801431104176,0.0734342963653308,0.9552656104380244,缓和路径,1581.6796499288052,571.3605924661139,337.2540287018061,-0.28718242259592947,0.13098939165649626,1.720499759005252,0.24518382266448333,0.02206429157272101,0.24586950687474196,0.22245274742342808,93.78737565033462,93.80062856595707,91.56478770086099,89.13094712962604,100.92080608935977,89.13094712962604,92.45032685723724,0.0,277.05415865929535,4.698977689522862,1.2223970685064496,0.0,低,False,False,False
459,0.5360453649723879,0.49086947400260955,0.0734342963653308,0.9552656104380244,中性附近,1665.2772644525644,477.70773472297634,239.71199586302924,-0.20386645405148773,0.08239327408131644,2.472814061599248,0.3359963547430519,0.021028301826172578,0.19537136093277135,0.17889020510997355,102.03714493304032,102.09030252846816,100.01109227003553,97.39536687922013,110.71531737431685,97.39536687922013,101.56063462550216,14.074307765496997,462.04817187225893,7.195401794571414,1.7293616383710815,0.3913506774307365,低,False,False,False
460,0.21138804291981023,0.2539540240650441,0.0734342963653308,0.9552656104380244,缓和路径,1504.2671225947413,618.7614428957714,350.56295624842346,-0.34023843797432424,0.13789003754665535,1.7514006418264083,0.2554022624372558,0.023467501903955187,0.25147214618345676,0.22728589936198396,95.10197958666446,94.8118972960406,92.78790060867712,89.99760861306834,101.66592412681533,89.99760861306834,93.65973898839688,0.0,162.34248257041145,5.774716615900331,1.2733424803497089,0.0,低,False,False,False
461,0.5691509024449928,0.5502262714759767,0.0734342963653308,0.9552656104380244,中性附近,1629.682525302424,435.96044428967485,215.01026602291003,-0.20262148163626104,0.09023594606966959,2.4974801351595493,0.3579651828180394,0.02806392516128229,0.18965072405750522,0.17395526183056959,102.27655562143083,102.3917117762658,100.3666732847201,97.77294661786738,112.46417661805567,97.77294661786738,102.22178277705974,12.290078940020976,421.6693841255772,7.751371629347643,1.8424344380504312,2.140209921169557,低,False,False,False
462,0.43756334131537894,0.4409289298660155,0.0734342963653308,0.9552656104380244,中性附近,1552.006690918846,479.260931760072,267.14768855813156,-0.23365006524788823,0.10057165804674761,2.4983780694394233,0.28841649278203163,0.02589017299782559,0.2123890546207025,0.19357062530222785,100.35717461806414,100.65167206952708,98.18448873606651,95.22590609800442,107.52472416901401,95.22590609800442,99.27930779064633,0.0,354.8103446224468,6.022806762813489,1.4844697314416015,0.0,低,False,False,False
463,0.6689694490352734,0.6833827336760819,0.0734342963653308,0.9552656104380244,高压尾部,1656.040859928463,387.7741618048214,246.93663837859125,-0.15031504089662104,0.08362690033341766,2.27475614689857,0.352925370786424,0.02501322335600043,0.17240207920670472,0.15907561016917587,101.00227880049506,101.0875747073804,99.30390523790733,96.95474152848173,112.2754342804083,96.95474152848173,101.42825743893314,77.17485654496704,372.5203819290865,8.056866057500013,1.841800294442768,1.951467583522188,低,False,False,False
464,0.7277634825434512,0.7492606355180752,0.0734342963653308,0.9552656104380244,高压尾部,1696.1484977432053,377.97685489590384,216.7127669762108,-0.1771849920845338,0.08061816133129229,2.293666416768158,0.36,0.023229566544408355,0.1622424702164916,0.1503113597542617,104.82693582698481,103.39086726815951,101.41720777583885,98.90755299497445,116.30060315111236,98.90755299497445,104.18335635409596,106.5082551725518,363.1084693493529,9.579633255508421,1.8787204346401214,5.976636454226238,低,False,False,False
465,0.4233959778921731,0.3573356445873608,0.0734342963653308,0.9552656104380244,中性附近,1580.6591664307937,484.14300748195575,272.2202558286615,-0.25501757625587096,0.11479800739172319,2.215737103877861,0.3377907304824192,0.02313007053242587,0.2148371750202325,0.19568251171911744,101.88200559875342,101.59570266172166,98.69033526074168,95.44861330668641,107.70956764607526,95.44861330668641,100.16311381047174,0.0,311.13040042214016,7.410065666626996,1.7385972283549624,0.0,低,False,False,False
466,0.4642732484343166,0.48555368218160394,0.0734342963653308,0.9552656104380244,中性附近,1615.3009637175028,457.3602482442225,261.95701627268426,-0.20198202274757188,0.10319638825970645,2.212125427846045,0.2894686954607368,0.02374638621756258,0.20777358267055007,0.18958905947689783,96.88790767006715,97.55947228940924,95.93961454931579,93.73529695504097,106.92643653844569,93.73529695504097,96.640891555545,9.575691671117966,442.36768891931763,5.738973768997821,1.4898853823040508,0.0,低,False,False,False
467,0.6470983877679208,0.7237084433919115,0.0734342963653308,0.9552656104380244,中性附近,1647.955267470323,361.1019279993633,230.00472606254834,-0.17850122865664986,0.069771863390407,2.523409440174865,0.36,0.026652070075186114,0.17618139859370327,0.16233586374168074,103.63045681637783,103.5566702002954,101.48976699366048,98.87885256537498,114.22243780570253,98.87885256537498,103.71587317525778,63.275575635292626,349.26477752847876,8.627204589736897,1.8529075718386598,3.898471108816409,低,False,False,False
468,0.46039324295566736,0.5069405277942082,0.0734342963653308,0.9552656104380244,中性附近,1543.818468296388,468.71576309915594,251.18974485480004,-0.2549117661078633,0.10834411728607077,2.027188933337146,0.3384964436340261,0.03160452150816099,0.20844404761726068,0.19016744026823088,98.80275143372896,99.10370509088636,96.62549033629467,93.69625549626039,107.1914738210171,93.69625549626039,97.84670399808564,0.0,322.61850552185024,7.195243108560517,1.7422295095831808,0.0,低,False,False,False
469,0.1753667804945861,0.2757381375805922,0.0734342963653308,0.9552656104380244,缓和路径,1400.8872797726444,693.9959976588871,304.22070484838065,-0.297606243151286,0.14233729831386302,1.8905936251062483,0.2251028859039446,0.025275186256330198,0.2576966203305355,0.232655481023907,93.43261461272026,93.25451350944637,91.34124477446476,88.81392596053485,100.8553641515549,88.81392596053485,92.16093269677421,0.0,156.9511129240509,4.674766080214244,1.1222808456570463,0.0,低,False,False,False
470,0.40622883740147864,0.2943504583867093,0.0734342963653308,0.9552656104380244,中性附近,1579.6506201571103,479.71691589380066,275.29379907655465,-0.23851536282258234,0.12839748114483912,2.231965384803861,0.2859119763938489,0.02585190991566245,0.2178036568970245,0.19824156591545067,98.42082799858309,98.81956145859273,96.46561817019452,93.6519360489287,106.12032609848052,93.6519360489287,97.35798107847049,0.0,427.45342807525594,5.752011246826275,1.471579072054219,0.0,低,False,False,False
471,0.547294865756272,0.5986075398350129,0.0734342963653308,0.9552656104380244,中性附近,1621.0607161492017,429.6911552016214,205.4376477688425,-0.22499295351925572,0.08927906269952934,2.630248588385824,0.36,0.02590033124447928,0.1934274471973162,0.17721327573415485,105.2045245953242,104.88974273241796,101.95188403412246,99.03562687347998,113.87450091117773,99.03562687347998,104.26721154490406,0.0,415.60560631433117,8.172574698303897,1.8529075718386598,3.5505342142916163,低,False,False,False
472,0.5436557257164925,0.6018101462122789,0.0734342963653308,0.9552656104380244,中性附近,1627.0415328228933,433.95182296623153,226.6655939477384,-0.2218831262050406,0.09690828077693828,2.374369367077068,0.317743066838562,0.030312091529695384,0.1940562905961901,0.17775575143620262,99.7831112287577,100.25931961833386,98.49199640530772,96.10836267140937,110.03813796691294,96.10836267140937,99.82903099358096,12.747684450716406,419.7266066844315,7.008681907146001,1.6354125956789138,0.0,低,False,False,False
473,0.6582485336882977,0.5623848664071838,0.0734342963653308,0.9552656104380244,中性附近,1590.102450014471,379.87034356004267,250.57155077197964,-0.18712161043188077,0.08400699281802293,2.3408209707560226,0.36,0.024626717327664836,0.17425465337866214,0.16067374489767552,100.91799264298963,101.17688356536576,99.4156199125531,97.05189788512324,112.44183811223807,97.05189788512324,101.48808600719336,54.198865173819286,367.41795251062473,8.53116797766949,1.8529075718386598,2.1178714153519564,低,False,False,False
474,0.16080977834604515,0.2751885739988203,0.0734342963653308,0.9552656104380244,缓和路径,1428.4596340244777,576.1254444365281,291.129360823766,-0.35,0.12414957550901207,1.8670768221055423,0.24727392338120188,0.02397963140577115,0.2602120703018034,0.23482544971813707,94.55116234565975,94.02901186208982,92.02044530957926,89.85455103142846,101.59314086398507,89.85455103142846,93.08396417812571,0.0,50.0,5.570843966078716,1.2328175479705297,0.0,低,False,False,False
475,0.40686504219336844,0.3721145547574983,0.0734342963653308,0.9552656104380244,中性附近,1598.4768991173398,508.6978112071886,253.97629943772975,-0.23501727038441744,0.10883000976839857,2.2654900337350012,0.28300429855878756,0.026438906627817924,0.21769372070898593,0.19814672877333633,98.71431913928753,99.08346042991494,96.71906441296107,93.89343905122374,105.98106174503397,93.89343905122374,97.61715287285091,0.0,380.770753296425,5.640915892932559,1.4566133546179616,0.0,低,False,False,False
476,0.5470226780490762,0.6493747935897901,0.0734342963653308,0.9552656104380244,中性附近,1595.21263436257,447.93565860388304,241.86994023015777,-0.2182520254127247,0.10115813339360422,2.1697164126920208,0.36,0.027760526849247506,0.1934744812331196,0.1772538499401309,99.33025949650253,99.85453444730604,97.57287813423953,95.04767184709009,110.21866570622156,95.04767184709009,99.29140080728948,0.0,433.25204331125497,7.325452793256459,1.8529075718386598,0.0,低,False,False,False
477,0.2906638441023148,0.17237189853088195,0.0734342963653308,0.9552656104380244,缓和路径,1561.3637634133966,585.347054847049,309.4901229834585,-0.2947227483158203,0.12721476350680608,2.16831985880241,0.28568064284108996,0.0321875090937443,0.23777328773912,0.21546849320784114,99.43917307146167,99.20949231246524,96.63364831401424,93.48220317932099,103.41432317948451,93.48220317932099,97.72407924047319,0.0,193.8942931628917,6.414281440539018,1.4242994360026051,0.0,低,False,False,False
478,0.764224405178659,0.7580565586015695,0.0734342963653308,0.9552656104380244,高压尾部,1725.682372826204,312.72484746408355,206.9764339091782,-0.1548493451819865,0.09911838785377121,2.4654045821822206,0.36,0.030086571713399266,0.15594202278512773,0.14487623926215726,108.77549579427698,105.46937518939518,103.32354197815337,100.66346443144816,119.92286079685454,100.66346443144816,106.61514863672751,136.69545395277783,300.4232645976859,9.904666243161888,1.8787204346401214,9.598894099968419,中,False,False,False
479,0.24792402777365546,0.0921620074070891,0.0734342963653308,0.9552656104380244,缓和路径,1513.542059240137,603.0527180710009,286.58143386103296,-0.2955688976551192,0.12473649721551411,1.9444750162256728,0.2642312533115453,0.026177224457888094,0.24515872800071228,0.22183958956985048,96.22723190940874,96.1293426340242,93.79481951062951,90.9815970983212,101.99570576397049,90.9815970983212,94.76486921502344,0.0,190.14231059342092,5.6195633779484515,1.3173606070161263,0.0,低,False,False,False
480,0.7604926225365285,0.683838825755644,0.0734342963653308,0.9552656104380244,高压尾部,1728.4478463505652,344.02562655644755,185.74777561297486,-0.13835124610624447,0.07599713421446455,2.7628196845691266,0.36,0.02660270174733236,0.15658687482568787,0.1454325249193594,111.74798739086245,108.13841099739082,105.69752558953145,102.77328300132126,122.6379273317467,102.77328300132126,109.20465333291082,146.21264411109587,330.49277239546,9.95288901224822,1.8787204346401214,12.313960634860578,中,True,False,False
481,0.45402370311529416,0.531212825221652,0.0734342963653308,0.9552656104380244,中性附近,1584.3066480930243,497.1842669941157,313.29507695853624,-0.22179753745479677,0.11450339701738878,2.0411135490182137,0.2868430576880308,0.027132746304087116,0.20954470410167716,0.19111692848766115,94.9644610629996,96.05152064395917,94.27932014048052,91.88413338140636,105.90023746543982,91.88413338140636,94.86534436295085,0.0,443.7348667736751,5.267779045496489,1.4763713153319604,0.0,低,False,False,False
482,0.34924691041208733,0.47955192730189317,0.0734342963653308,0.9552656104380244,中性附近,1532.6609453990322,552.9419769338376,301.1574505463728,-0.2642006106591446,0.14074669704154585,2.0677788787166604,0.2815692403169915,0.03126446812297746,0.22765013388079128,0.20673569104108808,97.7276354781504,97.82799452521657,95.34799557230274,92.52985368001659,103.05872476589892,92.52985368001659,96.25300948077799,0.0,258.7304913536009,5.9503936847346965,1.4492271593894799,0.0,低,False,False,False
483,0.7703796652023411,0.6238136193484412,0.0734342963653308,0.9552656104380244,高压尾部,1645.1657290656967,314.3721984680204,182.1887857484961,-0.1256398692534304,0.06777962068971513,2.5979676300305283,0.36,0.029318248192074913,0.15487839385303545,0.1439586930929706,108.59325094671462,105.19199992274837,103.03819805547339,100.40871936976197,119.62897118913656,100.40871936976197,106.36007456725176,138.86234455861631,302.00581414740725,9.586515458108169,1.8787204346401214,9.305004492250447,中,False,False,False
484,0.39259280610480907,0.3757688059549888,0.0734342963653308,0.9552656104380244,中性附近,1573.7396177246276,487.80061621479575,289.0407090585486,-0.2780859231967874,0.10660721382664606,2.0509237111889185,0.2997178612608564,0.028349930921998133,0.22015996310508898,0.20027424824422804,98.70616104167938,98.90855913767294,96.37147912911006,93.44139954613568,105.12498856768198,93.44139954613568,97.35491249567691,0.0,295.14300989442927,6.605140766356563,1.542637484848694,0.0,低,False,False,False
485,0.6836768083656448,0.6740083397924336,0.0734342963653308,0.9552656104380244,高压尾部,1726.407837923609,361.5002281380684,184.5949342203511,-0.21031628562909493,0.06752774539390649,2.728490009221682,0.36,0.026500486045247566,0.16986064751441657,0.15688322818035433,108.51519409317663,107.67991093640276,105.18175284649527,102.20530310362035,120.14580084360549,102.20530310362035,108.0737647893532,62.99978120351079,347.27997973528403,9.595282074090841,1.8787204346401214,9.821834146719368,中,True,False,False
486,0.33991105685000483,0.44406689535957444,0.0734342963653308,0.9552656104380244,中性附近,1468.5773023455022,554.3687862869864,298.00609613148345,-0.2506946638719688,0.10738959232653701,2.0834214060336818,0.27584465898179134,0.026754925659379966,0.22926336937631916,0.20812735875927038,96.74337732716373,96.88238220442425,94.50957885413514,91.80229401052166,102.20126454836196,91.80229401052166,95.36023874282483,0.0,253.68972346742157,5.664198704388667,1.4197629368850393,0.0,低,False,False,False
487,0.48513787805161557,0.48360835863905555,0.0734342963653308,0.9552656104380244,中性附近,1561.4235223950466,398.1328406147108,252.9776237694435,-0.24980531963510721,0.11398647338711333,2.1275867103706654,0.3289038863849807,0.024188653569560403,0.2041681746726808,0.18647883165497084,98.6215540942401,99.16119628493976,96.87279076686973,94.04392196281152,108.15443851855464,94.04392196281152,98.1077583184233,0.0,357.72012651673685,6.9215791544444425,1.692856948583036,0.0,低,False,False,False
488,0.438447259808026,0.5848044736702263,0.0734342963653308,0.9552656104380244,中性附近,1619.1124681305978,524.4609186466839,248.50186341572132,-0.25759969173742936,0.09717158571907146,2.3064170488801,0.3339612563101736,0.0282133797754736,0.21223631350517308,0.19343886222094758,102.92843426154683,102.61408151270017,99.64446904958297,96.32153267147174,108.89873909577943,96.32153267147174,101.23616721284252,0.0,391.34044363361863,7.422589414649053,1.718887056994089,0.0,低,False,False,False
489,0.058767157708896414,0.14955109364878716,0.0734342963653308,0.9552656104380244,缓和路径,1467.6200050694176,673.7176315727812,357.8876081232809,-0.35,0.17,1.6739346096604268,0.23122552598886295,0.023015822612940336,0.27784503514790265,0.2500366374338712,94.00693633398858,92.84167631959639,90.69494744403752,88.60813846130227,101.88920690809603,88.60813846130227,92.17451956976754,0.0,50.0,5.09097040033619,1.1528060948761434,0.0,低,False,False,False
490,0.40503896958035884,0.4006906951020026,0.0734342963653308,0.9552656104380244,中性附近,1607.388569179696,566.6760942636907,230.35725025989595,-0.24773425383958678,0.12485932670268118,2.2064161588694167,0.2914854726894603,0.028123388823243584,0.218009266056514,0.19841893594643334,99.05298338423685,99.346913869929,96.89563062728857,94.00425833127782,106.17598941966098,94.00425833127782,97.86790061738465,0.0,403.2867614571569,5.995584523971397,1.500265665075755,0.0,低,False,False,False
491,0.16180458325020244,0.24536740455130532,0.0734342963653308,0.9552656104380244,缓和路径,1463.9579229952587,605.5402427217093,340.53284049340186,-0.31038052259947313,0.1434740109083379,1.7290352983553319,0.26023683029788647,0.026085136194253285,0.260040168014365,0.2346771571317336,94.73839855314993,94.1712089512318,92.14133780482972,89.41596442422143,101.69292904504188,89.41596442422143,93.1625788672617,0.0,137.2957090561631,5.525879414015436,1.2974458714956145,0.0,低,False,False,False
492,0.3247064707490658,0.4096788690899339,0.0734342963653308,0.9552656104380244,缓和路径,1483.0867254892867,540.6977906809299,289.18921125457035,-0.2581425826877738,0.11244787279609392,1.9420719628845546,0.268670977530295,0.026865407261286677,0.23189072185456142,0.21039386085297718,94.4301985140118,94.85975412214012,92.71148947094662,90.2141592262848,101.07906148593347,90.2141592262848,93.34843562998287,0.0,258.1405698640028,5.188640785956936,1.3394954518480524,0.0,低,False,False,False
493,0.34871157324902063,0.34597345953144726,0.0734342963653308,0.9552656104380244,中性附近,1541.9125922837056,523.6403128603224,296.9465436071946,-0.2516860702866632,0.10880739812040069,2.168334730624399,0.32923645886067315,0.02159420103655225,0.2277426401425692,0.20681549214799586,101.82694339705454,101.07494870563606,97.95121160460985,94.65760477895277,105.08635479661237,94.65760477895277,99.49355120696364,0.0,257.93826017085485,7.126706328183283,1.6945686876341355,0.0,低,False,False,False
494,0.25657096725171835,0.36376005610411694,0.0734342963653308,0.9552656104380244,缓和路径,1483.2437223505558,544.1602358009892,313.8888737737394,-0.27175899111178653,0.13344648132238035,2.0444932478411992,0.2377797025828377,0.02095114356181232,0.24366453685890305,0.22055061621003144,95.1605473460951,95.22205149738186,92.89644695734204,90.3153831873045,101.4648946901429,90.3153831873045,93.82136512499348,0.0,193.95503125681535,4.753120600522818,1.185482827655173,0.0,低,False,False,False
495,0.883520341610373,0.80668637362164,0.0734342963653308,0.9552656104380244,高压尾部,1781.839778055877,233.55396774211434,156.65479481249145,-0.1384801821554258,0.05943110521844748,2.722569731007557,0.36,0.02328253166996308,0.13532768496972752,0.12709315145574238,117.25499503604061,109.76436644281586,107.10277988996403,104.10479411551833,127.10441582278168,104.10479411551833,111.77516793473025,205.31805721997625,224.36671092113033,11.217558174420766,1.8787204346401214,16.780449125895558,高,True,False,False
496,0.6666231604473506,0.722024373622787,0.0734342963653308,0.9552656104380244,高压尾部,1709.5121385456673,347.5920643550328,214.09459045369633,-0.15217426914062585,0.07218121884881554,2.390873308873051,0.36,0.023517515151264608,0.1728075178746978,0.15942536437896912,105.22977992349917,104.75255678352141,102.53140992202187,99.83385416394674,116.17282428507922,99.83385416394674,105.06098481746464,126.0149200660926,333.9189180795142,9.56794229910491,1.8787204346401214,5.848857588193098,低,False,False,False
497,0.5132292798064263,0.5306202143483496,0.0734342963653308,0.9552656104380244,中性附近,1571.5631952609008,427.01669745861176,266.02327089736747,-0.2340301642629934,0.08605654144387169,2.224476265788471,0.33147590865275767,0.020801360155457062,0.19931398044944953,0.1822913305635399,98.98184689531163,99.64256853928987,97.39212449627736,94.55498289121401,109.29449587393728,94.55498289121401,98.77318569236562,0.0,401.6388660295743,6.765770812718843,1.7060950584022074,0.0,低,False,False,False
498,0.07494545707973249,0.06502551590781433,0.0734342963653308,0.9552656104380244,缓和路径,1418.0451758371953,638.6190256106084,341.5184691750382,-0.31879796308176,0.15329003081140097,1.7940665842495567,0.23730761368503853,0.023597482957201977,0.2750494250166222,0.24762498682048492,94.64890320899248,93.44203172296486,91.23690932735386,89.04791600320084,102.13100399736084,89.04791600320084,92.74265219904704,0.0,57.58534773006431,5.15568569007502,1.1831291646831517,0.0,低,False,False,False
499,0.22422618850604653,0.289294906394646,0.0734342963653308,0.9552656104380244,缓和路径,1478.6691996032166,638.6961217628602,343.31239909025993,-0.32899118205392036,0.12275779461928592,1.81211624520908,0.2643351819503256,0.02565247800529335,0.24925371462615514,0.22537215546541578,95.31080768900975,95.07239487369912,93.08824674454131,90.42778660756713,101.67102958513156,90.42778660756713,93.93558659538964,0.0,126.7064687585571,5.998806880713231,1.3178787572839472,0.0,低,False,False,False
500,0.5778126598255725,0.5463647559888022,0.0734342963653308,0.9552656104380244,中性附近,1670.3153549548813,415.36418985387775,208.10232827121203,-0.23643243618229806,0.1011273650811534,2.3346253507197066,0.36,0.031295647371521,0.18815397238214104,0.17266407961042013,102.33621923260361,102.4848747573171,99.96722390321602,97.44807536754264,112.83681440033126,97.44807536754264,102.19563029523984,2.7378456072383415,401.7482879871725,8.080961131614798,1.8529075718386598,2.5128477034451464,低,False,False,False
501,0.5016912492773948,0.5652925053011593,0.0734342963653308,0.9552656104380244,中性附近,1607.8002852888428,488.8871312434387,188.20820354593366,-0.20281814957282465,0.11118657460187929,2.169884150193177,0.303608986382228,0.02299338208338836,0.20130775212486615,0.18401127020396774,97.35370755538227,97.98182080811978,96.32786350308268,94.10936859760228,107.70262782027255,94.10936859760228,97.20185720587992,25.328593050338895,472.861100676751,6.427891153731885,1.5626649715163634,0.0,低,False,False,False
502,0.6990854447376791,0.663500222593262,0.0734342963653308,0.9552656104380244,高压尾部,1674.003444632069,385.93382502334214,237.98955106553058,-0.17594307718991659,0.07492141240491285,2.4891539597107433,0.36,0.021140687260309255,0.16719803514932904,0.15458630892411587,104.46755999155289,103.65411706385723,101.67065833249161,99.12367463640075,116.31365604209975,99.12367463640075,104.3283349409511,69.59225945894468,370.75243803740483,8.770636232429883,1.8787204346401214,5.989689345213634,低,False,False,False
503,0.7009510616157596,0.7527026501128726,0.0734342963653308,0.9552656104380244,高压尾部,1651.5171983916512,388.5833453854832,183.41180628726016,-0.20608143196613876,0.09397799893086568,2.709549712487253,0.36,0.027447893243852294,0.16687565655279674,0.15430820700590825,106.65623769889282,105.6231068344401,103.43310402916285,100.70228049084851,119.31804841816998,100.70228049084851,106.37618249481389,46.08796316380176,373.29773484789854,9.15338103189055,1.8787204346401214,8.994081721283862,中,False,False,False
504,0.01812439360692114,0.3091456174963564,0.0734342963653308,0.9552656104380244,缓和路径,1400.0,700.0,347.31368651484433,-0.34284991521907004,0.15400509741306428,1.65,0.20432310383323923,0.020981630337348917,0.28,0.25609513250368904,92.426739816512,91.20715271262509,89.1851160132803,87.23116171013191,101.35515377499104,87.23116171013191,90.67176429531925,0.0,56.37792633626668,4.364578419143099,1.0186804351104144,0.0,低,False,False,False
505,0.6216800512993138,0.623725654014357,0.0734342963653308,0.9552656104380244,中性附近,1591.7949597542367,390.5481035148696,213.51244348970977,-0.19542309565524374,0.08486269432490838,2.377736549632199,0.3548421269060544,0.0294688270645067,0.18057368713547856,0.16612489900000219,101.19572652812029,101.45454634069006,99.57606956355781,97.13331177715445,111.8287784244633,97.13331177715445,101.44840820087548,42.24981405494873,377.7456887146023,8.289802291414086,1.8263601770876743,1.5048117275771773,低,False,False,False
506,0.6717737981335146,0.6679956020054988,0.0734342963653308,0.9552656104380244,高压尾部,1688.6966003158059,420.9979464948984,238.36138215909477,-0.1787230700192988,0.0777743705981099,2.3849320980372606,0.35674557847292704,0.023444241107390122,0.17191748768252865,0.1586575742515618,102.91965550207036,102.78964150082459,100.86577097698199,98.3676607594963,114.38893863412653,98.3676607594963,103.21796339002658,64.47996711320957,404.4372505112348,8.485316725817986,1.8617366895683312,4.064971937240415,低,False,False,False
507,0.8375737059745745,0.7976581414238157,0.0734342963653308,0.9552656104380244,高压尾部,1749.0783313593952,259.2321598881162,169.67469601926638,-0.14719109528315902,0.051741525530284965,2.8279156308370594,0.36,0.025634397992461585,0.14326726360759354,0.13394227876351497,115.96621579205431,109.71063192313856,107.0996301413309,104.07742878629858,126.18070583429885,104.07742878629858,111.38023355818233,168.87446418281434,249.03480613654017,10.728760958158853,1.8787204346401214,15.856739137412731,高,True,False,False
508,0.29737913694904244,0.33069745694631575,0.0734342963653308,0.9552656104380244,缓和路径,1523.1204651141686,622.8273657031376,337.79990960493166,-0.3072439783565316,0.11914664753586912,2.026563950917143,0.27617917560088007,0.02916324350340375,0.23661288513520545,0.21446746462370742,97.0360068349221,97.09653489954961,95.06902278794041,92.1233610586066,102.21723545526521,92.1233610586066,95.73011224020118,0.0,157.10634882527665,6.2158496610436025,1.3769285875725426,0.0,低,False,False,False
509,0.4632970071380931,0.3843236267612417,0.0734342963653308,0.9552656104380244,中性附近,1521.0639568858792,463.0330989438922,289.1575900876738,-0.21542951276133468,0.10584703762802813,2.3460622347446427,0.29496042772318815,0.025975838127913653,0.2079422771665375,0.18973458484188735,97.53562564696283,98.35871700471705,96.30416511302022,93.65060225757937,107.23056927518476,93.65060225757937,97.18338922437665,0.0,380.88558789540366,5.702697274369838,1.5181511386696251,0.0,低,False,False,False
510,0.3320324348607405,0.37429126337332275,0.0734342963653308,0.9552656104380244,中性附近,1489.00795135825,541.8631118303076,303.0547403507416,-0.2758067089031554,0.11481027011159955,2.0650013381649024,0.26554417276932724,0.025802601118587086,0.23062479525606402,0.20930180133308623,96.59950586946687,97.01096640822945,94.73114853578235,91.96181057324331,101.8255568211368,91.96181057324331,95.4193302031732,0.0,187.3026858355006,5.7669072984877685,1.3667466899497769,0.0,低,False,False,False
511,0.2238397331550412,0.16226064572643908,0.0734342963653308,0.9552656104380244,缓和路径,1529.848895514894,598.2219711378104,324.55482748664156,-0.2835013828024456,0.14890676551168727,1.9524267685693475,0.24446461690169075,0.025785939376037327,0.2493204941108089,0.225429763206683,95.8313177237815,95.59179789818059,93.10110528734508,90.4041205971366,101.89161744161676,90.4041205971366,94.24072529423553,0.0,206.66092612869215,4.941285528501495,1.2188113710222657,0.0,低,False,False,False
512,0.9484095773052502,0.8723467540359878,0.0734342963653308,0.9552656104380244,高压尾部,1754.5634186495624,249.27614524497085,157.56881663543766,-0.1274219569128022,0.046448908456408866,2.706020729497301,0.36,0.02776208605335114,0.12411482504165276,0.1174203075134538,117.8936680050534,109.0858603283251,106.43996111137682,103.52632222382884,127.4299923408542,103.52632222382884,111.56235015130706,207.83881346518137,239.47042887093255,11.087127215080697,1.8787204346401214,17.10602564396808,高,True,False,False
513,0.26095537286338494,0.344305793713293,0.0734342963653308,0.9552656104380244,缓和路径,1548.2040398837207,583.3588765464582,344.9142439495939,-0.27217082229917544,0.11839219674187906,1.9499913486156482,0.2654281908296108,0.02623475886392414,0.24290691156920705,0.21989704600216578,96.67878001139809,96.27923710643283,93.6673570185244,90.92197329839883,102.25966049552031,90.92197329839883,94.87355843110622,0.0,290.7154486905183,5.2825120005454655,1.3233281007005315,0.0,低,False,False,False
514,0.7888205307511735,0.8018182444556677,0.0734342963653308,0.9552656104380244,高压尾部,1662.449810988325,320.794986275445,221.61139855081814,-0.15207956947098905,0.0733657066135831,2.5643136989856323,0.36,0.02742347032030907,0.1516918122861972,0.14120976851858752,108.72449182469967,104.54497725915392,102.54125988472441,99.9949276784169,119.65333607509012,99.9949276784169,105.96415544848095,109.67567985538699,308.17595028008645,9.364467058231646,1.8787204346401214,9.329369378204007,中,False,False,False
515,0.3107478082029399,0.3668963701936886,0.0734342963653308,0.9552656104380244,缓和路径,1484.3831693166264,543.5428436247722,309.73449386258767,-0.26802843845807167,0.11899497004950897,1.958253172216788,0.28040939644893537,0.03023628390631996,0.23430277874253197,0.21247463685543522,95.51030039025974,95.82776146228233,93.50852806869436,90.84120407095385,101.45993010488553,90.84120407095385,94.29420326895946,0.0,194.9815485011859,5.649432692792111,1.398018925049146,0.0,低,False,False,False
516,0.46871277634156455,0.5193095805392717,0.0734342963653308,0.9552656104380244,中性附近,1565.6241453008054,454.28505851703034,255.83284593085608,-0.2557941180254943,0.09976210581207137,2.1722695009356032,0.3015063345161991,0.02509591464626638,0.2070064322481776,0.18892727235358864,97.8906153067652,98.64662482438365,96.47396393332926,93.72648429593923,107.14238654846712,93.72648429593923,97.43924535268971,0.0,332.574853927179,6.374547498939079,1.55184269495107,0.0,低,False,False,False
517,0.3141079025696254,0.37017831654427563,0.0734342963653308,0.9552656104380244,缓和路径,1573.530165360905,560.5157002463928,285.9181340310798,-0.2832969635567581,0.11496080961609756,2.0868184892645734,0.28776908952685504,0.027654185832177314,0.23372215443596872,0.211973757655792,98.83575160646683,98.55772100974127,95.77792358192312,92.80350534513607,103.1542339936909,92.80350534513607,97.01196933704934,0.0,248.64380417481334,6.150187607098025,1.4347116690719324,0.0,低,False,False,False
518,0.0,0.025473684560884266,0.0734342963653308,0.9552656104380244,缓和路径,1400.0,681.9115966756506,353.2853077973174,-0.34140087985539674,0.12433943047870234,1.65,0.1837789680561121,0.02779880038036089,0.28,0.2587968815539125,91.84866103506427,90.57145081968031,88.60330327383134,86.57049093479161,101.11938255633667,86.57049093479161,90.0921423142704,0.0,86.20012005635908,3.8071798503723175,0.9162548709926537,0.0,低,False,False,False
519,0.35236183429790663,0.39084581359511594,0.0734342963653308,0.9552656104380244,中性附近,1566.0740034953433,571.4906239892605,312.42867221338895,-0.2517724948936738,0.12225427798623072,1.8982875049571772,0.3011298120401598,0.02834976424562434,0.22711187503332173,0.20627135867044163,97.1171964836572,97.17645858678523,94.70549010396084,91.92407984023336,103.32263891022141,91.92407984023336,95.66493796810025,0.0,354.1015530967088,5.999690192584919,1.549904746765457,0.0,低,False,False,False
520,0.2179185983354507,0.21921760090549028,0.0734342963653308,0.9552656104380244,缓和路径,1427.0304041894715,636.9482402385888,325.2482826669041,-0.25646870337393113,0.14492192035826243,1.8772132741012464,0.28044026721366105,0.025696557719795305,0.2503436662076341,0.2263124090331875,95.80973035059532,95.49972368670801,92.73408734072703,89.95928204226854,101.91661619048104,89.95928204226854,94.04778493193336,0.0,223.09023175137554,5.468467306641597,1.3981728354168572,0.0,低,False,False,False
521,0.8034832939007203,0.7050694212648078,0.0734342963653308,0.9552656104380244,高压尾部,1749.2456324797226,301.96047807044357,191.71569876030537,-0.10205545971411525,0.0515417621885906,2.55052508668879,0.36,0.020165449931547133,0.14915808681395554,0.13902403434882135,111.89749174019681,106.92460784045045,104.62340504443168,101.85347963310325,122.34026998541317,101.85347963310325,108.38458529194502,202.10688679916348,290.08233063993845,10.26012267343316,1.8787204346401214,12.016303288527055,中,True,False,False
522,0.31770505957744755,0.3570448324453673,0.0734342963653308,0.9552656104380244,缓和路径,1553.1949435577003,504.9550757865974,249.4463020762817,-0.29191628146345844,0.12066103915459997,1.717021263742281,0.28984095450538117,0.025935007271372528,0.23310056570501705,0.2114375402385275,94.84648692043099,95.15248725326083,92.83952911296342,90.22417193872819,101.60174413244687,90.22417193872819,93.62053415736075,0.0,329.95414051077023,5.878319514005543,1.4450412317998835,0.0,低,False,False,False
523,0.5387726688020257,0.5666010259504601,0.0734342963653308,0.9552656104380244,中性附近,1620.6780424933286,400.75212440609744,218.29580877138224,-0.25141111664269983,0.10241469975672597,2.176642196540141,0.3188137560656726,0.025275512077208084,0.19490008283100996,0.17848365409970524,98.14815420479145,99.11143087857624,97.19190553294467,94.98078176756603,109.68362701939604,94.98078176756603,98.57508017134136,4.518115952410881,387.61521532227226,7.191536148649138,1.6409233961678005,0.0,低,False,False,False
524,0.21120483312299965,0.2868553976530979,0.0734342963653308,0.9552656104380244,缓和路径,1439.9079073303658,612.5537182856302,301.83419402465495,-0.2893710521984496,0.1382030339197501,2.0709511883804077,0.25225790796477426,0.029397740917915405,0.25150380483634566,0.22731320989745674,96.00158902784841,95.6409649463922,93.58725319585048,90.93468098590712,102.05735112102685,90.93468098590712,94.5286484904949,0.0,115.52157258006628,5.446499158986654,1.2576658763725925,0.0,低,False,False,False
525,0.7474442522520692,0.6536290488675787,0.0734342963653308,0.9552656104380244,高压尾部,1664.6743953339899,372.2313418798255,174.50482100807233,-0.1438952922874132,0.05916887230231403,2.655838882767851,0.36,0.02669822714144461,0.1588416332108424,0.14737760638181116,108.92651710555364,106.03619147941599,103.81070198224332,101.08279441593058,120.09991322888756,101.08279441593058,107.05074873038009,126.26743730636372,357.58896621080874,9.689200419915217,1.8787204346401214,9.775946532001441,中,True,False,False
526,0.5371484012630598,0.5060185438607488,0.0734342963653308,0.9552656104380244,中性附近,1661.0755413638003,447.94962226258366,252.17002129616128,-0.19426139477401388,0.1096702929353891,2.4092239995640363,0.31412024196605637,0.02676016307082067,0.19518075626174325,0.17872577879506796,100.59961764841347,101.0076640578403,99.12401803792628,96.66505731273504,109.7477051921209,96.66505731273504,100.41194338110381,39.82242553727883,433.26554923235756,7.01873749245656,1.6167660411297164,0.0,低,False,False,False
527,0.362223427772114,0.4400814561059582,0.0734342963653308,0.9552656104380244,中性附近,1551.9506392595886,525.0703358314701,273.64350104428956,-0.24397433501727497,0.09896346563599803,2.226491572915892,0.27821515291623755,0.02816711921114291,0.22540779168097866,0.2048013204787939,98.61284935901791,98.70754582740256,96.20920251497293,93.34817446037802,104.5583386689153,93.34817446037802,97.16497196017002,0.0,377.49655334394265,5.685862093051294,1.4319637873298527,0.0,低,False,False,False
528,0.5565408956603564,0.6590350717637308,0.0734342963653308,0.9552656104380244,中性附近,1615.2617811550851,385.84601936230854,282.08886785882777,-0.20913031851623476,0.10710201271935425,2.4768325522912797,0.30618142665678666,0.025074631986436793,0.19182973322989041,0.17583499775953845,99.33069002351611,99.92089030820928,98.2643263101816,95.96315713270207,110.02811102868039,95.96315713270207,99.59751997036463,9.33539190085503,373.19774186601245,6.4781010790986695,1.5759052328020091,0.0,低,False,False,False
529,0.6628666563260242,0.6361809124525998,0.0734342963653308,0.9552656104380244,高压尾部,1633.532152126629,393.0166516964896,240.25063744696826,-0.19061749379226092,0.08157718348516295,2.4815292303628422,0.36,0.03065823806039577,0.17345664178686301,0.1599853351930039,103.2419733534623,103.10644361422989,101.10995873147391,98.56852858817416,114.88067396422436,98.56852858817416,103.46932536998168,45.622987440390716,377.556649244098,8.55837828648455,1.8787204346401214,4.55670726733824,低,False,False,False
530,0.3813787866459296,0.2597560498873241,0.0734342963653308,0.9552656104380244,中性附近,1539.8727377873327,491.235577322563,302.1438271041988,-0.22895010889241027,0.1156829639600296,2.051489206312554,0.299059360395988,0.02574134109258355,0.22209774566758334,0.20194588852523834,97.04178427864348,97.32948502657848,95.01997967017665,92.31128313007592,104.63782470062594,92.31128313007592,95.87748199956933,0.0,400.0447866328486,5.746380071759732,1.5392482036304247,0.0,低,False,False,False
531,0.5060476098629597,0.5218528150174854,0.0734342963653308,0.9552656104380244,中性附近,1661.542076460936,499.136547805539,246.0799318889369,-0.21711572013285807,0.08089975091552479,2.4047613095021716,0.30611561814755567,0.02223624209480187,0.20055497301568054,0.18336188058411382,100.22097272157137,100.66316271739657,98.45372822410029,96.02243512722157,109.2823542314359,96.02243512722157,99.7763924240751,3.0523368664144073,482.77453485637955,6.380605698829072,1.5755665186768828,0.0,低,False,False,False
532,0.754712262284194,0.7089125063898838,0.0734342963653308,0.9552656104380244,高压尾部,1716.3757140959083,333.9854371148334,195.12259427334538,-0.18036625451400626,0.07954121504640053,2.522119965894425,0.36,0.02529809833030414,0.15758572107729127,0.14629418590291532,108.22576995515244,105.42815678368017,103.2639156524395,100.58673368442837,119.42308755891145,100.58673368442837,106.44478514285987,99.91139849734282,320.8475314953894,9.623945135878497,1.8787204346401214,9.09912086202533,中,False,False,False
533,0.20579114348577413,0.22838449680587364,0.0734342963653308,0.9552656104380244,缓和路径,1507.0163655452454,617.3238719400406,315.6871533218125,-0.2986579695446051,0.14277704854041812,1.839198924700925,0.27370175795940505,0.026263844933740392,0.2524392904056582,0.22812021239104602,96.13311975424668,95.68750464212819,93.52013042461537,90.62708861086524,102.17694427058458,90.62708861086524,94.52114601955357,0.0,155.11080381497231,5.808274882951229,1.3645770872594511,0.0,低,False,False,False
534,0.7637244793103309,0.6487094651629445,0.0734342963653308,0.9552656104380244,高压尾部,1675.7128957699883,285.7926654091953,196.22286135901382,-0.15087581763058816,0.06371213543817153,2.7745217382901637,0.36,0.023372693634838754,0.15602840997517478,0.14495076171345855,111.00850654383872,107.43231451728677,105.0591378655553,102.19601509050368,122.06720866663645,102.19601509050368,108.54100957551476,126.66576514016924,274.55050737586646,9.933732454210869,1.8787204346401214,11.74324196975033,中,True,False,False
535,0.1645466175869277,0.1583963746090497,0.0734342963653308,0.9552656104380244,缓和路径,1455.1856683123576,678.7034314070484,329.6573202068498,-0.30081643888716847,0.13474824773295088,1.876713112821227,0.2536973933841267,0.024801238012181724,0.2595663444809789,0.23426841028890966,95.268018882926,94.69607152777611,92.62609962001092,90.01645065903352,101.9377838573192,90.01645065903352,93.69455535849694,0.0,120.91641574189634,5.411695830191306,1.2648426253834038,0.0,低,False,False,False
536,0.4124802372835723,0.24115738750394694,0.0734342963653308,0.9552656104380244,中性附近,1634.8150273665506,526.8569319522701,266.7477703505112,-0.2456405416649728,0.10534172597019315,2.089601244931773,0.3028574224351968,0.02552756450968942,0.21672341499739867,0.19730968846562721,98.55544648123339,98.79520363632186,96.40933498083929,93.58829209246642,106.2222338676378,93.58829209246642,97.40629219414264,0.0,423.6948928105776,6.072764882566045,1.5587966978269883,0.0,低,False,False,False
537,0.6248164825521625,0.774084937672405,0.0734342963653308,0.9552656104380244,中性附近,1710.6065476947629,379.1293352517379,207.61380698156964,-0.19703169383073535,0.08606991526375754,2.4948426648104824,0.36,0.019998702723768417,0.1800317118149863,0.1656573605905936,104.7792087965988,104.58240175935926,102.3251830760651,99.56362777406129,114.40055499697326,99.56362777406129,104.49405943734111,59.43884789302501,366.7012349251477,8.811967681650328,1.8529075718386598,4.076588300087138,低,False,False,False
538,0.8537866921722921,0.8111945957404811,0.0734342963653308,0.9552656104380244,高压尾部,1783.367017661931,245.22501691588334,213.851905879168,-0.1526789557398973,0.048070621284355845,2.918636782643013,0.36,0.028205272944897244,0.1404656595926279,0.13152545748877492,117.77910492456716,110.88289218290682,108.12954914261357,105.00708706555186,128.03760003981645,105.00708706555186,112.6829482693611,164.64230023999153,235.578658812372,10.706495598281176,1.8787204346401214,17.713633342930336,高,True,False,False
539,0.37764764677556295,0.4832013310654229,0.0734342963653308,0.9552656104380244,中性附近,1541.6774300900604,555.3528036650507,272.814089342039,-0.27848068345738,0.11146368519267016,2.2758692259698887,0.2900766023538433,0.02685347906016386,0.2227424866371827,0.20250207836637957,99.8244877817624,100.06481406980708,97.64571445813188,94.56883006774926,104.91766380867185,94.56883006774926,98.50955120104226,0.0,185.59819171086383,6.6802924978613305,1.4930142580963008,0.0,低,False,False,False
540,0.4452934281763778,0.42612159387904497,0.0734342963653308,0.9552656104380244,中性附近,1622.1875452600111,493.6435372560557,294.7106803331217,-0.22946856497785575,0.12457598430646118,2.3030408029728693,0.3182258570744867,0.027229037735114196,0.2110532956111219,0.19241832441493784,100.8803059521203,100.90375029923626,98.27237781269743,95.22114329210304,108.08984835342628,95.22114329210304,99.57924332255153,0.0,393.3283764445878,6.408518939327167,1.63789750035601,0.0,低,False,False,False
541,0.7362104122225953,0.7536055552654098,0.0734342963653308,0.9552656104380244,高压尾部,1673.8342709913309,332.03501648622364,211.58624606412468,-0.1528636043446631,0.07296148027664208,2.7717951834022414,0.36,0.032627744997986256,0.1607828407679355,0.1490522012558931,109.30117447732658,106.84853190915958,104.51668326009981,101.69815658889142,120.50168278205528,101.69815658889142,107.71596592482442,106.22525050090371,318.9738340986613,9.440281534202676,1.8787204346401214,10.177716085169166,中,True,False,False
542,0.6490179570108903,0.48747917387393686,0.0734342963653308,0.9552656104380244,中性附近,1666.0080235340972,406.1235410080367,240.90441091327753,-0.2122925278390388,0.0742606585417953,2.6083167045958358,0.3539930165040742,0.02805119163602443,0.17584969702851816,0.16204971930609255,103.95937232681715,103.91344091541968,101.84245277739613,99.19912456742371,116.2248069225191,99.19912456742371,104.27664162494975,26.56809297127984,392.8105534775767,8.306560809370056,1.821989835162241,5.900840225632976,低,False,False,False
543,0.746906351039802,0.7723851748869627,0.0734342963653308,0.9552656104380244,高压尾部,1683.0829127049747,287.1124003404311,194.40381112905084,-0.1337422867471482,0.0733996877983905,2.4902726756577986,0.36,0.027431656720895644,0.1589345825403222,0.14745778970385082,108.1462759632868,105.33524503320139,103.17782696383367,100.5240826055527,119.20964948926822,100.5240826055527,106.34896652465343,152.44808199387626,275.8183282083349,9.963558799173912,1.8787204346401214,8.885682792382099,中,False,False,False
544,0.10044595155524455,0.15630767730450146,0.0734342963653308,0.9552656104380244,缓和路径,1431.5796340250447,626.9965592711992,310.3560701092396,-0.3231003731781272,0.15782076527937727,1.7221853004849663,0.177372673088175,0.025073950263612782,0.27064293957125374,0.24382370451423804,91.2700679374602,90.86340787763565,88.98653431927862,86.80268679210508,100.10203705068702,86.80268679210508,89.9720383100919,0.0,158.16228670070268,3.5390273717281215,0.8843154220367977,0.0,低,False,False,False
545,0.3978442875199055,0.5250376042067806,0.0734342963653308,0.9552656104380244,中性附近,1539.9317484153958,481.905788187976,302.07014930359327,-0.24392908174169897,0.11536098640206503,2.193085181995384,0.2905919738472993,0.028989449993074377,0.2192525071165603,0.19949142564429923,98.28507730689857,98.55392410560061,96.14364283382245,93.31582592943442,105.12303945328841,93.31582592943442,97.05726543804668,0.0,312.2711043721538,5.959292813246719,1.4956668573811185,0.0,低,False,False,False
546,0.04749310209443603,0.08847025099873483,0.0734342963653308,0.9552656104380244,缓和路径,1443.8072825021982,644.7909464989259,357.05881603963144,-0.33742850924484113,0.1538592883348235,1.736536274270545,0.21085622069655838,0.02565696657792457,0.27979319195808144,0.25171722712471223,93.60508202007149,92.36553026987531,90.23745583109348,88.17177872854111,101.75296575583457,88.17177872854111,91.7507888478735,0.0,54.60867656555092,4.545236382849172,1.0512521717574104,0.0,低,False,False,False
547,0.34856605886867675,0.3390543120917944,0.0734342963653308,0.9552656104380244,中性附近,1546.8785822174464,554.1181973868007,282.2304431287925,-0.2513241725482744,0.12638286649225383,1.9237872728910954,0.32430291278791235,0.025348561013481683,0.22776778502749265,0.2068371835406799,98.74706634296844,98.46435111887864,95.70759284201038,92.71375934015019,103.94241672186736,92.71375934015019,96.92576953117393,0.0,316.7610472102533,6.646154492815433,1.6691758963168202,0.0,低,False,False,False
548,0.7034694380037685,0.5431817748406275,0.0734342963653308,0.9552656104380244,高压尾部,1697.6492522355359,384.2498864898961,219.24742478597653,-0.1969111290460479,0.07216609840710393,2.626887224593327,0.36,0.030569886759127314,0.1664404811129488,0.1539328001833699,106.81257391196782,105.72532825594368,103.51136733911099,100.77079453650637,118.5915819584589,100.77079453650637,106.3754583092718,64.73356702137244,369.1347401931112,9.244378204333865,1.8787204346401214,8.267615261572786,中,False,False,False
549,0.4900745181620645,0.41786484916226846,0.0734342963653308,0.9552656104380244,中性附近,1526.9670841827178,449.1523234038682,280.428958782551,-0.20269583624611806,0.0888571468413848,2.09847726128324,0.31782503082626234,0.02463132169875997,0.20331512326159526,0.18574294150499046,95.69677515609162,96.63670292842848,94.77556702952027,92.30603773327041,107.32683727348906,92.30603773327041,95.66981938862747,0.0,431.57269367173285,5.718024661124399,1.6358344614939917,0.0,低,False,False,False
550,0.13846051909429774,0.1646492976708277,0.0734342963653308,0.9552656104380244,缓和路径,1423.0545516063785,692.9751143420687,318.87951359304583,-0.30019357379877964,0.14829243662718888,1.65,0.2237947586636006,0.026823034020976865,0.26407402230050536,0.23815698683138695,92.13813283371059,91.76049801675428,89.82555662518082,87.43031028277714,100.4390368413375,87.43031028277714,90.7929761867203,0.0,158.66037824830528,4.393622183323029,1.1157590005921778,0.0,低,False,False,False
551,0.15210567485357784,0.23567001950133482,0.0734342963653308,0.9552656104380244,缓和路径,1457.1285917623459,637.4656725140119,298.3257101323574,-0.3266323683687466,0.12801709937539754,1.8633137025764006,0.23620786896586843,0.021394210314698844,0.26171613938530175,0.23612294434630712,94.72669117677741,94.07031544615667,92.00302760608771,89.74836777664169,101.74082616136879,89.74836777664169,93.1576105296308,0.0,70.05936419759018,5.258401907471401,1.1776462388269107,0.0,低,False,False,False
552,0.23896473005385935,0.23502057761821174,0.0734342963653308,0.9552656104380244,缓和路径,1511.308869373388,649.4319569826073,292.8041607941303,-0.25460772846561325,0.14135159191398589,1.8732214229938244,0.2776911869718187,0.02406971993379878,0.24670689464669313,0.22317512523686917,96.31851992442151,95.65958416004213,93.00366325212218,90.28712364151863,102.27363592722422,90.28712364151863,94.37287505623681,0.0,296.1580364760139,5.276255107740791,1.3844669245121417,0.0,低,False,False,False
553,0.2926088108741369,0.2863558213010473,0.0734342963653308,0.9552656104380244,缓和路径,1554.1035777953628,543.0277196187811,310.90103567574585,-0.2781786546453633,0.1154326637798874,2.0638496990895825,0.2686404647501903,0.02543710992526006,0.23743719748094913,0.21517856283872358,97.6035101178746,97.32945271218709,94.70711089901302,91.88303543781443,102.59071313991178,91.88303543781443,95.84228778216975,0.0,271.36356580800566,5.566570472663805,1.3393433262610268,0.0,低,False,False,False
554,0.18976748998917656,0.17118522073844902,0.0734342963653308,0.9552656104380244,缓和路径,1434.5309659020531,619.6588654385074,312.57216807358054,-0.33078533953024125,0.1464815683195929,2.0860746108031423,0.2342634853478947,0.031625130037568755,0.25520817772987026,0.23050881040731347,95.08598542902847,94.73248520530042,92.73186725299725,90.55968032318279,101.59120608790927,90.55968032318279,93.69466234836491,0.0,50.0,5.16448004922436,1.167952251642791,0.0,低,False,False,False
555,0.06642144106293518,0.1525568706794714,0.0734342963653308,0.9552656104380244,缓和路径,1463.652804546906,694.942288168711,350.62073022782414,-0.33876634667181227,0.13637298307013404,1.65,0.2551759775786832,0.022521098994872528,0.2765223749843248,0.24889563634823944,95.07189121231505,93.78352603889086,91.51688053123974,89.20206391983939,102.36370637085871,89.20206391983939,93.08369014813479,0.0,75.94301434450972,5.688438743581126,1.2722143066196459,0.0,低,False,False,False
556,0.752907216165494,0.7695860647379362,0.0734342963653308,0.9552656104380244,高压尾部,1764.547487782835,337.60769950496706,192.4500608972087,-0.16743289300022599,0.06130264027146302,2.530594604477968,0.36,0.02296246889182506,0.15789763304660262,0.1465632587195057,109.3364244072458,106.38495349412915,104.10366730904727,101.33211034147668,120.36252850491242,101.33211034147668,107.382029433701,123.72673666026458,324.32730581232573,9.803511146117055,1.8787204346401214,10.038561808026301,中,True,False,False
557,0.15394535844126872,0.1331906681587469,0.0734342963653308,0.9552656104380244,缓和路径,1450.2083577353724,573.8911242241254,307.41637315198113,-0.2709500168189911,0.15965403740149417,1.9704191690554005,0.24895200128214193,0.02150590028893425,0.26139824206134876,0.2358487082259959,96.34646119728237,95.44760205703821,92.88755378875163,90.07235448602697,102.5746840676027,90.07235448602697,94.35703526995952,0.0,175.19397492997632,4.9931655089439415,1.2411838320285185,0.0,低,False,False,False
558,0.21459292090565021,0.19534903036679355,0.0734342963653308,0.9552656104380244,缓和路径,1515.1891300523528,626.2905405112567,354.6431161955903,-0.3072870186056169,0.11476924864867527,1.894376741689732,0.2877518827491898,0.024835386821169866,0.2509183432675037,0.22680815780317012,97.6204732238172,97.05833874600755,94.76890952552385,91.67180665550258,102.84757451515239,91.67180665550258,95.84256381755372,0.0,158.33937222389432,6.408737288990068,1.4346258823575078,0.0,低,False,False,False
559,0.3069874889031878,0.40746234346877575,0.0734342963653308,0.9552656104380244,缓和路径,1497.0656547371602,607.1443153712031,274.259732510002,-0.2716303376552828,0.1257719821711689,2.1524568168943405,0.28844807677106843,0.029121878986956173,0.23495256191752914,0.21303517638668681,97.75839099125238,97.84816659201451,95.50950278805867,92.56313265811671,102.58651042678301,92.56313265811671,96.36990617177403,0.0,182.13593068711452,6.1426634626059196,1.4380968516988284,0.0,低,False,False,False
560,0.23500940556260586,0.29272327779419266,0.0734342963653308,0.9552656104380244,缓和路径,1490.0325267335788,564.6663849226381,302.87908086735825,-0.30007587193493235,0.1255587449388136,1.9970385136092554,0.24801788996919388,0.028471417675458726,0.24739037471878167,0.2237647336077384,95.45087046001865,95.374015407079,93.45060001426495,90.73548592635015,101.65745569223309,90.73548592635015,94.16716485949294,0.0,137.35702200414744,5.333273626017242,1.2365266938935568,0.0,低,False,False,False
561,0.25389010608746804,0.23472505004819966,0.0734342963653308,0.9552656104380244,缓和路径,1531.2577190160239,581.1420894691219,307.8302854915547,-0.2910211989630329,0.12834449335580372,1.9893368640223141,0.2590552197699214,0.02652139138073151,0.24412778966808552,0.22095024415132317,96.6384545533186,96.48218745672327,93.97645135563475,91.17065955716814,102.20313221674353,91.17065955716814,95.06870266412507,0.0,206.2764867184469,5.450488632580932,1.2915547925907989,0.0,低,False,False,False
562,0.738863674882242,0.7614604032026823,0.0734342963653308,0.9552656104380244,高压尾部,1688.7009750176833,341.8971974174872,197.5875747026958,-0.1750108157019632,0.08539356920766865,2.5262176439396957,0.36,0.023768731763765847,0.16032435698034855,0.14865668734099136,106.56975654424087,104.40859330871878,102.3446054504571,99.75178883052251,117.84892911445705,99.75178883052251,105.3280818615458,81.22785263688456,328.44806876677006,9.059222119639161,1.8787204346401214,7.524962417570933,低,False,False,False
563,0.4949548810364983,0.543606470277922,0.0734342963653308,0.9552656104380244,中性附近,1541.107236260656,510.1031708899584,260.05497748079574,-0.20946549954079882,0.08742831027310559,2.266095338295212,0.3196120182479369,0.030153920368352648,0.20247179655689307,0.1850154404339636,97.64666883697791,98.4492776446142,96.39795146137924,93.73767263269025,108.40562129424853,93.73767263269025,97.50822153221806,0.0,468.7812785870465,6.049088457631403,1.6450320240617728,0.0,低,False,False,False
564,0.4656844821890318,0.48245403264901104,0.0734342963653308,0.9552656104380244,中性附近,1528.4973399981104,489.03861480218166,244.32639442461965,-0.23538279541247337,0.10411899290233517,2.3743893096536115,0.3432295335880568,0.022370114002754415,0.2075297214777353,0.1893786910894562,101.80362915487208,101.78375248271348,99.02601982431517,95.83893880200004,108.99909198128472,95.83893880200004,100.56338197094615,0.0,330.8896125136889,7.374841339668713,1.7665905601776724,0.0,低,False,False,False
565,0.3490350717080561,0.3272509268329635,0.0734342963653308,0.9552656104380244,中性附近,1497.7317438292043,496.93082204998734,284.28323756392706,-0.24779681645698032,0.11007727217699148,2.220661787762471,0.2753391877643021,0.024232212235575448,0.2276867396088479,0.20676726920198157,98.11837028146579,98.1916617511311,95.71326919980156,92.88927710191899,103.5215174576768,92.88927710191899,96.64196691843718,0.0,290.8820429378229,5.7258488629979825,1.4171612939788383,0.0,低,False,False,False
566,0.5185724609345412,0.4823523849104584,0.0734342963653308,0.9552656104380244,中性附近,1583.6497582283037,444.22694430548484,254.5165597131769,-0.21211753747596357,0.09014499635352777,2.2998939975207264,0.3357670190038548,0.024571730968040294,0.19839067875051125,0.1814948385621444,99.38281413688665,99.81665532092158,97.8118232053863,95.45426440399953,109.51684629036163,95.45426440399953,99.17559801247053,6.497105771486531,429.6649030222975,7.098505832795885,1.728181255238716,0.0,低,False,False,False
567,0.6972634029954747,0.6933703369622626,0.0734342963653308,0.9552656104380244,高压尾部,1718.6350391227968,361.1295283344441,202.9363165625096,-0.16243659640886982,0.08014325182967544,2.1874984623108102,0.3449660330400061,0.02727482159815702,0.16751288396238195,0.15485791522737935,102.20927013397315,101.86363956683273,100.05305101397772,97.69222647603605,113.99810565626633,97.69222647603605,102.4580443698707,116.3676803671242,346.92386206157306,8.895164906104917,1.8002631542472192,3.6741389593802154,低,False,False,False
568,0.49710906505462293,0.3798883324288907,0.0734342963653308,0.9552656104380244,中性附近,1513.294197366738,480.9254758956927,256.1516561735868,-0.21987042809170415,0.09696532304371787,2.3451711758907754,0.3314456490333173,0.02479088755879316,0.20209955355856113,0.18469432267680164,99.31766380118418,99.83580603707539,97.52894423216334,94.66623874942404,108.92791695586892,94.66623874942404,98.87092423363664,0.0,373.3861951263334,6.673858938587802,1.7059393131855907,0.0,低,False,False,False
569,0.5475933769412615,0.44955532167371665,0.0734342963653308,0.9552656104380244,中性附近,1618.9900739768484,452.9363167686477,247.57027681066086,-0.2073923218798346,0.09165072089482212,2.20698199513326,0.33748582264153065,0.020485772852521254,0.19337586446455,0.17716877756621513,98.43851643891566,99.03509256918791,97.27132482277109,94.98474384712776,109.62006830925777,94.98474384712776,98.61611744968796,7.52275770129927,438.0887767263576,6.912933439927333,1.7370278782241424,0.0,低,False,False,False
570,0.3883332757561524,0.2884536487610401,0.0734342963653308,0.9552656104380244,中性附近,1475.7853396507312,535.7211515951219,253.78319530791038,-0.25786669813633456,0.10480166287003247,2.026140077587554,0.3051808948346763,0.029478264366040237,0.22089600994933684,0.20090920367079118,97.52968599018259,97.72221257155343,95.25639371269507,92.42500409363385,104.08357323593245,92.42500409363385,96.1835808414903,0.0,270.21784951998416,6.475616923345379,1.5707555300546374,0.0,低,False,False,False
571,0.43550060047719374,0.5251331478221342,0.0734342963653308,0.9552656104380244,中性附近,1589.8395827111055,496.7971272931419,295.5005767331868,-0.22569761859019205,0.09795501316049093,2.304047625440894,0.31861401021808583,0.028053186094439853,0.2127454962375409,0.19387811189854057,100.31984343366835,100.46510921306964,97.90298224354366,94.9000553183238,107.72166446190329,94.9000553183238,99.12412328930758,0.0,378.75105848165003,6.375777792060813,1.6398953111860315,0.0,低,False,False,False
572,0.5760073697346519,0.5605826470190938,0.0734342963653308,0.9552656104380244,中性附近,1633.3744646356527,404.30108550407385,216.7405013102978,-0.234997292237484,0.09321798725984423,2.300366028120302,0.36,0.024479571355135617,0.18846592650985214,0.17293318879521846,101.4616638932512,101.74806339293501,99.43528023276703,96.9658304060994,112.21724038473192,96.9658304060994,101.50402328955634,5.561139905090386,391.04783922214835,8.149354710270188,1.8529075718386598,1.8932736878458059,低,False,False,False
573,0.3274558618168527,0.36792342849714943,0.0734342963653308,0.9552656104380244,缓和路径,1502.4016272188405,568.8125937787256,312.8629755139859,-0.2802332525082824,0.11271405540012495,2.199029242673903,0.28879808606519564,0.029190780953984818,0.23141562707804783,0.20998401736429628,98.4529087084551,98.50936347933992,96.10212946037569,93.07897286101087,102.87453349525596,93.07897286101087,96.99736775762166,0.0,184.1235325821399,6.354285250744746,1.4398418703156426,0.0,低,False,False,False
574,0.38516471192385293,0.2623851323502351,0.0734342963653308,0.9552656104380244,中性附近,1577.2643876931972,552.8708633522264,264.15349978145156,-0.23629071603302243,0.10885626321694553,2.205889395959571,0.313906134459258,0.029541056567308197,0.2214435377795582,0.20138153198754208,100.32953907233791,100.06057057321689,97.3202491266113,94.27160554276247,105.99629948205543,94.27160554276247,98.58361119499511,0.0,381.00286666994,6.3864095184081355,1.615664037183788,0.0,低,False,False,False
575,0.5465949218285183,0.5020464362646874,0.0734342963653308,0.9552656104380244,中性附近,1599.6306155345126,396.08044332343997,253.74089507479968,-0.19392250649686593,0.0959446216671805,2.3130928182713624,0.346358415497352,0.02657005907752733,0.19354839750803202,0.1773176142782756,99.85529841749312,100.17820365398772,98.31832059364476,95.88864532005583,109.98268205909983,95.88864532005583,99.7301460263338,17.39199512160667,383.096674911651,7.26292160998154,1.7826948073474558,0.0,低,False,False,False
576,0.2859230458747506,0.29684965503114646,0.0734342963653308,0.9552656104380244,缓和路径,1495.349161884206,560.69978553878,283.38152487559455,-0.29885032003123563,0.11867310316550107,1.8677149377013307,0.23957190366613065,0.028594030609028542,0.23859249767284307,0.21617518979512623,93.84912227870646,94.13434047983314,91.98192285682751,89.5432833759512,100.70129339065821,89.5432833759512,92.68861159838981,0.0,236.3959256340986,4.92603039096927,1.1944180882550919,0.0,低,False,False,False
577,0.3062591973267836,0.38220641532925576,0.0734342963653308,0.9552656104380244,缓和路径,1550.808939892282,581.040628351315,293.26125735418174,-0.2718765996052466,0.1321539812348057,2.0096284825924715,0.27640489827356124,0.028544844075339325,0.23507841070193178,0.21314374062985594,96.69850863502141,96.76069810261022,94.29295055507211,91.5585246304197,102.03080594814432,91.5585246304197,95.23212639764542,0.0,230.4505571178688,5.599154170821462,1.3780539584489013,0.0,低,False,False,False
578,0.6007296475519209,0.5410715480676649,0.0734342963653308,0.9552656104380244,中性附近,1650.5650818516458,407.17335804610764,219.93812752333758,-0.16525547065060506,0.0925057985058711,2.5463091165651823,0.36,0.021663932741921285,0.18419391690302805,0.1692479129145037,103.49130971558873,103.43810372826613,101.29487597783464,98.6315321245861,112.81622044723963,98.6315321245861,103.26092812340235,55.757385468175926,393.8259568465892,8.12322241717938,1.8529075718386598,2.4922537503535125,低,False,False,False
579,0.20839918943010302,0.3393014286699902,0.0734342963653308,0.9552656104380244,缓和路径,1485.7894826880329,582.6322781134378,312.5195061614165,-0.28584169523977815,0.13683455150316717,1.9099458074411888,0.23994267812683867,0.02544303390491445,0.2519886200664782,0.22773143879641725,95.06462538349727,94.84099951255648,92.34862270101495,89.73599628437512,101.59388342417164,89.73599628437512,93.50472652328507,0.0,213.58658487931643,4.849628497358178,1.196266634414953,0.0,低,False,False,False
580,0.26907896088267175,0.3458726536086629,0.0734342963653308,0.9552656104380244,缓和路径,1557.425774406808,566.195558218777,266.4511319842497,-0.24623185696830335,0.12924413871199855,2.0428749941943436,0.24996525134084513,0.020490374187261295,0.24150315555947433,0.21868608707622778,95.90287660799916,95.72152687552156,93.36287094497345,90.78595404387343,102.29104388426813,90.78595404387343,94.3965880012784,0.0,341.0779069646451,4.650557838852374,1.2462355270708854,0.0,低,False,False,False
581,0.4785729886440417,0.5166570641291943,0.0734342963653308,0.9552656104380244,中性附近,1603.1132832164653,524.967133725634,252.38644467528826,-0.22335172774998374,0.10587502279423182,2.280539035655616,0.3547312004894092,0.028586885859235828,0.2053025875623096,0.18745744004907247,101.57163038661797,101.61985375959128,98.91571615323629,95.7653880914454,109.70863564180068,95.7653880914454,100.51912243152964,0.0,457.8184123139581,7.167598437609739,1.825789242650678,0.0,低,False,False,False
582,0.597143742814504,0.5780919644210623,0.0734342963653308,0.9552656104380244,中性附近,1647.1340956085537,406.64641233352575,221.9855978564889,-0.19933889355640788,0.07713620116464785,2.7224029305927946,0.36,0.026576586803123133,0.18481356124165368,0.1697824529895332,105.15950660001806,104.9705321042191,102.69017199919864,99.88398694864645,115.51410761498387,99.88398694864645,104.90082507442372,26.332092519365688,393.3162847490344,8.321446885155904,1.8529075718386598,5.190140918097754,低,False,False,False
583,0.6180578653647989,0.6647749191495821,0.0734342963653308,0.9552656104380244,中性附近,1596.46321974351,437.26513685194743,240.3808456878361,-0.19348736915952514,0.0966465940922139,2.6194912984942307,0.36,0.029630781912261674,0.18119960086496273,0.16666484740437645,102.30894018617097,102.53206714361967,100.43312449891587,97.90974930676896,114.16040661424518,97.90974930676896,102.68762671410147,5.757845104748412,422.93130803728224,7.55402644924216,1.8529075718386598,3.8364399173590584,低,False,False,False
584,0.37854776255312705,0.33819209821062163,0.0734342963653308,0.9552656104380244,中性附近,1574.6607886414738,485.29636947424217,261.33836789561707,-0.21771460540090914,0.1188459503020506,1.9888596334142454,0.29641036830440154,0.02232670198199317,0.22258694663081963,0.20236790080436742,96.2050003314667,96.62384818125767,94.44639949330119,91.94679156559343,104.65612460401631,91.94679156559343,95.20568021259133,0.0,469.38804635819747,5.503101405985737,1.52561393278531,0.0,低,False,False,False
585,0.6049743790225863,0.7156549479364518,0.0734342963653308,0.9552656104380244,中性附近,1702.0623088183067,383.4805399122136,232.04747269466185,-0.18005041683568324,0.08739723711906115,2.553925011714969,0.36,0.029234960013546776,0.1834604273048971,0.16861516351234193,104.96222362555159,104.71777480389976,102.4289601843119,99.64917275259846,114.25072917852115,99.64917275259846,104.54406519283779,62.05819181403058,370.9098043341833,8.553662915452945,1.8529075718386598,3.9267624816350377,低,False,False,False
586,0.24749988882286755,0.22905680910510265,0.0734342963653308,0.9552656104380244,缓和路径,1505.1239523824484,603.1724004172888,311.908386281375,-0.26018085010342734,0.1486770726622456,2.139917229645195,0.24352781609113017,0.031345098654363475,0.24523201921140847,0.22190281469242876,96.45437653979715,96.31688176896849,93.78076667300697,91.09086547933018,102.01603663823369,91.09086547933018,94.87868233694056,0.0,222.44815238203955,4.816638211800824,1.2141408240336466,0.0,低,False,False,False
587,0.542428240510189,0.5677062815020167,0.0734342963653308,0.9552656104380244,中性附近,1548.6154867010562,386.8316036761482,245.229059839872,-0.24492758106258386,0.09576697609109974,2.39981441228396,0.2914293397356517,0.025924280043468955,0.19426840003983933,0.17793872897808446,97.8645641263435,98.99784368535516,97.10727627532492,94.48896778134346,109.02557813303234,94.48896778134346,98.31134644963925,0.0,349.64092268973945,6.157422286049935,1.4999767507003618,0.0,低,False,False,False
588,0.6169244214953167,0.6596216654799771,0.0734342963653308,0.9552656104380244,中性附近,1695.1421049176988,427.1877540141644,208.74150251636658,-0.2217350802978229,0.08574558431371916,2.4013256918417047,0.36,0.02896841526177759,0.18139545996560927,0.1668338064859474,102.69399231127065,102.81002728651288,100.81672470215777,98.23103751758414,114.24210189863459,98.23103751758414,102.96845158190519,21.61373687073501,413.18426820726006,8.287681867649237,1.8529075718386598,3.91813520174847,低,False,False,False
589,0.4446280112435126,0.3682506343694843,0.0734342963653308,0.9552656104380244,中性附近,1557.9576643709615,488.7752311915143,217.0480807492723,-0.21516543545271255,0.10644322686989692,2.1608429142342236,0.30667952675942217,0.027648611650664467,0.211168279657121,0.19251751612338122,97.3923303198312,97.96360924085023,95.76950740048979,93.07420242193831,106.79273527755134,93.07420242193831,96.67782409459866,0.0,472.7528687795763,5.768841667154176,1.5784689368345286,0.0,低,False,False,False
590,0.44681952897559524,0.5216123538820836,0.0734342963653308,0.9552656104380244,中性附近,1540.031572698797,492.6614497247245,280.58108075990395,-0.20609081027754234,0.10838038343709057,2.0900402955041795,0.32091378477074517,0.03066580001342884,0.21078958539301712,0.19219083314133978,96.8224160085099,97.34420468469352,95.21459584891926,92.58822359661282,106.57177845482497,92.58822359661282,96.13919475642113,0.0,422.26530229475065,5.845874126793085,1.6517321714142101,0.0,低,False,False,False
591,0.43971231438368147,0.38084623165807013,0.0734342963653308,0.9552656104380244,中性附近,1644.74689698043,499.6042763179385,263.9513062731276,-0.25305321615295173,0.1093599012577684,2.207806091222199,0.3219868978231962,0.02548597515567784,0.21201771207449982,0.19325028432574268,101.06337099184395,101.07363656017019,98.37864588897395,95.27210813414543,108.18788218701958,95.27210813414543,99.72198510494921,0.0,419.2753992266971,6.835579266849245,1.6572554472484478,0.0,低,False,False,False
592,0.14670498970263152,0.05455137330484245,0.0734342963653308,0.9552656104380244,缓和路径,1442.418256400262,639.6945909374882,298.0433413285067,-0.3444187813894374,0.13643079699436533,1.7653932025480195,0.23259089979714206,0.018770195625570217,0.26264937777938524,0.23692800830009111,93.54029698649207,93.03921782311238,91.09328191702403,89.02710398025961,101.148588547544,89.02710398025961,92.13686956441335,0.0,50.0,5.208103538212785,1.1596133504385948,0.0,低,False,False,False
593,0.434681481767395,0.6426019552999704,0.0734342963653308,0.9552656104380244,中性附近,1544.3451733440465,451.78443355692366,228.16741920942437,-0.23813693110680767,0.11310620815081415,2.115299524186239,0.3004894781258586,0.02453320463138496,0.21288703995059413,0.19400021547034635,96.99602412958829,97.72878593865892,95.57805337947,92.89376018009929,106.24466550740621,92.89376018009929,96.39175313217338,0.0,393.1723398661834,5.9946818770361,1.546608970214585,0.0,低,False,False,False
594,0.33158416646962463,0.37483669581770684,0.0734342963653308,0.9552656104380244,中性附近,1475.4690264561361,498.37604054457745,289.9998093983967,-0.2895374917905526,0.12262646369190655,2.059217285505228,0.3120307049175218,0.02233838267280236,0.23070225603404884,0.20936862335903694,99.02686289032295,98.96308931804866,96.76797524704554,93.72131661084916,103.15380979336469,93.72131661084916,97.56102709788803,0.0,118.41334866289617,7.402149013756795,1.6060112660773072,0.0,低,False,False,False
595,0.619489943555158,0.7246155919618618,0.0734342963653308,0.9552656104380244,中性附近,1640.6100762476053,360.29514144875884,220.43234884121262,-0.19738345538076735,0.1005217255889097,2.442677709716758,0.36,0.02572066372067361,0.18095213775366867,0.16645137179936803,102.9941342959367,103.03420966937595,100.96761216140412,98.3652077819628,113.15265465629615,98.3652077819628,102.98737181586836,48.74065806350518,348.4844379532485,8.629614944303848,1.8529075718386598,2.8286879594100327,低,False,False,False
596,0.7418929142852638,0.6758910006263892,0.0734342963653308,0.9552656104380244,高压尾部,1659.2528278144516,334.6831863729441,218.3772324454858,-0.1478984885497243,0.05707601653923927,2.592122198377684,0.36,0.02486450409559361,0.15980090441150638,0.14820512769946556,107.7017660586242,105.34661878150031,103.15404037882487,100.4741885160303,119.0734374310503,100.4741885160303,106.27236920869838,118.8693457797508,321.5178335570645,9.55830580118978,1.8787204346401214,8.749470734164177,中,False,False,False
597,0.17946529450196358,0.180680754038814,0.0734342963653308,0.9552656104380244,缓和路径,1403.4897510062717,603.7515284251903,317.634798757292,-0.3218970153967833,0.13362756213284055,1.8564141307002406,0.248843941207308,0.023148646040582373,0.25698839711006066,0.2320445278208972,93.77277197103308,93.42891437202645,91.5181993021765,89.41580545327515,101.11985989465686,89.41580545327515,92.46046977476146,0.0,50.0,5.351224115304045,1.240645083928158,0.0,低,False,False,False
598,0.2492792746159579,0.28851665594410514,0.0734342963653308,0.9552656104380244,缓和路径,1502.003199337478,551.0976855077869,320.26638392667263,-0.27651317863663194,0.12497040495422547,1.8213876816057182,0.2741515107433519,0.02572437666381236,0.24492454134636246,0.22163756698369289,95.70132948042512,95.39889627308641,92.79403763042912,90.09234366204913,101.75594405325313,90.09234366204913,93.99468264891098,0.0,240.03285177954967,5.459921524236869,1.3668193905185926,0.0,低,False,False,False
599,0.5550189622507816,0.5334020923463576,0.0734342963653308,0.9552656104380244,中性附近,1619.2666134257404,400.5521813451521,264.6169978473491,-0.2139959375147241,0.08838690182535765,2.2647361113448206,0.31886989181070086,0.029725445489963885,0.19209272332306493,0.1760618678128489,98.19403705243639,98.84010290331058,97.27756838486148,95.05888593939116,109.57689286501399,95.05888593939116,98.53437204387639,14.058357447460367,387.4218265218127,6.794666896486937,1.6412123249095052,0.0,低,False,False,False
600,0.5570324241300498,0.5586397612972791,0.0734342963653308,0.9552656104380244,中性附近,1665.1214796798843,465.45207372123474,279.2908907348511,-0.1927888374385763,0.09065843205565799,2.4744568491191705,0.3379625197745923,0.025308668921634227,0.19174479711032738,0.1757617270832911,100.97883163247066,101.37290354136636,99.11806903289327,96.62106409647807,111.01476499146737,96.62106409647807,100.9262515346651,0.0,450.1942592195265,6.532806386423033,1.7394814219111525,0.6907982945812563,低,False,False,False
601,0.28682568494226046,0.4050302159581315,0.0734342963653308,0.9552656104380244,缓和路径,1481.5239598408914,667.577070872958,289.90778565087123,-0.2528568352639821,0.13624256098966497,1.9123312408409279,0.2887293954406224,0.021700464051305303,0.23843652164197737,0.21604063609384222,95.91869444547821,95.79819897766721,93.29714276302657,90.59580614562759,101.8308300057882,90.59580614562759,94.32767908851112,0.0,286.23347050881785,5.577565876887562,1.439499403927772,0.0,低,False,False,False
602,0.35906188557410584,0.4334297213591045,0.0734342963653308,0.9552656104380244,中性附近,1525.4676236793725,599.6982918938747,297.285746923076,-0.2613572564398272,0.1052118028823729,2.0148773728533667,0.2802331748453441,0.02561371749767836,0.22595410617279452,0.20527260210155943,97.00067803576492,97.1705452514218,94.77124660862587,92.02798979198401,102.9755416771518,92.02798979198401,95.63415682566482,0.0,308.77594348441016,5.814112608485416,1.4423504765314588,0.0,低,False,False,False
603,0.6255272850918527,0.6600459011030216,0.0734342963653308,0.9552656104380244,中性附近,1662.1909078325525,385.8558658782252,246.32078180044493,-0.18105771969930765,0.09796189367764056,2.4167885100520543,0.323499033366131,0.028818413795658686,0.17990888513612785,0.16555140338572627,100.57150065421757,101.0237757744995,99.3266346904954,96.99828250245072,111.22968154538704,96.99828250245072,101.09023168411754,60.86703389194372,373.2072656068856,7.486019242825436,1.665038356684976,0.9057148485009208,低,False,False,False
604,0.42154796632712466,0.4174875490764013,0.0734342963653308,0.9552656104380244,中性附近,1552.2487073699192,510.9395448409232,293.8274090608938,-0.22720889003042397,0.11570373719728241,2.1098991618204668,0.274813135116071,0.027746905976721144,0.21515651141867284,0.19595798926606084,95.37266511038081,96.32339387285262,94.43910910657046,91.9780988744789,104.8069439631635,91.9780988744789,94.96203708446755,0.0,358.4663089671976,5.186072340928974,1.414453719159135,0.0,低,False,False,False
605,0.3230021390827191,0.3415042279676939,0.0734342963653308,0.9552656104380244,缓和路径,1480.9457743151704,525.8796654656804,299.65041658228137,-0.2735995890988274,0.1063292794009924,1.9648864857052648,0.26505665176759896,0.028466487556671603,0.23218523036650612,0.21064792046791841,94.4186557126694,94.99536013218152,93.01410663920522,90.47095144855473,100.81294651980255,90.47095144855473,93.51089186786473,0.0,170.7170087043778,5.351877625396873,1.3214757425175845,0.0,低,False,False,False
606,0.175717892568891,0.1838775363215304,0.0734342963653308,0.9552656104380244,缓和路径,1541.8030776356904,603.0366481893802,321.7185776474841,-0.3080951064362272,0.13437570945627705,1.924066685585762,0.2019344038853979,0.029601944886650834,0.25763594816409563,0.23260314179900116,94.41859387960788,94.16010844883833,91.80394004969145,89.3276864927499,101.30722274102258,89.3276864927499,92.92166768070828,0.0,217.43613151910904,4.125512698204967,1.0067712488433476,0.0,低,False,False,False
607,0.630716023223798,0.5512442355821943,0.0734342963653308,0.9552656104380244,中性附近,1678.4343278810948,410.43266824597123,171.72733060640462,-0.20918155691822785,0.089792369184449,2.5051392399962955,0.36,0.027742154959569807,0.1790122711869277,0.1647779337390238,104.42363392888551,104.26300925682078,102.10365642955395,99.42330538297584,115.07272755188792,99.42330538297584,104.35533101466356,52.80797212986727,396.97842478869796,9.000773931686572,1.8529075718386598,4.748760855001805,低,False,False,False
608,0.330055118841574,0.2886991161053758,0.0734342963653308,0.9552656104380244,中性附近,1535.0695930369861,470.69269432570775,248.570874245127,-0.295322117426244,0.11262959391082288,2.170683918748475,0.2937067202860394,0.025704136222489377,0.23096647546417598,0.2095965539075798,100.63058217652065,100.30414408303419,97.65858457247862,94.37584358069773,104.03265166540339,94.37584358069773,98.80146671758675,0.0,179.67146286177376,7.010314878475223,1.5116983497719492,0.0,低,False,False,False
609,0.14817876627371834,0.20853391764579546,0.0734342963653308,0.9552656104380244,缓和路径,1490.6502299587478,581.9533819017736,353.13232020450647,-0.30388250150426427,0.16533101545042642,1.8615974602126206,0.2536131492399801,0.024983349487891358,0.2623947091879015,0.23670831684240534,95.90014887797815,95.03764261699625,92.81267525768543,90.19517406674673,102.33731721718947,90.19517406674673,94.09396526294782,0.0,106.17386959798387,5.399394562358348,1.2644226148226558,0.0,低,False,False,False
610,0.34269597514930067,0.3500288896116799,0.0734342963653308,0.9552656104380244,中性附近,1489.1653084382613,541.8809026903951,300.09295826678016,-0.2759914589806021,0.11893791820288785,2.2214298340299568,0.3229687616231089,0.02241075480758859,0.22878213549420084,0.207712219332636,100.79227061991865,100.49907796141461,98.19420520500096,95.02924943143107,104.16757360460417,95.02924943143107,99.14104922818044,0.0,113.935956582367,7.650153822816783,1.662309066330038,0.0,低,False,False,False
611,0.742560923800068,0.7526503237600234,0.0734342963653308,0.9552656104380244,高压尾部,1610.0853792468697,278.5431753416429,204.48234061413854,-0.15859273673343308,0.07010419748774921,2.608794312175024,0.36,0.026054734314228136,0.15968547236734826,0.1481055495226005,107.29510442052114,105.00285016000414,102.85125679812626,100.20739559176297,118.79908580634667,100.20739559176297,105.93612470205974,108.16687443489172,267.5861887730323,9.70197027684934,1.8787204346401214,8.47511910946055,中,False,False,False
612,0.5970775774902612,0.4945936558777697,0.0734342963653308,0.9552656104380244,中性附近,1708.711389830398,409.2974417749183,249.58131267907464,-0.1622131278019094,0.08949668964237409,2.5641787924526733,0.3559192065701892,0.03751493598216299,0.18482499460968285,0.16979231605617187,104.83292221811196,104.649818520107,102.39716380124507,99.63980628270191,114.03350453748438,99.63980628270191,104.458233790496,75.95400511155822,395.88041176214483,8.382203240704444,1.8319038689353102,3.7095378405982586,低,False,False,False
613,0.31996743725522825,0.401633434656798,0.0734342963653308,0.9552656104380244,缓和路径,1542.3457318394935,574.2031127673093,273.5303804209902,-0.2583442454488098,0.12123814077832727,1.9403917558512638,0.30226016197873246,0.02669363235379416,0.23270962684229654,0.21110029437669314,97.05643776364398,96.95015860479364,94.38680280846494,91.58076080617666,102.4515389602,91.58076080617666,95.43397547853556,0.0,293.81752489427527,5.957900515127784,1.506958868304688,0.0,低,False,False,False
614,0.5593106864459162,0.5304267825313804,0.0734342963653308,0.9552656104380244,中性附近,1640.0055824739889,489.9576983044266,257.6784094484362,-0.2226312284675501,0.11092812736890412,2.3974619249200004,0.36,0.025410502071558032,0.1913511133821457,0.17542211334605132,102.31230260140842,102.410531323298,99.86962904422015,96.78968467574525,112.30084669016881,96.78968467574525,101.93841478893148,0.0,420.4405715183657,7.335475109188391,1.8529075718386598,1.9768799932826937,低,False,False,False
615,0.36040927665579386,0.42644582522517704,0.0734342963653308,0.9552656104380244,中性附近,1530.4697850389389,523.8779069002674,275.9311592593442,-0.2686006701456382,0.12199090677436163,2.319564831504717,0.3018738306488701,0.025094064965076355,0.2257212769938788,0.20507175055009896,101.12671042503963,101.08603786249768,98.34767875683123,95.09120181679155,105.09327671166508,95.09120181679155,99.44971547590698,0.0,192.9921235256952,6.917303966832377,1.5537341848589794,0.0,低,False,False,False
616,0.1787407648096871,0.16331907088868322,0.0734342963653308,0.9552656104380244,缓和路径,1518.1744046397675,627.6738509346486,332.5678732083012,-0.3275565439381871,0.13532866032808938,1.7989870837899973,0.2733092513876407,0.026712772882284047,0.25711359584088606,0.2321525312912709,96.52564166289848,95.78919114799427,93.55352809478717,90.88753634917794,102.51935420054652,90.88753634917794,94.77440658891543,0.0,109.13621611141753,6.178938166775982,1.36262019272424,0.0,低,False,False,False
617,0.48386690489879425,0.43044728525750614,0.0734342963653308,0.9552656104380244,中性附近,1687.0785041306194,450.76143214375304,251.28594606339027,-0.24389100271518482,0.09327800798067769,2.600608209756305,0.30827161690350785,0.024335501646172156,0.20438779883348834,0.18666829181474043,103.92461006300594,103.8029780036359,101.05852432561855,97.82860589899711,110.46839416153315,97.82860589899711,102.69841678913818,0.0,412.38088008770865,6.684964884042343,1.586663369842934,0.1444274646470376,低,False,False,False
618,0.5666505437705305,0.6522101188156215,0.0734342963653308,0.9552656104380244,中性附近,1685.0440308528462,421.1223758978914,232.7985958369122,-0.18690377365934346,0.10243105559926961,2.4977621718965084,0.32870054938949056,0.028273975889855873,0.19008278603645232,0.17432798280653466,102.15335435157779,102.3847535547478,100.38845966136556,97.82539012171983,110.96093339881466,97.82539012171983,101.97785564075238,43.834954265701526,407.3177170366722,7.3797527411870245,1.6918103800869846,0.636966701928543,低,False,False,False
619,0.32053870229686465,0.4325924658451687,0.0734342963653308,0.9552656104380244,缓和路径,1573.8844609263283,563.71011133179,297.50149718229375,-0.2652934221205744,0.11303191769164832,1.9632614228365628,0.28535019204783657,0.028563351133505072,0.23261091224310176,0.211015137608575,96.70340483764424,96.72870432864,94.2744206594884,91.53983335723537,102.39874825246383,91.53983335723537,95.22258448797689,0.0,325.4470256207587,5.6432787301037095,1.4226519289339545,0.0,低,False,False,False
620,0.43073482596819324,0.5346327550292811,0.0734342963653308,0.9552656104380244,中性附近,1573.277380604972,497.88986358829277,271.3598713582902,-0.25072359384065046,0.10205646701592996,2.4433861642440866,0.31522798487613013,0.024981115028399052,0.2135690220726962,0.1945885316252648,102.70344247296372,102.38965918839284,99.49166123040223,96.23495793234837,108.09393140699366,96.23495793234837,100.96266718860211,0.0,321.0856815500174,6.993266840976431,1.6224675556456225,0.0,低,False,False,False
621,0.6537632112407071,0.6664529216915376,0.0734342963653308,0.9552656104380244,中性附近,1657.8740261664343,356.40216968366514,200.82497585991567,-0.2046046265522719,0.062176614075749426,2.6118857899620007,0.35275623419160734,0.02355956329696376,0.17502971709760579,0.16134235847590284,104.66176813376147,104.47703974477535,102.31740558671952,99.62210785104472,115.84529451888156,99.62210785104472,104.68589511116444,50.32797823783221,344.71908027434273,8.76372937798932,1.8156241592970024,5.521327821995442,低,False,False,False
622,0.8432664638495524,0.8898325194033609,0.0734342963653308,0.9552656104380244,高压尾部,1800.0,292.61807612913327,190.10657979255927,-0.13616894879788274,0.05229921126756234,2.907998518989719,0.3504265942704028,0.026826009836526606,0.14228355504679732,0.13309367640387518,116.94345481733903,110.55763536506058,107.84198083931464,104.7509961205797,127.2134737669369,104.7509961205797,112.22244426250421,181.86770752516713,281.107428539412,10.328389502765049,1.828760009714302,16.889507070050783,高,True,False,False
623,0.4708111203312129,0.5062589480975742,0.0734342963653308,0.9552656104380244,中性附近,1552.2965060285183,452.83382006532435,295.2620160272669,-0.23891140133304684,0.10070741916498181,2.1885520437414208,0.34683335111270647,0.030872070766122,0.2066438384067664,0.18861447850216237,100.39919594550513,100.53298367169309,97.90739508181477,94.84078739633121,108.41005050209388,94.84078739633121,99.34293297678586,0.0,325.9818902190618,7.272795831225096,1.7851392845636396,0.0,低,False,False,False
624,0.16201922039985844,0.12734201690528354,0.0734342963653308,0.9552656104380244,缓和路径,1449.5551815798544,576.390184316029,326.97532500460613,-0.3074358314188146,0.136463442362727,1.8009159612877523,0.25679323820738853,0.027039428995920482,0.2600030787149044,0.23464516181493555,94.69756205299976,94.13323059106611,92.1046173471736,89.66788403003463,101.66415058673118,89.66788403003463,93.17834761708303,0.0,92.21992373768262,5.5005881314409635,1.2802773779514178,0.0,低,False,False,False
625,0.19742860115429153,0.19208477623538103,0.0734342963653308,0.9552656104380244,缓和路径,1465.4679602965418,624.4728747449681,304.9903196950028,-0.3209031819138812,0.1426311341466945,1.7680887900117357,0.2335988530297428,0.02843556186349084,0.2538843377205384,0.22936679152034217,93.64400964886033,93.52825985468293,91.44658078772888,88.90745931327,100.95157385728474,88.90745931327,92.35821376847058,0.0,186.67363299195313,4.97045083080532,1.1646386374389075,0.0,低,False,False,False
626,0.26424270372827546,0.24989452991415348,0.0734342963653308,0.9552656104380244,缓和路径,1526.5733474409365,593.6825402646627,316.996605214104,-0.2802805191640177,0.1305490723538458,1.9491279938054096,0.27394505891212007,0.027180753281289664,0.242338860795754,0.2194070134397193,96.58251591308931,96.49036469687617,93.99913501874623,91.1618368891685,102.09476898835212,91.1618368891685,95.04539873373581,0.0,200.23446856732335,5.638798144774596,1.3657900970254777,0.0,低,False,False,False
627,0.1211023426887113,0.21317347461130837,0.0734342963653308,0.9552656104380244,缓和路径,1449.7112026198645,635.3826341237831,379.72747602438204,-0.3156234465799496,0.14273422129093466,1.65,0.25885458798298533,0.0250540240634574,0.2670735151833907,0.2407445181791665,94.7992013748099,93.8204253656489,91.65260284636514,88.90210167784852,101.96938136301335,88.90210167784852,92.94056465383083,0.0,139.6498774244701,5.485785361575669,1.29055451571472,0.0,低,False,False,False
628,0.5633289778244791,0.6221488516031711,0.0734342963653308,0.9552656104380244,中性附近,1625.3808584450696,471.87727559846905,244.04001819402288,-0.22414688758233428,0.11036508842157884,2.3223257910660062,0.3306220966129693,0.030251069657196632,0.19065675263193,0.1748231186899538,99.51037795553634,100.13417250362244,98.00303351078624,95.56176616586995,110.46253655081972,95.56176616586995,99.69880150133642,0.0,456.4088388997318,6.8546652523487,1.7017005173092883,0.13856985393360333,低,False,False,False
629,0.7710496651995782,0.7835292999595638,0.0734342963653308,0.9552656104380244,高压尾部,1757.4305681950782,310.1102189750999,203.58744301997703,-0.14544022274999974,0.07152572725419162,2.8298883055868345,0.36,0.027925395999240075,0.15476261785351286,0.14385881820085317,112.81435776370175,108.94176657284376,106.36874360855094,103.36627905896319,123.81749644908373,103.36627905896319,110.04222972514229,136.3868303344716,297.9114871270428,9.834666340359153,1.8787204346401214,13.493529752197617,中,True,False,False
630,0.7069625399783825,0.6100256197349067,0.0734342963653308,0.9552656104380244,高压尾部,1691.5942389078452,371.94020048229845,192.40617629980565,-0.2176258637237819,0.08623853479537924,2.4075096997331284,0.36,0.024370116812696574,0.16583687309173548,0.15341209393813346,104.6389761930682,103.7904122384358,101.78649093695775,99.23252037994017,117.03503559996447,99.23252037994017,104.53668891440746,54.92535135281105,357.30927737311686,9.257654084594503,1.8787204346401214,6.711068903078356,低,False,False,False
631,0.20388143165244998,0.2991270528035624,0.0734342963653308,0.9552656104380244,缓和路径,1440.6982785376517,588.0705453267483,327.4239758927951,-0.2930856245410919,0.14141557088226525,1.90861947739146,0.2554893294654054,0.02629899569518969,0.2527692886104566,0.2284048874121134,94.9360273881862,94.68441070258379,92.73677978810424,90.03567198087542,101.54211411639105,90.03567198087542,93.55644917805054,0.0,131.78343600943663,5.396096110788027,1.2737765647799828,0.0,低,False,False,False
632,0.40844296726828316,0.5824018365882836,0.0734342963653308,0.9552656104380244,中性附近,1564.7759225570926,542.076210796871,271.02596766465206,-0.2216406502155255,0.11663517276302203,2.1432787307200507,0.2811881787590792,0.02459742830561725,0.21742105525604066,0.19791151221023726,96.54072627087149,97.20521401566495,95.09485968152659,92.48408930400858,105.23864571461365,92.48408930400858,95.77634549023725,0.0,434.57187211174096,5.280685150994064,1.4472658487061678,0.0,低,False,False,False
633,0.4475158660946307,0.3760704189601355,0.0734342963653308,0.9552656104380244,中性附近,1611.2334643264542,474.6674125693108,276.71882228730243,-0.22269684088410355,0.10752447867076438,2.200773353173051,0.32545138268447454,0.02332311709112389,0.21066925833884778,0.1920870322533878,99.67639462453455,99.7751764009828,97.30421874969078,94.397668194915,107.85621647541822,94.397668194915,98.54033500267823,0.0,426.02310389896775,6.335189055133416,1.6750870312261785,0.0,低,False,False,False
634,0.74000070805058,0.7442186962255719,0.0734342963653308,0.9552656104380244,高压尾部,1743.3952823932584,353.76308947036256,220.7849933872643,-0.13660985993653602,0.07793938668680749,2.509761753782911,0.36,0.02206120699628955,0.16012787764885977,0.14848719321339435,108.25628040689146,105.84722621470794,103.59738395010967,100.86797565859125,119.54517894314937,100.86797565859125,106.75487378185787,144.10184230931736,339.8471950491739,9.630385509722524,1.8787204346401214,9.22121224626325,中,False,False,False
635,0.5582264323636239,0.49014967058147546,0.0734342963653308,0.9552656104380244,中性附近,1577.7016985208302,423.58530438608625,260.4208149649289,-0.21246239104619766,0.086689344571195,2.2860502324127947,0.33635321622741615,0.025620688065208733,0.19153847248756578,0.17558373985342948,98.42859173141846,99.20347318548015,97.18757896043122,94.81895578543069,110.08058689872908,94.81895578543069,98.783899203015,0.0,409.6999091652599,6.740086952955099,1.7311983921112926,0.0,低,False,False,False
636,0.6979369897699753,0.7086803733102935,0.0734342963653308,0.9552656104380244,高压尾部,1655.0089513555,321.36595158526,241.765580072759,-0.19137634689423508,0.06802809050664202,2.324808250798385,0.35165082189659674,0.025371596625583,0.16739648816774824,0.15475750566512203,103.03094475636169,102.58778847880905,100.68968661696441,98.25082402189649,114.68945836373616,98.25082402189649,103.17582570408857,82.36632517642829,308.72445566345334,9.14370833684557,1.8351488470975836,4.365491666850048,低,False,False,False
637,0.37173867037734515,0.3724410124523431,0.0734342963653308,0.9552656104380244,中性附近,1523.6914375214774,537.2383005598587,281.0101380116096,-0.2489157839989187,0.11690420913622093,2.05811979359133,0.2661613347043154,0.02630157131752038,0.22376355775879475,0.2033829117734394,95.94992579272412,96.4504338665523,94.2729231694014,91.67377453243945,103.1729168946787,91.67377453243945,94.9243189851283,0.0,352.5337928389781,5.30924435338506,1.3699232011230833,0.0,低,False,False,False
638,0.3319335322162605,0.2533894452660503,0.0734342963653308,0.9552656104380244,中性附近,1518.2742537516115,561.7970528933033,315.9564186999518,-0.25744174030717776,0.09920889345587353,2.0071684640660594,0.2674817784620321,0.02437251698178258,0.23064188563303015,0.2093165444539643,96.28641831204762,96.5447240978293,94.20543443152461,91.52876381099911,102.095969099677,91.52876381099911,94.9883329993438,0.0,308.65676483959214,5.433243524646701,1.376719479558806,0.0,低,False,False,False
639,0.6575473815851773,0.6098628705949456,0.0734342963653308,0.9552656104380244,中性附近,1718.6957233073185,400.2211398359017,218.6534770531742,-0.16432253944337277,0.09540535247466522,2.566353360519775,0.32469962405909003,0.02505005115167846,0.17437581246208134,0.16077826354087826,103.36040919635525,103.47306903812374,101.5373721946077,98.98494362023203,114.28739696616951,98.98494362023203,103.70800292057913,91.56065390114418,387.1016367634206,7.919505491370738,1.6712177555340397,3.9634302692833927,低,False,False,False
640,0.29005858709745763,0.37344033820202316,0.0734342963653308,0.9552656104380244,缓和路径,1487.850084387046,601.3256437281055,293.7030020529834,-0.2839250631471688,0.10593142895164478,2.12416161594611,0.2725770424341307,0.02269414685991783,0.2378778761495593,0.21555871705606908,97.36556045166755,97.42840002694467,94.97461851813266,92.07533441404411,102.39150139896411,92.07533441404411,95.91596195799856,0.0,200.21611784387278,5.906644642403683,1.3589696660762014,0.0,低,False,False,False
641,0.5443805891006799,0.6321719944769019,0.0734342963653308,0.9552656104380244,中性附近,1622.6951609044208,430.3398959206944,243.2659329757069,-0.2275847633775988,0.10638665950882681,2.1696526292390472,0.3347793985306964,0.029779814859016318,0.19393103420340252,0.17764769822337556,98.55379985684078,99.15776346750668,97.40561470566016,95.12728469953434,109.73811128633142,95.12728469953434,98.75364125739077,9.522876704719238,416.2330809007341,7.27013357393396,1.7230980067586656,0.0,低,False,False,False
642,0.32609523449534517,0.2756229447415854,0.0734342963653308,0.9552656104380244,缓和路径,1511.4951460934585,508.76399120812516,306.99614255467776,-0.2752956207471168,0.11388907253854046,2.263424603966352,0.2800959333188879,0.025883507368542523,0.23165074347920436,0.2101868420023679,98.64446490011912,98.67750867398762,96.2067054725789,93.21663167575818,102.97508484650146,93.21663167575818,97.15112511254496,0.0,183.3314495421091,6.094260779739929,1.3964561122701837,0.0,低,False,False,False
643,0.7734549970884467,0.6275737149597512,0.0734342963653308,0.9552656104380244,高压尾部,1751.9690701034413,304.411474502182,203.93397032561174,-0.13059986135633986,0.04586872923872469,2.620714095030289,0.36,0.02861918233184803,0.1543469765031164,0.14350026258309495,111.7497264598479,107.56766902172502,105.17610930287162,102.33763413032383,122.70771219031899,102.33763413032383,108.82386683998331,171.94347083089815,292.43691280861213,10.240561241605066,1.8787204346401214,12.383745493432869,中,True,False,False
644,0.24154680945122448,0.16537365637365986,0.0734342963653308,0.9552656104380244,缓和路径,1454.439335287163,595.9503567372788,296.25997214377696,-0.2981572347488825,0.13005954743335726,2.113388975169978,0.30189388019006896,0.023438759591313106,0.2462607113268284,0.22279022239759466,98.46400871868532,97.87396354545074,95.5613280475904,93.08061062012537,103.29268129787489,93.08061062012537,96.74431271275925,0.0,50.0,7.0448263306937875,1.5051327209681966,0.0,低,False,False,False
645,0.5982798334952277,0.4656613105069081,0.0734342963653308,0.9552656104380244,中性附近,1592.073600644598,439.4584969000641,281.4865129561681,-0.20240507213706926,0.10359472085718081,2.383220716534245,0.3407286662626459,0.028818661778456517,0.18461724477202462,0.16961309935574093,98.91618101749081,99.70512973118262,97.75636643974086,95.47443971218897,111.05560241978625,95.47443971218897,99.65427408107543,0.0,425.0527683504121,6.75099250102036,1.7537186823904007,0.7316357229001369,低,False,False,False
646,0.23084842803152245,0.2226167161462407,0.0734342963653308,0.9552656104380244,缓和路径,1542.507986758455,581.7034599442676,321.9019368350358,-0.27435937831669127,0.13945530264082234,1.855542049224248,0.23840783376285135,0.027296897706426723,0.2481093916361529,0.22438499806107234,94.70118527861199,94.42979720416909,92.0375468667775,89.51967796282663,101.42321131416405,89.51967796282663,93.11730702109807,0.0,303.90919402033796,4.567995715459251,1.188614460504119,0.0,低,False,False,False
647,0.6617831976061099,0.6076144245568876,0.0734342963653308,0.9552656104380244,高压尾部,1706.1401904384338,371.5660849018302,231.12694769110192,-0.17442004439411268,0.0805774864939492,2.422773142571195,0.3492290774771121,0.02497380917306883,0.1736438634536642,0.16014684313809546,103.52640389857868,103.37753547658417,101.3676531116181,98.80991803041842,114.54786485520559,98.80991803041842,103.68285573495235,76.90714714826572,356.9498782881623,8.506958760693006,1.8225105672965802,4.2238981583194715,低,False,False,False
648,0.8464673726512473,0.7862484144839627,0.0734342963653308,0.9552656104380244,高压尾部,1733.759885014028,258.32552153622026,152.46230117394686,-0.1535544998437419,0.0574136401685186,2.6773137112163283,0.36,0.02650840790664766,0.14173043800586446,0.13261652651944933,114.87045176106804,108.38692607162162,105.92887993269002,103.064395971467,124.7671516187941,103.064395971467,110.178076396064,175.03715050329993,248.1638320016265,10.989611721309224,1.8787204346401214,14.443184921907985,中,True,False,False
649,0.46068467182082795,0.3947546360423749,0.0734342963653308,0.9552656104380244,中性附近,1567.31305269094,430.71665111844294,306.10478910321945,-0.23678518194003262,0.11139398300266029,2.4125292275004235,0.2797724259025752,0.023787060858826318,0.20839368870936092,0.1901239978404878,98.86199653096917,99.43041950020279,97.22953893426663,94.46869895900636,106.94884107974245,94.46869895900636,98.16186114598987,0.0,281.33687052264395,5.747285030405068,1.4399790176293108,0.0,低,False,False,False
650,0.25994419951689435,0.26330896216538674,0.0734342963653308,0.9552656104380244,缓和路径,1446.288903256575,542.4593320236788,303.74876533215263,-0.30891824830033326,0.12168070905808424,1.73034317339228,0.23799143446338805,0.03543017570615166,0.24308164232348065,0.22004777858322433,92.13962593187595,92.62594679378142,90.8208627435861,88.45346777796789,99.72638944068176,88.45346777796789,91.29019317289136,0.0,168.09517085741209,4.899386793279218,1.18653844554742,0.0,低,False,False,False
651,0.3432849287010823,0.3534002802841023,0.0734342963653308,0.9552656104380244,中性附近,1521.1368324299272,530.0020790860066,307.85612757932194,-0.2699102724934758,0.10097174913590246,2.0823175682897737,0.3175088826129695,0.032847328756783464,0.22868036432045297,0.20762442579130927,99.75852160144763,99.60949827190856,97.07906900034278,93.87302705151464,103.61558612089507,93.87302705151464,98.1127660579475,0.0,174.36682762726014,7.093006358599475,1.6342072575544537,0.0,低,False,False,False
652,0.26953693345655894,0.22396515225892985,0.0734342963653308,0.9552656104380244,缓和路径,1479.6743428689776,565.3800420551411,305.1572267921054,-0.2731574872820752,0.13741047507823106,1.8380133064907924,0.26608879706777727,0.02889873256782785,0.24142401789870663,0.21861781847682726,94.73079734098303,94.63667234233428,92.27709635018024,89.72138944814243,101.34735253378908,89.72138944814243,93.25987909170011,0.0,263.5376884793659,5.24018298515853,1.3266216423387858,0.0,低,False,False,False
653,0.3778235407057399,0.3592071587288949,0.0734342963653308,0.9552656104380244,中性附近,1568.469968622032,515.6609874964284,267.1309884421088,-0.2762108554820675,0.10616415233770787,1.9437322670726263,0.303532216625977,0.02493308141818111,0.22271209216604812,0.20247585838522586,97.87492204249236,98.06396335798493,95.57646631312791,92.71739325377301,104.59911548580303,92.71739325377301,96.53264590235409,0.0,345.1644354214677,6.540252169106892,1.5622698402312365,0.0,低,False,False,False
654,0.5699756096181622,0.5902556354915605,0.0734342963653308,0.9552656104380244,中性附近,1638.354266411671,406.0028678940511,261.3415629588156,-0.22480186119317092,0.09789202791280319,2.185511109433839,0.36,0.027247695190930104,0.18950821465798157,0.17383232520327344,99.97663858550814,100.32494627386531,98.52256534006652,96.13203606389884,110.99372278188052,96.13203606389884,100.2087301529398,13.945776684007797,392.69383610488546,7.9975001368570835,1.8529075718386598,0.669756084994404,低,False,False,False
655,0.6490557540819706,0.6204872424353335,0.0734342963653308,0.9552656104380244,中性附近,1687.9000873290322,424.83477711715364,219.92358242488183,-0.1814291095483566,0.09069156000669319,2.2355137151423623,0.36,0.027398801118524337,0.17584316569463548,0.16204408500995512,101.18540145402713,101.38233130897048,99.5544664662195,97.15496840443456,112.17708189369736,97.15496840443456,101.59005584447571,65.69481563075351,410.9084233868869,8.394229958194531,1.8529075718386598,1.8531151968112454,低,False,False,False
656,0.4446168118844763,0.409731436483888,0.0734342963653308,0.9552656104380244,中性附近,1563.6212043245625,441.1454508131371,230.2938352503563,-0.23761841795122526,0.10271691253680296,2.2223238039519337,0.2688212827665126,0.02606898947533184,0.21117021490636248,0.19251918557827696,96.48167360076172,97.38331858798193,95.40871834635688,92.84821151691114,105.80621251585274,92.84821151691114,96.0543338678053,0.0,369.5008200426,5.312062074520386,1.383613861970702,0.0,低,False,False,False
657,0.6103872838724701,0.6106934636387076,0.0734342963653308,0.9552656104380244,中性附近,1693.2305660849484,429.32109132215976,167.15777030977063,-0.21052998914420126,0.08271821295861997,2.5888504240603925,0.36,0.02708902905104651,0.18252507734683715,0.16780827800465029,104.98113678916995,104.85673375521255,102.61154620540808,99.83611348369882,115.62474474243234,99.83611348369882,104.8514292532069,36.99976751054419,415.24767336379944,8.66485942299313,1.8529075718386598,5.300778045546224,低,False,False,False
658,0.3389597881461902,0.3256334705477206,0.0734342963653308,0.9552656104380244,中性附近,1555.994995034413,523.8752146877885,334.72384414553636,-0.30406876443344505,0.11626450834468292,2.1200391521104263,0.302067150111103,0.030056082940711406,0.2294277486083383,0.20826916153473302,100.55884081517344,100.34163923411597,97.94092065199487,94.59873787576416,103.88470149064835,94.59873787576416,98.86154419475905,0.0,161.87403080252443,7.331044398347128,1.5547291934571885,0.0,低,False,False,False
659,0.5404257565730283,0.46130115348556455,0.0734342963653308,0.9552656104380244,中性附近,1666.2676244310312,440.30586841953146,205.00140293748825,-0.21453941352975797,0.0764904741211129,2.438324440793609,0.3229483244059534,0.02758947868024578,0.1946144292641807,0.1782372332587047,101.32503218223813,101.60702489152867,99.66171891210935,97.12929601896496,110.50919246663511,97.12929601896496,101.10682887118647,21.135499060339498,425.8723624934577,7.220096230940662,1.6622038766788858,0.18522576974899607,低,False,False,False
660,0.20346170809857547,0.2509185735914465,0.0734342963653308,0.9552656104380244,缓和路径,1521.4437298394223,618.8090477817864,305.8930212914641,-0.2976143733939708,0.13674307353385437,2.0001792737368427,0.28959999723378343,0.027340162846885504,0.2528418168405661,0.2284674543447033,98.42684962864743,97.67475271666902,95.31430872116084,92.35457330648518,103.33707298820472,92.35457330648518,96.54900710476358,0.0,123.00260252528278,6.435306988567171,1.443839906772663,0.0,低,False,False,False
661,0.27686189719430543,0.2681420944295979,0.0734342963653308,0.9552656104380244,缓和路径,1449.6667048797663,557.1280734474602,325.15173674728504,-0.3149470706390607,0.11252901520280706,1.9867024885152418,0.27243634828541696,0.03264141639323101,0.240158264164824,0.21752590807968047,95.23810373948086,95.40927965198784,93.5923361388094,91.38822624060596,101.37682152996807,91.38822624060596,94.20960873927737,0.0,57.32460180248927,6.279339388729733,1.3582682163921453,0.0,低,False,False,False
662,0.5019682232872397,0.543422389952876,0.0734342963653308,0.9552656104380244,中性附近,1615.2371536730745,467.1047628483726,287.239695607781,-0.2161950088814408,0.09327227582044614,2.1235775965382993,0.33896311890363484,0.026117299652503242,0.20125989101596498,0.1839699825181966,98.38451031173803,98.94941198838504,96.73971566038304,94.3189140523065,108.77861582935265,94.3189140523065,98.06207254052423,0.0,451.7927721477503,6.724568409154035,1.7446314710849806,0.0,低,False,False,False
663,0.6130360984725207,0.5861681492036785,0.0734342963653308,0.9552656104380244,中性附近,1604.640719928569,402.7497321795839,200.79718719243266,-0.2007465900137989,0.0852162725863232,2.458866203282814,0.3480625877769075,0.028098503768954217,0.1820673621839484,0.1674134271486651,101.31083851741647,101.64306105261184,99.78216293802816,97.32920897103396,112.41498243594299,97.32920897103396,101.68339225737066,29.84189524820249,389.5473402446214,7.926695787954254,1.7914661232377507,2.0910157390568713,低,False,False,False
664,0.274339197430717,0.14445031172166473,0.0734342963653308,0.9552656104380244,缓和路径,1527.205519741629,582.7035349268818,290.8423679821006,-0.2602580503262852,0.11925799330499011,1.9683882661820389,0.29586503240642303,0.02860800891467042,0.24059418668397206,0.21790195937486265,97.80276202468005,97.24891035227971,94.48221524977279,91.5936324200465,102.76433533800638,91.5936324200465,95.8168135201616,0.0,274.47563295334294,5.893657052974936,1.4750750859370092,0.0,低,False,False,False
665,0.6594852985251675,0.576316744524047,0.0734342963653308,0.9552656104380244,中性附近,1640.4904706473096,455.48419497251564,213.1950057910695,-0.16176715783272932,0.07785825735030466,2.375875175942771,0.36,0.03134836084923332,0.17404094041485108,0.16048938406906904,101.08599742937612,101.32303557222036,99.5396966476325,97.15239016404651,112.36471381518803,97.15239016404651,101.61554118366858,56.61116269165177,440.5531338650023,7.923198118501889,1.8529075718386598,2.0407471183019084,低,False,False,False
666,0.7247271329232962,0.8046848723956094,0.0734342963653308,0.9552656104380244,高压尾部,1675.8371911370614,298.2780829957162,169.20131638754572,-0.12894409942157634,0.07399270732613684,2.5797261524506014,0.36,0.026767115297743973,0.1627671514308544,0.15076397929455174,108.18451334810639,106.32073214566942,104.00074648205965,101.21023133381297,119.44813113575297,101.21023133381297,107.06742601938396,155.3942258322786,286.5447890635049,10.018102702985253,1.8787204346401214,9.124164438866856,中,False,False,False
667,0.4904591378608728,0.4937525854880203,0.0734342963653308,0.9552656104380244,中性附近,1598.9033962213277,481.0744647841009,310.729415878355,-0.21831306993035796,0.10063915056956672,2.276660392168098,0.30098757264287695,0.03164294973844637,0.20324866097764116,0.18568560739889625,97.92493082010454,98.63059886143587,96.57678283668734,93.92782301622277,108.08691775973986,93.92782301622277,97.61788414290783,0.0,423.90063745008047,5.747897651932648,1.549172645498126,0.0,低,False,False,False
668,0.39808167171125936,0.29603966048045877,0.0734342963653308,0.9552656104380244,中性附近,1521.6036690644657,517.9927687239805,265.55500956993797,-0.2535843103532534,0.11548269387228341,2.2664312744514636,0.29366935694620466,0.026478840934451398,0.21921148712829439,0.19945603949415056,99.40050789846525,99.50705853035304,96.94051895172943,93.98367016294358,105.37523369033987,93.98367016294358,97.9670552554691,0.0,269.3823457096423,6.323698954374071,1.511506041951702,0.0,低,False,False,False
669,0.6920179544875098,0.6467313849010485,0.0734342963653308,0.9552656104380244,高压尾部,1651.910220259672,366.8010736409678,196.84800600884526,-0.16209669628930495,0.07277917707529112,2.5104472770149515,0.36,0.02417656181497899,0.1684192974645583,0.15563983851991803,104.39955810954119,103.90758387974167,101.8538093746618,99.24933509222669,116.08587188083816,99.24933509222669,104.42804449723161,81.35816733575302,352.37230714074195,8.846951826377774,1.8787204346401214,5.761905183952038,低,False,False,False
670,0.23031412813674468,0.40073930086253623,0.0734342963653308,0.9552656104380244,缓和路径,1523.3081442160676,649.1649832013104,295.3548167741174,-0.30403566700289403,0.1370944354666808,1.8929447856890704,0.22990885578048767,0.02800122271971538,0.2482017186579705,0.2244646445455042,94.53279833102464,94.6127143691216,92.31663179098038,89.75539258559155,101.0850851386232,89.75539258559155,93.22423004474855,0.0,215.7182457479339,4.7613006873295705,1.1462416576901298,0.0,低,False,False,False
671,0.8107439273726329,0.8486732748446574,0.0734342963653308,0.9552656104380244,高压尾部,1691.41967782607,270.6893438800409,194.22240218733683,-0.15612765236993836,0.05345618637785721,2.6230598783351136,0.36,0.023527692884509763,0.14790344935000901,0.13794171347165446,111.2411590942104,106.24240080224364,104.0005735657139,101.29900949672059,121.70796902302949,101.29900949672059,107.75229042983196,132.20208845600428,260.0413016096755,10.03017910043773,1.8787204346401214,11.384002326143374,中,True,False,False
672,0.30693190855672287,0.24232891992796396,0.0734342963653308,0.9552656104380244,缓和路径,1545.927056111671,556.1793554505427,291.11514395262907,-0.28450804311439665,0.11708007828393789,2.1369623126378263,0.28815458951782424,0.027238546930358532,0.23496216620139826,0.2130434615824031,98.76059736448069,98.69603059874795,96.02260064665667,93.0086818861649,103.1074747129809,93.0086818861649,97.12644713804794,0.0,212.74486823832012,6.278439538344516,1.4366336313521064,0.0,低,False,False,False
673,0.2609669197691368,0.24463059220272834,0.0734342963653308,0.9552656104380244,缓和路径,1457.997054132061,652.5875285267465,285.15450372958736,-0.2812267436652693,0.12406256646062862,1.810461233495317,0.2814224012533181,0.03147541393389413,0.24290491626389318,0.21989532473952245,95.42465915112561,95.41787184136685,92.79073272115062,90.05056688054415,101.47813242587361,90.05056688054415,93.88137444662436,0.0,241.2928518299268,5.7539528971913905,1.4030693973429682,0.0,低,False,False,False
674,0.5376697805363352,0.5938825936720199,0.0734342963653308,0.9552656104380244,中性附近,1635.7433292567207,424.13247304555796,215.25718705107477,-0.21876387584254905,0.09200308282851963,2.2306881633544897,0.34027645304678855,0.023478338907945435,0.19509066192332128,0.17864805834897038,99.67889311286267,100.08885486427468,98.2794694155301,95.87667664540409,110.03279726467316,95.87667664540409,99.66054935686934,17.19233041132611,410.22914128866546,7.491589360155683,1.7513911565799911,0.0,低,False,False,False
675,0.14861161999724576,0.11405360133971872,0.0734342963653308,0.9552656104380244,缓和路径,1415.4612259328346,599.5523127048106,372.00207286145485,-0.3128589032587445,0.14319737071919633,1.992975067516078,0.25458482816115524,0.024759642200239646,0.2623199120644759,0.23664379263476623,95.84238699061518,94.9994150594476,92.77854774017447,90.50503153438213,102.3043753785169,90.50503153438213,94.07968917947888,0.0,50.0,5.576676460720746,1.269267051343247,0.0,低,False,False,False
676,0.35768462206616963,0.3019995241504425,0.0734342963653308,0.9552656104380244,中性附近,1460.7055377358456,533.1677665148118,258.7338588379843,-0.26267754340486027,0.12397170093932515,2.291697783245957,0.2988968493588752,0.028227183405233655,0.22619209730696588,0.20547790664609616,100.28629182646034,100.20781567621171,97.30732208128568,94.15437471175174,104.26958659298508,94.15437471175174,98.51100626154975,0.0,217.95974167812528,6.777465942149886,1.53841176493272,0.0,低,False,False,False
677,0.3857457503647377,0.3478998828224038,0.0734342963653308,0.9552656104380244,中性附近,1595.0135170285523,553.405878845109,307.70786395508406,-0.24414505526818397,0.12335468093008148,2.3111887069796593,0.3299202432668892,0.030441744793266143,0.2213431343369733,0.20129491832808127,103.07178850835598,102.3240851548799,99.20143330090778,95.8536451087284,106.84525752420318,95.8536451087284,100.80092811693713,0.0,303.8067757302415,7.075023247445801,1.6980881023668655,0.0,低,False,False,False
678,0.2482495404927167,0.19342804549437587,0.0734342963653308,0.9552656104380244,缓和路径,1562.1093731983906,613.5854228976164,305.7972079647717,-0.3012881962522048,0.1363053748052953,1.9320434698240285,0.2420534743407086,0.035999981166507725,0.24510247940285854,0.22179106636412937,95.87594751581629,95.69952116174963,93.20497396058899,90.55293702829371,101.70751139115185,90.55293702829371,94.28437030147441,0.0,255.63613421200898,5.0427664584148655,1.2067902940757294,0.0,低,False,False,False
679,0.6462497220147948,0.4980390081384207,0.0734342963653308,0.9552656104380244,中性附近,1636.6576205541849,364.58740446744685,211.38649975189722,-0.2182114873830792,0.07687851532005342,2.3705484021332817,0.36,0.02576218093597688,0.17632804803584343,0.16246237180270573,101.98810385030269,102.1359392500057,100.2438813085182,97.77749702196499,114.0158728283157,97.77749702196499,102.46102282492092,35.1157217555774,352.63599786493756,8.654984702119297,1.8529075718386598,3.691906131429576,低,False,False,False
680,0.7516890139795327,0.6445830633047354,0.0734342963653308,0.9552656104380244,高压尾部,1709.412730403141,315.4611529584474,199.96606077901401,-0.18859766626149788,0.0639704934369078,2.5775624786941345,0.36,0.025788987393301658,0.15810813838433674,0.1467448524693592,108.82098475941491,105.96061197629554,103.7465714146056,101.02263243478865,119.9687567963507,101.02263243478865,106.9695196151422,94.91452545825632,303.0519326943193,9.768151678964134,1.8787204346401214,9.644790099464586,中,False,False,False
681,0.6903262827963512,0.612639967660002,0.0734342963653308,0.9552656104380244,高压尾部,1691.775605895556,365.05768802104654,236.90918217573278,-0.1541774960815977,0.08079515349479718,2.571127189097604,0.36,0.025169480505293346,0.1687116183327905,0.1558920109502901,105.65393216147368,105.02604187365242,102.84992288911302,100.13782273747778,117.13572150944654,100.13782273747778,105.52005825538072,92.7434598945456,350.69750066585976,8.914044388250275,1.8787204346401214,6.811754812560423,低,False,False,False
682,0.30765838572282417,0.3612038602240054,0.0734342963653308,0.9552656104380244,缓和路径,1516.6514068910992,545.9611549036267,313.9511819265343,-0.26709067614654886,0.12138963700675524,1.920147120295416,0.2553543952321187,0.02395014588330458,0.23483663094709595,0.21293516780794136,94.12263448596154,94.55347365926013,92.46856736144784,90.03172286752944,101.11911550251256,90.03172286752944,93.09538645880059,0.0,292.25392419800846,4.941808043931903,1.2731038319323653,0.0,低,False,False,False
683,0.3439397797883588,0.36319585620327716,0.0734342963653308,0.9552656104380244,中性附近,1558.6933183235824,532.3991183875403,217.7762394812978,-0.2896153580961226,0.12177405861593299,1.8694019753713194,0.30270707326064983,0.02481153404300855,0.22856720605257158,0.20752680910181012,98.34175548484757,98.09273043287021,95.37649855899673,92.42165410134449,103.40921113864923,92.42165410134449,96.56660117306656,0.0,352.30445434033936,6.687784088157222,1.55802285581605,0.0,低,False,False,False
684,0.5319067049669772,0.5084912302272792,0.0734342963653308,0.9552656104380244,中性附近,1592.04526735408,456.6446296870096,267.20022550866605,-0.19953387667501932,0.08842095033071772,2.30685844432664,0.3425775681161531,0.0231658786915812,0.19608652138170632,0.17950714275662377,99.27033511336751,99.78783410206961,97.58948442258371,95.25288569725988,109.70070182327356,95.25288569725988,99.14293779963565,0.0,441.6755287927712,6.771246588959101,1.763234916401373,0.0,低,False,False,False
685,0.4786905096257101,0.4378004753659837,0.0734342963653308,0.9552656104380244,中性附近,1550.5285532452694,429.17585389177566,240.84828355817316,-0.23112583620891575,0.09610347089240169,1.9987888417275168,0.3287623532870568,0.02382913137582243,0.2052822799366773,0.18743992154845446,96.4641544035088,97.40482211486956,95.34882732628887,92.7035937282677,107.34695047658583,92.7035937282677,96.32359775601137,0.0,396.31263467931603,6.395964993826431,1.692128482614122,0.0,低,False,False,False
686,0.30125128501793336,0.09212753886446885,0.0734342963653308,0.9552656104380244,缓和路径,1533.0096252652972,554.0308358179343,267.70868588088484,-0.26741377958806084,0.11741312523225009,2.1679888223221426,0.2868930220246643,0.024169317286376932,0.2359437779489011,0.2138902551129045,99.19860030006132,98.80003501967643,95.89776535643321,92.86665629948038,103.3530530910019,92.86665629948038,97.25035553784774,0.0,240.0879007759031,6.01692445679064,1.4303439161963394,0.0,低,False,False,False
687,0.6909372472855699,0.7320579237292072,0.0734342963653308,0.9552656104380244,高压尾部,1663.4799767225352,412.6292771333962,193.31789465003382,-0.18799378639751485,0.07866754396789816,2.5880194452419727,0.36,0.031024347616777265,0.1686060436690535,0.1558009363044693,105.4645652501556,104.8876905341494,102.74326865587528,100.05282305896874,116.94396663802469,100.05282305896874,105.38031130729918,63.698654879965034,396.39777750386577,9.046558563334962,1.8787204346401214,6.619999941138573,低,False,False,False
688,0.42094226868211504,0.5041956561756634,0.0734342963653308,0.9552656104380244,中性附近,1541.7122033917167,507.10784158769303,252.22668325562202,-0.19480140123714682,0.09941088444106458,2.140308776815551,0.30350521699118566,0.029750603029367807,0.2152611759717305,0.19604827879919604,96.31043209874692,96.96452415089908,94.91040410237336,92.34353973995074,105.86540029949498,92.34353973995074,95.65399453594615,0.0,458.05093847289936,5.320567554173841,1.562130874043065,0.0,低,False,False,False
689,0.37193710330789337,0.42778029517237215,0.0734342963653308,0.9552656104380244,中性附近,1541.6567420206738,534.527644544638,286.45560603525144,-0.25913436464875245,0.12727526075296133,1.8715672911144794,0.30787283068741933,0.027202135824316253,0.223729268548396,0.20335333197103225,97.09484534869156,97.22737635809705,94.73094782073443,91.91497014191953,103.59888337029884,91.91497014191953,95.6786889782852,0.0,315.74862639245293,6.295707216301811,1.5846108309558915,0.0,低,False,False,False
690,0.8464838381137261,0.7789660023324977,0.0734342963653308,0.9552656104380244,高压尾部,1749.656490676647,278.5539833655444,214.14311343705802,-0.13831698797876651,0.06276633393491209,2.760594025223634,0.36,0.029438745709236235,0.14172759277394814,0.13261407206229184,114.660665554843,108.21559013596263,105.79849939264172,102.94596665855056,124.64741290917831,102.94596665855056,110.01676792089437,156.61518861172772,267.59657164427097,10.126966527251149,1.8787204346401214,14.323446212292197,中,True,False,False
691,0.474256682683121,0.5412165433667027,0.0734342963653308,0.9552656104380244,中性附近,1562.7644377867837,492.6819499781501,276.32078728080097,-0.21753065055421514,0.11924944859367731,2.029841356428848,0.32285733146757717,0.02245441786891888,0.2060484452323567,0.18810085884604333,96.456933938635,97.24900411627179,95.19991841884745,92.59322781861974,106.92715647644357,92.59322781861974,96.13137978149251,0.0,394.77818770500016,6.019748959595977,1.6617355391663826,0.0,低,False,False,False
692,0.8914259942153169,0.873236635606384,0.0734342963653308,0.9552656104380244,高压尾部,1730.7118067493675,291.7631449019798,173.90658192227386,-0.1,0.05469276440596847,2.7753094117549306,0.36,0.035345940350934975,0.13396158819959322,0.12591467950903695,116.44639349338894,108.81095687514754,106.32513566843454,103.45847398378412,126.17497478724042,103.45847398378412,110.94936321933484,206.69206304874206,280.28612753838604,10.504573133208671,1.8787204346401214,15.851008090354298,高,True,False,False
693,0.10931525918185053,0.15092575217647863,0.0734342963653308,0.9552656104380244,缓和路径,1438.4477015554903,680.7785650595093,311.0222650869153,-0.32181451798739286,0.14836766401235194,1.8757309142735052,0.21723616566594992,0.021594381862807235,0.2691103232133762,0.2425015834007806,94.39406450437947,93.53353905341966,91.45865504678164,89.06345126288315,101.79388446885352,89.06345126288315,92.71249377274825,0.0,105.45725463100098,4.710141200893057,1.0830602492360328,0.0,低,False,False,False
694,0.4627985952944327,0.5939858905889812,0.0734342963653308,0.9552656104380244,中性附近,1543.0802766460288,467.52042614900006,260.1051339513647,-0.21688466250435812,0.117361123999482,2.3883739451720802,0.31422154546953257,0.02553437885947481,0.208028402733122,0.1898088816020678,99.84237610654812,100.07737380872474,97.65148224212936,94.74634399571751,108.18503328821193,94.74634399571751,98.86985487870587,0.0,405.6940510524382,6.219552380693302,1.6172874467648408,0.0,低,False,False,False
695,0.23658564996652903,0.2808684860844251,0.0734342963653308,0.9552656104380244,缓和路径,1484.9715557911993,617.9440577249859,289.6332390071293,-0.3078116187122502,0.13041336696119302,2.0171715991896626,0.2802652819544102,0.019722717702047296,0.24711799968578377,0.22352976757722842,97.45134493646103,97.06063085636157,94.88978193885173,92.07174869103767,102.75555782538078,92.07174869103767,95.8802446766306,0.0,118.99861795406832,6.4066541925739555,1.3973004227690102,0.0,低,False,False,False
696,0.27091881110516836,0.41824314679586777,0.0734342963653308,0.9552656104380244,缓和路径,1483.1741480439252,564.6518708350364,315.2173752538295,-0.249469554920332,0.12994222995677668,2.0329969064376923,0.2659464690894988,0.031451599924508945,0.24118522944102688,0.21841182611616533,96.06243199571854,95.80853655708788,93.3349714324791,90.68246594996519,101.8670091505022,90.68246594996519,94.43185737764281,0.0,230.45675443088658,5.10623451895161,1.3259120469767292,0.0,低,False,False,False
697,0.6561675305102573,0.46182177330119595,0.0734342963653308,0.9552656104380244,中性附近,1676.4814719557169,424.797917077294,187.05630280604,-0.15732663820938364,0.09210536285834188,2.5954730373687767,0.36,0.027229161684251546,0.1746142507278275,0.16098395380627237,104.46933301130017,104.32098618709723,102.20340052243287,99.52802696534543,115.492109448448,99.52802696534543,104.57485165538694,78.1291658525115,410.8727716425371,8.513716263713786,1.8529075718386598,5.168142751561888,低,False,False,False
698,0.7486453010760791,0.6931390034711428,0.0734342963653308,0.9552656104380244,高压尾部,1634.0541986609899,340.4485318357761,194.65875167314124,-0.13649909846735006,0.0647593139390298,2.6743488388009653,0.36,0.023447845881035486,0.15863409197405354,0.1471985696322285,108.36774984351109,105.54111600674148,103.36516842545186,100.67843850574727,119.44519157331783,100.67843850574727,106.55346463083337,122.53129485953832,327.0563889981264,9.503400606544472,1.8787204346401214,9.121224876431711,中,False,False,False
699,0.5646966338870277,0.634084757057196,0.0734342963653308,0.9552656104380244,中性附近,1654.9581590922458,458.960544823089,238.3666726286059,-0.19193983722803112,0.09429204012275437,2.182342206626351,0.32664343170035615,0.030007447878092588,0.19042042166432158,0.17461924629851486,98.20640504451278,98.77875599039075,97.13716628894022,94.90785331455895,109.29870900763298,94.90785331455895,98.39960947119724,28.12938183758888,443.9155267602676,6.789695378836747,1.6812224663582054,0.0,低,False,False,False
700,0.22404114155976104,0.20659717455234808,0.0734342963653308,0.9552656104380244,缓和路径,1533.0356495390483,583.5143531005484,287.0522156799811,-0.30744319024468963,0.14147664033692176,1.8747992257759019,0.2576267981262327,0.02862825616670646,0.2492856907384733,0.2253997398592563,96.03952264563166,95.71451444881137,93.4433276774181,90.62125146650077,102.01261050423038,90.62125146650077,94.46804133917132,0.0,175.63273347483846,5.509954641941144,1.2844332035281072,0.0,低,False,False,False
701,0.27936851169742005,0.24854005326496043,0.0734342963653308,0.9552656104380244,缓和路径,1517.021470250734,639.9513874703545,330.12213698024715,-0.2584013335111783,0.12890653922784798,1.9909837943222914,0.2670691808425892,0.024727974587667283,0.2397251211786858,0.21715225456608206,96.08058058041708,95.91114644927308,93.45904389848742,90.7997976437512,101.9109652339026,90.7997976437512,94.49411667343648,0.0,273.15269602624903,5.190489902358718,1.3315094780830767,0.0,低,False,False,False
702,0.25662456738817513,0.26059002915142443,0.0734342963653308,0.9552656104380244,缓和路径,1453.1730282243136,584.18349981932,290.38569035585397,-0.24267557716358396,0.11556561820448041,2.059482295178927,0.2546935882331921,0.02678761222718015,0.24365527475532334,0.2205426261982879,95.71725620708551,95.36909584066662,92.90011979832043,90.28839521076446,101.87599497784186,90.28839521076446,94.04033300911007,0.0,271.32296253847016,4.8053928256613005,1.2698092893742219,0.0,低,False,False,False
703,0.511784946948943,0.4749067615845839,0.0734342963653308,0.9552656104380244,中性附近,1604.832173803309,442.94848728199185,200.46957925450425,-0.21613477137685394,0.10274395753703813,2.465291126332338,0.3013616346492778,0.03313990092435211,0.19956356116722263,0.1825066329350588,99.71380774895904,100.2253936842706,98.39827225752077,95.99929959464008,109.34087013055812,95.99929959464008,99.54336528790613,10.272583416157431,428.42835463175334,6.54090896048454,1.5510979297314518,0.0,低,False,False,False
704,0.30516256539812914,0.28880655021127766,0.0734342963653308,0.9552656104380244,缓和路径,1515.6802049018104,605.5950441580152,312.55851699908345,-0.30420532256477184,0.14336843146273523,2.045784980267552,0.2900790876082507,0.03503724170458649,0.23526790869920328,0.21330721226570454,96.82788588207467,96.99082126220186,95.0954608174356,92.56737481595594,102.089687340976,92.56737481595594,95.71729083412973,0.0,89.83464562809422,6.594540794164474,1.4462284765524067,0.0,低,False,False,False
705,0.20026646660755773,0.17299701460698477,0.0734342963653308,0.9552656104380244,缓和路径,1447.3194978613897,650.1980856087852,367.24816363114564,-0.3013309197099045,0.1412068759112124,1.9832751959540789,0.2345215169317949,0.025675747441522612,0.253393954570214,0.22894375942010706,94.55039605150603,94.44376158022959,92.58179829306516,90.00584031505534,101.29359158247782,90.00584031505534,93.3116321814843,0.0,130.6476021485014,5.022003683894769,1.1692387029604756,0.0,低,False,False,False
706,0.5053082559759959,0.5376920222708385,0.0734342963653308,0.9552656104380244,中性附近,1551.1374092305105,451.01232600458883,245.56405538459754,-0.25041617457032606,0.09173049198030897,2.4295006629446565,0.3335619887580652,0.02638497155187606,0.20068273336734788,0.18347209385277297,102.12608369902179,102.20150223172122,99.5178576869794,96.34936468402425,109.86879313380028,96.34936468402425,101.16606961140667,0.0,325.82304617555565,7.4781474026801025,1.7168320406871693,0.0,低,False,False,False
707,0.4602693931925909,0.49411614800437115,0.0734342963653308,0.9552656104380244,中性附近,1590.6210785416413,550.2029632974372,255.9948499567906,-0.22394759868737207,0.11435931161309029,2.1243560701103594,0.32550261022132165,0.027426427494778995,0.2084654488563203,0.19018590218133094,98.39695974038415,98.7879471454637,96.47895971819591,93.68286148261289,107.69975294779154,93.68286148261289,97.60382321908068,0.0,462.10551327354915,6.288937115142459,1.675350697589819,0.0,低,False,False,False
708,0.20033425341135427,0.3162895508550106,0.0734342963653308,0.9552656104380244,缓和路径,1488.4293533419834,695.4257793690178,318.63415653637793,-0.3094415500354802,0.14687833236909822,1.9131362887308363,0.23453417100906138,0.030418477291178907,0.253382241010518,0.2289336546443696,94.02801304371881,93.99203256091005,92.19561380114732,89.89472978709297,100.99720962621323,89.89472978709297,92.91619860235826,0.0,97.0290577086489,5.003346797115037,1.1693017915720614,0.0,低,False,False,False
709,0.46999642637805694,0.4478009387602313,0.0734342963653308,0.9552656104380244,中性附近,1569.6094409834636,480.9718182394978,251.22365527876224,-0.21794952886936955,0.10177322919424754,2.3993332693825313,0.31375898345773584,0.025666247448200157,0.20678461752187174,0.18873592248875298,100.00153464817853,100.34923219458689,97.9490067496617,95.03513485517706,108.59850469178475,95.03513485517706,99.18642512712071,0.0,460.9922520870059,6.212999443653038,1.6149066560589986,0.0,低,False,False,False
710,0.7625949882518991,0.774059106236834,0.0734342963653308,0.9552656104380244,高压尾部,1659.2917596085263,314.876110911399,212.1111701720043,-0.16165623421858044,0.059226319074341095,2.5122694145255924,0.36,0.021358550507836506,0.15622358603007183,0.14511913156132972,107.81306640346801,104.60336683900024,102.55640958847644,99.97156043163027,118.93301944092677,99.97156043163027,105.7646410023326,112.27805881979111,302.48990430697984,9.651439154220963,1.8787204346401214,8.609052744040653,中,False,False,False
711,0.45685417522926297,0.49986735314860514,0.0734342963653308,0.9552656104380244,中性附近,1562.507258914459,469.93731837083493,265.86523267194707,-0.271599717208588,0.10747877152987777,2.151253687574496,0.31914920365254745,0.02742808263946959,0.20905559852038336,0.19069499849036295,99.63524040420741,99.94285712498724,97.43954587317496,94.46107409814982,107.26064078669903,94.46107409814982,98.62126336742566,0.0,280.3988862242604,7.152997446682161,1.642649933316899,0.0,低,False,False,False
712,0.4932282822940323,0.48528817623284176,0.0734342963653308,0.9552656104380244,中性附近,1616.8920622266446,452.0911216070567,288.0830426910472,-0.22661628517355398,0.09782652385255883,2.35172432437405,0.34930226366274314,0.025754951479413177,0.2027701528195912,0.18527281933522477,101.95588235233805,102.01382086811199,99.36336746203389,96.23310271491188,110.22983839504957,96.23310271491188,101.04043944952814,0.0,397.0586047484794,7.162304319732609,1.797846692225224,0.0,低,False,False,False
713,0.6573969953108212,0.5917542309985461,0.0734342963653308,0.9552656104380244,中性附近,1635.1339422079586,352.41507581769446,233.18381265181014,-0.16780432630050413,0.08021639700451781,2.438231425507822,0.36,0.02275750932324429,0.1744017992102901,0.16080068117220542,102.96381118291805,102.96264351148876,100.99138161518293,98.45354090187917,114.09480007743461,98.45354090187917,103.243564087224,82.88359116849824,340.8626858767867,8.865971160414404,1.8529075718386598,3.7708333805484955,低,False,False,False
714,0.6957788112617863,0.6500777556531201,0.0734342963653308,0.9552656104380244,高压尾部,1671.6387408246537,370.99605610477744,241.4325192704804,-0.21993994734172656,0.06902162637119368,2.5799883731895923,0.36,0.02197405427886054,0.1677694214139633,0.1550792188689495,105.12600785884962,104.59183822787922,102.4810012446996,99.80808923771427,118.69610571549562,99.80808923771427,105.38621788952845,28.73082084370617,356.4022725781781,8.833044710485039,1.8787204346401214,8.372139018609502,中,False,False,False
715,0.2505153354951614,0.2603694320587962,0.0734342963653308,0.9552656104380244,缓和路径,1521.536082260876,633.4585340984755,276.35004847310313,-0.2647805889234204,0.14346123577466294,1.7102573894372843,0.27761891190838334,0.0271706292079722,0.24471095002643606,0.22145331109194644,94.73954567867284,94.42300330996879,91.95050378698863,89.36429593546744,101.56408071518757,89.36429593546744,93.09752616572153,0.0,321.7118323670911,5.2211951038211515,1.3841065874201208,0.0,低,False,False,False
716,0.5576155724710778,0.583971148811574,0.0734342963653308,0.9552656104380244,中性附近,1599.9676781960252,412.76056478251235,253.05848309021926,-0.2315647770822164,0.10622086463304431,2.522602249695977,0.36,0.02953676890215098,0.19164402907699774,0.17567479890733767,103.64070560188165,103.56189662229342,100.8478710000334,97.618932791656,113.20098620701225,97.618932791656,103.05370019143321,0.0,378.19635813895,7.764927722223818,1.8529075718386598,2.877019510126132,低,False,False,False
717,0.41030785611543963,0.41773746227283665,0.0734342963653308,0.9552656104380244,中性附近,1543.1984258254404,493.24983196136475,236.11369645160553,-0.23461856302750303,0.10632602532972651,2.4733274365495856,0.3061080671214264,0.026563400716653987,0.21709880246325203,0.1976335188174181,101.82749521699502,101.63170425806584,98.81246909418506,95.63500956132218,107.54364940758727,95.63500956132218,100.14483803467918,0.0,378.2194398020256,6.494927324221541,1.575527653806077,0.0,低,False,False,False
718,0.5663553511835604,0.6244627627044669,0.0734342963653308,0.9552656104380244,中性附近,1572.483897169611,494.1606697717196,249.64404110684345,-0.2003457574894031,0.09586931881112422,2.395213220258577,0.3303360421051224,0.023711074532982004,0.19013379531548075,0.17437198628101092,98.50765491771385,99.4037811934852,97.45653459797963,94.93680742872732,110.23893578228775,94.93680742872732,99.03464679153534,0.0,477.9617692637964,6.310638901950975,1.7002282046327657,0.0,低,False,False,False
719,0.4125857690983787,0.40589218116665937,0.0734342963653308,0.9552656104380244,中性附近,1626.3236260922952,520.5455925829777,255.3237382704961,-0.23847369845639496,0.10026240750366618,2.24335679349446,0.30556383604317894,0.02739803145524612,0.21670517909980014,0.1972939571541911,100.15673110992067,100.15541487101815,97.59124247352086,94.62391542634435,106.8790221710758,94.62391542634435,98.75509487549773,0.0,398.7444233757087,6.197570636354338,1.5727265152346472,0.0,低,False,False,False
720,0.399644919060361,0.38948218691878655,0.0734342963653308,0.9552656104380244,中性附近,1551.0611923745566,553.2043960420683,287.82721715226035,-0.23954724432326666,0.12412088674495156,2.153729588930607,0.27165159308759934,0.02534910980648154,0.2189413579863696,0.19922301089566066,96.67875491115954,97.25619129929815,95.10901560574374,92.48221161791703,104.37517140861667,92.48221161791703,95.77947663962496,0.0,335.0669109254486,5.364700128100032,1.3981813714834648,0.0,低,False,False,False
721,0.679227483898693,0.6689668052499566,0.0734342963653308,0.9552656104380244,高压尾部,1640.5031544462117,396.0209840921096,231.78323008710908,-0.1490926121156058,0.07854425894268195,2.7310623458816132,0.3524533793098359,0.029590804358681548,0.17062949078230583,0.15754647564746588,105.59229843392981,105.1312082954807,102.9369451089053,100.21060802027175,116.92078879415251,100.21060802027175,105.52391809503251,80.32557038579034,380.44280093158875,8.4956742928807,1.8393371276870958,6.596822097266397,低,False,False,False
722,0.2703579525164391,0.39664901326084634,0.0734342963653308,0.9552656104380244,缓和路径,1466.552407315787,567.7052406540734,293.18658034550356,-0.2685709980514009,0.11507493410229591,2.0329688467588785,0.2782317141090483,0.025716662991774886,0.24128214580515933,0.21849543162552867,96.74358687589259,96.64684961000255,94.08146769280515,91.25924667176925,102.27786972238027,91.25924667176925,95.18391794648466,0.0,203.64968185957696,5.726744764245391,1.3871617955718107,0.0,低,False,False,False
723,0.41889676885762334,0.47118602131503246,0.0734342963653308,0.9552656104380244,中性附近,1590.700443362406,496.85817314008625,268.2756135718017,-0.22010863485748458,0.0943251957956168,2.185282750626077,0.3229363912415023,0.027576120039140038,0.21561463834140268,0.1963531953292554,99.64936573874955,99.5918329204763,97.02607994139085,94.08599258687963,107.0129701856305,94.08599258687963,98.23646640812593,0.0,453.6445148374405,6.239334939619685,1.662142457093421,0.0,低,False,False,False
724,0.5079205762346483,0.5146981690216496,0.0734342963653308,0.9552656104380244,中性附近,1615.7817718841764,453.85003747624023,206.40066724895246,-0.24070418268824514,0.10023353841689768,2.3318503029026254,0.34008893440530313,0.02489833251142349,0.20023132442665276,0.1830826830989148,101.4534603180354,101.7370089436568,99.18819751199051,96.65821598087003,110.31210048197894,96.65821598087003,100.90364422386911,2.58246625015272,438.9725450890151,7.737537698274939,1.7504260046059097,0.0,低,False,False,False
725,0.35492742933669474,0.3379467311074896,0.0734342963653308,0.9552656104380244,中性附近,1555.9770449399655,523.1765927856634,276.9313434545177,-0.258353070406279,0.10548112318962959,1.991012350276,0.32998806732727365,0.024829078999469057,0.2266685402106191,0.20588891310510934,100.31124086651562,99.73970184654004,96.76439900588744,93.60258786218394,104.80594429325058,93.60258786218394,98.20181024897606,0.0,334.9270607726121,7.023800354227983,1.6984371904641968,0.0,低,False,False,False
726,0.3287699206311877,0.4465663630494031,0.0734342963653308,0.9552656104380244,缓和路径,1540.4737143089646,505.30304660668725,286.8189958131513,-0.2859160069708042,0.12704623597278925,2.1287007678247973,0.27273431441449136,0.023799507587180878,0.23118855771493074,0.20978813455405917,97.9319161571165,97.87614869028828,95.28894357037383,92.43226921730624,102.61867683207397,92.43226921730624,96.30390613698621,0.0,235.06905782620743,5.874554624572307,1.3597537667793467,0.0,低,False,False,False
727,0.6575907043895275,0.7485716126712091,0.0734342963653308,0.9552656104380244,中性附近,1666.6203850233705,364.880037593517,206.48613696422385,-0.1923532972583842,0.0976681485700622,2.9005649441098,0.36,0.022631318104240714,0.17436832628148963,0.16077180554023865,107.41047107160358,106.96182303802725,104.55895069585031,101.62284492510254,118.95564026105853,101.62284492510254,107.23044863932655,45.4480722880362,352.91903829133634,8.799824918831666,1.8529075718386598,8.631673564172416,中,False,False,False
728,0.20002056908229013,0.20664269204405317,0.0734342963653308,0.9552656104380244,缓和路径,1477.1915247812647,650.2696638678256,299.3608646804232,-0.27985395024623655,0.15572098078571112,1.962061901431721,0.2707051192426521,0.027239023668897192,0.2534364456625803,0.2289804146274344,96.04678521140026,95.65831496412986,93.5719110230566,90.90009536039601,102.09488171982841,90.90009536039601,94.54191292901777,0.0,115.63708236437014,5.629427804694192,1.3496369401366766,0.0,低,False,False,False
729,0.6704293798154829,0.6530638959895677,0.0734342963653308,0.9552656104380244,高压尾部,1701.429884670275,381.7394381516934,159.50351895225225,-0.17271921267781248,0.06602348096258372,2.695319066145238,0.36,0.024747027774590563,0.17214980316788453,0.15885798266205106,107.71603850917987,106.99381126159417,104.58370022244513,101.6809883458466,118.92121397490791,101.6809883458466,107.3552408626961,95.07596297699092,366.7230447634626,9.526469722789678,1.8787204346401214,8.597247278021797,中,False,False,False
730,0.47708299782732355,0.3912273644788025,0.0734342963653308,0.9552656104380244,中性附近,1565.4468665966128,503.9763313960208,283.69419086529615,-0.22084401903427503,0.10425149323445397,2.276609820552271,0.348190795539728,0.025120800608775962,0.20556005797543847,0.18767954851577298,100.96863094350651,100.96933237033068,98.30755171346271,95.22244814722093,109.17155533060333,95.22244814722093,99.8321425683569,0.0,417.98390138849754,6.99172979315694,1.792126004166913,0.0,低,False,False,False
731,0.5958836073795019,0.5553376449822839,0.0734342963653308,0.9552656104380244,中性附近,1601.5878540728488,460.88815450800337,276.3757645285696,-0.17673889303935528,0.11156811018015254,2.2876394280238763,0.36,0.0293570970779867,0.1850313126448221,0.16997029760317975,98.90148201079688,99.41001088490374,97.75907554853612,95.48291136051083,110.58981082964465,95.48291136051083,99.42305232160851,16.280891023741788,445.7799481758313,7.1188199385226225,1.8529075718386598,0.2658441327585308,低,False,False,False
732,0.5297782205840611,0.37352865692876824,0.0734342963653308,0.9552656104380244,中性附近,1601.5926677522266,480.58618907297915,227.54990304514564,-0.21704963779535483,0.09345563756394049,2.2823870531328487,0.3075236121684186,0.029066166542710742,0.19645432348307423,0.1798244295461671,97.5788550353339,98.53023023020873,96.62177819793493,94.18151938707535,108.9306464201291,94.18151938707535,97.80892355447278,0.0,464.83226866107856,5.998626879740499,1.5828134152945508,0.0,低,False,False,False
733,0.8140794465724454,0.7442729392265562,0.0734342963653308,0.9552656104380244,高压尾部,1792.7974984794125,278.9491246990001,196.15101791976195,-0.1342832568483101,0.05017204903628367,2.6317734069373255,0.36,0.027826591399862908,0.14732707163228143,0.13744449761850425,113.79155336319096,108.48225023337594,105.96667431630219,103.05212961538592,124.47451324468902,103.05212961538592,109.97232528131858,184.5457908369117,267.97616939717375,10.509941328224807,1.8787204346401214,14.150546547802904,中,True,False,False
734,0.5951326581793123,0.3937943177776585,0.0734342963653308,0.9552656104380244,中性附近,1646.9777253670748,371.15976431838146,243.63479882901387,-0.19759885949107012,0.08892232942648792,2.2606830410887255,0.36,0.025906078978214883,0.1851610766666148,0.17008223935043926,101.14675680752367,101.26860662591874,99.33037151753096,96.87326551186875,111.12727614397929,96.87326551186875,101.08886431539543,41.46050164204462,358.9929115870317,8.221639529681282,1.8529075718386598,0.8033094470931701,低,False,False,False
735,0.5612228864671519,0.6222144024079801,0.0734342963653308,0.9552656104380244,中性附近,1651.9760151614848,454.5871982400148,209.38532295044809,-0.23154710064877607,0.07953036616567444,2.243586817066309,0.358343477714419,0.01906602796297399,0.19102068521847612,0.17513706741826707,100.95268961711614,101.23972516514965,98.92231173783459,96.48691498280367,111.43296301935779,96.48691498280367,100.88905047031334,3.9077084234049835,439.68554125491454,7.868098710825037,1.8443815088223472,1.1089963224716683,低,False,False,False
736,0.2637840292685354,0.32475733014949665,0.0734342963653308,0.9552656104380244,缓和路径,1547.069552222893,590.0225552489745,261.4992946285312,-0.2630913039827839,0.12206697264155718,1.9609793558546293,0.27428242808684317,0.030100052996227592,0.24241811974239708,0.2194753866671409,97.11069002904267,96.59523462955569,93.90878960539575,91.11297754672555,102.5256421473308,91.11297754672555,95.20225717989135,0.0,302.33604471665603,5.381161494841056,1.367472096619514,0.0,低,False,False,False
737,0.0025721845107062324,0.061618807214857366,0.0734342963653308,0.9552656104380244,缓和路径,1400.0,700.0,331.15202682800714,-0.3376468578802557,0.15216732118827636,1.65,0.21043991927569106,0.027134016524957214,0.28,0.2584134537157449,92.73277156601802,91.29494180220922,89.19758865646985,87.2421601807501,101.62140938865907,87.2421601807501,90.82712308566067,0.0,50.0,4.370829717948284,1.0491766447876736,0.0,低,False,False,False
738,0.35916621001124077,0.2970193441622653,0.0734342963653308,0.9552656104380244,中性附近,1549.7557499903146,535.3090796250101,308.96949652972984,-0.25242396931758143,0.12578306551007007,2.1801628352786695,0.3088825402258645,0.024735461367968316,0.22593607891005757,0.20525705077029519,100.62590814733466,100.1939546333493,97.28031969906583,94.14294942622344,104.46681819220623,94.14294942622344,98.61575848847143,0.0,240.0962199452224,6.589261581121239,1.589807771092399,0.0,低,False,False,False
739,0.9350507558101213,0.8506705296171764,0.0734342963653308,0.9552656104380244,高压尾部,1764.6207000947468,211.83367004625086,174.9484417174972,-0.12481570738414707,0.05411617353779184,2.6548798498678803,0.36,0.027037607624848553,0.12642322939601103,0.11941166700769844,117.9933252385466,109.28600163589459,106.69293416182119,103.7809445626289,127.51444393538597,103.7809445626289,111.7460644800203,230.25334149840455,203.5008194042296,11.516733135983568,1.8787204346401214,17.190477238499852,高,True,False,False
740,0.5292991995882538,0.5832866726911429,0.0734342963653308,0.9552656104380244,中性附近,1620.2728172786149,457.3100343844636,215.81699804263624,-0.2257720208286142,0.10346767904056485,2.2374931679633927,0.3561484257052109,0.021638146671359344,0.19653709831114974,0.17989583577075743,100.62483083315921,100.91149674182941,98.52157813621321,96.0818907012026,110.38460952044866,96.0818907012026,100.28377269905768,2.699518263943901,442.31912110176347,7.701477542825965,1.83308365191001,0.0606428235625458,低,False,False,False
741,0.49811453467186806,0.4655835832656945,0.0734342963653308,0.9552656104380244,中性附近,1579.9950103653196,455.59839116915794,251.29459499186464,-0.2175876197444117,0.09671136601748676,2.507661084201565,0.31172471173507604,0.029967771239104848,0.2019258084087012,0.1845444403335721,100.56720065844023,100.98681110464618,98.6371231289426,95.72100613490859,109.49098043610915,95.72100613490859,100.00254444720964,0.0,431.32210761528586,6.2441542078261385,1.604436329730961,0.0,低,False,False,False
742,0.03266210251978063,0.04125315356184462,0.0734342963653308,0.9552656104380244,缓和路径,1400.0,693.6201267193168,385.10173714887264,-0.35,0.15820847854118109,1.65,0.24423568115602234,0.025739425888818106,0.28,0.2539280397942952,93.73792569642765,92.34378004732281,90.14639465950407,88.07367813468733,101.97397106090482,88.07367813468733,91.77819742809892,0.0,50.0,5.072766502925559,1.2176699809364917,0.0,低,False,False,False
743,0.5622946847663431,0.620171079162052,0.0734342963653308,0.9552656104380244,中性附近,1669.4622945204785,457.85552075515864,256.0947368062431,-0.2278947623507802,0.08423516527665673,2.5773827403354574,0.3389942749378642,0.025578258401721194,0.19083547847237586,0.17497729765715545,103.66500700480317,103.66434707787793,101.04997414269961,98.10449966789598,113.15987074981882,98.10449966789598,103.16238589605683,0.0,442.84672608288656,7.311123939361691,1.7447918301175698,2.8359040529327046,低,False,False,False
744,0.9310175038803108,0.8300388490170796,0.0734342963653308,0.9552656104380244,高压尾部,1798.1178185631195,202.89781062306074,150.0,-0.1409795921297545,0.051961805253500755,2.7819076344311164,0.36,0.027978628687872455,0.12712017532948228,0.12001289178834523,119.48959777622021,110.85092675190155,108.03915523448293,104.94940268415114,129.0134221849809,104.94940268415114,113.15113516938881,213.4646431426845,200.0,11.462275924600373,1.8787204346401214,18.68945548809478,高,True,False,False
745,0.810675464519925,0.8196787477673223,0.0734342963653308,0.9552656104380244,高压尾部,1759.954070114993,304.57534746229146,189.396979781105,-0.16343572805050177,0.06925191942737575,2.5080234579420657,0.36,0.028879855134008706,0.14791527973095694,0.1379519190239775,111.52943876389608,106.52653213945644,104.26326835602238,101.54557568969364,122.25189982934187,101.54557568969364,108.04966865708514,148.02719964336757,292.59433953710715,10.315925734564102,1.8787204346401214,11.927933132455749,中,True,False,False
746,0.6543940725834023,0.7076188447613723,0.0734342963653308,0.9552656104380244,中性附近,1685.8225136516328,383.9071599153308,228.06306860823113,-0.19627320525686773,0.08729279473431541,2.5307688316852075,0.3444054718456527,0.02661689418411668,0.17492070425758804,0.16124831786574975,103.42296993519388,103.42583167132929,101.40495225737081,98.81812097004946,114.33379120302138,98.81812097004946,103.60578909803539,52.690283369182,371.3224394627285,8.243053741425236,1.7726430737929895,4.00982450613526,低,False,False,False
747,0.7085325439763016,0.676984853631706,0.0734342963653308,0.9552656104380244,高压尾部,1686.059214721473,372.942712270587,173.64707645811436,-0.18860356178141494,0.07679593990962101,2.2633700094824603,0.36,0.02562853963830047,0.16556557640089506,0.15317805814624882,103.7592714425109,102.95255697721879,101.02015221889702,98.55045364639598,115.39810763641371,98.55045364639598,103.63363515007096,94.39280230349686,358.27235359388277,9.519760253329274,1.8787204346401214,5.074140939527595,低,False,False,False
748,0.5587511381083287,0.6147857964512572,0.0734342963653308,0.9552656104380244,中性附近,1618.654837769585,416.36577873023447,261.67030544384374,-0.20031655071400684,0.10973513228869325,2.3513609379927867,0.30700833949683665,0.028343581354724146,0.1914478033348808,0.17550552354020277,98.54389177118007,99.19492525805434,97.57318244854741,95.3310403135406,109.46815600201575,95.3310403135406,98.79932249544575,24.370273350094067,402.7170441442328,6.5750194131533,1.580161324642507,0.0,低,False,False,False
749,0.6596233271918427,0.7039056489819236,0.0734342963653308,0.9552656104380244,中性附近,1659.3110556266167,364.95911750098844,200.07000689353822,-0.1881739817303214,0.08553555685304841,2.8049097422546057,0.36,0.02799193327923049,0.17401708906124957,0.16046880854929266,106.24929245695783,105.91730532458139,103.62725748740878,100.7941764494623,117.63068042964944,100.7941764494623,106.18498933968718,46.90261029061185,352.9955259092314,8.655185717206866,1.8529075718386598,7.306713732763328,低,False,False,False
750,0.7769129679202682,0.661951351787831,0.0734342963653308,0.9552656104380244,高压尾部,1796.995747918362,295.90449303674365,204.60865502067654,-0.16322181388868273,0.07369945087961806,2.5272221337526286,0.36,0.024854172146239736,0.15374943914337766,0.1429847932320538,111.2907538214378,107.21136402118145,104.86616753455908,102.05446465521537,122.05149178802145,102.05446465521537,108.43891876298666,150.20085246432245,284.264568447608,10.26778427901983,1.8787204346401214,11.727525091135334,中,True,False,False
751,0.5970899504775257,0.510908915352039,0.0734342963653308,0.9552656104380244,中性附近,1635.906810225136,454.3886587902898,247.17856211879553,-0.19998825435367942,0.09787083844769957,2.69367095663714,0.36,0.029540545135894682,0.18482285655748354,0.1697904716520326,104.00368472960781,103.98771092820138,101.63401689746495,98.97483447578783,115.10309517292451,98.97483447578783,103.9755297216072,5.841712132760222,439.4935100544083,7.740067097874705,1.8529075718386598,4.7791284760383945,低,False,False,False
752,0.5597727267323376,0.577010986017794,0.0734342963653308,0.9552656104380244,中性附近,1594.242170321145,423.8012875046454,251.80341762187706,-0.18971364907743055,0.09487817207843956,2.2254174579812687,0.31734625332099914,0.02547385632555935,0.19127127282065204,0.17535323838493108,98.00894197949103,98.64938685603516,97.05425843095671,94.85765497540416,108.94914583812302,94.85765497540416,98.23125084800373,43.005404503684986,409.90881222006055,7.025976745696979,1.6333702102030798,0.0,低,False,False,False
753,0.40009266709674585,0.5627196268133745,0.0734342963653308,0.9552656104380244,中性附近,1542.9555571986787,518.0634429331675,269.00039523545126,-0.23932605260698622,0.11672448153268673,2.1575580345948633,0.29592650938510406,0.025970652757407214,0.2188639871256823,0.19915626643743062,98.15880817644657,98.40587861520659,95.99353840662292,93.17310727774557,105.3166556154807,93.17310727774557,96.93262838243406,0.0,363.0391812126509,5.9694647089864,1.5231235276317878,0.0,低,False,False,False
754,0.8675747644246987,0.7357027963030413,0.0734342963653308,0.9552656104380244,高压尾部,1797.7146059000752,285.772066822234,192.88730832580856,-0.14742149801095616,0.0588720207815989,2.931673800141582,0.36,0.02894740355011595,0.13808308070741204,0.1294701108702747,118.06392186555709,110.87591858489921,108.14886378017779,105.03193115138426,128.21582349976288,105.03193115138426,112.76850170794432,162.51889274441237,274.53071907061604,10.47611033865249,1.8787204346401214,17.89185680287676,高,True,False,False
755,0.0017883586045134847,0.14484969150547264,0.0734342963653308,0.9552656104380244,缓和路径,1400.0,700.0,348.56982353204285,-0.3350921217010074,0.14880912767929738,1.749002048527527,0.214812183253824,0.02514392938835464,0.28,0.25853029629506236,93.64371471648747,92.09998938623534,89.90478313806986,87.87035538558675,102.11159069751524,87.87035538558675,91.62230419672505,0.0,50.0,4.466666450230374,1.07097515747715,0.0,低,False,False,False
756,0.12564856509352476,0.12755661573762955,0.0734342963653308,0.9552656104380244,缓和路径,1419.8515732904789,679.8304264625912,308.8038341752454,-0.3037653646989839,0.1451432798227286,1.6817342946743448,0.19436255739334152,0.023267923555509086,0.26628792795183887,0.24006682642678595,90.89920569775903,90.75538562236837,88.96631614722172,86.78585009274907,99.76187528002315,86.78585009274907,89.78383862539725,0.0,155.358048586495,3.7495444973670913,0.9690207853156766,0.0,低,False,False,False
757,0.6199618241195295,0.6695694310731318,0.0734342963653308,0.9552656104380244,中性附近,1634.240327536039,338.8167087244706,247.9075152370736,-0.21137494510735289,0.06921648338497233,2.471217507632365,0.3551261793398541,0.020601298062424115,0.1808705967921453,0.16638102997749749,102.23697721119856,102.4038768819791,100.44616909315288,97.89940483425823,113.6890969452852,97.89940483425823,102.54004692259498,21.962503888924402,327.7100818907626,8.10805522694601,1.8278221851581928,3.3651302483990833,低,False,False,False
758,0.10711212093830766,0.09618231393494299,0.0734342963653308,0.9552656104380244,缓和路径,1400.0,654.801935792232,343.2950515883614,-0.2930255089274848,0.15209848839686665,1.7238357234008646,0.2511427559412588,0.019100724653771942,0.2694910255018604,0.24282999861764779,94.01061544415299,93.09789810826142,90.99746661377014,88.58843283154799,101.67911332309227,88.58843283154799,92.29686296340188,0.0,97.22190644051625,5.125201092413237,1.2521061353192453,0.0,低,False,False,False
759,0.23752289092434078,0.2428711451422257,0.0734342963653308,0.9552656104380244,缓和路径,1551.4006299457867,502.88907594538455,295.0771972636484,-0.29019748014850993,0.1321543300664373,1.8982648542583909,0.24112905382092617,0.022080208056718717,0.2469560444482739,0.22339005587583216,95.48239578551518,95.14511379021405,92.70192265342062,90.11663727383639,101.87314524923926,90.11663727383639,93.8364832114621,0.0,283.8344686223536,4.858626522455936,1.2021814706991742,0.0,低,False,False,False
760,0.6467756841523175,0.6171719854187365,0.0734342963653308,0.9552656104380244,中性附近,1663.3572895270454,371.64649826325865,192.3267226691321,-0.19694863538042798,0.08498453029537449,2.7434819236301573,0.36,0.027213303204468502,0.17623716177847953,0.16238396820276613,106.20596993587264,105.86728959703692,103.5519695794966,100.71779875899243,117.06339730496596,100.71779875899243,106.02084186699922,50.5112559833251,359.4636900841584,8.914770849027768,1.8529075718386598,6.739430608079843,低,False,False,False
761,0.29750555749123897,0.28018843783192543,0.0734342963653308,0.9552656104380244,缓和路径,1523.6883466699337,586.3833654140635,281.9682143155705,-0.2805247824331634,0.10537641851244307,2.0481734439567316,0.24196466051841922,0.029781998035813897,0.23659103966551387,0.21444861949226654,95.49397987502874,95.63649234612802,93.34684852496918,90.77243932610567,101.72474410479876,90.77243932610567,94.17634518973938,0.0,318.86782783064155,4.927474169772458,1.2063475007673061,0.0,低,False,False,False
762,0.7536017846951905,0.831940135755875,0.0734342963653308,0.9552656104380244,高压尾部,1730.131968030251,323.2300990071731,156.7658016651381,-0.1733661939097974,0.0675864130547663,2.7332559724440473,0.352884200576735,0.0319700888026849,0.15777761160467108,0.1464597214698674,110.38289431501919,107.37128957965757,105.00912294573014,102.15367174990949,121.49035255445808,102.15367174990949,108.34557148095008,108.13545139356575,310.5152735620753,9.603117126284454,1.8415854407920984,11.166385857571967,中,True,False,False
763,0.21520014912669974,0.20083168928272987,0.0734342963653308,0.9552656104380244,缓和路径,1540.0982594111997,577.6548595661653,272.79641225237765,-0.3119995447113741,0.12805652816009203,1.8955266529544221,0.23391916768683121,0.030174504408014294,0.25081341423090625,0.22671764011165063,95.40211376977788,95.25365444037959,92.74768242218799,90.10185883168232,101.62222338354027,90.10185883168232,93.85864679058872,0.0,227.09898556929693,4.949311532043616,1.1662356094314694,0.0,低,False,False,False
764,0.21665918064615575,0.2667536784577743,0.0734342963653308,0.9552656104380244,缓和路径,1500.043456041548,635.1676032921847,336.49810462263656,-0.2817555524672807,0.13472040792734055,1.9672348417682186,0.2658683185596693,0.029741136988804134,0.25056129358434426,0.226500146654632,96.72630029539371,96.3589173520662,93.81453613032917,90.94317247374026,102.33234305182421,90.94317247374026,95.01558118472839,0.0,200.4500497761819,5.509653757896303,1.3255224169533137,0.0,低,False,False,False
765,0.4619838953258577,0.45282416484057414,0.0734342963653308,0.9552656104380244,中性附近,1666.7703039199516,507.87941894540916,259.1195070734434,-0.2540746452011965,0.1139183474343973,1.8856442944814966,0.3288382407745623,0.03234279473860071,0.2081691828876918,0.1899303264853589,97.58958729179007,98.08239911585972,95.81638839105422,93.19313093938898,107.5106580414178,93.19313093938898,96.90838419226567,0.0,491.2308091292555,6.697230595559502,1.6925190728924746,0.0,低,False,False,False
766,0.7603695930845435,0.7185758916180232,0.0734342963653308,0.9552656104380244,高压尾部,1650.5613501166488,312.95374205517214,193.76145286114146,-0.17313367542833985,0.08527081087757737,2.7657739646015607,0.36,0.02689664688156475,0.15660813431499088,0.1454508645511429,109.8270553715702,106.47305954505504,104.23979799819324,101.4762820204789,120.85226429457455,101.4762820204789,107.5732366585658,91.10917857023196,300.64315521674354,9.608112586253975,1.8787204346401214,10.528297597688436,中,True,False,False
767,0.37530956357347095,0.3618097693518058,0.0734342963653308,0.9552656104380244,中性附近,1583.3991435586784,546.2805754110971,289.35255168536037,-0.2769975541507281,0.13210605652591634,2.154236208758704,0.2766270845346418,0.02592490781065139,0.22314650741450423,0.20285060942389221,98.54596704141153,98.78947674862432,96.35474196594906,93.50418579035708,104.45160641070379,93.50418579035708,97.22217703478036,0.0,271.51643431621414,6.069037659108089,1.4237900541941413,0.0,低,False,False,False
768,0.5731569455690391,0.7464005839563406,0.0734342963653308,0.9552656104380244,中性附近,1634.4346177657612,405.4467139199156,212.4017244230178,-0.19859717911475835,0.08621997066801193,2.310583065797047,0.33853409736698353,0.023837142572520894,0.18895847980567002,0.17335809298507435,100.57976809730933,100.90885978888556,99.03895107714106,96.60992872275517,110.35065728283121,96.60992872275517,100.55737084664412,43.34346667146747,392.1559132111357,7.793648986238269,1.7424233120468056,0.026690585945090106,低,False,False,False
769,0.6825806974263262,0.5711251275965813,0.0734342963653308,0.9552656104380244,高压尾部,1642.5137338481097,354.9085116341861,227.4812818365304,-0.18291298594924904,0.07567622674256122,2.7281918545557557,0.3563696893226022,0.02720365543651565,0.17005005548473082,0.15704662215388362,106.34107643345313,105.77312417192756,103.49608142524274,100.70503801567922,117.58483819412263,100.70503801567922,106.15623557884079,64.11695052100367,340.94756001405864,9.011040209139722,1.8597750489353453,7.260871497236508,低,False,False,False
770,0.45553951075029847,0.4538605906738521,0.0734342963653308,0.9552656104380244,中性附近,1586.7456404113627,468.6763180518292,224.68452177250745,-0.23136850920808852,0.10200953801041399,2.1447693568867554,0.30408503702654227,0.023442088770959418,0.20928277254234842,0.1908909715852117,97.45844505851639,98.12029633177902,95.99524530513145,93.32197800571201,107.17013702237405,93.32197800571201,96.9165671109374,0.0,444.8239685295357,5.9412428836868605,1.5651151877481098,0.0,低,False,False,False
771,0.40675836993859116,0.4677005613995088,0.0734342963653308,0.9552656104380244,中性附近,1550.9016878935192,496.34932034458484,288.25164885165714,-0.27818451687775836,0.10618272287322222,2.1375703198677365,0.3050070877623604,0.02777347819963208,0.21771215367461144,0.1981626300867419,99.57506523306685,99.7811362865882,97.1411352793292,94.1040931098929,105.5891303667112,94.1040931098929,98.1715652919079,0.0,224.1033511168007,6.907150678449022,1.5698609510537118,0.0,低,False,False,False
772,0.38980912620131675,0.395332104457925,0.0734342963653308,0.9552656104380244,中性附近,1521.806899550056,541.0445624737416,277.6597088049094,-0.26869792758441313,0.11451112551489818,2.1731129514246064,0.29776736809559007,0.021580393352728544,0.22064098299241244,0.20068920306691046,99.06117573137718,99.28275027252165,96.71494930733051,93.75228933062776,104.93438406021937,93.75228933062776,97.66989745110489,0.0,224.0265826757095,6.608453746007398,1.5325983638633005,0.0,低,False,False,False
773,0.91490448801578,0.9130935697937166,0.0734342963653308,0.9552656104380244,高压尾部,1783.1115454494563,249.25736796600415,186.11111441681675,-0.13080252753494565,0.04008265298615475,2.8261626442021015,0.36,0.0324876327881331,0.1299045044708732,0.12241481078505075,118.92339506725855,110.58270121516865,107.80783986289697,104.74947486605735,128.77887555205348,104.74947486605735,112.8308070004176,204.58118098168597,239.4523902293178,11.068337115602933,1.8787204346401214,18.45490885516736,高,True,False,False
774,0.37048885373326,0.42113163875694726,0.0734342963653308,0.9552656104380244,中性附近,1546.4599409759076,583.4676794571566,297.18287397593446,-0.2656370189422846,0.11536278505770436,1.9761432323191674,0.33916650626205297,0.029917772466599737,0.22397952607489266,0.20356921819584134,100.20305050221367,100.13446625494952,97.12706802484594,93.87843955024836,104.697838215582,93.87843955024836,98.4013849272719,0.0,225.041323951069,7.427746211501411,1.7456782987972839,0.0,低,False,False,False
775,0.7223375813647565,0.7024613464238609,0.0734342963653308,0.9552656104380244,高压尾部,1652.7267712661726,282.72497192846487,216.8867754369531,-0.17774683819614984,0.0834512868396155,2.493185471602546,0.36,0.021363682386885782,0.16318006594017007,0.15112018258574927,106.43897311635354,104.83738622607629,102.71040924898278,100.06265483902821,117.84645171429516,100.06265483902821,105.60588299256156,103.80427349073216,271.60348702318436,9.840672478553751,1.8787204346401214,7.522485017409039,低,False,False,False
776,0.6986367894563357,0.5781392209187871,0.0734342963653308,0.9552656104380244,高压尾部,1682.5606988748402,401.6014536939082,227.72948370669923,-0.17146867731398974,0.07345366983183142,2.5988246275613878,0.34885616972541933,0.02787743179721737,0.1672755627819452,0.15465318862263358,105.08628960032262,104.25693041354397,102.24010716028569,99.65051483462702,116.72204910621616,99.65051483462702,104.90429989343967,72.97505530632952,385.8037529293446,8.520140671508878,1.820564485592855,6.398082409330044,低,False,False,False
777,0.3798021861919664,0.43479532113211966,0.0734342963653308,0.9552656104380244,中性附近,1588.6053015189298,480.71300608808275,257.562950212727,-0.23692969712039713,0.09839178555114036,2.3501214072518235,0.2791666626476265,0.02848316365365991,0.2223701822260282,0.20218090763106103,99.80469774370728,99.81269839986528,97.28216378515543,94.362573287569,105.9585796360993,94.362573287569,98.32764097209332,0.0,429.2532681321627,5.678345745121543,1.4368611750686553,0.0,低,False,False,False
778,0.641468549512587,0.6379224423716338,0.0734342963653308,0.9552656104380244,中性附近,1672.0703162792472,435.7974909491348,264.7228464698088,-0.19915665202530086,0.08754150815436351,2.497689189672433,0.35567108478747167,0.022137686980792517,0.17715423464422494,0.16317508686214155,101.84706392833873,102.07215456622392,100.24366055583955,97.76866601090076,114.42267934125888,97.76866601090076,102.5056470877178,13.887337015934463,421.51177249900246,7.553136767380878,1.8306267946854893,4.0987126443727675,低,False,False,False
779,0.6428181709257992,0.5823461768787156,0.0734342963653308,0.9552656104380244,中性附近,1722.3405909984,371.0895060063246,215.19296191990531,-0.1809531768292531,0.0675669122205785,2.518458336198491,0.36,0.026890093409711532,0.1769210200640219,0.16297390284184335,105.31222320316324,105.04535112312576,102.81645577307293,100.06893930606817,115.88184134161992,100.06893930606817,105.19133714630229,85.08373577617749,358.9249563870525,9.095216638619567,1.8529075718386598,5.5578746447338006,低,False,False,False
780,0.5330248020553079,0.47969361489952217,0.0734342963653308,0.9552656104380244,中性附近,1632.6804670454871,466.16997397061186,250.127438476458,-0.21201226987280222,0.08923900182869857,2.3503274128542846,0.30378387232882953,0.02557788062925546,0.1958933142048428,0.17934047137373674,98.64898472151235,99.22749638538939,97.559776589247,95.27795916344412,109.17701904040962,95.27795916344412,98.69880358622905,9.422132715180851,450.8886262429193,6.344526156651505,1.5635651034459919,0.0,低,False,False,False
781,0.5384136597422063,0.4994445971466097,0.0734342963653308,0.9552656104380244,中性附近,1660.1686782260247,429.76704906911624,255.94544160761882,-0.2349720877716786,0.08874855491285083,2.4898042987687106,0.3444799450532619,0.025088692714737043,0.19496211959654672,0.1785371705045806,103.33959274738702,103.42289661004425,100.76159882859088,97.60947350402051,112.32974725410563,97.60947350402051,102.74632330453333,0.0,415.6790123326629,7.388092468748775,1.77302638482154,2.0057805572195093,低,False,False,False
782,0.5474345497207349,0.41960032129915276,0.0734342963653308,0.9552656104380244,中性附近,1661.328188554571,407.09906029919057,307.326890919606,-0.22456215190064902,0.10589290755280287,2.047904314312786,0.3444452463746283,0.028441010743338803,0.19340330980825698,0.17719245346409696,98.21468988495111,98.73005595315777,97.04859231923815,94.78036370148688,109.56951750220078,94.78036370148688,98.37270771019217,12.089110204138706,393.75409462698923,7.327169177515949,1.7728477919205041,0.0,低,False,False,False
783,0.48577243572915796,0.4185513029664559,0.0734342963653308,0.9552656104380244,中性附近,1608.2780382777178,459.1044600340433,239.99423245577896,-0.23915752249973538,0.10125218063223303,2.258367618425205,0.31814318343492665,0.021381204315492137,0.2040585231060015,0.18638424004325713,99.54263657462766,99.98027331191723,97.66299939430618,94.80346974602358,108.86007007728396,94.80346974602358,98.93906255283996,0.0,432.0602321346378,6.533566687735076,1.6374719819873091,0.0,低,False,False,False
784,0.4133852087522796,0.407084753088891,0.0734342963653308,0.9552656104380244,中性附近,1553.9903921490582,555.0957090003835,308.1515984198577,-0.2864808982222333,0.10629651193133643,2.3333868109104055,0.30051177372194854,0.028882512391106896,0.21656703592760607,0.19717478708028513,100.34582684122525,100.60154511141391,98.60949630069396,95.51932020285585,106.03660377388294,95.51932020285585,99.26190832390584,0.0,127.55110543489536,7.190818793109531,1.5467237248779568,0.0,低,False,False,False
785,0.6257520123979189,0.506680129521944,0.0734342963653308,0.9552656104380244,中性附近,1703.7657435177875,421.13217682670825,218.23285340986263,-0.18049764877714966,0.07849503969192313,2.6587095204288724,0.36,0.02629338115508845,0.1798700522576396,0.16551790395954455,105.28243556128669,105.05372874501302,102.80939633546203,100.03955566042224,115.6225107284902,100.03955566042224,105.10151589411875,51.59958144131633,407.3271966848196,8.360688068622347,1.8529075718386598,5.298544031604081,低,False,False,False
786,0.983017984234916,0.8940569885881042,0.0734342963653308,0.9552656104380244,高压尾部,1800.0,206.85657912814327,205.50486601925678,-0.1,0.04905189865014611,2.8139277537102894,0.36,0.027184268096032388,0.1181344923242065,0.11226133598702069,120.79669873708687,111.01335183755867,108.15000298824079,107.4417347580461,130.02542631071861,105.92591096630161,113.84452375218058,765.8373651795846,200.0,11.281566034269852,1.8787204346401214,19.701459613832498,高,True,True,True
787,0.1764828271264458,0.26717277073465406,0.0734342963653308,0.9552656104380244,缓和路径,1468.759284288604,602.2727836558622,325.8279463020207,-0.2966062845080324,0.1303152317284483,1.7918304155970843,0.23553336944777017,0.02784239623126958,0.25750376747255016,0.23248911529642247,93.92093563663033,93.61683720746927,91.44808528564343,88.88602451340965,101.13824598685592,88.88602451340965,92.48193268344868,0.0,176.1228918703091,4.76054450249777,1.1742834303647858,0.0,低,False,False,False
788,0.41015659563358203,0.3367013198536532,0.0734342963653308,0.9552656104380244,中性附近,1536.661175948254,480.3159110208762,311.39030264531857,-0.2571721854551212,0.1172595939293701,2.4421097218475674,0.32395577492141625,0.03318027097112449,0.217124940274517,0.1976560667642382,102.9364696130042,102.82978465622601,99.84718309253341,96.43013639748933,107.28958887641271,96.43013639748933,101.18735223266856,0.0,198.87494191860787,7.445710797354221,1.6673891897020912,0.0,低,False,False,False
789,0.16320402669831952,0.14140478941171467,0.0734342963653308,0.9552656104380244,缓和路径,1465.3564517574641,662.344637185712,337.5492819949614,-0.330943151390048,0.13655877497416757,1.904420940372707,0.24007251873072863,0.03029832425892207,0.25979834418653036,0.23446854628997013,94.9123385556329,94.41186611659373,92.40360139325308,90.2111913382962,101.70752922520695,90.2111913382962,93.4580104851598,0.0,63.2147993184044,5.458862850486693,1.1969139722851412,0.0,低,False,False,False
790,0.2960629498312696,0.23900030870670652,0.0734342963653308,0.9552656104380244,缓和路径,1507.942700251032,588.6231072357751,327.44204596714934,-0.2879947946438137,0.1194636523331956,2.0975385747986808,0.2892519831885405,0.030717510591840462,0.2368403222691566,0.21466366469376114,98.39377358432525,98.2646182651412,95.69311632888908,92.634499576688,102.9160787387777,92.634499576688,96.76209209953457,0.0,200.10021666101784,6.37978929861557,1.4421048357386896,0.0,低,False,False,False
791,0.3109064781662479,0.3673250881916516,0.0734342963653308,0.9552656104380244,缓和路径,1579.3058222873535,579.8348728038042,282.27944129237824,-0.26467586132595106,0.11266642126718864,1.9481292113482471,0.285707166047171,0.030530358078736105,0.23427536057287235,0.2124509843994158,96.83744349797783,96.7127522120981,94.21613281614249,91.47374543447772,102.3993324093972,91.47374543447772,95.25296133460742,0.0,300.9248894519733,5.620406651782367,1.4244316710294047,0.0,低,False,False,False
792,0.4472764309901732,0.5116052353263548,0.0734342963653308,0.9552656104380244,中性附近,1555.7657875548732,443.4656294072337,272.7020556234169,-0.24576344941968503,0.11393076499326471,2.364829319960643,0.3115310295754797,0.026248487267774394,0.21071063272489807,0.19212272412700784,100.79562951920762,100.82740460059966,98.23626929743756,95.2082663579677,107.7743933105083,95.2082663579677,99.52221187905317,0.0,324.1758718822093,6.700142001305293,1.6034394543419437,0.0,低,False,False,False
793,0.3806018430305763,0.42569513808401965,0.0734342963653308,0.9552656104380244,中性附近,1545.050641476329,461.5278764324346,292.3649235061909,-0.2557088905478494,0.12190253679233419,2.161496830853073,0.31529011265742035,0.020708132822771022,0.22223200152431638,0.20206170518208122,100.27103961507719,100.03647647888609,97.25738837579975,94.17232965931838,105.33797339550291,94.17232965931838,98.48373182391731,0.0,246.14327130113816,6.7975856384140405,1.6227873251911062,0.0,低,False,False,False
794,0.8167365941666008,0.5882472345948118,0.0734342963653308,0.9552656104380244,高压尾部,1771.7658089856866,351.9100523208247,186.9712906972213,-0.14315765711745962,0.06008121518897142,2.7021452456639623,0.36,0.02353266084694556,0.14686791652801137,0.1370484045880554,113.82675609315967,108.21143657881721,105.79098803505649,102.9151542987832,124.15823338414705,102.9151542987832,109.79156774768593,160.43908334557636,338.0670503807881,10.236327349743066,1.8787204346401214,13.834266687260936,中,True,False,False
795,0.7182142821784703,0.7713623168832756,0.0734342963653308,0.9552656104380244,高压尾部,1652.990066463572,364.4939512479685,203.03071961381593,-0.17665361066703053,0.057953007587883826,2.8001251102499434,0.3563936827234716,0.023643983323306927,0.1638925720395603,0.15173483044111705,108.10410410834902,106.36829651194951,104.10145737934494,101.30195790437952,119.57427416206643,101.30195790437952,107.11982241610608,73.61915477306138,350.15593947200125,9.137898287817645,1.8599002625256507,9.250307465180313,中,False,False,False
796,0.5076018651433277,0.5207064048618126,0.0734342963653308,0.9552656104380244,中性附近,1599.3212436688793,475.8747000171304,196.78221305043968,-0.2139130300449257,0.1025151910881653,2.4800168508644025,0.34564095863850997,0.024243837168150446,0.20028639770323295,0.1831301924063678,102.23919313595272,102.37217119510727,99.81046854574852,97.20627904965981,110.54550989486161,97.20627904965981,101.55203863829352,2.9263525175720133,460.27522520790217,7.486425476823787,1.7790020816635226,0.2215431979754925,低,False,False,False
797,0.3617974418565431,0.384919483299364,0.0734342963653308,0.9552656104380244,中性附近,1483.4550749714765,546.786536178195,280.8816852653239,-0.27438952137786154,0.12195856298820765,2.199470090549254,0.2614357522351459,0.022500665729043665,0.22548140204718933,0.20486482092287844,97.33543687646292,97.73495874205139,95.3888718352741,92.62952855106688,103.16072715336556,92.62952855106688,96.10263896536054,0.0,224.75564652883077,5.784596570728684,1.3456007912939938,0.0,低,False,False,False
798,0.558802851093042,0.510186424141938,0.0734342963653308,0.9552656104380244,中性附近,1654.3283079651626,427.7438075422361,201.34545057493816,-0.1975409749750309,0.07301338895178361,2.0981122369302696,0.34342414111412395,0.021631816247688503,0.19143886733112234,0.1754978148405153,99.32609737223454,99.68918631617754,97.9064340860222,95.58204237063092,109.49306572391541,95.58204237063092,99.27970666423836,52.972437363278004,413.72209394763166,7.9065868033418205,1.7675921983959686,0.0,低,False,False,False
799,0.49153798349424455,0.44097442700002343,0.0734342963653308,0.9552656104380244,中性附近,1561.243600470681,458.0804532553145,266.38772870044306,-0.22273047877578414,0.10494409285088264,2.508658949111107,0.29534248262556145,0.02845064257745256,0.2030622364521945,0.18552478711279372,99.78970868505309,100.27161955636221,98.02158345287029,95.19976158796592,108.645228440412,95.19976158796592,99.22067606381066,0.0,364.24449872283185,5.96581016717257,1.520117562062585,0.0,低,False,False,False
800,0.4733899227920913,0.5174957904574857,0.0734342963653308,0.9552656104380244,中性附近,1617.1382347210508,478.0265809413919,251.05409499735413,-0.220945625659872,0.09643003165045543,2.3673854295508994,0.3468818651177301,0.02977682504982277,0.20619822134152663,0.1882300641459915,102.43787164059482,102.24875763503313,99.44868546266746,96.48305372848571,109.69366475860764,96.48305372848571,101.10623456172792,0.0,462.3565661091928,7.2330730198726485,1.7853889844726634,0.0,低,False,False,False
801,0.28440573430693056,0.2790261332740237,0.0734342963653308,0.9552656104380244,缓和路径,1495.4526272029946,567.6760598033683,317.9576182933549,-0.28854711880555556,0.13561583777775896,1.9323555617505732,0.25360382435471657,0.025169602990427187,0.23885468911176236,0.2164013708843344,95.09979414157938,95.22710563993449,92.87702542072914,90.28932380544568,101.32520407282581,90.28932380544568,93.74985219251829,0.0,228.24643511884096,5.231616131589612,1.2643761243475238,0.0,低,False,False,False
802,0.6081270667687718,0.5472238135040771,0.0734342963653308,0.9552656104380244,中性附近,1650.1554602983279,426.60374538514225,234.6861915853578,-0.18447421726524993,0.0917395028657175,2.3120113951703027,0.34579601756121076,0.027819827453907903,0.1829156428623562,0.16814520179617973,100.30242034871884,100.65164937775475,98.85090994970615,96.47526271947297,110.80773973654821,96.47526271947297,100.54757524870469,40.17728018035814,412.61940375189636,7.554484211197955,1.7798001645856156,0.48377303966209695,低,False,False,False
803,0.7298040775294823,0.7862734510661293,0.0734342963653308,0.9552656104380244,高压尾部,1685.2755375856402,291.853452437154,205.20173291586454,-0.19627941568908777,0.07004245727395186,2.661587345996018,0.36,0.020298830851448436,0.16188985540290543,0.15000717437377564,108.48968470337113,106.2603958336533,104.0276517386929,101.25119852640543,119.68407476902841,101.25119852640543,107.10609976131516,77.8432573634509,280.37288266755087,9.65498327854758,1.8787204346401214,9.360108072142296,中,False,False,False
804,0.6422839588529473,0.7140051864831056,0.0734342963653308,0.9552656104380244,中性附近,1644.9597026358242,402.7605864176368,185.75780410857587,-0.18687831567319688,0.08706614297945496,2.287856081670155,0.36,0.023801097906478556,0.17701333191021068,0.16305353623492383,101.50836126339964,101.69412632825798,99.84517008267395,97.4233331267848,112.34537600011424,97.4233331267848,101.87923316099305,67.24632123824085,389.55783867385935,8.715523414599046,1.8529075718386598,2.0214093032281255,低,False,False,False
805,0.833367041336049,0.8343484957557076,0.0734342963653308,0.9552656104380244,高压尾部,1719.2263242756073,332.71207420866523,214.32298057430808,-0.15435406959055467,0.05791360463851198,2.707750249238725,0.36,0.022159664727503275,0.14399417525713074,0.13456935365706646,113.02851976995314,107.11821118808712,104.83701596585541,102.06854371359401,123.20310570746611,102.06854371359401,108.83899186702132,133.09605727483358,319.6242585626795,9.981825444294078,1.8787204346401214,12.87913901057999,中,True,False,False
806,0.5736402795165044,0.56519544495358,0.0734342963653308,0.9552656104380244,中性附近,1592.1232764409062,390.8209003156099,214.3877736604537,-0.21765032196611933,0.10864739656262641,2.4774670035378863,0.3354976450856473,0.029068887240534896,0.18887495969954804,0.17328604384170296,101.18265162521774,101.48313391826595,99.6095331022172,97.12524028371081,111.38636747942599,97.12524028371081,101.26979525841125,18.02614762963276,378.00954306301,7.6990354326013355,1.7267947969812092,1.0624007825398678,低,False,False,False
807,0.4540268215077925,0.47608276806848543,0.0734342963653308,0.9552656104380244,中性附近,1555.1091206607825,517.1584240348519,278.3363719183912,-0.2795014167607327,0.08157586328962337,2.239034278665747,0.30280249543230897,0.022997316809276327,0.20954416524345346,0.1911164636382348,99.654905153715,100.06111840062341,97.61820729637404,94.66693475835656,107.1048756673153,94.66693475835656,98.70480131525953,0.0,262.8995157345453,6.9700155755164745,1.5585139904393515,0.0,低,False,False,False
808,0.6787767020828375,0.7376915220542132,0.0734342963653308,0.9552656104380244,高压尾部,1653.2007018602337,325.4655550029902,226.65273815494044,-0.1950361257475151,0.07360536389220447,2.483468882145209,0.36,0.02454718411918605,0.17070738588008566,0.15761367234211174,104.31518553729934,103.97545647450393,101.89811057222362,99.28307933125167,115.84400324579818,99.28307933125167,104.40146321127449,61.065280454222375,312.6627939576363,9.067786110394012,1.8787204346401214,5.52003654891206,低,False,False,False
809,0.6864517678094157,0.6093236048879372,0.0734342963653308,0.9552656104380244,高压尾部,1631.1689186105357,408.9461391520778,197.4883983316815,-0.21478921339171736,0.07805097534465716,2.653829697832567,0.36,0.0260531787732366,0.16938113452253295,0.15646957329047412,104.9369893593043,104.460168434162,102.40750476838488,99.75417378331332,118.50827614361052,99.75417378331332,105.26908165300169,23.892419074649297,392.85952224438086,8.729483756992943,1.8787204346401214,8.184309446724399,中,False,False,False
810,0.4638348514091309,0.4169603714443991,0.0734342963653308,0.9552656104380244,中性附近,1595.493997790231,473.1198516243914,260.7595123839106,-0.23707974780187233,0.11596093372090022,2.2096191806620125,0.3214939548783366,0.026950425649623844,0.20784933767650218,0.18965441000790617,99.27706328667573,99.72996733957136,97.36173289452077,94.474606805638,108.35075847678249,94.474606805638,98.55578815666887,0.0,436.85495136724603,6.544058474451277,1.654718286928962,0.0,低,False,False,False
811,0.2925226820883779,0.27155835492038904,0.0734342963653308,0.9552656104380244,缓和路径,1546.2455770126069,575.6519597575254,305.14997045148397,-0.262206144626233,0.10884860759026224,1.7168081591257862,0.2595258541084246,0.021443270686955708,0.23745208053512828,0.21519140179875548,92.89971936201918,93.33134634464476,91.28884079010122,88.94038844467856,100.82020913799245,88.94038844467856,91.92054598707412,0.0,361.75109846354826,4.742971271084713,1.2939012036609616,0.0,低,False,False,False
812,0.0,0.05281732446041287,0.0734342963653308,0.9552656104380244,缓和路径,1400.0,700.0,319.29802182472093,-0.35,0.1452864826988339,1.727945227308762,0.1662547792777592,0.03151576871426464,0.28,0.2587968815539125,91.78462606833658,90.57714743161728,88.65437693282101,86.57535379372436,101.02575651258648,86.57535379372436,90.07740509535913,0.0,105.26434735020302,3.4991931866875863,0.8288856605862801,0.0,低,False,False,False
813,0.5456971913937049,0.5186638549263515,0.0734342963653308,0.9552656104380244,中性附近,1644.5722951378964,463.2126937596886,210.71104102328042,-0.20435657035909788,0.077578423458569,2.299857181756844,0.3421041603378452,0.024432675145781714,0.19370352532716778,0.17745143626439094,100.28470851311236,100.58221953133976,98.69153464577346,96.22844104751847,110.18981967717687,96.22844104751847,100.13477905263507,17.761385993127988,448.02828755494835,7.308511756221685,1.7607983029097232,0.0,低,False,False,False
814,0.4687709409126252,0.48588175469276784,0.0734342963653308,0.9552656104380244,中性附近,1576.9326176752245,463.74239141412494,279.5401933501116,-0.20739742573587816,0.12347717020649163,2.5093464513070973,0.29136511689322925,0.031178439446154543,0.20699638141029836,0.18891860193525478,99.54967556277018,100.06658512804806,97.81917097918577,95.00885355428856,108.24539548248444,95.00885355428856,98.89506863076939,0.0,436.3421736664586,5.585022701925083,1.4996461979475577,0.0,低,False,False,False
815,0.5294188605854724,0.556509414374307,0.0734342963653308,0.9552656104380244,中性附近,1622.2299632990214,471.05602965662257,277.6601651517374,-0.24046251609087663,0.09346224102307565,2.3882149839970075,0.3129110225931033,0.0271031375898184,0.19651642089083035,0.17987799826443332,100.11379431638953,100.70121165508115,98.46618658968971,95.61287274837939,110.01901693890157,95.61287274837939,99.94239208287412,0.0,423.692774129453,6.542668602112741,1.6105422307626085,0.0,低,False,False,False
816,0.5767079433012468,0.6604599594667433,0.0734342963653308,0.9552656104380244,中性附近,1605.1892542449111,433.85321217694093,240.37588505338664,-0.2268077731107358,0.10701077259951002,2.5209356346005625,0.36,0.027978549925677238,0.18834486739754455,0.17282875639272216,103.34848242615458,103.36058659406174,100.71090441331414,97.58923744676402,113.6195056128217,97.58923744676402,102.97187928204823,0.0,419.63122841942385,7.714194052559558,1.8529075718386598,3.2955389159355803,低,False,False,False
817,0.35450821322599474,0.31313053715488126,0.0734342963653308,0.9552656104380244,中性附近,1519.812449144892,567.7438927835806,257.9531948322666,-0.2510890004900252,0.1201779229845968,2.0941278404748136,0.2676034063402606,0.028470334590791152,0.2267409807545481,0.20595140439466564,96.63623411239755,96.93491508226101,94.64801008090892,91.97999489555956,102.9577605358813,91.97999489555956,95.41185084854229,0.0,338.04530642953796,5.421737383500937,1.3773454940491292,0.0,低,False,False,False
818,0.5234391319190557,0.47533357269220405,0.0734342963653308,0.9552656104380244,中性附近,1659.5840088144755,463.24041991768627,256.71061047582657,-0.21872760334271776,0.09279684443797816,2.2034923092413243,0.34118874090360624,0.025856374267479495,0.19754971800438717,0.18076937850012387,99.50661893133604,99.93476823147384,98.05144994784534,95.6735982533753,109.78703192355258,95.6735982533753,99.41677468292679,9.84469947216894,448.05510483188294,7.2475431743171015,1.7560866706844185,0.0,低,False,False,False
819,0.265083161124568,0.2197195767790233,0.0734342963653308,0.9552656104380244,缓和路径,1544.6480623559835,559.7341013720953,324.5303258389649,-0.3041505249386249,0.12608164610159564,1.8563948351968866,0.2603402727897659,0.026465316015102745,0.24219362975767464,0.2192817289738534,95.81417272645335,95.8211529871244,93.2694654875956,90.54507216215616,101.70215563060202,90.54507216215616,94.3081822878153,0.0,227.20662902646473,5.491403219623017,1.2979615980123898,0.0,低,False,False,False
820,0.2575421727106609,0.12337896332725018,0.0734342963653308,0.9552656104380244,缓和路径,1518.5266659908068,569.8997794233734,287.6985605907193,-0.3067170488241234,0.13720739962806147,1.9827679883789484,0.28760054782608185,0.028049139223878597,0.24349671255559777,0.22040584152221693,97.92193290507902,97.62195964542175,95.33440765884451,92.23507537339948,102.77400841674408,92.23507537339948,96.2835758563102,0.0,163.7834427777234,6.500578188412384,1.4338713816553024,0.0,低,False,False,False
821,0.3389337201828715,0.2538385410909402,0.0734342963653308,0.9552656104380244,中性附近,1539.0444100853651,515.8030991482268,292.2928855958315,-0.28514158740501194,0.12423540095470263,2.041316187901185,0.30992385829832314,0.019444184289920945,0.2294322531523998,0.2082730474079194,100.17407026500234,99.98190768597797,97.06096887898063,93.82358610679624,103.75468688031255,93.82358610679624,98.31556311508402,0.0,215.98783560383708,7.110618333015275,1.5951673992622635,0.0,低,False,False,False
822,0.36701047076058724,0.41686489595403253,0.0734342963653308,0.9552656104380244,中性附近,1547.381325834971,494.5767888787745,277.17692540538076,-0.31563674749458304,0.1128951471225828,2.3017146615362187,0.30493777600802235,0.03250962925593674,0.2245805906525705,0.20408773032355984,102.0186841097199,101.79863559572752,99.43077308887734,96.18128803139737,105.5448181827844,96.18128803139737,100.37884565138211,0.0,122.93697388420514,7.940119059171683,1.5695042058469608,0.0,低,False,False,False
823,0.6785471275144641,0.6963000869064759,0.0734342963653308,0.9552656104380244,高压尾部,1658.203794961653,382.24492895076406,207.51382333955956,-0.18466311345320502,0.07808447332023731,2.559200985409448,0.36,0.021346417910143148,0.17074705636550058,0.1576478943351621,104.84996116055268,104.45379090337357,102.32015903965144,99.65197664621913,116.23476865098338,99.65197664621913,104.86167412875037,62.06049005051136,367.2086511913252,8.898334880169022,1.8787204346401214,5.910801954097266,低,False,False,False
824,0.42005448610517,0.48508454859126227,0.0734342963653308,0.9552656104380244,中性附近,1532.5026884707208,533.5540916233098,257.20379318517803,-0.2358280705639681,0.11584229444076224,2.3062375937266357,0.31816442207352463,0.0236191720715726,0.21541458480102663,0.19618061788794494,100.2687659305697,100.33160991404765,97.71650612035847,94.68986131836611,107.19644741181442,94.68986131836611,98.92977741582656,0.0,368.0428680777586,6.642546573477069,1.6375812965269585,0.0,低,False,False,False
825,0.279259006595014,0.24523634728203528,0.0734342963653308,0.9552656104380244,缓和路径,1490.2625271068616,591.9010271663159,270.7229208065317,-0.26609890786019774,0.1288912530812975,1.8125400005642234,0.2770198586576445,0.021910173373183357,0.23974404366038157,0.21716857816359583,94.84240329148214,94.80399924723068,92.42621276928865,89.84205271104318,101.47808624220457,89.84205271104318,93.39092637768344,0.0,288.4690122083448,5.369465331342194,1.3811199265155614,0.0,低,False,False,False
826,0.485665542959322,0.47702938939976663,0.0734342963653308,0.9552656104380244,中性附近,1623.773537147136,468.22034998089543,287.2455440974483,-0.21345020228929848,0.08633665494416741,2.236516748240352,0.3590723225509096,0.02761936921053596,0.20407699417662917,0.1864001742281818,101.09493286845385,101.07863905903899,98.47163727072446,95.42187952321744,109.5577485333283,95.42187952321744,100.06989382582938,0.0,438.90003906316633,6.956603472481446,1.8481328480340944,0.0,低,False,False,False
827,0.19344199058161063,0.13173690849050076,0.0734342963653308,0.9552656104380244,缓和路径,1507.7142760034237,578.020672832645,310.1338868947068,-0.27948756362869004,0.14569186777439003,2.0583292693258968,0.26144940563640895,0.023794451269168168,0.25457322402749766,0.22996106361362967,98.08296660920264,97.28432646884158,94.49062688107006,91.49804801268186,103.19419220818575,91.49804801268186,96.00348120319597,0.0,200.91816089464191,5.4683527948910715,1.3034913296463404,0.0,低,False,False,False
828,0.5492329903796546,0.5090973182024249,0.0734342963653308,0.9552656104380244,中性附近,1604.02464924141,457.34194362399313,239.42981078218313,-0.22169778894550402,0.10699778612762778,2.5260714069861674,0.36,0.02803003304607301,0.19309253926239567,0.17692436530360453,103.67404223109561,103.564879426831,100.79330570807367,97.63058568192027,112.67205140900398,97.63058568192027,102.91593303343268,0.0,442.3499843361614,7.6405440283243955,1.8529075718386598,2.348084712117867,低,False,False,False
829,0.3921675859949926,0.2595708874925191,0.0734342963653308,0.9552656104380244,中性附近,1516.045647355152,491.12356803539353,300.56415178463027,-0.25853496452848224,0.10598644441819241,2.121115486589423,0.286422007807412,0.025021766249800854,0.22023344114006527,0.20033763453194328,97.38336639780114,97.84497991412162,95.53013447577561,92.76895355490498,104.38638635341219,92.76895355490498,96.30126164485495,0.0,261.3983668215442,6.0509256498052695,1.474204186132182,0.0,低,False,False,False
830,0.5887670543599178,0.455230509966881,0.0734342963653308,0.9552656104380244,中性附近,1606.123642514811,407.8049541378714,232.39647973260927,-0.18127515615728465,0.10412466680778679,2.416009453230438,0.35036010188071415,0.0212698889467035,0.1862610530066062,0.17103114083901547,101.01380193608563,101.31656958251031,99.39597542497336,96.91315405392356,110.97548471853554,96.91315405392356,101.07066946969543,35.147439622174716,394.43684881745156,7.653489626495557,1.8032913490137208,0.651518021649423,低,False,False,False
831,0.5138148329388976,0.5654445391767724,0.0734342963653308,0.9552656104380244,中性附近,1612.6372627415992,491.8638009599267,258.16130298705906,-0.23043441268228312,0.10813731515856312,2.4994278734236275,0.322840387004796,0.02649529614708999,0.1992127968681585,0.1822040439125313,101.8623541589624,102.14221383313703,99.6215010044139,96.55246102660936,110.40790832813043,96.55246102660936,101.23086329858299,0.0,437.46089153191315,6.746380402369392,1.6616483266014161,0.08394163124431486,低,False,False,False
832,0.10280211895470641,0.07503139663497052,0.0734342963653308,0.9552656104380244,缓和路径,1411.7409557982264,662.3855935590291,302.6988670962389,-0.304875692014944,0.1556415711945053,1.8291394373203915,0.2305148598974561,0.026003671430890288,0.27023579384462676,0.24347247769960775,94.0078001268238,93.16993708612662,91.11685277224055,88.81815974311985,101.58697844346658,88.81815974311985,92.366900116006,0.0,87.3820675026218,4.83982213782457,1.1492629730772332,0.0,低,False,False,False
833,0.5821293360918378,0.5513603599563797,0.0734342963653308,0.9552656104380244,中性附近,1608.7430204835323,440.67395906081754,221.3577157609778,-0.21682224605270156,0.0857651045113865,2.431138500270118,0.36,0.025789225132199656,0.18740805072333042,0.1720206056131411,101.63768140367971,102.01102950651803,99.62414913985396,97.14719107898131,112.85942012467467,97.14719107898131,101.82560354295556,0.5835419099130377,426.22838688981403,7.761692700443629,1.8529075718386598,2.5354534277885534,低,False,False,False
834,0.29412476534618165,0.36211194643912614,0.0734342963653308,0.9552656104380244,缓和路径,1537.5435428725814,540.6558002387825,298.436107988913,-0.2793214153087405,0.13506793289806393,2.0313130464307747,0.2569871729696211,0.023557868701177057,0.2371752405481798,0.21495258404771647,96.37852715169514,96.33645016279273,93.89373664611573,91.20638297630427,101.98700121508605,91.20638297630427,94.85408834311202,0.0,262.08088031796433,5.26310752406461,1.281244265906171,0.0,低,False,False,False
835,0.6178427766413037,0.6711802026483363,0.0734342963653308,0.9552656104380244,中性附近,1653.9858959083144,430.60378321654116,240.4365231120616,-0.18434609660214343,0.09115950221207422,2.282028174530883,0.36,0.02887193224009773,0.1812367681963827,0.16669691003593368,100.49341614682935,100.8372241373529,99.01818597771242,96.62124269955206,111.40228652537856,96.62124269955206,100.84107717928343,37.342043519536674,416.48831780347547,7.8027092008835,1.8529075718386598,1.0783198284924396,低,False,False,False
836,0.42028581412120763,0.3673061654087987,0.0734342963653308,0.9552656104380244,中性附近,1547.32824666025,517.079181883905,323.48016935769004,-0.267265261579791,0.11428531492447923,2.011392635147698,0.29840150153611894,0.021863711968390126,0.2153746113198553,0.19614613451370497,96.87905949934493,97.56027111339014,95.35992856065118,92.65081748480031,105.06353613353298,92.65081748480031,96.10791066917365,0.0,274.8902591444421,6.337381532158783,1.535862226789723,0.0,低,False,False,False
837,0.5339437422295705,0.4751147076241813,0.0734342963653308,0.9552656104380244,中性附近,1629.0353517139438,420.81531458260355,239.15289434118284,-0.21296084719542013,0.07420775154643053,2.3641572271846956,0.3411677430249151,0.025907071946752153,0.1957345213427302,0.17920348771531086,100.79846246225749,101.08645018249905,98.99458750327022,96.50933602989731,110.31623255144515,96.50933602989731,100.53171027982236,8.72464804158335,407.0207213862591,7.321720397192974,1.755978595327698,0.0,低,False,False,False
838,0.29983634254716685,0.3930825198065719,0.0734342963653308,0.9552656104380244,缓和路径,1518.7955093296314,568.0246125265237,261.4917221751274,-0.27080566027936404,0.13154077357918992,1.836435688260851,0.2831620624625942,0.027745271970900702,0.23618828000784955,0.21410117634753573,95.66195223673631,95.56491243982403,93.08791088577033,90.40920118076109,101.90174569872218,90.40920118076109,94.11575474835125,0.0,312.49573664138006,5.5895123645820295,1.4117427133036362,0.0,低,False,False,False
839,0.7421267084934722,0.7039854628400727,0.0734342963653308,0.9552656104380244,高压尾部,1716.2780355914897,339.50552214453245,205.05270345513924,-0.16807487935442872,0.07799141976757484,2.4098604672418737,0.36,0.02905718558637597,0.159760504772328,0.14817027669734797,107.23547090085374,104.95253445588313,102.8111786659189,100.18031744236066,118.43814209203595,100.18031744236066,105.86860907195695,124.92001703647111,326.15047425458107,9.898845880684124,1.8787204346401214,8.114175395149829,中,False,False,False
840,0.4010121401301305,0.37120374292244307,0.0734342963653308,0.9552656104380244,中性附近,1598.922487917158,523.1251589107426,244.81882422425394,-0.23738174791666272,0.11299770251631457,2.180427938055961,0.3248261942036203,0.02629619148761671,0.21870510218551345,0.199019203347292,100.8191848300492,100.52633679960582,97.71629659748473,94.60031881588635,106.84240972273535,94.60031881588635,99.06302066128046,0.0,405.44232522292987,6.630474989670432,1.6718692076983974,0.0,低,False,False,False
841,0.270489232297972,0.2788245296218837,0.0734342963653308,0.9552656104380244,缓和路径,1501.9453979351235,569.980165613024,318.2045596858895,-0.2729289802102954,0.13372790368254228,1.8648614965313761,0.30284715138205826,0.022048295711381668,0.24125946065891044,0.21847586214183937,97.03320598893517,96.81243161437921,94.10266028860947,91.18868182767508,102.49368659210757,91.18868182767508,95.33214648890072,0.0,212.7076688186553,6.19584920876855,1.509885383268327,0.0,低,False,False,False
842,0.6803497391301663,0.7650739173463769,0.0734342963653308,0.9552656104380244,高压尾部,1685.902012513655,353.5376421275281,189.43863367131277,-0.20088487525060386,0.07329962666012431,2.536944191947213,0.36,0.02653286507899385,0.17043556507830726,0.1573791844226393,105.60773854738446,105.11333112126198,102.90667972718884,100.18230815343527,117.04846611606862,100.18230815343527,105.52202630733721,64.25229920785569,339.6306160747866,9.281542401473633,1.8787204346401214,6.724499419182507,低,False,False,False
843,0.46707994739382225,0.3149047210939603,0.0734342963653308,0.9552656104380244,中性附近,1589.5897100351383,525.6314812848996,236.31005329074011,-0.2336653812755925,0.09327432904056819,2.2663815603832362,0.31072111547980036,0.025651552358846207,0.2072885850903475,0.18917067327250578,99.08360053399156,99.5986710412217,97.29569077107557,94.45485960575095,108.28294121315626,94.45485960575095,98.4339012713193,0.0,464.02751248328605,6.279600760002167,1.5992708544518794,0.0,低,False,False,False
844,0.07700195765059889,0.21591760547001962,0.0734342963653308,0.9552656104380244,缓和路径,1458.1664549873888,690.3713809244155,342.2514220046675,-0.3291560136236382,0.16680539680205864,1.7618291795808299,0.2320738340229267,0.029453469973774876,0.2746940617179765,0.24731843044212415,94.64186895578,93.47261688020889,91.29693928720671,89.01014853577672,102.07975113466149,89.01014853577672,92.76697566682769,0.0,81.34675363240785,5.053681108775598,1.1570354491735069,0.0,低,False,False,False
845,0.2874939197508362,0.33364427271030433,0.0734342963653308,0.9552656104380244,缓和路径,1509.014666752966,625.3281002964251,276.9572383984493,-0.2742429936233549,0.12119092760612211,1.976479157273622,0.2465633876908374,0.027437169416051874,0.23832105066705547,0.21594102433310966,94.69503826600601,94.96554608695155,92.75674681442698,90.24786714281392,101.12323283251055,90.24786714281392,93.48371550489259,0.0,270.5610929217564,4.896722645086691,1.2292750763036315,0.0,低,False,False,False
846,0.3857067286951379,0.36992948229274786,0.0734342963653308,0.9552656104380244,中性附近,1615.578536246338,506.43591873676235,300.1957478450968,-0.257897867445248,0.132074490057029,2.10547394688752,0.29801269992735036,0.027465559400000294,0.22134987728148015,0.2013007351714508,99.28310712659986,99.24727395994728,96.66384061024519,93.72776102331983,105.4685583253535,93.72776102331983,97.75963870848662,0.0,385.4715070145521,6.218760261396399,1.5338610783318607,0.0,低,False,False,False
847,0.5122898697407081,0.43601532405289417,0.0734342963653308,0.9552656104380244,中性附近,1610.9255661668606,486.3549092478556,236.3420742354753,-0.19368250635005455,0.10073489099735765,2.2095047488910584,0.31816046090246114,0.021237490093501902,0.1994763105088056,0.18243136560735262,97.89587126512066,98.48383524464664,96.7880531149006,94.50778835977323,108.38027964963266,94.50778835977323,97.79474184892393,19.11701717597316,470.41188652594303,6.496648253509802,1.637560908516245,0.0,低,False,False,False
848,0.1800368619891464,0.20597682151769947,0.0734342963653308,0.9552656104380244,缓和路径,1457.315556038724,634.7428936050565,321.9203266116584,-0.3106346339231559,0.15438815101376957,1.8709267061347297,0.2632378823711306,0.028134048203468924,0.2568896302482755,0.2319593259681276,95.538881889299,94.96133709828428,92.85440880259208,90.44274270728144,101.99386108144394,90.44274270728144,93.9683535473566,0.0,82.78374620679097,5.810545604006572,1.3124080220033534,0.0,低,False,False,False
849,0.23823458686414045,0.2910622202860599,0.0734342963653308,0.9552656104380244,缓和路径,1478.6856726496721,559.2104404525812,318.3253102097043,-0.281553598541684,0.1416745009391628,1.65,0.2611241183186012,0.022411540682156592,0.2468330633898765,0.22328396549448734,93.2748698215212,93.24461500373937,90.93535283763225,88.48853979245047,100.63382092738993,88.48853979245047,91.89767710768486,0.0,224.49465253682138,5.021259843248732,1.301869565782031,0.0,低,False,False,False
850,0.1816368543538997,0.32451349017967474,0.0734342963653308,0.9552656104380244,缓和路径,1474.1572359754753,591.1386810151089,321.838170156656,-0.33849352726933835,0.14145245239647633,1.6868261079470734,0.23642884026306363,0.03252928595235636,0.2566131515676461,0.23172081990025087,93.36718237730224,93.08706794690885,91.25501897607386,88.74543644958477,100.84179470379794,88.74543644958477,92.0728553479574,0.0,130.11591602975204,5.155603318635888,1.1787479210789455,0.0,低,False,False,False
851,0.7499509102498122,0.709187903620102,0.0734342963653308,0.9552656104380244,高压尾部,1698.7423442213308,338.3714869025816,200.72840045083802,-0.18681358829141748,0.0738960113504506,2.7287366724057986,0.36,0.03418786873985885,0.15840848270883245,0.14700394638459888,110.04806836438058,107.07630225428316,104.75362036816088,101.92810453043545,121.16400584787148,101.92810453043545,108.0621892413881,89.28630306803461,325.06104828693447,9.750657488657126,1.8787204346401214,10.840039150985362,中,True,False,False
852,0.34285110125200285,0.33041247481226016,0.0734342963653308,0.9552656104380244,中性附近,1529.2376290863897,575.2716233556868,260.5494430841568,-0.2540450858765314,0.1260056056542458,2.2628409568330987,0.2897390774829485,0.02448711871569091,0.2287553297036539,0.2076890951492989,100.36108529297739,99.89598124654587,97.0724570206833,94.0086758137928,104.19564304811833,94.0086758137928,98.37813917836098,0.0,319.6425287408365,6.232174480257121,1.4912770292380653,0.0,低,False,False,False
853,0.7776131620717509,0.7158368011373892,0.0734342963653308,0.9552656104380244,高压尾部,1662.7062422273632,313.5977795436893,202.970580208141,-0.1153255310365085,0.07338829017409713,2.874420166414103,0.36,0.02639215698418045,0.15362844559400143,0.14288041738783144,112.38500167598255,108.17800172414088,105.72360173296201,102.8171596811941,123.09056935167857,102.8171596811941,109.38567598652494,159.6442987024475,301.2618583559171,9.988045699916084,1.8787204346401214,12.76660265479245,中,True,False,False
854,0.5599775632680035,0.5973798713204374,0.0734342963653308,0.9552656104380244,中性附近,1613.5613543249292,375.4230441228097,235.4066451437627,-0.23563965025196654,0.09969824618723676,2.3892091648050884,0.3388192959593172,0.027655016708300173,0.19123587706728898,0.1753227040162957,101.04899691046488,101.44262916461105,99.09614251862199,96.61314590267432,111.37989657838197,96.61314590267432,101.01758595120316,0.0,363.1164383726264,7.531182277427995,1.7438912193557299,1.0559298814958566,低,False,False,False
855,0.3940523201779598,0.42218220139327434,0.0734342963653308,0.9552656104380244,中性附近,1543.8025584204643,545.7238591142932,292.60170017905875,-0.2593796899496519,0.10496305455451202,1.9055008941818805,0.26313055170332666,0.024483886380031405,0.21990775907324853,0.20005668285437594,93.85323075328145,94.91336723121532,93.0906984361059,90.71828662006922,103.28604690769897,90.35652354936337,93.43894371935968,0.0,399.81121597730817,5.190097229698142,1.3543238656477166,0.0,低,False,False,False
856,0.3262721454079554,0.24561174763150653,0.0734342963653308,0.9552656104380244,缓和路径,1562.3629063311278,598.2314408482557,341.5238870730538,-0.28895184231007615,0.11319738598513941,2.3593601004225024,0.3158047362028802,0.02541463193644786,0.2316201732735053,0.21016047042268998,102.02587483138866,101.58032624694106,99.13374746455138,95.74681815924839,104.70686330574574,95.74681815924839,100.17037572263077,0.0,139.16716655380515,7.43634666622766,1.5744871727655543,0.0,低,False,False,False
857,0.6244110427695226,0.5773504459466556,0.0734342963653308,0.9552656104380244,中性附近,1596.9308442135057,425.604885460696,233.67359880546033,-0.1651054134529492,0.08389369987961824,2.546593793688992,0.33092716980402853,0.023740346644253237,0.1801017718094265,0.16571779828420294,100.74287963508024,101.15043137012799,99.35478332170715,96.94960931559747,111.0399297272551,96.94960931559747,101.08076615858027,43.453996093358,411.65328708997026,7.140795752912721,1.7032707184917288,0.7159630303689823,低,False,False,False
858,0.3501099967252646,0.34647436852433916,0.0734342963653308,0.9552656104380244,中性附近,1531.6012456609262,531.0475537191558,290.92694799264837,-0.24625048261220445,0.09316145849297859,2.0819265236928515,0.2695177572495271,0.024796499640681268,0.22750099256587425,0.20660703335038347,96.59630705178779,96.90283575229155,94.62702549152759,91.96773626854898,102.9067931370888,91.96773626854898,95.38108605078435,0.0,320.4493497270396,5.371530012843753,1.3871985920906185,0.0,低,False,False,False
859,0.4818440941883313,0.4617684729201216,0.0734342963653308,0.9552656104380244,中性附近,1564.0659974050186,501.68911620901065,223.00542858287147,-0.24596532532887333,0.11553528117776306,2.407077929430588,0.29044877539953873,0.029970656866691914,0.20473734052425632,0.18696982614655325,99.19440779921376,99.91430956009327,97.68480999867515,94.85551506614891,108.3168907537557,94.85551506614891,98.77021453297156,0.0,402.03808534085874,6.175001222820093,1.4949298199140877,0.0,低,False,False,False
860,0.07962252123561415,0.1588251220599676,0.0734342963653308,0.9552656104380244,缓和路径,1454.099746102282,652.0861660745129,343.77860419301567,-0.3268487605731407,0.16360215866259714,1.83247781669959,0.21844902028700355,0.027504555718770234,0.27424122833048586,0.24692779088030392,94.39423090256255,93.27623788086589,91.13034972817982,88.97879844559046,101.95229285235408,88.97879844559046,92.57064671612514,0.0,59.729876602496006,4.7373570351867,1.0891070997875445,0.0,低,False,False,False
861,0.46422954724226856,0.3863272362371724,0.0734342963653308,0.9552656104380244,中性附近,1607.923172960366,504.46452330482794,247.44556771703768,-0.22697365801220803,0.11840182678178861,2.227505642760318,0.26960070973792244,0.027162164142354145,0.207781134236536,0.18959557388265785,96.14523256632637,97.26589782642434,95.45867681045118,93.08346609941862,106.76384670680007,93.08346609941862,96.10170700353207,0.0,487.9278559359602,5.21917162668909,1.3876255456846476,0.0,低,False,False,False
862,0.7355175241609628,0.7066919916705505,0.0734342963653308,0.9552656104380244,高压尾部,1636.2304741186845,329.4233389978806,216.80297485031778,-0.1994313070125931,0.08800170327585455,2.372612841466378,0.36,0.022520475726650228,0.1609025718249856,0.14915548800319217,104.66698675107173,102.76429025089199,100.90164684958896,98.48253438890075,115.97472226240156,98.48253438890075,103.69328487164124,70.19570083938743,316.46489154584924,9.334518368442415,1.8787204346401214,5.650755565515439,低,False,False,False
863,0.3403519825063974,0.5007433915670385,0.0734342963653308,0.9552656104380244,中性附近,1496.6115542064115,537.3434112040178,288.3785576771001,-0.2712442477954563,0.11354866079370651,2.189666458037708,0.3256929372461166,0.030555836417261846,0.22918717742289452,0.20806163129278438,100.88699136418242,100.58324481308786,98.20077585690362,94.81748129328611,104.18513813538655,94.81748129328611,99.15386126854415,0.0,148.04072790803366,7.561715801113235,1.6763303042158413,0.0,低,False,False,False
864,0.6297015535390587,0.5689748828268022,0.0734342963653308,0.9552656104380244,中性附近,1707.8862436781699,395.0274719398377,217.462948093742,-0.1920635158124721,0.06853442288498666,2.4865607236994762,0.36,0.02679543886469479,0.17918757154845066,0.16492915769534855,104.30098723545441,104.14445861909626,101.99274700840085,99.31802989852679,114.52139901609792,99.31802989852679,104.20712658878122,61.05838161783868,382.0782205985565,8.721772809250812,1.8529075718386598,4.197432319211799,低,False,False,False
865,0.5206496696564986,0.49561993789471676,0.0734342963653308,0.9552656104380244,中性附近,1596.5483933702956,463.3086585882668,229.93273972903637,-0.2191322264588128,0.10621860426341928,2.3979825734531257,0.28848501104890234,0.027664671206829586,0.198031737083357,0.1811851952817468,97.9890405075309,98.85743911186161,96.93520613735741,94.55419438776731,108.7289212601344,94.55419438776731,98.04892498791104,0.0,448.1211065955157,5.770618620771936,1.4848223925957518,0.0,低,False,False,False
866,0.30740185753685384,0.3420592478753571,0.0734342963653308,0.9552656104380244,缓和路径,1524.8072369322833,593.3025823756933,292.5687961801105,-0.25658462139754046,0.11260388481990141,2.1734134776518523,0.2221126672636133,0.029984262526647897,0.23488095901763162,0.2129734076960078,94.54247208692543,95.0523065325912,93.06605514744393,90.6765572182245,101.51905850636464,90.6765572182245,93.61590949031742,0.0,380.33787367195146,4.26917874299604,1.1073727066925265,0.0,低,False,False,False
867,0.6637783474882283,0.6373513852977171,0.0734342963653308,0.9552656104380244,高压尾部,1610.3706916039976,388.8577699646753,236.2022132814297,-0.1685630925005753,0.08791587182280097,2.5484676813205254,0.36,0.025053570708010828,0.1732991015540341,0.15984943212308592,102.92556106612494,102.82215368997878,100.84776490056223,98.32092858764494,114.2637429998536,98.32092858764494,103.15305938989538,45.467969791028736,373.56136445275814,8.117253116177686,1.8787204346401214,3.9397763029674877,低,False,False,False
868,0.08385615387334787,0.13256590183619155,0.0734342963653308,0.9552656104380244,缓和路径,1430.1967261257128,700.0,337.08657626397235,-0.31810353883684617,0.15076710187482106,1.6839821480249395,0.24101860731104663,0.027188804207308053,0.2735096566106855,0.2462966959479127,93.66303536984704,92.67778732129185,90.5856375483297,88.49080970139678,101.51308020909507,88.49080970139678,91.94659878041152,0.0,58.32950461574546,5.095392173689743,1.2016308247045224,0.0,低,False,False,False
869,0.43509498769247074,0.487633314456669,0.0734342963653308,0.9552656104380244,中性附近,1615.9301168742834,509.676358085763,268.4382286281945,-0.25946762934280315,0.10403875467764258,2.1876703185545407,0.31390097635023895,0.02380247421607488,0.21281558612674104,0.19393857538105205,100.15483895516962,100.37036562750421,97.79823372318297,94.77755823465193,107.34276896341642,94.77755823465193,98.98320915948372,0.0,344.8728363886112,6.754793683685504,1.6156374885747387,0.0,低,False,False,False
870,0.7798030905034686,0.7752876056638457,0.0734342963653308,0.9552656104380244,高压尾部,1692.0827283012793,326.44688972068286,210.41138799123104,-0.1552770254672419,0.07742590424362036,2.55847715603736,0.36,0.02540226070026119,0.1532500259610006,0.14255397131803346,108.523747738318,104.77687960018042,102.71269462605295,100.1258356449085,119.19264370174629,100.1258356449085,106.0339915861107,105.27745685291302,313.60552614519025,9.235874402526383,1.8787204346401214,8.868677004860174,中,False,False,False
871,0.9495871950946667,0.9235125767023722,0.0734342963653308,0.9552656104380244,高压尾部,1793.9259688455902,200.0,198.27315710310373,-0.1,0.04458893728864222,2.7730290697603586,0.36,0.02231629177995378,0.12391133268764158,0.11724476355799326,119.59063912030375,110.35563988166979,107.59466708792407,106.6697273898482,129.1214497520611,105.28531379924624,113.01014417536447,755.9232802639708,200.0,11.18804026194466,1.8787204346401214,18.79748305517498,高,True,False,True
872,0.3164430917073893,0.3155285938342431,0.0734342963653308,0.9552656104380244,缓和路径,1543.2733302515196,591.6399211765523,297.79633255680136,-0.2638369686866733,0.12433941899062437,1.8045851367572343,0.2939750581022634,0.022288823053113378,0.2333186337529631,0.21162565800777744,95.20984116333774,95.43164545005857,93.10484303858846,90.48285311259029,101.45544705706168,90.48285311259029,93.90633359036867,0.0,268.76635161661034,5.674054656313565,1.4656523637367818,0.0,低,False,False,False
873,0.35154278978650605,0.3275163942308011,0.0734342963653308,0.9552656104380244,中性附近,1565.1469891201464,516.6889269498977,312.05417653723117,-0.29647332355279654,0.11188226730409197,2.0962467127039304,0.3200810975943093,0.029088556516493624,0.22725340592489174,0.20639345118171454,101.01510308738239,100.78816235022069,98.30237445030383,94.91762799599545,104.66887252313751,94.91762799599545,99.29589182030877,0.0,168.37201036059741,7.67725011536778,1.6474463592636799,0.0,低,False,False,False
874,0.2083661587470175,0.3791024581077849,0.0734342963653308,0.9552656104380244,缓和路径,1457.32700286688,614.5782463486069,309.5902962211819,-0.30709841562349494,0.1377457801842785,1.8041818276611339,0.3015477424437971,0.03209695103486438,0.2519943277685153,0.22773636258137744,96.400618964026,95.8369205699567,93.66085639497267,91.20272353381326,102.33739045144384,91.20272353381326,94.79284520579574,0.0,75.21043887637461,6.775700201976669,1.5034070044762031,0.0,低,False,False,False
875,0.8635066091990675,0.8744285849613973,0.0734342963653308,0.9552656104380244,高压尾部,1726.8436075752684,279.1262242581376,187.1228972023321,-0.14604588592390946,0.056972665446612454,2.6440526154714132,0.36,0.026320917701371172,0.13878605793040114,0.13007653858065138,113.45512772305334,106.77883393477161,104.5201608135329,101.8057259506052,123.470399816158,101.8057259506052,108.73793126897328,147.813631188641,268.14630243312,10.081265976007824,1.8787204346401214,13.146433119271876,中,True,False,False
876,0.28471011379821914,0.3139894611877494,0.0734342963653308,0.9552656104380244,缓和路径,1534.7738188867636,577.0851160500146,316.7063752682746,-0.2992106134242417,0.11808630915879942,1.7445631938851964,0.28268700319662404,0.02651824922006674,0.23880209233566774,0.21635599794555743,95.23080248538425,95.36434681853535,93.00943989452523,90.29077397875648,101.4535934700857,90.29077397875648,93.91329003461641,0.0,206.8659137381237,5.875515277208834,1.4093742411598464,0.0,低,False,False,False
877,0.6718744916214378,0.6135847074726515,0.0734342963653308,0.9552656104380244,高压尾部,1662.796581987074,405.3520983088743,217.94534438646164,-0.21347002067807352,0.09198756285826909,2.43573374156879,0.3464739293191476,0.022649965627930674,0.17190008784781555,0.1586425641750174,102.58140298555912,102.56570446609973,100.70742727644001,98.24678828608806,115.27117188393167,98.24678828608806,103.1283384358407,37.437439605102554,389.40685933010246,8.36993983923713,1.8081323641164995,4.9472051870455545,低,False,False,False
878,0.7080784471135521,0.5937089402377653,0.0734342963653308,0.9552656104380244,高压尾部,1638.9150109429677,324.1945141176288,221.1437133647478,-0.1651936285398468,0.07104302092965582,2.484768496357376,0.36,0.02479842427580671,0.1656440443387782,0.15324574900500254,105.34093111759154,104.34298972735267,102.25015338927362,99.64240801878451,116.93292176993754,99.64240801878451,105.00570231502277,104.42576968303365,311.4417517049536,9.577889907296937,1.8787204346401214,6.608955073051419,低,False,False,False
879,0.2878383919169747,0.4016440763550174,0.0734342963653308,0.9552656104380244,缓和路径,1522.0118540875885,582.410037007095,272.40933670970105,-0.2668083786946008,0.13063271402028595,1.8712690622568802,0.29233226397880996,0.027679039867835407,0.23826152587674676,0.2158896748994195,96.46301324591157,96.24436127309308,93.65378758411508,90.8828626609764,102.0306405827984,90.8828626609764,94.75988217877334,0.0,267.9548698028975,5.797347163147357,1.4574619917177554,0.0,低,False,False,False
880,0.47795489187935036,0.40023982272517,0.0734342963653308,0.9552656104380244,中性附近,1603.8417555968836,493.56911139202657,229.44098794732986,-0.2459374671543399,0.11846497346191107,2.360335467086177,0.3242936418911307,0.026239614926805016,0.20540939468324823,0.18754957788182805,101.35964873450014,101.61492927826966,99.02180299557705,95.92464633003291,109.55345088566223,95.92464633003291,100.47727764150518,0.0,441.3195683865779,6.974211289303217,1.669128179331141,0.0,低,False,False,False
881,0.35215241668945496,0.37204909770235967,0.0734342963653308,0.9552656104380244,中性附近,1511.418459337732,615.3902371080802,331.2091172630332,-0.27835970242021213,0.1108778308593693,2.10542409921307,0.24697609338794185,0.025112457489579965,0.22714806239606217,0.20630257592587128,96.020580002341,96.53807765401787,94.37158562422265,91.77537883374363,102.13016550602956,91.77537883374363,94.9550595637834,0.0,248.20598977316695,5.316700250758363,1.2711774263934708,0.0,低,False,False,False
882,0.8659861324032515,0.7888218285857739,0.0734342963653308,0.9552656104380244,高压尾部,1738.5097698129825,255.49977897699543,214.46261388618322,-0.12936305427117098,0.049405070227831666,3.0211334771819853,0.36,0.025663979858604594,0.13835759632071812,0.12970692348581295,118.1607074577816,110.92988250924749,108.1858698988721,105.06271273133743,128.27268245679795,105.06271273133743,112.82260121088774,174.29376347335165,245.44924500465805,10.55488226682111,1.8787204346401214,17.948715759911835,高,True,False,False
883,0.4616033668313533,0.44284639370545,0.0734342963653308,0.9552656104380244,中性附近,1586.986970852909,477.29312497639455,255.81746631469488,-0.22842949188104544,0.11072170093850668,2.3110541610050026,0.30082815465087687,0.022158891411129554,0.20823493821154215,0.18998705072788571,99.07320421253677,99.4925363740852,97.19942156242564,94.38864464084465,107.7386078540544,94.38864464084465,98.2775876264949,0.0,414.0839417644038,5.993151402654669,1.5483521265968365,0.0,低,False,False,False
884,0.7790777002495844,0.8919463627689683,0.0734342963653308,0.9552656104380244,高压尾部,1722.4134855302063,274.38483617887357,206.64596840323085,-0.15105017259126377,0.0647388997428919,2.7671627620259107,0.36,0.029363026457252986,0.1533753733968718,0.1426621030697476,111.89470855469887,107.75314618242344,105.34918334084583,102.478196065934,122.6770703451229,102.478196065934,108.97141543655135,127.159945351832,263.5914252078281,9.795715620309629,1.8787204346401214,12.353103648236782,中,True,False,False
885,0.0179465443185345,0.1065433052314417,0.0734342963653308,0.9552656104380244,缓和路径,1400.0,700.0,351.85085238150623,-0.3496768485624974,0.16556021960858125,1.9210343037053443,0.19918883248257976,0.021016948460629088,0.28,0.2561216439642323,94.13554039510963,92.74484322708965,90.56590219370806,88.49940746661778,102.21268861619582,88.49940746661778,92.18583701015183,0.0,50.0,4.282198591767994,0.9930828317295778,0.0,低,False,False,False
886,0.6055503290827394,0.6626634889734376,0.0734342963653308,0.9552656104380244,中性附近,1691.3010319764894,426.72866437946675,207.25594163757086,-0.18403971670611968,0.07882041474250144,2.4359905371136867,0.36,0.0209109370595486,0.18336090313450262,0.16852930836255084,102.96321626007115,102.9568832869868,100.86174031434206,98.24213811296651,112.78147063310215,98.24213811296651,102.82357998787037,44.24311323478287,412.74022782227325,8.070591960139403,1.8529075718386598,2.4575039362160283,低,False,False,False
887,0.0,0.11647074342827893,0.0734342963653308,0.9552656104380244,缓和路径,1420.8344877199406,675.2139413429135,353.3626441871893,-0.35,0.17,1.65,0.23021537803351316,0.030095304122138938,0.28,0.2587968815539125,94.26572785508414,92.58808047262306,90.32055353692219,88.23430634882675,102.43016586911664,88.23430634882675,92.12360121346418,0.0,50.0,5.124105768618015,1.147769865789092,0.0,低,False,False,False
888,0.554291617806323,0.5212446926941163,0.0734342963653308,0.9552656104380244,中性附近,1625.0676141161948,405.8172819318458,237.4799314023324,-0.21794273019111227,0.0885272878206154,2.396422381104082,0.3299159626207513,0.026937297973200297,0.19221840844306737,0.17617029086989677,100.88304584785398,101.1784960360263,99.29285431602003,96.84114083249462,110.55205521119143,96.84114083249462,100.79604877797959,26.149366032450416,392.51433376835354,7.6229004965519005,1.6980660700289731,0.22808851430531263,低,False,False,False
889,0.8686795565713312,0.8688741356835096,0.0734342963653308,0.9552656104380244,高压尾部,1754.9789501979224,280.605762941128,153.93369081214885,-0.10787480796066022,0.04301830022457527,2.7454580844017773,0.36,0.025749438166847594,0.13789217262447395,0.12930542281518198,116.31061933069263,109.26916153707435,106.67809886040915,103.7210192021651,126.26727238594006,103.7210192021651,111.17777329650764,213.799684019923,269.56764085520877,10.773862550042686,1.8787204346401214,15.943305689053943,高,True,False,False
890,0.042240516072396705,0.08774323262204592,0.0734342963653308,0.9552656104380244,缓和路径,1400.0,636.4391918709576,374.3190026084907,-0.35,0.16323730422831442,1.65,0.22103997696160654,0.028978520911937068,0.28,0.25250021438508835,92.88828505800302,91.69575336270199,89.6239991701565,87.61833216372648,101.38008169455902,87.61833216372648,91.09410952718595,0.0,50.0,4.715920523913756,1.102024664287695,0.0,低,False,False,False
891,0.7099208573383474,0.6556129993787303,0.0734342963653308,0.9552656104380244,高压尾部,1731.8907224979184,399.26016915870946,209.7980683988768,-0.1309120551812474,0.0875717684215658,2.763457187054481,0.35787168624838794,0.026527691558124154,0.16532567585193356,0.15297110643306777,108.66363566473575,107.29836389922173,104.87275543166302,101.96513170541826,120.13290159039977,101.96513170541826,107.90560842041516,120.22222179094751,383.5545669464583,9.032118774854153,1.867613472038791,9.808934893513651,中,True,False,False
892,0.4916740905428001,0.5162920930661727,0.0734342963653308,0.9552656104380244,中性附近,1566.333741190521,517.3263866701196,257.1650380997323,-0.23319930106887993,0.09108836676875968,2.4184440337676008,0.31843272401021894,0.028163939967312264,0.20303871715420413,0.18550449804287286,100.70937931777264,100.94878824032997,98.490389385336,95.51928961426195,109.17583059057405,95.51928961426195,99.90381796049432,0.0,386.63646277024236,6.653743157277225,1.6389622373326247,0.0,低,False,False,False
893,0.6511338203329915,0.47354140982530063,0.0734342963653308,0.9552656104380244,中性附近,1721.5583363527387,369.8359829964255,258.85177955097157,-0.21754632565646337,0.07502398888554541,2.51425000975013,0.36,0.028659166925513145,0.17548407584645906,0.1617343139002694,104.42335182204587,104.2807835256006,102.13861123884796,99.4546467554608,116.45075736121697,99.4546467554608,104.60545426335999,33.5488132482169,357.7125246573055,8.584627949010859,1.8529075718386598,6.126790664330855,低,False,False,False
894,0.5856933989573843,0.5891338520274039,0.0734342963653308,0.9552656104380244,中性附近,1654.7160149494102,415.589077659275,229.2792090763966,-0.21081419195391113,0.09356807907591826,2.5102649547135862,0.35001983280281784,0.02963084490137256,0.18679218066016398,0.17148932144050813,102.53994401393108,102.71179184577005,100.70466818699616,98.09261696943051,113.11915133631801,98.09261696943051,102.62026187217971,15.42633720626327,401.9658038275229,7.794588434042478,1.8015399958167857,2.795184639431895,低,False,False,False
895,0.16225335698832777,0.26919894718871873,0.0734342963653308,0.9552656104380244,缓和路径,1480.4590880988073,593.6339054990815,379.864082254988,-0.31669880816072,0.1450265331100523,1.8574812471509785,0.21620807198000463,0.02573816641955937,0.259962619912417,0.23461025977521835,94.20783161845414,93.84367241123479,91.56655964948087,89.03390623069002,101.35232482806366,89.03390623069002,92.69664074867949,0.0,198.56928114646507,4.555291808462652,1.0779345492849017,0.0,低,False,False,False
896,0.3999219048725167,0.32218120507974,0.0734342963653308,0.9552656104380244,中性附近,1575.5139557329744,554.1344924962633,241.58867400578112,-0.26271693235641935,0.10425565746968306,2.2714901980172066,0.31878175330226866,0.02882685094727443,0.21889349483802908,0.19918172145055443,102.13230442120695,101.69528494209094,98.71075921738418,95.4396948738052,106.93558539314299,95.4396948738052,100.16256259420392,0.0,335.1666456498733,7.138275363759874,1.6407586790493813,0.0,低,False,False,False
897,0.5349403249941337,0.4978155676174295,0.0734342963653308,0.9552656104380244,中性附近,1580.7821337980763,489.76897470608066,261.84274790966754,-0.19752455532231544,0.10294550584067781,2.5058955780739494,0.3324716601840067,0.024981136387865848,0.1955623118410137,0.1790549301085836,100.66261579790152,101.02235558210857,98.69894643081211,95.84622824515121,110.25083958999322,95.84622824515121,100.30168162243007,0.0,473.71403675078693,6.350374681197167,1.7112201571575443,0.0,低,False,False,False
898,0.7460589715609633,0.7889026623179437,0.0734342963653308,0.9552656104380244,高压尾部,1692.2599026744106,304.4640010523453,188.01297829370685,-0.16955004755615904,0.053641322998968885,2.778235686939554,0.3588652259601836,0.0277347538857025,0.1590810097142655,0.14758410602382177,111.00342239529961,107.88293286184103,105.45757113180414,102.55460069027703,122.12997828284816,102.55460069027703,108.8690080606074,117.43404526143968,292.48737313437795,10.092668191191592,1.8727984258142825,11.80601158596204,中,True,False,False
899,0.4534882623482921,0.46387965838105444,0.0734342963653308,0.9552656104380244,中性附近,1619.796614461521,470.55351486522926,256.9675455536782,-0.2337814466683398,0.10126576180028818,2.245349228862562,0.31013221844969036,0.02703892984542452,0.20963722826621511,0.19119674503849715,99.37871592761887,99.74398126084357,97.38869806579525,94.52830413978423,107.97677879361791,94.52830413978423,98.5221612112905,0.0,428.6403128880429,6.214809166374504,1.5962398217682015,0.0,低,False,False,False
900,0.5273666128717397,0.40033788952195176,0.0734342963653308,0.9552656104380244,中性附近,1642.7521347634145,441.44716018455534,252.96221771978807,-0.2161726399540123,0.09835971726311003,2.426394471231887,0.3206075840345698,0.02176112125227894,0.19687104929576338,0.18018392068212366,100.44264402295236,100.93872156787491,98.68125664498149,96.22998461379586,110.07862840451189,96.22998461379586,100.23427657501442,0.0,426.97624198979435,6.650181890894063,1.6501561667959828,0.0,低,False,False,False
901,0.3780652070422712,0.441122775325712,0.0734342963653308,0.9552656104380244,中性附近,1563.7387981276167,551.8018352750152,246.82553485757236,-0.25223430306535427,0.1053960189199556,2.2585893584153296,0.3229351495259594,0.028243916772518002,0.2226703322230955,0.20243983390852582,101.91752131806086,101.4087643680079,98.42639215430248,95.17959072646526,106.30446897008247,95.17959072646526,99.86524494608538,0.0,307.82177917316585,7.033705734578941,1.6621360660263893,0.0,低,False,False,False
902,0.0,0.12585131114320378,0.0734342963653308,0.9552656104380244,缓和路径,1432.1725982421408,700.0,349.67796153891584,-0.3407399150585251,0.15147769181691015,1.65,0.17063098128513607,0.03466075342984116,0.28,0.2587968815539125,91.74131101216177,90.52955189110087,88.56072118224473,86.32950188557795,100.988231034821,86.32950188557795,89.98438032976613,0.0,147.22181509286565,3.4475106330256957,0.8507038068525201,0.0,低,False,False,False
903,0.33214332350193465,0.16847392917117915,0.0734342963653308,0.9552656104380244,中性附近,1538.624540877913,566.4895450669788,346.06133550145887,-0.26895637195353145,0.12873509997603447,2.007010868680547,0.2957868393608886,0.02058538924675562,0.23060563369886566,0.20928527149559076,98.48690695942817,98.49766437909564,95.75203644470439,92.76765281204922,102.84139797284952,92.76765281204922,96.82951531193027,0.0,226.57352919883488,6.349536338970113,1.5224046508389326,0.0,低,False,False,False
904,0.003266287608822943,0.052781364443429166,0.0734342963653308,0.9552656104380244,缓和路径,1400.0,699.9933285056752,385.38491524384034,-0.32203163436723115,0.15412625519104373,1.6715606575089492,0.20995040763297795,0.02182069753914958,0.28,0.25830998584659765,93.37285693773275,91.86881637729849,89.70978675571331,87.35356460683086,101.98507271409409,87.35356460683086,91.35782581740821,0.0,115.66729279305218,4.332993000910461,1.0467361183673354,0.0,低,False,False,False
905,0.30390065186654824,0.34629588353655577,0.0734342963653308,0.9552656104380244,缓和路径,1565.685511606844,575.59225696204,283.18042817193066,-0.26843582934063076,0.1214896862666244,1.8802996670368588,0.2812534106438163,0.025244958151298076,0.23548596735746044,0.2134953219348805,95.76622134611098,95.84629233351107,93.48420764894105,90.84358870280636,101.88407210257319,90.84358870280636,94.37636527064792,0.0,295.9281152342701,5.501887051803993,1.402226871831231,0.0,低,False,False,False
906,0.1749952119003207,0.0885819000236843,0.0734342963653308,0.9552656104380244,缓和路径,1472.2382235447842,627.5429846765898,323.40962121873997,-0.30055912284975017,0.15313904238899723,1.9507281737479134,0.2281941683553395,0.0294170915790504,0.25776082738362455,0.23271086964095108,94.69683546513627,94.33357334287085,92.38172147869024,89.77719992435338,101.48765911130978,89.77719992435338,93.27365566225569,0.0,132.32858978499644,4.791341493593781,1.1376928519038108,0.0,低,False,False,False
907,0.4679525230095338,0.5082235620355635,0.0734342963653308,0.9552656104380244,中性附近,1550.8684290757226,478.7562157394646,269.1811352735771,-0.24850458903665554,0.12819548391293176,2.187841888461261,0.3140915173261552,0.029237597501828198,0.20713780402395257,0.18904060103990447,98.49457034835316,99.09725374935213,96.8106776310496,93.98314480762559,107.5813836977739,93.98314480762559,97.9038473354634,0.0,360.14877538083056,6.604177884733127,1.616618196399796,0.0,低,False,False,False
908,0.11956120534801744,0.16910500888415206,0.0734342963653308,0.9552656104380244,缓和路径,1487.4407358717715,677.9350072769811,336.64764178772447,-0.3335679202584407,0.1585078650339146,1.65,0.2303088432340553,0.02866172651835123,0.26733982371586257,0.24097425090494962,93.73529377140628,92.99395218620197,90.97899847278657,88.37615986021645,101.35424297442226,88.37615986021645,92.10182728149859,0.0,148.19944596395726,4.880373068041139,1.1482358491721245,0.0,低,False,False,False
909,0.666790645409354,0.7615752110072742,0.0734342963653308,0.9552656104380244,高压尾部,1640.877279032567,375.84138480413475,203.43973302663122,-0.18297159890928336,0.08529635943805022,2.477402028220646,0.36,0.026819341312108537,0.17277857647326364,0.15940039789750593,103.95891415676164,103.69891237217281,101.6193452120611,99.01948353461867,114.91423460216106,99.01948353461867,104.00620606680489,65.97529287122052,361.0570017361385,8.933603115197432,1.8787204346401214,4.590267905274942,低,False,False,False
910,0.26631662408390533,0.27734038579058534,0.0734342963653308,0.9552656104380244,缓和路径,1480.7221678026333,570.6693377364728,308.74475320081615,-0.26768815597591267,0.1348333934597358,1.793777283137441,0.25021656126690195,0.029925657879796837,0.24198048735830113,0.21909786034623746,93.4209931571415,93.54862912060668,91.34656106786912,88.92868404142754,100.61845325347993,88.92868404142754,92.15848261131003,0.0,260.8871854908775,4.737038284495556,1.247488466655398,0.0,低,False,False,False
911,0.4425153734604289,0.44505033315942594,0.0734342963653308,0.9552656104380244,中性附近,1522.9726783643102,460.05757022818545,279.0082203324809,-0.21572957287988123,0.10473588169159945,2.1246853317210563,0.35031387225704314,0.030867605588048245,0.21153334346603786,0.19283244070776748,99.32082747008108,99.41317013162711,96.82093243531426,93.83702593167158,107.27456628116808,93.83702593167158,98.10458475477888,0.0,345.2111185257363,6.807325259937323,1.803053406736656,0.0,低,False,False,False
912,0.34465135037026745,0.4599577104865886,0.0734342963653308,0.9552656104380244,中性附近,1535.8351560183214,502.32573328329283,275.53373392703446,-0.275508243757675,0.11438370840043934,1.9056391577334348,0.28816361876709085,0.025852665191398397,0.22844424665601776,0.20742073740719053,97.06637661069936,97.08355112547959,94.59613465542282,91.8120050985023,102.42409201076177,91.8120050985023,95.55441255381128,0.0,261.7428560956014,6.1133450436031405,1.4831681976165878,0.0,低,False,False,False
913,0.7633233993670325,0.7552290863800504,0.0734342963653308,0.9552656104380244,高压尾部,1716.681769961631,304.7722967129967,221.82455830245686,-0.14370101922919018,0.0679246154279115,2.5894692813512625,0.36,0.027231228263553238,0.15609771658937677,0.14501054949888031,109.84943795007366,106.40870414718317,104.1546854034652,101.399175801614,120.74250341123089,101.399175801614,107.52474668084692,141.79031361074522,292.78354144203007,9.88633125777923,1.8787204346401214,10.418536714344768,中,True,False,False
914,0.7152368798480377,0.5508225001350058,0.0734342963653308,0.9552656104380244,高压尾部,1671.8453666166142,342.0609208971376,245.8529404432676,-0.1860869193017925,0.06946069370652744,2.6170420184010337,0.36,0.02447654606703417,0.16440706716225906,0.1521786628855475,107.14893261422634,105.54222517271987,103.36939173872405,100.6569580537265,118.58121664691134,100.6569580537265,106.28561496166651,80.76369893417177,328.60535189488326,9.46799979781156,1.8787204346401214,8.257249950025226,中,False,False,False
915,0.41594327922657315,0.2549167850086811,0.0734342963653308,0.9552656104380244,中性附近,1537.5274901488467,485.89018407584894,262.8717335282674,-0.21995926906959512,0.11747224784142173,2.458294461544298,0.29946829798236085,0.021200771503593202,0.21612500134964815,0.19679346317923674,100.50872891707235,100.48079172274507,97.90873495092727,94.92965223963733,106.82139512944781,94.92965223963733,99.07397590530557,0.0,333.6826108540972,6.01681719132032,1.5413529912698678,0.0,低,False,False,False
916,0.2488771587396321,0.22022556942734922,0.0734342963653308,0.9552656104380244,缓和路径,1506.7618058496166,632.2066979308813,310.9761925983066,-0.2709910988119184,0.11938743901432053,1.8569178051945265,0.24411167135956371,0.02677027234065077,0.24499402696979156,0.22169750919254716,94.18463820970103,94.13048848082614,91.85328553200613,89.38615096077395,101.01625906713546,89.38615096077395,92.77905690531355,0.0,268.1666634484827,4.682828630271049,1.217051713344406,0.0,低,False,False,False
917,0.589116075582194,0.6374312438274999,0.0734342963653308,0.9552656104380244,中性附近,1609.4149435777022,366.0512817067464,224.68956680934986,-0.19979773826376002,0.08661873767225588,2.459997901171739,0.36,0.028200239429173133,0.18620074213939689,0.17097911329115684,102.42014414400012,102.52395276039555,100.45079595344171,97.84902498542847,112.44833413973073,97.84902498542847,102.32983355849109,29.418687805344234,354.051888278887,8.231150526374972,1.8529075718386598,2.1243674428446155,低,False,False,False
918,0.3300943512832338,0.23308932239031788,0.0734342963653308,0.9552656104380244,中性附近,1550.136969403967,556.7328817965212,306.3997220352347,-0.25519232681860243,0.11525943332358919,2.1979380949018683,0.2860962212025365,0.023745827863199464,0.2309596960982572,0.2095907056450508,100.15515168100036,99.60623649090765,96.73658103764843,93.67284941080909,103.90011688197762,93.67284941080909,98.08929598596458,0.0,283.81250536551124,6.067550634198698,1.4725273737239113,0.0,低,False,False,False
919,0.6962111175615102,0.7606693304944738,0.0734342963653308,0.9552656104380244,高压尾部,1646.1601063741014,395.021144728077,198.06031155280743,-0.1806937359869504,0.06758121397143974,2.7539500742156147,0.36,0.02201518016961993,0.16769471888537102,0.15501477626413657,106.76711053962178,106.0035685991724,103.71476609619369,100.90110654221566,118.47523156094891,100.90110654221566,106.51351654780268,61.93547583381951,379.4822920105621,9.010527075745278,1.8787204346401214,8.151264864062796,中,False,False,False
920,0.4646391752735439,0.4345905051392397,0.0734342963653308,0.9552656104380244,中性附近,1609.459236592481,458.3392424175619,238.72044314111318,-0.2192928394505584,0.09573208730889544,2.2822682116348,0.3487869179288977,0.024591060177674515,0.2077103505127316,0.18953451185937334,101.35784579504089,101.35736324281793,98.68282571949253,95.72969881899772,109.22595794793835,95.72969881899772,100.20073840147565,0.0,443.31459104207136,7.080662639256194,1.795194225524233,0.0,低,False,False,False
921,0.48836436516990833,0.47796616326272917,0.0734342963653308,0.9552656104380244,中性附近,1634.4991365237636,452.7418424105283,207.94538803255261,-0.18052002467985262,0.1013537316703272,2.530135627006025,0.33630689515154977,0.024940505938379775,0.20361063769863982,0.18599786888752812,103.34568364779958,103.05940675457494,100.7124744708701,97.95060094502955,109.63275198709248,97.95060094502955,102.14832402875699,42.196026555478966,437.9006773611731,7.546877329551855,1.7309599791329355,0.0,低,False,False,False
922,0.700011782543499,0.688743460619161,0.0734342963653308,0.9552656104380244,高压尾部,1675.2922825856092,316.3653256333303,174.77857494843556,-0.18434695013204158,0.05909132576665391,2.5482447090888356,0.36,0.01812016603348008,0.16703796397648335,0.15444822252291873,106.55678958237195,105.44899316353103,103.24700860121412,100.53243245066204,118.32109471583664,100.53243245066204,106.10887584855315,95.21421249707237,303.9205381439695,9.749820345238286,1.8787204346401214,7.997128018950519,低,False,False,False
923,0.2689287757989553,0.2584573612802551,0.0734342963653308,0.9552656104380244,缓和路径,1542.4569762989493,542.6400837599974,310.51320509859767,-0.23988222444146293,0.1248458117056417,2.215939154832256,0.2787079842712837,0.024310367752031145,0.24152910754194049,0.21870847471666907,99.08884228846368,98.31673946948312,95.49667989052196,92.5665783659507,103.69532550875596,92.5665783659507,96.96906724140794,0.0,304.2202177559957,5.402949114813851,1.3895363048025047,0.0,低,False,False,False
924,0.2682401566676061,0.32253074751803745,0.0734342963653308,0.9552656104380244,缓和路径,1585.4549037630172,538.4310842515305,323.65321560499575,-0.2629505896575809,0.1262669980584298,2.1290001161698164,0.2725987250968956,0.027757741617376937,0.24164810092783762,0.21881112510732148,98.88335939394439,98.169644384033,95.3722542626095,92.4549070470938,103.55004562547123,92.4549070470938,96.80663731450049,0.0,311.8277710077364,5.483011011417507,1.3590777679204145,0.0,低,False,False,False
925,0.7294745003624478,0.7509606126717284,0.0734342963653308,0.9552656104380244,高压尾部,1729.622200487838,361.9949874871378,235.3328856256503,-0.17114037475267588,0.07679301069951297,2.523280433306004,0.36,0.024935099940564847,0.161946806337369,0.15005630345457815,107.9009195821335,105.72016939282506,103.54147308409208,100.8221415009127,119.05206146703482,100.8221415009127,106.57368654948513,110.04340201051491,347.755276853639,9.63936629359518,1.8787204346401214,8.7280947701487,中,False,False,False
926,0.4674819347274388,0.38673558981359374,0.0734342963653308,0.9552656104380244,中性附近,1589.0834944735604,470.34980684188025,252.96816935477696,-0.2616788332669276,0.09226706902430298,2.14633380499934,0.3475935550095494,0.024215277901006835,0.20721912167909856,0.18911075022512802,101.2382488477025,101.27374758114499,98.52454617050574,95.35052807968044,108.67787659563821,95.35052807968044,100.03804588375533,0.0,320.0108517868757,7.706216040087524,1.7890520277764217,0.0,低,False,False,False
927,0.3878192557577572,0.4885384923382937,0.0734342963653308,0.9552656104380244,中性附近,1512.3776099170284,516.3653899362255,288.0390533858521,-0.24080204966160706,0.1242236613526789,2.08904291896017,0.3168498461650088,0.02697792012421073,0.22098483260505952,0.2009858270918324,98.76524497465344,98.70016810995416,96.0892709925272,93.15400063399561,104.94201180714643,93.15400063399561,97.20495972895156,0.0,307.4649088462211,6.485836712350194,1.630815219708498,0.0,低,False,False,False
928,0.5712911335582687,0.4982057812595568,0.0734342963653308,0.9552656104380244,中性附近,1722.1213643743374,428.86294175374377,217.11436226272286,-0.16899531469637552,0.09312836230988086,2.0040620640180955,0.36,0.02324150516178911,0.18928089212113117,0.1736362239911274,100.44869172059161,100.65567978095194,98.74554855053411,96.32491636028693,110.09141206595626,96.32491636028693,100.32142537824771,93.28243715286953,414.80454222912476,8.590719615495626,1.8529075718386598,0.0,低,False,False,False
929,0.2542834566746935,0.31705900617442634,0.0734342963653308,0.9552656104380244,缓和路径,1469.1546900165479,563.4617843955517,236.79839904561007,-0.2956329418444344,0.1291986744352852,2.06021129840435,0.24557055480532056,0.02725306975764403,0.24405981868661292,0.2208916085578523,96.26950377739703,96.19169442708603,93.61168168402965,90.87728141281225,101.99223749256542,90.87728141281225,94.70981235138247,0.0,225.77974417022233,5.299825169314618,1.224325173836235,0.0,低,False,False,False
930,0.5022205685898402,0.5461384246233272,0.0734342963653308,0.9552656104380244,中性附近,1574.524332733329,443.7797801756211,276.62960412610954,-0.2684738799042815,0.11427693849888514,2.198797443482905,0.2986681878682913,0.01932965333185311,0.2012162857476756,0.18393236616002123,97.95416261197882,98.84868064555911,96.76473357634211,94.04809382008318,107.67603422445123,94.04809382008318,97.79471392140222,0.0,287.1191595258588,6.541589174605585,1.5372348521346897,0.0,低,False,False,False
931,0.3809982100895936,0.3364775220870896,0.0734342963653308,0.9552656104380244,中性附近,1572.2647162252986,515.9769365704385,262.5333442159778,-0.2515928775830475,0.10356038338388696,1.9782521809016567,0.3029701592129508,0.022999469330591233,0.2221635092965182,0.2020026199321984,97.51232978897694,97.72536840626977,95.32030630601997,92.5348564929609,104.892062010465,92.5348564929609,96.25298930517297,0.0,423.328832151341,6.124556937503323,1.5593769501301136,0.0,低,False,False,False
932,0.7444305389678718,0.6954047231805459,0.0734342963653308,0.9552656104380244,高压尾部,1661.67788883567,321.8256379013333,199.62815352008909,-0.1473404739133865,0.06905089479125061,2.587836926959041,0.36,0.026854230636058463,0.15936240286635173,0.14782685159132355,108.13251250732256,105.3533419072556,103.21307263224185,100.55463681523476,119.35416990620135,100.55463681523476,106.37747783593785,123.1564545721667,309.1660594083604,9.649348849702161,1.8787204346401214,9.030203209315232,中,False,False,False
933,0.4409956363460928,0.4142677241702707,0.0734342963653308,0.9552656104380244,中性附近,1605.3968339064902,467.5256737579944,272.9116118735901,-0.25517664884838276,0.08901529292085435,2.1835726162071403,0.29760691337589684,0.027532623771558868,0.21179595403939516,0.19305898336592733,98.82080953520507,99.27446657005046,96.91461290838805,94.05937854555486,106.99855370792514,94.05937854555486,97.9237150131321,0.0,397.1367057145835,6.24632539281394,1.5317725089603649,0.0,低,False,False,False
934,0.49734409678832614,0.4725018040593298,0.0734342963653308,0.9552656104380244,中性附近,1582.2530964501555,519.1894393214053,267.02275957328493,-0.2426368952943267,0.09075080287125642,2.264457602516967,0.3087259426793145,0.020131193129096323,0.2020589400749772,0.18465928720046645,98.57932263123483,99.32226389589412,97.17085005520096,94.41162384179583,108.51457473695888,94.41162384179583,98.34096776854037,0.0,401.11941698897317,6.393000799299685,1.5890017689264722,0.0,低,False,False,False
935,0.8323043086073225,0.7741045325876518,0.0734342963653308,0.9552656104380244,高压尾部,1688.5104663069892,304.6289164928859,176.05601163207024,-0.14705747469667146,0.07543240821046675,2.721999019839978,0.36,0.026964413475708573,0.14417781547265465,0.13472777204075137,112.8698761137745,107.00606282556893,104.73929822127796,101.98780620748464,123.10329209749565,101.98780620748464,108.72170774706792,139.4607704451064,292.6458013354996,10.07884100073296,1.8787204346401214,12.779325400609537,中,True,False,False
936,0.6919150276112662,0.7589753619632601,0.0734342963653308,0.9552656104380244,高压尾部,1682.054111101248,401.5598912503279,239.65317916960475,-0.19091454960463394,0.0815898463413513,2.423626414194075,0.3565446348316519,0.024142629616235617,0.1684370832287732,0.15565518152096758,103.59032361014054,103.23796742478505,101.28143047847519,98.748189809375,115.33320711222412,98.748189809375,103.7655821995966,59.51645769050447,385.76382541771164,8.685324083446602,1.8606880314431233,5.009240415337999,低,False,False,False
937,0.12493385749550348,0.1475787166583112,0.0734342963653308,0.9552656104380244,缓和路径,1447.5884783699014,625.4805567743978,324.8111328762937,-0.3108323624202701,0.14645222602959573,1.8428263208781934,0.24485639543812335,0.024837172122267527,0.26641142942477697,0.24017336574699827,95.63455436280834,94.59670830218673,92.35376202546256,89.6603842644645,102.36494890115536,89.6603842644645,93.7181701697854,0.0,125.64585188970705,5.284910123758403,1.220764635838984,0.0,低,False,False,False
938,0.43773341131997573,0.5926992296658027,0.0734342963653308,0.9552656104380244,中性附近,1626.2708886599937,509.1847622757065,293.61658635430206,-0.22203137763077666,0.1061154600605017,2.191560665086423,0.34310710664737254,0.02940397834481712,0.2123596665239082,0.1935452734762106,100.88539371639422,100.80533492423581,98.09371163694543,94.99878294429428,108.28029637562496,94.99878294429428,99.49177012999543,0.0,437.233698694572,6.730544879677281,1.7659604329404757,0.0,低,False,False,False
939,0.6568169184989655,0.6123838586761583,0.0734342963653308,0.9552656104380244,中性附近,1684.4636863202545,333.3619753782148,236.06668977409217,-0.1584633414625109,0.07256047260836962,2.510526271853736,0.36,0.03182276811330997,0.17450203648337875,0.16088715148450813,104.49394828406734,104.31033583635518,102.19034213489867,99.52722924935527,115.51498775692917,99.52722924935527,104.57434813711536,95.98388314766635,322.4341581669199,8.93653595761317,1.8529075718386598,5.191021060043056,低,False,False,False
940,0.7681299989881953,0.6688324251601553,0.0734342963653308,0.9552656104380244,高压尾部,1686.31490484943,327.26780456097697,202.4905766206258,-0.13138404747473592,0.06191779346747097,2.633872888304839,0.36,0.02442444861259403,0.15526713617483984,0.14429404409500726,109.49554462172838,105.98803143170616,103.74756519074677,101.03582308883836,120.32035646972898,101.03582308883836,107.1322499495403,138.52449505107506,314.39414885386765,9.610121516398102,1.8787204346401214,9.99638977284286,中,True,False,False
941,0.5787019065811592,0.5053617168156931,0.0734342963653308,0.9552656104380244,中性附近,1618.6637317880852,409.9432715663799,230.201516853901,-0.21444603079712388,0.10200086549378956,2.297132063973994,0.34978535369410313,0.033431843926755106,0.18800031054277566,0.17253152226094812,99.7825447909995,100.33864316679866,98.1842614136393,95.87540949277493,110.88734495092812,95.87540949277493,100.06526320362079,0.6869083892252092,396.5050708429917,7.271329290041416,1.8003331399390763,0.5633782540420071,低,False,False,False
942,0.4634709779256646,0.45792915993646865,0.0734342963653308,0.9552656104380244,中性附近,1536.8837152345343,486.9759912738482,275.9890931876816,-0.25253426722446237,0.10624406751605024,2.226121996252638,0.3262078037971474,0.03129021918020881,0.20791221501444515,0.18970865153783967,99.68834659503224,100.08933277295303,97.61301244023113,94.63412347343414,107.58310919241026,94.63412347343414,98.81148052452934,0.0,270.09632109080667,7.08428250623835,1.678980304579429,0.0,低,False,False,False
943,0.5067907640595464,0.5982893633785694,0.0734342963653308,0.9552656104380244,中性附近,1580.1337879614703,489.89539405671826,258.612949048261,-0.19706457335774344,0.1050932924115185,2.226980962778293,0.34194472644649687,0.023674562334316748,0.20042655597051037,0.1832511008146858,98.71663260620925,99.1779081530293,97.1155966345313,94.77508526836286,108.84194704688034,94.77508526836286,98.3917463922436,3.7771115921950695,473.8363119948444,6.791918424623852,1.759977702175037,0.0,低,False,False,False
944,0.8617198240209052,0.7674783481396819,0.0734342963653308,0.9552656104380244,高压尾部,1792.0395633474197,293.48819569873353,165.93520503570372,-0.12750990036914678,0.05214744250165496,2.7967915737916202,0.36,0.02518304477282073,0.13909481440918756,0.1303428892935497,117.04638090890745,109.95015692316001,107.32222283975631,104.3032943780617,127.0937555462564,104.3032943780617,111.85827389906822,195.64033540215132,281.9433204226743,10.7121441816952,1.8787204346401214,16.769788849370286,高,True,False,False
945,0.7968048560947313,0.8066565723810472,0.0734342963653308,0.9552656104380244,高压尾部,1736.9738400048855,274.9684341860136,238.57136085375416,-0.14946253009829835,0.04382042056617477,2.6076662602423353,0.36,0.025442119781161007,0.15031212086683043,0.14001956906245816,111.73105207933935,107.11216496292451,104.76480242025687,101.96234697242801,122.53197048646736,101.96234697242801,108.4913817492238,150.70302427730894,264.1520663591132,10.201804924420127,1.8787204346401214,12.208003789581241,中,True,False,False
946,0.24003011715632402,0.1800586473714007,0.0734342963653308,0.9552656104380244,缓和路径,1474.7049071543279,592.8230211583052,325.5929314289235,-0.2704021610072223,0.13323343891884923,1.7433456856045508,0.2599942937730234,0.03292705968422895,0.24652279575538716,0.2230163111736442,93.96290770986846,93.73027372803173,91.37374498745125,88.88725216431365,101.00006751121556,88.88725216431365,92.43003159978225,0.0,265.49448792680596,4.956193914978648,1.2962366728879067,0.0,低,False,False,False
947,0.6289275964336672,0.6059092070502485,0.0734342963653308,0.9552656104380244,中性附近,1649.2531033325754,385.5825902769164,223.73620021014372,-0.19921123924384276,0.0722227402016105,2.652647336219033,0.35555246483192215,0.021554418395115942,0.17932131133626228,0.16504452916209963,104.21226628997258,104.12249299960929,101.9927993768728,99.31717914437483,115.52631958042305,99.31717914437483,104.28868371493321,33.14229279124811,372.942948153296,8.29303319335285,1.8300162618693538,5.202352883536932,低,False,False,False
948,0.6951124951638836,0.6678954262848177,0.0734342963653308,0.9552656104380244,高压尾部,1668.1648219869785,323.7344970719456,227.08606538232527,-0.19921393207054072,0.05986980776785611,2.3306909309280663,0.36,0.0324541484681614,0.1678845608356809,0.15517854461323094,103.77439540570421,103.32594021966625,101.34063932280566,98.8094743182147,115.73586902028269,98.8094743182147,103.89404232843906,76.79205793243273,310.99983024026864,9.419958751213526,1.8787204346401214,5.411902323396575,低,False,False,False
949,0.3177772749565734,0.2790067455002058,0.0734342963653308,0.9552656104380244,缓和路径,1545.3057914405156,540.4626422784155,276.9212950086538,-0.2764982414957789,0.1173496362962152,1.9797848499192434,0.2899673665866637,0.021262907997731544,0.2330880868875041,0.2114267753083347,97.25302845022333,97.19529961488153,94.63642983913039,91.81769381925905,102.6110362575514,91.81769381925905,95.65928454468649,0.0,308.74151660084135,5.9943222999196,1.4456714763074707,0.0,低,False,False,False
950,0.35604186655013054,0.36132491777285286,0.0734342963653308,0.9552656104380244,中性附近,1515.2732700812144,538.3970288522581,304.009703915411,-0.24504790139667104,0.12748608091322308,2.060071100527066,0.29317276071454557,0.029672981960784533,0.22647596546013743,0.20572278728880705,97.71739100824328,97.71930915508615,95.20906337235418,92.38754569763191,103.55966192387787,92.38754569763191,96.2032051209872,0.0,336.1020212684525,5.931595489780233,1.5089500782911809,0.0,低,False,False,False
951,0.7326331548233691,0.7117911336229191,0.0734342963653308,0.9552656104380244,高压尾部,1649.9970897844748,370.0017601542347,207.17235801533255,-0.16747362935945762,0.08568818770615907,2.5886271023769396,0.36,0.024725713374788526,0.16140099084652182,0.14958545229812792,106.23225799445217,104.16090943684262,102.14356272440948,99.57973289831936,117.43366391788238,99.57973289831936,105.06282264406897,75.97323002329358,355.44708901070476,8.878910235135244,1.8787204346401214,7.109697220996267,低,False,False,False
952,0.7677190891777058,0.6887436467473255,0.0734342963653308,0.9552656104380244,高压尾部,1700.4512544714646,272.8063288257674,191.28281940449284,-0.15618717595033896,0.061030093576078505,2.6021141145509294,0.36,0.023867565322041394,0.15533814139009242,0.1443552971892787,110.11993973748481,106.62124638140497,104.32238244824408,101.53886462015403,120.94761018514195,101.53886462015403,107.72889093451593,137.15404496668998,262.075011222636,10.13936453871314,1.8787204346401214,10.623643488255837,中,True,False,False
953,0.3880505674046909,0.31362169282570085,0.0734342963653308,0.9552656104380244,中性附近,1502.387595828574,516.2685689108555,280.1233025379704,-0.2676308062479644,0.10822830947525011,1.960602533093333,0.3285403709341972,0.02334003948942859,0.2209448619524694,0.20095134615768576,99.10036874348447,98.92945753117685,96.16778189642842,93.1223484523227,105.04460470263386,93.1223484523227,97.39083077582536,0.0,306.3575923104181,7.203208493516641,1.6909859471073774,0.0,低,False,False,False
954,0.566235580639494,0.4799589078658932,0.0734342963653308,0.9552656104380244,中性附近,1614.503579529817,427.89940552946086,217.11559531380388,-0.18987209111518666,0.09922507587122757,2.441894932372467,0.3586326527711346,0.030542065219372305,0.19015449166549542,0.1743898401171554,102.12486678670399,102.23599794475572,100.18139524082378,97.60287084075456,111.44960308435655,97.60287084075456,101.90103209029698,33.541180765165336,413.87259133404285,8.042941094485252,1.8458698828561675,1.1256363874704363,低,False,False,False
955,0.6614392836705335,0.6014235906384033,0.0734342963653308,0.9552656104380244,高压尾部,1702.4308191262803,397.4243888971403,216.8991706605138,-0.1834248336348629,0.08695184939491454,2.464474794177324,0.3422173761876769,0.0274636766264194,0.1737032917817318,0.16019810935802833,103.4554566310844,103.36051993810894,101.37803379359659,98.83198671060987,114.53947911762896,98.83198671060987,103.65887053463025,68.1934134248404,381.79100033594796,8.331787712306706,1.7859188270353175,4.21551242074284,低,False,False,False
956,0.3255025557780779,0.36887230778972263,0.0734342963653308,0.9552656104380244,缓和路径,1542.2608681471283,521.9527287655886,277.657218526534,-0.25812802850562966,0.10474779811449465,1.8354135870395711,0.29150360110807283,0.03206594616112924,0.2317531583615481,0.21027519084295215,95.26344189877467,95.44597986870109,93.1227322613249,90.5086906090841,101.87982206573881,90.5086906090841,93.96655131294038,0.0,338.05517492989566,5.559786252430815,1.4533305810359203,0.0,低,False,False,False
957,0.3403278912528997,0.29736941170283077,0.0734342963653308,0.9552656104380244,中性附近,1562.3250691532178,532.8446190258659,264.02745085413346,-0.27952283737318945,0.11392243142717547,1.9530568658203198,0.2635518533793936,0.022739452490268607,0.2291913403914989,0.20806522250376047,96.25858672260897,96.53059315205478,94.24892867252571,91.60385964964648,102.36995319344847,91.60385964964648,95.02430172521655,0.0,348.5981469327544,5.5502671170636635,1.3564922908299737,0.0,低,False,False,False
958,0.25503206951740437,0.3211696227643156,0.0734342963653308,0.9552656104380244,缓和路径,1579.9418042159593,595.5646379063276,332.5999075658395,-0.30262233528942395,0.13175520422344508,1.972351172278053,0.2699324268522538,0.024541788655433716,0.24393045838739252,0.22078001508440187,97.76918341194751,97.44422337663198,94.84369361394471,91.88659797229954,102.80294166390244,91.88659797229954,96.03909525507073,0.0,209.1906628722336,5.840490233885394,1.3457845778453332,0.0,低,False,False,False
959,0.11471163311330733,0.17021943673204695,0.0734342963653308,0.9552656104380244,缓和路径,1500.3733291099513,657.6233021721046,343.54709708840414,-0.35,0.15615908197045475,1.829481292689426,0.25836752147220593,0.023162387234378416,0.2681778297980205,0.24169716210756856,96.61435676945841,95.43353737327239,93.05401866810243,90.74844766339764,102.86888582982733,90.74844766339764,94.59499591738489,0.0,50.0,6.037711458852611,1.2881261798299368,0.0,低,False,False,False
960,0.4781617257048605,0.4333733165910505,0.0734342963653308,0.9552656104380244,中性附近,1600.0971565204413,467.3356723015974,239.76867344035148,-0.23257033919146633,0.1175090689268542,2.3187832182122543,0.31730502886999773,0.02421801824061144,0.20537365379820008,0.18751874578317992,99.91006871997922,100.39947593954301,98.01713100920527,95.0898047369233,108.91462881303313,95.0898047369233,99.28017563822938,0.0,436.2502434218004,6.471141110305734,1.633158029376954,0.0,低,False,False,False
961,0.06274193611310319,0.09387506112577017,0.0734342963653308,0.9552656104380244,缓和路径,1455.8199895041687,624.4916116779826,337.54041279807495,-0.35,0.17,1.6971013997937703,0.22338522617477274,0.02884261627558395,0.27715819343965575,0.24944412912648636,93.91967974033658,92.77174320433494,90.65001737662239,88.51789276279028,101.80944502159602,88.51789276279028,92.10599594419271,0.0,61.630226037843386,4.972381657110925,1.113717221047504,0.0,低,False,False,False
962,0.7781261753691295,0.8134544532359502,0.0734342963653308,0.9552656104380244,高压尾部,1720.803840898884,307.9593794269514,179.0640763588682,-0.1469071877487972,0.08940272011996353,2.7095014334969623,0.36,0.025628656888526648,0.15353979689621441,0.14280394403269445,112.0603638215639,107.89328360152797,105.46788530703424,102.58896766575516,122.70524114553182,102.58896766575516,109.09994115177267,151.6622243889342,295.84525464209514,10.29382391354694,1.8787204346401214,12.381274448645698,中,True,False,False
963,0.6599150281316188,0.681670577245398,0.0734342963653308,0.9552656104380244,中性附近,1666.2899699881323,353.4601079782258,251.3924229950798,-0.17153023357112904,0.0778358220189605,2.178158995592817,0.36,0.035556884852874414,0.17396668313885627,0.1604253255642019,101.00408628392613,101.20766189572564,99.43413012216169,97.0788666915482,112.3130875886835,97.0788666915482,101.51610639468484,89.30215158354258,341.87346121958336,8.820700246771237,1.8529075718386598,1.9891208917973842,低,False,False,False
964,0.5624167798111431,0.5480660327966704,0.0734342963653308,0.9552656104380244,中性附近,1627.9496303296103,453.94573390694546,204.76802790236883,-0.1817326033197028,0.11531075886950423,2.4292675478270946,0.3422928817903364,0.02983316894057213,0.19081438044863444,0.17495909731465134,101.42583272294767,101.56948552916869,99.57802768247363,97.06282563449219,110.48222627951951,97.06282563449219,101.13193847861687,38.09429539113626,439.0651045299622,7.514330203722968,1.7617696457105267,0.15825958263339146,低,False,False,False
965,0.6839463733679806,0.5570357515406995,0.0734342963653308,0.9552656104380244,高压尾部,1691.5311941458922,362.8989377496951,196.0676162629448,-0.1621766477006402,0.06393685800546026,2.719265991509464,0.36,0.02623832486699629,0.16981406668201296,0.15684304493313353,107.96190736766118,107.07808294430481,104.68463183819473,101.78579343850049,119.45345540848949,101.78579343850049,107.55409330314643,104.70566158260408,348.6236686399443,9.56355574791293,1.8787204346401214,9.129488711603372,中,False,False,False
966,0.30535468892437334,0.3755512015078588,0.0734342963653308,0.9552656104380244,缓和路径,1531.5194629227992,561.241492160914,288.07524260146107,-0.2664556113529912,0.1149489958208186,1.9828908884094225,0.3102355879621691,0.030898953203208755,0.23523470975386826,0.2132785729872926,98.44010271908331,97.97345601432521,95.17448136651703,92.20750592726182,103.02939490993091,92.20750592726182,96.47375474018257,0.0,273.7605056415505,6.373971494647885,1.5467214319040987,0.0,低,False,False,False
967,0.15449872667086523,0.221395604623597,0.0734342963653308,0.9552656104380244,缓和路径,1432.1797296782308,602.3181270660264,309.334786746093,-0.32201021865347684,0.13386969972227422,1.8038647352617219,0.24175456044400878,0.02759702460226921,0.26130262003127447,0.23576621928202565,94.21166420843629,93.68797915402305,91.6941049552884,89.32003900818465,101.34502414720446,89.32003900818465,92.73461691471975,0.0,91.99172607978653,5.307561510095192,1.2053000184650022,0.0,低,False,False,False
968,0.22757944899580548,0.23245206128933987,0.0734342963653308,0.9552656104380244,缓和路径,1505.13402806495,615.0541930316027,305.81842328394976,-0.3126429414595008,0.12868958465605224,1.7799981275138472,0.2920685583113199,0.025783352573129317,0.24867427121352476,0.22487229497133016,96.46228052555041,95.98343821136328,93.8225194906463,91.04484381460125,102.30848523873911,91.04484381460125,94.85855578456253,0.0,120.04467921275682,6.474512975763592,1.456147251489851,0.0,低,False,False,False
969,0.30480600501454913,0.3196229784367481,0.0734342963653308,0.9552656104380244,缓和路径,1484.9021887350993,533.241016665726,298.4080401510841,-0.2776714963630757,0.11804516711587244,1.9673650208706086,0.2569968415008506,0.030064105659610256,0.2353295223334859,0.21336036365374972,94.54083419632481,95.00414898791239,92.83920879655246,90.3293188523355,100.91470146061148,90.3293188523355,93.46117561350675,0.0,202.32002351052688,5.204630282328143,1.2812924696746872,0.0,低,False,False,False
970,0.5814238834847021,0.748322433627461,0.0734342963653308,0.9552656104380244,中性附近,1668.5629009672916,394.4584113984257,182.7656580764508,-0.2419796799628912,0.09205440203278081,2.284916653777731,0.36,0.02402555583324052,0.18752995293384345,0.1721257653195921,101.6618120493981,102.0232723143085,99.97520035580855,97.45488944379235,112.99235805152232,97.45488944379235,101.97399416954126,12.740839546735515,381.5278142230003,8.437022755286995,1.8529075718386598,2.6683913546361993,低,False,False,False
971,0.11826074449467261,0.2679861022919989,0.0734342963653308,0.9552656104380244,缓和路径,1491.4388235949486,638.535214690883,356.9444016979986,-0.32648026153093423,0.16011668330597045,1.7947507702561691,0.220369232201477,0.02416753983331724,0.2675645433513205,0.24116810670788447,94.15031568385906,93.36620347981301,91.3136485415967,88.98748535142784,101.57374468448036,88.98748535142784,92.5246584115429,0.0,93.19739284769094,4.704779827712166,1.0986805756786338,0.0,低,False,False,False
972,0.25446333811388666,0.22258854257935623,0.0734342963653308,0.9552656104380244,缓和路径,1517.6916162572202,565.5100463164699,294.75266199864075,-0.28634509838143624,0.11615286100112028,1.8776413422226879,0.26092874121309956,0.02165384828080055,0.24402873517392035,0.220864794170677,95.74981391964072,95.57570356087831,93.00540921329926,90.31667560874902,101.793138755725,90.31667560874902,94.14365405095647,0.0,234.07212280635758,5.316265972010644,1.3008954868300715,0.0,低,False,False,False
973,0.7268004639961909,0.7716791307291262,0.0734342963653308,0.9552656104380244,高压尾部,1694.632138063747,295.6115000763507,221.6120673569801,-0.1534830992740168,0.06918547278805488,2.85779215258041,0.36,0.024984570092114366,0.1624088798214582,0.1504549140436816,110.60605148497842,108.50282101311745,105.94968341919846,102.93465520512977,122.00081649595046,102.93465520512977,109.21809461927538,118.60318645085681,283.9831008815378,9.804385146324186,1.8787204346401214,11.676849799064343,中,True,False,False
974,0.8341433807400029,0.8657186099231825,0.0734342963653308,0.9552656104380244,高压尾部,1766.0942214666713,265.40819387817646,201.10751916301163,-0.14514057887180745,0.06444070050261887,2.845224090645016,0.36,0.024580273698614402,0.14386002380812749,0.13445362706820652,115.51949287549213,109.34243294977514,106.79739583096256,103.80817081615996,125.89946470712826,103.80817081615996,111.03146309387968,152.0775036943578,254.96789494801772,10.196922511383915,1.8787204346401214,15.575498010242143,高,True,False,False
975,0.4404132261983439,0.44087240358015617,0.0734342963653308,0.9552656104380244,中性附近,1545.7420500337396,526.0773239694048,256.18004326480786,-0.23750907010466782,0.10709142720424053,2.00898322104874,0.3301656951450827,0.024199474203198557,0.21189659451292617,0.19314580150162045,97.78462181494324,98.22816989638554,95.8602303184161,93.03530280181408,106.65316177655339,93.03530280181408,96.90645208104318,0.0,397.15442526631887,6.598660121727076,1.6993514347102734,0.0,低,False,False,False
976,0.5961598908472212,0.6779774669799198,0.0734342963653308,0.9552656104380244,中性附近,1644.417626642489,407.2790823202173,231.68839565240418,-0.1871862253963947,0.06649692147905421,2.349262535861682,0.32601711230731234,0.025080221381775365,0.18498357086160017,0.16992911285445425,99.77457333560453,100.30721403216528,98.61925120104333,96.3096991208252,110.35690144894883,96.3096991208252,100.1566217491646,47.01509964415891,393.92821541186703,7.315367326632783,1.6779988220644273,0.032934752062715233,低,False,False,False
977,0.6547670598056495,0.6262491570545788,0.0734342963653308,0.9552656104380244,中性附近,1666.0970019095412,436.9498763128107,231.73080275251885,-0.16443938507087744,0.09367605060396947,2.7275557390726366,0.3463961687581943,0.030593289815820802,0.17485625206558375,0.161192717778083,104.04062863562646,104.04248206881819,102.00446477927451,99.36568601624602,115.00898999624273,99.36568601624602,104.27495279976694,50.511991976136414,422.6263819387839,7.7168322276829695,1.7828891220776677,4.685023299356615,低,False,False,False
978,0.6007812615907037,0.5459894525902693,0.0734342963653308,0.9552656104380244,中性附近,1655.158170610573,424.7366391575233,258.0891037263743,-0.15292104284201274,0.09446203332616668,2.2266688472775678,0.32614967002872275,0.021968433077967323,0.1841849979971264,0.16924021896438962,98.96952736303294,99.55236000400564,97.92850561661606,95.68896646102851,109.80590496240795,95.68896646102851,99.40713423809407,79.80846630527594,410.81350245188304,7.33446667989943,1.6786810920802802,0.0,低,False,False,False
979,0.4770109513069376,0.344689594038241,0.0734342963653308,0.9552656104380244,中性附近,1600.0228974856018,456.5975819403708,283.9793839092102,-0.23310211825385155,0.10353362266598387,2.294198848362107,0.33074762717435824,0.021772089657255068,0.20557250761416118,0.18769028827469933,100.89205833362583,101.00308671251544,98.41116802711022,95.36232075379293,108.89005374752388,95.36232075379293,99.84200066300754,0.0,378.33688749372595,6.799782928184632,1.7023466187751068,0.0,低,False,False,False
980,0.6927531630728901,0.7322764064169751,0.0734342963653308,0.9552656104380244,高压尾部,1697.2146896377594,341.180842141704,185.5198923762318,-0.1859106328072494,0.07279673430788791,2.6493610686089517,0.36,0.024966476904430858,0.1682922534210046,0.15553024317894568,107.48153473665317,106.63250058745895,104.27560213934161,101.41406416221186,118.91892071477781,101.41406416221186,107.10854051027627,87.54703894168051,327.7598925879096,9.629477922053715,1.8787204346401214,8.594954017891695,中,False,False,False
981,0.11723750771666054,0.22065775376548377,0.0734342963653308,0.9552656104380244,缓和路径,1446.3529574291972,656.6324752874883,359.2151828879122,-0.31664010177372603,0.1381625546935242,1.8131694470051527,0.20430016049658173,0.02384639640416002,0.267741358666561,0.24132063754853517,93.1168879487518,92.513854993342,90.59256675756994,88.2286424958901,101.01198480873617,88.2286424958901,91.64219502393715,0.0,119.87015835619422,4.235478144445358,1.0185660480062118,0.0,低,False,False,False
982,0.6864520968905958,0.5170867803462931,0.0734342963653308,0.9552656104380244,高压尾部,1681.9552274827638,337.68864177493526,235.39710454721578,-0.15707128426802758,0.07375251207465247,2.4950507708994105,0.356107429634302,0.028937044544162533,0.169381077657305,0.1564695242353286,105.23156615991104,104.66606237703076,102.54887860262436,99.89142177692062,116.71723740783494,99.89142177692062,105.16772856025874,108.15693244676913,324.4050640754922,9.254433281329721,1.858406402725368,6.393270710948826,低,False,False,False
983,0.3402040396018528,0.29646331354598304,0.0734342963653308,0.9552656104380244,中性附近,1531.3817548607121,500.8166661396087,282.624018455403,-0.2999509903892924,0.1335115549002459,1.9391935056468736,0.30356447569100803,0.029548678860887762,0.22921274195679983,0.20808368469829464,98.21173516618211,98.27190644243073,96.07486137386134,93.00245338108235,102.83764906654628,93.00245338108235,96.84134401136097,0.0,160.62808310756554,7.052231929263351,1.5624358765252822,0.0,低,False,False,False
984,0.425238095935493,0.38945949386909595,0.0734342963653308,0.9552656104380244,中性附近,1503.4344113755099,451.7634598468078,287.0311612224433,-0.2768617500184022,0.08489957729225957,2.1960832237120953,0.3272119631525125,0.029382530010022865,0.2145188570223468,0.19540791270179977,100.29470206328175,100.5205581368079,98.09235846031639,94.89137445110892,106.48635728367297,94.89137445110892,99.08358048223398,0.0,171.5170627850821,7.691345074094468,1.6841486781152308,0.0,低,False,False,False
985,0.40493194644980157,0.33891316839124946,0.0734342963653308,0.9552656104380244,中性附近,1572.7676612839637,447.1250949177529,253.04025789158462,-0.22535087544788865,0.1211785606220015,2.1292122966890674,0.3257527548457295,0.024877052942430034,0.21802775965347426,0.19843488956384012,99.2801141325312,99.35676446365657,96.76632238042038,93.80100925096026,106.75045566940277,93.80100925096026,97.91700213472623,0.0,421.48254663679836,6.375815445850058,1.6766381833359858,0.0,低,False,False,False
986,0.26603729484560956,0.2837427340994057,0.0734342963653308,0.9552656104380244,缓和路径,1453.4812337087994,567.088136116439,257.3649536381098,-0.28368787871101914,0.11110394750722215,1.985892014389843,0.2773503008104741,0.02704015742149644,0.24202875545067867,0.219139499118857,96.86884119276438,96.72793984993682,94.0100948178155,91.12688798511799,102.25485069130545,91.12688798511799,95.19538943091054,0.0,221.49427143551475,5.91612626811268,1.3827673905062121,0.0,低,False,False,False
987,0.4043058414539298,0.4397204910536146,0.0734342963653308,0.9552656104380244,中性附近,1580.29423642278,509.42215419346354,278.3345193249006,-0.2388017026224402,0.1170894445833396,2.0636354247409785,0.3348242731269734,0.02409571377167171,0.2181359505967609,0.19852822115962332,100.05855669745564,99.80577411290506,97.02440737903406,93.94841467588931,106.35765223030734,93.94841467588931,98.34862022825686,0.0,371.3949891842385,6.792212729351245,1.7233289747565124,0.0,低,False,False,False
988,0.7958707060471106,0.6337630629543828,0.0734342963653308,0.9552656104380244,高压尾部,1758.044301543462,294.3211055024281,175.77426481345466,-0.13553240586977416,0.07009991917196018,2.5307655434730885,0.36,0.024560778730108278,0.15047354199505927,0.14015882001113328,111.81586380272877,107.23393558991368,104.87652004844362,102.06919288554542,122.46137866894972,102.06919288554542,108.58153982306285,182.86590835288553,282.74346625173274,10.55631633765846,1.8787204346401214,12.137411972063603,中,True,False,False
989,0.32369907288062005,0.27462400919538127,0.0734342963653308,0.9552656104380244,缓和路径,1452.7537426417198,562.8419594808622,294.41821003244985,-0.26776228500836335,0.12782863948666862,2.0730667872218977,0.2909215317868453,0.029041000171387645,0.23206480020622883,0.21054403063483573,96.95059932551091,97.14146944724253,94.56882793685814,91.73430047557848,102.10771096815941,91.73430047557848,95.50648808635853,0.0,216.36202083128592,6.098238608937468,1.4504285958062109,0.0,低,False,False,False
990,0.8793230785035955,0.8418281817838532,0.0734342963653308,0.9552656104380244,高压尾部,1724.5685285731738,273.09092344824836,191.34484914182838,-0.1284142691388936,0.04596123509453346,2.940665095230706,0.36,0.02589097872316912,0.13605297203457867,0.12771882489112527,117.57333742612444,110.00040658419192,107.34000490101201,104.32240731464314,127.70733200968421,104.32240731464314,112.06235566857538,176.98116606711665,262.348410814213,10.590796286927754,1.8787204346401214,17.38336531279809,高,True,False,False
991,0.23607979721728403,0.28142873485981945,0.0734342963653308,0.9552656104380244,缓和路径,1496.279405866318,591.9985655422339,305.99796302975005,-0.2965214304315556,0.12430177023138304,2.12825487926427,0.23198463323144014,0.025508298375864925,0.2472054110408533,0.22360517353090972,95.9228826603392,95.86699952778534,93.81101982656185,91.10130326385023,101.87934372762133,91.10130326385023,94.60687636173476,0.0,157.9442953551552,4.996662435073897,1.1565907265778776,0.0,低,False,False,False
992,0.3786123035179783,0.4160364582115454,0.0734342963653308,0.9552656104380244,中性附近,1560.8807563820565,533.276360569954,252.90446755426802,-0.2508020126292231,0.11906980580392139,2.209343933013092,0.28573202585785373,0.02795607515394962,0.22257579395209334,0.2023582798761163,98.77813467851522,98.91097509059601,96.43936171417333,93.57459443966124,105.18811072311941,93.57459443966124,97.40888721349128,0.0,383.7523427839533,5.954994358581289,1.4706528728578245,0.0,低,False,False,False
993,0.6948546837349227,0.604114465231122,0.0734342963653308,0.9552656104380244,高压尾部,1705.5320008373678,343.1787909029739,182.58729972804574,-0.16773724396336553,0.06982734708190663,2.447556105729303,0.36,0.024909692406464186,0.16792911065060534,0.1552169757904851,105.264439206194,104.63037014131122,102.48281580005552,99.8109282661211,116.89997183370393,99.8109282661211,105.1587870149101,98.78882974532098,329.6792485144595,9.269640722015815,1.8787204346401214,6.5760051368178125,低,False,False,False
994,0.7584921290117427,0.7525826973791231,0.0734342963653308,0.9552656104380244,高压尾部,1725.669788854684,292.4757797581544,226.34917586679964,-0.16534388460014415,0.07544976032066966,2.5670558167905235,0.36,0.027910313682829035,0.15693256010677087,0.14573073249517063,109.08642746303646,105.80636478252057,103.64354629761323,100.94716293139945,120.32445697931215,100.94716293139945,106.94291602678115,111.45328355133097,280.97072964689823,9.573795894914843,1.8787204346401214,10.000490282426028,中,True,False,False
995,0.47922678980205,0.3869117935442587,0.0734342963653308,0.9552656104380244,中性附近,1599.8330654314414,446.78106718426915,240.27314016841268,-0.2431487674992224,0.09450132006701412,2.307564548468986,0.33767386603926,0.024201109385208863,0.20518961072220573,0.1873599798693835,101.51895942343634,101.6786338836703,99.01502737174317,95.87525313817454,109.4385866119011,95.87525313817454,100.54198742317367,0.0,366.98231182170275,7.213086394618618,1.7379957311004948,0.0,低,False,False,False
996,0.5926159421524616,0.6586867816340708,0.0734342963653308,0.9552656104380244,中性附近,1655.949359152103,404.96040040457194,247.43365218080095,-0.18735804540661682,0.07457537391495739,2.2460627833032567,0.3489337958551317,0.02427041194261737,0.18559596519605462,0.17045739866791457,100.22977645352903,100.50982433792275,98.68662295741696,96.31268861049098,110.46736361280551,96.31268861049098,100.30972656562413,44.28248537388936,391.6855413615955,7.7363008342669035,1.7959502011399406,0.1433969159193964,低,False,False,False
997,0.4075839072212177,0.4292507024941011,0.0734342963653308,0.9552656104380244,中性附近,1589.650073769438,508.58618495934616,264.17398110939865,-0.24182508646937906,0.10596006739553007,2.016827048215295,0.28872349076335985,0.027702361456502643,0.21756950083217355,0.19803956971751616,96.42125500226607,97.0859322134277,94.93702190759109,92.29892376893942,105.10511512918069,92.29892376893942,95.64160432843921,0.0,416.7029702811633,5.628346397283989,1.486049839453108,0.0,低,False,False,False
998,0.36491371495762875,0.45020071188348304,0.0734342963653308,0.9552656104380244,中性附近,1533.5395122804098,578.1239820540522,259.90326899551286,-0.23667017031641507,0.1276085083707995,2.1599110375481083,0.31406004664993037,0.02876161570086267,0.22494291005532174,0.20440028742875485,99.79103579105573,99.52694281427027,96.75097681917055,93.7024219117049,104.63073502559267,93.7024219117049,97.95858431092519,0.0,276.99849001027906,6.404392661328817,1.6164562179157185,0.0,低,False,False,False
999,0.06440072118426975,0.05736355303395488,0.0734342963653308,0.9552656104380244,缓和路径,1400.0,700.0,364.60449868079695,-0.3444560808334162,0.14116990959043202,1.898008331841205,0.22140494416501347,0.030595642968911384,0.2768715553793582,0.2491968590060208,94.16487186206523,93.03259331382085,90.90353850978055,88.82518052513355,101.89900562448656,88.82518052513355,92.35647467377643,0.0,50.0,4.677198072171008,1.1038442575818095,0.0,低,False,False,False
1000,0.046170928480462836,0.14710951823497462,0.0734342963653308,0.9552656104380244,缓和路径,1433.0072802474308,686.0060641015333,323.1039953983702,-0.3324013428295898,0.13884664499114704,1.65,0.24123424190672374,0.02622036676379016,0.28,0.2519143195838176,94.15293822350938,92.77957172288357,90.56323807425836,88.46488342386547,102.07154685254571,88.46488342386547,92.17649986437047,0.0,50.0,5.2297298891000334,1.2027059001102314,0.0,低,False,False,False
1001,0.28294558047145335,0.17154597064537483,0.0734342963653308,0.9552656104380244,缓和路径,1505.646837340861,549.4370075258115,262.53094079889706,-0.2538738784145059,0.11758009685027902,2.033460143253523,0.2658947322212519,0.01822873740605375,0.23910700369453283,0.21661903164163962,96.24838163930943,96.05412349193973,93.59196943765164,90.92445872054176,102.15445378443025,90.92445872054176,94.65189493882897,0.0,276.55341514063366,5.154192022731683,1.3256541058312181,0.0,低,False,False,False
1002,0.8502846353913397,0.917126015491646,0.0734342963653308,0.9552656104380244,高压尾部,1780.9351114904455,293.4291932980731,206.60476948517731,-0.1419657959301466,0.05302258968370755,2.8716596992059733,0.36,0.02862172771001243,0.1410708150043765,0.1320474986001616,116.31024304077981,109.65786093062606,107.06400740248512,104.06163252371071,126.43358038861787,104.06163252371071,111.44858446535284,154.06482821730242,281.8866389854004,10.132971094757247,1.8787204346401214,16.109613691731752,高,True,False,False
1003,0.5722145006035046,0.5021540877256878,0.0734342963653308,0.9552656104380244,中性附近,1641.35397086957,426.0562163366508,255.91223339505098,-0.19851017276514935,0.08609105793157683,2.5256927427039004,0.36,0.01967493542410913,0.1891213342957144,0.17349858043230948,102.89741299324227,102.91914971309677,100.81017934554218,98.14394678708462,112.81251255281448,98.14394678708462,102.70685518423376,15.775005591121953,412.08982305325196,7.816268152031063,1.8529075718386598,2.488545855928365,低,False,False,False
1004,0.5723058189345959,0.6896113354656982,0.0734342963653308,0.9552656104380244,中性附近,1643.5415445010642,453.43364385533465,270.3699062441133,-0.19924840341348593,0.08638880737078537,2.581227994979882,0.36,0.019812409494272386,0.18910555448810182,0.17348496788230394,103.29864634959223,103.33774030681093,100.76221238488246,97.94935969013267,113.35272770187156,97.94935969013267,102.96369106586577,0.0,438.5698011153797,7.283772991699197,1.8529075718386598,3.0287610049854408,低,False,False,False
1005,0.375068652362025,0.4730457066447453,0.0734342963653308,0.9552656104380244,中性附近,1528.4419865810041,494.01580886482316,292.81904851470097,-0.2605160051257538,0.11741796002081475,2.2531189305272696,0.2894875344737427,0.022082621122886406,0.22318813687184208,0.20288652133635826,99.44907432153705,99.49321261695364,96.91147387840402,93.9543036262567,105.07677522520892,93.9543036262567,97.93961026102585,0.0,287.88013402707656,6.318203673472365,1.4899823460536192,0.0,低,False,False,False
1006,0.9034300939996338,0.8577635386955098,0.0734342963653308,0.9552656104380244,高压尾部,1748.0269574530816,277.37380237017754,213.00034862123792,-0.12824170959978337,0.04480354020577662,2.8576722261267484,0.36,0.026676990059317077,0.13188727975686326,0.12412526432117206,117.46492454333702,109.58196669064806,106.94957975155991,103.96603427986254,127.54733963038345,103.96603427986254,111.76722261547926,179.18951609600663,266.46281514772335,10.508798452550183,1.8787204346401214,17.22337293349733,高,True,False,False
1007,0.3342279228141788,0.3889962610271501,0.0734342963653308,0.9552656104380244,中性附近,1511.639849460458,574.1371439004902,270.1123449626086,-0.2720425238242711,0.11842986558730259,2.0502008451299623,0.2841411625214774,0.029886168883399566,0.2302454149377099,0.208974526522043,98.17784004850449,98.13249641234023,95.47454074618581,92.55220325606953,102.62066621758564,92.55220325606953,96.50579168175865,0.0,240.97289548903427,6.1697034573007965,1.4624647541863467,0.0,低,False,False,False
1008,0.356498897743783,0.33028233220017045,0.0734342963653308,0.9552656104380244,中性附近,1534.6652330857278,569.0261817961916,271.26395524679594,-0.2661536060695451,0.1126895435052446,1.9090650890135126,0.31439011894366226,0.02277377665192438,0.22639699046987427,0.20565465901813754,98.38344544284676,98.18735149953768,95.4767357931371,92.51424449174311,103.45618794763831,92.51424449174311,96.61739532905459,0.0,263.8838034663422,6.6670126496739845,1.6181550886165794,0.0,低,False,False,False
1009,0.40608601574575326,0.3183957631548147,0.0734342963653308,0.9552656104380244,中性附近,1540.9388194560177,453.5552561148177,275.32329035727787,-0.24785460135010642,0.1272080558621459,2.16600522309507,0.27869434122419917,0.029049882710852393,0.21782833647913383,0.19826285591174383,97.07243189285235,97.71254043369426,95.51373060505128,92.81868736989524,105.17718294625747,92.81868736989524,96.23377392543013,0.0,363.8606521884194,5.691170262069765,1.4344301530080716,0.0,低,False,False,False
1010,0.393284584420893,0.4459930833275997,0.0734342963653308,0.9552656104380244,中性附近,1505.6662529240302,520.4263167214449,307.2508325486409,-0.2606815195128078,0.10289772521547509,2.053937225903251,0.2902826834300257,0.024291742859625744,0.22004042381206965,0.20017112692337286,96.88757758076244,97.39992201836702,95.11548236074488,92.38485317605097,104.1915842075793,92.38485317605097,95.85866273735743,0.0,272.9918872403796,6.12147225546378,1.4940749502809425,0.0,低,False,False,False
1011,0.3986468703630084,0.47256805113527744,0.0734342963653308,0.9552656104380244,中性附近,1549.5210416447724,506.1897108162134,299.0389123598119,-0.21602283708614187,0.11328572496273208,2.1832625499018294,0.3353203858918762,0.02681735117948422,0.21911382080127212,0.19937178702459663,100.1866555347283,99.93602848240428,97.18081727049199,94.12111193347313,106.25736456681923,94.12111193347313,98.48077214497263,0.0,329.21916888478336,6.5061845102422975,1.7258824500303296,0.0,低,False,False,False
1012,0.09534570872636677,0.25145565949449306,0.0734342963653308,0.9552656104380244,缓和路径,1453.3593605863175,700.0,303.94084781120284,-0.30623581837941233,0.15150878952235414,1.7200990083298058,0.20147167528999713,0.024521098247862673,0.2715242615320838,0.244583982431264,92.69739414857906,92.01658934202153,89.85113550679378,87.48452846966553,100.96852153843425,87.48452846966553,91.10877796659041,0.0,183.80763160751667,3.964449308838669,1.0044642529233678,0.0,低,False,False,False
1013,0.6842256426991036,0.561278014805839,0.0734342963653308,0.9552656104380244,高压尾部,1747.3462649784424,362.4743765126585,204.32083343449543,-0.2021371621031302,0.08766668234519612,2.6234780390286603,0.3257640177053708,0.026167375032028983,0.1697658089415949,0.15680141509069676,105.698670135258,105.26714474074397,103.18201111720536,100.49765711641972,117.03698086497884,100.49765711641972,105.72175064541752,79.15254997957709,348.21580826720304,8.580800832078037,1.7000542137042955,6.713014168092727,低,False,False,False
1014,0.7364862607977203,0.8224205742399873,0.0734342963653308,0.9552656104380244,高压尾部,1703.277634948652,308.14931686197474,198.46137098938178,-0.1493245068664244,0.07903905498214825,2.617438351000361,0.36,0.027474480092390008,0.16073517413415392,0.14901108133530364,109.27729328111764,106.7902808267656,104.44711860859105,101.6387100784397,120.62277419596055,101.6387100784397,107.67419706882451,140.26883582290066,296.0277205534602,10.05553321958068,1.8787204346401214,10.298807499074428,中,True,False,False
1015,0.44873403739625495,0.368704815164796,0.0734342963653308,0.9552656104380244,中性附近,1667.149043449076,497.46759452805117,255.89445038412572,-0.25930339043307365,0.10897689079432538,2.328374192202482,0.30232992539186004,0.027297303221977556,0.21045875833792713,0.19190544310736993,101.14636502983663,101.337459396491,98.79965439254774,95.76974262001494,108.3283579035545,95.76974262001494,100.05710557972466,0.0,367.4726928764994,6.542167051035932,1.5560816887555404,0.0,低,False,False,False
1016,0.4383447877603722,0.5308752141479671,0.0734342963653308,0.9552656104380244,中性附近,1525.631409611045,508.83925999121476,290.24077746822115,-0.22736032400196535,0.10744379397579867,2.2231196655438836,0.31356362204235483,0.029686583575482064,0.21225402067500768,0.19345413742206205,98.4755291604399,98.90324840435247,96.54093470403393,93.7004658501882,106.80360241719764,93.7004658501882,97.56644809755895,0.0,369.564894044046,6.258317702386817,1.6139011375984307,0.0,低,False,False,False
1017,0.8393858219804124,0.7188892496309854,0.0734342963653308,0.9552656104380244,高压尾部,1716.7702517744872,267.20691062466165,201.31210560245822,-0.1460805062225156,0.06445168432751988,2.930485722233185,0.36,0.025727242516522045,0.1429541299617847,0.13367215206003188,115.78730395187105,109.51385117157383,106.91412985168968,103.91646938545998,125.92234295673218,103.91646938545998,111.19168635909554,148.0920954665835,256.6958560021123,10.336781271715145,1.8787204346401214,15.598376259846063,高,True,False,False
1018,0.25425573347634967,0.29763891756928945,0.0734342963653308,0.9552656104380244,缓和路径,1472.4797832217964,615.323184255012,338.8594105676954,-0.2963907273045767,0.122456248588625,1.9147519456613191,0.29425347274293073,0.023102577369683637,0.24406460925528678,0.22089574117196448,96.81148672409637,96.53133851269685,94.42466316119305,91.5587212135397,102.36595994264046,91.5587212135397,95.31652838082995,0.0,127.49589345248387,6.493170194634069,1.4670404375374206,0.0,低,False,False,False
1019,0.5513146832770164,0.5265252148081443,0.0734342963653308,0.9552656104380244,中性附近,1649.29217689591,449.0720231538097,266.870499385784,-0.19827429235482724,0.09038994161166931,2.237082847388955,0.36,0.0231614385292579,0.19273282272973155,0.17661405358061502,100.81350830887119,100.9405554818201,98.92557351931795,96.40669425670666,110.3279140278368,96.40669425670666,100.4722004132035,24.145289096804845,434.3511571097337,7.740569937924425,1.8529075718386598,0.003947330950680339,低,False,False,False
1020,0.40797226591439173,0.4625275778712486,0.0734342963653308,0.9552656104380244,中性附近,1576.8210755837551,550.9488658192317,300.6132683020368,-0.24064351157206065,0.11295673852662566,1.9398138261127833,0.29043636577728404,0.023385920534598217,0.2175023924499931,0.1979816782507347,95.52612371947019,96.30970159298869,94.25158441765667,91.69192161307794,104.68752880812227,91.69192161307794,94.87384055899079,0.0,420.68073801688115,5.575264562893869,1.4948659480167563,0.0,低,False,False,False
1021,0.40072274001390734,0.3628730892032897,0.0734342963653308,0.9552656104380244,中性附近,1554.471403724259,506.3467154395023,261.66418793260664,-0.2333926760946986,0.11948004990124408,2.2438397843119198,0.29751041324898514,0.02353398568865492,0.21875511052559682,0.19906234335550957,99.14028293098642,99.23689616635423,96.72327163512166,93.82048650470031,105.69414309029553,93.82048650470031,97.76059120794817,0.0,341.17396017148167,5.987759844901375,1.5312758261385924,0.0,低,False,False,False
1022,0.33885794606502256,0.30739575081435033,0.0734342963653308,0.9552656104380244,中性附近,1517.9888907183104,532.2243938900018,283.56780899277135,-0.24324727582171599,0.11740253231794641,2.2240751498031894,0.251630549469536,0.027363625965024698,0.22944534691996407,0.2082843428286309,97.22706970737978,97.40191015778659,95.04093914103433,92.33214141904186,102.52630814922613,92.33214141904186,95.86163075614634,0.0,301.78959140649386,5.055046007730435,1.2951337511611827,0.0,低,False,False,False
1023,0.18432986861376183,0.35988211434425643,0.0734342963653308,0.9552656104380244,缓和路径,1467.540218901714,644.568283835769,332.2396770382215,-0.3320750062316333,0.13195796048247593,1.899883268915194,0.2791859531563307,0.027744542781409382,0.25614779870354193,0.23131938033340974,96.59584354219398,95.94737933606582,93.71420713044066,91.4139478187972,102.44004974690944,91.4139478187972,94.91353598976866,0.0,50.0,6.508243091581951,1.391919283245248,0.0,低,False,False,False
1024,0.19405788419299483,0.23345960508183333,0.0734342963653308,0.9552656104380244,缓和路径,1453.8951341192098,572.6674953818736,315.3878110287708,-0.3008723861880329,0.15084838332706738,1.917582613421186,0.20633975546094357,0.026323326055541017,0.2544667976114505,0.22986925419833645,93.76134703572534,93.54652391788868,91.1932383017657,88.77206695828548,100.92218549406218,88.77206695828548,92.28072297620416,0.0,231.28859848292632,4.21470022589146,1.0287347242193574,0.0,低,False,False,False
1025,0.1558380688457279,0.0994407908153098,0.0734342963653308,0.9552656104380244,缓和路径,1424.2733416228286,607.0811698557864,287.79084640565617,-0.289459354999515,0.14709571904059135,1.9185360995432574,0.23487678400948817,0.033071855416334256,0.26107118170345817,0.2355665675569893,94.59206217211228,94.06222823506953,92.0260400773376,89.35795019508119,101.48140553626504,89.35795019508119,93.03110866498254,0.0,138.46901433086714,4.840844665971066,1.171009934967505,0.0,低,False,False,False
1026,0.440112527393127,0.28843920089414365,0.0734342963653308,0.9552656104380244,中性附近,1562.4082293928993,488.2278854456913,253.1427722550901,-0.22879222190583637,0.10571765422884667,2.182249513080215,0.35897746241903905,0.02344179688062843,0.21194855526646764,0.19319062577155285,101.4750076723292,101.22332565005155,98.34396256785685,95.12947190430135,108.40343137437317,95.12947190430135,99.89660479236247,0.0,378.68586024581964,7.356152651002881,1.8476446062101817,0.0,低,False,False,False
1027,0.5036614458918975,0.582064360244766,0.0734342963653308,0.9552656104380244,中性附近,1563.9733067749103,473.41277532378854,268.4351606343038,-0.21178830344845304,0.09965835253459798,2.3320061252576143,0.36,0.025481052454138977,0.2009673021498801,0.18371757889779605,101.32691526016063,101.36327702976484,98.73773349848145,95.6529200347332,110.01363764297831,95.6529200347332,100.42528745328983,0.0,396.9045715641605,7.1256232080540265,1.8529075718386598,0.0,低,False,False,False
1028,0.7600270601965375,0.805063841222804,0.0734342963653308,0.9552656104380244,高压尾部,1741.0951334383187,292.4591042970351,189.58384309046266,-0.164189494501836,0.053936906111210284,2.7401531910894334,0.36,0.022903534153373328,0.1566673239980383,0.14550192490245234,111.97775288119317,108.31834831814103,105.85093900851741,102.90586783261931,122.95984250261385,102.90586783261931,109.39729711301092,131.6337112067431,280.9547101444227,10.176742343980205,1.8787204346401214,12.635875805727736,中,True,False,False
1029,0.8286181794362881,0.7425198397366382,0.0734342963653308,0.9552656104380244,高压尾部,1724.120944557304,300.9883624799773,199.52003091999094,-0.13159166783059295,0.05677744035802414,2.5361699965009383,0.36,0.021111565137330875,0.14481477859340938,0.1352772522718053,111.30640411062767,105.9536934936665,103.74088247298121,101.0680934831175,121.66934916229496,101.0680934831175,107.5624738557833,160.91212687014013,289.14845492899826,10.003672579397335,1.8787204346401214,11.345382465408846,中,True,False,False
1030,0.504455458177206,0.4670551691110723,0.0734342963653308,0.9552656104380244,中性附近,1695.7407749825356,447.53614525991594,247.9544661746614,-0.2279742071159085,0.10024108889120702,2.230983934487815,0.3133154308171784,0.02512017045288762,0.20083009682697878,0.18359921786546454,100.1637602744744,100.41225137260142,98.46925416083438,96.00682785745583,109.01123605051151,96.00682785745583,99.6282358179114,27.29808001800302,432.86562626836235,7.126303700562575,1.6126237059306712,0.0,低,False,False,False
1031,0.3357807234129508,0.4804333762099295,0.0734342963653308,0.9552656104380244,中性附近,1519.5167574434493,489.6174001186392,298.4629948198318,-0.2538009641098301,0.12688372456719765,2.0503680930547334,0.24935085315013092,0.02632920574034348,0.22997709099424207,0.20874305518932393,95.53223836594279,95.96904847580036,93.79165576961208,91.232348307636,101.85303873486258,91.232348307636,94.43408505990585,0.0,324.30317011395164,4.974887311018081,1.2834002329064091,0.0,低,False,False,False
1032,0.11023573754883194,0.20446268952484578,0.0734342963653308,0.9552656104380244,缓和路径,1469.6374121578513,680.8931628396003,327.5427115863971,-0.30636461177610647,0.15373838766013131,1.6530558368498574,0.21380715454099986,0.029617788392646022,0.2689512645515618,0.24236437044857492,92.9545137643322,92.27910347123463,89.90356737285873,87.49311822612741,101.0067845676433,87.49311822612741,91.26854627753058,0.0,211.20689675058748,4.183397383185489,1.065964451065242,0.0,低,False,False,False
1033,0.7070238215831891,0.7046310532572065,0.0734342963653308,0.9552656104380244,高压尾部,1644.67440586122,373.0145769154565,203.7973777388537,-0.17747184859030074,0.07273383500508494,2.6423520619384355,0.36,0.022286826492050795,0.1658262836304249,0.1534029588729184,105.91431751161217,104.89944253090965,102.75846810878245,100.08552545342523,117.6674006053011,100.08552545342523,105.55388485908291,68.98122917212459,358.34139131632764,9.011545971253804,1.8787204346401214,7.34343390841498,低,False,False,False
1034,0.26843370246350173,0.2854201676567504,0.0734342963653308,0.9552656104380244,缓和路径,1515.1073865224016,568.739854677219,367.1410237401765,-0.2628012074152988,0.11557212204150637,1.8781000838847466,0.2550768022806378,0.024254662754100775,0.24161465621430686,0.21878227381543408,94.4958674078383,94.49094262066032,92.23258389314718,89.74663319789505,101.32618760471853,89.74663319789505,93.13838480371271,0.0,276.14527232878027,4.846949924246391,1.271719854774163,0.0,低,False,False,False
1035,0.4232519171448077,0.44485889888462504,0.0734342963653308,0.9552656104380244,中性附近,1551.4833826692927,531.3335717516118,273.0128655067979,-0.2572189689412127,0.10365873200075042,2.341906499206874,0.35010575592019844,0.024437997141647336,0.2148620687173772,0.19570398642308878,103.83980599278365,103.36331642102293,100.14575743768486,96.65920754736364,108.264978436149,96.65920754736364,101.81284362581017,0.0,247.14143147825416,8.044594137452055,1.8019822391356481,0.0,低,False,False,False
1036,0.2808474553914013,0.26766666102962827,0.0734342963653308,0.9552656104380244,缓和路径,1496.3214053035117,630.1954791661614,312.41800675527327,-0.2709946202574513,0.13042031778302007,2.225309453788765,0.26301709264435913,0.0256202622012239,0.23946955970836584,0.21693179286086828,97.51165535237769,97.50449302129216,95.18583330175584,92.30349954266262,102.52154859995278,92.30349954266262,96.08254734529571,0.0,179.6968981068112,5.551920577954105,1.311307244995194,0.0,低,False,False,False
1037,0.3790996999911653,0.4735909862979078,0.0734342963653308,0.9552656104380244,中性附近,1540.6896754742527,441.7167514641877,324.1758015826033,-0.25411666080978534,0.1230921523616452,2.4400932222035783,0.30675433135083946,0.019633912675431197,0.2224915718415266,0.20228562514420775,102.27287452640732,102.09719323515421,99.12856834420802,95.84684346428621,106.20663531587935,95.84684346428621,100.43278648324885,0.0,199.17778070533677,6.886167382845706,1.578853953484099,0.0,低,False,False,False
1038,0.33939607493407725,0.444490647773986,0.0734342963653308,0.9552656104380244,中性附近,1499.7775755124405,599.0070341252167,304.5764602255299,-0.30328493084461716,0.10867616786899008,1.9656130217057142,0.29542757073639675,0.02420398036019431,0.2293523582513914,0.20820412557047602,97.54891865294202,97.76123127609502,95.80213991039342,92.7923881630597,102.48507128313936,92.7923881630597,96.35513676260217,0.0,150.7852131755426,6.960120914667861,1.5205555076315855,0.0,低,False,False,False
1039,0.6621328065953305,0.6762888396754938,0.0734342963653308,0.9552656104380244,高压尾部,1626.6685435941627,376.1201168632866,210.82186098810965,-0.18086924015146016,0.066032118936581,2.4072288508144823,0.32025450671289996,0.024114911122874207,0.17358345102032688,0.16009472797357954,100.96746423667722,101.22274401703889,99.5309983787173,97.22060608739197,112.17808369499251,97.22060608739197,101.53841374324087,75.18499181609877,361.32476937864425,7.939596247500465,1.6713019056864367,1.8541169981063916,低,False,False,False
1040,0.26618568199427284,0.21495457950220817,0.0734342963653308,0.9552656104380244,缓和路径,1469.992834707908,584.6780710371095,282.5878657543036,-0.3087622074385044,0.13215198963990285,2.013563453242546,0.26897722828376747,0.02614387822623247,0.24200311415138964,0.21911737949120702,96.21237589299992,96.15798213485276,94.17191722832777,91.5494480939666,101.91168238716476,91.5494480939666,94.92884768686679,0.0,105.49735273294209,6.099069031204227,1.3410223063493167,0.0,低,False,False,False
1041,0.41927628347909596,0.5375831937388159,0.0734342963653308,0.9552656104380244,中性附近,1564.1184161567014,537.3163113999136,280.95476962956843,-0.2686260778807418,0.10816824093552711,2.1313701925450976,0.32456546174919354,0.022724947081870558,0.2155490582148122,0.19629662222174366,100.29190518270133,100.33728275143523,97.64159068063893,94.55213982376853,106.70595598557978,94.55213982376853,98.86486582860633,0.0,290.8277033840586,7.236933768819363,1.6705272267566433,0.0,低,False,False,False
1042,0.438353314885516,0.4574737314510868,0.0734342963653308,0.9552656104380244,中性附近,1577.481749776518,462.30387982422826,287.0462391377723,-0.2334352955380874,0.11543149687372735,1.9880689171020776,0.304468239726603,0.029970760206924123,0.2122525471877828,0.19345286630906602,96.05510071054958,96.87298066377515,94.81959116781283,92.2270359467601,105.7383687460137,92.2270359467601,95.55831538697328,0.0,382.50539771658623,5.826454132713678,1.5670875188161415,0.0,低,False,False,False
1043,0.24567058524162041,0.23634723116384804,0.0734342963653308,0.9552656104380244,缓和路径,1503.8557923163048,593.4657819917094,338.35398671829506,-0.3127737367365841,0.132548098439117,1.8781906473490533,0.25290594136055533,0.02441453219301869,0.245548122870248,0.22217550349628026,94.61919449489105,94.72123852922958,92.9096685797119,90.34641152629776,101.17630953071483,90.34641152629776,93.51462682021653,0.0,122.59400265644945,5.481872671375886,1.260896734406734,0.0,低,False,False,False
1044,0.16740458437320213,0.20242500943729352,0.0734342963653308,0.9552656104380244,缓和路径,1471.0489934351874,614.9767905917743,311.175337156145,-0.30109791277028264,0.1372416613647148,1.937897712023731,0.24959490877694782,0.02749983207223433,0.25907248782031067,0.2338423817431911,95.83063554814889,95.17146210163885,93.03782266884542,90.38694725440193,102.21344180554539,90.38694725440193,94.1707241675071,0.0,117.79792224996709,5.359188568490874,1.2443891341909166,0.0,低,False,False,False
1045,1.0,0.9692961087559672,0.0734342963653308,0.9552656104380244,高压尾部,1710.017480021628,209.1524511839307,158.0582074950022,-0.1,0.035,2.980400811358328,0.36,0.024511536690138145,0.1152,0.10972987777885891,121.0970648901935,110.95543606514693,108.03784423233581,104.93714212256066,130.22453447460927,104.93714212256066,113.75991169920331,223.83730896758607,200.92507100991108,11.099533836634478,1.8787204346401214,19.900567777723154,高,True,True,False
1046,0.29941444345177115,0.3048232832959349,0.0734342963653308,0.9552656104380244,缓和路径,1558.6935356986155,562.1329057248156,316.3316680401443,-0.2977043706599326,0.11033545454827418,2.295319118631401,0.29138871039157016,0.029233024704720684,0.23626118417153394,0.21416406758158174,100.91219249348674,100.44481737669794,97.97520555622515,94.63256850941387,104.19484556077806,94.63256850941387,99.04541819985134,0.0,160.1727320906084,6.805458336629349,1.4527577778488046,0.0,低,False,False,False
1047,0.683475390570114,0.6873890231215086,0.0734342963653308,0.9552656104380244,高压尾部,1660.0434722812947,356.19306728294777,200.66935194775687,-0.19704655184760128,0.08455284053478632,2.4395302072960563,0.36,0.02690876219279745,0.1698954525094843,0.15691325292764108,103.95290273814501,103.63768546663454,101.58942790770894,99.00465130412816,115.57441563955125,99.00465130412816,104.07555203528072,59.19005690116319,342.18158540311157,9.002042652845686,1.8787204346401214,5.25044894266513,低,False,False,False
1048,0.16783765357659047,0.2281406326779251,0.0734342963653308,0.9552656104380244,缓和路径,1461.148637119293,683.7174428839506,327.9256545898954,-0.28334153959626784,0.13162225927516974,1.7541002945630968,0.24145709663427,0.030015266955129443,0.2589976534619652,0.23377782541461475,93.72708471407131,93.3806806496142,91.15124022820781,88.60818686537115,101.11808269571127,88.60818686537115,92.25460565732584,0.0,187.94109190669042,4.712458469709637,1.2038169724587042,0.0,低,False,False,False
1049,0.6279619881341624,0.6034044308034661,0.0734342963653308,0.9552656104380244,中性附近,1645.8556767025436,381.91556405124356,216.43042851885338,-0.20197158362472822,0.08624981001595702,2.381613738012881,0.36,0.030959784958110276,0.17948816845041674,0.16518846949812716,102.16963860500846,102.28154830488087,100.35004695353496,97.8624346327754,113.21644257079086,97.8624346327754,102.41741866783373,45.38282798312321,369.3961293755714,8.553158924794454,1.8529075718386598,2.8924758739047434,低,False,False,False
1050,0.40559213236493197,0.4004818584604069,0.0734342963653308,0.9552656104380244,中性附近,1571.089830047318,468.7746973899067,295.99419273305614,-0.21099783296307278,0.1285720142459932,2.054736377858671,0.30373429444124445,0.024799833017962472,0.21791367952733973,0.19833647762753714,96.64463492395245,97.18828075571189,94.99880026622205,92.34625649315345,105.60122388669113,92.34625649315345,95.78186565505287,0.0,453.22728614730477,5.5146357571617495,1.5633099277701525,0.0,低,False,False,False
1051,0.5123687344233383,0.31186816488492336,0.0734342963653308,0.9552656104380244,中性附近,1643.9317956078582,438.4632191357322,256.9393841044745,-0.24172955049290934,0.10139980633443868,2.5248449682592264,0.32999967796455,0.028889806975537377,0.19946268269164713,0.1824196094854093,103.41674546544041,103.44963491042127,100.71985018802,97.48170843714732,111.21487745950536,97.48170843714732,102.52142948976092,0.0,422.38276590896385,7.172290850347486,1.6984969500134277,0.8909107626192423,低,False,False,False
1052,0.5568986630170334,0.5942378495094829,0.0734342963653308,0.9552656104380244,中性附近,1546.8885591855794,434.5623420299284,232.9392722130091,-0.19066056255772626,0.09495058265818716,2.3466006100594696,0.3279290489554137,0.025815903328996054,0.19176791103065663,0.1757816664516301,98.45021256735069,99.0239630366609,97.3712337942314,95.12112285671645,109.56272244557503,95.12112285671645,98.6669953245607,21.56422773911254,420.3171125455892,6.943253575647412,1.687839493987046,0.0,低,False,False,False
1053,0.1701215432997464,0.23579492210035033,0.0734342963653308,0.9552656104380244,缓和路径,1507.7619850405474,657.561502929447,303.48875462561034,-0.33836700072981213,0.12531376661060983,1.7887624237038937,0.2130103877561702,0.024869335966209334,0.2586029973178038,0.23343737281663124,93.38990219129568,93.22289027966795,91.36127831499343,88.864689551595,100.82354264202236,88.864689551595,92.14333446979695,0.0,157.454419458536,4.600502641915252,1.0619920626283759,0.0,低,False,False,False
1054,0.7532819823033736,0.7544434498468117,0.0734342963653308,0.9552656104380244,高压尾部,1640.555624664412,345.31976551160074,157.39116333661775,-0.1613366203336249,0.0697025016261555,2.713557957277345,0.3523917378047897,0.0250988042232923,0.15783287345797703,0.14650739345421565,108.73559740892851,105.90278124199651,103.70225725687868,100.98822450626467,119.73072499292905,100.98822450626467,106.89544837686348,109.32486467681156,331.73600411466265,9.556729629832132,1.8390154411450064,9.406758296042938,中,False,False,False
1055,0.17091095967685163,0.2538320867534994,0.0734342963653308,0.9552656104380244,缓和路径,1455.7233787705302,649.3815951934687,328.50114983247056,-0.3134423045710532,0.14492497129380805,1.7098135898587656,0.2662846722431441,0.02614243191226873,0.25846658616784,0.23331969688256524,94.43677575892197,93.99669755248095,92.01262916482523,89.48331697896847,101.44256396189029,89.48331697896847,92.99115277613923,0.0,112.22838246775791,5.722833201103849,1.32759820448534,0.0,低,False,False,False
1056,0.3572116707193219,0.43840751665299144,0.0734342963653308,0.9552656104380244,中性附近,1558.2189909979786,530.6328184424659,276.8586746826363,-0.2464404898595133,0.1288613521385215,2.1650190973528383,0.3066401161125947,0.02572020527569155,0.22627382329970114,0.20554840808630212,100.24662632872126,99.81506730111515,96.97811783615167,93.90046863755586,104.605675885304,93.90046863755586,98.28161319017951,0.0,304.79154139357524,6.384032609725635,1.5782660915958677,0.0,低,False,False,False
1057,0.7599176318816416,0.755656029383723,0.0734342963653308,0.9552656104380244,高压尾部,1704.8016425809972,311.75092738866135,224.30572240759273,-0.18521325081821996,0.07059953344867825,2.672951706034741,0.36,0.026069047357373292,0.15668623321085232,0.14551823705348205,109.59402706294968,106.2678296168967,104.06223320939736,101.31795385565594,120.37746030756306,101.31795385565594,107.35845699654904,84.663327321814,299.4876553843848,9.504148316260984,1.8787204346401214,10.053493610676938,中,True,False,False
1058,0.4643241203308667,0.4814760224856163,0.0734342963653308,0.9552656104380244,中性附近,1493.8725534400987,476.0709008710535,250.09593678882072,-0.22215732593119397,0.09292647749425234,2.1781819348115254,0.30671623814525817,0.029026397202802576,0.20776479200682624,0.18958147615570276,96.37557208730254,97.31945874291478,95.33013040220274,92.74114580519442,106.71960024580427,92.74114580519442,96.15423527272422,0.0,378.1914134104154,5.9548501144376855,1.5786578890700511,0.0,低,False,False,False
1059,0.4371105976661997,0.4297529818498043,0.0734342963653308,0.9552656104380244,中性附近,1521.721873875576,473.88066259309096,247.9146624891753,-0.19921645849924186,0.10181614125684112,2.28820080358499,0.3296303647539159,0.02485844922134873,0.2124672887232807,0.19363811444148918,99.11808482744803,99.3592426935353,96.9127709202012,94.0230857029539,107.4904886924009,94.0230857029539,98.06090837672622,0.0,457.4160442883658,6.14514388160057,1.696596107667972,0.0,低,False,False,False
1060,0.752127177902003,0.6727707890320629,0.0734342963653308,0.9552656104380244,高压尾部,1689.017943905431,280.27910554242516,209.8117038734895,-0.14551661930781773,0.07152790759370471,2.620711171615063,0.36,0.026824282332734563,0.15803242365853387,0.1466795366862742,109.27015900206212,106.32893035338951,104.05290780658775,101.29196492270934,120.42296228377461,101.29196492270934,107.33082623851388,134.5305717972842,269.2538331008231,9.852363736346028,1.8787204346401214,10.098995586888492,中,True,False,False
1061,0.8046300361180803,0.7128430295838692,0.0734342963653308,0.9552656104380244,高压尾部,1670.1738704602867,310.54718731641077,197.90419746990182,-0.1440876300596331,0.06449374798041703,2.5738013324273847,0.36,0.026842578842157717,0.1489599297587957,0.1388530929223771,110.14407877405519,105.3492785382066,103.23526755719699,100.63338510101222,120.76883988094244,100.63338510101222,106.86706207113777,136.7915364090968,298.3312665487516,9.881649194980106,1.8787204346401214,10.44487318405632,中,True,False,False
1062,0.9202753443379889,0.895935598682216,0.0734342963653308,0.9552656104380244,高压尾部,1702.7692225241499,281.8927671819101,165.3541012197984,-0.1,0.0632806745470755,2.985841982122732,0.36,0.01957421775229372,0.1289764204983955,0.12161419332539276,118.16022012567089,109.70479125829738,107.0712909682663,104.09086115707113,127.68092445628577,104.09086115707113,112.03410685344407,194.10531692113182,270.80401851660076,10.367865312100204,1.8787204346401214,17.35695775939965,高,True,False,False
1063,0.9366623814899707,0.9093991905246788,0.0734342963653308,0.9552656104380244,高压尾部,1761.6414036527892,206.54671197149855,159.7888494528246,-0.1,0.04243385328651853,2.621092874903551,0.36,0.031078364504219077,0.12614474047853305,0.11917142679639635,118.10721651149935,109.4191622137095,106.85569438175197,106.46623191543388,127.59050365948869,105.04180733727416,112.0906284635819,794.986806000923,200.0,11.609385268337787,1.8787204346401214,17.266536962602572,高,True,False,True
1064,0.3193399389353989,0.3053084503094747,0.0734342963653308,0.9552656104380244,缓和路径,1536.999195889442,578.2366317805314,289.5978633358169,-0.26266883106756017,0.1067450152585483,2.0652126370488837,0.28006339504386146,0.02638934626436182,0.23281805855196305,0.211193833671104,97.02271988017134,97.04254667108182,94.57171895476819,91.81427247929875,102.15105643577596,91.81427247929875,95.50021403499056,0.0,242.4264292930984,5.625885905572054,1.396293888304612,0.0,低,False,False,False
1065,0.23102959475487,0.24662873178479736,0.0734342963653308,0.9552656104380244,缓和路径,1538.5266699882957,550.8409540498816,312.56803575802644,-0.3135748306491234,0.1377559966591973,1.880872919588398,0.24908051766252448,0.03356034096846823,0.24807808602635845,0.2243579920804392,95.56003418875945,95.41908476971273,93.24458713609413,90.48605342309922,101.63137493920227,90.48605342309922,94.14107135706207,0.0,171.1590800631966,5.358580351234655,1.2418245678035278,0.0,低,False,False,False
1066,0.8341771887247927,0.6897413029901479,0.0734342963653308,0.9552656104380244,高压尾部,1731.0042861061581,315.05386054111557,174.83759847360173,-0.1183968159042305,0.07033961733723039,2.5869035239179894,0.36,0.026715987905417213,0.1438541817883558,0.13444858741321022,112.45534993436829,106.63133379824755,104.38928009225734,101.67587159085018,122.6603569524641,101.67587159085018,108.34697982325633,177.04466856795625,302.66066184183364,10.108660299227568,1.8787204346401214,12.336390255577982,中,True,False,False
1067,0.28447001403414474,0.2509514744202735,0.0734342963653308,0.9552656104380244,缓和路径,1539.2957228396322,550.5921855125849,308.07070716165805,-0.29077427699849884,0.11982618938776357,1.8778202615814892,0.2884104716581145,0.02337921434473506,0.23884358157489977,0.2163917888979951,96.4923773830881,96.45509447441258,94.19631596391179,91.32266659542725,102.1170538332836,91.32266659542725,95.08572372155379,0.0,173.4730428660132,6.075051371266842,1.4379093663283167,0.0,低,False,False,False
1068,0.6002366555993718,0.5697878079122097,0.0734342963653308,0.9552656104380244,中性附近,1645.025138954756,468.9586113469821,228.8895757451074,-0.20030569025833841,0.09317026005506054,2.4887482453244556,0.36,0.025237913410495104,0.18427910591242855,0.16932140174775542,102.0678632386027,102.22408028794561,100.2750648270525,97.73417424451016,113.27891220109365,97.73417424451016,102.30085230249196,12.457366278897098,453.5858503155287,7.702843618589183,1.8529075718386598,2.9549455042075294,低,False,False,False
1069,0.8605648846951017,0.7546147288721186,0.0734342963653308,0.9552656104380244,高压尾部,1788.8970749022892,278.0340029081734,187.89993501068733,-0.12509827023082146,0.070660895291703,2.855718014755749,0.36,0.023816003745094884,0.1392943879246864,0.13051505263838922,117.68245623066669,110.53878197081211,107.85349449667821,104.77846803301928,127.81582047217621,104.77846803301928,112.43937700577183,200.30377002872228,267.0970455343467,10.811977279894192,1.8787204346401214,17.491853775290096,高,True,False,False
1070,0.0969800479673181,0.049814633210832106,0.0734342963653308,0.9552656104380244,缓和路径,1416.843230140289,636.9751339950599,329.6820526202952,-0.3007100538307144,0.15062400559326974,1.65,0.23187950219998932,0.02107310938136208,0.27124184771124743,0.24434035637746343,92.94689608182799,92.20877949985572,90.20393228544314,87.69053804506062,101.07696942439523,87.69053804506062,91.34708439516557,0.0,139.8212779767964,4.615543740846082,1.1560665816189732,0.0,低,False,False,False
1071,0.18969033395440354,0.28075898440193664,0.0734342963653308,0.9552656104380244,缓和路径,1400.0,586.3600561537612,334.4940600638107,-0.31553371842469335,0.13345138268816542,1.9055774247751553,0.2424547886838804,0.021917505019986284,0.2552215102926791,0.23052031182624028,94.4379202792475,94.1233831334062,92.1735296810127,89.71264084239324,101.34905545694458,89.71264084239324,93.07622590674511,0.0,102.20876824807056,5.402771088404975,1.2087911009450882,0.0,低,False,False,False
1072,0.6011285548741573,0.5340093341811736,0.0734342963653308,0.9552656104380244,中性附近,1671.204161494368,428.5716066055916,213.93187176973248,-0.2282710268119687,0.07718831497295985,2.4171535827637816,0.3593621786867991,0.02784242000993892,0.1841249857177456,0.16918844899519397,102.48153287457235,102.65150376537053,100.57651062739754,98.0252823487404,113.9732842514473,98.0252823487404,102.74530169276717,11.599123985899496,414.52275723210374,8.207144095788067,1.8496247275589097,3.649317554561179,低,False,False,False
1073,0.3155345184732784,0.44141485332358077,0.0734342963653308,0.9552656104380244,缓和路径,1508.7226456985206,528.9902893505209,281.78066229549466,-0.2831811272093791,0.1278381659301772,2.346542239883733,0.31613198995876773,0.027701443244877253,0.23347563520781747,0.21176109629749656,101.43853694663434,100.93103879427446,98.50513482876681,95.16821097402334,104.51695197741269,95.16821097402334,99.57801879714344,0.0,131.57832106200112,7.39912170090146,1.576118740572546,0.0,低,False,False,False
1074,0.2883259879760401,0.26336020488371953,0.0734342963653308,0.9552656104380244,缓和路径,1579.8100800159161,587.4253011635262,278.5452944278748,-0.28720610783343803,0.13000860075061743,2.1221548107330386,0.2951577635201298,0.02704428015487464,0.23817726927774024,0.2158169904158421,99.50214709167064,99.23775363630386,96.63593238613049,93.46859538090293,103.48105557015191,93.46859538090293,97.75387383447064,0.0,191.15736049810585,6.468703447582571,1.4715489013631038,0.0,低,False,False,False
1075,0.529855183318216,0.46540482483948875,0.0734342963653308,0.9552656104380244,中性附近,1604.2023530894705,467.84019215719394,259.3188552736807,-0.20904291440409392,0.08314027139994964,2.5625027140869925,0.3396758149641372,0.027880403514129713,0.19644102432261226,0.1798129569419843,102.3980900475449,102.50839122725634,99.96114318536831,96.88160161749889,111.00585720193482,96.88160161749889,101.75302815594837,0.0,438.8700376969882,6.762087168803496,1.748299693104215,0.681890505048699,低,False,False,False
1076,0.5338856247918744,0.48960457640648825,0.0734342963653308,0.9552656104380244,中性附近,1587.3500224434306,437.56534543661365,272.2721824649123,-0.19700717086518668,0.10611931562864449,2.2850167477283434,0.3078643459837331,0.02626336002381911,0.19574456403596407,0.17921215110761532,97.34920672580127,98.04252307829141,96.49169199794684,94.31234833861208,108.57209063883961,94.31234833861208,97.51620071634133,10.033903263329194,423.2216755939345,6.171732679284972,1.584567160478933,0.0,低,False,False,False
1077,0.9177165529528636,0.7819783074120674,0.0734342963653308,0.9552656104380244,高压尾部,1800.0,245.88639689331092,181.23250988037293,-0.1,0.04362982265497393,2.6556839364843863,0.36,0.027260879914404828,0.12941857964974518,0.12199562469045883,117.62234965143566,109.46447350988826,106.80199618784174,105.95896680572895,127.1132085790824,104.44238358376528,111.75006953040743,748.4071351634702,236.21402224309892,11.059760673334974,1.8787204346401214,16.78924188219628,高,True,False,True
1078,0.4224605284453879,0.3861445435539572,0.0734342963653308,0.9552656104380244,中性附近,1529.3792137865842,518.9933089157581,268.3451375732444,-0.22511758516872504,0.12202116758219018,2.271027243094087,0.31620189902530155,0.026309125610205136,0.21499882068463697,0.19582195636533273,99.34317815517551,99.53306247206562,97.04407874273075,94.12328420670872,106.7440923449215,94.12328420670872,98.15256131864709,0.0,347.905513980033,6.333331368511236,1.6274802581492906,0.0,低,False,False,False
1079,0.49724163180446135,0.557063829053723,0.0734342963653308,0.9552656104380244,中性附近,1563.6755866798499,477.2204258672371,271.83018465955,-0.19090050880113318,0.09561430530510404,2.4640830911504294,0.3274599966452804,0.026490084302190492,0.20207664602418907,0.18467456134860305,99.88930289271578,100.31118551803611,98.01556928689642,95.25340357426907,109.20683068101171,95.25340357426907,99.36133187099412,0.0,461.57683731021325,6.123163438133561,1.6854252979397284,0.0,低,False,False,False
1080,0.7148057228694915,0.7784593419080974,0.0734342963653308,0.9552656104380244,高压尾部,1638.2299330659364,347.66410457861116,195.46995791116203,-0.20079464313025655,0.0810622663541927,2.4673218072627416,0.36,0.02469234695057414,0.16448157108815187,0.1522429341644961,104.57426220932143,103.28827014343511,101.37742507301546,98.88351857085884,116.5059792191935,98.88351857085884,104.10672911947,55.270751419782755,333.98812447397006,9.045576297685669,1.8787204346401214,6.182012522307389,低,False,False,False
1081,0.46636208321988804,0.3873797067684714,0.0734342963653308,0.9552656104380244,中性附近,1530.6530049847138,447.5605557642338,302.49156127220857,-0.2125557835911188,0.11509558266405054,2.246922441768403,0.3250425412537378,0.026612139351911618,0.20741263201960333,0.1892776831340316,98.3549257699508,98.90049126350462,96.64144805018884,93.8536495788845,107.72667355872925,93.8536495788845,97.75126630048898,0.0,364.67053092503375,6.246072616337197,1.6729827384964744,0.0,低,False,False,False
1082,0.4045667493114105,0.3790397441004049,0.0734342963653308,0.9552656104380244,中性附近,1532.1565261668875,508.3708424681408,276.6967848812071,-0.26043879130320274,0.1149028665526488,2.012621840138864,0.33343051819564123,0.03033221712732736,0.21809086571898825,0.1984893284070473,99.38832946359294,99.43598501804425,96.71558825854117,93.64740016342864,105.91027597757434,93.64740016342864,97.89918668744785,0.0,293.665269516403,7.206316635578097,1.7161553662410882,0.0,低,False,False,False
1083,0.699668643974664,0.6355174069641045,0.0734342963653308,0.9552656104380244,高压尾部,1693.349756563923,348.3376555555734,206.64390302724655,-0.17360617450765126,0.08337308502934532,2.6756937770865306,0.36,0.025918012314856517,0.16709725832117805,0.15449937316125464,107.47341502434772,106.30214822127945,104.01811267545649,101.22028828646371,119.10283415430862,101.22028828646371,106.93371788812101,89.29445331504212,334.63518013652083,9.383344070298472,1.8787204346401214,8.778867457422507,中,False,False,False
1084,0.5599018278441087,0.5299143990163613,0.0734342963653308,0.9552656104380244,中性附近,1675.7414215739839,429.3317514370068,236.5949983480411,-0.20361007903876377,0.0985976119796916,2.5131903595671723,0.36,0.029340593038023405,0.191248964148538,0.17533399366901534,103.87416502732952,103.69852448603002,101.45688950358802,98.712956484949,112.89307968899007,98.712956484949,103.34594339967444,23.810560160680325,415.25798403331345,8.098807679876064,1.8529075718386598,2.5691129921039533,低,False,False,False
1085,0.40990669001726054,0.4513136079174385,0.0734342963653308,0.9552656104380244,中性附近,1556.0036010403103,568.2123772107732,297.86717027566874,-0.2406030246019628,0.10956868528014659,2.064829157945114,0.2912878497898127,0.023056799173544765,0.21716812396501733,0.1976933194456898,96.76298865079477,97.3640468457513,95.15962046609036,92.47902592823372,104.88895425581751,92.47902592823372,95.89875024694378,0.0,346.60719472992423,5.757132792937757,1.4992485068337393,0.0,低,False,False,False
1086,0.6480688992738013,0.6215151931118977,0.0734342963653308,0.9552656104380244,中性附近,1647.4438189190898,373.9620025588579,197.0735374769105,-0.1989720089539439,0.08510661151177128,2.3744381530235654,0.3488773722440241,0.030089767423370137,0.17601369420548713,0.16219119249936995,102.01174180106632,102.16765921194482,100.28958907024396,97.83526525749396,112.92973901023903,97.83526525749396,102.35736703698409,61.52409693916161,361.7032906787864,8.599736791484958,1.795659790761464,2.605772313352915,低,False,False,False
1087,0.47065648876479727,0.474124544065802,0.0734342963653308,0.9552656104380244,中性附近,1618.548803952829,450.4950090534278,272.3153031684136,-0.2247748844475067,0.10849418110673922,1.974783577919513,0.3447621969929303,0.023703447345294244,0.206670558741443,0.188637528966457,97.94652859148111,98.42519870381362,96.19219674717205,93.90422221571244,107.99427139507627,93.90422221571244,97.40714297398922,2.4577455711205403,435.7274966280792,7.07952352405656,1.774479125810923,0.0,低,False,False,False
1088,0.35023741823674553,0.27273464583927065,0.0734342963653308,0.9552656104380244,中性附近,1535.6712010904007,531.3653173835215,300.69847951953733,-0.2536085158407684,0.10416173077014865,2.1661069288370953,0.28916370856094015,0.028867809563399027,0.22747897412869034,0.2065880390074505,99.0361108867373,98.89839443210731,96.25762401499902,93.31631744169171,103.9074925252195,93.31631744169171,97.34425355047225,0.0,293.08228002114265,6.083426506375176,1.4883156252597596,0.0,低,False,False,False
1089,0.8826734190633272,0.8863439221454876,0.0734342963653308,0.9552656104380244,高压尾部,1757.2918419875436,291.324388347264,151.48468755179778,-0.1560152474549138,0.04177107415441027,2.5821641135581426,0.36,0.027758882122792886,0.13547403318585705,0.12721939966226004,114.8744284772562,107.59236333674843,105.18381721841608,102.40262999336677,124.80162985605809,102.40262999336677,109.6788722455624,171.93692272523913,279.8646302457973,10.802823875018108,1.8787204346401214,14.477663159171968,中,True,False,False
1090,0.3487196128215539,0.38964205317374584,0.0734342963653308,0.9552656104380244,中性附近,1522.5904841326183,563.2751715876105,295.76185851579794,-0.274477937592925,0.1311947389573349,2.1622005751153077,0.29155578813031585,0.023982022756399515,0.22774125090443548,0.20681429371300672,99.70634351142189,99.48160102841061,96.71623155641011,93.67217218053358,103.94278377438191,93.67217218053358,97.86983821562272,0.0,252.30332459013698,6.5427183095088965,1.5006275762223622,0.0,低,False,False,False
1091,0.07227343294780794,0.03422476545732547,0.0734342963653308,0.9552656104380244,缓和路径,1432.1492759986716,667.1589798123307,357.2932780811235,-0.33577666117127725,0.15885061842614379,1.65,0.17920061916183438,0.026069809743049222,0.27551115078661875,0.2480232974518455,90.90597411611512,90.29347532981676,88.5432801109129,86.5288052948748,100.09466032208267,86.5288052948748,89.57999914974451,0.0,96.2147384777436,3.6188108642334753,0.8934288941147938,0.0,低,False,False,False
1092,0.9359107968442144,0.8696008848030741,0.0734342963653308,0.9552656104380244,高压尾部,1800.0,279.06808125347436,191.56392615638705,-0.11775294011621577,0.04741562690669126,2.9459413097571336,0.36,0.024649994532766784,0.12627461430531975,0.11928346326762257,120.23781265488975,111.23211921368727,108.4284727002387,105.30807451961216,129.7430087402872,105.30807451961216,113.65535219686552,202.9035924336822,268.09044658598765,10.687998849138044,1.8787204346401214,19.419042043401078,高,True,False,False
1093,0.38041418186225695,0.39887007338576147,0.0734342963653308,0.9552656104380244,中性附近,1581.657747935999,486.0704535167549,297.2621617987398,-0.2701065958259851,0.10997263852971736,2.009555269047718,0.2719346685234314,0.024458259440077713,0.222264429374202,0.20208967927016752,96.4435656030321,96.98259951178181,94.8045192351894,92.1689280707984,103.80495711407089,92.1689280707984,95.46883147649113,0.0,323.81519125669183,5.660622020460397,1.3996383509791726,0.0,低,False,False,False
1094,0.19659955408482252,0.3306052614544435,0.0734342963653308,0.9552656104380244,缓和路径,1467.3602536627814,617.204260397347,340.85130477978015,-0.31328540960695683,0.14271813369516614,1.9586863954977194,0.2847048472007528,0.02410654721057101,0.25402759705414263,0.2294903750829764,96.88644163936426,96.22694668850068,93.99325750100495,91.65609095031576,102.68247410533317,91.65609095031576,95.20350369447199,0.0,50.0,6.423710712271663,1.4194344750225256,0.0,低,False,False,False
1095,0.15004613444047588,0.23381343159224527,0.0734342963653308,0.9552656104380244,缓和路径,1502.4901671690866,623.2031297312448,351.2223683597006,-0.2985140534176664,0.16222256073296704,1.842655815285674,0.2742749517583828,0.02549992569290629,0.26207202796868573,0.23642995386484186,97.45734751046928,96.3718600461955,93.78218932077921,90.7279306521442,103.14509773288802,90.7279306521442,95.30497708568592,0.0,177.4557004408125,5.848839547611741,1.3674348223740365,0.0,低,False,False,False
1096,0.3152738514933513,0.29842000152372383,0.0734342963653308,0.9552656104380244,缓和路径,1526.69739255796,559.6929882245647,246.51326129631497,-0.29538653314478525,0.13006128430550673,1.9613684028990812,0.27688340633480873,0.029101012744651874,0.23352067846194888,0.2117999531431774,96.83867992035022,96.75859531333575,94.23214434555858,91.45703543821976,102.32073494937147,91.45703543821976,95.2540337879232,0.0,292.1544090937823,5.943849053755374,1.3804396250274258,0.0,低,False,False,False
1097,0.603067753978048,0.5866854961435919,0.0734342963653308,0.9552656104380244,中性附近,1687.8424697094197,371.6264548435597,214.06940399856163,-0.1956814691623426,0.09559118638546334,2.261848182039468,0.31781453614734684,0.025059380153887874,0.1837898921125933,0.16889937839505373,100.32294300687236,100.76867287937809,99.03199197842527,96.69398643952098,110.5026434767102,96.69398643952098,100.61959299033734,78.73269993545728,359.44430370048315,7.8741872370686234,1.635780445743918,0.17867677982408736,低,False,False,False
1098,0.12648215656910852,0.18384766041154102,0.0734342963653308,0.9552656104380244,缓和路径,1425.5660926007413,695.0398321606575,325.21190533134205,-0.34125044068398364,0.13806559559303339,1.7526724802303897,0.20572023171479092,0.02300899195136169,0.266143883344858,0.23994256544314826,92.1842752382146,91.86368926297521,90.09831215856592,87.9897727954412,100.44229744555062,87.9897727954412,90.98059860472837,0.0,90.6144922502317,4.469811820826102,1.0256460048946594,0.0,低,False,False,False
1099,0.3221433832278449,0.27971323049974733,0.0734342963653308,0.9552656104380244,缓和路径,1546.5848457514226,591.8127958194518,267.1113098231712,-0.2506909612844057,0.12105276864268427,2.1032784370232083,0.3046224926065887,0.023658559407583865,0.23233362337822838,0.2107759326301788,98.77147131436037,98.39857649014094,95.649351636861,92.69212879085381,103.2573961125043,92.69212879085381,96.88248970941773,0.0,293.3194918311783,6.077088759929798,1.5187365867648743,0.0,低,False,False,False
1100,0.1717587019021747,0.3483236793710632,0.0734342963653308,0.9552656104380244,缓和路径,1501.73894060539,599.9932283807377,332.2751144840824,-0.2949754500676467,0.14297813710956153,1.6616340331431365,0.274982397734199,0.02376023814695279,0.2583200963113042,0.23319332648906274,95.13527616822446,94.55749276358466,92.19112232613706,89.39583107482242,101.8349364208643,89.39583107482242,93.41234518378596,0.0,178.86257189142816,5.567868418342344,1.3709618898516807,0.0,低,False,False,False
1101,0.46694119705935955,0.5641521164779814,0.0734342963653308,0.9552656104380244,中性附近,1588.4932019776459,432.30664622191637,246.63117527133645,-0.2523046856663408,0.0958753015334029,2.338052002877486,0.2935727766091217,0.024878799111706304,0.20731256114814264,0.1891913563691369,99.3587476376264,99.940012898396,97.65027170611832,94.79683825426385,107.94146096189057,94.79683825426385,98.7314481527025,0.0,358.9090250056033,6.273992635620231,1.511008946290947,0.0,低,False,False,False
1102,0.7906716108321791,0.7733163752174033,0.0734342963653308,0.9552656104380244,高压尾部,1676.0638224268343,367.1815211722604,176.0815426716911,-0.13401756631869052,0.06173366564645592,2.8145521066917056,0.36,0.027833938497783837,0.15137194564819945,0.14093383355716435,111.55605073120904,107.03768727986586,104.74302652047746,101.94914384898259,122.33860504947347,101.94914384898259,108.403772009265,125.12689704641889,352.73778909807885,9.47186917581361,1.8787204346401214,12.014638352587355,中,True,False,False
1103,0.7785431231490683,0.7764484460766264,0.0734342963653308,0.9552656104380244,高压尾部,1759.1724038096656,319.26506692261404,199.30655582685338,-0.13019718593281893,0.07542672210141518,2.4415246723679536,0.36,0.02669057110427048,0.153467748319841,0.14274179087640834,109.391586009205,105.52202689279302,103.35985718263139,100.71167350616935,120.32008343445638,100.71167350616935,106.79330749979299,161.35226114547913,306.70621300057127,9.816511306180502,1.8787204346401214,9.996116737570262,中,True,False,False
1104,0.3211449188245911,0.37553566261004806,0.0734342963653308,0.9552656104380244,缓和路径,1505.3688123589573,585.243773138286,296.1720591651314,-0.2899689940284145,0.11336303306367257,1.9583159220816257,0.28631625768131136,0.023837592235484737,0.23250615802711064,0.21092477072714788,96.27830838582345,96.60773586660736,94.32968988597193,91.52690815104013,101.79720966099048,91.52690815104013,95.07415526762173,0.0,196.14305588509706,6.139769654631966,1.4274683796504455,0.0,低,False,False,False
1105,0.32346217202699057,0.28636832842995436,0.0734342963653308,0.9552656104380244,缓和路径,1557.9455147218362,621.2049199098811,310.7918681008765,-0.2804674734393868,0.10569451303201444,1.9559085991082288,0.2851618275025283,0.02317925449014909,0.23210573667373602,0.21057934473527806,96.94010427506643,96.92798017888114,94.41750378777787,91.63828500883108,102.44158433555597,91.63828500883108,95.40132920956215,0.0,325.39475643880905,5.887155312484098,1.4217128120481288,0.0,低,False,False,False
1106,0.7783600743151472,0.749585315602437,0.0734342963653308,0.9552656104380244,高压尾部,1650.3204056494178,372.47721406156865,188.2704959094341,-0.17310027336159647,0.07291414964004753,2.5500734921062924,0.36,0.02719831559673386,0.15349937915834255,0.14276907741762546,107.91502020732064,104.24801893075885,102.2584259151556,99.73147143597012,118.75597891467307,99.73147143597012,105.52847267597907,89.37697587287767,357.82516657707964,9.350273088209795,1.8787204346401214,8.432012217786948,中,False,False,False
1107,0.12806861285515847,0.1992511482270965,0.0734342963653308,0.9552656104380244,缓和路径,1451.3162988144857,639.3114005740861,350.089247906626,-0.33948647988904557,0.1378717047541772,1.7871693675121318,0.2572748954507298,0.022764831442339612,0.2658697436986286,0.23970607715796668,95.35040619027914,94.49539139324118,92.32011538917526,90.09772814601486,102.15645694053087,90.09772814601486,93.62083556243977,0.0,53.992255325889346,5.9601495583858615,1.282678745202678,0.0,低,False,False,False
1108,0.7997777701287664,0.7572293943199158,0.0734342963653308,0.9552656104380244,高压尾部,1751.6091563656194,294.88795580755317,162.29901707092375,-0.131146852073049,0.04239212127682918,2.7701012691614486,0.36,0.023578129128316437,0.14979840132174918,0.13957640567492374,114.15373129248505,109.23018670558123,106.61515557450291,103.59797358767644,124.87788692904853,103.59797358767644,110.56725675183954,177.65525765365055,283.2880185013695,10.496348237494786,1.8787204346401214,14.553920232162412,中,True,False,False
1109,0.4002471996780631,0.31929797891673833,0.0734342963653308,0.9552656104380244,中性附近,1503.7875792506488,498.4824571271799,285.33830501443555,-0.2539037161534124,0.12071437578430551,2.442583672223219,0.2828530175401535,0.026913986170791326,0.21883728389563067,0.19913323072854802,100.38415529210954,100.39765884424634,97.76132568851749,94.73503970208479,105.77278302127796,94.73503970208479,98.84500653936584,0.0,257.1187875186406,6.261018547692276,1.455834716437677,0.0,低,False,False,False
1110,0.09492042857864967,0.1586782006335469,0.0734342963653308,0.9552656104380244,缓和路径,1400.148090927688,683.3328264660041,328.8637908917723,-0.35,0.14512828618662746,1.65,0.19898684599054853,0.02491611602679415,0.27159774994160935,0.24464737766864922,91.16035299398126,90.63145347746952,88.88073531813582,87.04974273052596,100.17589064965156,87.04974273052596,89.89311494431571,0.0,50.0,4.2649806000677355,0.9920758007882471,0.0,低,False,False,False
1111,0.6055942675695621,0.5844498300024022,0.0734342963653308,0.9552656104380244,中性附近,1658.2029260747804,402.57421273467895,237.9887314856109,-0.20407300139717446,0.07615725237439391,2.3938877728851486,0.34135989189426674,0.025955527293369897,0.18335331056397963,0.16852275858396976,101.07459758815335,101.37718670854082,99.5171918890874,97.07825507262159,111.84857385617616,97.07825507262159,101.33563173475787,27.95186847095283,389.3775744385614,7.604868261651664,1.7569675789247592,1.524607159290042,低,False,False,False
1112,0.29345881987659234,0.3148478495793388,0.0734342963653308,0.9552656104380244,缓和路径,1490.3975745412852,599.7094718879906,283.785660124152,-0.29791593865627775,0.12054305333273897,2.072350185441718,0.26117703209895066,0.024792549177494162,0.23729031592532482,0.21505185454354572,95.97415846159615,96.20555360583896,94.35164273549768,91.58220521020208,101.67295891423576,91.58220521020208,94.86375704592068,0.0,137.95578382028543,5.742785690082116,1.3021333745818116,0.0,低,False,False,False
1113,0.5565536421096355,0.6133681295630438,0.0734342963653308,0.9552656104380244,中性附近,1692.523570063116,457.41760271955064,266.47894048343255,-0.20688054245944182,0.11097971269441584,2.1239441890941047,0.33996227646873345,0.029917588148814855,0.19182753064345495,0.17583309768453562,98.6749175055586,99.16018385273128,97.47792150044626,95.19922011855463,109.69622066258907,95.19922011855463,98.83083808186105,20.171186647075956,442.423163278529,7.094787612751459,1.7497741005789558,0.0,低,False,False,False
1114,0.1527137100007463,0.23618454427189137,0.0734342963653308,0.9552656104380244,缓和路径,1507.3267217377613,663.4402597301632,352.90597705903605,-0.3364104102746124,0.1323434897212683,1.9834598282677962,0.23954426245281643,0.02636975837882147,0.261611070911871,0.23603230636872882,96.55806884434365,95.68992160896568,93.42618498270232,91.10288113847933,102.62716737623454,91.10288113847933,94.75727901616389,0.0,61.738200062878605,5.574202054048366,1.1942802792522054,0.0,低,False,False,False
1115,0.5563125396241269,0.5715880935739798,0.0734342963653308,0.9552656104380244,中性附近,1670.7557328432868,386.7219025297535,203.58289616571125,-0.2232879480468167,0.08674975470359135,2.475612410418655,0.3151850494111677,0.024253309857165763,0.1918691931529509,0.17586903810965315,102.01346743759822,102.23360914716407,100.25725933173548,97.72055452323295,110.76745978346221,97.72055452323295,101.7745591365387,38.3691030251357,374.0449130271123,7.629549813775392,1.6222465682897076,0.44349308657609754,低,False,False,False
1116,0.2596412031650608,0.3050955351982952,0.0734342963653308,0.9552656104380244,缓和路径,1465.496973385588,575.3108962176672,281.37416709507386,-0.2962926630999485,0.11617316346321002,2.1120208282372346,0.286305666577585,0.029288706519871918,0.2431340000930775,0.22009294534154694,97.90760299148974,97.62130725806594,95.4484499715227,92.5768319784312,102.7566745697337,92.5768319784312,96.36760033888444,0.0,114.23243518521122,6.536438311557864,1.4274155762721201,0.0,低,False,False,False
1117,0.3185902550588454,0.268088820357806,0.0734342963653308,0.9552656104380244,缓和路径,1518.222179492035,580.7865590015996,287.7963742672652,-0.2643757917619412,0.12114578880337704,2.141476481605729,0.25247234842674904,0.028862941224899113,0.2329476039258315,0.2113055868003603,95.90715443562632,96.22585302393307,93.98741777646332,91.39087867488352,101.53938762229818,91.39087867488352,94.68264217916476,0.0,231.33165148013177,5.063226182345935,1.258734998263419,0.0,低,False,False,False
1118,0.5566715789896507,0.5208598968102557,0.0734342963653308,0.9552656104380244,中性附近,1655.4671679066378,451.1787863092342,275.1602475041868,-0.2254166197602662,0.06742667568136565,2.4505952174460113,0.36,0.02290179442226524,0.19180715115058836,0.1758155171871972,103.23139550992916,103.19800423893147,100.55817917938468,97.57281790455792,112.91457850153174,97.57281790455792,102.71165069875326,0.0,436.388859231296,7.629686098810298,1.8529075718386598,2.5906118046456186,低,False,False,False
1119,0.3236732179445366,0.2919761868534313,0.0734342963653308,0.9552656104380244,缓和路径,1464.8949011678135,557.2494250109951,342.2977371077226,-0.2467661224039286,0.12583565661453502,2.0938244308755514,0.2910378237597181,0.02416682673866702,0.23206926793918406,0.21054788475269054,96.78076287536885,96.86423734844199,94.36124781927624,91.59324857355487,102.04211377049302,91.59324857355487,95.30169167433684,0.0,215.75068324212225,5.746594631241975,1.4510083851462485,0.0,低,False,False,False
1120,0.2888890317255445,0.3431927282935643,0.0734342963653308,0.9552656104380244,缓和路径,1534.9588678192492,595.9563884839498,279.48029493291637,-0.2837960748035625,0.12224941124664931,2.0664249754060067,0.27381524380674443,0.030844879589502727,0.2380799753178259,0.21573305917110916,97.81708773454359,97.58655722583762,94.8926799063857,92.01262688995837,102.5644974897827,92.01262688995837,96.05237804894433,0.0,256.30499281964694,5.810323652076011,1.365142886281577,0.0,低,False,False,False
1121,0.4139006328921882,0.4608149180505902,0.0734342963653308,0.9552656104380244,中性附近,1551.4410710639365,482.38908255006567,237.05447514826835,-0.2671323964630801,0.116512813281831,1.9842064693016197,0.3325023411716154,0.022562065588171667,0.21647797063622987,0.19709795434807562,99.31442784064086,99.30687660287823,96.64292464952437,93.62327369320268,106.23069913887916,93.62327369320268,97.86259596970739,0.0,333.7424325948996,7.242413575634434,1.7113780711415763,0.0,低,False,False,False
1122,0.260677325082534,0.2411635868988295,0.0734342963653308,0.9552656104380244,缓和路径,1547.2909949711282,580.637963313417,333.4408449986503,-0.23482074626902757,0.12557586734684875,2.0043821967401603,0.28551546798676125,0.026518981675887034,0.24295495822573812,0.21993849375176353,97.46602229253492,96.84715154383102,94.12314255566058,91.30659437409189,103.15685496911662,91.30659437409189,95.50308633018784,0.0,376.78992242864115,5.265617004528874,1.4234759344537338,0.0,低,False,False,False
1123,0.47911532980528787,0.4710180468969392,0.0734342963653308,0.9552656104380244,中性附近,1552.9921790493634,489.89316410477016,256.3606347150123,-0.2264877597594383,0.10487610794538732,2.361119688022079,0.30173345072524893,0.022151819648195348,0.20520887100964624,0.1873765948771416,98.65138491515363,99.39130107099561,97.20675094380238,94.42833574875277,108.28096903714756,94.42833574875277,98.27395938098927,0.0,418.99882512907243,6.0594341250918635,1.5530116542383916,0.0,低,False,False,False
1124,0.6777656728901229,0.5949122753018425,0.0734342963653308,0.9552656104380244,高压尾部,1671.1394940192106,340.214276699158,192.24987060942576,-0.17800437580863906,0.06564131906624013,2.4872719369592535,0.36,0.027994544117031724,0.17088209172458674,0.1577643834345988,105.58960040255704,105.0597727276234,102.85087131013917,100.14020293794945,116.9548897563384,100.14020293794945,105.47351335452782,98.43282485918098,326.83134870004244,9.652926534421713,1.8787204346401214,6.630923059452286,低,False,False,False
1125,0.6067301594270713,0.6341032777556552,0.0734342963653308,0.9552656104380244,中性附近,1665.6789281880156,391.1690172124956,258.33859216384354,-0.18853487612899564,0.09025316668320005,2.288834056147939,0.346637495002599,0.02757844063013037,0.18315702845100207,0.16835343458815838,100.62732749739926,100.93546419901496,99.10336854219865,96.70354065207178,110.90125576209314,96.70354065207178,100.81619185351263,46.456236143227216,378.3462484669892,7.782377668766296,1.7841312199263923,0.5772890652070259,低,False,False,False
1126,0.46561474668856867,0.5950317575512457,0.0734342963653308,0.9552656104380244,中性附近,1579.7431719221488,416.5018579048662,223.34622915484937,-0.2181432822884944,0.10685080871138466,1.8144442562816177,0.3460286923341806,0.02464176331085028,0.2075417717722153,0.189389086351567,96.5942682966096,97.02406196439598,95.28499357246208,93.07334609661964,107.03432294953143,93.07334609661964,96.1591708167683,25.154529829995226,402.8486625571206,7.500974884005412,1.7809977336095368,0.0,低,False,False,False
1127,0.30797420428876876,0.3545097035663345,0.0734342963653308,0.9552656104380244,缓和路径,1508.755489941038,576.9949387926405,251.3690637967135,-0.2757386938887105,0.11474042014169214,1.8476324342238306,0.23583141431347393,0.029811258616534837,0.23478205749890074,0.21288808968057948,92.2849232939079,93.07163644070785,91.25664886953555,89.0229925508203,100.31958249188718,88.68435833767965,91.62297011651853,0.0,331.5429261014415,4.511380502670297,1.175769373304089,0.0,低,False,False,False
1128,0.737137519017419,0.803298148870231,0.0734342963653308,0.9552656104380244,高压尾部,1692.1012542099802,390.7090268951477,204.68762067945053,-0.15198653527601413,0.08015399747688767,2.514907206505082,0.3590268439009531,0.025010487408954986,0.16062263671378998,0.14891400022380927,106.68887739490361,104.52862231449885,102.4514741260298,99.85288026039039,117.91921556487854,99.85288026039039,105.42851457610986,107.15377017323954,375.339798930132,9.15429789539259,1.873641856169638,7.595248867992424,低,False,False,False
1129,0.25519287533980445,0.27404152001715154,0.0734342963653308,0.9552656104380244,缓和路径,1523.0333773672605,607.9197146767677,328.04808271013974,-0.2889027021953912,0.124767855042763,2.032036687846995,0.2696997291713597,0.02292294571583473,0.24390267114128178,0.22075604424226708,97.22117514940881,96.96732200161748,94.66119506628809,91.73120244100677,102.52842435421832,91.73120244100677,95.64838676327676,0.0,171.11713885329482,5.765997869168208,1.3446244321233105,0.0,低,False,False,False
1130,0.2804022312299635,0.4061380136016416,0.0734342963653308,0.9552656104380244,缓和路径,1543.9253271289856,600.6271768287494,329.48961341788913,-0.27598758654084177,0.13212881453010858,2.0972769324490668,0.2914421633130532,0.025611854783216925,0.2395464944434623,0.21699816109262207,98.71656310818008,98.45658831867678,95.80419939752946,92.74556511572901,103.18520835051494,92.74556511572901,96.97947196301642,0.0,200.76284878286788,6.187210262993725,1.4530242746095365,0.0,低,False,False,False
1131,0.5531331045089676,0.5492710186805281,0.0734342963653308,0.9552656104380244,中性附近,1641.3069522376632,485.34849403711405,253.94711821643492,-0.20504514511086325,0.07156470647537008,2.576967102882402,0.3035041480344155,0.02513759999441127,0.1924185995408504,0.1763429869759671,100.29753974306648,101.06304891295994,99.09015505952239,96.68780073170348,110.44972163019993,96.68780073170348,100.56575489156828,3.6256048657123756,469.4384622448034,6.2710403952289315,1.5621253721594723,0.12575493331381438,低,False,False,False
1132,0.3089954522431612,0.25318061466914066,0.0734342963653308,0.9552656104380244,缓和路径,1488.304672945013,513.8709869739848,259.6640133600901,-0.2679020231332539,0.13235024567568265,1.8657442712183532,0.29386683168254907,0.022440810340778442,0.23460558585238173,0.21273585530790678,95.81299699922283,95.81201003474274,93.3620881153631,90.66718855785733,101.99159116010193,90.66718855785733,94.33508266484469,0.0,288.15514959290886,5.877782262688029,1.4651127863015496,0.0,低,False,False,False
1133,0.5501727931726068,0.453977409157674,0.0734342963653308,0.9552656104380244,中性附近,1654.4699292910493,396.6770666347794,226.05430164725504,-0.21349705703323926,0.0994957103780112,2.291460024188697,0.33472234530278905,0.025877915781697867,0.19293014133977354,0.17678427171711975,100.41023034663678,100.69969987203457,98.79761185745416,96.33603835899525,110.14910684108922,96.33603835899525,100.2268592602264,22.45418880210127,383.67374053203633,7.411156473900965,1.7228043557642563,0.0,低,False,False,False
1134,0.6288698965002023,0.600885552330572,0.0734342963653308,0.9552656104380244,中性附近,1616.71143522586,399.4541847616566,266.7472439232507,-0.19835200203635917,0.09228898667718406,2.7685179756322813,0.36,0.023591288546026296,0.17933128188476502,0.16505313031829927,104.71810840784758,104.57524604075078,102.41175695386508,99.68232657732271,116.5390291667359,99.68232657732271,104.83284572164709,21.741201468556028,386.35982296346486,8.253728486983663,1.8529075718386598,6.215062469849784,低,False,False,False
1135,0.3197362198812518,0.3325383120315591,0.0734342963653308,0.9552656104380244,缓和路径,1548.6242361953732,545.8716655039201,283.83925481323985,-0.2704451023898523,0.12517882571131947,2.351565656758455,0.28872657276033104,0.025017210021102645,0.2327495812045197,0.21113476125785255,100.8292048768249,100.4093607141931,97.45174087999098,94.29791629673883,104.04372163558848,94.29791629673883,98.80277681215672,0.0,248.6543149543595,6.304824139408626,1.4394853310738775,0.0,低,False,False,False
1136,0.5634679191478943,0.532635987316595,0.0734342963653308,0.9552656104380244,中性附近,1643.9958262777448,446.2779106291465,222.90605011654307,-0.18934928012130223,0.08627602758514387,2.2168193908709948,0.34232059028616957,0.029603918698227236,0.19063274357124385,0.17480240712317174,99.83888442635588,100.14716845273185,98.31223305727418,95.93966646316002,109.78535804287458,95.93966646316002,99.73298358974729,43.37290345787187,431.6486373676687,7.589243202161635,1.761912260382009,0.0,低,False,False,False
1137,0.858344430792691,0.7655158856501623,0.0734342963653308,0.9552656104380244,高压尾部,1800.0,305.78650743886476,150.0,-0.14947787293878148,0.05634637320555378,2.8067229696894946,0.36,0.024820456194815422,0.139678082359023,0.1308460490486422,117.13215372464927,110.32573253927777,107.61845367396616,104.54452378934393,127.17328575046837,104.54452378934393,112.10468545698966,178.83625902735184,293.7578564020534,10.837530542819783,1.8787204346401214,16.84931905358225,高,True,False,False
1138,0.10778642923338702,0.034523278131612024,0.0734342963653308,0.9552656104380244,缓和路径,1488.0591700784096,668.1688219050219,352.49311736622144,-0.35,0.14476833201821765,1.7486694820094015,0.24143805850340233,0.02246393497950945,0.2693745050284707,0.24272948150047965,95.0494173322637,94.021648719612,91.83183767854833,89.64252739917711,102.16637027970198,89.64252739917711,93.23462901210483,0.0,55.49652321836584,5.527320095952029,1.203722055285501,0.0,低,False,False,False
1139,0.43712585176199104,0.4419533499218878,0.0734342963653308,0.9552656104380244,中性附近,1638.7642377564775,470.2143060597197,272.168754846815,-0.2502876338359736,0.10311218015194407,2.230866824987556,0.33215943417074933,0.0269968091615239,0.21246465281552793,0.19363584055913424,101.82509327956032,101.68500652847338,98.86831585336871,95.66947945644134,108.38188942055524,95.66947945644134,100.3222974990319,0.0,375.41403884624924,7.087202392304064,1.7096131406461845,0.0,低,False,False,False
1140,0.26611408288721555,0.1489012215555645,0.0734342963653308,0.9552656104380244,缓和路径,1491.0243154029654,609.1226320314461,330.5121315031485,-0.30101342273552273,0.12088328046440919,1.9800460373888131,0.2821231426308016,0.027194077051376078,0.24201548647708912,0.219128052555569,96.85917371483067,96.70144234672195,94.6376244306157,91.76756489960201,102.24877475603977,91.76756489960201,95.4353560480532,0.0,131.5782213761795,6.280330966074752,1.4065630381399354,0.0,低,False,False,False
1141,0.22234173565306312,0.23998906761023706,0.0734342963653308,0.9552656104380244,缓和路径,1456.0460960547957,596.6467804313277,292.3591434064831,-0.2970674474038812,0.11272417295974653,1.7075020057670216,0.2643544139696661,0.03236131161935198,0.24957934807915066,0.22565306520596537,93.9989239150635,93.91705358057482,91.74912890715149,89.10094054006527,100.97933172040455,89.10094054006527,92.66833604483409,0.0,181.025444505236,5.417070056195584,1.317974641114323,0.0,低,False,False,False
1142,0.9197446361048254,0.8432849814155342,0.0734342963653308,0.9552656104380244,高压尾部,1736.9731119400024,239.57677875749692,163.26047939526114,-0.15965510567205893,0.0646057192961133,2.8186631761957375,0.36,0.025930849012901238,0.12906812688108615,0.1216933044115892,117.92732422247032,109.50746612755978,106.9112343045231,103.96579741755858,127.49205163853323,103.96579741755858,111.85101266356655,168.77585581724452,230.15260405360343,11.066038108773803,1.8787204346401214,17.16808494164711,高,True,False,False
1143,0.49494092643878845,0.5789630861209437,0.0734342963653308,0.9552656104380244,中性附近,1647.5295248741456,444.5237733571799,284.81529853466066,-0.22386265734281113,0.1062138060758927,2.0109185245491776,0.3043649716957867,0.02481320396995127,0.20247420791137732,0.1850175206040331,96.0462007729129,96.84124522002074,95.36012498268742,93.26083741229998,107.48980163374965,93.26083741229998,96.1390996814045,11.975076339345833,429.9520018292151,6.275637552390381,1.5665560018266182,0.0,低,False,False,False
1144,0.6142869467566673,0.6157702444347726,0.0734342963653308,0.9552656104380244,中性附近,1688.342198575239,358.517397186408,220.38528091518893,-0.2040144920831077,0.07362688620286172,2.456621512723276,0.32147303592978443,0.023981104526429545,0.1818512156004479,0.16722696694277023,102.30832346104252,102.59173323263835,100.6818549501621,98.17265273267346,112.09981795612474,98.17265273267346,102.49808284490156,68.6403227334431,346.7649692765441,8.085132292852165,1.6546106178229418,1.775851259238621,低,False,False,False
1145,0.5746097529517045,0.5562310038844078,0.0734342963653308,0.9552656104380244,中性附近,1586.9139860649852,455.52343372872394,244.0337574188549,-0.25617741124671733,0.08495809069804389,2.501692825973178,0.33277111285569444,0.029100391891357533,0.18870743468994547,0.17314152734147817,102.22596537792072,102.57369535516459,100.11094165657734,97.03630003948236,111.80234987169662,97.03630003948236,102.06145098918617,0.0,327.6141311384981,7.586525930790078,1.7127614297208151,1.478383174810503,低,False,False,False
1146,0.9134047240307694,0.8858603095954556,0.0734342963653308,0.9552656104380244,高压尾部,1774.984893199704,275.184939207671,172.30601969349485,-0.11862893216335717,0.07041403072902538,2.863903868452362,0.36,0.028405163291911353,0.13016366368748303,0.12263837610866601,118.57571191739781,110.32480770134252,107.60652160288981,104.57140571922803,128.39796417565842,104.57140571922803,112.57772126292636,202.3671885268268,264.36005477428245,10.746427249432843,1.8787204346401214,18.0739974787723,高,True,False,False
1147,0.09926856155451586,0.14399437462650796,0.0734342963653308,0.9552656104380244,缓和路径,1455.7109389237098,643.854756646616,306.959645122559,-0.3314304107464964,0.14963811927839313,1.7840317556456062,0.21792395680839236,0.026919039384826274,0.27084639256337967,0.24399921451392137,94.05914974160663,93.23952554354952,91.20211629897497,88.68422756504738,101.58785146702111,88.68422756504738,92.39328926070276,0.0,129.984029796713,4.713501934648054,1.0864893248868226,0.0,低,False,False,False
1148,0.6115093324954275,0.6772470961611954,0.0734342963653308,0.9552656104380244,中性附近,1679.8246981571926,413.6019150500904,228.19362258812606,-0.21102328928258116,0.08435380289852616,2.2943474207478283,0.33286713397682277,0.022265368228891632,0.18233118734479012,0.16764101757833613,100.24701795251377,100.7612681151145,99.03813565233413,96.68955021622716,111.24470673632027,96.68955021622716,100.75177146260054,41.18825059068695,400.0437816703579,7.720837983453176,1.7132556471163571,0.9207400394341505,低,False,False,False
1149,0.4650848410202357,0.4416118951723696,0.0734342963653308,0.9552656104380244,中性附近,1538.8916843290767,494.9380818635483,261.5960030819299,-0.24564517689056375,0.12356231414112817,2.0847716209242093,0.3285091455772548,0.029901480291250674,0.20763333947170326,0.1894680778018288,98.04398382978665,98.65730898995888,96.36508035571661,93.54542780061841,107.32173729183143,93.54542780061841,97.46094337486166,0.0,354.1885363472411,6.810094770446292,1.6908252312731777,0.0,低,False,False,False
1150,0.5791349186128243,0.6658293682966755,0.0734342963653308,0.9552656104380244,中性附近,1614.4471196078239,454.76050522428955,262.1690722308232,-0.20229046237697934,0.09196293252370595,2.349910544696488,0.36,0.02511602510789946,0.18792548606370393,0.17246697445478926,100.52181752496706,100.90955928034572,98.65762446528514,96.26181503499267,111.34520096861952,96.26181503499267,100.63665623029996,0.463783524613973,439.8531671262086,7.310679091235106,1.8529075718386598,1.0212342717334053,低,False,False,False
1151,0.47635832069142675,0.46921007073522225,0.0734342963653308,0.9552656104380244,中性附近,1598.1981543655597,472.5273944875672,273.00225966440166,-0.2530093420413191,0.0996375425852279,2.1507096962702774,0.3216305122768206,0.02803385407257984,0.20568528218452145,0.1877875739651254,99.32050265306417,99.72044705557713,97.30591778818065,94.39041147802331,107.92968146851283,94.39041147802331,98.53702995921583,0.0,354.116615787736,6.790769165162894,1.655421143144633,0.0,低,False,False,False
1152,0.5992193344821973,0.6455007402042732,0.0734342963653308,0.9552656104380244,中性附近,1618.9354305053819,390.5369456875608,243.92037040681728,-0.2142592073500357,0.10126616672924434,2.221650902527915,0.3312321939520743,0.023960260808714898,0.18445489900147627,0.16947305075856967,98.36328054539842,99.0485837095312,97.4906029483691,95.29774915569652,110.312400557172,95.29774915569652,99.02890175714425,24.59135402355605,377.734896647957,7.338467311483209,1.7048406672514722,0.0,低,False,False,False
1153,0.5243775209882003,0.5831960569587792,0.0734342963653308,0.9552656104380244,中性附近,1597.6895322120247,501.64156468822927,250.06691315144866,-0.21741967053866681,0.08082725525198511,2.2896377162383166,0.3537146296646639,0.02764908348879233,0.19738756437323896,0.18062949565321118,100.4137924051541,100.76099248962004,98.36899982088877,95.4281669964736,110.28516879724448,95.4281669964736,100.04353973867484,0.0,485.0753416842217,6.990340667406507,1.820556987710453,0.0,低,False,False,False
1154,0.4519292275520278,0.4277392782211223,0.0734342963653308,0.9552656104380244,中性附近,1615.8748850860654,458.849035698731,244.61839537838358,-0.23309904226856307,0.09180650652591979,2.0933448552712437,0.35315040694983396,0.02591591875840871,0.20990662947900957,0.19142914568435732,100.31983288789529,100.33514815842126,97.70153207492633,94.65763716412403,108.56944396859797,94.65763716412403,99.13333468453524,0.0,420.60848856366465,7.097458769877311,1.8176529528756984,0.0,低,False,False,False
1155,0.572527186226008,0.4445549456855675,0.0734342963653308,0.9552656104380244,中性附近,1599.9126753776661,390.41690430198435,222.9921855831595,-0.18330049598472709,0.07518578946759694,2.3323357908357902,0.36,0.030245725445466106,0.1890673022201458,0.17345196932343937,100.95608446182511,101.15348028162119,99.20100947398448,96.7223801927781,110.59706141225496,96.7223801927781,100.82378957525934,37.700980278468705,377.6187902952165,7.961402056657509,1.8529075718386598,0.2730947153688419,低,False,False,False
1156,0.2261090663937021,0.2631913254108055,0.0734342963653308,0.9552656104380244,缓和路径,1538.832178430368,581.2134345234414,299.2833809343715,-0.2726466405785789,0.14016189021774658,1.79222799307579,0.278803637727072,0.021584524482658497,0.24892835332716823,0.22509148050022865,96.80075977287875,95.87309983781162,93.04651232282386,90.24746247250908,102.48726296832223,90.24746247250908,94.60388811210238,0.0,285.29028201767323,5.457473041624659,1.3900131980276675,0.0,低,False,False,False
1157,0.7313844880249107,0.6328843584520161,0.0734342963653308,0.9552656104380244,高压尾部,1704.5735762635686,352.28543139892173,205.7875626419225,-0.1895930873826391,0.07073223323467451,2.6947908232056386,0.36,0.025112445050796645,0.16161676046929543,0.1497715873164875,109.03383587034884,106.73858493462727,104.4510798001604,101.62844309084001,120.23609421585927,101.62844309084001,107.5788983750608,82.20467656599612,338.42766326146597,9.584929124585464,1.8787204346401214,9.91212751897315,中,True,False,False
1158,0.7479790617152938,0.6178015672557754,0.0734342963653308,0.9552656104380244,高压尾部,1699.414592424421,290.6295280739995,190.86001720382828,-0.14152451162588967,0.10420969135160534,2.444823100688899,0.36,0.0234762082252828,0.1587492181355972,0.14729788393753773,107.96126435204475,105.16920597393413,103.02413882441961,100.38101253335591,118.85835420937626,100.38101253335591,106.17377304437179,150.46456713291445,279.19710352565926,10.01092958666622,1.8787204346401214,8.534387512490142,中,False,False,False
1159,0.7438445802759497,0.7375580755108215,0.0734342963653308,0.9552656104380244,高压尾部,1727.3988129821162,386.6201148987459,179.35776037308563,-0.19571900182001936,0.08182192849830565,2.544370774195174,0.36,0.027632897343200766,0.15946365652831587,0.14791419869786435,108.4592860719648,105.68530875479428,103.5317727934974,100.84409238092368,119.49975766378859,100.84409238092368,106.6911742522308,87.38896613208999,371.4117314913822,9.655725847672505,1.8787204346401214,9.175790966902468,中,False,False,False
1160,0.7064207169617084,0.7846695697748132,0.0734342963653308,0.9552656104380244,高压尾部,1689.68788822382,367.3938634624838,212.81275860456307,-0.14751179458485217,0.08747096446189946,2.2090586479605596,0.36,0.025654108339970578,0.16593050010901678,0.15349286187180544,102.24734421426676,101.61746762446614,99.83115616847651,97.48179005380652,113.95175045577042,97.48179005380652,102.31199379775789,103.32711920297697,352.9417785301894,8.746811484955265,1.8787204346401214,3.6277837588843056,低,False,False,False
1161,0.6837439050783359,0.7547895880159826,0.0734342963653308,0.9552656104380244,高压尾部,1664.2393130757375,375.2881668232314,185.49671622642754,-0.1970056795402108,0.06277432877436495,2.364836195103755,0.36,0.027738941260219065,0.16984905320246352,0.1568732262744303,103.90819772946357,103.56413544103633,101.51793863832404,98.947305508119,115.38617787644287,98.947305508119,104.00207582815625,75.22696682326205,360.5255455592313,9.369117492798178,1.8787204346401214,5.062211179556755,低,False,False,False
1162,0.06242809053557888,0.2429288663226111,0.0734342963653308,0.9552656104380244,缓和路径,1437.9242603158318,658.8532548685307,343.65178960360646,-0.3304721481503534,0.15527509200376494,1.669588988202527,0.23020956305349252,0.02932390277017762,0.2772124259554519,0.24949091314637598,93.78670409244472,92.65980828843422,90.5511981077981,88.2419639175955,101.7423204819969,88.2419639175955,91.98166159502105,0.0,93.73320406321,4.923913939482832,1.1477408744206834,0.0,低,False,False,False
1163,0.28216157028591654,0.21923636452694562,0.0734342963653308,0.9552656104380244,缓和路径,1528.1762865178687,573.0280883099074,359.9361314785484,-0.28350428751183016,0.1170847381904189,2.081262894399723,0.2603058781067636,0.026291499796917528,0.2392424806545936,0.2167359016909267,97.24354564229661,97.04641844902811,94.44514270578142,91.65459556695436,102.38947908369333,91.65459556695436,95.56855798777548,0.0,244.69953864382114,5.474995513824784,1.2977901186740826,0.0,低,False,False,False
1164,0.6816851214995919,0.5846885824708533,0.0734342963653308,0.9552656104380244,高压尾部,1709.7592808257416,357.1273413659887,242.06092789924392,-0.18386619551075312,0.07606787971153602,2.724945707232092,0.359204175961942,0.03342464426963643,0.1702048110048705,0.15718012297393497,107.04773402136298,106.40513665691182,104.05596194015186,101.1983182401103,118.41779334850821,101.1983182401103,106.78689909861028,57.812561238393755,343.07910816899414,8.78503385932811,1.8745672932993511,8.093826651622095,中,False,False,False
1165,0.7376332518522402,0.7510477901980129,0.0734342963653308,0.9552656104380244,高压尾部,1658.407832685572,317.57824206165776,241.12450957419162,-0.14807129152801812,0.07217818129084862,2.745460971814569,0.36,0.02353141021069242,0.1605369740799329,0.14884010281544954,108.94256197334029,106.50899756633717,104.20194472261649,101.4087741551529,120.2026905203413,101.4087741551529,107.38718425211881,113.10439853115895,305.08574236754544,9.523112741373321,1.8787204346401214,9.87872382345519,中,True,False,False
1166,0.5149223675029412,0.46766388736686204,0.0734342963653308,0.9552656104380244,中性附近,1548.2529884618273,464.62175253578175,258.5415626541916,-0.23156119950658394,0.09454851012767419,2.2368282489312494,0.36,0.030600039507788782,0.19902141489549177,0.18203894705349205,100.66554757549939,100.92634826268404,98.36180209706158,95.29730411072467,109.96225660747156,95.29730411072467,100.05258111570419,0.0,374.2733830562174,7.500403578993358,1.8529075718386598,0.0,低,False,False,False
1167,0.6924545318039372,0.7485944139858477,0.0734342963653308,0.9552656104380244,高压尾部,1643.5302562919176,359.10318647567124,202.1398747103048,-0.19789564437147486,0.07248825735875924,2.33579029994488,0.36,0.025432998747588014,0.16834385690427964,0.15557475924744202,103.43745063958666,103.05625433284884,101.10659755658419,98.60011048529432,114.95233763192635,98.60011048529432,103.58347684751467,75.74495146480513,344.9772299300364,9.428772930884245,1.8787204346401214,4.6283709350402376,低,False,False,False
1168,0.43455937436343833,0.5734587527801599,0.0734342963653308,0.9552656104380244,中性附近,1648.7784796809563,512.7198436884944,266.7342422034221,-0.254777310244191,0.1060243803506955,2.3603169339794086,0.33197223882681987,0.026958453989737376,0.21290814010999784,0.1940184176551929,103.58667795734772,103.21063308070167,100.19847868557824,96.83301076247591,109.01490974531578,96.83301076247591,101.8152286755761,0.0,355.29282572732336,7.335118073214978,1.7086496526734625,0.0,低,False,False,False
1169,0.305603124177431,0.29185343923875107,0.0734342963653308,0.9552656104380244,缓和路径,1510.388015494368,534.9628517931003,337.75758290205795,-0.29639253543246397,0.12408876489672328,2.1465670900559566,0.28417736291796564,0.02721385824111777,0.2351917801421399,0.21324153948848723,97.98290482460033,98.00379305853858,95.92441073210135,92.91450307683712,102.7127516066553,92.91450307683712,96.6244886333075,0.0,147.33984135560604,6.431448878425255,1.4168046308755704,0.0,低,False,False,False
1170,0.30937152184604144,0.41656644290575523,0.0734342963653308,0.9552656104380244,缓和路径,1519.707604679274,517.08212900152,288.3492179260227,-0.2767670093500325,0.12092905143554024,1.806821146625464,0.29090931926538316,0.024723015491855273,0.23454060102500401,0.21267979573899456,95.49591020299891,95.55563209857226,93.14913719012725,90.48704914054738,101.71226383468934,90.48704914054738,94.06952234293166,0.0,269.1947048130769,5.831654666959644,1.4503677086307352,0.0,低,False,False,False
1171,0.8407507920061441,0.7303160596876535,0.0734342963653308,0.9552656104380244,高压尾部,1693.769642950923,285.8573791508838,150.0,-0.1781062369916524,0.04106656421735328,2.7467196110803216,0.36,0.025830265707462552,0.1427182631413383,0.13346868006805332,113.8871687110235,107.762845089483,105.34126124584266,102.51460950991937,124.33331974092954,102.51460950991937,109.51925440460887,124.64168961055111,274.6126754885062,10.486642645035003,1.8787204346401214,14.009353044043422,中,True,False,False
1172,0.4593062464336182,0.45985323855019594,0.0734342963653308,0.9552656104380244,中性附近,1519.4917107762749,460.49304335745927,264.25027128786246,-0.26368864031754574,0.10030401532180566,2.4320193879441656,0.3365963022865698,0.023004851165233133,0.20863188061627075,0.19032947558288663,103.16962576643317,103.05495783021998,100.04954303145828,96.67545070914235,108.70168398151347,96.67545070914235,101.5869358316732,0.0,218.73694800758494,7.965070266006627,1.7324495476657766,0.0,低,False,False,False
1173,0.4958627850418538,0.37495369048235033,0.0734342963653308,0.9552656104380244,中性附近,1661.3559708979406,461.5060695604537,264.0281100611747,-0.20958147532479143,0.11000913552913996,2.2889690954401765,0.3449372428957391,0.02527312249063609,0.20231491074476765,0.1848801019041699,101.13321831263926,101.19515289732229,99.12729308918158,96.54612619315495,109.69121942714249,96.54612619315495,100.46617248021936,16.399285706576848,446.37760758053525,7.437228873311247,1.7753800810296279,0.0,低,False,False,False
1174,0.33107463328371417,0.2796547937330573,0.0734342963653308,0.9552656104380244,中性附近,1516.1370711530435,565.7094774098186,275.5482268153391,-0.2432860199997343,0.11416317182160723,1.9306383887979952,0.2456391572979804,0.02322765554439144,0.2307903033685742,0.20944457794438462,93.7453627455623,94.45923246236825,92.50989045424498,90.13547705200412,101.17543633145111,90.0443328675353,92.95067482003722,0.0,374.5275721680664,4.628587525543175,1.264296262493043,0.0,低,False,False,False
1175,0.6001349681992809,0.6350848006842554,0.0734342963653308,0.9552656104380244,中性附近,1626.8382938884788,412.2792395473682,246.0743829557457,-0.2044763059732435,0.08738341673627058,2.3746000323083565,0.3414891805558683,0.02971091651153071,0.18429667749516424,0.16933655998380862,100.33025164228278,100.74241373350567,98.97073194374195,96.59912437207743,111.33826845027507,96.59912437207743,100.70887858546084,24.09223626685889,398.7644643104089,7.545221105429039,1.7576330232026323,1.0143017533889491,低,False,False,False
1176,0.45877100839626866,0.5008838786621689,0.0734342963653308,0.9552656104380244,中性附近,1623.9625692288728,462.48360425638634,263.02988084269384,-0.23775686030837517,0.10958979664074416,2.354410265392769,0.31353099775767235,0.027350809343379832,0.20872436974912476,0.19040926191342078,101.06538376679848,101.1535995340901,98.58722377141488,95.55892283464037,108.64476193289806,95.55892283464037,99.91928903779464,0.0,405.42838514525647,6.498762001958458,1.613733221531447,0.0,低,False,False,False
1177,0.6899997754321255,0.6709700078481685,0.0734342963653308,0.9552656104380244,高压尾部,1689.4758779819135,395.31194444263764,231.35721570889575,-0.19072608464764876,0.07550403122126982,2.590986833450952,0.35951068206129744,0.025675064388738233,0.1687680388053287,0.1559406824247857,105.83541955874881,105.22171517068959,103.04073920478007,100.31471902612627,117.42720114867632,100.31471902612627,105.71818612139226,63.840778709847655,379.7616526059891,9.042190416264091,1.8761668468332424,7.1032344517902,低,False,False,False
1178,0.723368453001492,0.7228069599194173,0.0734342963653308,0.9552656104380244,高压尾部,1696.4738389023325,327.0868389364679,215.6516266524759,-0.18312326823378444,0.07261388273067251,2.5264071203663687,0.36,0.02441856706207119,0.16300193132134216,0.1509665136395844,106.42295473154944,104.84803455689445,102.72873786515392,100.07208521183198,117.88666965991978,100.07208521183198,105.61623977399636,80.14262961564418,314.22030183104283,9.222494318261887,1.8787204346401214,7.562702963033658,低,False,False,False
1179,0.5336279768426934,0.5406138675665338,0.0734342963653308,0.9552656104380244,中性附近,1617.3557301658466,488.99792161897176,229.71217632508527,-0.21378878533403672,0.08430857910855737,2.2037205511448716,0.3375443641912202,0.028178187814130288,0.1957890856015826,0.17925055791542852,98.62456188681641,99.25554768066301,97.12112153150767,94.82062462475574,109.48077111231893,94.82062462475574,98.60787928273663,0.0,472.968259273431,6.788734202715674,1.7373291895593836,0.0,低,False,False,False
1180,0.795868794904876,0.6305754364227067,0.0734342963653308,0.9552656104380244,高压尾部,1688.2821550371793,350.7155702358953,165.7125309519368,-0.17439371245041171,0.04944478007565922,2.7702481083720563,0.36,0.025942762640510986,0.1504738722404374,0.14015910489937997,111.83888008573967,107.25788354318162,104.9255354339753,102.10782136916616,122.63282678857908,102.10782136916616,108.62918770999335,103.36864810194675,336.9195553532331,9.86392205039379,1.8787204346401214,12.308860091692964,中,True,False,False
1181,0.3444307844616737,0.41939248110670496,0.0734342963653308,0.9552656104380244,中性附近,1469.9531219312828,530.7383948234991,282.19167681504945,-0.279732491737808,0.12430678032631456,2.326115020906667,0.32477471688379994,0.02420199535569687,0.2284823604450228,0.20745361650631952,101.79673334276194,101.37511921376971,98.96051842098906,95.80740577215717,104.66953077952252,95.80740577215717,100.02756119849523,0.0,101.7918673621516,7.986733172693244,1.6716042557104165,0.0,低,False,False,False
1182,0.3116484959234279,0.24713018464299322,0.0734342963653308,0.9552656104380244,缓和路径,1572.0658000394833,461.9829350016369,300.4032485264067,-0.25739084794522166,0.13007503246734273,2.2167130952645024,0.2923678160573679,0.029491806874866393,0.23414713990443162,0.2123403740356051,99.88668228797731,99.2921295403625,96.43983201917466,93.40793927497324,103.92970956160316,93.40793927497324,97.82192757059957,0.0,291.0721423067953,5.98856225745428,1.4576392414079522,0.0,低,False,False,False
1183,0.8501278428907099,0.8791891949122345,0.0734342963653308,0.9552656104380244,高压尾部,1773.0012980378754,223.06490685766926,186.01605882632992,-0.15099391755981234,0.061127294773957626,2.8672692272989324,0.36,0.023927797765697263,0.14109790874848535,0.1320708711884449,117.29906518732089,110.54277436171917,107.82948299408295,104.74100549716917,127.40421158472324,104.74100549716917,112.30477267326037,175.59230216490323,214.2902557273012,10.934543996486793,1.8787204346401214,17.080244887837125,高,True,False,False
1184,0.1693905896117332,0.1983998883196944,0.0734342963653308,0.9552656104380244,缓和路径,1470.8447221104782,596.5594953775058,323.26079500659915,-0.28784666130806447,0.15137033100560662,1.887338779517584,0.24686067177425258,0.03060946170276299,0.2587293061150925,0.2335463338928017,95.31342573090423,94.83028288683906,92.4856682261799,89.7644652907717,101.82082705929263,89.7644652907717,93.66054155699109,0.0,179.0490419560083,5.0458653912562,1.2307572262600652,0.0,低,False,False,False
1185,0.8931968934772513,0.8100466320518681,0.0734342963653308,0.9552656104380244,高压尾部,1793.748239756663,243.2548410766217,191.41480684490622,-0.15275318751803874,0.039586720282216624,2.7013314951390357,0.36,0.02708354138935036,0.13365557680713097,0.12565069686207295,116.52675453444581,108.77958185759682,106.25114639806905,103.35244357511775,126.5267253694075,103.35244357511775,110.96576630422821,167.11667969019982,233.6859833110099,10.560452406195818,1.8787204346401214,16.202758672521384,高,True,False,False
1186,0.588452247588926,0.6414191027192843,0.0734342963653308,0.9552656104380244,中性附近,1597.1491072530152,405.29190047452454,272.0738421084367,-0.19122231388922542,0.09228613471145389,2.463323960796744,0.32318659270659483,0.02338325381303122,0.18631545161663357,0.1710780681411353,99.28294998870042,99.91433525851073,98.26424033911555,95.94293230283833,110.50246888899105,95.94293230283833,99.77695203448886,13.056104442779542,392.0061746487788,6.644315449502022,1.6634302353966295,0.17850219210492924,低,False,False,False
1187,0.46067084025533667,0.4635062223844074,0.0734342963653308,0.9552656104380244,中性附近,1568.876499293,494.40901742919675,278.63342240647523,-0.23120359005149357,0.09701944681254213,2.251116603705265,0.3034325562053473,0.03388888322678128,0.2083960788038778,0.1901260596705131,98.4219648408286,98.92170215802344,96.67887553425037,93.91192781870477,107.54200572576487,93.91192781870477,97.7134396553028,0.0,435.03312052066394,6.05485416099338,1.5617568914867992,0.0,低,False,False,False
1188,0.42970062469316267,0.4058096452453562,0.0734342963653308,0.9552656104380244,中性附近,1596.33376004333,493.6856136443462,230.25512268533524,-0.2380319815256024,0.1346277403723925,2.125847125095904,0.311738167642577,0.027784274233698097,0.21374773205302147,0.19474269691063395,98.6920442881702,98.95966434877151,96.54750885273394,93.7154072548204,107.02881456840778,93.7154072548204,97.61396890115819,0.0,477.5022857779012,6.265433732946771,1.6045055868223346,0.0,低,False,False,False
1189,0.9003910935510562,0.8737169382650916,0.0734342963653308,0.9552656104380244,高压尾部,1791.8789511189373,303.36685573935335,150.0,-0.12511509937127646,0.05761620994023855,2.836988052427859,0.36,0.024797843714706492,0.13241241903437748,0.12457827901251257,118.30208798441,110.36760814949773,107.65501695815476,104.59846606717596,128.12998580337523,104.59846606717596,112.49475048467056,199.67185373009124,291.4333859653381,10.771062394079575,1.8787204346401214,17.806019106489117,高,True,False,False
1190,0.4617330268146642,0.5623542357804263,0.0734342963653308,0.9552656104380244,中性附近,1597.5321938151533,479.77817786233703,255.27308296868694,-0.21736003107503699,0.09493795266632682,2.150513981323733,0.34522180498680266,0.025610542364923324,0.208212532966426,0.18996772270266402,99.77779178827274,99.85798981158388,97.32905253006301,94.44568959254515,108.30816473296052,94.44568959254515,98.68307475867776,0.0,464.0507445709443,6.732942703248448,1.7768447122884887,0.0,低,False,False,False
1191,0.9220432598472605,0.7966002903367784,0.0734342963653308,0.9552656104380244,高压尾部,1777.1457062199647,264.8058161154619,183.44805745654918,-0.1,0.04867255735450917,2.703282916455472,0.36,0.022026212447698413,0.12867092469839336,0.12135065545749818,117.3718586211777,108.92241257218501,106.36049150873974,103.46660630252009,127.0116541505413,103.46660630252009,111.3055463304547,225.4510092202254,254.38921277593178,10.742495216274888,1.8787204346401214,16.687687453655187,高,True,False,False
1192,0.7679936813878219,0.8029287273729994,0.0734342963653308,0.9552656104380244,高压尾部,1709.2389991927987,303.6163127562406,185.89754336606055,-0.15028207149049053,0.05933084271367673,2.4714428902393215,0.36,0.0337072084763965,0.15529069185618438,0.14431436455125676,108.83820818029513,105.40963479953696,103.23999776078044,100.6008284108423,119.88867985220081,100.6008284108423,106.58021440331608,141.7195983340207,291.6730301509466,9.980312479727962,1.8787204346401214,9.564713155314692,中,False,False,False
1193,0.767805705221666,0.7539506349949603,0.0734342963653308,0.9552656104380244,高压尾部,1691.9329522621767,357.38687739300286,183.01807882077523,-0.13369305720542682,0.06856865207597573,2.3182209148772928,0.36,0.02791571221967564,0.15532317413769609,0.14434238559512672,106.6074507318361,103.51987011709963,101.57727787524284,99.10255183123192,117.60223408896208,99.10255183123192,104.68107220907865,145.24496987525708,343.32843488910794,9.619521921803697,1.8787204346401214,7.278267392075961,低,False,False,False
1194,0.17185546298469875,0.297580853134488,0.0734342963653308,0.9552656104380244,缓和路径,1480.968006195818,622.0618994113122,333.9877849315281,-0.30108363922408105,0.14470557139706394,1.8061570792868744,0.23317078236651542,0.023021151691171176,0.25830337599624403,0.23317890260440882,94.14242084324378,93.83235133395094,91.61825911205723,89.04383314398412,101.26308532977141,89.04383314398412,92.67620107201435,0.0,184.2724404680921,4.760605533227908,1.1625044333215386,0.0,低,False,False,False
1195,0.036808504950401305,0.1904855265462186,0.0734342963653308,0.9552656104380244,缓和路径,1400.0,668.3416371068203,350.90298676507234,-0.3324526660405068,0.1461497299357417,1.65,0.2397538112193146,0.03214852023122417,0.28,0.253309948007517,93.43174508339747,92.1525113070479,90.01061912520056,87.96129325112095,101.66533304311075,87.96129325112095,91.55328269755113,0.0,50.0,4.97967822205772,1.1953250129344397,0.0,低,False,False,False
1196,0.6433303887876873,0.6094075010089367,0.0734342963653308,0.9552656104380244,中性附近,1664.6751999817138,387.2383443340001,231.96295172604354,-0.16106420613380457,0.07019793993602974,2.1762943084107653,0.35480303141384145,0.02571798123540555,0.17683250881748763,0.16289754805989162,100.23723753804654,100.56086084049947,98.8416931485969,96.53386025842332,111.37251238454856,96.53386025842332,100.76549339879054,86.26882835805009,374.5444255411161,8.356669187746519,1.8261589539389351,1.0485456876624397,低,False,False,False
1197,0.36913962743652995,0.5669489080718694,0.0734342963653308,0.9552656104380244,中性附近,1511.2575514702578,535.278362531131,287.62902273874465,-0.2244549157572097,0.13259679449476713,2.3197427572259106,0.31997085260692604,0.031420037604199896,0.2242126723789676,0.2037703433173094,101.24656208149358,100.72325917005011,97.77315430645393,94.58992009706063,105.37578764019631,94.58992009706063,99.16660434712097,0.0,272.45614468974236,6.517642669031842,1.6468789321195694,0.0,低,False,False,False
1198,0.10806310122969495,0.1920618422626238,0.0734342963653308,0.9552656104380244,缓和路径,1434.5845322677578,629.4776938260252,342.37540634407196,-0.34692688608547634,0.17,1.723620478839704,0.2099627921481238,0.03136643872761921,0.2693266961075087,0.24268823883496157,92.64366728242895,91.98225262099241,90.08790575728857,88.06389586105394,100.83683381744594,88.06389586105394,91.20295069989908,0.0,63.135783640866066,4.606514742021423,1.0467978630405548,0.0,低,False,False,False
1199,0.9043164740426503,0.8722074666427353,0.0734342963653308,0.9552656104380244,高压尾部,1782.135108958277,247.21638971246242,186.2012772486219,-0.1,0.055736847885218946,2.921536962326938,0.36,0.026150704763829524,0.13173411328543003,0.12399313430395359,119.58283244701582,111.52471740355212,108.66616049722309,105.58288316216468,129.36551373554457,105.58288316216468,113.60877609599498,299.59374109618693,237.49169745138843,11.006354263958979,1.8787204346401214,19.04154703865845,高,True,False,False
1200,0.5093094930620775,0.5704105301260025,0.0734342963653308,0.9552656104380244,中性附近,1606.661487520673,469.8625878626253,282.1039172184824,-0.20190747456795186,0.10438420415164461,2.128916359368449,0.3257960275323724,0.021445888958975746,0.19999131959887298,0.18287564142895715,96.82074182658833,97.78516973051586,95.89654505003837,93.73442143936627,108.29243833890041,93.73442143936627,97.007870599829,0.0,454.4601939070358,6.24742209143682,1.6768609063602484,0.0,低,False,False,False
1201,0.2091064851760514,0.2980242435926399,0.0734342963653308,0.9552656104380244,缓和路径,1548.7260394024368,585.556308699315,341.31203031912355,-0.2651063907466335,0.11873206265039904,1.9572132918830483,0.23541351214478412,0.02878900272709283,0.2518663993615783,0.22762600433878585,95.83271548440034,95.18896884842432,92.6566191527885,90.06254718499933,102.08907708774262,90.06254718499933,93.9752356504638,0.0,295.25796076698316,4.487912641355282,1.1736858655898463,0.0,低,False,False,False
1202,0.8493031868320252,0.7798700483907389,0.0734342963653308,0.9552656104380244,高压尾部,1749.8075320240034,244.12300892766424,188.3042752139275,-0.11099498835794135,0.051251721391155025,2.987226416566456,0.36,0.02579173962061016,0.14124040931542603,0.13219380019625795,117.74322509591623,110.92059432043878,108.16199493342455,105.03775840809307,127.85400914739634,105.03775840809307,112.68020385137952,195.08306856807394,234.52000025000262,10.533480542772136,1.8787204346401214,17.530042450510223,高,True,False,False
1203,0.2759898892729776,0.34466705822998756,0.0734342963653308,0.9552656104380244,缓和路径,1529.3561092265466,510.1447063440935,291.346655362735,-0.26743901801356806,0.12958039811949168,2.0028160375044926,0.26442766483754265,0.020192089449224637,0.24030894713362944,0.21765589568778096,96.38348981001995,96.19597329599205,93.7144311228031,91.0256722079873,102.37126030094998,91.0256722079873,94.78694278781725,0.0,316.33571468341324,5.259776205377989,1.3183398432112021,0.0,低,False,False,False
1204,0.7734222100068846,0.7729393004531192,0.0734342963653308,0.9552656104380244,高压尾部,1729.6880915533504,366.0214678902489,173.30359151529154,-0.1415859355397046,0.05567234869150486,2.8918875639897683,0.36,0.027279991558086233,0.15435264211081032,0.14350515005510595,112.85610452913217,108.60472352476273,106.12047682259316,103.16635406077474,123.85909688803868,103.16635406077474,109.83600125773145,125.43664490057017,351.62336855581873,9.573881583279514,1.8787204346401214,13.535130191152561,中,True,False,False
1205,0.46187980790215993,0.40998722864638165,0.0734342963653308,0.9552656104380244,中性附近,1595.8524640249946,470.9977711831676,269.36221211125854,-0.22830723088289445,0.11314901595301859,2.4409158862701994,0.3172126178080016,0.026360469389554615,0.20818716919450675,0.1899458424857402,101.63552150556443,101.61107554049602,98.97222018054144,95.89044514673972,108.74108193882348,95.89044514673972,100.37627862733208,0.0,366.88650069771575,6.530612042176217,1.632682392831136,0.0,低,False,False,False
1206,0.18422043020220435,0.21993071619162588,0.0734342963653308,0.9552656104380244,缓和路径,1458.639351963468,595.1142142811352,350.1465454944544,-0.3255109330765777,0.14734431196312364,1.7231824759005805,0.2549089404201737,0.0289588580653904,0.25616670966105903,0.23133569398951848,93.89351952768683,93.60511258289968,91.70440638013444,89.36898351796732,101.0487389966458,89.36898351796732,92.5919424988428,0.0,88.65696100269997,5.582654679929729,1.27088295679323,0.0,低,False,False,False
1207,0.968385216298904,0.8436202719804226,0.0734342963653308,0.9552656104380244,高压尾部,1800.0,221.09111880775566,165.16284488191667,-0.1,0.035,2.87116272195741,0.36,0.024493992364386877,0.12066303462354938,0.11444259886017769,121.66085147071388,111.89423158869201,108.97248587059919,108.08426985184332,131.05719220713502,106.87577972990998,114.71071164981109,790.6600640429642,212.39411010795754,11.5001065812736,1.8787204346401214,20.7332255102489,高,True,True,True
1208,0.6553477493651277,0.6555454090559683,0.0734342963653308,0.9552656104380244,中性附近,1651.7557349262554,337.7820289842677,236.01541020576713,-0.16966818925156685,0.07478507559418296,2.183643062865264,0.34508809841439886,0.02273519063068578,0.17475590890970594,0.16110615612532814,99.74791579343044,100.17596089090657,98.55731982103848,96.30934204903369,111.31400601312977,96.30934204903369,100.48335551970041,85.12743279297138,326.70931960938304,8.277488747242051,1.7761565291762342,0.9900393162436529,低,False,False,False
1209,0.41205105771833134,0.38265814624553324,0.0734342963653308,0.9552656104380244,中性附近,1637.9215466769213,535.5013018347597,232.42621518456306,-0.24810468424045898,0.12271688593509354,2.168377808850571,0.3153757001732258,0.025044739720710182,0.21679757722627233,0.19737366497749917,100.38877360590189,100.30483920736575,97.66149773798895,94.63989139631036,107.32433721906168,94.63989139631036,98.90836392527571,0.0,472.3971167618947,6.5278311066355155,1.6232278411802474,0.0,低,False,False,False
1210,0.6234488425063504,0.5137092153616506,0.0734342963653308,0.9552656104380244,中性附近,1640.9227708097862,374.62355608495017,248.20786943071275,-0.22202957125653167,0.09227080467250132,2.422229179786305,0.36,0.02160010248576789,0.18026804001490263,0.16586123059446556,102.7550739210533,102.82088460434919,100.78238485374655,98.19692964858687,114.05086921695701,98.19692964858687,102.93306862771878,28.150654972130724,362.3431580602594,8.616901172324038,1.8529075718386598,3.726902520070894,低,False,False,False
1211,0.36112076015867,0.3845422782324077,0.0734342963653308,0.9552656104380244,中性附近,1524.5103621873604,557.5827678089212,318.0277521067081,-0.25251201087893166,0.11514283446165877,2.2116448680527934,0.27428129461020134,0.02756187795126772,0.22559833264458182,0.20496569183608981,98.12608233324285,98.32934340496183,95.88351481765248,93.05823440428718,103.56866756415393,93.05823440428718,96.72776711839023,0.0,231.45992572142313,5.738321864998555,1.4117163544359785,0.0,低,False,False,False
1212,0.347842656474954,0.4020539020793232,0.0734342963653308,0.9552656104380244,中性附近,1555.5688516729135,504.02909547765876,292.2409881343032,-0.23953541718352278,0.10637352338215195,2.1483428483806803,0.30553899271310414,0.025066583334205958,0.2278927889611279,0.20694501896803585,99.65755576325252,99.34880669708917,96.60183227358239,93.5906328659932,104.47306447235067,93.5906328659932,97.82164254266975,0.0,326.5879897015093,6.207240368258632,1.5725986474724105,0.0,低,False,False,False
1213,0.739889769374166,0.7703040249545027,0.0734342963653308,0.9552656104380244,高压尾部,1716.2627290170599,320.99368149116555,185.79696990761022,-0.17877175280590255,0.06424069343887331,2.767159301146837,0.36,0.026860271495510072,0.1601470478521441,0.14850373050949017,110.65769723936118,108.00312270320345,105.52899283300387,102.59452108963475,121.98770358013894,102.59452108963475,108.88120237937103,104.76300065026044,308.36682946941454,9.946985224563605,1.8787204346401214,11.663736883252824,中,True,False,False
1214,0.20793514072406877,0.19193502490412054,0.0734342963653308,0.9552656104380244,缓和路径,1473.2837765095435,576.7672956376622,323.6892869123483,-0.2844535883816549,0.1113717421187207,1.7898032571740583,0.25912607368518087,0.030381175122567723,0.2520688076828809,0.22780061314663144,94.82428072872808,94.56870997374862,92.06927406662363,89.41604983408651,101.48390097614681,89.41604983408651,93.24784872685447,0.0,208.26450128001306,5.190715536912693,1.291908044356613,0.0,低,False,False,False
1215,0.6726219763400567,0.8262786198514839,0.0734342963653308,0.9552656104380244,高压尾部,1656.0512120357005,387.2888455134577,220.20655408532372,-0.17837748558425115,0.09096137776916324,2.645827843721099,0.36,0.024549623962525812,0.17177092248843817,0.15853113886764525,105.47995307706606,105.0472133127075,102.86261818761231,100.14136955443321,116.86707410637689,100.14136955443321,105.44432170266454,62.531066903793544,372.0541564091247,8.84126182122249,1.8787204346401214,6.543107409490773,低,False,False,False
1216,0.15039664817119747,0.1932980947889982,0.0734342963653308,0.9552656104380244,缓和路径,1528.1364626638328,574.9972119381426,320.32196533793825,-0.3400413162574519,0.12709980087153724,1.6779668783354738,0.2673721319244596,0.028216151799332737,0.26201145919601704,0.2363777038332212,96.18786613861936,95.23203743718987,92.96146195210603,90.08494599742811,102.50707705525616,90.08494599742811,94.26523060150606,0.0,142.07381553271807,6.003196216157142,1.333019881625834,0.0,低,False,False,False
1217,0.8599212207908528,0.8200888319389642,0.0734342963653308,0.9552656104380244,高压尾部,1724.2457997962372,254.67495306695767,194.08284941449682,-0.13436168688446312,0.07781568414849421,2.9649304271145938,0.36,0.020894553094029426,0.13940561304734062,0.13061100168803375,116.94839617604781,110.17729553335298,107.48284867821928,104.41177204682843,127.1696050061088,104.41177204682843,111.9674861071978,166.43865115428707,244.65686507505632,10.498130514354981,1.8787204346401214,16.84563830922268,高,True,False,False
1218,0.7533817984905875,0.6695123470445523,0.0734342963653308,0.9552656104380244,高压尾部,1731.70684504454,348.766995427278,214.64790412679926,-0.16462180471473764,0.08884245572682174,2.4784518809406086,0.36,0.025711154896736643,0.15781562522082648,0.14649251415425943,107.78235397135772,105.03460638309038,102.91414765488881,100.27444351430721,118.8394983475892,100.27444351430721,106.0449692004181,110.35518534255971,335.04763116791594,9.434642677599431,1.8787204346401214,8.515531650703082,中,False,False,False
1219,0.2740235505138001,0.3584835638361856,0.0734342963653308,0.9552656104380244,缓和路径,1542.3436061343923,593.682669921022,321.6909041365019,-0.2893137493250636,0.09432083852378031,1.9180896469618411,0.2673522913373063,0.023128285127663722,0.24064873047121532,0.21794901191501828,95.92141048518451,96.06077450419592,93.64327470691046,90.92608223167048,101.75314289674976,90.92608223167048,94.56278859904013,0.0,212.40316595440163,5.537586891190453,1.3329209636984194,0.0,低,False,False,False
1220,0.11641426349259776,0.10687921698375548,0.0734342963653308,0.9552656104380244,缓和路径,1484.4743683589145,689.9420995972805,330.6442425279197,-0.29887750882953096,0.13213744637457797,1.7089416992030704,0.2372801784245394,0.02428717971967792,0.2678836152684791,0.24144335609839135,94.24938745586623,93.43394932706279,91.21759981630422,88.57733774670491,101.63871754032358,88.57733774670491,92.49274576888547,0.0,166.42182262848837,4.7363869421501965,1.182992382485846,0.0,低,False,False,False
1221,0.39578443017419507,0.32200344047764784,0.0734342963653308,0.9552656104380244,中性附近,1572.639360222705,552.5356098626258,279.9601521540808,-0.29286000705196447,0.10747870273183949,2.126796899164276,0.31472561178839276,0.03016005502559523,0.21960845046589908,0.19979848240702833,100.4321077824342,100.58509609902552,98.05033586506181,94.82324743258114,105.64440089429453,94.82324743258114,99.03059904489557,0.0,194.80243796842842,7.446752477906426,1.6198818587062986,0.0,低,False,False,False
1222,0.5214892157832196,0.4373682792568332,0.0734342963653308,0.9552656104380244,中性附近,1579.5090418000293,487.48251784747686,219.2779351501663,-0.21985942606852266,0.09230194303222736,2.2500579001540033,0.34694427548855244,0.02709736919253132,0.19788666351265963,0.18106004665610556,99.77222963536592,100.1013022875396,97.75332422390576,94.87501104745712,109.7677574061512,94.87501104745712,99.31930891971275,0.0,468.21000597384955,6.85529893990036,1.7857102084967131,0.0,低,False,False,False
1223,0.8908011583376939,0.8921856874969933,0.0734342963653308,0.9552656104380244,高压尾部,1752.9599574939768,285.47464257767814,186.20529766227793,-0.1504625735699938,0.06935055897565037,2.9730579326963813,0.36,0.02670195511030551,0.13406955983924648,0.12600782192116536,117.98753646352507,110.15128004797603,107.51852295968415,104.49071054047968,127.75718601062847,104.49071054047968,112.27012746832094,146.264788241946,274.24499453275297,10.307291979580965,1.8787204346401214,17.433219313742356,高,True,False,False
1224,0.1769460297474736,0.3504609903860546,0.0734342963653308,0.9552656104380244,缓和路径,1484.4991289691218,624.8275356365575,359.93115895988774,-0.2968099997973039,0.144219618622185,1.65,0.24682574477371813,0.02702479739351661,0.25742372605963654,0.23242006706956508,93.60521458490244,93.3050347426792,90.90476556487943,88.37137023655875,101.00064108578232,88.37137023655875,92.07971974825386,0.0,211.40528011609786,4.869130233928639,1.2305830929807928,0.0,低,False,False,False
1225,0.3700929354918196,0.40360462647451256,0.0734342963653308,0.9552656104380244,中性附近,1582.5012355190652,546.0379456166523,304.1907751799985,-0.27012685108253076,0.12050106603087497,2.3216394487120144,0.28681334554206883,0.019922270450317844,0.22404794074701356,0.20362823654183276,101.13794206818199,101.08310353138276,98.20907494915156,95.03827085371407,105.09638654907583,95.03827085371407,99.3867180357617,0.0,221.5118527208051,6.453174827091338,1.4762183879424369,0.0,低,False,False,False
1226,0.25093060476977863,0.26877660511734663,0.0734342963653308,0.9552656104380244,缓和路径,1513.0849924105792,620.1714483718995,343.44544692760695,-0.27669907953545864,0.13468873009704396,1.8924393129036634,0.2738809656103052,0.02581263848254845,0.24463919149578225,0.22139140814541944,96.43282747147886,96.10965900922056,93.41623114629839,90.64057167299032,102.10800535724773,90.64057167299032,94.67657878034416,0.0,248.93239078623992,5.530566675604136,1.3654705512112475,0.0,低,False,False,False
1227,0.19454267808135703,0.1987172647716187,0.0734342963653308,0.9552656104380244,缓和路径,1482.3299798300798,623.538250501174,338.785114307877,-0.30088534851221443,0.1320615360040152,1.898747661764247,0.22540853824879867,0.0276634607972256,0.25438302522754147,0.2297969874259498,94.33970667506746,94.1013241314233,91.99727524972285,89.41297600526642,101.2387802008111,89.41297600526642,92.94133174190837,0.0,170.02551313547883,4.657782960914615,1.1238047167113085,0.0,低,False,False,False
1228,0.13499810972452397,0.17581455742470686,0.0734342963653308,0.9552656104380244,缓和路径,1499.600288869937,637.2739732503294,301.44030019526866,-0.27681828290520777,0.1577475281832446,1.7095399113585872,0.23793335810796817,0.03141542593544641,0.2646723266396022,0.23867311782198178,94.43829912504685,93.59244165881998,90.91512774538805,88.38102481216858,101.61536318983667,88.38102481216858,92.47994736524399,0.0,251.68525838446294,4.477269942051648,1.18624889803224,0.0,低,False,False,False
1229,0.5547567644758271,0.5021660569248705,0.0734342963653308,0.9552656104380244,中性附近,1593.52786838301,447.55049868713337,255.5153484788214,-0.22100668389374284,0.09992698214237124,2.235133565302392,0.3464950765563757,0.02541989324247087,0.19213803109857705,0.17610095284955785,99.09336660452679,99.617841515217,97.82538360375983,95.52704259845589,110.28425488356524,95.52704259845589,99.35412552065787,8.789511169767138,432.87950918112233,7.5324888121684195,1.783398197100346,0.0,低,False,False,False
1230,0.550935514153033,0.5055255650412376,0.0734342963653308,0.9552656104380244,中性附近,1557.7516470224518,416.88622236973487,242.6344035920122,-0.22520191220833075,0.09454308168305682,2.449631922588799,0.3321885969188918,0.0278952988238292,0.19279834315435587,0.17667057518585122,100.59414098419822,101.06735431309701,98.72810634498441,95.94846397119976,110.58858634775781,95.94846397119976,100.43444557620077,0.0,403.22042731078994,7.013453815529577,1.7097632403040974,0.26461965087169403,低,False,False,False
1231,0.3213870341584448,0.36706530015635863,0.0734342963653308,0.9552656104380244,缓和路径,1541.1603682888501,585.862363211849,291.0273753292376,-0.2735747355827188,0.1258838696106817,2.210303543808025,0.26861074873668644,0.027852319553947433,0.23246432049742072,0.21088867931976235,98.1295908795851,98.07746366786441,95.5122757091315,92.66336453455942,102.64318764432106,92.66336453455942,96.50973359172436,0.0,244.04886580762286,5.663056982386159,1.3391951730615208,0.0,低,False,False,False
1232,0.4829385276391611,0.4655544598332868,0.0734342963653308,0.9552656104380244,中性附近,1564.3387596849645,465.21727483429805,243.95074023098402,-0.2414277727923001,0.07617131146465013,2.4601289684945455,0.31410247942442715,0.026772534439076852,0.20454822242395293,0.18680668223120683,101.06844247211848,101.32685733365969,98.84605178772452,95.83995515081676,109.06446359971262,95.83995515081676,100.23487883392472,0.0,339.1441522140467,6.762754559070587,1.616674617941161,0.0,低,False,False,False
1233,0.40109420091575326,0.3425438809076783,0.0734342963653308,0.9552656104380244,中性附近,1534.1458103260588,520.8675022698394,273.7229462492011,-0.2553186620109947,0.1154709475681066,2.138332737497722,0.2914686205979992,0.02608382779486253,0.21869092208175783,0.1990069707918518,98.07336285610093,98.3656646797533,95.95307512107907,93.1256308480292,104.91121053634033,93.1256308480292,96.85259033303865,0.0,300.12547093688954,6.128581100649077,1.5001789279427844,0.0,低,False,False,False
1234,0.6687772879111302,0.6931286679667205,0.0734342963653308,0.9552656104380244,高压尾部,1611.3120470727008,408.35193034771953,224.39115637748563,-0.20494129203510653,0.07327538621299587,2.3943268426951234,0.36,0.023563384140211443,0.1724352846489567,0.15910425505219394,101.28028356734683,101.34745306823652,99.57368435272122,97.18471645716086,114.54422227110959,97.18471645716086,101.99729238310147,16.105410580552416,392.28868769028134,7.989381569677889,1.8787204346401214,4.220255574223472,低,False,False,False
1235,0.08893660799779014,0.18198541005714777,0.0734342963653308,0.9552656104380244,缓和路径,1480.0368643687043,672.9395860436907,333.4122785841337,-0.342367129113895,0.14776091892063734,1.65,0.24414854918432038,0.02845665729341875,0.27263175413798185,0.24553936787376546,94.42146592567488,93.298692647082,91.1261665367558,88.93204919183846,101.91314299675903,88.93204919183846,92.57478016708123,0.0,64.9564078007952,5.387845835093568,1.2172355727213646,0.0,低,False,False,False
1236,0.7875022603272637,0.7548193850614302,0.0734342963653308,0.9552656104380244,高压尾部,1726.2276030533656,269.7413714959157,186.90276816358022,-0.1757561227680245,0.06175598437756526,2.704643329863545,0.36,0.026707203485058492,0.15191960941544883,0.14140627914084503,112.41324273438461,107.80291063208287,105.42741390192192,102.57055508762161,123.05295633785938,102.57055508762161,109.14843381692013,125.83675605859571,259.13061938951694,10.33055046214584,1.8787204346401214,12.728989640973268,中,True,False,False
1237,0.3925546048027041,0.3135494900095967,0.0734342963653308,0.9552656104380244,中性附近,1481.5304972764998,520.7582240403718,293.4101752281956,-0.22654872416840965,0.09588897349638337,2.1030736021772536,0.2780567151742112,0.026495462442764066,0.2201665642900927,0.20027994279787312,95.35843129723355,96.11948057551743,94.1008264350237,91.58241682849655,103.82127862106996,91.58241682849655,94.64814607000008,0.0,332.6851275732697,5.312222065358208,1.4311483137413379,0.0,低,False,False,False
1238,0.33689634224624637,0.3214906364132311,0.0734342963653308,0.9552656104380244,中性附近,1524.9878978255147,520.9610238252646,299.7193580116542,-0.3096658693320397,0.14603287591845068,2.111424602368966,0.2645950036152378,0.027084912638520427,0.22978431205984862,0.20857675323248956,97.70226534980917,97.94910730570984,95.99860825182928,93.06510442399414,102.39050690047227,93.06510442399414,96.51950207487046,0.0,136.86182026306778,6.303298714822813,1.3618613490815326,0.0,低,False,False,False
1239,0.1213526981670775,0.04588848241068374,0.0734342963653308,0.9552656104380244,缓和路径,1474.016640131902,675.4668683193566,324.7656729414831,-0.30009738319592927,0.14483571925793615,1.9383149818464036,0.23458061959040213,0.026254604791390898,0.267030253756729,0.24070719843812782,95.78820217377788,94.79323786056241,92.55712895960546,89.97688591267284,102.39524298183811,89.97688591267284,93.91521307830752,0.0,112.93533176441088,4.951276072543963,1.169533367248834,0.0,低,False,False,False
1240,0.028302760825854922,0.13853406354771258,0.0734342963653308,0.9552656104380244,缓和路径,1405.6077124560256,681.3720858720101,310.83350268546565,-0.35,0.15111499887163646,1.695204811719175,0.22031564661084152,0.026807551090409103,0.28,0.25457787379904034,93.26190893864784,91.97858625338556,89.86534919178315,87.84862510142663,101.68004694043944,87.84862510142663,91.40760253901834,0.0,50.0,4.678856143162593,1.0984134174779205,0.0,低,False,False,False
1241,0.549169055679317,0.5083293489807708,0.0734342963653308,0.9552656104380244,中性附近,1587.48560903344,438.9698021550434,249.70429227062556,-0.21127599551807935,0.10108436005418386,2.4840992537203994,0.32905906093804926,0.026570109240578614,0.193103587178614,0.17693389585782113,100.60061959632152,101.08575809567742,98.7903680530615,96.10225892500168,110.49901346846364,96.10225892500168,100.45254185360963,0.0,424.58009332941555,6.683583014701177,1.69365562665064,0.17504677157752724,低,False,False,False
1242,0.5671626922469227,0.6016599421799133,0.0734342963653308,0.9552656104380244,中性附近,1619.8002632848284,451.92535704663646,248.28696832234073,-0.22966148324825997,0.10016292048735803,2.393813651484513,0.339686783904518,0.024468004851134473,0.1899942867797317,0.17425163836767088,100.72371864745294,101.27523864499761,99.01446097001629,96.1139615080879,111.51910579801175,96.1139615080879,100.88715565089785,0.0,427.61782887718255,6.994421695492784,1.7483561498616778,1.1951391011256334,低,False,False,False
1243,0.5706478480023813,0.606529079577905,0.0734342963653308,0.9552656104380244,中性附近,1636.110980485923,405.0282403911362,252.31477707777674,-0.17389386284778321,0.09203299456104069,2.2890410282240494,0.3466166942918597,0.0265038125110312,0.18939205186518848,0.1737321166415153,100.67129682089323,100.95356032431293,99.05685625633957,96.61522380332485,110.15107989915018,96.61522380332485,100.58898592537433,58.20762884501528,391.7511575103272,7.850512077900801,1.7840241593863133,0.0,低,False,False,False
1244,0.4242633203316104,0.4818370021662089,0.0734342963653308,0.9552656104380244,中性附近,1575.9716479842093,513.233225569418,258.6710141018419,-0.25517742586857917,0.1039034028235889,2.3244571536225007,0.3133674986863678,0.028257937920324095,0.21468729824669772,0.19555321958042357,101.35072431046545,101.27560274125261,98.53600205411432,95.4013879678314,107.20242964897668,95.4013879678314,99.81965160138633,0.0,277.9713791087852,6.88074645484735,1.6128916974558671,0.0,低,False,False,False
1245,0.6390081972255566,0.5815852286834376,0.0734342963653308,0.9552656104380244,中性附近,1616.8164127341902,477.55118643347856,226.93261456054432,-0.25955463753071445,0.06084993263395627,2.368654335628107,0.35637037468562677,0.028696957544189817,0.17757938351942382,0.16354184420580026,102.29421095402698,102.34178016218586,99.94431041973046,96.97290719932045,115.00140466442625,96.97290719932045,102.57872266868311,0.0,461.8967553350866,8.137659375297234,1.834226015649939,4.677437967540129,低,False,False,False
1246,0.7018388170674044,0.6702300635083378,0.0734342963653308,0.9552656104380244,高压尾部,1672.1456896883528,354.85882834926645,221.286305208901,-0.19523392168692927,0.05670273976121547,2.7637791042345,0.36,0.027140617161764944,0.1667222524107525,0.15417587196064658,107.6911087149165,106.49859194301898,104.19811536504038,101.37905238616824,119.74604447619744,101.37905238616824,107.1658428355354,58.568553990096916,340.89983110868855,9.231842678074344,1.8787204346401214,9.422077779311323,中,False,False,False
1247,0.4051334762755944,0.38873135886961036,0.0734342963653308,0.9552656104380244,中性附近,1597.1363741351845,522.0521997667105,321.4230184665925,-0.2381240078659061,0.11154589836951011,2.1045930480927293,0.2603901665874172,0.023164989037650817,0.21799293529957728,0.19840484811653789,95.65588676644232,96.5622093065885,94.61799970980546,92.1198670851164,104.6200638602889,92.1198670851164,95.11523215830059,0.0,418.86271782599215,4.992392813738659,1.3402191980615423,0.0,低,False,False,False
1248,0.541598461719803,0.6503602046968212,0.0734342963653308,0.9552656104380244,中性附近,1626.5509018797613,502.19332713681,218.08193152652245,-0.21910400527116028,0.07256649305737621,2.4478341385858013,0.36,0.02943228279633584,0.19441178581481802,0.1780624216161634,102.84266967484467,102.88525501508677,100.2295535504523,97.05726467784156,112.0286083415155,97.05726467784156,102.24201225107076,0.0,454.9290139543373,7.3429402334136045,1.8529075718386598,1.7046416446293762,低,False,False,False
1249,0.3979961532463677,0.45107139550415554,0.0734342963653308,0.9552656104380244,中性附近,1534.1796858317798,495.0273848022306,268.4759079704461,-0.2487777968300034,0.09880636061348302,2.061158240190334,0.3064454112512581,0.02599845284540955,0.21922626471902765,0.19946878747547941,97.99214290372868,98.22398541530231,95.76857399695525,92.92204731941504,105.29100902965342,92.92204731941504,96.74104617956051,0.0,364.6312572062234,6.306326202713514,1.5772639523963006,0.0,低,False,False,False
1250,0.32979562644956095,0.2922864936704041,0.0734342963653308,0.9552656104380244,缓和路径,1519.8122325871234,575.1186582197906,252.98725311858783,-0.2942188360707999,0.10494463498511379,2.0532652986652944,0.294526369830039,0.02684461959561602,0.23101131574951586,0.20963523566095962,97.76194368103576,97.8583224318611,95.63373951926494,92.6293642242168,102.56215914638979,92.6293642242168,96.40191194987383,0.0,172.68560876797346,6.5533001961995945,1.4684010028294527,0.0,低,False,False,False
1251,0.6948818214838612,0.5735014315990673,0.0734342963653308,0.9552656104380244,高压尾部,1670.4764818659694,406.3537452213433,185.70960174663017,-0.17524835033990063,0.08398424260256576,2.4360263599060272,0.36,0.029896192575044892,0.16792442124758877,0.15521293044756165,104.2526517725577,103.76757899215488,101.73088891800327,99.14691624511156,115.91606928247457,99.14691624511156,104.30324809729566,80.52432011771998,390.36910469646295,9.035778382140379,1.8787204346401214,5.592102585588449,低,False,False,False
1252,0.509063251275173,0.52813939988571,0.0734342963653308,0.9552656104380244,中性附近,1587.199583389335,419.6365280684521,233.34230458486093,-0.2317104387935785,0.11186212669962847,2.1787324294099486,0.3298630451387108,0.022606771309210887,0.2000338701796501,0.18291234795433522,98.39761153105079,99.16361725331836,97.08316148590056,94.80056457525427,109.09180906734318,94.80056457525427,98.38207247839422,3.3709675791142217,405.8805762424774,7.136032522668661,1.6977937055757637,0.0,低,False,False,False
1253,0.426098000639517,0.33826649155814137,0.0734342963653308,0.9552656104380244,中性附近,1612.8375073280538,470.5567605830567,281.15935162426837,-0.23026307212705346,0.10369689985552255,2.148301575001154,0.30025300970580815,0.02469480732385172,0.21437026548949145,0.19527972928403883,98.1273238662529,98.54337149183688,96.26138713854715,93.50120037100663,106.5197295452568,93.50120037100663,97.19479573228946,0.0,421.00672116476017,5.82487993805806,1.5453918754201068,0.0,低,False,False,False
1254,0.47500333399468514,0.41826820294160394,0.0734342963653308,0.9552656104380244,中性附近,1577.993069719285,429.94116820460977,232.29963155357365,-0.23097994148200554,0.10346572259202935,2.1745263731209947,0.34508241134141815,0.030106425314297327,0.2059194238857184,0.18798955777216372,100.11197282232558,100.26742002385821,97.69970699575029,94.78582853842971,108.86874386255934,94.78582853842971,99.13241655124313,0.0,415.84742373234315,7.10248839840588,1.7761272580079355,0.0,低,False,False,False
1255,0.21891772521757322,0.21548830007180345,0.0734342963653308,0.9552656104380244,缓和路径,1400.0,584.1344942836496,323.0687244389416,-0.32130956794189125,0.11633646903490746,1.745353230193237,0.22765639223373413,0.020694844864023922,0.2501710170824033,0.22616347218247834,91.80638192895351,92.04721400570823,90.45515138772231,88.20782802533374,99.852440107759,88.20782802533374,90.94120521459635,0.0,109.66398593546728,4.8528374647019055,1.1350116964041566,0.0,低,False,False,False
1256,0.56151076790529,0.6470535421600118,0.0734342963653308,0.9552656104380244,中性附近,1661.5642275557038,417.2568453300371,231.56941640544238,-0.1972908478713268,0.08844588961825328,2.272137439840557,0.2988467803271039,0.027444676437735422,0.1909709393059659,0.1750941537948414,98.45810520306023,99.11989087617245,97.51880367985008,95.29619303214136,109.04758949414254,95.29619303214136,98.6748455647837,45.511609066092205,403.57890101513726,6.673913848205541,1.5381540613547098,0.0,低,False,False,False
1257,0.3237262552465631,0.2512920047033424,0.0734342963653308,0.9552656104380244,缓和路径,1554.55598820383,544.168985989581,286.36385651562745,-0.29795309552100957,0.12289063172665982,1.8794794083484057,0.3152844751115528,0.02862611286929388,0.23206010309339387,0.2105399786409891,97.9554883801732,97.96382153806599,95.40709608665486,92.3548431930549,102.68805202340587,92.3548431930549,96.4177600903968,0.0,204.5110367823272,6.918540386133689,1.5718933408153652,0.0,低,False,False,False
1258,0.2293169724016677,0.2835108992302952,0.0734342963653308,0.9552656104380244,缓和路径,1504.481985987787,571.9554110702259,318.98554385233143,-0.30717881149879855,0.12720341752129033,1.698541088764112,0.2546702114049554,0.024740712365726863,0.24837402716899182,0.22461328756322926,94.11350516969533,94.124564078394,91.72478215051335,89.13406673670255,100.96043826063391,89.13406673670255,92.72104745332209,0.0,217.27065236870294,5.23332124629202,1.2696927410391927,0.0,低,False,False,False
1259,0.5260031531307512,0.5590852661191363,0.0734342963653308,0.9552656104380244,中性附近,1697.4683250061173,524.3567362285544,262.24992915219184,-0.22919840320389925,0.10946276390163857,2.265974450743638,0.3313549122436393,0.025502954282904205,0.1971066551390062,0.1803871675404807,100.32717506885794,100.79170385558696,98.49864434203162,95.94272958759679,110.11130558381252,95.94272958759679,100.07886506833019,0.0,507.16798949007045,6.860992080417997,1.705472294061594,0.0,低,False,False,False
1260,0.5972416444817671,0.5913758635940843,0.0734342963653308,0.9552656104380244,中性附近,1692.0336887870583,337.32328997798254,237.06040620754064,-0.19376886388893863,0.0883621653417021,2.461822044048515,0.34236995814433624,0.02099755094070275,0.18479664383355063,0.16976785908132971,103.31986385990557,103.36354095839269,101.28493092627994,98.66278137390134,112.59512655314018,98.66278137390134,103.17563056638154,65.44125253903621,326.2656183589868,8.392651311210118,1.7621663550436824,2.2711598562540587,低,False,False,False
1261,0.3430461516273262,0.33257832248459507,0.0734342963653308,0.9552656104380244,中性附近,1545.7529900086413,582.973136831581,265.78982306233473,-0.2784780421400907,0.12668334897842634,2.053196125497561,0.2634513896141677,0.02443529904828608,0.228721624998798,0.20766001957426428,97.18052188888767,97.31653450451012,94.92831560275303,92.19499735362692,102.43677947233171,92.19499735362692,95.78380930904946,0.0,279.5148911840097,5.668620735697555,1.3559752072986337,0.0,低,False,False,False
1262,0.46791992851602415,0.5097224727108712,0.0734342963653308,0.9552656104380244,中性附近,1523.6134409146964,453.761637499387,255.9210673821693,-0.2058209596400244,0.10832782248508262,2.182428202372816,0.3199763710066947,0.030933891487085897,0.207143436352431,0.1890454598033915,97.05172987599724,97.79022848924079,95.70044551033513,93.1501812239374,107.4691254483062,93.1501812239374,96.67070528432083,0.0,438.8870429195301,6.027003170034025,1.646907335132669,0.0,低,False,False,False
1263,0.5976634349873191,0.47914653589325734,0.0734342963653308,0.9552656104380244,中性附近,1590.6356396506285,412.16839790673237,231.0236181622697,-0.20853576922090214,0.09663708035493249,2.584365943928782,0.35424593157855183,0.021959788401446374,0.18472375843419123,0.16970498403444628,102.21755802981326,102.48123089787721,100.37498179509339,97.85254059650404,113.63536708117836,97.85254059650404,102.51530964603182,7.319382131527163,398.65725612912877,7.795376626076609,1.8232915803192735,3.3114003842922415,低,False,False,False
1264,0.8940246649775814,0.8064109592380625,0.0734342963653308,0.9552656104380244,高压尾部,1800.0,265.6876000466102,157.26544599900987,-0.11450461155713121,0.059756742795729526,2.6496605039575054,0.36,0.02458430663721088,0.13351253789187392,0.12552730344470833,117.19237658126855,109.45759912045786,106.85527905559796,104.23863923996979,126.81769352210772,104.00402283331879,111.56112383178818,483.9198483577329,255.23631018252908,11.230923768967493,1.8787204346401214,16.4937268252216,高,True,False,False
1265,0.34238166393298014,0.2562225940617247,0.0734342963653308,0.9552656104380244,中性附近,1521.4205006887416,588.601983995311,273.92819291336724,-0.26424702515789666,0.09874393711386302,2.1568139336358128,0.29374268120634695,0.027965640682719898,0.22883644847238102,0.20775907276390582,99.65434872225023,99.33449187613955,96.54192479533403,93.50855315101897,103.50174210235164,93.50855315101897,97.77213006864275,0.0,250.11916792217016,6.409017491980295,1.511883439387305,0.0,低,False,False,False
1266,0.5262978262789062,0.5971233630677083,0.0734342963653308,0.9552656104380244,中性附近,1691.1544644285243,442.2480591505298,250.50524279602357,-0.250891366616946,0.08727837825722598,2.4802524947451663,0.3236621177246599,0.02760241891271459,0.197055735619005,0.18034324149719227,103.05266640316684,103.18679731693857,100.59133220030137,97.44496239054276,111.44145795780068,97.44496239054276,102.39566377850346,0.0,404.9597655185262,7.07271619260566,1.6658777462482168,1.1174912609145622,低,False,False,False
1267,0.4593574434152955,0.5114038820309468,0.0734342963653308,0.9552656104380244,中性附近,1571.865440139283,482.23324824109534,248.14910724270615,-0.22198295013284933,0.11739955765109042,2.389153012927709,0.3310509031163202,0.023195110022889993,0.2086230337778369,0.19032184380222567,101.4214987889726,101.3621834226245,98.69770685780162,95.60947585615061,108.88940546218964,95.60947585615061,100.14357070033398,0.0,434.82299983597477,6.714169439663859,1.7039075695784895,0.0,低,False,False,False
1268,0.4301632340360445,0.303083958885343,0.0734342963653308,0.9552656104380244,中性附近,1589.6486633338075,463.40194079180014,238.281976302971,-0.25959716430182866,0.08317514461388455,2.2555968276976186,0.3219177363147641,0.022600307023100806,0.21366779315857148,0.1946737371219722,101.56791045055385,101.37697231088691,98.56395378032965,95.38707495131409,107.99403083426185,95.38707495131409,99.98251096835419,0.0,393.5599668119812,7.105995012433479,1.656899475352188,0.0,低,False,False,False
1269,0.32323775837933627,0.3201638569404122,0.0734342963653308,0.9552656104380244,缓和路径,1527.0028002467363,557.769283636507,309.94767389333373,-0.24885090517014538,0.12638508243073482,2.141428428984409,0.2746171721822481,0.024587042151101465,0.2321445153520507,0.21061279740534014,97.02544390070025,97.04976028041135,94.61672150062972,91.88837467294009,102.42521393298223,91.88837467294009,95.54593352621148,0.0,288.2351221348581,5.369356389628187,1.3691410085260012,0.0,低,False,False,False
1270,0.47477874034269474,0.607870910929931,0.0734342963653308,0.9552656104380244,中性附近,1646.7485451529612,451.0779074619751,286.6628578573896,-0.24164054510568073,0.10093270459614839,2.3246593388856964,0.35550279864560513,0.025959330790980166,0.20595823366878235,0.18802303727493283,103.71808456282778,103.30134540754227,100.29188085087996,96.92219557486322,110.08661205222758,96.92219557486322,102.11578792087457,0.0,353.91290700620084,7.621212739921047,1.8297606317229895,0.0,低,False,False,False
1271,0.32742340013487503,0.300627758060952,0.0734342963653308,0.9552656104380244,缓和路径,1475.881971463439,525.6557987186424,285.7390282081333,-0.2702991345006099,0.1289637111932803,1.9875462779610755,0.29411311006949187,0.02594750623104194,0.23142123645669357,0.2099888563299662,96.85083807721217,96.82132373394191,94.26442671814097,91.45877256363165,102.10211610627786,91.45877256363165,95.25869021220534,0.0,233.04356937239027,6.09261580263772,1.4663406404681245,0.0,低,False,False,False
1272,0.39198867456900877,0.38333255944290856,0.0734342963653308,0.9552656104380244,中性附近,1565.666499140755,468.3153123158331,295.8498859111718,-0.2552353548633161,0.10448684394113769,1.973529164140709,0.2714669815009673,0.027541887213924737,0.22026435703447528,0.20036430432215582,95.20377820220905,96.03360792237825,94.03959446909919,91.53218517905862,103.79229766973326,91.53218517905862,94.54821507691831,0.0,352.9589135250517,5.391669682473152,1.397231182020355,0.0,低,False,False,False
1273,0.0280598010010015,0.13422630478904424,0.0734342963653308,0.9552656104380244,缓和路径,1454.4070888845,677.8831480391609,333.78160436276204,-0.32434242050182377,0.1639148070146421,1.65,0.20818701207088613,0.0348013534092508,0.28,0.254614091092169,92.93833869992534,91.73157662267181,89.68794605579504,87.43704240094752,101.4368010047495,87.43704240094752,91.13814207597676,0.0,103.14177052285595,4.234778943931408,1.0379444715845536,0.0,低,False,False,False
1274,0.5466275982119346,0.4351694499783076,0.0734342963653308,0.9552656104380244,中性附近,1613.213567747871,414.6465606379655,234.95345212382767,-0.2212381980003413,0.10401640373548882,2.525582619511036,0.3531906102790739,0.02505997127285446,0.1935427510289777,0.17731274330770555,103.28961015065272,103.28629291747235,100.6488822473343,97.99876739656612,112.30308619176603,97.99876739656612,102.72077760246682,3.530526597814969,401.0541831125954,7.899617414386736,1.81785987802337,1.9791194948799102,低,False,False,False
1275,0.14551824964034665,0.19879091811439628,0.0734342963653308,0.9552656104380244,缓和路径,1415.9615590315043,627.5442667293371,325.8675155190394,-0.310727054314003,0.13234005863603598,1.8150387077045644,0.2568771552059983,0.022692634335351965,0.26285444646214806,0.23710491208543574,94.50155683557367,93.82112851437222,91.74932096122338,89.58719828435588,101.64473186987333,89.58719828435588,92.92237971535778,0.0,50.0,5.5648290511551055,1.2806957574838997,0.0,低,False,False,False
1276,0.41400026564575126,0.30460235467079055,0.0734342963653308,0.9552656104380244,中性附近,1510.9868680897544,492.9281755633524,280.08370220705643,-0.2532572397443561,0.12106324429787108,2.2446148063242313,0.32643053609144956,0.02614780446687499,0.21646075409641416,0.19708310239202412,100.80085468424288,100.69017528303382,97.89114179110304,94.75050416469183,106.32873287397774,94.75050416469183,99.16050542589721,0.0,221.32503232353156,7.196682243569597,1.6801267000088882,0.0,低,False,False,False
1277,0.37666932401637315,0.3538486554804464,0.0734342963653308,0.9552656104380244,中性附近,1553.970847445456,493.97366065070275,252.0907321249989,-0.25931277400867603,0.11139378013443105,2.224619845592508,0.29180151743342087,0.02538324034385634,0.2229115408099707,0.2026479140088169,99.5236838987305,99.53963461283362,96.94808313681513,93.9862963610937,105.0950873107981,93.9862963610937,97.99236369695171,0.0,284.91943625078784,6.293366120626094,1.5018923364622119,0.0,低,False,False,False
1278,0.20455092103294914,0.13130052436657308,0.0734342963653308,0.9552656104380244,缓和路径,1469.0512417551463,620.8636828234048,301.2933507811097,-0.2937158551030169,0.139527635486762,1.8292657128452363,0.28912234466071857,0.02843306815276717,0.25265360084550637,0.22830508863610316,96.30543230079303,95.80397209799168,93.66062801877514,90.7747372572617,102.27402207755043,90.7747372572617,94.67638823334386,0.0,135.63596114884785,6.194847653951788,1.4414585053460363,0.0,低,False,False,False
1279,0.20486582254253383,0.2021135378898126,0.0734342963653308,0.9552656104380244,缓和路径,1494.5599938661219,619.7226034271692,289.16749738132114,-0.3047895079537254,0.1344184677787871,1.686195547332474,0.264745153350099,0.022482805767490243,0.25259918586465013,0.22825814721158513,94.49923619140773,94.27941445359288,91.98955296838501,89.30315205796268,101.37598528030026,89.30315205796268,93.0354296404104,0.0,194.06808072718923,5.467816949748972,1.3199227250784304,0.0,低,False,False,False
1280,0.5711526727493265,0.5993466881583749,0.0734342963653308,0.9552656104380244,中性附近,1632.7873843600216,388.0829175264635,235.1495849934388,-0.19981535818071705,0.08165058916554173,2.4241911424657543,0.3304203387108587,0.02678185068360798,0.1893048181489164,0.17365686392905672,101.30939932932871,101.6012967023077,99.68159581222834,97.19743583379471,110.62593515667074,97.19743583379471,101.22882871636351,43.451169122487045,375.3613130880936,7.716061296365885,1.7006620763523463,0.30196845978461795,低,False,False,False
1281,0.37233838783587636,0.2922325936608653,0.0734342963653308,0.9552656104380244,中性附近,1537.5680502417124,528.7019119016012,273.5111333399019,-0.2382328080100048,0.126556271838295,2.030694172266467,0.3351538551977633,0.02580832864145775,0.22365992658196054,0.20329351368878454,99.95370375482067,99.51195921773366,96.61423693713532,93.49975938028713,105.11307049610356,93.49975938028713,97.9816743615533,0.0,329.88746792703023,6.815585523938928,1.725025322296815,0.0,低,False,False,False
1282,0.6102425794049239,0.6124379909105132,0.0734342963653308,0.9552656104380244,中性附近,1675.093751798596,421.77919836276544,196.8156201869847,-0.19788823405053851,0.07863752690097248,2.437958418027673,0.36,0.028274708555515844,0.18255008227882916,0.1678298486660603,103.4586635094428,103.37005041236955,101.22622644220256,98.57648309672307,113.22014413700617,98.57648309672307,103.24160898105005,47.39891591082596,407.95300844411753,8.525200416449389,1.8529075718386598,2.8961774401200557,低,False,False,False
1283,0.1059333231514348,0.026295940194080852,0.0734342963653308,0.9552656104380244,缓和路径,1428.6699429616879,631.0043075370762,370.4619868877657,-0.33084341804436307,0.15484545349489784,1.8478946599976867,0.22151124615567774,0.020511036638310817,0.26969472175943204,0.2430057184717936,94.38137577946608,93.49116940987466,91.39996463772773,89.07337805411883,101.80656333092352,89.07337805411883,92.68576900977116,0.0,88.61501602029784,4.911702950191131,1.1043742405160513,0.0,低,False,False,False
1284,0.8867154576466417,0.7371209993554151,0.0734342963653308,0.9552656104380244,高压尾部,1752.0382459728391,251.3395425493845,153.56558764355552,-0.13582232926285245,0.0706420921224982,2.7362679478540928,0.36,0.029063943654206698,0.1347755689186603,0.1266168650815022,116.79149874442169,109.38082676066196,106.77009075779858,103.8157201350301,126.630435241381,103.8157201350301,111.39413525445589,197.93678417915362,241.45265880686756,11.093621363666527,1.8787204346401214,16.306468544494876,高,True,False,False
1285,0.35031950764525277,0.4180369536308408,0.0734342963653308,0.9552656104380244,中性附近,1497.547751438504,580.7429976083201,289.12592482182737,-0.26257967708768404,0.12347686211283274,2.2567925620448945,0.29963697682571555,0.02321970134377762,0.22746478907890028,0.20657580218528268,99.67312421993415,99.739617201595,97.3549025699252,94.2127696665278,103.95626455294625,94.2127696665278,98.21300715645818,0.0,167.40473384377765,6.700736186378877,1.5422211754533706,0.0,低,False,False,False
1286,0.6212838222302863,0.5386605396143792,0.0734342963653308,0.9552656104380244,中性附近,1656.8015165110003,431.2177453933727,228.45580556060293,-0.18846513964611858,0.07276853745880599,2.3340500475111434,0.36,0.025154310307665507,0.18064215551860652,0.1661839636801307,101.55333253820011,101.74869609213256,99.81875053461295,97.33329250659784,112.00852241158258,97.33329250659784,101.72746704331846,44.5459033645966,417.0821539103332,8.1480636576162,1.8529075718386598,1.684555714696458,低,False,False,False
1287,0.4774379144092363,0.47077361197205575,0.0734342963653308,0.9552656104380244,中性附近,1609.8569736654524,486.49026225724435,269.75063930678164,-0.23262035051664592,0.08632198065347949,2.3122157416836866,0.32047436127965007,0.030977967052982943,0.20549872839008396,0.18762664216431715,100.50952067075877,100.71811994459813,98.21084483113263,95.2219622805816,108.87318129861514,95.2219622805816,99.56288863729502,0.0,427.41916838386896,6.535066414048727,1.649470473875616,0.0,低,False,False,False
1288,0.16580069660801378,0.20241476688517912,0.0734342963653308,0.9552656104380244,缓和路径,1493.571030339564,626.3275214063096,360.72961982660837,-0.3122590086229195,0.14650088850628562,1.8778456290869157,0.22221678245405815,0.024372536037395455,0.2593496396261352,0.2340814684867392,94.35293614558618,93.94884767082243,91.98231111154175,89.3926710245161,101.44197190789302,89.3926710245161,92.91587279057387,0.0,145.58248022391854,4.675672802745709,1.1078917870388711,0.0,低,False,False,False
1289,0.3827610987432223,0.32973920627755104,0.0734342963653308,0.9552656104380244,中性附近,1539.5280547396626,434.5327520149966,238.31045333263444,-0.22707031231614727,0.10463735135387842,2.022332921345132,0.2761176708449,0.029780481422141285,0.22185888213717117,0.20173983140261292,95.28656978755387,95.92039908677101,93.92399717217808,91.84569591565916,104.21210120698352,91.84569591565916,94.59776807417019,0.5452804220913094,420.2884925101342,5.53719937755688,1.4211681195193613,0.0,低,False,False,False
1290,0.30254562526567874,0.4075706235384212,0.0734342963653308,0.9552656104380244,缓和路径,1500.9894092958777,573.8789371844673,268.98600502001796,-0.28733669659777533,0.11999318663682924,2.127921716761463,0.2783886581568919,0.0303295822120395,0.23572011595409068,0.21369731169030762,97.64841758929332,97.7485188819049,95.37309417388336,92.41345836693739,102.41756530755227,92.41345836693739,96.23566278296502,0.0,186.9612208030485,6.1081487216547625,1.387944261323094,0.0,低,False,False,False
1291,0.20292280647271896,0.26094225427116285,0.0734342963653308,0.9552656104380244,缓和路径,1466.1209032849754,626.1386500289547,342.55178422246166,-0.31632123304252896,0.16082249500382167,2.0385398684615526,0.24512911719764346,0.021670164743614148,0.25293493904151415,0.22854778679539922,95.43399421253123,95.16765594457934,93.16851611517521,90.97338018559343,101.78914541447696,90.97338018559343,94.08994355415824,0.0,50.0,5.507759083434417,1.222124327011641,0.0,低,False,False,False
1292,0.577143068434283,0.6360280155764656,0.0734342963653308,0.9552656104380244,中性附近,1638.3932252559625,483.48053559388126,218.15939882202485,-0.23245151488364138,0.0746490218541721,2.499765150063215,0.344102208269181,0.024705203813266113,0.1882696777745559,0.17276389359287322,102.71387667910753,102.89277176101822,100.37642890129288,97.43469080939991,112.99926173511004,97.43469080939991,102.50207533623205,0.0,467.63173666534516,7.437010776296746,1.7710821866343582,2.675295038223922,低,False,False,False
1293,0.6686779373896118,0.6833092320142884,0.0734342963653308,0.9552656104380244,高压尾部,1712.4034351256682,399.7679555061867,208.13611257899336,-0.1921330970351744,0.09855382028132359,2.4657284910162756,0.36,0.027394327659685965,0.17245245241907506,0.15911906493676017,105.11940210275104,104.72028595919713,102.52335052878058,99.82412511141531,116.03148888141433,99.82412511141531,105.01294444124852,71.01005251284187,384.04237862328637,9.111745121995273,1.8787204346401214,5.707522184528216,低,False,False,False
1294,0.44756507108805266,0.4344286745136553,0.0734342963653308,0.9552656104380244,中性附近,1563.1793589967351,589.5484931622053,257.73352064169796,-0.24021723060625477,0.10829327414328743,2.0539453511534354,0.33704138462618594,0.028937227398539135,0.21066075571598447,0.19207969741244763,98.8846180676223,99.05118671392418,96.57441017370392,93.67322167748623,106.99352396768215,93.67322167748623,97.78385937110492,0.0,361.9734339164297,6.854473734289321,1.73474037110235,0.0,低,False,False,False
1295,0.13226073525692636,0.14066047185500583,0.0734342963653308,0.9552656104380244,缓和路径,1460.1195905973248,640.0954292284478,323.2726971687134,-0.323197023382347,0.1495883192570763,1.754223166554492,0.21598219934331256,0.032961646473793245,0.2651453449476031,0.23908117003207688,93.29961764325185,92.81329269983351,90.82170389838659,88.31619861048705,100.98831460252974,88.31619861048705,91.84126704497753,0.0,159.66307235835848,4.525537008619201,1.0768084307427086,0.0,低,False,False,False
1296,0.28758693113713174,0.1763090278894089,0.0734342963653308,0.9552656104380244,缓和路径,1510.8190900982283,560.250580803591,332.68038319127965,-0.3067759619059202,0.12041399409469875,2.0291900499370423,0.2895072666191531,0.028431993561766327,0.23830497829950362,0.2159271594044376,97.31548931995601,97.29035627985435,95.25826473449676,92.52152653726539,102.37207507144713,92.52152653726539,96.00186933410625,0.0,105.37581952360415,6.6222843463528775,1.4433775857669249,0.0,低,False,False,False
1297,0.0,0.02544404628787496,0.0734342963653308,0.9552656104380244,缓和路径,1418.3591600438335,700.0,383.0795316121302,-0.32539047427165296,0.15289569226852887,1.65,0.21520660948089526,0.022304027500455383,0.28,0.2587968815539125,93.34681585862137,91.82642289704098,89.65719706669738,87.51340976090142,101.97897862267638,87.51340976090142,91.3490057917912,0.0,76.81909123778496,4.465233704815407,1.07294162271321,0.0,低,False,False,False
1298,0.2787495783329278,0.16036195590659993,0.0734342963653308,0.9552656104380244,缓和路径,1483.1482061901543,565.252052863899,272.6207040159058,-0.2809527911065635,0.1366898334919034,1.7449771707433999,0.2581357001298866,0.024961180749634417,0.23983207286407007,0.21724451710826334,93.2302156095621,93.53213583452472,91.39273305107912,88.98290334851713,100.55992376292441,88.98290334851713,92.10217933763019,0.0,257.7366385082569,5.035803505937087,1.28697040321226,0.0,低,False,False,False
1299,0.3585154241153702,0.390124705786689,0.0734342963653308,0.9552656104380244,中性附近,1558.8813174341042,490.9377209738379,262.4319656100688,-0.28198336057285445,0.12343971313218662,1.8528935048141695,0.2845619732429703,0.02830541186393828,0.22604853471286399,0.20535406147389165,96.38479853737024,96.63090194412798,94.25774582433004,91.54062750347128,103.01530340226174,91.54062750347128,95.09757654890164,0.0,360.79711977433544,6.021932607305855,1.4646306524423602,0.0,低,False,False,False
1300,0.19047020989707614,0.2247662588978783,0.0734342963653308,0.9552656104380244,缓和路径,1442.0859532730665,643.8341174939644,318.8581556336153,-0.2772352441132854,0.14055713736721273,1.9494910669357175,0.256624982712264,0.029733900812960717,0.2550867477297852,0.23040405805614977,95.42942997191786,94.9929938276642,92.92421469438337,90.14953859689955,101.80595960198481,90.14953859689955,93.8769788585055,0.0,139.0367094651865,5.251153215199657,1.2794385174517109,0.0,低,False,False,False
1301,0.25737349684197425,0.19827747290619116,0.0734342963653308,0.9552656104380244,缓和路径,1504.8610617474885,561.3037641974648,290.0280212996189,-0.285439910448098,0.1432654233483566,1.804809268992009,0.30778274466849215,0.024797686234652755,0.2435258597457068,0.22043098552857118,97.2941451902438,97.00937769472635,94.21965248190072,91.20673533354237,102.52134280124135,91.20673533354237,95.49848733273754,0.0,217.4775497646806,6.4723103205464625,1.5344924503215762,0.0,低,False,False,False
1302,0.15963446102500103,0.19969049032525746,0.0734342963653308,0.9552656104380244,缓和路径,1499.619180225647,595.239960800907,333.11930533928347,-0.3075093531033252,0.13849273849334426,1.8079791443552062,0.2504588500430722,0.032922039666495914,0.2604151651348798,0.23500065074967003,95.36385405176756,94.6690374298936,92.54255215764995,89.8073650748845,101.91759968265728,89.8073650748845,93.65945958074586,0.0,133.2608167327744,5.283028591739659,1.2486964300785313,0.0,低,False,False,False
1303,0.4554641690713171,0.5266226068128327,0.0734342963653308,0.9552656104380244,中性附近,1553.07657547943,503.29258244653596,234.42127344340207,-0.22105185021980822,0.0959756093660019,1.8786733810730143,0.33389207883281197,0.026195394381540414,0.2092957915844764,0.19090220254355683,95.64963734444952,96.4208877868362,94.38528644410368,91.9950664693055,106.73417069249474,91.9950664693055,95.27635108200651,0.0,486.7943320430925,6.344627836237211,1.7185310029063,0.0,低,False,False,False
1304,0.6390149037745867,0.6732536366753221,0.0734342963653308,0.9552656104380244,中性附近,1621.6248590451899,369.5755091846616,191.13423589640007,-0.19512551121535335,0.09351543507588532,2.702415666398084,0.34210946148607624,0.029565755931404886,0.17757822462775139,0.16354084448063066,104.39231013606135,104.2760126255371,102.14373949789345,99.47278012875907,114.70519528024826,99.47278012875907,104.3315822277888,51.98437949638719,357.46058934247145,8.44126998429894,1.7608255877366585,4.3812285833621445,低,False,False,False
1305,0.24653754661671154,0.2885378358884169,0.0734342963653308,0.9552656104380244,缓和路径,1558.259641765104,577.7759889753573,307.871717913731,-0.2896282437605655,0.12835071806900006,2.042153720703704,0.2668967538698797,0.032668931948665866,0.24539831194463224,0.2220462681617067,97.81372823253969,97.51631447211656,94.86501690226832,91.93044413177392,102.75505331764592,91.93044413177392,96.07650537458538,0.0,210.5323818703855,5.671228869107736,1.330649820118367,0.0,低,False,False,False
1306,0.457496598756511,0.4583931142631195,0.0734342963653308,0.9552656104380244,中性附近,1548.0614859193236,549.3727700230895,250.5730490801188,-0.2324769700715308,0.11938358545499436,2.1739794440333253,0.3368871455021545,0.030008981895494575,0.2089445877348749,0.1905992343400015,99.51228297428275,99.71061327920792,97.20743222250424,94.2568631815126,107.86601285278313,94.2568631815126,98.49364432182185,0.0,391.69183684648124,6.856311616396385,1.7339465076557063,0.0,低,False,False,False
1307,0.8867355795739749,0.8003008594396852,0.0734342963653308,0.9552656104380244,高压尾部,1790.8405848665025,278.91429695169205,192.7792379182395,-0.15782196924741293,0.05960344563903215,2.7533776227466755,0.36,0.023801163686624317,0.13477209184961714,0.12661386556608445,116.73170734617734,109.29259717947845,106.70380469064851,103.74602306541993,126.82961137340222,103.74602306541993,111.35263083843039,163.35055201200157,267.94271166066926,10.642487363568357,1.8787204346401214,16.5056446765161,高,True,False,False
1308,0.6248550015662163,0.5824293310282379,0.0734342963653308,0.9552656104380244,中性附近,1710.812204652748,424.3911558897381,206.02507784352093,-0.20895800541526263,0.06544958092595933,2.2442779348522155,0.3496648900815766,0.02665097004332006,0.18002505572935779,0.1656516186765802,101.83007570635564,101.9994129311262,100.06190047663792,97.57298614531972,111.89260374005674,97.57298614531972,101.9522525146699,59.704121972679786,410.47934434497034,8.52760373558117,1.799713117884128,1.5686370431706251,低,False,False,False
1309,0.3266338319385485,0.36854969696035406,0.0734342963653308,0.9552656104380244,缓和路径,1491.0470834079658,640.7455761202382,294.08971567739746,-0.27331781021576035,0.10914525687197318,2.012930198262407,0.28900115380771374,0.026045680771096005,0.2315576738410188,0.21010655489526867,96.2152246140173,96.56596487459119,94.41977798489658,91.61502641908854,101.7578101901049,91.61502641908854,95.08084293843405,0.0,180.1284843456997,6.020840481165526,1.4408542919773362,0.0,低,False,False,False
1310,0.5472972358050635,0.6334850437735324,0.0734342963653308,0.9552656104380244,中性附近,1646.1248790040636,435.6686817626563,203.46327235136513,-0.2122688741911732,0.1020225531010171,2.3075031418458205,0.335811200943143,0.023550965383733503,0.19342703765288502,0.1772129224380827,100.89052418931553,101.13122303229308,99.1607223279571,96.66287165920303,110.19095732960716,96.66287165920303,100.60554855584537,31.903636027293032,421.3871857594404,7.697367221090259,1.7284086581549538,0.0,低,False,False,False
1311,0.8184365781598156,0.7738219207813376,0.0734342963653308,0.9552656104380244,高压尾部,1773.314753275617,313.97134286139175,187.41454050973323,-0.14992967970712734,0.0523272877523962,2.9739362523112263,0.36,0.028133126928773573,0.14657415929398385,0.13679499306772133,116.68277967697357,110.73848864105962,108.03176553190748,104.90665825804902,127.25767963634392,104.90665825804902,112.30003748384004,148.187503740206,301.6207269023348,10.297062692546504,1.8787204346401214,16.933712939457806,高,True,False,False
1312,0.5089835763470731,0.5712852680275669,0.0734342963653308,0.9552656104380244,中性附近,1604.3104824353838,464.5573679991658,262.85710201031696,-0.21706652796005724,0.09924374547888554,2.119816932014371,0.34671219889805177,0.02991632549861109,0.20004763800722575,0.18292422485714308,98.40663123387317,99.07502014643335,96.86822794383298,94.08405181980385,109.11200048277978,94.08405181980385,98.21942975065511,0.0,437.1066605424003,6.6130841133547476,1.7845157182973097,0.0,低,False,False,False
1313,0.4816441643496027,0.52785695806929,0.0734342963653308,0.9552656104380244,中性附近,1578.8482659673812,463.3225982002094,261.2284440148853,-0.21884869186700073,0.09001291683348023,2.2594627308652853,0.31603918070334047,0.03298880590952734,0.20477188840038865,0.18699962908857776,98.47198566645639,99.14064202689235,96.93134962051501,94.15294003819353,108.31559853563537,94.15294003819353,98.05000108118765,0.0,429.6191267601589,6.120009344803688,1.6266427525636278,0.0,低,False,False,False
1314,0.13513038659064236,0.2513520996330749,0.0734342963653308,0.9552656104380244,缓和路径,1435.7864466957262,654.9036478416585,313.37380173729554,-0.2968546085806421,0.134881071530616,1.65,0.25563778855775643,0.0264403272111343,0.26464946919713694,0.23865339970588073,93.75078449156278,93.10332994735698,91.09050595302466,88.43738176191036,101.33841474254744,88.43738176191036,92.16681213364596,0.0,141.94961677534593,5.15379822185135,1.2745167276394687,0.0,低,False,False,False
1315,0.8038232230972311,0.8334745132673593,0.0734342963653308,0.9552656104380244,高压尾部,1697.5690410810914,262.31017903522144,231.32190325008133,-0.16474561055815892,0.06312897760039538,2.7950618554285835,0.36,0.02483523949221454,0.14909934704879846,0.13897336212200181,112.6508033010605,107.57850951814201,105.22331054360713,102.39910793440087,123.4371210087096,102.39910793440087,109.07551959279199,116.70991688624599,251.99174597731744,9.955278760381963,1.8787204346401214,13.113154311823479,中,True,False,False
1316,0.5662205010587599,0.47488059844604447,0.0734342963653308,0.9552656104380244,中性附近,1630.8887685577095,487.3271319170668,194.73512990599056,-0.2098400276626229,0.07140934489722811,2.3329807134052394,0.3541575113460521,0.028654088880476318,0.19015709741704628,0.1743920879850736,100.65120955214836,100.96015634165211,99.1083334468243,96.6570514218208,111.26026909954341,96.6570514218208,100.7962116268339,14.07024940600968,471.35223911877335,7.6858649100962575,1.8228364844351002,0.9363024026572901,低,False,False,False
1317,0.39692310856697804,0.4075266302737703,0.0734342963653308,0.9552656104380244,中性附近,1525.4214689645544,491.2506735368555,269.76685866306224,-0.2594913365398753,0.1146047476891857,1.7788391653985802,0.3073436150765629,0.02809296095633922,0.21941168683962617,0.1996287430307528,95.13944331847544,95.80638735902048,93.64598194401056,91.04193937217534,103.84932813646702,91.04193937217534,94.31815149967312,0.0,348.2000210739461,6.165761661420439,1.5818869764767498,0.0,低,False,False,False
1318,0.23660335771604962,0.2172673340560946,0.0734342963653308,0.9552656104380244,缓和路径,1561.2807452176608,516.2459589497915,288.78510507031893,-0.2902890745183985,0.1285434908256456,2.134214459025598,0.2374005581355811,0.024197614912615944,0.2471149397866666,0.22352712793606375,97.32327582959088,97.04956859950502,94.48487333856885,91.6962508379098,102.60625357725826,91.6962508379098,95.65958870166637,0.0,205.25647844898413,5.009840714570855,1.1835925517967159,0.0,低,False,False,False
1319,0.18394042786756762,0.20888827702131108,0.0734342963653308,0.9552656104380244,缓和路径,1441.7713206156404,614.1229914953502,319.648670832712,-0.2980356252504968,0.15391336153483098,1.8383747849088377,0.26573476074585634,0.022771282753268177,0.2562150940644843,0.23137743309859282,95.29785585727545,94.83332554088432,92.75921441912259,90.03071780059119,101.79680655228746,90.03071780059119,93.74507177605588,0.0,128.03604058150086,5.669485084405274,1.3248565464309157,0.0,低,False,False,False
1320,0.5220956186324146,0.6122078914829471,0.0734342963653308,0.9552656104380244,中性附近,1643.1798582299332,448.41901364400167,258.4511353079248,-0.2154658825921266,0.11418925372154061,2.452983876720666,0.3190888963978813,0.026172304534795406,0.19778187710031872,0.1809696520002954,100.55801286533358,101.07133211385276,98.81453593953069,96.30439745471074,110.11612303521444,96.30439745471074,100.34422878079684,0.0,433.7195536662664,6.572921202506565,1.6423395339590998,0.0,低,False,False,False
1321,0.7027684237614901,0.6343548468934892,0.0734342963653308,0.9552656104380244,高压尾部,1722.1321322009878,343.84401431425806,191.82609560952966,-0.15066049558695155,0.07470072381111575,2.552913289511384,0.36,0.023931485968132854,0.1665616163740145,0.15403729827607,107.1126101194596,105.92343067676504,103.65647711234824,100.89245013725169,118.77223452734363,100.89245013725169,106.56638201958707,122.79948777420941,330.3183041908005,9.522986376682441,1.8787204346401214,8.44826783045751,中,False,False,False
1322,0.7242152764906311,0.612380815854043,0.0734342963653308,0.9552656104380244,高压尾部,1692.5461363623444,346.27051286538654,202.062389221758,-0.16667436053178225,0.07476427834069177,2.475690546631009,0.36,0.023218048347063116,0.16285560022241893,0.1508402801993321,106.59961025983648,104.96858538857286,102.82152219684963,100.15737056423956,118.16518402691489,100.15737056423956,105.74460727026772,111.45198373042331,332.649352146161,9.636701897863988,1.8787204346401214,7.841217330028769,低,False,False,False
1323,0.22422904719907422,0.27219185364791465,0.0734342963653308,0.9552656104380244,缓和路径,1436.3911116359004,602.2091646113195,309.855927485181,-0.2940043968401874,0.1371809007144331,1.8986847499644328,0.22925089135542145,0.02387312115957851,0.24925322064399996,0.22537172932861144,93.30533418655611,93.39296129638879,91.61449609122921,89.12433666312901,100.60808027825527,89.12433666312901,92.22944448457486,0.0,139.01576982397455,4.707964126834717,1.1429612871679558,0.0,低,False,False,False
1324,0.22665162121641003,0.2647042571098303,0.0734342963653308,0.9552656104380244,缓和路径,1509.9599354761522,654.40696246644,298.7273588011018,-0.29763079186173885,0.12639086051845566,1.7579260026661265,0.26961236018060714,0.024334283275861623,0.24883459985380432,0.2250106034784239,95.60002483633303,95.32537524451207,92.69760103122894,89.92757491404055,101.83447530301854,89.92757491404055,93.92959905985576,0.0,229.83571410480909,5.571766509019425,1.3441888422176895,0.0,低,False,False,False
1325,0.2219079651215791,0.17218957867966384,0.0734342963653308,0.9552656104380244,缓和路径,1488.8705486997253,586.0483587215004,310.908258918892,-0.2647488792966134,0.15917133995139116,2.0636348000297695,0.2448114677792258,0.02923824313422079,0.2496543036269911,0.2257177260794196,96.36032356756117,96.00328124456993,93.34306785240761,90.62845614661364,102.12273216591659,90.62845614661364,94.6154224101658,0.0,224.55412171200624,4.854160175866592,1.2205406429265053,0.0,低,False,False,False
1326,0.32588437863262265,0.29257791057701044,0.0734342963653308,0.9552656104380244,缓和路径,1505.026000278913,545.681761939406,304.47402098364046,-0.2608786515038764,0.11153740413025724,1.8670221310446948,0.28268776979991217,0.024830373179938144,0.23168717937228278,0.21021827365405235,94.82424580514498,95.1208757922287,92.87008216075294,90.30565899595031,101.48663870079122,90.30565899595031,93.62374528994299,0.0,301.1794067806677,5.465271273986025,1.409378063164096,0.0,低,False,False,False
1327,0.31426145032224645,0.2884676787288943,0.0734342963653308,0.9552656104380244,缓和路径,1512.6030407731457,550.524846675961,275.3469887072646,-0.28286475965840496,0.12986308908206523,2.044995135467361,0.3219011984784284,0.024667885181165444,0.2336956213843158,0.21195086875237237,99.26173247789036,98.99803900874365,96.47812822521101,93.26083507205449,103.45508684542574,93.26083507205449,97.54829528784371,0.0,178.52982655197593,7.1336569042578395,1.6048819089798116,0.0,低,False,False,False
1328,0.3811242381460624,0.5476175914870486,0.0734342963653308,0.9552656104380244,中性附近,1569.1754149637625,525.150061341261,245.40037066067015,-0.25600202870063526,0.11121701953894284,2.170901326544629,0.26422010729474416,0.024177740605603723,0.2221417316483604,0.201983833307429,97.22328879002002,97.68153315388594,95.46570902071208,92.79068686281605,104.09407484189181,92.79068686281605,96.16988401825262,0.0,314.8927373097122,5.441700356029314,1.3599317706623737,0.0,低,False,False,False
1329,0.46404746434451327,0.42345086827155487,0.0734342963653308,0.9552656104380244,中性附近,1574.7773116372873,453.35829811505715,257.65144991926695,-0.24106132148410975,0.10903333574173192,2.107977527394847,0.3265642968584462,0.023281858123793468,0.2078125981612681,0.18962271643466488,98.3787921391551,98.94738323210053,96.64746888455304,93.8207185218079,107.65635433147702,93.8207185218079,97.76815236944655,0.0,377.5009706923465,6.652802744606158,1.6808151620588412,0.0,低,False,False,False
1330,0.25363826810037166,0.32004560391701864,0.0734342963653308,0.9552656104380244,缓和路径,1486.0161700905232,559.3614494530245,278.606709188288,-0.28818358675743966,0.13372602331257857,2.0968326951848484,0.24730948804164776,0.026448667198638025,0.24417130727225575,0.22098778488549634,96.70871485843924,96.57427483464897,93.95558271274207,91.18741949931993,102.2137460652639,91.18741949931993,95.09452703891812,0.0,222.15048537171242,5.267446666329557,1.2329948603894285,0.0,低,False,False,False
1331,0.6265264883958359,0.684011703425548,0.0734342963653308,0.9552656104380244,中性附近,1627.820380620643,411.8254586048962,198.7842563007421,-0.21430189442273023,0.09746325007592022,2.599228357280999,0.35944980591286757,0.025158636840018303,0.17973622280519955,0.16540245514303936,104.04643862258024,103.97574388760633,101.86430070692778,99.21082836646197,115.69205453269369,99.21082836646197,104.19254981946479,31.513620138963233,398.325558595346,8.724956543908892,1.8500757418663583,5.368087835807572,低,False,False,False
1332,0.43975824895465987,0.3773991705277082,0.0734342963653308,0.9552656104380244,中性附近,1564.064309949607,476.2057055169096,237.13265323525093,-0.20903872556158914,0.10159299072768352,2.03296132583977,0.3102247777133406,0.02730620080856846,0.21200977458063475,0.19324343699687724,96.05197681105899,96.8057800386151,94.76168389706756,92.58899903816412,106.20427108008658,92.58899903816412,95.59922244845039,0.0,460.59538013723636,5.9492042267409655,1.5967162211028165,0.0,低,False,False,False
1333,0.2286553170374603,0.1565021225004084,0.0734342963653308,0.9552656104380244,缓和路径,1502.483885247715,664.471728235512,307.8413388626884,-0.25713879337270773,0.12392180617130318,1.971209750343826,0.2403926318350955,0.024398448128272254,0.24848836121592685,0.22471191854590333,95.24381398280555,94.8946430088591,92.44945103786439,89.88700908010203,101.54156069481436,89.88700908010203,93.5727340105045,0.0,278.6799785581061,4.550730113472429,1.1985099394093834,0.0,低,False,False,False
1334,0.20395090502146188,0.25164092778084624,0.0734342963653308,0.9552656104380244,缓和路径,1513.822280681012,697.5887075054156,327.32381101822216,-0.2825361335525437,0.1415042335262162,1.9380991599631459,0.2457779081203726,0.0209306768651253,0.2527572836122914,0.22839453122515266,95.54443944995916,95.30363603786512,92.93899288990059,90.24619726331717,101.840696983697,90.24619726331717,94.01805195705006,0.0,200.00306595310758,4.9623139086606365,1.2253589617987124,0.0,低,False,False,False
1335,0.36129762424010836,0.4064858568252534,0.0734342963653308,0.9552656104380244,中性附近,1559.4077255874042,574.1218104559061,331.3915229972734,-0.260982617020853,0.11735608967320248,2.006328312139334,0.28877709177340355,0.028009263319401873,0.22556777053130928,0.2049393272373944,97.46017257089649,97.67864937043224,95.2384293300556,92.43702083499173,103.66532490648807,92.43702083499173,96.10838220337422,0.0,318.50698367436235,5.980621404603717,1.4863257220013528,0.0,低,False,False,False
1336,0.4135570682013473,0.40194869056531507,0.0734342963653308,0.9552656104380244,中性附近,1612.111429681526,534.4287126268094,283.8295268109763,-0.22696728943532044,0.11803314978948923,2.1720850636801443,0.289792362739357,0.03071480906951991,0.21653733861480717,0.19714916850714218,97.87122373453711,98.25748520030386,96.01829263835933,93.30754857654992,105.86668355698112,93.30754857654992,96.88292949263041,0.0,418.0547514722275,5.548427327561333,1.4915512866132503,0.0,低,False,False,False
1337,0.7891005108483125,0.7357951168764503,0.0734342963653308,0.9552656104380244,高压尾部,1707.0520563440966,318.429248485886,219.13089182124364,-0.17196290094158903,0.05972497918209267,2.83011335599133,0.36,0.02446373880162605,0.1516434317254116,0.14116803272439038,112.44957706067127,107.8366221342796,105.46547467157906,102.59555431694224,123.32252880328312,102.59555431694224,109.20021991413114,102.24562868769863,305.9032729546844,9.764818865253908,1.8787204346401214,12.998562106397003,中,True,False,False
1338,0.0259430509027838,0.11970831850159379,0.0734342963653308,0.9552656104380244,缓和路径,1442.9292677567626,687.4368319163112,371.99527091265924,-0.34887841632660765,0.16664825855790594,1.65,0.2086061371756057,0.03004804253085324,0.28,0.2549296286870508,92.9143193280215,91.70185645284013,89.64871344424746,87.64346997453188,101.45906107667646,87.64346997453188,91.13160319453634,0.0,59.607798099044885,4.5006723472927,1.0400340764115723,0.0,低,False,False,False
1339,0.24202471153558858,0.2978214309917693,0.0734342963653308,0.9552656104380244,缓和路径,1494.2223170153995,588.3445202565739,327.2544873863472,-0.28214020342432017,0.12887072749055983,1.8517504061048078,0.24122038324536066,0.02315337578210409,0.24617812984665025,0.2227189829657807,94.34742885028679,94.15604647816416,91.82977740876831,89.34579651828615,101.26103672294435,89.34579651828615,92.85299520828355,0.0,277.66352971665765,4.757272938625092,1.202636805881911,0.0,低,False,False,False
1340,0.6608539143504105,0.5206254557439046,0.0734342963653308,0.9552656104380244,高压尾部,1658.9450435761153,381.2195547834692,202.31631047561893,-0.1939689962550117,0.09041354455990258,2.3542822527884186,0.3478730725752195,0.02613790007400386,0.17380444360024905,0.16028536860868092,102.21345312831778,102.23730402366805,100.36883585017945,97.93038611363555,113.34361531452501,97.93038611363555,102.55358501062383,61.92036935194119,366.2236119235125,8.55758194824182,1.815434028078086,3.019648617638893,低,False,False,False
1341,0.8264278155397381,0.8423951042311724,0.0734342963653308,0.9552656104380244,高压尾部,1755.100957608207,282.8631042719755,150.0,-0.16959792934939089,0.05587377141097366,2.911526424257529,0.36,0.026991506955482105,0.14519327347473326,0.1356037632550411,116.14188124273515,110.26336216441295,107.58587499849779,104.49950160682404,126.54993000737403,104.49950160682404,111.80652788720457,137.6925974433252,271.7361856875869,10.559952095393157,1.8787204346401214,16.225963310487913,高,True,False,False
1342,0.5744177081027447,0.6564769358283442,0.0734342963653308,0.9552656104380244,中性附近,1640.9815605025833,449.45752278593034,248.29787508526644,-0.20264365462543868,0.09016945776136744,2.3537790977318798,0.34968769051705983,0.02355990342538701,0.1887406200398457,0.173170154891703,100.590045955411,100.89833766796177,99.04054093093197,96.5870699087956,111.06438344975564,96.5870699087956,100.70909306734721,14.037998932837581,434.72401981915175,7.411638454213598,1.7998304709384279,0.7404167528695211,低,False,False,False
1343,0.2498548562812724,0.24280335697675906,0.0734342963653308,0.9552656104380244,缓和路径,1544.3696473843895,525.5476135484876,330.5065061857065,-0.2819576672513956,0.11405026710431626,2.0679347078528645,0.30153104040860285,0.03013374402414343,0.24482508083459611,0.2215517667494166,99.44625764805181,98.80304198223043,96.26396414580209,93.02980075527952,103.66773769309476,93.02980075527952,97.49619164941438,0.0,160.65273339238956,6.541151266840051,1.5033237342235506,0.0,低,False,False,False
1344,0.8254474077244156,0.8516124316106524,0.0734342963653308,0.9552656104380244,高压尾部,1728.0843085536412,366.74483344853985,183.72059979895644,-0.12417479660017611,0.05306724483079238,2.5977097508484768,0.36,0.02322900121677118,0.14536268794522098,0.13574990971054882,111.52422772933836,106.14759135920386,103.92953750360867,101.24115414675246,121.86998089045068,101.24115414675246,107.75831996111518,155.37862793047134,352.31827925537306,9.70701586313222,1.8787204346401214,11.54601419356456,中,True,False,False
1345,0.20021588044140531,0.30943086511749757,0.0734342963653308,0.9552656104380244,缓和路径,1448.4272212965225,580.8891336202122,321.5308528264974,-0.327256863684411,0.12420926696965322,1.9283416290586413,0.2600933972453749,0.028733505280908022,0.2534026958597252,0.22895130014832782,94.92256980207188,94.65005190142037,92.68587702826294,90.50224385299298,101.52809276400392,90.50224385299298,93.5954019489746,0.0,50.0,5.732936635719537,1.29673076663669,0.0,低,False,False,False
1346,0.13948708200011056,0.11084496944180766,0.0734342963653308,0.9552656104380244,缓和路径,1456.848415834372,651.7805218535754,330.7666874484275,-0.2993422000956707,0.14129778016959313,1.9207239880654394,0.25817942354314627,0.0241121062836931,0.26389663223038085,0.2380039601748308,96.58636777432127,95.58686318482839,93.28096507968745,90.48604782960037,102.77663964479851,90.48604782960037,94.64469829438197,0.0,129.12082572564032,5.574141269372747,1.287188392195435,0.0,低,False,False,False
1347,0.3696122719761068,0.2421908565841246,0.0734342963653308,0.9552656104380244,中性附近,1533.9710275086484,568.6854910864115,254.8754899041362,-0.27463475641362667,0.11848707134031747,2.1347935287035775,0.30786704325005493,0.020036638374314623,0.22413099940252873,0.20369988761194405,100.39974087252376,100.18303308360434,97.27616886011882,94.11507181229086,104.76952371618,94.11507181229086,98.52872870892764,0.0,249.90993578462258,6.964011277032504,1.5845810432155751,0.0,低,False,False,False
1348,0.6693481050866174,0.6891653780789372,0.0734342963653308,0.9552656104380244,高压尾部,1673.6391376246388,400.4287803086903,227.29793635697354,-0.2020201074135913,0.062237461066492764,2.658844934904838,0.36,0.027573734946871594,0.1723366474410325,0.15901916504614075,105.66251954931259,105.24263995902083,103.05302627066571,100.3173827273887,117.9530390534745,100.3173827273887,105.73717397582281,39.991516018741095,384.6772087178731,8.78241468696117,1.8787204346401214,7.629072356588381,低,False,False,False
1349,0.6331896780231184,0.6318974795846227,0.0734342963653308,0.9552656104380244,中性附近,1598.7188806956685,424.1924196653989,202.32817350309554,-0.1898115931260889,0.08685728171746046,2.3317099072784804,0.36,0.025104620665202235,0.1785848236376051,0.16440919342971533,100.49390169460355,100.77687379288967,98.99793422576849,96.64367932065015,111.94537222954523,96.64367932065015,100.95041830299974,37.936950234072356,410.2871228202467,8.092587016951528,1.8529075718386598,1.6214055326591108,低,False,False,False
1350,0.6614637741161586,0.7512530743109939,0.0734342963653308,0.9552656104380244,高压尾部,1638.1975206109028,371.91701157415116,224.01372258392195,-0.19889127224135636,0.07798496321922369,2.2763533657736534,0.36,0.022606222110687527,0.17369905983272776,0.16019445864067788,101.27534946098669,101.36369877580843,99.56162352946548,97.18849092087136,113.30397053233398,97.18849092087136,101.77686375062814,43.940869209249286,357.28700064152815,8.476725139468758,1.8787204346401214,2.98000383544786,低,False,False,False
1351,0.9537802323851946,0.8809917763530183,0.0734342963653308,0.9552656104380244,高压尾部,1778.6636218102922,200.0,150.0,-0.11376436435257273,0.06809158115070787,2.817405123194595,0.36,0.024236248821426064,0.12318677584383836,0.1166197200523772,120.13815795747729,110.92181017067604,108.09172859415173,106.42661725609558,129.41661870709558,105.27385827660025,113.4332961994964,747.0380787998511,200.0,11.491370555440659,1.8787204346401214,19.092652010209463,高,True,False,True
1352,0.41249663531475306,0.4283128120395451,0.0734342963653308,0.9552656104380244,中性附近,1552.0076137260903,536.1023924688776,235.27265033992208,-0.23674731907886265,0.10887354260872602,2.048477697377348,0.33250173714888676,0.028124009788957394,0.21672058141761064,0.1973072440602513,98.87983971110383,98.92175845725764,96.36637708316076,93.43847047923583,106.50667853353448,93.43847047923583,97.54045181795166,0.0,417.07556685387317,6.689090316585542,1.7113749622574448,0.0,低,False,False,False
1353,0.4096068356186168,0.3686811581578573,0.0734342963653308,0.9552656104380244,中性附近,1582.6098126211768,510.98877842456534,225.26269044364759,-0.24501552671415358,0.10648740417147852,1.9094335799156168,0.2904498152184352,0.020343328618622345,0.21721993880510299,0.19773801784246436,95.38342038344,96.18657759962598,94.1389561694278,91.5886156305994,104.85720182675826,91.5886156305994,94.75658190278676,0.0,460.32253498026694,5.606908329468019,1.4949351718260504,0.0,低,False,False,False
1354,0.819314790047056,0.823474657155797,0.0734342963653308,0.9552656104380244,高压尾部,1703.3630970521133,256.70521750337656,184.59242952747425,-0.13544480499049028,0.05897715723809482,2.7436454620352753,0.36,0.028428917525773097,0.14642240427986872,0.13666408065301075,113.64245803810887,108.05079788646906,105.63211825297351,102.77566876768368,123.92315239083692,102.77566876768368,109.62213982037319,166.40293550195565,246.6072654827361,10.463702919621248,1.8787204346401214,13.599185693950801,中,True,False,False
1355,0.5314192281342329,0.40236511022725646,0.0734342963653308,0.9552656104380244,中性附近,1571.710357947935,421.7477798250682,215.9264925371987,-0.2533775106075192,0.08742592639054944,2.486773151181203,0.36,0.027596350489701788,0.19617075737840453,0.17957980946749072,104.45301924015259,104.17123153234431,101.21636205970829,97.81528262393127,112.01070371947385,97.81528262393127,103.31103376473779,0.0,314.8103119319767,8.34781741507003,1.8529075718386598,1.6867370225877352,低,False,False,False
1356,0.15908469817877988,0.18192737295182848,0.0734342963653308,0.9552656104380244,缓和路径,1463.034639925984,610.1007506026385,329.0664009046255,-0.3268184294114055,0.1643066525856524,1.8031683227315518,0.22007307190843692,0.022721568260503148,0.2605101641547068,0.23508260224994304,93.52444044711432,93.13528905570193,91.23192766055939,88.8409099597565,100.99730999008509,88.8409099597565,92.15939173920299,0.0,111.64704735970918,4.730613215338615,1.0972040285309224,0.0,低,False,False,False
1357,0.7128815798206297,0.6510675046882202,0.0734342963653308,0.9552656104380244,高压尾部,1617.1934632692144,322.8330901706205,193.43799984609066,-0.19171295456015844,0.07590547129233756,2.913515663863689,0.36,0.02191044141625358,0.16481406300699517,0.1525297604036245,108.5928906465868,107.2628990680188,104.85100014782537,101.94612835944618,120.4995934203077,101.94612835944618,107.90341459962006,58.75800157983031,310.13388176760026,9.435712356962627,1.8787204346401214,10.175626723421587,中,True,False,False
1358,0.2592406578880338,0.1966931856224133,0.0734342963653308,0.9552656104380244,缓和路径,1502.4070363858789,576.4253701814359,316.57852883179226,-0.3236734248150033,0.13063593222429787,1.9359402336388167,0.2850628342093255,0.030141219767702104,0.24320321431694772,0.22015265342586962,96.88308161615812,96.7049131953111,94.63198515861255,92.01304984917303,102.24547693633579,92.01304984917303,95.49123265867836,0.0,94.40221092321008,6.6734988898247405,1.4212192676123752,0.0,低,False,False,False
1359,0.8123964730012835,0.6981982663419789,0.0734342963653308,0.9552656104380244,高压尾部,1692.4309954550474,271.6732932663835,181.58861985966695,-0.16771255951604577,0.07406367735663401,2.692992598234132,0.36,0.02979338614491069,0.1476178894653782,0.13769537344618996,112.9598300001275,107.79649863287486,105.38692999709392,102.54859237655322,123.61453578336456,102.54859237655322,109.28812553223283,145.2743153398751,260.9865456132812,10.7466419812154,1.8787204346401214,13.290569086478442,中,True,False,False
1360,0.3795294269044387,0.2799354339223167,0.0734342963653308,0.9552656104380244,中性附近,1552.6704614489136,444.16174994608775,323.51407475742883,-0.25628726776326033,0.1131894983303859,2.2363323372127883,0.3104398488882639,0.022645175715576282,0.22241731503091297,0.2022215670408046,100.86048199644898,100.5686062467288,97.74774951959571,94.62129279705078,105.6849186017684,94.62129279705078,99.01770700448091,0.0,259.944960008821,6.761538990978759,1.5978231850153155,0.0,低,False,False,False
1361,0.37746676713925326,0.46804939971459064,0.0734342963653308,0.9552656104380244,中性附近,1498.8773650618173,512.1792096497295,278.9184756030605,-0.21489861187603326,0.13349875743945813,1.9786981558902486,0.3020013221620672,0.02907592625846188,0.22277374263833702,0.20252904155180815,95.55313061768048,96.04871429148788,93.90728259283324,91.3394599966255,104.0159391244557,91.3394599966255,94.61394642791547,0.0,405.33982770403236,5.523777675006558,1.554390379276058,0.0,低,False,False,False
1362,0.7127133401054675,0.7491703255296029,0.0734342963653308,0.9552656104380244,高压尾部,1709.4423669380853,276.1824786373464,195.30122133328766,-0.18836880837106806,0.07724048482898341,2.583778974329324,0.36,0.025968897798217705,0.16484313482977522,0.15255483939387973,108.58097973000959,107.17982786563671,104.75463614976597,101.87413018719225,120.02859937862527,101.87413018719225,107.79812105007531,118.36198780927771,265.31835423292205,10.428021059015277,1.8787204346401214,9.704632681739156,中,True,False,False
1363,0.6787937589303685,0.7525160470139611,0.0734342963653308,0.9552656104380244,高压尾部,1661.2989195393711,376.57073001574133,209.3331734851541,-0.19196876179350597,0.0760972357980494,2.481321298819632,0.3514161402671587,0.027611455171223733,0.17070443845683228,0.1576111297289564,103.81828264294231,103.57517789734601,101.56665570018309,99.00079039654001,115.2672306798509,99.00079039654001,103.99331103516174,62.614612485853286,361.7576568688097,8.757919706171583,1.8339241216174176,4.94326398296478,低,False,False,False
1364,0.2943587490981865,0.3107980618171235,0.0734342963653308,0.9552656104380244,缓和路径,1574.3786716116585,518.7807879664966,300.04772226750566,-0.2844912400845051,0.12480185921446293,2.0943211973408684,0.24235216260272632,0.023147090575222688,0.23713480815583335,0.2149177047908731,96.58352604651508,96.5855569051452,94.18678532393965,91.51822855531856,102.05475955756788,91.51822855531856,95.10373926946961,0.0,255.75341615257094,4.998153535873763,1.2082794447542688,0.0,低,False,False,False
1365,0.9097673792769474,0.941745661392975,0.0734342963653308,0.9552656104380244,高压尾部,1752.3805258577675,274.68383601681796,155.20751928822918,-0.1,0.05737723099218976,2.720109386295228,0.36,0.02956962551925485,0.13079219686094348,0.12318058419281516,117.32742660722117,109.28488295277592,106.72200110745806,103.80343709441112,126.73354469988871,103.80343709441112,111.48935133367537,231.40501163792032,263.8786633603377,11.009073847443407,1.8787204346401214,16.409578003002594,高,True,False,False
1366,0.8763302445931811,0.6844689388654221,0.0734342963653308,0.9552656104380244,高压尾部,1779.0671546460417,297.5015197503577,200.62996749102635,-0.15264573451035843,0.05153643095652603,2.4839713625448496,0.36,0.02910112860657144,0.1365701337342983,0.12816495767494712,113.38521354379405,106.30783899169978,104.08854100397453,101.44319087538663,123.40516133503894,101.44319087538663,108.42706842928106,163.06652549741193,285.79877330163305,10.336220706639685,1.8787204346401214,13.081194638152823,中,True,False,False
1367,0.25806544475104237,0.2257698630238425,0.0734342963653308,0.9552656104380244,缓和路径,1520.9895450572385,593.1455499154988,301.17347731688324,-0.30356640332347595,0.1135721988047978,2.1393365864715537,0.2706831105326856,0.024468578071427192,0.24340629114701987,0.22032783892699798,98.53626399528015,98.23561269538246,95.80636165981292,92.72143949955503,103.05898280508241,92.72143949955503,96.84458989621118,0.0,180.0297551075455,6.160123673573281,1.349527212740096,0.0,低,False,False,False
1368,0.7311597649813399,0.7699001550927955,0.0734342963653308,0.9552656104380244,高压尾部,1694.2036633656123,327.0572810351687,212.025547028701,-0.20833598381776436,0.06079716833598859,2.597805623398154,0.36,0.025796072103489748,0.16165559261122445,0.1498050861072718,108.08786185386539,105.8999114825584,103.7119135535703,100.97700350033357,119.59737859891962,100.97700350033357,106.77930687957578,71.8361053509052,314.1919066418695,9.708558397746465,1.8787204346401214,9.273411902033502,中,False,False,False
1369,0.24317521914968346,0.2614863009260861,0.0734342963653308,0.9552656104380244,缓和路径,1517.9460333841223,583.7440090986389,317.82797915906184,-0.30070557077392673,0.12895530568722555,1.8931436022845345,0.2579327692462604,0.022687416322376985,0.24597932213093468,0.22254748024292717,95.3315660573138,95.35437966300891,93.25534189986642,90.53046485247418,101.55363194765192,90.53046485247418,94.04857354218935,0.0,168.4196310850184,5.455681931746167,1.2859586638790592,0.0,低,False,False,False
1370,0.37601921693672813,0.4371008707364787,0.0734342963653308,0.9552656104380244,中性附近,1439.8924810145718,491.3889680366799,246.7507034438252,-0.24532629417288027,0.09622509196097961,2.1141818556912235,0.28752373359912053,0.025931415079679648,0.22302387931333337,0.20274482352331255,96.40156074632718,96.89663783564802,94.65911875688145,91.98574486754485,103.70145961113991,91.98574486754485,95.36685384189842,0.0,283.43974597963097,5.923883872780034,1.4798747307475895,0.0,低,False,False,False
1371,0.24541105725536277,0.18152833684094136,0.0734342963653308,0.9552656104380244,缓和路径,1520.2545327348491,595.972595071452,290.88699603432724,-0.25722885796212536,0.13804188998830252,1.7004652504939497,0.2859561495244657,0.024189435017522822,0.24559296930627328,0.22221419055558744,94.93146028971906,94.55498846671767,92.03994589012547,89.42609048266524,101.88669534471273,89.42609048266524,93.2454602236523,0.0,354.0663922731874,5.300482808571465,1.425673011789346,0.0,低,False,False,False
1372,0.8281635365563297,0.7379243954861151,0.0734342963653308,0.9552656104380244,高压尾部,1745.9612776046167,283.1603827307522,201.63783688633882,-0.11418395331453758,0.06596648357256013,2.585221533468761,0.36,0.020572530177695898,0.14489334088306624,0.1353450245237084,112.86585178640105,107.34203990480268,104.96602250724658,102.1634280032492,123.09124224569052,102.1634280032492,108.91069449049449,197.02154959421205,272.0217701744113,10.455810441572822,1.8787204346401214,12.767275548804406,中,True,False,False
1373,0.26826695752973934,0.3814654532044317,0.0734342963653308,0.9552656104380244,缓和路径,1518.8790923311171,597.7935130183171,308.59506038066456,-0.2808425930642864,0.14035827841544304,1.8316672883985397,0.30824364904058116,0.029681123446022684,0.241643469738861,0.21880712998310473,96.65864792564975,96.47615956623353,94.31542927152066,91.34745637570634,102.26531060038883,91.34745637570634,95.18566979328698,0.0,157.1127211805615,6.4089047748922745,1.5367903513298105,0.0,低,False,False,False
1374,0.5094486930928339,0.5008668725544185,0.0734342963653308,0.9552656104380244,中性附近,1554.6125489467781,472.295043464306,222.98291521149324,-0.23427971335207853,0.0978408901810804,2.3290446621371954,0.33660407869840564,0.021663371906694064,0.19996726583355828,0.1828548912974469,100.27654572324568,100.7456200162405,98.32909542386024,95.3862692869551,109.8702558502965,95.3862692869551,99.849592606829,0.0,456.81291206967717,7.100764687442867,1.732489572589033,0.0,低,False,False,False
1375,0.7797325684954688,0.7179822909230256,0.0734342963653308,0.9552656104380244,高压尾部,1759.8416411128253,330.75000711090945,201.30383519920053,-0.14922393875779116,0.05687811253337656,2.6604363917298635,0.36,0.023954954445078842,0.153262212163983,0.14256448382246623,111.71917383583668,107.56889450670566,105.17548071637823,102.32084433543291,122.55798241408417,102.32084433543291,108.8016538951723,143.7017176023328,317.73937283118926,9.979746273962876,1.8787204346401214,12.234015717198048,中,True,False,False
1376,0.4714437357542855,0.4405183657503276,0.0734342963653308,0.9552656104380244,中性附近,1559.0272276201117,493.5284198601653,244.8837036021329,-0.24843361643768808,0.09634579836498951,2.2707207087786716,0.33023350098066506,0.020878002353362932,0.20653452246165946,0.18852017641650307,100.66951403748779,100.8580027366155,98.26065295678215,95.19713113133267,108.53709312613091,95.19713113133267,99.6529514373,0.0,345.0321375418025,7.139827476797378,1.6997004290051771,0.0,低,False,False,False
1377,0.45399248111799356,0.42672731652310764,0.0734342963653308,0.9552656104380244,中性附近,1551.7014297729986,539.1408164578709,247.59547720840416,-0.20576387753570188,0.11666085535817473,2.122261850840523,0.3159165331838875,0.025539436484376402,0.20955009926281068,0.1911215826572506,96.72036140792521,97.41434562812434,95.35543322497224,92.75334635168862,106.92425339094805,92.75334635168862,96.2408770969841,0.0,495.0583254507965,5.751649642349892,1.626011490015123,0.0,低,False,False,False
1378,0.6704681122672808,0.6523357774895887,0.0734342963653308,0.9552656104380244,高压尾部,1644.5885553166115,387.9120761041885,211.90318721956407,-0.19315676984352292,0.09202306846365817,2.659774202572735,0.3522644543094739,0.02780919751694084,0.1721431102002139,0.15885220893151272,105.18080072114321,104.83658337037775,102.7086235153967,100.02434411271621,116.87380202386188,100.02434411271621,105.25600994924544,54.50113154135215,372.6528711264961,8.805144542667604,1.838351190857111,6.549835326975767,低,False,False,False
1379,0.5693754542345001,0.5228395510595524,0.0734342963653308,0.9552656104380244,中性附近,1598.7878849194392,409.1311065291524,266.309448059178,-0.1884435262436383,0.09303453403354649,2.505705006332696,0.31847751482020864,0.026266532495177675,0.18961192150827838,0.1739217885681154,99.93503439559039,100.46679390294312,98.7100259398129,96.33858793051766,110.28091580051635,96.33858793051766,100.13861704542718,22.911183151227306,395.71952909134484,6.763261089876565,1.6391927740853434,0.0,低,False,False,False
1380,0.3082937236638406,0.275198857877256,0.0734342963653308,0.9552656104380244,缓和路径,1489.592547510438,552.5643423511698,347.0171371929576,-0.2472638748000645,0.12605033316552688,1.8112457905718848,0.31011834506492625,0.026821592915174525,0.23472684455088833,0.21284045988468944,95.65617491758852,95.58229614665376,93.11508468207839,90.42637564745053,101.9890290566243,90.42637564745053,94.13797237506421,0.0,301.0507698898109,5.862432411732267,1.5461369016021587,0.0,低,False,False,False
1381,0.4149653886698824,0.3866246443616182,0.0734342963653308,0.9552656104380244,中性附近,1573.4351806636819,488.767837926438,269.7444846604892,-0.2390236210731482,0.10203697554176117,2.0371569937453926,0.2806359114147806,0.03463904925085004,0.2162939808378443,0.19693923439454256,95.75121897343263,96.48673047126066,94.48974792579467,91.97035930722562,104.82298068196575,91.97035930722562,95.11330721127602,0.0,406.0017520651727,5.414053168871872,1.4444233477508064,0.0,低,False,False,False
1382,0.3875984437114278,0.3986196745921678,0.0734342963653308,0.9552656104380244,中性附近,1510.222818002638,570.2616065303428,260.9027113634254,-0.2249540995197123,0.10168773294548918,2.144139198768299,0.2875054451097367,0.02918382743316171,0.22102298892666525,0.2010187428819762,96.92457036353832,97.26248637898561,95.00511183479239,92.33124340429973,104.43776115398948,92.33124340429973,95.81275239519697,0.0,393.33028647934407,5.528412701832158,1.479780600524098,0.0,低,False,False,False
1383,0.24295653456819244,0.31352745292092854,0.0734342963653308,0.9552656104380244,缓和路径,1508.411212266014,633.0949901483889,310.13989561556474,-0.2993754227383089,0.10988945526459556,1.968563135276574,0.2880957354363112,0.027202399256372547,0.24601711082661631,0.2225800788982618,97.52374841306894,97.21549847297679,95.02777842459666,91.97235585193647,102.6578711256082,91.97235585193647,95.9320877804917,0.0,156.18232450810683,6.385628790111353,1.4363402063784303,0.0,低,False,False,False
1384,0.5319171136165814,0.492927080756667,0.0734342963653308,0.9552656104380244,中性附近,1593.249665550675,442.9465477131915,266.4369137757586,-0.2040101959848141,0.10215564322265076,2.479906263977842,0.36,0.028166018002505844,0.1960847227670547,0.17950559117041393,102.41944547203948,102.41020631635064,99.78437274437026,96.6663711508125,111.13887297751236,96.6663711508125,101.67850539476133,0.0,428.4264786432497,7.05955734907275,1.8529075718386598,0.8149062806262464,低,False,False,False
1385,0.8070437379691124,0.8058113358828023,0.0734342963653308,0.9552656104380244,高压尾部,1750.6991951553061,294.10763402173313,185.81447312858026,-0.12702008101793252,0.08000299836410521,2.6238468548616787,0.36,0.02065060031929661,0.14854284207893736,0.13849328961943747,112.40279013280461,107.28799259068236,104.9274916481053,102.12480684500936,123.08532772735091,102.12480684500936,108.79185417856627,172.9825683086383,282.53839204784737,10.169601110962947,1.8787204346401214,12.761361030464798,中,True,False,False
1386,0.4009071966401686,0.472545961835769,0.0734342963653308,0.9552656104380244,中性附近,1558.6095303059144,546.8273347294589,254.81662825296036,-0.22199870017408027,0.11227864447011486,2.343814122444925,0.2854209027322059,0.0238755178494031,0.21872323642057884,0.1990348469589063,99.15372744574054,99.30275469563082,96.85542867305657,93.99501571487036,105.78169735369259,93.99501571487036,97.84003142805587,0.0,369.6625684772698,5.59163351788005,1.4690515328709164,0.0,低,False,False,False
1387,0.8567544389348003,0.769447556274865,0.0734342963653308,0.9552656104380244,高压尾部,1684.3051883346423,225.86495923439514,184.5694609728551,-0.1,0.045746418666697305,2.685955721868453,0.36,0.03172263591156356,0.1399528329520665,0.1310830643709247,113.89232139394774,107.44379037897635,105.05491400733767,102.27818496509249,124.14122442790055,102.27818496509249,109.29883499533089,197.261574286209,216.98016311036298,10.396374511521474,1.8787204346401214,13.817257731014436,中,True,False,False
1388,0.8603032795875797,0.8220891383519044,0.0734342963653308,0.9552656104380244,高压尾部,1721.9605957853105,283.1992102898556,205.55217391883778,-0.11172994594888792,0.05843340153200655,2.7104043581095723,0.36,0.024086446023325127,0.13933959328726622,0.13055404932793976,114.78398290945844,107.95484838188491,105.56365494891553,102.74543513347537,124.85202421496285,102.74543513347537,109.90159213945567,194.99879473931287,272.05907038306697,10.496280543257633,1.8787204346401214,14.528057518076736,中,True,False,False
1389,0.6594708019252604,0.6391510443194158,0.0734342963653308,0.9552656104380244,中性附近,1692.7256891517434,404.097113111411,220.3130340659994,-0.18493190376142948,0.08208467667363428,2.5358824611565995,0.3508775152656228,0.027721652440342838,0.17404344542731498,0.16049154503378207,103.64259618022712,103.63052531332312,101.61566976358759,99.017299494202,114.62078838467622,99.017299494202,103.8811655091969,58.93696469821589,390.8505531740233,8.315908010307414,1.8059544578433537,4.2968216877901,低,False,False,False
1390,0.4946894676265202,0.5013092326285407,0.0734342963653308,0.9552656104380244,中性附近,1550.6618465842846,471.2984008330454,214.23768180441215,-0.23578973885892002,0.11886445131112502,2.227588805227749,0.2873726559957405,0.028165854926572,0.2025176599941373,0.18505500481575074,96.19696704956118,97.39001223753232,95.58977819683794,93.20131547563899,107.76405399630359,93.20131547563899,96.42882384502911,0.0,455.8489400166582,5.820491423772543,1.4790971395385943,0.0,低,False,False,False
1391,0.23444549309184842,0.14919681594814177,0.0734342963653308,0.9552656104380244,缓和路径,1500.984725615372,575.5228904324307,330.68586358856004,-0.30146139898394614,0.1230946009614665,1.7231676112164542,0.27372904379982893,0.029105137374123513,0.24748781879372858,0.22384879435014565,94.8497751701654,94.77288199126052,92.48175903355965,89.7688403028223,101.41034209670289,89.7688403028223,93.457054708426,0.0,193.0736935991099,5.691449754778194,1.3647131245027875,0.0,低,False,False,False
1392,0.258960209535847,0.2259271447295478,0.0734342963653308,0.9552656104380244,缓和路径,1497.44957679939,547.20641488708,324.51717149955687,-0.2770891394745036,0.12014196294165597,2.0392265123570237,0.27849733075765315,0.023391405059315414,0.2432516757922056,0.22019445902144372,96.92416211632604,96.75839332531483,94.62474392949532,91.69863473913479,102.28507115686521,91.69863473913479,95.4505728163595,0.0,141.05683852780749,5.852575906755523,1.3884860632542078,0.0,低,False,False,False
1393,0.9349226845885087,0.9204585055833032,0.0734342963653308,0.9552656104380244,高压尾部,1800.0,208.97507584307448,177.30710704535105,-0.14532456924833256,0.043837297287136326,2.92804600392913,0.36,0.02223849163888876,0.1264453601031057,0.11943075820097404,120.76144461710533,111.67919347385985,108.80516099130394,105.63606081878883,130.25632876182237,105.63606081878883,114.09034260731022,195.93341179116396,200.75467304060587,11.22446571812866,1.8787204346401214,19.932362064936257,高,True,True,False
1394,0.2939312460050112,0.18618620442292386,0.0734342963653308,0.9552656104380244,缓和路径,1494.8665734065632,559.1856053024875,302.4712178941051,-0.30398175223440743,0.13350749090519384,1.8115821314709477,0.2509340201021597,0.03066137274993534,0.23720868069033405,0.21498143139607728,93.51039525773727,94.02884194519531,92.05069934351957,89.5699805110769,100.39729556293629,89.5699805110769,92.58001912337406,0.0,187.28258714314507,5.220781954423565,1.2510654545963737,0.0,低,False,False,False
1395,0.5696568249560361,0.4734596257566486,0.0734342963653308,0.9552656104380244,中性附近,1710.3757465091062,443.6618390860002,271.5323490656443,-0.1798284903488335,0.09794097327501688,2.433928069111495,0.36,0.0288693073525823,0.18956330064759694,0.17387984547770602,103.48655813981333,103.41376166996372,101.21164335061688,98.5107983009264,111.88381815788517,98.5107983009264,103.01679941609301,48.534821551165805,429.1183223107045,8.065031178840133,1.8529075718386598,1.559851460999056,低,False,False,False
1396,0.6173776619983578,0.5679577985179914,0.0734342963653308,0.9552656104380244,中性附近,1684.8357410731082,482.58308313142334,234.30676913704207,-0.19320739540503207,0.08219233181728884,2.3770877804845223,0.36,0.026305535327264623,0.18131714000668375,0.16676624328216952,101.66805455197924,101.89339157884186,99.95875810934295,97.45465364071262,112.7733731368747,97.45465364071262,101.94654558145125,27.03543961846117,466.7637032644177,7.760487202956847,1.8529075718386598,2.4494064399885787,低,False,False,False
1397,0.648418144940011,0.6152566446674008,0.0734342963653308,0.9552656104380244,中性附近,1675.195879257386,379.25711051416175,199.880472080379,-0.178434800838756,0.0800991136357806,2.647944712653061,0.33663549822105754,0.024484250397597135,0.1759533445543661,0.16213913149432663,103.88652460019406,103.88630676243486,101.84046540385468,99.21709208962575,114.50822506567664,99.21709208962575,104.0339691042646,63.0673493436625,366.8248216333421,8.01816306890615,1.732651287787437,4.184258368790523,低,False,False,False
1398,0.38517441182508,0.3729841610614836,0.0734342963653308,0.9552656104380244,中性附近,1556.857728562281,546.4368972645433,286.2366740644872,-0.2453913152278558,0.1320540203212063,1.8607696394879893,0.3107156871997368,0.032492790386625316,0.22144186163662616,0.20138008605232924,96.35998624221442,96.6805106470581,94.37031242065326,91.67666296488396,104.14961187771091,91.67666296488396,95.21968928490104,0.0,383.094713090577,6.073514769365403,1.5992429152817913,0.0,低,False,False,False
1399,0.2458622358435288,0.21282878054326132,0.0734342963653308,0.9552656104380244,缓和路径,1411.5995187998117,602.023851796975,250.91931564929445,-0.3001048588651588,0.13334291209186333,2.08937625938903,0.2847703596718953,0.023201757256055302,0.2455150056462382,0.22214693471528207,96.6795523474624,96.46664497611674,94.38720435356049,92.07230465073367,102.25728438621255,92.07230465073367,95.29518027853447,0.0,50.0,6.597575458656484,1.4197610962971468,0.0,低,False,False,False
1400,0.4319482452313859,0.2120252718002761,0.0734342963653308,0.9552656104380244,中性附近,1537.9444894045914,513.143469031803,267.0282875926617,-0.24747311553982365,0.10484045131437178,2.032724062068534,0.27960132629359186,0.02926309287183082,0.2133593432240165,0.19440765085137773,95.31442831286013,96.23039421231367,94.29281411974456,91.797891682933,104.9218291442335,91.797891682933,94.8707220953674,0.0,389.1484176827835,5.548627178818454,1.439098373848689,0.0,低,False,False,False
1401,0.7983498122774361,0.8878518849706374,0.0734342963653308,0.9552656104380244,高压尾部,1730.1600599001422,310.0414401791502,203.37763240899037,-0.15839863217644873,0.07177806004700975,2.7312143308880508,0.36,0.02408083661931625,0.15004515243845903,0.1397892670733386,112.24517884812452,107.63836206318732,105.25263202849874,102.39273672210523,122.88810249008769,102.39273672210523,108.9755981861055,126.7149513756267,297.84541386621345,9.916298621480085,1.8787204346401214,12.564135793201572,中,True,False,False
1402,0.9419994287688104,0.8866297313468198,0.0734342963653308,0.9552656104380244,高压尾部,1791.9281603837585,215.54866746894928,150.0,-0.1172106517494902,0.035,2.9524396557067516,0.36,0.028794613814854014,0.12522249870874957,0.11837584914953392,121.4371468061629,112.26442514814632,109.27251628254373,106.04216524754916,131.08486433905404,106.04216524754916,114.67914392140435,227.276407079793,207.0696808578345,11.314379925363548,1.8787204346401214,20.76089764216792,高,True,True,False
1403,0.25504896159232127,0.31104144812338413,0.0734342963653308,0.9552656104380244,缓和路径,1570.3217785906586,618.4436174660359,327.71226592274274,-0.28478720464217266,0.125377686498446,2.1310257304917926,0.2538563945063269,0.019595038434944215,0.24392753943684686,0.22077749703340646,98.16545220596254,97.85764917387863,95.08243871598297,92.18075409768579,102.97775612572585,92.18075409768579,96.36089695152411,0.0,231.66454634194997,5.352226005603429,1.2656353469567707,0.0,低,False,False,False
1404,0.6457138821873241,0.47432815684035473,0.0734342963653308,0.9552656104380244,中性附近,1679.5198175829894,389.3478103417855,224.0891056417591,-0.1705165370406817,0.09445648492121082,2.51950232735845,0.36,0.02552528768748448,0.17642064115803038,0.16254224784029014,103.8356618129336,103.75058456612055,101.66257335805598,99.02966913463014,114.4334618450198,99.02966913463014,103.90399676115753,68.12530904865343,376.58474191382277,8.490192323988422,1.8529075718386598,4.109495148133689,低,False,False,False
1405,0.9517752281327791,0.8190566384972622,0.0734342963653308,0.9552656104380244,高压尾部,1800.0,205.64944071603543,151.20185352877408,-0.1026247946605639,0.04070220242561611,2.8400242835403073,0.36,0.025204432650425882,0.12353324057865575,0.11691860002884101,121.2232365482779,111.86003956431242,108.9657886443663,108.1258448016034,130.66535414278636,106.98042655842814,114.57025587532954,805.9264103266214,200.0,11.680242904056685,1.8787204346401214,20.34138744590024,高,True,True,True
1406,0.17564160872476797,0.2427009392049759,0.0734342963653308,0.9552656104380244,缓和路径,1429.225155247115,636.1419408059065,312.33759239308097,-0.28878775308612364,0.1480563120069026,1.747077208986139,0.2170759716790574,0.025935218343699298,0.25764913001236006,0.23261451320308102,92.37203687400894,92.29442219694765,90.04264002482076,87.7234867984757,100.30269439997252,87.7234867984757,91.05171929319563,0.0,212.94497734676406,4.199364062918535,1.0822615804746043,0.0,低,False,False,False
1407,0.02328217124255172,0.11446248780565169,0.0734342963653308,0.9552656104380244,缓和路径,1400.0,700.0,354.04579900837894,-0.33859917967983866,0.15415013038371086,1.6977051722456094,0.20995851786637915,0.028897587675491953,0.28,0.2553262780454076,92.8263115634628,91.63126168063724,89.58642256566526,87.6256981153082,101.41604177037144,87.6256981153082,91.05946119347074,0.0,50.0,4.509320684861124,1.0467765530315263,0.0,低,False,False,False
1408,0.21685560697577116,0.13983260588201324,0.0734342963653308,0.9552656104380244,缓和路径,1477.7587575557216,573.9884933604746,304.44516364256634,-0.30470694256645836,0.1343989701328592,1.758002981995709,0.24091315426937465,0.025058079453955023,0.2505273511145867,0.22647086597021368,93.82959642964664,93.82984805761113,91.45382963158097,88.93403730093056,100.8841844685532,88.93403730093056,92.4540621323981,0.0,219.00630585351973,4.942149851432916,1.2011050743201617,0.0,低,False,False,False
1409,0.3582799762765781,0.47183548057586816,0.0734342963653308,0.9552656104380244,中性附近,1484.5534981205794,536.7386429893342,264.8090130135445,-0.27547661900048914,0.11252789834318444,2.003707806592414,0.2835074482099296,0.02473991021329146,0.2260892200994073,0.20538915897776572,96.9944964681076,97.2842129755308,94.82526029881721,92.02973545661652,102.62183526437244,92.02973545661652,95.6523852826563,0.0,214.4048178951034,6.176040420730882,1.45920304850232,0.0,低,False,False,False
1410,0.5944476353597397,0.5892463212781957,0.0734342963653308,0.9552656104380244,中性附近,1641.019529442459,436.5710998322795,194.86711737309122,-0.16961000247990685,0.09847195494508867,2.3953030018590775,0.335423675038322,0.02737994229865166,0.18527944860983697,0.1701843536496705,100.93094763739519,101.17570118931478,99.30798351621695,96.88444687301806,110.54154643920486,96.88444687301806,100.93616551590037,57.88632267419416,422.2600219917775,7.527593248318077,1.7264140757012687,0.21757974231874755,低,False,False,False
1411,0.16273029209937126,0.03998324412023859,0.0734342963653308,0.9552656104380244,缓和路径,1486.7390881670497,626.511694513762,312.8297891939293,-0.3074220354440405,0.12855146877274953,1.872726530510184,0.2264979262698785,0.024354585200017077,0.2598802055252286,0.23453916448721993,94.51058269173986,94.08306844444436,92.00658127617058,89.3941948454723,101.52201509413605,89.3941948454723,93.01796577552412,0.0,160.2682875444898,4.732384940462104,1.1292360078501873,0.0,低,False,False,False
1412,0.12242174091935869,0.10906922731064955,0.0734342963653308,0.9552656104380244,缓和路径,1436.795554551264,669.8378890211429,330.73807778800534,-0.35,0.1494509192239282,1.65,0.25108448116730364,0.022482576160079554,0.2668455231691348,0.24054783943813784,93.88150361893928,93.050047121072,90.9757443098215,88.8807355977876,101.5120971114196,88.8807355977876,92.2443176419465,0.0,50.0,5.610945465192392,1.2518155985616546,0.0,低,False,False,False
1413,0.7099022478656554,0.5768446525429093,0.0734342963653308,0.9552656104380244,高压尾部,1602.461593758835,356.87216153784186,205.82925530450925,-0.18731912462080533,0.08284835371960883,2.7664241759442953,0.36,0.0265943121885556,0.16532889156881472,0.1529738804914038,105.7135413160296,104.75266844423454,102.63457449578135,99.97043033775795,118.3656937011783,99.97043033775795,105.52103893270696,37.71019433531728,342.83396628899004,8.584376106401692,1.8787204346401214,8.041727004292184,中,False,False,False
1414,0.3047084635537419,0.3430064391497303,0.0734342963653308,0.9552656104380244,缓和路径,1500.1564399631052,601.9150673125307,322.4328250754422,-0.25533552456891595,0.1375821891468913,2.061649915967098,0.25283794024562267,0.026947280466357533,0.2353463774979134,0.21337490386705607,94.94719991845649,95.27814934070784,93.12556425766581,90.6271183054977,101.34535594836206,90.6271183054977,93.8086436089215,0.0,271.8574914897017,4.882774132070838,1.2605577056623192,0.0,低,False,False,False
1415,0.5380083067612145,0.5363740101994755,0.0734342963653308,0.9552656104380244,中性附近,1571.6740935043292,394.20751297824904,234.73228633370354,-0.22027125978672127,0.08321318032958727,2.2406529599785063,0.3345463943420913,0.026879627313793144,0.19503216459166212,0.17859759525892835,98.70785828389143,99.24782772525478,97.55425535048823,95.25022359171604,109.71685668345202,95.25022359171604,98.85275500721366,13.686591024108566,381.28514041233757,7.391119098137993,1.7218987422438423,0.0,低,False,False,False
1416,0.3355369619520911,0.42776494256264963,0.0734342963653308,0.9552656104380244,中性附近,1469.6438626883,560.098854393848,319.0262562087599,-0.28609524485005927,0.1210194291599872,2.127238924117376,0.25553558876750454,0.024607520121314227,0.23001921297467864,0.20877939197993015,95.7142485450535,96.24607691904863,94.52297362994345,92.0945341420781,101.37459204426945,92.0945341420781,94.88425773413118,0.0,86.30590069206482,5.748066065716032,1.3152328536154423,0.0,低,False,False,False
1417,0.3993299728098336,0.3762410840217468,0.0734342963653308,0.9552656104380244,中性附近,1544.7538099542599,502.5864870436109,268.8776958682479,-0.2639402875213875,0.10289915188700816,2.257317233806699,0.26902764892233744,0.02315298315046866,0.21899578069846073,0.19926995898957697,98.24063503016008,98.6328474524425,96.2910104393383,93.49421145671718,104.93229354828672,93.49421145671718,97.1055356177426,0.0,296.33983051148425,5.809473418018852,1.3846760214504212,0.0,低,False,False,False
1418,0.7266555998117961,0.7340540131592954,0.0734342963653308,0.9552656104380244,高压尾部,1707.8170731368427,349.3192336181092,216.68794236981608,-0.1972322245968991,0.07933703735194689,2.6995018571859504,0.36,0.029952639524217926,0.16243391235252164,0.15047650851360367,108.35324291136473,106.57160601138398,104.26458685717975,101.44093368729817,120.07139619646198,101.44093368729817,107.33367810285425,65.3293891935482,335.57814609651973,9.31950117291938,1.8787204346401214,9.747429499575858,中,True,False,False
1419,0.01707390204276061,0.06943387718836355,0.0734342963653308,0.9552656104380244,缓和路径,1464.196478215999,700.0,368.7235144272194,-0.33117841454002367,0.16114777297414548,1.6946344653864418,0.1905180160810394,0.0284986544145966,0.28,0.2562517261336494,93.40639649129528,92.02044394933849,89.7691900646717,87.32958303287153,101.8308347777933,87.32958303287153,91.3967574180583,0.0,170.5550879897146,3.8935696155909603,0.9498533052640215,0.0,低,False,False,False
1420,0.44703940619490495,0.5447758280584099,0.0734342963653308,0.9552656104380244,中性附近,1557.6567530083435,444.90560801120625,259.0831656984523,-0.2642377937608598,0.10680781174516454,2.0056839698756557,0.3346208823829617,0.02861060782340162,0.21075159060952042,0.19215805670305888,99.02028385678426,99.19885085841663,96.67065196189631,93.72025417609643,106.9841204162774,93.72025417609643,97.89577408094318,0.0,327.6622035631299,7.240415249394477,1.7222821296186763,0.0,低,False,False,False
1421,0.8935314986812357,0.7898133184328565,0.0734342963653308,0.9552656104380244,高压尾部,1745.9979294496907,315.0689540082749,171.86390627841465,-0.13952368661282463,0.055445270140355996,2.704960466637888,0.36,0.02348430282010898,0.13359775702788246,0.12560081826686745,115.693034862793,108.09405111245815,105.66760500970189,102.84176006305921,125.54329679282512,102.84176006305921,110.27008021586165,173.22552868319144,302.675161580869,10.545547593157956,1.8787204346401214,15.219330095939,高,True,False,False
1422,0.6082915406104921,0.5937922991463715,0.0734342963653308,0.9552656104380244,中性附近,1543.1223518115194,380.5641126346595,252.57896393259284,-0.2215213438085072,0.07087666688313238,2.3916785939529404,0.36,0.03023076128949761,0.18288722178250696,0.16812068417339512,100.5532254284123,100.95177358832281,98.69146300565184,95.94642998154572,112.49667437096421,95.94642998154572,100.9060674740598,0.0,368.08897939448735,7.544714280335082,1.8529075718386598,2.1727076740780973,低,False,False,False
1423,0.4105069493295419,0.43458919119983785,0.0734342963653308,0.9552656104380244,中性附近,1541.3426737105005,483.60707422330097,273.9892638120471,-0.25526684024464685,0.11567666993904473,1.8320794883826164,0.31176348790987907,0.024736609862362872,0.21706439915585515,0.19760384058851996,95.79981788197776,96.45902383215274,94.24671624881708,91.58040551208973,104.68344733575874,91.58040551208973,94.99468924683562,0.0,364.7052417773648,6.256508274837858,1.604635909364015,0.0,低,False,False,False
1424,0.6855836172782314,0.6250538506455502,0.0734342963653308,0.9552656104380244,高压尾部,1672.0451797434582,361.2076400694693,232.8205961864356,-0.16598215440123565,0.07488238606028168,2.6210494238628264,0.36,0.027577304469171112,0.16953115093432158,0.15659898588898347,105.83054789901585,105.21671462119747,103.03720862158363,100.31372636718945,117.60535877848956,100.31372636718945,105.7235930644501,81.07473956488684,346.9989011338756,8.982067102055428,1.8787204346401214,7.2813920816034425,低,False,False,False
1425,0.5769507455222849,0.655617812131139,0.0734342963653308,0.9552656104380244,中性附近,1609.2570436599522,440.7160715879593,271.73338774744144,-0.2053160034894626,0.06783906207070306,2.3704820938796125,0.34253459573332845,0.02553284731269283,0.18830291117374917,0.1727925625931221,99.9014807622716,100.33118897331457,98.52567422153327,96.15469309435377,110.77699838777538,96.15469309435377,100.1736393558443,8.738275919902662,426.269118941578,7.205936004422189,1.763013739030496,0.45303169088926154,低,False,False,False
1426,0.47914272903933275,0.45301001920328526,0.0734342963653308,0.9552656104380244,中性附近,1533.920701545185,495.55365290261074,251.80168760328158,-0.22921290128697455,0.1133952455515288,2.2674272422540453,0.32966375061003794,0.028359320453834217,0.20520413642200327,0.1873725105554168,99.2600300180253,99.78627534700128,97.41174974598843,94.50318418337496,108.313836929556,94.50318418337496,98.66187303171537,0.0,356.07372577993556,6.728288143248401,1.6967679435168637,0.0,低,False,False,False
1427,0.3963310985227887,0.34882240353743105,0.0734342963653308,0.9552656104380244,中性附近,1483.9977956893197,508.2357144538914,298.4353875676134,-0.2584767203655332,0.10324198154590604,2.0516414882269634,0.2554018898203383,0.02808899737520364,0.21951398617526208,0.1997169921942448,94.30494359155661,95.34148069701409,93.4862058781681,91.07677730101678,102.93396689764684,90.74973636246561,93.82321722840308,0.0,271.55836511721645,5.196411992332426,1.3145447097500222,0.0,低,False,False,False
1428,0.27529482465488153,0.28939429328673566,0.0734342963653308,0.9552656104380244,缓和路径,1474.4971689900963,620.771296003688,324.000237058721,-0.27540295072966425,0.1390175592813449,1.9931869184415554,0.302749824609446,0.025812452742745153,0.24042905429963646,0.21775950688783058,97.27085381501874,97.16639299426686,94.95853623259373,91.94052494126691,102.46487553173465,91.94052494126691,95.80425111701093,0.0,161.11165463772704,6.443917626848122,1.5094001474960992,0.0,低,False,False,False
1429,0.40482413708304504,0.513557924272122,0.0734342963653308,0.9552656104380244,中性附近,1587.5050677294912,483.4342576588609,242.12137797672693,-0.24361137407257683,0.11746617692798207,2.291273687411758,0.28264739847799486,0.03290168895479624,0.2180463891120498,0.1984509603831214,99.07113697483274,99.40446049279929,96.98762211003056,94.11482392231311,106.2522878220562,94.11482392231311,97.92486054357252,0.0,401.92264355644875,5.81238780601426,1.4547764022232654,0.0,低,False,False,False
1430,0.372823509444962,0.2602324510974502,0.0734342963653308,0.9552656104380244,中性附近,1582.7590980412008,558.1147584117308,275.5235106163231,-0.2576581327919561,0.10522685113091393,2.0754766113746737,0.3192908034541767,0.028064057181549012,0.22357609756791055,0.20322119806405162,100.52547098082381,100.08707955904272,97.17270981839238,94.02474114909695,105.32620577561191,94.02474114909695,98.53548887796575,0.0,347.1634422305269,6.792729316207293,1.6433787426074815,0.0,低,False,False,False
1431,0.39280449783383586,0.4365198584941702,0.0734342963653308,0.9552656104380244,中性附近,1501.6005378578054,535.3893524665933,289.5518224532865,-0.23267897131054377,0.11105148258961134,2.1198380842151785,0.2990483336210574,0.025500528060724205,0.22012338277431315,0.20024269199245806,97.24427599965449,97.63728799665306,95.31985697554016,92.57563506740209,104.80753167595853,92.57563506740209,96.15554159197247,0.0,349.3556574072354,5.92511198852073,1.5391914492005303,0.0,低,False,False,False
1432,0.6909585102193574,0.6302458851072031,0.0734342963653308,0.9552656104380244,高压尾部,1661.2341326415378,338.5632197907174,220.73005075446693,-0.14250741142236126,0.07788155388235782,2.4872896069436194,0.3542869465307494,0.02832570790248875,0.16860236943409504,0.15579776670263815,104.91182309341382,104.35500750056116,102.26143830486585,99.63312647459334,116.48006971077908,99.63312647459334,104.86555855112675,120.02008005730386,325.2452390241004,9.221378184927088,1.8489059060376973,6.1561030138929596,低,False,False,False
1433,0.9038474072433896,0.8752305233953787,0.0734342963653308,0.9552656104380244,高压尾部,1770.0448719479145,266.6673933301152,150.43726713005555,-0.14272066816955312,0.06698361373044626,2.9401523073488924,0.36,0.02561444138046315,0.13181516802834228,0.12406305668628974,119.73362146458668,111.6562860513313,108.78886702244671,105.60678538107176,129.54818074092324,105.60678538107176,113.7445800128646,197.1095882888203,256.1775615709249,11.320472381972143,1.8787204346401214,19.224214044037126,高,True,False,False
1434,0.23144910789040063,0.17138768989495154,0.0734342963653308,0.9552656104380244,缓和路径,1486.0379071844427,580.1740782112912,318.1327768440362,-0.28383809478840527,0.1337689394657575,1.9163951933201755,0.25634870523962894,0.025517183781476462,0.24800559415653878,0.22429545651428137,95.53350624317783,95.38835620935609,92.97268627350273,90.24672888125686,101.66269634848086,90.24672888125686,94.02334916983283,0.0,195.26303705678947,5.246919238967882,1.2780610987909964,0.0,低,False,False,False
1435,0.5666648912240765,0.6568620493896458,0.0734342963653308,0.9552656104380244,中性附近,1656.8651389414545,418.43901499433474,213.25737896623275,-0.1766491148496899,0.09417496093430985,2.3091740645442114,0.33737582375539243,0.02681415405669824,0.19008030679647958,0.17432584407462276,100.78477155391296,101.10735353078626,99.2251407032086,96.78267022269969,110.19617221548533,96.78267022269969,100.7309156491046,62.47511718679743,404.72231840725533,7.7505785691505436,1.7364617177546442,0.0,低,False,False,False
1436,0.9066714381407555,0.7554361978774519,0.0734342963653308,0.9552656104380244,高压尾部,1751.0208209620616,259.87964371633535,187.01921888902845,-0.1,0.035,2.6227247509127745,0.36,0.02486747910994732,0.13132717548927744,0.12364208686185124,115.92935315942596,107.9084400996243,105.4600810460282,102.65536041088912,125.62216283878095,102.65536041088912,110.20255691992215,219.265109467633,249.6568200475715,10.657380362175143,1.8787204346401214,15.298196141894834,高,True,False,False
1437,0.4576332136938861,0.31030774628969465,0.0734342963653308,0.9552656104380244,中性附近,1659.335728899257,542.7706598553137,257.9294860227767,-0.2398379650274825,0.0959507335793906,2.319822401672391,0.31330350863171674,0.02259415786778265,0.20892098067369647,0.19057886956061607,101.14057080723971,101.22185353335811,98.6560628887438,95.62779522893359,108.70558077699866,95.62779522893359,99.98935520524262,0.0,447.0979275678201,6.458690846367564,1.612562342853686,0.0,低,False,False,False
1438,0.7657520464945201,0.7020867873123392,0.0734342963653308,0.9552656104380244,高压尾部,1776.841335913834,365.56198294814726,175.6474111777677,-0.1578734232130928,0.07840250234353324,2.7145961412501958,0.36,0.025785812423266476,0.15567804636574692,0.14464851834835885,111.93067718886078,108.26188415723114,105.79853014119765,102.85403759553098,122.95150489526753,102.85403759553098,109.34991979727269,131.77583009189038,351.18195826348335,9.891255114569267,1.8787204346401214,12.627538198381416,中,True,False,False
1439,0.6696256528649359,0.8119276366519367,0.0734342963653308,0.9552656104380244,高压尾部,1677.655535672117,356.56124946344227,251.2066367538806,-0.16639474113765645,0.07743619318131409,2.3730284157541135,0.36,0.022909004279306814,0.1722886871849391,0.15897779183042238,103.4601104445428,103.23818101399188,101.25184289103697,98.71327345493525,114.78293755355355,98.71327345493525,103.64953076717572,88.4708657703195,342.5352844888344,8.961168415487721,1.8787204346401214,4.458970856667435,低,False,False,False
1440,0.7898228703856901,0.961219421194718,0.0734342963653308,0.9552656104380244,高压尾部,1730.080120511774,308.04888220800643,217.92159594577944,-0.18184980604282897,0.04928850111857215,2.777930714114651,0.36,0.02591259353443299,0.15151860799735273,0.14106035275250517,112.35847817825196,107.73413844100051,105.36864086167573,102.50876023077943,123.33771973984129,102.50876023077943,109.11555489709022,97.40966681692953,295.931236673562,9.78097820461734,1.8787204346401214,13.013753042955173,中,True,False,False
1441,0.4004815273788924,0.4796196097282248,0.0734342963653308,0.9552656104380244,中性附近,1573.4850886924262,536.1102439155128,235.76574594610713,-0.24174188397909507,0.10918129857132099,2.1254893895754137,0.3163135230082077,0.03055085919873568,0.21879679206892735,0.1990983002002839,99.52033465203826,99.46171816700472,96.81519760163411,93.8245489146502,106.19054482640713,93.8245489146502,97.9961207577389,0.0,405.9259982421372,6.459230704033478,1.6280547829357506,0.0,低,False,False,False
1442,0.38904673159429676,0.4877851358653529,0.0734342963653308,0.9552656104380244,中性附近,1600.7452246682178,510.7922786879712,303.7837341014405,-0.2775555209124768,0.11243088905469631,2.01487986456763,0.3230395386673669,0.02378819948292392,0.2207727247805055,0.20080285094667322,100.09130903591596,100.1036120674038,97.29760840390914,94.15098493339198,105.16206324562434,94.15098493339198,98.46836062423183,0.0,212.7598988333266,7.175310838688614,1.6626733533334213,0.0,低,False,False,False
1443,0.7243630330321266,0.739432910885499,0.0734342963653308,0.9552656104380244,高压尾部,1664.4256951391005,340.0611674435417,222.52321577609956,-0.16180065429225587,0.0638354801160809,2.7024846945852943,0.36,0.029089290759095533,0.1628300678920485,0.15081825457440323,107.59331013026238,105.87101369832465,103.63269488398264,100.87562537177823,119.18634754916009,100.87562537177823,106.63495889453272,88.04379291977602,326.68426226675973,9.148652919753125,1.8787204346401214,8.862380852273972,中,False,False,False
1444,0.5171285810058898,0.5959804395191605,0.0734342963653308,0.9552656104380244,中性附近,1561.3770183551587,439.33450849103554,245.48422997069287,-0.24043809095694968,0.09499980848695869,2.286226496762374,0.3247022197231001,0.03462731304060792,0.19864018120218224,0.18171007341691942,99.35520107609466,99.98198963158086,97.69583126343628,94.82350010969468,109.25389498788445,94.82350010969468,99.09131209055232,0.0,377.21312213993224,6.80862572846443,1.67123111532709,0.0,低,False,False,False
1445,0.30174573287317513,0.27485204772461147,0.0734342963653308,0.9552656104380244,缓和路径,1416.0244054671434,590.5107163138284,296.78561432378916,-0.2674784971949632,0.1247930763396201,1.9571826650570352,0.2824136456504166,0.023802148302928827,0.2358583373595153,0.21381654925260057,95.26564149113445,95.63644213150762,93.23491157488064,90.53191018914242,101.25315000937384,90.53191018914242,94.02150629250715,0.0,205.914471228185,5.783243168292485,1.4080113801867742,0.0,低,False,False,False
1446,0.6473844653520602,0.7867845838894545,0.0734342963653308,0.9552656104380244,中性附近,1693.7105236158482,358.37920183911706,249.48467141860098,-0.1813408986138624,0.0907735846896819,2.375027997003344,0.34207056959923804,0.02550922940356694,0.17613196438716397,0.16229321901336588,102.06282698552485,102.23781290698918,100.36242678572339,97.90147686539517,112.77194365953324,97.90147686539517,102.39989184782216,75.16934575159758,346.63130406048043,8.261559196116142,1.760625412537754,2.447976962647118,低,False,False,False
1447,0.657796603082755,0.5816152599356574,0.0734342963653308,0.9552656104380244,中性附近,1609.0408276823348,406.1940219744352,229.94412940222202,-0.18541927140902603,0.09264936972058757,2.7852178488156203,0.3467628868453441,0.02468288252274422,0.17433274698729992,0.16074111283895803,104.01616269093651,104.01663363152923,101.97868897104614,99.34149980935848,115.83119662157283,99.34149980935848,104.34137564716931,35.060585162204006,392.87872403314685,7.968577602496988,1.7847766074121405,5.507229924686712,低,False,False,False
1448,0.2716297165831204,0.3215198661189546,0.0734342963653308,0.9552656104380244,缓和路径,1522.2420832088735,593.1577980142459,287.7024607127056,-0.2602415925619827,0.12325327673267969,2.1156782348159227,0.263748616607901,0.021601229245954943,0.24106238497443677,0.21830585356659976,97.50627944204682,97.02666838368278,94.4044592280185,91.62504948074202,102.66026121799776,91.62504948074202,95.65055509317736,0.0,260.6759546286612,5.267947616332189,1.3149543565332154,0.0,低,False,False,False
1449,0.5336767391574745,0.509079937974645,0.0734342963653308,0.9552656104380244,中性附近,1629.42989739419,483.65849567729344,248.09465685088804,-0.21362461796727394,0.08954505167160355,2.3788407933898097,0.3348611041727381,0.019578344358069346,0.1957806594735884,0.17924328906326695,100.60712962508703,100.97265547343093,98.68134191442985,96.24168801481814,110.209017524544,96.24168801481814,100.31777592737332,1.8066357858606352,467.80386310423256,7.000062727358353,1.7235185428775577,0.0,低,False,False,False
1450,0.7261798706796899,0.6609100121905206,0.0734342963653308,0.9552656104380244,高压尾部,1716.0514298966289,369.95427362646274,205.83319064242625,-0.18082456993299134,0.06393365117005108,2.388488981816315,0.36,0.03101617112510483,0.16251611834654958,0.15054742402993523,105.7782048325087,104.24705691854234,102.18750493357307,99.59754733780889,117.33879216837164,99.59754733780889,105.03365650458842,96.57887943338028,355.4014704491694,9.433472925749314,1.8787204346401214,7.014825471485523,低,False,False,False
1451,0.19840915580798812,0.2542211430925874,0.0734342963653308,0.9552656104380244,缓和路径,1437.8730283771097,598.2945020220959,255.11169567249857,-0.3006047183049172,0.13608442340730445,2.008930441986879,0.26419960460630415,0.03252214672312493,0.25371489787637963,0.22922062317607794,96.41978684691897,95.88146440321349,93.75190585831564,91.08459491182788,102.37080836792596,91.08459491182788,94.82362058151539,0.0,109.36764541016237,5.880153927682606,1.317202818120887,0.0,低,False,False,False
1452,0.7260699205497372,0.7346883201646944,0.0734342963653308,0.9552656104380244,高压尾部,1700.9078478876863,393.3026942457949,217.171674544739,-0.19480772386905937,0.07854240594680778,2.5587132464207283,0.36,0.02667322015759058,0.1625351177290054,0.15056381396637195,106.49256198025971,104.92197517968741,102.79872776143752,100.13269943842103,118.16690706803912,100.13269943842103,105.70423410313165,62.321722682951076,377.83143980574664,9.043355610913734,1.8787204346401214,7.842940371153006,低,False,False,False
1453,0.3797464800152322,0.43385841013740356,0.0734342963653308,0.9552656104380244,中性附近,1644.6748589110668,490.72445737085127,326.0267414703628,-0.23416223238519673,0.10869254302506227,2.179672211538483,0.31393711534286034,0.027554817935760235,0.22237980825336787,0.2021892115839186,100.63979246410037,100.34556801853444,97.59951229855996,94.54202787360454,106.32798320060459,94.54202787360454,98.87562973576006,0.0,405.41820921269573,6.24644822465147,1.6158234947221461,0.0,低,False,False,False
1454,0.43941490383021875,0.4930194257900676,0.0734342963653308,0.9552656104380244,中性附近,1564.3212291312286,514.5461025304484,250.05538132366107,-0.2523356788713457,0.1129122255904222,2.390261866531188,0.30776456262390356,0.023523225183047648,0.2120691046181382,0.19329461842583848,101.26973538660094,101.33760437214906,98.65992251153531,95.54812300033734,107.92105587207655,95.54812300033734,99.94923686221601,0.0,355.7705904251907,6.764592440334107,1.5840535789706787,0.0,低,False,False,False
1455,0.38040686494119574,0.45123220129922215,0.0734342963653308,0.9552656104380244,中性附近,1543.1720856952552,548.1605646806333,269.4987864758638,-0.26079873382232993,0.09941941748379687,2.0761282138868484,0.3299171785273196,0.025329916421829128,0.22226569373816138,0.20209076998166697,100.50992212859653,100.15651367569369,97.2707008136519,94.11600005515213,105.45776973129215,94.11600005515213,98.59683390220896,0.0,271.77129897817576,7.196210809103121,1.6980723282581038,0.0,低,False,False,False
1456,0.5747232024887291,0.5904578527592712,0.0734342963653308,0.9552656104380244,中性附近,1662.1690741228333,370.60117436013826,197.49036395882297,-0.21011261152148533,0.0885976887747303,2.353229871333183,0.36,0.027240201209231946,0.18868783060994762,0.17312461575891425,103.38951541028253,103.28856130525625,101.09591851013941,98.42117263789241,111.91175016743192,98.42117263789241,102.91479883977884,53.53627113163384,358.45263256228,8.946740114620072,1.8529075718386598,1.5877834705458014,低,False,False,False
1457,0.3562272238161677,0.34444426164157843,0.0734342963653308,0.9552656104380244,中性附近,1573.8577293640942,546.6153855483352,308.9370662258462,-0.26431849486987957,0.1195726943839612,1.962375563942755,0.2903403307262714,0.02603726475280921,0.2264439357245662,0.20569515663653096,97.61641776148909,97.65250867982205,95.1522666611245,92.33549103479253,103.36682391080278,92.33549103479253,96.11962846536608,0.0,319.43729376752344,6.010506326148122,1.4943716589245808,0.0,低,False,False,False
1458,0.37856866177315174,0.07130459371383986,0.0734342963653308,0.9552656104380244,中性附近,1520.7253874595283,542.7321118663185,319.919341794496,-0.26379820035136137,0.09795239229888907,1.984493814599974,0.3284352515278205,0.028115778521797412,0.22258333524559934,0.2023647854202571,99.26076808494717,99.10736714818876,96.35372557348215,93.30529198467774,104.74668389614533,93.30529198467774,97.53254759286419,0.0,250.10037514980286,7.12050430270969,1.6904449011517595,0.0,低,False,False,False
1459,0.7459750443619346,0.6870099144083591,0.0734342963653308,0.9552656104380244,高压尾部,1647.4055732686315,299.8290772327649,209.32645237781435,-0.19132929357204062,0.053167450585503276,2.5261739715448646,0.36,0.02625803464671104,0.15909551233425767,0.1475966167999162,107.28956327295654,104.60632963048583,102.5581739984241,99.97437926763362,118.46449802744516,99.97437926763362,105.64509475350832,85.54623076809003,288.03477220953516,9.70462143956097,1.8787204346401214,8.140531330559043,中,False,False,False
1460,0.2550702397392976,0.27705576132120535,0.0734342963653308,0.9552656104380244,缓和路径,1522.6407539465054,631.4773110671401,344.04791693244016,-0.2962070444733699,0.1384777283907995,1.912374108549711,0.25014583691489267,0.03310918436854555,0.24392386257304935,0.22077432516379078,95.14453565896979,95.21177846397043,93.02806669110976,90.3622892237365,101.39694769443896,90.3622892237365,93.86883650013161,0.0,189.46588762546526,5.202663326690415,1.2471358608446692,0.0,低,False,False,False
1461,0.10211604281796265,0.20016248277574608,0.0734342963653308,0.9552656104380244,缓和路径,1464.4124883945838,700.0,315.73499220285674,-0.3311049864808132,0.14942455291230655,1.6631162280145388,0.21387343151422045,0.029265494848583904,0.27035434780105605,0.2435747490136737,92.40929404143458,91.79336536228853,89.9239849267289,87.79006480362368,100.71160614953087,87.79006480362368,91.00146482721642,0.0,89.49631791350839,4.4508398977077,1.0662948838682462,0.0,低,False,False,False
1462,0.45066004404290133,0.44588021451668114,0.0734342963653308,0.9552656104380244,中性附近,1574.4303105196198,478.948341733849,283.8512145374525,-0.27355101955144584,0.10377421013580727,2.2439782987279764,0.3261019702576345,0.03182470869543352,0.21012594438938662,0.1916183390673035,101.33947283349197,101.38546745234395,98.66677801483483,95.51206714860808,107.9566807763065,95.51206714860808,100.02647539794943,0.0,269.2107687063799,7.509605467227096,1.6784355830052125,0.0,低,False,False,False
1463,0.8183384632416285,0.755341959850365,0.0734342963653308,0.9552656104380244,高压尾部,1662.6357568887809,289.47081860828376,192.7203098157867,-0.17029073493475216,0.06153598532239785,2.8148656614797343,0.36,0.02321962359866841,0.1465911135518466,0.1368096187646011,112.8581266409439,107.3665208737292,105.05164360991252,102.25599364386545,123.39886412282748,102.25599364386545,108.97794200035574,111.870022345076,278.08397393831314,10.094333493815832,1.8787204346401214,13.074897425941359,中,True,False,False
1464,0.7131386116666466,0.8122455662270762,0.0734342963653308,0.9552656104380244,高压尾部,1649.0342205286527,331.48389671101756,180.1625753819328,-0.17683388600335684,0.09100297286540072,2.9328242868773113,0.36,0.025065319254972705,0.16476964790400347,0.152491445436464,109.35930393147852,107.92835066513605,105.43402716372381,102.46258279602894,120.91616810825998,102.46258279602894,108.52938807298554,74.94488767809162,318.44439359083356,9.425787903909388,1.8787204346401214,10.592201411373864,中,True,False,False
1465,0.14798906112005347,0.14407971415056597,0.0734342963653308,0.9552656104380244,缓和路径,1421.1280163834613,700.0,329.61783128558875,-0.3087814620902828,0.144524070944558,1.65,0.24826620142811034,0.028827426505804055,0.26242749023845474,0.23673659562126287,92.85093149362193,92.41328786431603,90.54296862835793,88.28018269873547,100.73647417940167,88.28018269873547,91.51181858265144,0.0,95.34602958919459,5.1299918150428665,1.2377646842150938,0.0,低,False,False,False
1466,0.7135126251221944,0.6619441324061157,0.0734342963653308,0.9552656104380244,高压尾部,1652.543492190136,356.85566518865335,200.71140108482547,-0.1876131544646466,0.07259368935516848,2.507914565657485,0.36,0.01876271861582388,0.1647050183788848,0.15243569237127394,105.23106276748442,103.85671059312826,101.87534093988593,99.3210313577428,116.62600816573486,99.3210313577428,104.61636979454595,67.75563116978446,342.8181188527618,9.077699849238021,1.8787204346401214,6.302041468848742,低,False,False,False
1467,0.19281546255920978,0.2568109641791095,0.0734342963653308,0.9552656104380244,缓和路径,1466.165296042691,649.4768879472775,290.00435267734593,-0.3037307662486669,0.1434130064735404,1.8466497541450964,0.24272538056590257,0.021947234576424852,0.25468148806976854,0.2300544582687101,94.77932993199953,94.4434498730626,92.25039526719637,89.56046430428744,101.51571751501243,89.56046430428744,93.26919105110693,0.0,176.8178084891515,5.104741095525564,1.2101401733257655,0.0,低,False,False,False
1468,0.3649417457839638,0.3429357950830425,0.0734342963653308,0.9552656104380244,中性附近,1544.8947890657266,523.6438884082471,294.05029833990227,-0.2464217875886409,0.1152577687549696,2.180007982830469,0.29191289264236037,0.026475320521358068,0.22493806632853106,0.20439610895745974,99.01866675476009,98.97874017401158,96.3695422578877,93.43415211062457,104.53288238514479,93.43415211062457,97.4230705239184,0.0,325.4509211395489,6.031985897430977,1.502465580817654,0.0,低,False,False,False
1469,0.6345214804461455,0.6343143141116641,0.0734342963653308,0.9552656104380244,中性附近,1664.6818422560889,391.1828713677923,227.07014521203078,-0.1908964471631905,0.08847569309734415,2.642699164828495,0.36,0.025417465192822012,0.17835468817890604,0.16421066563289433,104.32578985049395,104.18334299145121,102.02262513558267,99.32951021097328,115.47814222471833,99.32951021097328,104.33217743383896,33.29115114662818,378.35964847427897,8.175634335033314,1.8529075718386598,5.154175527832209,低,False,False,False
1470,0.4556722283660303,0.38911931340782036,0.0734342963653308,0.9552656104380244,中性附近,1593.6718482647166,463.35719210325175,301.1287932216092,-0.22965100300841573,0.09916079037234884,2.3159341272929317,0.30872848206958453,0.020881462456342637,0.20925983893834996,0.1908711877678864,99.6888059248931,100.00777126302631,97.62247322221205,94.73784551328224,107.98491882227204,94.73784551328224,98.78236542534981,0.0,397.97991973360513,6.209138875345428,1.5890148390805252,0.0,低,False,False,False
1471,0.5509534763089677,0.44533686804316663,0.0734342963653308,0.9552656104380244,中性附近,1605.369968820693,426.28983852139805,210.36104386475287,-0.19735489056314776,0.10740803933065049,2.501523005559257,0.3406793361567422,0.02980905927640317,0.19279523929381034,0.1766678976210847,102.30455511776265,102.35112547409427,100.22605799214989,97.60163816177386,110.72395139995157,97.60163816177386,101.80456622420766,30.997508950360498,412.31578695445165,7.755504905674134,1.7534647820383213,0.3999847030654564,低,False,False,False
1472,0.668637970527293,0.6323895506178112,0.0734342963653308,0.9552656104380244,高压尾部,1672.715847302901,397.15251318778184,237.3885603648388,-0.1902566348602279,0.06807850198416081,2.7326443905907736,0.36,0.02566620512518637,0.17245935869288376,0.15912502267717635,106.1434194664821,105.65863158647468,103.36178861659141,100.55731524589203,117.94666035351155,100.55731524589203,106.03035341676626,38.43606641598126,381.5298193366362,8.51941763765703,1.8787204346401214,7.6226936566254295,低,False,False,False
1473,0.9258174998664989,0.8846690144065866,0.0734342963653308,0.9552656104380244,高压尾部,1800.0,242.47561162153823,182.81022848412604,-0.13520327314752723,0.039974496464972725,2.965475479370754,0.36,0.027379139214673165,0.12801873602306899,0.12078804080630243,120.55645807278405,111.70924034148909,108.81635516331764,105.63883693416163,130.31936622674542,105.63883693416163,114.05150011068692,191.79100764238683,232.93740621947023,10.886556860815324,1.8787204346401214,19.9953995298593,高,True,True,False
1474,0.5424498431737271,0.5992051186327267,0.0734342963653308,0.9552656104380244,中性附近,1565.8581629419934,419.55752781730007,264.82387048855173,-0.2155079348837488,0.08729616502629381,2.2754392357207096,0.32482375554018317,0.027594441838419307,0.19426466709957996,0.1779355087337573,97.86656361039742,98.78745088593037,96.90165294180802,94.70705519594904,109.48142423076618,94.70705519594904,98.26183573824667,1.7894804065381322,405.804165669717,6.75042111903023,1.6718566559818757,0.0,低,False,False,False
1475,0.28781318161904235,0.2697960364748894,0.0734342963653308,0.9552656104380244,缓和路径,1583.5298743396972,579.0475261747304,321.62383199419634,-0.2866759317786846,0.14368486798893185,1.8932257076376766,0.27308182669989584,0.026110678624702486,0.23826588221622946,0.2158934329229965,96.43778416126338,96.38546848533464,93.86412627090486,91.12654770161609,101.90450850188921,91.12654770161609,94.869310776553,0.0,245.0651043452599,5.572846809123757,1.3614863362218657,0.0,低,False,False,False
1476,0.35226005889929574,0.3740803917168014,0.0734342963653308,0.9552656104380244,中性附近,1576.4902335755085,525.9633142992772,286.7182708382603,-0.28462113687333673,0.11023089342793875,2.0038029239145443,0.27642275847588754,0.02390412697073557,0.22712946182220167,0.20628653002417058,97.72667348028419,97.84964944212774,95.37327450034545,92.55390412628465,103.12541633088036,92.55390412628465,96.26972310492164,0.0,267.81911522601513,6.022095088850634,1.422738395023614,0.0,低,False,False,False
1477,0.5177044564743103,0.4151874617962903,0.0734342963653308,0.9552656104380244,中性附近,1613.8138909328907,469.20636775606795,240.57050298784392,-0.21818274309626687,0.11151201656441453,2.1421808062078855,0.33190829813139755,0.023021241872868126,0.19854066992123917,0.18162422938629444,98.1112821611243,98.77254507936158,96.89260907461666,94.60699472647629,108.94424099025461,94.60699472647629,98.09371686861579,6.904184334125603,453.8254851122191,6.92725922492232,1.7083205521215272,0.0,低,False,False,False
1478,0.38880419391878457,0.4148948405409534,0.0734342963653308,0.9552656104380244,中性附近,1513.155851614094,518.3743109319341,264.42451027904053,-0.25536981534938064,0.11029046448303396,2.227420694728264,0.31243062095567736,0.0279306087919968,0.220814635290834,0.20083900531126436,100.52628735360281,100.23417369314015,97.41866489523791,94.30704490007194,105.49388051938455,94.30704490007194,98.6894791866171,0.0,270.04897851840724,6.838695831169776,1.6080696201195246,0.0,低,False,False,False
1479,0.3743565921389575,0.4046756522157778,0.0734342963653308,0.9552656104380244,中性附近,1571.0590385399205,535.5604597749881,222.33853966749714,-0.27719759998180665,0.10268533990166817,1.9950516189424323,0.28525135560079157,0.027075483001780403,0.22331118087838814,0.20299266602031835,97.79568307333719,97.94165784418787,95.44619254372346,92.60420378228933,103.99907888051636,92.60420378228933,96.38106001702032,0.0,349.6447496979872,6.134137618744332,1.4681788796387465,0.0,低,False,False,False
1480,0.5418241491715758,0.5882800014152562,0.0734342963653308,0.9552656104380244,中性附近,1611.4588650357473,420.0956307678874,235.99794392958032,-0.21560259592724407,0.07860147556751627,2.290067453407339,0.36,0.021855676986010483,0.1943727870231517,0.17802877906393802,100.73257341433766,101.07939915955244,98.66139201967252,96.02160320270828,110.73057752844393,96.02160320270828,100.49355619889256,0.0,406.32462926393146,7.406523262379535,1.8529075718386598,0.4066108315578134,低,False,False,False
1481,0.34279973513990936,0.5092100642302163,0.0734342963653308,0.9552656104380244,中性附近,1513.3542639491272,543.3493993870554,302.76663370552,-0.24296827482667235,0.11573519966567007,1.8670357968941882,0.2502693861745922,0.026352301277046564,0.22876420576782364,0.20769675214172428,93.14767874494551,93.89257703916411,92.04186707336109,89.7472855027335,101.09122719525419,89.65573694655149,92.45295614029146,0.0,379.9521208286769,4.659975845145711,1.2881278906730986,0.0,低,False,False,False
1482,0.3163122360248032,0.22881649073416788,0.0734342963653308,0.9552656104380244,缓和路径,1532.9485622657887,573.5405010636106,265.5566754521343,-0.293508108002294,0.12486516110997663,2.458490352301535,0.26961726971624245,0.026699859474875232,0.23334124561491398,0.2116451642723075,100.59872752825923,100.50840923440278,97.85635210470674,94.6852581432311,103.88523448586002,94.6852581432311,98.91688955396504,0.0,204.65511911877184,6.313131623219385,1.344213319370803,0.0,低,False,False,False
1483,0.9146774670436474,0.8757303292774369,0.0734342963653308,0.9552656104380244,高压尾部,1757.8140338704234,251.57426306411168,158.99531706051684,-0.10775465646177236,0.05717712879905413,2.7610152999227235,0.36,0.023861130567212965,0.12994373369485773,0.12244865212116067,117.93249994744231,109.75632785032762,107.0751236831454,104.09378698997864,127.67370260803885,104.09378698997864,111.99944299536601,229.10415152654969,241.67814617659275,11.13818959337821,1.8787204346401214,17.349735911152735,高,True,False,False
1484,0.6606177855349727,0.6107845614466666,0.0734342963653308,0.9552656104380244,高压尾部,1691.5409974986271,438.3994739060104,215.07015339725407,-0.18582395404335472,0.07568222646424094,2.3930065005494963,0.3511248892508828,0.030110644386851914,0.17384524665955672,0.1603205676237032,103.14813245983069,103.15278448983777,101.17505162230506,98.62279047800835,114.48961507103608,98.62279047800835,103.43797728552121,67.20833869062699,421.15425818179676,8.582879281269875,1.8324041792955088,4.165648374149967,低,False,False,False
1485,0.24200868235070402,0.2661971027077976,0.0734342963653308,0.9552656104380244,缓和路径,1514.7120546818828,590.8911943739304,326.49161223026016,-0.23554022975854388,0.1387658876502429,1.8329941799172451,0.2539427183906365,0.026516904958520493,0.2461808996897983,0.22272137238834436,94.0360224169911,93.81238370155688,91.53545747064584,89.1066512868848,101.48517347599287,89.1066512868848,92.58113992459951,0.0,341.9443793117898,4.436536366149084,1.2660657263430428,0.0,低,False,False,False
1486,0.5491151024144514,0.6916777822953815,0.0734342963653308,0.9552656104380244,中性附近,1592.1525276733848,482.14532796595466,251.96726707616733,-0.22583192535680113,0.08815629157924527,2.1522366121563037,0.35562848881937165,0.026710483748891022,0.1931129103027828,0.17694193850935855,99.15835168860215,99.72038160054393,97.45716960554343,94.982463937432,110.17225376379443,94.982463937432,99.16572873043825,0.0,466.3402979912129,7.407930789834856,1.8304075547082055,0.0,低,False,False,False
1487,0.3028078879841419,0.39850200358705296,0.0734342963653308,0.9552656104380244,缓和路径,1502.7575940306833,551.2834363457825,249.35679767326246,-0.2712405309536403,0.1311796670958842,2.057006139588459,0.24969271310151406,0.026320711961496372,0.23567479695634028,0.21365821697266443,95.37032500459735,95.64465930982925,93.3744172425825,90.79361504783047,101.45916238936492,90.79361504783047,94.11724094676246,0.0,271.4195016100857,5.023904724954502,1.2448767508629217,0.0,低,False,False,False
1488,0.2783875417483441,0.16182802372555624,0.0734342963653308,0.9552656104380244,缓和路径,1415.112703092602,553.083004535387,275.0765406283217,-0.28719257930849856,0.10796330253582942,1.9916761742945746,0.2699256267754736,0.03116654379881662,0.23989463278588613,0.2172984848171842,94.84559515997942,95.07742260564038,93.31334298978011,90.67860683964997,101.18316907340379,90.67860683964997,93.81832314143739,0.0,120.28219789282412,5.812017539131769,1.3457506751439583,0.0,低,False,False,False
1489,0.26030375035079706,0.146842029453294,0.0734342963653308,0.9552656104380244,缓和路径,1528.1746184684719,490.1460247633187,275.0137587472271,-0.3035682368493584,0.12471215873818639,2.0611733306125957,0.2437600333427345,0.025957628372455684,0.24301951193938226,0.21999418141770966,96.47360883561386,96.45525007248037,94.08916226403436,91.32456907877204,102.00537258614062,91.32456907877204,95.03728680631122,0.0,190.40866590542646,5.299279570677857,1.2152985745105458,0.0,低,False,False,False
1490,0.6586223272213722,0.7559778376284703,0.0734342963653308,0.9552656104380244,中性附近,1620.7311288770825,380.4087578960658,234.89074464688622,-0.18253565140925213,0.0641105899535227,2.581837821154106,0.36,0.026809074957242798,0.17419006185614688,0.16061802461566962,103.50900283022791,103.46914295595731,101.44993101188294,98.85862594792128,114.81831104909567,98.85862594792128,103.75467877496804,52.51841706826053,367.9387172828627,8.538647377186274,1.8529075718386598,4.494344352209552,低,False,False,False
1491,0.09843635028583042,0.09165241289854617,0.0734342963653308,0.9552656104380244,缓和路径,1511.1995838304172,627.0469512240173,304.8478122219889,-0.2841709226220023,0.16009429426753785,1.6611979957613734,0.22166005550339463,0.024058566581343477,0.2709901986706085,0.2441232697542521,93.90140308553545,92.85417870471369,90.22657605483029,87.78592409687992,101.52967230668278,87.78592409687992,91.87343361200143,0.0,262.0423418597293,4.128370670389428,1.105116149620978,0.0,低,False,False,False
1492,0.4259316270600268,0.35769923817365645,0.0734342963653308,0.9552656104380244,中性附近,1512.403318969023,526.1370972439981,284.8804336020379,-0.2486188947060867,0.11349557109828184,2.419742119763693,0.31091223473028,0.024808770051098664,0.21439901484402735,0.19530453009504076,101.30451016673744,101.24548619800673,98.51172016132104,95.38001822858965,106.96618256306651,95.38001822858965,99.75957388242702,0.0,236.10166350304098,6.8800636281688,1.6002545386361517,0.0,低,False,False,False
1493,0.5037149537961312,0.39136502622935493,0.0734342963653308,0.9552656104380244,中性附近,1570.3424126442444,475.4235099645409,268.1411565851867,-0.2405515314847936,0.10274282635911636,2.3633455527671927,0.33420572133252585,0.023703192908206078,0.20095805598402852,0.18370960263483366,101.23391602282067,101.43596066644015,98.8754466808348,95.81067322432912,109.60409431765723,95.81067322432912,100.43834407155654,0.0,352.4562081047752,7.1583200273130485,1.7201453100245507,0.0,低,False,False,False
1494,0.6720515441278091,0.5811926048621495,0.0734342963653308,0.9552656104380244,高压尾部,1699.291835740354,391.13288073205746,232.94986388265244,-0.17637367240840796,0.08458741702621977,2.8050431157624924,0.36,0.031187888395369647,0.1718694931747146,0.15861617148838178,107.8222371431486,107.12989741674593,104.717188843847,101.79594928830669,119.1368138961015,101.79594928830669,107.4959905978516,66.68392898965976,375.7469797295768,8.954323256589717,1.8787204346401214,8.812847199215383,中,False,False,False
1495,0.7726288030047146,0.5749248133357641,0.0734342963653308,0.9552656104380244,高压尾部,1706.5610827129212,358.56405691760165,217.5347297589418,-0.18476439579885556,0.06814944267826892,2.8857476567605254,0.36,0.02243119261347816,0.1544897428407853,0.14362342085969357,111.75371016379728,107.67040728884125,105.31929454521564,102.45408355971098,122.6442937773385,102.45408355971098,108.90528739465621,71.08478165143606,344.45930798302845,9.3070100016584,1.8787204346401214,12.320327080452387,中,True,False,False
1496,0.4152316107655257,0.43148570088822996,0.0734342963653308,0.9552656104380244,中性附近,1613.025022672556,554.0331997610034,283.54471216031607,-0.2315338026121826,0.08335385815267907,2.218928865180487,0.3002646972403927,0.027042216751072722,0.21624797765971715,0.1968995494644063,99.21342358325967,99.35143289372186,96.91606502531597,94.05453375729813,106.65002792507165,94.05453375729813,97.97449050818206,0.0,443.41325776144186,5.926374240942483,1.5454520307571287,0.0,低,False,False,False
1497,0.16001789636122712,0.21912418244501233,0.0734342963653308,0.9552656104380244,缓和路径,1447.0912816976038,594.2732219439577,313.8722788734934,-0.31371719177282986,0.14082876369981398,1.7041248483355682,0.25300773832092865,0.024194447449579586,0.2603489075087799,0.23494349319295732,94.10518974217,93.54219699157751,91.53226184014096,89.00092868061964,101.34884644908693,89.00092868061964,92.57838137504186,0.0,113.5125526748634,5.366056052038281,1.2614042569038992,0.0,低,False,False,False
1498,0.5378199798208865,0.4649541473725216,0.0734342963653308,0.9552656104380244,中性附近,1641.3540067844613,473.88132050235714,228.87311880406716,-0.2180348462921221,0.10454340696559226,2.3682925330074127,0.33075898857094205,0.022753166819789172,0.1950647074869508,0.17862566859165316,100.41665769545975,100.80122191363884,98.93723537067561,96.48414648965779,110.36568799022136,96.48414648965779,100.37640213683261,12.0966889015599,458.34718993926094,7.230196470479321,1.7024050954910979,0.041721293335243104,低,False,False,False
1499,0.47941027561480876,0.4342365444614587,0.0734342963653308,0.9552656104380244,中性附近,1658.9516982001246,490.52779456544346,266.251268943555,-0.20820281576921057,0.10617658214507135,2.3183011937343663,0.32055023628077406,0.02851392762985111,0.20515790437376102,0.1873326281890403,99.97694153940105,100.40418597866541,98.06909966353112,95.62898663624209,108.82399373847026,95.62898663624209,99.37268468958206,0.6171501914723194,474.4479820133694,6.429709078813322,1.6498609998869935,0.0,低,False,False,False
1500,0.1874022567390722,0.19668106186959267,0.0734342963653308,0.9552656104380244,缓和路径,1488.0387376116973,633.7516884377125,329.9026970069814,-0.29495765225855725,0.1373339999818663,2.1489819609361978,0.2546923114923177,0.02547318569894514,0.2556168900354883,0.23086138864113567,97.8915964581795,97.16915647353125,94.84986217440706,91.99089449083752,103.05094523509574,91.99089449083752,96.05680185016288,0.0,123.099856420371,5.641413126816853,1.269802924010124,0.0,低,False,False,False
1501,0.7189711963972082,0.6781628486828094,0.0734342963653308,0.9552656104380244,高压尾部,1728.2371140741186,376.4095409975277,193.9850869722702,-0.16168494807987516,0.07866338534406583,2.474540553409556,0.36,0.024359951385798526,0.1637617772625624,0.15162199950641508,106.42200461555093,104.84589890031845,102.72792426542851,100.07439077028764,117.86512077606622,100.07439077028764,105.61324967102374,104.48832334445433,361.6028085046272,9.22393102861417,1.8787204346401214,7.541154079180103,低,False,False,False
1502,0.464197198931134,0.3674278732005598,0.0734342963653308,0.9552656104380244,中性附近,1613.809392459567,492.78709455678256,284.83629628245893,-0.18763090787971062,0.08955447991610078,2.0677313593575333,0.34903284634594695,0.031979364710435415,0.20778672402470003,0.18960039594847583,97.79087354241184,98.26759369622727,96.04120374152002,93.54753604218442,107.69867214798128,93.54753604218442,97.18410769397236,0.0,476.63322071651623,6.214337056290012,1.7964600105966795,0.0,低,False,False,False
1503,0.2911094247010986,0.37141205834277013,0.0734342963653308,0.9552656104380244,缓和路径,1512.6394910601603,549.4417303104924,286.28389931083194,-0.2592065012081642,0.13353434408079476,1.973260660018379,0.3232616965202761,0.02465364195238521,0.23769629141165016,0.21540207184304017,98.95065641096055,98.52323145147848,95.48200945583727,92.3755369348064,103.27372314592529,92.3755369348064,96.92838788741636,0.0,235.56384565215376,6.609090445526127,1.6116648557500772,0.0,低,False,False,False
1504,0.3051758703986134,0.29688904376714054,0.0734342963653308,0.9552656104380244,缓和路径,1501.0368954773944,577.2408060554388,273.662208880725,-0.2431803989190486,0.11880246919223775,2.0583840843469283,0.2848912778393484,0.023360084517875884,0.2352656095951196,0.2133052289291471,96.59193647543395,96.5239323617169,94.07527809996435,91.36805246002997,102.54739159539697,91.36805246002997,95.07980089183982,0.0,338.503508423104,5.463040691915827,1.4203639501551932,0.0,低,False,False,False
1505,0.3305353749419847,0.31947246425499526,0.0734342963653308,0.9552656104380244,中性附近,1475.236326416336,521.5191165825778,281.9421954769782,-0.3042179784199532,0.13655103288851744,2.2219106662618935,0.26880045847176737,0.0316352647429062,0.23088348721002502,0.20952496356964692,98.69582148855496,98.70853677969475,96.63424704928666,93.57251060354822,102.97787650999476,93.57251060354822,97.31203073561926,0.0,139.5553610789575,6.560110160640145,1.3835066800445581,0.0,低,False,False,False
1506,0.2651181003749288,0.2825040798541553,0.0734342963653308,0.9552656104380244,缓和路径,1478.6239387429496,541.8562801305324,344.93858712070994,-0.2838000774701472,0.13072192898401552,2.0470188813805477,0.25047104174811435,0.02369384999736636,0.2421875922552123,0.21927652068448797,95.69894481435807,95.76294212148126,93.55326826771895,90.84066059641277,101.64225437176431,90.84066059641277,94.38945066334763,0.0,173.35077997915323,5.240997166728043,1.2487572134709324,0.0,低,False,False,False
1507,0.6813315946360083,0.7791016469039653,0.0734342963653308,0.9552656104380244,高压尾部,1657.6828340569548,380.5123006191186,201.16857249871032,-0.19736171172306174,0.09089705608629263,2.629049623245929,0.36,0.022051018067903633,0.17026590044689774,0.15723282216424336,105.3670772201226,104.92211052590926,102.73748769044938,100.02088533469255,117.43397055420724,100.02088533469255,105.39771835735645,45.798123384465725,365.5441788478311,8.83271008391068,1.8787204346401214,7.110003857321118,低,False,False,False
1508,0.44308079376490805,0.44339973490864815,0.0734342963653308,0.9552656104380244,中性附近,1616.2547788826334,527.1011650784268,286.2441560413535,-0.26362376410948785,0.11040098842418934,2.094721497723709,0.31164860735939615,0.027111633157990967,0.21143563883742386,0.1927481551971052,99.13377400330837,99.47277382679937,97.00655979747134,94.07917971403513,106.7664535928032,94.07917971403513,98.0941728130663,0.0,332.65684943632004,6.651113752710768,1.6040446231366627,0.0,低,False,False,False
1509,0.6132410910640255,0.5062652175357862,0.0734342963653308,0.9552656104380244,中性附近,1639.1760963625788,384.69994731248744,287.1636792724318,-0.20794359946330213,0.08566714575306143,2.6398426497970626,0.3530731669991868,0.029835829962771485,0.18203193946413637,0.16738286951725342,103.22256414522091,103.38403862869586,101.09906546841871,98.52817001748888,115.01356865319948,98.52817001748888,103.48219753555708,4.491044326274277,372.0892387856493,7.6515553912044005,1.817255401516247,4.689601956313368,低,False,False,False
1510,0.5059119903624739,0.5739697687436047,0.0734342963653308,0.9552656104380244,中性附近,1630.5890017938743,455.84534879123225,271.849162920791,-0.21591446999043074,0.10700583776584194,2.31906773052354,0.33501941411191033,0.028312897974956574,0.20057840806536448,0.1833820969767047,100.5547534941457,100.81428914929973,98.37936439521751,95.46317431397095,109.56770076870988,95.46317431397095,99.86707863252398,0.0,440.9024488322373,6.564923993977751,1.7243333586691951,0.0,低,False,False,False
1511,0.43107811292697024,0.5227718774616754,0.0734342963653308,0.9552656104380244,中性附近,1518.0976779627367,515.4427976209763,248.32714450093604,-0.24412132617019572,0.0894367017380975,2.050771148081874,0.3106183078819573,0.02121706267828621,0.21350970208621955,0.19453735886688486,97.22328594418515,97.72030913923183,95.44453369345766,92.70161729097865,106.00667548504624,92.70161729097865,96.36072085137317,0.0,398.3814490375553,6.318297342602303,1.5987417072949743,0.0,低,False,False,False
1512,0.5462060910468975,0.5789025391738748,0.0734342963653308,0.9552656104380244,中性附近,1568.2599861706144,389.41609438972165,287.39543079601975,-0.19387137683033387,0.09174548905579624,2.5904561258751575,0.30564315477691373,0.024472097855712104,0.1936155874670961,0.17737557611786736,99.48544512038137,100.23011479479005,98.30424923749302,95.96550163972132,109.882674069174,95.96550163972132,99.66919371850659,2.4722940472402115,376.65078756731265,6.16948865497326,1.5731347660188857,0.0,低,False,False,False
1513,0.5577186123522404,0.4071528538164875,0.0734342963653308,0.9552656104380244,中性附近,1602.7058872241248,397.916944586959,228.31749962084123,-0.21966630628111725,0.09842288272987124,2.2124472024033386,0.30668038296684164,0.023813774753788475,0.19162622378553282,0.1756594390609834,97.37745288251095,98.1598986299466,96.6610789594005,94.52567331290764,109.13105316086006,94.52567331290764,97.80820447697472,23.364714777455447,384.8729744977194,6.787589260653443,1.5784733437045577,0.0,低,False,False,False
1514,0.6930650206254677,0.7119164804204067,0.0734342963653308,0.9552656104380244,高压尾部,1673.979327828935,328.19041698345484,198.27450041443007,-0.2050517451103267,0.06174607411380501,2.549366925447491,0.34540852730083754,0.027615768464497523,0.16823836443591916,0.1554837555079783,104.71287577616398,104.26390457567376,102.22152651362221,99.6068808992644,116.46248988500837,99.6068808992644,104.78384809500982,59.38002196488742,315.2804686911521,8.841972732271078,1.8025723848306496,6.1385231881222495,低,False,False,False
1515,0.6464132327755587,0.6523245527064946,0.0734342963653308,0.9552656104380244,中性附近,1696.6369819962154,386.50594412286137,205.6018464489999,-0.15495758276329746,0.07081066315827272,2.5455968070160413,0.36,0.02308417739996751,0.17629979337638343,0.1624379977435137,105.52958043094303,105.19432174318057,102.92916398333001,100.16304830434704,116.04977487993943,100.16304830434704,105.34166516725695,110.1703332504494,373.8360338739145,9.22328202761411,1.8529075718386598,5.725808183053317,低,False,False,False
1516,0.661878984252617,0.6417999144795042,0.0734342963653308,0.9552656104380244,高压尾部,1656.7525817386577,363.4263752313891,261.6665293449934,-0.15024870298808454,0.068128774755444,2.7793571461745463,0.36,0.02141603498763082,0.17362731152114774,0.16013256450969898,106.31643354768062,105.80794960650309,103.49244478230061,100.67236805834565,117.33830811883468,100.67236805834565,106.08854838328301,70.70536865552822,349.13035843900127,8.464480340264682,1.8787204346401214,7.014341421948558,低,False,False,False
1517,0.6122479082076848,0.5536845923408794,0.0734342963653308,0.9552656104380244,中性附近,1632.786180937581,401.6415163493442,243.21523300349534,-0.19584753457760484,0.08277718929445202,2.456009975855937,0.36,0.02944974154888369,0.18220356146171207,0.1675309203098489,102.45116339499775,102.59869499919668,100.59910041090254,98.04158920509109,113.11024925316673,98.04158920509109,102.59543510405587,37.9370173613097,388.4754524329261,8.312459696755317,1.8529075718386598,2.786282556280611,低,False,False,False
1518,0.3294077711795763,0.39790870133457074,0.0734342963653308,0.9552656104380244,缓和路径,1515.3706700099879,559.2621232889693,290.5495950016212,-0.28326153538448506,0.11972469738293111,2.030794642676777,0.3341794933570857,0.030775417323416977,0.2310783371401692,0.20969305208395458,99.83966049906716,99.57645146096148,96.89711096066581,93.58832433918681,103.66271860638814,93.58832433918681,98.04957394479118,0.0,192.75983765081583,7.473299643379888,1.666097006708617,0.0,低,False,False,False
1519,0.4222394148366857,0.3532779180679846,0.0734342963653308,0.9552656104380244,中性附近,1554.2669656227986,504.61276764839926,275.1648499476316,-0.2709675958155541,0.11364701289176235,2.145895219843626,0.3359878126022095,0.025957875140031814,0.2150370291162207,0.19585491710847586,101.09491548668541,101.13255971498064,98.2613438514415,95.03903692761574,106.88156163709724,95.03903692761574,99.55830404210532,0.0,224.33222812232088,7.6590204733265566,1.729317672267063,0.0,低,False,False,False
1520,0.5927842258861588,0.534253357666721,0.0734342963653308,0.9552656104380244,中性附近,1655.4410170601077,422.6588552886813,234.58702249814496,-0.21077279831627949,0.10011917163273389,2.691790158481853,0.3545243613848,0.021162713660562365,0.18556688576687175,0.17043231311594825,104.68873814450079,104.49629900862018,102.12517786171091,99.38055701038337,115.21101055981485,99.38055701038337,104.41466299385077,10.141325080052411,408.80382965748953,7.956580541009523,1.8247246489198925,4.887043862928735,低,False,False,False
1521,0.12097937495886507,0.11063475881821301,0.0734342963653308,0.9552656104380244,缓和路径,1483.5516909321864,688.2304086486442,363.9335863074354,-0.35,0.1566036572527887,1.818542584746052,0.19485243358014234,0.025060468870615835,0.26709476400710813,0.24076284861021574,93.56228874995328,92.94197535149361,90.99728111603564,88.5172004115942,101.22302449031827,88.5172004115942,92.04095951455687,0.0,147.4623933543662,4.286766377974204,0.9714631292198089,0.0,低,False,False,False
1522,0.6991569133543432,0.7104595341316573,0.0734342963653308,0.9552656104380244,高压尾部,1663.9225886561005,385.08405012165707,180.80585615737857,-0.19579339751758967,0.08461817765067106,2.4141043858041913,0.3532206120777877,0.026230393971435253,0.1671856853723695,0.1545756553115658,103.83220948269282,103.1233436727445,101.22338747358015,98.74792720467768,115.50361670264692,98.74792720467768,103.79067219786636,69.8265935541258,369.9360905287,9.011638674245052,1.8433410606850862,5.179650005760806,低,False,False,False
1523,0.40743819672423504,0.437822011415938,0.0734342963653308,0.9552656104380244,中性附近,1580.3012159877287,512.5604854693478,271.6323860914883,-0.23536696929650489,0.11116519277923811,1.9576618652875393,0.34460818033315943,0.023950210542561905,0.21759467960605217,0.19806129034471992,99.02872343034987,99.03410479235946,96.37110391632024,93.37073538895658,106.48260543596471,93.37073538895658,97.59575484997866,0.0,404.7959508205131,6.82712344871531,1.7736864073801486,0.0,低,False,False,False
1524,0.08304528180338865,0.1679497025480009,0.0734342963653308,0.9552656104380244,缓和路径,1446.9628104428912,669.6234728437855,336.5568128488643,-0.3385529580672425,0.14360859518051675,1.9385537882845667,0.22213138019324544,0.023644386063998567,0.2736497753043744,0.24641757021782637,95.72346772768435,94.52349821009443,92.24224940302508,89.91179484966634,102.53318180932814,89.91179484966634,93.75776053978015,0.0,74.52142094029114,5.114086773054684,1.1074660025310403,0.0,低,False,False,False
1525,0.21387514589710327,0.34281973970195756,0.0734342963653308,0.9552656104380244,缓和路径,1500.574775473681,606.2632268325584,305.1426308999309,-0.2938650590834493,0.14606878254843247,2.0053571292385257,0.2518045810517109,0.028240060566488378,0.25104237478898056,0.22691515437307888,96.07151898714075,95.79956466284331,93.7440193683019,90.93960041900519,101.98463346350549,90.93960041900519,94.59998793439532,0.0,141.81961487007538,5.356159870774162,1.2554057538099308,0.0,低,False,False,False
1526,0.7156835786659764,0.6502882239176954,0.0734342963653308,0.9552656104380244,高压尾部,1740.667571894832,350.1192193795428,209.47094597380908,-0.1779008351102025,0.06817411715844068,2.53556817665813,0.36,0.02242000771238825,0.16432987760651926,0.15211207483116754,107.62761435671425,105.94112025616548,103.70996025102932,100.95540489858645,119.09651180668179,100.95540489858645,106.68294465022123,102.64177079218098,336.3466630085286,9.589167361923154,1.8787204346401214,8.772545109795672,中,False,False,False
1527,0.3197734393915287,0.23610365925681218,0.0734342963653308,0.9552656104380244,缓和路径,1479.0461676384075,617.1004738941288,261.7198562319945,-0.2524558072091762,0.12220023371263466,1.7156368403437998,0.2981551069679242,0.024511534590369432,0.2327431496731438,0.2111292130569736,93.72222285127252,94.12656290038032,91.94324072579005,89.44860565900392,101.19974030425885,89.44860565900392,92.64203512071637,0.0,351.8227506015828,5.551765261847247,1.4864925620176843,0.0,低,False,False,False
1528,0.36125540188204264,0.38885315152711897,0.0734342963653308,0.9552656104380244,中性附近,1541.0179784019956,502.98329852738595,284.4397154587261,-0.25527845250983083,0.11026089138833954,2.068474953331858,0.2753861027652212,0.03618864890615028,0.22557506655478302,0.20494562119780355,96.89176335754811,97.25741776987357,94.94035527537278,92.22528533093805,103.4063147655998,92.22528533093805,95.6942963228295,0.0,311.2988592234269,5.63110132243245,1.417402763868938,0.0,低,False,False,False
1529,0.6444724679773736,0.6520067014218534,0.0734342963653308,0.9552656104380244,中性附近,1629.4978744391256,363.1153331424812,225.7349447706138,-0.20070355472405002,0.0900814398472978,2.550484669842692,0.36,0.029241084379506736,0.17663515753350983,0.16272730173701125,103.5402671107531,103.5195266089714,101.47452688302718,98.87302102957334,114.88376977444067,98.87302102957334,103.7425560977424,42.70999074399515,351.21218197265273,8.663059703437835,1.8529075718386598,4.559803077554548,低,False,False,False
1530,0.42110677196037477,0.5166003299404965,0.0734342963653308,0.9552656104380244,中性附近,1608.7787678203663,531.4020574004041,258.02805703286697,-0.21961705688525895,0.12182536711646269,2.0178519588460486,0.32084749787957445,0.03420980351152673,0.21523274980524723,0.19602375678839468,97.46065000879288,97.88120652019472,95.60983687906797,92.87852259327789,106.47848162608184,92.87852259327789,96.55613096508762,0.0,460.6722379992134,5.968197726241624,1.6513909950737553,0.0,低,False,False,False
1531,0.5921828524231927,0.5283391373625975,0.0734342963653308,0.9552656104380244,中性附近,1608.8480735412093,414.64820444862727,238.1770519221425,-0.18181938637058698,0.0951360156821121,2.2474376672537075,0.34221055962896996,0.023990503522349507,0.18567080310127232,0.17052195805622244,99.35757902416738,99.76775913343893,98.04599568129416,95.75394604753195,109.99363181824793,95.75394604753195,99.56073870006267,47.232811288044104,401.0557730381,7.611439972332399,1.7613459363879544,0.0,低,False,False,False
1532,0.5967324013355245,0.5861287708615265,0.0734342963653308,0.9552656104380244,中性附近,1616.3036902742367,422.2420583369102,203.55473487598374,-0.2116734733251917,0.08388743188859464,2.561487409615048,0.34037349239948056,0.02706469642775811,0.18488464104922134,0.16984377043133306,101.71828479102722,102.01357939123072,100.15426905244891,97.6687966635778,112.96482211186849,97.6687966635778,102.08307556025288,12.10778304825908,408.4006955744305,7.565568667968372,1.751890614778239,2.6408554149823686,低,False,False,False
1533,0.615601121333187,0.6815001131580568,0.0734342963653308,0.9552656104380244,中性附近,1583.9107879066814,408.9964883366733,234.27601434430971,-0.20929541891059825,0.07840016025189801,2.47857229533174,0.33653738694245217,0.02546720246015254,0.18162412623362528,0.1670310668762111,100.48749154512862,100.94646635942058,99.21354825748944,96.83541482866354,112.11206081279161,96.83541482866354,101.07065878440672,19.848938550623643,395.58932376868705,7.584527297109875,1.7321463124235181,1.7880941159054942,低,False,False,False
1534,0.7461591324528895,0.782747830773134,0.0734342963653308,0.9552656104380244,高压尾部,1705.7442346523455,310.8246972726274,237.07354889533684,-0.15354382008683118,0.06940210106426654,2.6792941926880767,0.36,0.0318334398072828,0.15906370191214067,0.1475691753397669,109.131379673977,106.25654934104507,104.02176019706047,101.27085194018721,120.14569322459481,101.27085194018721,107.24924982301579,106.85435939090166,298.59786016189435,9.309146279804933,1.8787204346401214,9.821726527708691,中,True,False,False
1535,0.221877800323378,0.2314494346423517,0.0734342963653308,0.9552656104380244,缓和路径,1539.0547613382969,611.8146564092077,353.1647858984269,-0.31383942038497126,0.1449125494971223,1.9380620723580804,0.254341692285413,0.026797652011279358,0.2496595161041203,0.22572222265550693,96.43170120588981,96.08644063783592,93.95724812253336,91.08796602549118,102.20101009659784,91.08796602549118,94.88112306608173,0.0,155.02055527268385,5.58212309685114,1.2680548645907679,0.0,低,False,False,False
1536,0.31698468788597217,0.3621677402165963,0.0734342963653308,0.9552656104380244,缓和路径,1562.3575031053276,563.2842732051347,330.91415312223154,-0.2631252172619673,0.11189781287266486,2.1887039807015465,0.28203904932099777,0.020807972720582067,0.23322504593330398,0.2115449238881801,98.68919333358792,98.49912587868725,95.84193022176828,92.92921702285489,102.97337046232097,92.92921702285489,96.94118199316107,0.0,242.06464425881313,5.8004393137951995,1.406143779584179,0.0,低,False,False,False
1537,0.18707819566897715,0.18050811956528318,0.0734342963653308,0.9552656104380244,缓和路径,1505.1735644678138,617.6243840524837,351.7502544157918,-0.28664562399160537,0.1632281473395182,1.9769312151773335,0.2595956893422347,0.023457654477240245,0.25567288778840075,0.23090969545389486,97.18673634442945,96.52609089299976,93.89808438227928,90.97534917827421,102.7279869846686,90.97534917827421,95.2688935296906,0.0,196.55505376738984,5.432621477779933,1.2942493766528018,0.0,低,False,False,False
1538,0.1051885608602208,0.1406426241706728,0.0734342963653308,0.9552656104380244,缓和路径,1429.9092228473412,689.2871275363582,308.8710414554264,-0.28776408411849874,0.14059406847527864,1.7492491102843533,0.2037752889909646,0.023458654604987944,0.2698234166833538,0.2431167379550695,92.5615306106421,91.96670959725084,89.7626813910986,87.41980146163053,100.81356165974861,87.41980146163053,91.00233879584268,0.0,185.98829085931357,3.8871096267369,1.0159492302127844,0.0,低,False,False,False
1539,0.5249668491559282,0.530960786703058,0.0734342963653308,0.9552656104380244,中性附近,1586.7827246995128,437.9232208149279,239.7663123662382,-0.21828210935118275,0.1043422655938265,2.357947734619956,0.32767167860189117,0.029079916859258884,0.1972857284658556,0.18054164626900776,99.44916049259146,100.06902104134933,97.88044162838723,95.46340886431831,109.7821450268536,95.46340886431831,99.37207741251072,0.0,423.5678195901251,6.807937613922262,1.6865148176625773,0.0,低,False,False,False
1540,0.4156272598439037,0.48390063434574976,0.0734342963653308,0.9552656104380244,中性附近,1576.8279685748896,520.6772284216311,282.0598226643216,-0.26473835258619766,0.10595601922130725,2.1645142685473937,0.3063877961187361,0.023532547016888682,0.2161796094989734,0.19684057124174612,99.71087603717888,99.76944354636808,97.19044357950743,94.2124890835533,106.3714130033989,94.2124890835533,98.33051173141727,0.0,347.4973273579926,6.6760866457115595,1.5769674092982382,0.0,低,False,False,False
1541,0.5408279433056952,0.4750067395270047,0.0734342963653308,0.9552656104380244,中性附近,1634.2294114297372,465.41911036086384,241.0679125423599,-0.24456079274445752,0.08783364581337326,2.460122855299844,0.32565367110959403,0.02402455341114282,0.19454493139677587,0.17817728048750797,101.82504916759468,102.21695869684525,99.77397510166341,96.73443188141304,111.18189923776093,96.73443188141304,101.53745269569835,0.0,403.86389331387363,7.033862140759394,1.6761282027667315,0.8579325408748133,低,False,False,False
1542,0.4596482012924691,0.4901092764848913,0.0734342963653308,0.9552656104380244,中性附近,1546.3375444549613,511.78270005709186,272.47290806294006,-0.28441854321809296,0.10299018591067928,2.307403694815322,0.3537586545448818,0.03211351283908232,0.20857279081666136,0.19027850139665142,103.25457288312059,103.18680533615651,100.64607963519931,97.09075609020513,108.75256936961568,97.09075609020513,101.87194980991845,0.0,171.35261752758743,8.790604081128912,1.8207835822490783,0.0,低,False,False,False
1543,0.41386789608303476,0.4423385713345516,0.0734342963653308,0.9552656104380244,中性附近,1573.7435482120088,546.5508262186679,219.5138653814936,-0.23586446342947187,0.11130524715243288,2.346143652909527,0.30803165821746636,0.028654478661592462,0.21648362755685158,0.19710283432612927,100.7922731835249,100.68570893200423,98.0297889768982,94.98909163431966,107.25375357879443,94.98909163431966,99.27846163731796,0.0,412.0292856603537,6.381097813644772,1.5854283107698934,0.0,低,False,False,False
1544,0.5746754413472884,0.4724420722589048,0.0734342963653308,0.9552656104380244,中性附近,1674.954581065915,454.9433455746171,247.58469876916186,-0.2147244259152522,0.08779567027371554,2.3892040033657627,0.3319314747533752,0.026702165431669294,0.18869608373518854,0.17313173536916565,100.82653914177503,101.17935080361835,99.34224616044673,96.88296115572213,111.08867191607287,96.88296115572213,100.9589167255265,16.208331682155404,440.0300138537633,7.2573048740114805,1.7084398413947273,0.7647052191867516,低,False,False,False
1545,0.6207966266112916,0.762698474387637,0.0734342963653308,0.9552656104380244,中性附近,1693.44326436134,442.3987769335181,204.0512190509931,-0.18651675105807952,0.0888772223308295,2.4808791074006398,0.36,0.02164046797153495,0.1807263429215688,0.16625658847130656,104.15023698820984,104.0438696333096,101.8545536836835,99.14768545258859,113.86962592055123,99.14768545258859,103.96163872020135,61.92366182129808,427.896664137525,8.650750141036152,1.8529075718386598,3.545659223665112,低,False,False,False
1546,0.3530766151697429,0.26573943825259433,0.0734342963653308,0.9552656104380244,中性附近,1499.8172731275663,540.1178180120387,300.8024268947612,-0.2541274264118319,0.12818197254865438,2.1801088335328656,0.27612691293847086,0.024520915578616652,0.2269883608986684,0.20616480842752127,97.98735682223214,98.06116823174908,95.58032877337234,92.75864444907788,103.38596620905075,92.75864444907788,96.50805990614995,0.0,285.3892801822203,5.806443587460642,1.4212156882559086,0.0,低,False,False,False
1547,0.7947334356469472,0.8724336598525683,0.0734342963653308,0.9552656104380244,高压尾部,1708.3094036340888,284.1812036488085,169.4288154392437,-0.1294868022688686,0.06414433550838156,2.6528633833842687,0.36,0.025054141772304778,0.15067006232020752,0.14032834950216772,111.62969771720195,107.07430018634837,104.73998341009671,101.94226119742682,122.12430954486057,101.94226119742682,108.41342232658768,162.08512305456134,273.00243530306665,10.125063544446004,1.8787204346401214,11.800342847974449,中,True,False,False
1548,0.5988433426727554,0.5186117678222099,0.0734342963653308,0.9552656104380244,中性附近,1638.5447760692293,381.485305257524,243.2408713489724,-0.18913267313404833,0.08893039638275166,2.4566144669474443,0.31929780239108335,0.023970698802383523,0.18451987038614784,0.16952909873104716,100.7115730237141,101.1605486343206,99.3906210889751,97.00552156618508,110.63145657386923,97.00552156618508,100.97900664192939,52.09253570522742,368.9799747382901,7.4107684506669145,1.643414765894118,0.30748987698311225,低,False,False,False
1549,0.19473956892885264,0.22767196030371575,0.0734342963653308,0.9552656104380244,缓和路径,1521.21150755698,664.9485139676171,317.41087906095134,-0.28389050749786754,0.13919329534891384,1.8818335087615095,0.2336532084315145,0.024694281701374853,0.2543490024890942,0.2297676374972429,95.04520448176889,94.7154893045442,92.20618625799088,89.59694123414857,101.61351757288182,89.59694123414857,93.41656044637071,0.0,219.43492146025346,4.617920428168282,1.16490963363703,0.0,低,False,False,False
1550,0.5402133563965532,0.4414022930080402,0.0734342963653308,0.9552656104380244,中性附近,1592.4073910197892,413.08715189472775,224.49618416489898,-0.21606723753742277,0.09507771727732421,2.2524742896977554,0.36,0.03512575893991856,0.1946511320146756,0.17826889511661312,100.04942531620924,100.50403652649487,98.25960527675731,95.88203424904417,110.48740002344024,95.88203424904417,99.99965784056184,2.9186658782400627,399.5458927780618,7.6445419577476,1.8529075718386598,0.16343332655412723,低,False,False,False
1551,0.6087174650071149,0.5777563941197554,0.0734342963653308,0.9552656104380244,中性附近,1650.1465807562995,415.59319367447466,227.87413340777192,-0.2164447383342566,0.08206347804062239,2.3518278105215895,0.36,0.03377197168368106,0.18281362204677054,0.16805719289975585,101.7919876625451,101.91831151391105,99.973557834288,97.46475032853252,112.96184501275336,97.46475032853252,101.97480264332275,23.054375749747123,401.96978491713094,8.23314240542656,1.8529075718386598,2.6378783158672405,低,False,False,False
1552,0.4365606315735583,0.5733357927880267,0.0734342963653308,0.9552656104380244,中性附近,1572.7036902254292,474.99357862397517,269.32347906247367,-0.2578329103466823,0.10250070405743755,2.1020504893446437,0.3066291453943939,0.02839730602746585,0.2125623228640891,0.1937200962390971,98.18558156996423,98.71879742703943,96.38353486291348,93.55232752837745,106.55105450234639,93.55232752837745,97.35080908635545,0.0,360.5303606129728,6.467790574919892,1.5782096256880271,0.0,低,False,False,False
1553,0.6471049095620689,0.592708798339597,0.0734342963653308,0.9552656104380244,中性附近,1656.047361409978,349.6698911657657,220.14857393762367,-0.17310657801091345,0.05812736938474489,2.3365385676715382,0.36,0.026294236682378878,0.1761802716276745,0.16233489155736788,102.47080794635839,102.48575417869745,100.52855999318689,98.02771524511586,113.25763703053752,98.02771524511586,102.6769835791427,83.48502443465622,338.2074901207226,8.866932906608124,1.8529075718386598,2.9336703336514063,低,False,False,False
1554,0.47116708310192545,0.42643625251839246,0.0734342963653308,0.9552656104380244,中性附近,1649.130362648761,480.5377490397098,273.101408130444,-0.23291733686376,0.10343261528563917,2.377523649183793,0.35709463962255683,0.02446920190167275,0.20658232803998727,0.18856141619847677,104.07188942161788,103.61189141588125,100.57986729232618,97.19012189681584,110.38046547922688,97.19012189681584,102.43500885034564,0.0,409.82064998001624,7.522707673889378,1.8379537822767584,0.05649878234076766,低,False,False,False
1555,0.27944815520680727,0.30380999253822133,0.0734342963653308,0.9552656104380244,缓和路径,1497.781978344253,571.4740194406374,293.16747980852307,-0.2862726815268207,0.12001449762610586,2.036937319888576,0.290866771620473,0.022127576613567037,0.23971135878026367,0.21714038234676758,97.8820393052305,97.71000634493481,95.21457357149279,92.1982546558246,102.7952833883647,92.1982546558246,96.2733387931976,0.0,189.56572358320773,6.334546784612163,1.4501555815994942,0.0,低,False,False,False
1556,0.3438223857576292,0.3793128031480629,0.0734342963653308,0.9552656104380244,中性附近,1582.8231497201232,514.4732455301753,299.7158991950272,-0.29854122676601275,0.12380485477550804,1.9940948353576013,0.2802092435294377,0.026011615215769012,0.22858749174108164,0.20754430867823204,98.14635208841324,98.28225779727946,95.8166270062728,92.89058228401728,102.77374071484807,92.89058228401728,96.72928947330092,0.0,200.72471920685166,6.337954542332085,1.4422273028746613,0.0,低,False,False,False
1557,0.3601476052386192,0.5019164396469096,0.0734342963653308,0.9552656104380244,中性附近,1560.4627026061219,562.7477302082369,238.03456951408432,-0.25151170119929234,0.09829989225792839,1.9412803759329307,0.28793168552865483,0.02740726070833984,0.22576649381476657,0.2051107571242307,96.74907328545699,96.89761576100994,94.51631525611363,91.80030613196207,103.60989056933205,91.80030613196207,95.41723448322911,0.0,446.56141900891816,5.7241432857908485,1.4819744452453125,0.0,低,False,False,False
1558,0.444677075755914,0.5654190785782526,0.0734342963653308,0.9552656104380244,中性附近,1596.3744472422293,520.9372133588031,235.31858232324345,-0.24273508275616176,0.11403344130556535,1.9723310519998531,0.36,0.02915256840137344,0.21115980130937803,0.19251020222352588,100.04407271051203,99.97676788853478,97.22725381145251,94.12602578347575,107.66155187872413,94.12602578347575,98.65824569906137,0.0,374.97496800783847,7.36666523835317,1.8529075718386598,0.0,低,False,False,False
1559,0.6234183733604939,0.6286662583374752,0.0734342963653308,0.9552656104380244,中性附近,1664.5345312885604,370.3831438766408,242.07989691406058,-0.20979904573300712,0.09683535550220096,2.5029719367324534,0.36,0.02463294180071665,0.18027330508330663,0.165865772538746,103.9513707476207,103.87825566725844,101.71319251278142,99.02502389590283,114.50538688310478,99.02502389590283,103.87989793522124,39.498545526534144,358.2417492564636,8.684371121890736,1.8529075718386598,4.181420186218659,低,False,False,False
1560,0.3041864085581725,0.23091262035051843,0.0734342963653308,0.9552656104380244,缓和路径,1511.6744098742088,501.5030199106053,301.0805992897547,-0.2600708104790257,0.11412924362840525,1.9428584845454138,0.26688713750514076,0.022532854247651352,0.23543658860114774,0.2134527250410514,94.83687352743732,95.11903538858674,92.9180994252967,90.39550744971861,101.58681029419674,90.39550744971861,93.6632791973398,0.0,304.610399127032,5.15187138289627,1.330601876432936,0.0,低,False,False,False
1561,0.6785986495796572,0.713324898720907,0.0734342963653308,0.9552656104380244,高压尾部,1624.249001002568,385.60420944089236,197.98328947906242,-0.1837848457697436,0.07012438847752281,2.55463845027595,0.36,0.023749678707683748,0.17073815335263523,0.15764021409527545,104.61745605783415,104.23658864512407,102.12742491586053,99.4863126195952,115.98361339158889,99.4863126195952,104.65159652997424,66.70562231549047,370.43578846464203,9.091222086939858,1.8787204346401214,5.659646694702772,低,False,False,False
1562,0.8009981454007709,0.7247989322366591,0.0734342963653308,0.9552656104380244,高压尾部,1777.487707676307,324.6297002954967,174.44158667698375,-0.20327959330666845,0.050817757019794574,2.789415528177218,0.36,0.02599905092881317,0.14958752047474677,0.13939448798964485,113.69406284624023,108.91036077022603,106.38893558215813,103.40609404224102,124.42841344666651,103.40609404224102,110.2444030797077,91.98849985141169,311.8598190677585,10.07420230786303,1.8787204346401214,14.104446749780394,中,True,False,False
1563,0.6037458207515614,0.5439889130706272,0.0734342963653308,0.9552656104380244,中性附近,1678.0678058874976,413.79714210496206,238.43497616649492,-0.19837332992944032,0.10723989160608352,2.3508543871111547,0.36,0.026787565703717237,0.18367272217413017,0.16879830101276666,102.5070837199352,102.55868386881743,100.51814312226826,97.95136738095569,112.42307259485806,97.95136738095569,102.43596192487115,47.85105061464856,400.2326090584172,8.44857231954074,1.8529075718386598,2.0991058979719384,低,False,False,False
1564,0.34708332967648087,0.3922723086215132,0.0734342963653308,0.9552656104380244,中性附近,1522.2505464761593,517.6801177633145,241.48202082728648,-0.28607448605663166,0.12671003026425245,2.1193514364109123,0.2964016136104863,0.025138165670060064,0.2280240006319041,0.20705820953877038,99.84252095084877,99.68074149016891,96.84540276023856,93.74656626541143,104.03189627804755,93.74656626541143,98.02460179398967,0.0,243.05798777283962,6.845885877672481,1.5255688726779633,0.0,低,False,False,False
1565,0.4036348273655313,0.3557814144409283,0.0734342963653308,0.9552656104380244,中性附近,1587.5004019275004,549.4991187712633,298.50838934834735,-0.21571737726086862,0.10708133255562552,1.894078717605497,0.31521360196601317,0.022224350735101032,0.2182519018312362,0.19862824721927175,96.20106702240454,96.58992035502236,94.36166943108125,91.7255064498105,104.9736009152079,91.7255064498105,95.19754632154306,0.0,453.10335094879156,5.669457083587889,1.6223935273037873,0.0,低,False,False,False
1566,0.3856726894424513,0.37892488736152047,0.0734342963653308,0.9552656104380244,中性附近,1541.8762441053752,546.1981657162435,282.85432277172885,-0.24434508930350382,0.11495953365503496,2.154830696311998,0.3084295957395865,0.02701447481906764,0.2213557592643444,0.20130580930085953,99.33166587909015,99.23524113541474,96.6028716192599,93.63812009328896,105.41486138244294,93.63812009328896,97.74498043531186,0.0,361.1269616551235,6.382155503834021,1.5874764814583797,0.0,低,False,False,False
1567,0.6116685117817142,0.5218269331951069,0.0734342963653308,0.9552656104380244,中性附近,1661.7374206027307,456.1915485090641,235.0021934969157,-0.19489785418918032,0.08923452183951217,2.4605219471299393,0.35607436123880465,0.024003345895047178,0.18230368116411977,0.1676172891990663,102.56838304954462,102.72557518377133,100.72022032170733,98.14970000853236,113.14507788388886,98.14970000853236,102.70851549979437,38.60756340782427,441.2372999035093,8.144728255300581,1.8327024446583204,2.8211111870027423,低,False,False,False
1568,0.41643455017401676,0.45782777602788727,0.0734342963653308,0.9552656104380244,中性附近,1533.1741188568947,486.56120746111156,260.7848875284271,-0.22478873581501116,0.09596273998325316,2.1889504479307136,0.3273210747066662,0.026947333999270944,0.21604010972992987,0.19672023089105958,99.50520324057403,99.4627131352942,96.8729394834141,93.91439428764808,106.8082994235204,93.91439428764808,98.08968015221215,0.0,401.40619605623215,6.506730248082641,1.6847102715176374,0.0,低,False,False,False
1569,0.5742677417043949,0.5586971811561698,0.0734342963653308,0.9552656104380244,中性附近,1586.0207790603463,391.6695666493141,251.022979794803,-0.19414809615607662,0.09255883269703581,2.4830206205170864,0.35774863910871135,0.029318817342562198,0.18876653423348055,0.17319250993337196,101.69639699395572,101.83916592759654,99.85277503664132,97.30011578770315,111.6806375945983,97.30011578770315,101.61508263504484,18.425565328087032,378.8303895754596,7.778122716056164,1.8413198950541871,1.3566708977121777,低,False,False,False
1570,0.36575450804704546,0.3512530324192964,0.0734342963653308,0.9552656104380244,中性附近,1572.829180290653,500.9419886859639,304.22345708305033,-0.2627488283531674,0.10954669862091686,2.0725427777486667,0.29473230371743003,0.02765106848878876,0.22479762100947054,0.2042749529221207,98.82577137814009,98.79858339383925,96.17792859164838,93.23708499741797,104.364065480343,93.23708499741797,97.22935526609123,0.0,312.6611124940973,6.236452903157519,1.5169769922874379,0.0,低,False,False,False
1571,0.40916234995344275,0.3874489456266627,0.0734342963653308,0.9552656104380244,中性附近,1540.9532035560158,509.0942162742438,278.1662055703985,-0.23612512195884655,0.09829257198139899,2.1810621771150793,0.2978462609461805,0.028155377704827934,0.21729674592804507,0.19780427598879285,98.12845790340334,98.5046504222164,96.12544354650923,93.3051761890578,105.5090395683492,93.3051761890578,97.02969515061649,0.0,326.75394937423516,5.985012861286076,1.5330044226416977,0.0,低,False,False,False
1572,0.06275434378971714,0.09090365934699944,0.0734342963653308,0.9552656104380244,缓和路径,1472.886809513898,678.8649064310109,346.6735648406014,-0.3156410097755108,0.15166806373877023,1.6674448483114686,0.21724656136965148,0.025393110522751564,0.27715604939313687,0.24944227955130974,93.76715833273292,92.6844314517253,90.37916593138488,87.84038586823915,101.73020497301312,87.84038586823915,91.87536670924382,0.0,179.43532790929385,4.382352080666234,1.0831120784211388,0.0,低,False,False,False
1573,0.39688917970471044,0.3304409757890447,0.0734342963653308,0.9552656104380244,中性附近,1543.8558482577018,518.3424009630013,255.9871477753392,-0.24259648691724195,0.12343403726257357,2.0086782479760252,0.2950487565521287,0.026800263243970127,0.21941754974702604,0.19963380070459252,96.55810273658315,97.0520285030086,94.81799595320155,92.14278600132849,104.81594444699219,92.14278600132849,95.59286495411004,0.0,418.888645138848,5.831104265726716,1.5186057641028352,0.0,低,False,False,False
1574,0.4731661818690404,0.5402888259088282,0.0734342963653308,0.9552656104380244,中性附近,1625.3939487634739,504.6252798033838,259.62921054293747,-0.2519608642796525,0.10194113561493681,2.305687976504029,0.32143654781392383,0.02135382201592628,0.20623688377302982,0.18826341653501255,101.34058237277155,101.46237400046014,98.83959633499987,95.7483240574446,108.96150083781292,95.7483240574446,100.2684977358966,0.0,381.996902289402,6.9328664255002765,1.6544228147502749,0.0,低,False,False,False
1575,0.5979168371407493,0.5660643610510451,0.0734342963653308,0.9552656104380244,中性附近,1632.9012268642919,421.1830626903403,197.08663590297402,-0.17070817005862404,0.09170260881395213,2.411206366634736,0.3579407374409371,0.0277219428456639,0.18467997054207852,0.16966721013468433,102.22803551469475,102.32936560269493,100.32503506862516,97.78530062168574,111.78373163232267,97.78530062168574,102.17111457957223,62.21157457146364,407.37641447753333,8.298242601543917,1.8423086185384054,1.459764935436553,低,False,False,False
1576,0.15703250419759684,0.21447917361134783,0.0734342963653308,0.9552656104380244,缓和路径,1468.6362385538112,627.6463498504204,343.71673011833053,-0.31129372262334565,0.14259842004370984,1.7721007156597046,0.19438011143589787,0.030462157563227666,0.26086478327465523,0.2353885166578832,91.94573775040816,91.82743212790758,89.98553124155146,87.69693463431018,100.07966205888505,87.69693463431018,90.78342365446316,0.0,154.87268261435383,3.8720193841594255,0.969108303366126,0.0,低,False,False,False
1577,0.36391188982123057,0.4093691163685999,0.0734342963653308,0.9552656104380244,中性附近,1537.0569694841927,517.4709729162762,301.158929762881,-0.24878074326444158,0.11184344573284612,2.0877299805161837,0.296697483519307,0.031351977407994336,0.22511602543889134,0.20454962650014424,98.29201652436167,98.33853575397424,95.78287097172422,92.89635201504318,103.91052970353124,92.89635201504318,96.76562582956467,0.0,270.53643001918863,6.095049643325773,1.5270917048844441,0.0,低,False,False,False
1578,0.14034469955615766,0.03126182932068995,0.0734342963653308,0.9552656104380244,缓和路径,1436.5970246511292,647.8925550595785,304.01735454058417,-0.28822944437801823,0.14524827615387428,1.9175860534473865,0.21776641264461005,0.03165169459514459,0.26374843591669594,0.23787611769536599,93.94769519453291,93.48544007516797,91.44141913603009,88.89643188596071,101.21922864212748,88.89643188596071,92.46283613412997,0.0,153.5822891621665,4.381355371670717,1.085703867176461,0.0,低,False,False,False
1579,0.3476039892587182,0.41052370769113167,0.0734342963653308,0.9552656104380244,中性附近,1493.5274519894301,550.8401697689718,289.840186974774,-0.24207917690794067,0.12262953004037395,2.0098606557612864,0.27921604816508677,0.030170089772603565,0.22793403065609347,0.20698059637485947,95.89879872041874,96.27021043516588,94.0282436505437,91.40574165537542,102.41515742452714,91.40574165537542,94.73769427778147,0.0,288.2210569860872,5.495797127356474,1.4371153606221032,0.0,低,False,False,False
1580,0.2877552585404125,0.32059666104540435,0.0734342963653308,0.9552656104380244,缓和路径,1549.0165982519054,575.4477457101937,312.8771041932397,-0.2560259436207695,0.12036938968102803,2.0242971045450435,0.3165351828447142,0.03340608590960698,0.2382758913242167,0.21590206734277728,99.36418110654758,98.77762253086338,95.75987702325388,92.66302130620616,103.40554127643254,92.66302130620616,97.24461078965682,0.0,252.336488730165,6.386240654837452,1.5781289131706713,0.0,低,False,False,False
1581,0.5176422403674268,0.3977704651573581,0.0734342963653308,0.9552656104380244,中性附近,1604.9232295417887,487.46251034671417,273.4318105656505,-0.22470837521930995,0.08750821733589845,2.297667665513524,0.3028479302319542,0.02942353396683516,0.19855142086450864,0.1816335037549341,98.09605190826612,98.97911253991846,96.95182904408222,94.27890444943525,108.77638456146244,94.27890444943525,98.10331282559437,0.0,420.161267130321,5.921223916042102,1.558747841784595,0.0,低,False,False,False
1582,0.5323798734040309,0.5399183723265719,0.0734342963653308,0.9552656104380244,中性附近,1564.5516586812607,417.89854314958427,208.39547655442473,-0.2404867284281796,0.07577884752972316,2.412358698917448,0.32608716007239924,0.025262824518009725,0.19600475787578342,0.17943660895543126,100.61412348291694,101.05287029151734,98.69143496555324,95.96926642888158,110.32420566278077,95.96926642888158,100.32057186512294,0.0,404.19956357273253,7.203191593071865,1.6783593554930933,0.00023896589465266516,低,False,False,False
1583,0.5376677012592895,0.5094994452387988,0.0734342963653308,0.9552656104380244,中性附近,1590.5036263104425,509.48798084067147,265.42952772112426,-0.18988407231375562,0.09823968454788815,2.0969606064886577,0.350836441978218,0.030253031580458594,0.19509102122239474,0.1786483683005696,96.72685983976909,97.68826375283265,95.7888069226571,93.48206135146985,109.04649671371968,93.48206135146985,97.1290299726684,0.0,492.7866413442819,6.327090969477053,1.805743055051041,0.0,低,False,False,False
1584,0.24718414255916038,0.20526446074782786,0.0734342963653308,0.9552656104380244,缓和路径,1472.6988726252894,592.1696271045269,271.7976999032783,-0.3253951360392971,0.1415037193984752,1.7788673724844204,0.25486672659508935,0.025407836939513893,0.24528658016577706,0.22194988204191274,93.69562362376513,93.88622766051186,92.17578369509448,89.72767987108516,100.71625346948365,89.72767987108516,92.71465725116894,0.0,114.41246827938448,5.618563042304475,1.2706724940658252,0.0,低,False,False,False
1585,0.5291964874693826,0.547420023991037,0.0734342963653308,0.9552656104380244,中性附近,1585.482011132962,448.37576072691405,224.93511732125114,-0.21870361084822296,0.104357006530974,2.258476158252953,0.33150656270062717,0.020727740986058885,0.19655484696529066,0.17991114675856895,98.65289925109414,99.3475269917594,97.29232234718359,95.01955203704102,109.50131469741756,95.01955203704102,98.7121408025796,1.7916895570451743,433.6777186072631,6.945304039462454,1.7062528337283318,0.0,低,False,False,False
1586,0.1864623186434149,0.28847752473563537,0.0734342963653308,0.9552656104380244,缓和路径,1463.1149284648188,615.0060706321888,328.54037184062133,-0.34195056973698745,0.1337475033220075,1.8576532078476815,0.2556298920972275,0.02789115649081003,0.25577931133841786,0.23100150239678932,95.16743474135212,94.73491858490536,92.6908815592906,90.50106516159505,101.69519151770439,90.50106516159505,93.7114798012533,0.0,50.0,5.969108632470057,1.2744773587688094,0.0,低,False,False,False
1587,0.36674537485228065,0.3696263550127474,0.0734342963653308,0.9552656104380244,中性附近,1505.6940992376651,533.0558915185874,264.55389193622216,-0.2889103526487442,0.11509467769715855,1.9570589424786815,0.29010896603450415,0.02477868137523817,0.22462639922552588,0.20412724737632412,97.4206266657637,97.65048948745212,95.14027434936283,92.28242882087918,103.28691584072664,92.28242882087918,96.01036128806763,0.0,241.74332170263006,6.507718217683273,1.4931808328433818,0.0,低,False,False,False
1588,0.890720394122994,0.8701244992605156,0.0734342963653308,0.9552656104380244,高压尾部,1685.2299096343056,234.37745429647387,184.61363762875405,-0.11300250442276655,0.052748861852809824,2.7960243523400976,0.36,0.024809713364302276,0.13408351589554665,0.12601986120066294,115.83257955122947,108.22532219752796,105.77699243715632,102.94240874480025,125.55524833418329,102.94240874480025,110.37394026127544,190.13300318840265,225.15780418096924,10.584247424596212,1.8787204346401214,15.231281637297172,高,True,False,False
1589,0.4768929909965967,0.5257662880319512,0.0734342963653308,0.9552656104380244,中性附近,1546.6256323565515,466.23994165809734,252.4495321683815,-0.22559059533008993,0.1097303519632876,2.0018509577989265,0.3325884667537504,0.027887027139727252,0.20559289115578808,0.1877078722647262,96.87252653809415,97.55420115625604,95.39782476272474,92.71318362882282,107.35395271110636,92.71318362882282,96.44213641182114,0.0,424.68416534832613,6.3893540239250886,1.7118213565395406,0.0,低,False,False,False
1590,0.6329296094245227,0.47497951562800134,0.0734342963653308,0.9552656104380244,中性附近,1664.321573650069,405.51094740925913,238.82879660170326,-0.2142822638421014,0.08994354453167284,2.1541140562061414,0.31811563645438223,0.027216837081817796,0.17862976349144247,0.16444796107648396,98.36471596395945,99.05094042162601,97.57692254949394,95.4507468810314,110.22720464191825,95.4507468810314,99.16403278182352,57.57817668104508,392.2180410859154,7.653699322005535,1.6373301986294424,0.0,低,False,False,False
1591,0.6751356444522453,0.5261901528498608,0.0734342963653308,0.9552656104380244,高压尾部,1733.5845705822558,363.69339078833985,196.39589252525272,-0.16779783185386749,0.07234851884119092,2.8105280445264587,0.3582149850227614,0.020208372045571972,0.171336560638652,0.1581564338936764,109.43264167394301,108.49565415585153,105.90605302332477,102.8489326458616,120.74160924207321,102.8489326458616,108.85162433739738,103.3909309810806,349.38687046856336,9.576497254871008,1.8694050343237971,10.417642545187093,中,True,False,False
1592,0.5647918841339631,0.5340028801865809,0.0734342963653308,0.9552656104380244,中性附近,1626.521553448695,438.6237363953517,221.93851161682008,-0.1964125845555883,0.08723146854585472,2.2625938720860512,0.33758074826230783,0.025983690857347787,0.19040396242165117,0.1746050476295954,99.43946401557686,99.82406751821459,98.03686522575778,95.6941581726295,109.92294308183904,95.6941581726295,99.4569253998878,27.261153094588735,424.2453718250509,7.256712400807909,1.7375164571171964,0.0,低,False,False,False
1593,0.5955828425044112,0.5573382455019316,0.0734342963653308,0.9552656104380244,中性附近,1676.9046188314605,423.5477470626665,232.48253605672735,-0.20596785429525005,0.0831794062881386,2.3399523965419684,0.35692884304186356,0.02634041228504005,0.18508328481523775,0.1700151317219503,102.05333710821098,102.09477693141953,100.07429508878501,97.53803482359623,112.05713636671844,97.53803482359623,101.94158022480127,33.54656729162525,409.66358299474774,8.13467502756064,1.837100432999671,1.7331696698323213,低,False,False,False
1594,0.04213627182190663,0.1967737794446979,0.0734342963653308,0.9552656104380244,缓和路径,1400.0,695.462892162194,343.0102362466414,-0.33264546728984556,0.14439255437586898,1.6510976919343703,0.21344411291914198,0.020820961945448295,0.28,0.25251575376316965,92.62286370480892,91.49969058651648,89.46413755911642,87.43094114942252,101.27067896584676,87.43094114942252,90.89093408544105,0.0,65.3455738851917,4.510328486306631,1.0641544580180573,0.0,低,False,False,False
1595,0.9039399423794233,0.8335135633613658,0.0734342963653308,0.9552656104380244,高压尾部,1741.9246886614187,228.4065777887715,150.0,-0.1,0.036347646444230344,2.9941467110562603,0.36,0.027990903014408455,0.13179917795683563,0.12404926275081728,119.90115817823255,111.72201061675945,108.79924932850832,105.60634614349323,129.83059156664228,105.60634614349323,113.83534230240521,225.65920562767315,219.4218026208131,11.041458039884178,1.8787204346401214,19.506624869756166,高,True,False,False
1596,0.005541201346031124,0.009919769574097,0.0734342963653308,0.9552656104380244,缓和路径,1400.0,700.0,398.25091988210727,-0.35,0.17,1.65,0.21856176094318983,0.025234411440212115,0.28,0.25797087127194535,93.08186344792175,91.58083417426468,89.43192780221348,87.43839097973641,101.83065772884095,87.43839097973641,91.11296697532632,0.0,50.0,4.539520083573582,1.0896691835585126,0.0,低,False,False,False
1597,0.585289250484812,0.6525362557876552,0.0734342963653308,0.9552656104380244,中性附近,1684.3739414096763,362.04317457445484,199.60492816680375,-0.19159239328892783,0.07919089128004765,2.1270073155768126,0.36,0.021827561789844102,0.1868620175162245,0.17154956664239476,101.40882045517407,101.5789152985013,99.60151233528143,97.10354198085652,110.85298667235524,97.10354198085652,101.32123684541797,78.3938714160995,350.17516944322193,8.90068060330232,1.8529075718386598,0.5290199754691258,低,False,False,False
1598,0.6867269493625071,0.690547320704185,0.0734342963653308,0.9552656104380244,高压尾部,1665.1909672532083,352.2573789020124,203.96195132589435,-0.18425811024052854,0.07469507498861551,2.2633026903649824,0.36,0.03172689281971037,0.16933358315015878,0.15642855280086063,103.10510273473662,102.7728436563722,100.86463573435681,98.39548614715616,114.94377481510706,98.39548614715616,103.32307107003217,93.10683655635694,338.4007142589484,9.455217888822347,1.8787204346401214,4.619808118220945,低,False,False,False
1599,0.09775910060262462,0.07028944248692645,0.0734342963653308,0.9552656104380244,缓和路径,1454.7770877717767,699.6543538523298,326.6812152754413,-0.34469418447341477,0.14609944999473634,1.6992724784476776,0.2034480484759804,0.024906062701596284,0.2711072274158664,0.2442242253353352,92.2354953593664,91.669503306495,89.82566930774618,87.790313071642,100.62861181867112,87.790313071642,90.87646336730566,0.0,76.21018890177766,4.359978964951499,1.0143177284201044,0.0,低,False,False,False
1600,0.8708920910897965,0.8080737592632342,0.0734342963653308,0.9552656104380244,高压尾部,1766.8415821820515,262.84172351217336,150.0,-0.13247495082410068,0.06087150041735734,3.0661842168429376,0.36,0.021501076010274366,0.13750984665968316,0.12897560692376547,119.32186131467238,111.98421044327318,109.09590148722864,105.85425444322063,129.25381319903585,105.85425444322063,113.81932786567735,180.1663717019801,252.50238121573773,10.714807452917489,1.8787204346401214,18.92984650214973,高,True,False,False
1601,0.2713022138232249,0.30161356869392675,0.0734342963653308,0.9552656104380244,缓和路径,1547.6870504408532,516.4028048315676,279.5757848860966,-0.2858953054762878,0.12099585471856826,1.8842673470519904,0.2796937995191868,0.026860384717987795,0.2411189774513467,0.21835467342174542,97.04854474881193,96.54175181704095,93.8634639777431,91.06067311997576,102.541804322781,91.06067311997576,95.15814313070811,0.0,279.8927916505072,5.76346050192171,1.3944512198896022,0.0,低,False,False,False
1602,0.6549411895652119,0.6277510814200219,0.0734342963653308,0.9552656104380244,中性附近,1639.3518082437424,335.72943934363036,224.02237977461076,-0.19876092903192596,0.08652850552926455,2.3380372532902918,0.36,0.02737593322881046,0.17482616244313137,0.16116676077655695,102.27553707192936,102.38127220452914,100.49258857987942,98.02258747101214,113.68923524667399,98.02258747101214,102.67728545283465,66.79498503506329,324.72401516039736,9.053385321483619,1.8529075718386598,3.3652685497878707,低,False,False,False
1603,0.8394759294107546,0.6815567510237657,0.0734342963653308,0.9552656104380244,高压尾部,1795.0123501274736,279.90902662632396,204.04032299193398,-0.1638331766846576,0.04539207040807884,2.660810355410301,0.36,0.02280980417247214,0.1429385593978216,0.13365872001537293,114.59066704458475,108.39769635027828,105.90581906389616,103.0154415022057,124.98908368821812,103.0154415022057,110.1320431453158,153.85625042924585,268.8983118909306,10.472636639592881,1.8787204346401214,14.665116991331999,中,True,False,False
1604,0.476543483324161,0.46056045237145443,0.0734342963653308,0.9552656104380244,中性附近,1598.0934289752522,483.1609512707873,260.9771689373888,-0.21712702334770514,0.0928147470689905,2.205697591828478,0.3097111962244607,0.02774832259399141,0.20565328608158498,0.1877599723262526,98.00077127274153,98.61024871849219,96.44404035133209,94.08099333228115,107.78282328713793,94.08099333228115,97.51979524512912,0.0,467.3226285192729,6.184550316585125,1.594072834909756,0.0,低,False,False,False
1605,0.5663994121589208,0.5564329788513854,0.0734342963653308,0.9552656104380244,中性附近,1642.2694697125783,447.6525953911475,282.94988043635027,-0.2052769340865323,0.09350599073331407,2.3275233319000486,0.36,0.025187167893446848,0.19012618157893849,0.17436541824343052,100.54732598076264,101.00244298914352,98.77263361169562,96.3748891530583,111.3945620036266,96.3748891530583,100.7169952751747,0.7514097942021181,432.97825909035555,7.323009811076837,1.8529075718386598,1.0705953067404863,低,False,False,False
1606,0.5127788713062912,0.5404692354692486,0.0734342963653308,0.9552656104380244,中性附近,1597.9482457590027,421.8480957362873,256.1824685298922,-0.22917258676879676,0.11008707980199232,2.364496810920383,0.31227838789911255,0.022004132843191773,0.19939181103827286,0.18235847160912988,99.448231956145,100.1300134408538,97.91836896553221,95.27515807899012,109.43433324084354,95.27515807899012,99.24765266216959,0.0,408.019647317991,6.495122953070781,1.607286081832877,0.0,低,False,False,False
1607,0.27618385982630567,0.13665389234945383,0.0734342963653308,0.9552656104380244,缓和路径,1510.6080687296496,587.6403415982886,270.1532243500835,-0.2679369291237742,0.14865641449227582,1.7779567832807541,0.3156457345756193,0.025536310231057287,0.24027542902201435,0.2176269810785757,97.23381822353873,96.64247155566731,93.82462904288401,90.92360953036147,102.57589642660625,90.92360953036147,95.2093792258162,0.0,288.57574059677427,6.311474591459088,1.5736944486741387,0.0,低,False,False,False
1608,0.8934978974780501,0.8424602833152569,0.0734342963653308,0.9552656104380244,高压尾部,1698.8370547360792,268.46980232322676,167.15153909410785,-0.14084073394782312,0.04322961357880398,2.790000695932403,0.36,0.027886594256551437,0.13360356331579293,0.12560582709754955,115.79567410719828,108.15364121783644,105.70771482259902,102.87521496407342,125.72470782878464,102.87521496407342,110.34375336659026,160.8304876970924,257.90906963061946,10.488012240970688,1.8787204346401214,15.400741131898528,高,True,False,False
1609,0.11055663945968033,0.14135276266249397,0.0734342963653308,0.9552656104380244,缓和路径,1440.202725903937,628.7751208376102,327.2860908708946,-0.32521781632241703,0.15622562475673119,1.6853261474072414,0.21626939454961816,0.02504167077880153,0.26889581270136725,0.2423165345622191,92.63284704679005,92.0396522465416,90.14372317129124,87.824227338805,100.7724468931049,87.824227338805,91.18683480306144,0.0,112.0597408059366,4.50037024270775,1.0782402812394583,0.0,低,False,False,False
1610,0.683938455285689,0.7585232936210446,0.0734342963653308,0.9552656104380244,高压尾部,1627.7591219012934,330.6500360718977,159.90060670077676,-0.14996313140994708,0.0773075076280916,2.536106278611035,0.36,0.03110007547505466,0.16981543492663292,0.15684422525793637,105.3728968057398,104.7677301594522,102.62914455737086,99.96352695265054,117.02506467303508,99.96352695265054,105.28144927012933,113.66647071161424,317.6433343291365,9.543608905183223,1.8787204346401214,6.701097976148958,低,False,False,False
1611,0.37789520819217604,0.3035167545108826,0.0734342963653308,0.9552656104380244,中性附近,1544.6240288354963,554.8973652778416,269.17605745773983,-0.24268528012829263,0.12033194962227735,2.0239621411934183,0.31256337443640225,0.029019748948344883,0.22269970802439196,0.20246517512775472,98.05297574095314,98.14991497915226,95.65267998441169,92.79881589990927,104.91553680623556,92.79881589990927,96.6650650408348,0.0,379.28002554323757,6.2906459077694326,1.6087528977018108,0.0,低,False,False,False
1612,1.0,0.9509242258234952,0.0734342963653308,0.9552656104380244,高压尾部,1800.0,200.0,150.0,-0.10729554825780824,0.054330658632801045,2.7165682051288162,0.36,0.028178716571427367,0.1152,0.10972987777885891,120.81283313316685,110.90878153598443,108.09758860073954,107.45240895545521,129.69637533523155,106.17790764013895,113.84492412526379,809.3662482382824,200.0,11.781373433711616,1.8787204346401214,19.372408638345433,高,True,False,True
1613,0.693471000434985,0.7451330090715558,0.0734342963653308,0.9552656104380244,高压尾部,1688.5439996121188,380.0012370653752,189.42017432354052,-0.1515855438138478,0.07607207958512516,2.701568120061431,0.35551566807460855,0.025325179488796375,0.1681682111248346,0.1554232373141804,107.01081795026239,106.21687905271972,103.90885898477363,101.08384113896129,118.60348602348594,101.08384113896129,106.7153904227257,100.01482326554105,365.05321887941955,9.028932212259047,1.855318195684727,8.279519326599825,中,False,False,False
1614,0.09760094843325896,0.1972153987362815,0.0734342963653308,0.9552656104380244,缓和路径,1479.1804673603199,689.6122684573983,344.96690807865025,-0.35,0.1508242772744548,1.876334943815306,0.25482569443857733,0.022284830218227563,0.27113455611073284,0.24424780060536308,96.57710471398593,95.35993558995914,92.98349293237746,90.6978776708116,102.92561329651018,90.6978776708116,94.54834717647897,0.0,50.0,5.89831552497144,1.270467922706713,0.0,低,False,False,False
1615,0.638984207423182,0.5768612200121096,0.0734342963653308,0.9552656104380244,中性附近,1622.9346248870925,355.12954616970757,207.0358365572301,-0.18051499678828603,0.07070039404012983,2.466148856420263,0.3562148408397937,0.02916321666515196,0.17758352895727417,0.1635454202937614,103.12198591571583,103.05488687747867,101.01255990093107,98.44771214404292,113.45858998724995,98.44771214404292,103.13989425099453,70.55941386370614,343.4881741671876,8.784242186222514,1.8334254883148802,3.134623290363834,低,False,False,False
1616,0.4664739809431364,0.43750242822204743,0.0734342963653308,0.9552656104380244,中性附近,1535.0715904001092,476.41876310083654,233.57393472150468,-0.25457135820451904,0.1148221434917441,2.2958254444474226,0.32389735918618723,0.02441444831794019,0.207393296093026,0.1892610028756977,100.43301983176625,100.71895309809072,98.16147361033492,95.11703304243235,108.52189338571688,95.11703304243235,99.50495112672444,0.0,363.54868220014214,7.1628406262774185,1.6670885259295345,0.0,低,False,False,False
1617,0.1945779295640147,0.1624348918502867,0.0734342963653308,0.9552656104380244,缓和路径,1442.7081008689804,583.9549962797951,297.6073331709259,-0.31171177626526136,0.1484706684984142,1.9263600589744438,0.26704176213359304,0.028372803299215037,0.25437693377133824,0.2297917325930514,96.06707218819605,95.47534990180888,93.31077471610429,90.87808992449438,102.18096586045004,90.87808992449438,94.44657855590974,0.0,75.16872635179607,6.031971160428093,1.331372778405525,0.0,低,False,False,False
1618,0.11941378563346736,0.17078371436978457,0.0734342963653308,0.9552656104380244,缓和路径,1400.0,691.8429048344622,355.67601974096954,-0.32339120567051305,0.164435060570073,1.7875097009365903,0.2172535385620433,0.02444980341077009,0.2673652978425368,0.240996226320095,92.71001356097392,92.12492611238568,90.22515598205081,88.25231764329271,100.81598842427078,88.25231764329271,91.30538276497387,0.0,50.892559618589075,4.6562916103260426,1.0831468641563209,0.0,低,False,False,False
1619,0.31033821625024327,0.39567143066785,0.0734342963653308,0.9552656104380244,缓和路径,1531.9557051778143,515.4941876399638,286.7705105189145,-0.3062799865506606,0.11452820237324018,2.0521015798297455,0.28681537131017415,0.026571851483266472,0.23437355623195794,0.2125356935005941,97.81958543671577,97.82521463263166,95.65843932679144,92.65490116878695,102.66411597579165,92.65490116878695,96.43143737150382,0.0,160.93575365002107,6.52259706405509,1.429956778069816,0.0,低,False,False,False
1620,0.5955285545209577,0.6332297903988078,0.0734342963653308,0.9552656104380244,中性附近,1638.4588320517787,455.8034154783943,233.89796626964426,-0.19025950868851552,0.07234535528022175,2.542096300436399,0.36,0.026173402473617817,0.1850926657787785,0.1700232242689847,102.6944507464018,102.67082252197824,100.61413795359509,98.00162673693738,113.1004647374047,98.00162673693738,102.60022694332108,17.163161967750057,440.86189012001853,7.665613062484995,1.8529075718386598,2.7764980405185895,低,False,False,False
1621,0.70948937967712,0.6781053958630163,0.0734342963653308,0.9552656104380244,高压尾部,1706.230877459306,305.68515899213577,250.44638971130678,-0.17803391190720333,0.07780801621983832,2.817392113347854,0.36,0.024845050238913393,0.16540023519179364,0.1530354255152228,109.12654893127362,107.73135768215167,105.26596109831698,102.31666505799028,120.6781868572339,102.31666505799028,108.33734100449118,81.93725855551384,293.6604946750428,9.393879435624255,1.8787204346401214,10.35422016034778,中,True,False,False
1622,0.3349763466649985,0.28331969884613833,0.0734342963653308,0.9552656104380244,中性附近,1554.70173951736,542.4546159790664,344.5485142026397,-0.27993299884643974,0.1194191015566531,1.967393732941196,0.25330619804131776,0.023663625330590434,0.23011608729628824,0.20886296122104753,95.88124845136389,96.26991226874394,94.01362221992268,91.39012355063608,101.64759159807537,91.39012355063608,94.68869898974368,0.0,259.19047065926134,5.320124620498443,1.3037582565122798,0.0,低,False,False,False
1623,0.4088866897785416,0.5493318831448821,0.0734342963653308,0.9552656104380244,中性附近,1544.337591389286,552.6431577840325,262.3536031746362,-0.2273407840442841,0.11706114120846145,2.0505709462917863,0.2932520549337209,0.02858503639210042,0.217344380006268,0.19784536782512546,96.1990576328242,96.86042301143637,94.72613036925684,92.1077226358374,105.14234463798775,92.1077226358374,95.43216591785537,0.0,438.732985112847,5.571445896587307,1.5093582028998282,0.0,低,False,False,False
1624,0.5331407918815184,0.6166162725537844,0.0734342963653308,0.9552656104380244,中性附近,1592.956395406325,453.18767694419347,248.08605791198914,-0.21603507942008596,0.08318494577270422,2.3978292035783775,0.33809036607145676,0.026102851618452647,0.1958732711628736,0.17932318111787512,100.64390746342342,100.99462000686707,98.62727425280413,95.90522139903955,110.27539646725587,95.90522139903955,100.27728642229071,0.0,438.3318971557552,6.90735638793246,1.7401394423875183,0.0,低,False,False,False
1625,0.5990297132718033,0.6216978720221974,0.0734342963653308,0.9552656104380244,中性附近,1671.6935085025857,431.99386474954605,203.09039875361816,-0.16746176569857144,0.08416317576810597,2.4761613956836084,0.36,0.018902250189040327,0.18448766554663237,0.1695013170242553,103.20924730124162,103.18973851674575,101.0753423249034,98.43697396833463,112.59978739939258,98.43697396833463,103.01890398155301,59.780369106085345,417.83283158123703,8.179858831377302,1.8529075718386598,2.275820702506465,低,False,False,False
1626,0.7936934445929263,0.7201870550605735,0.0734342963653308,0.9552656104380244,高压尾部,1709.895154784345,298.8410825923031,164.21548274929603,-0.14099949844786094,0.07098831700809759,2.8530786113368345,0.36,0.02542346726057362,0.1508497727743423,0.14048337785254345,113.48818368771859,108.73967302070507,106.2311879543282,103.26935390261895,124.31189293550928,103.26935390261895,110.07979099777145,146.05126479981118,287.0856420790084,10.132111497520926,1.8787204346401214,13.98792623862316,中,True,False,False
1627,0.33272879102131203,0.36877536766564506,0.0734342963653308,0.9552656104380244,中性附近,1513.3347624561434,532.6236293425679,304.40702947869266,-0.2843486005716813,0.12188870424853697,2.0354968427838687,0.3006998617892118,0.026467371328028785,0.23050446491151724,0.20919799760666954,98.66559278132338,98.71713159696108,96.38010029371439,93.25946966865693,102.93811492398116,93.25946966865693,97.21008978209335,0.0,166.85593657040044,6.849067540242928,1.5476918076668584,0.0,低,False,False,False
1628,0.8450137975026258,0.8048671341674655,0.0734342963653308,0.9552656104380244,高压尾部,1750.9048131181607,309.2124425045256,199.55989740419332,-0.12201678430449824,0.07843241436685786,2.719643182706617,0.36,0.021771597295954057,0.14198161579154625,0.13283320661161618,114.2061594024959,108.10676629697561,105.63895610139329,102.77001211922128,124.33690918981279,102.77001211922128,109.79679197554574,176.73079922635407,297.0490262757352,10.194126920816295,1.8787204346401214,14.012942492926669,中,True,False,False
1629,0.7251150685345525,0.7909241533348027,0.0734342963653308,0.9552656104380244,高压尾部,1679.2800820124357,332.918460227481,204.96693180329348,-0.17221634813034917,0.06560087742023166,2.5065353703887734,0.36,0.019019553413005832,0.16270011615722932,0.1507061508953241,105.86055149839139,104.3257985431796,102.2517094935686,99.63800497201814,117.45219547416755,99.63800497201814,105.10910315523263,84.55599380341118,319.8225260238126,9.097631923504927,1.8787204346401214,7.128228777281436,低,False,False,False
1630,0.8145717499881947,0.734143957202243,0.0734342963653308,0.9552656104380244,高压尾部,1712.5045400592674,286.30722968838677,208.03902198790846,-0.1650041322519369,0.05345911322314577,3.0127910947046144,0.36,0.02858018051945915,0.14724200160203993,0.13737111142337025,115.25938406249374,109.81769470203022,107.18285810388093,104.12839371555629,125.87343157801538,104.12839371555629,111.2765088400252,113.42246901958606,275.0448303625227,10.015326957888634,1.8787204346401214,15.549464881129268,高,True,False,False
1631,0.6564620309464112,0.5661037670786012,0.0734342963653308,0.9552656104380244,中性附近,1629.585909862721,414.91935361417273,193.63053553893627,-0.17592542559745747,0.08377385377801971,2.621857504946845,0.36,0.024031486394996287,0.17456336105246015,0.1609400535086445,103.5512658375003,103.5342067383205,101.51193989042514,98.90830341426448,114.8784350568,98.90830341426448,103.81182358434104,47.914695861687505,401.3180337618407,8.259795626883472,1.8529075718386598,4.5544683599138835,低,False,False,False
1632,0.46968307025350253,0.4022100125981914,0.0734342963653308,0.9552656104380244,中性附近,1550.0510459778188,532.1155254393232,281.0345167561235,-0.21133321628427526,0.10796306475211143,2.3426102447387813,0.2823526283013867,0.021936214447085222,0.20683876546019475,0.1887826335473549,97.06874149619281,97.97430364466663,96.02200183599055,93.45019787693393,107.24377215333918,93.45019787693393,96.82376272489152,0.0,442.6921149848913,5.31604363277238,1.453259230300517,0.0,低,False,False,False
1633,0.19721352978913698,0.26516729509748604,0.0734342963653308,0.9552656104380244,缓和路径,1429.5823439361163,600.2415908201767,310.9228270886026,-0.32015184498986926,0.1312863320273158,1.8139755025424145,0.23933617850099811,0.025316129620432806,0.2539215020524371,0.22939885156434356,93.35502989566538,93.22819935912251,91.45051213923341,89.19802447687935,100.82976316285793,89.19802447687935,92.2191039620627,0.0,88.15367465892086,5.217030188809391,1.193242848601432,0.0,低,False,False,False
1634,0.018043146734270446,0.09112920765642181,0.0734342963653308,0.9552656104380244,缓和路径,1400.0,700.0,358.31687289275413,-0.3327669573420528,0.14222047499207222,1.65,0.2234848658847595,0.02547060677005141,0.28,0.2561072437315612,92.98111690025969,91.65821600982382,89.5592871583238,87.57022430813939,101.64182398958461,87.57022430813939,91.12615310182676,0.0,50.0,4.641772799965287,1.1142139882814552,0.0,低,False,False,False
1635,0.12307339261022435,0.13218022177129468,0.0734342963653308,0.9552656104380244,缓和路径,1488.2457997371787,637.2597645739085,348.9954950328268,-0.3231433035630942,0.13574325737348075,1.65,0.23828221758267415,0.02937740824758915,0.26673291775695324,0.24045069967307553,94.28463811157427,93.42919405650812,91.18857646401533,88.51303764738448,101.65337849245827,88.51303764738448,92.49276257327155,0.0,172.2968195680296,4.973426279787612,1.1879881840690063,0.0,低,False,False,False
1636,0.0,0.07284928353861517,0.0734342963653308,0.9552656104380244,缓和路径,1400.0,700.0,344.1136783265776,-0.35,0.15472404070158918,1.8132440440968007,0.20106518014095504,0.01978538054933833,0.28,0.2587968815539125,93.95331943249671,92.3995852487819,90.19008163233214,88.14128087205248,102.27632796226665,88.14128087205248,91.9131955606145,0.0,50.0,4.444200636297221,1.0024376164464943,0.0,低,False,False,False
1637,0.6833063526339537,0.6924390847462275,0.0734342963653308,0.9552656104380244,高压尾部,1650.385711727033,336.30899478457303,219.4204751544703,-0.1812801886205533,0.05830054061393232,2.5515917284285003,0.36,0.022038350090395516,0.16992466226485278,0.1569384509063088,105.13476318614549,104.64960016929147,102.47569911949225,99.78793808957742,116.50658388399852,99.78793808957742,105.06789850461115,73.06482757829508,323.07968793030244,9.138606838335802,1.8787204346401214,6.182617187112399,低,False,False,False
1638,0.25990854413411907,0.30419146832648963,0.0734342963653308,0.9552656104380244,缓和路径,1468.6245417199093,579.045556290084,308.38292367640736,-0.2975552091603607,0.12065016127990359,1.959042272624161,0.2755029567137534,0.026505679410099608,0.24308780357362422,0.2200530936243031,96.18270486888488,96.12700449436534,94.09642529226598,91.20571196287398,101.8927932433305,91.20571196287398,94.82355833423479,0.0,147.6704955531095,6.036090062127628,1.373557206963865,0.0,低,False,False,False
1639,0.378088188917823,0.3194601494823225,0.0734342963653308,0.9552656104380244,中性附近,1513.615704974879,528.939904328524,277.199434919861,-0.2645705929739813,0.12193762325837226,1.8999691756075716,0.3438694781142232,0.02429480112582876,0.22266636095500017,0.20243640806919622,99.18476973811651,99.14047626006061,96.29670594557483,93.19093624685753,104.71916290931465,93.19093624685753,97.50358044204445,0.0,228.74200445143106,7.466274222417381,1.7698843325612568,0.0,低,False,False,False
1640,0.1757772236309463,0.12443441096772803,0.0734342963653308,0.9552656104380244,缓和路径,1471.6492644777202,640.5799055882338,332.8008198149534,-0.3181684965683041,0.12776281362959552,1.78419801856165,0.2705582808813677,0.025029184548956415,0.25762569575657246,0.2325942974953498,95.91887282454454,95.28100235649869,93.12316113025628,90.29935814458491,102.20916114460545,90.29935814458491,94.22447011758643,0.0,138.9642507278786,5.999912611887361,1.3489048576508598,0.0,低,False,False,False
1641,0.8952206476352412,0.8140611442903793,0.0734342963653308,0.9552656104380244,高压尾部,1772.0596961815054,277.8461007816297,150.0,-0.11698375143828162,0.049100367268436536,2.9366360441956036,0.36,0.021173309995705804,0.1333058720886303,0.12534902189336405,119.20624670707325,111.20200087383374,108.39197823704471,105.25406637194581,129.05166783086133,105.25406637194581,113.30305220825053,210.85676272068122,266.91653486901623,10.964976560822144,1.8787204346401214,18.727701133975216,高,True,False,False
1642,0.6958058719648065,0.6000287762734537,0.0734342963653308,0.9552656104380244,高压尾部,1720.0023651765393,360.1607305339357,177.24514301246137,-0.17963717340829144,0.06974105247300434,2.5794023253344287,0.36,0.023170707145642285,0.16776474532448143,0.15507518501103024,106.99993446425736,106.17586279266158,103.85758446970674,101.03411157375302,118.5879179357417,101.03411157375302,106.68107697538021,92.71895076732108,345.9931736294771,9.480028858067515,1.8787204346401214,8.263951238855583,中,False,False,False
1643,0.9805288694296419,0.9098952702599103,0.0734342963653308,0.9552656104380244,高压尾部,1724.2488775095076,200.0,150.0,-0.10285525774789356,0.0442982579734006,2.9862143795782514,0.36,0.03321840931261056,0.11856461136255787,0.11263238087309504,121.4301819322694,111.51096017371157,108.63221564707139,105.51178583488478,130.67737224807354,105.51178583488478,114.2410583558385,229.7526726171145,200.0,11.284491694687674,1.8787204346401214,20.35340555118742,高,True,True,False
1644,0.5553574578187677,0.5938064022467153,0.0734342963653308,0.9552656104380244,中性附近,1692.5857630794806,491.4107156642166,240.37506429172183,-0.22199296002613098,0.0994553463640901,2.216761506752946,0.32223284839403754,0.0352963959831128,0.19203423128891695,0.1760114092927381,98.7334125060877,99.30854897127968,97.69061260977188,95.43502919547275,109.86693642148445,95.43502919547275,99.02563268311516,11.681193802529378,475.3019603979399,6.824925817295781,1.6585213463456976,0.0,低,False,False,False
1645,0.9542017584016997,0.7988959551924087,0.0734342963653308,0.9552656104380244,高压尾部,1781.027540798644,202.72764048241143,166.02569290808745,-0.12005861877547268,0.04391548058952256,2.9174028170383726,0.36,0.024693514918613976,0.12311393614818628,0.11655688443208355,121.26207504001252,111.85096250881249,108.90400569634929,105.72691306341389,130.70509799526423,105.72691306341389,114.35815119035074,231.57961721022366,200.0,11.508776345833125,1.8787204346401214,20.381131298378108,高,True,True,False
1646,0.028208207861002116,0.1037535051219622,0.0734342963653308,0.9552656104380244,缓和路径,1455.6670307881805,645.1315298778749,344.2664853799843,-0.35,0.1503120802279836,1.65,0.21049657095139812,0.030232246196384812,0.28,0.254591968526209,93.10326518330835,91.84556803149556,89.76281448198489,87.76137884944909,101.5684048174531,87.76137884944909,91.27653279844255,0.0,50.3300039480182,4.545971986983248,1.049459089369693,0.0,低,False,False,False
1647,0.4263930300601162,0.4464265891193313,0.0734342963653308,0.9552656104380244,中性附近,1605.120813522921,497.10463224203374,271.66203753109346,-0.2800645906519294,0.10080067787720527,2.235478549392319,0.2885966837594064,0.029516908978879635,0.2143192844056119,0.1952357501322846,99.78050312068693,100.06186046378873,97.57137368721729,94.614977058142,106.24217991525873,94.614977058142,98.5777759127899,0.0,245.06512319445392,6.514592443880364,1.4853971681814757,0.0,低,False,False,False
1648,0.7442942516992591,0.7446126621376106,0.0734342963653308,0.9552656104380244,高压尾部,1756.3556031871867,342.2225330176093,215.2427920429066,-0.16864081830417121,0.0706320375441784,2.7036048308773,0.36,0.027070651183706114,0.159385953306368,0.14784716752610835,110.70404790761384,107.6505381873986,105.26212751578431,102.37736627117079,121.7865710505174,102.37736627117079,108.62851094868,113.53201116679702,328.76060671785103,9.741933065946023,1.8787204346401214,11.462604353631278,中,True,False,False
1649,0.7278816899030094,0.657312709489727,0.0734342963653308,0.9552656104380244,高压尾部,1717.8733744005415,308.5255815665235,183.6892900816688,-0.14757436484177577,0.07622055921355368,2.6467113478660673,0.36,0.026847191482332743,0.16222204398475995,0.1502937389373482,108.95806968601372,107.02542474615055,104.6290735204426,101.76012268908036,120.44914460309197,101.76012268908036,107.76951471493874,131.21074193360255,296.38918422291295,9.756136512173233,1.8787204346401214,10.125177906205849,中,True,False,False
1650,0.7129213960535009,0.7513835167385292,0.0734342963653308,0.9552656104380244,高压尾部,1687.2570543707297,377.21696407669526,219.30246855749013,-0.1871546560803744,0.07918206454418807,2.6214098516757627,0.36,0.024619832798821562,0.16480718276195502,0.15252382511708878,106.53266049579254,105.42854641890268,103.2181226026025,100.49112414655438,118.10199287111791,100.49112414655438,106.06640538501198,67.87523189705462,362.37847017437315,9.103438141003847,1.8787204346401214,7.7780261742317975,低,False,False,False
1651,0.5734354028181432,0.582896825032261,0.0734342963653308,0.9552656104380244,中性附近,1618.9547762339305,479.3513517490052,224.09666747864063,-0.22787620262405225,0.08932225307553401,2.279564328377196,0.3568194360854309,0.027444310752438836,0.18891036239302483,0.17331658419727095,100.51387988553081,100.96598797843451,98.65227678686593,95.74686116722205,111.51547990022064,95.74686116722205,100.61347534902723,0.0,463.6379100886081,7.27163216271469,1.836537319171932,1.191513203334523,低,False,False,False
1652,0.44352160122487577,0.36770050525828446,0.0734342963653308,0.9552656104380244,中性附近,1589.3865551528206,455.5925787834318,269.88486806930206,-0.25480894111811464,0.10318911028156694,1.9875005970653905,0.3159191114542237,0.02411424326446387,0.21135946730834143,0.1926824453498061,97.63971240404744,98.16834666545967,95.85631631593701,93.06352143495751,106.58887636544068,93.06352143495751,96.84146847625438,0.0,393.85180042657885,6.489447367970651,1.626024760283535,0.0,低,False,False,False
1653,0.6342264707159382,0.5411010390383676,0.0734342963653308,0.9552656104380244,中性附近,1646.436551884422,438.5842501056907,243.6394002912672,-0.21237599516278236,0.09157083159683757,2.606021739711548,0.3584919055297945,0.024493818674246746,0.17840566586028586,0.16425464184946081,103.58812076267228,103.54616014787737,101.51297284951725,98.88326810127357,115.83811435242251,98.88326810127357,103.89945249211641,16.379417065012603,424.2071799210356,8.18249915736181,1.8451454616639604,5.514147655536391,低,False,False,False
1654,0.5290110317630289,0.5110293146009801,0.0734342963653308,0.9552656104380244,中性附近,1616.456367957879,470.18079757994803,213.7439978196887,-0.2040043188220177,0.10327605293629552,2.2974700441673686,0.3493470540229161,0.023474594094625486,0.1965868937113486,0.17993879208504807,100.0354525724109,100.38445809125469,98.38855022976303,95.95485025658827,110.01351688787143,95.95485025658827,99.85366535956999,8.213822902842367,454.7679725077868,7.2628742408144475,1.7980772266627516,0.0,低,False,False,False
1655,1.0,0.8423669838281295,0.0734342963653308,0.9552656104380244,高压尾部,1795.2015259210357,223.76774909068962,162.7119551512476,-0.1,0.039179776330095034,3.047590826546184,0.36,0.02706494908654146,0.1152,0.10972987777885891,123.97595597500747,113.54449136483218,110.41178988054803,109.50578144210141,133.21718804191346,108.21383938124345,116.50992053277815,788.8383137071851,214.96545042274465,11.596526213736816,1.8787204346401214,22.893221345027342,高,True,True,True
1656,0.7290185622935462,0.876541057909767,0.0734342963653308,0.9552656104380244,高压尾部,1695.3443320183653,343.37215623496553,208.80982605253845,-0.19726688102584528,0.07438243624576152,2.620460417470336,0.36,0.025548767997398976,0.1620255924356752,0.1501242687764163,108.23998918437972,106.04768287836168,103.84636548659006,101.09692224976668,119.37616183598497,101.09692224976668,106.89299580651713,79.44986622029683,329.86500748042596,9.656432072230492,1.8787204346401214,9.052195139098856,中,False,False,False
1657,0.5937743101957698,0.5548057922665005,0.0734342963653308,0.9552656104380244,中性附近,1643.9249933836686,429.6693283165608,231.4422582747069,-0.21101540935799915,0.09928001179108813,2.465553110835136,0.357610782124468,0.02126892440253787,0.18539579919817098,0.17028472421442986,102.36771460131898,102.4099219421389,100.39942695743495,97.8262271568086,113.14231621922937,97.8262271568086,102.39622685614438,14.827296864074015,415.5844949284211,7.9444644334746535,1.840610349915478,2.8183495223432544,低,False,False,False
1658,0.3544416055340577,0.38915473645434207,0.0734342963653308,0.9552656104380244,中性附近,1482.3349411706904,536.5474834998349,273.95950163873914,-0.2614382748889132,0.12963704151590089,2.1820053697048003,0.2980722472040489,0.025670760279333345,0.22675249056371483,0.20596133340373107,98.89747879156494,99.02119669495858,96.53458248404971,93.49432201036944,103.58518144054261,93.49432201036944,97.45406337790295,0.0,181.13953287686672,6.558656291768915,1.5341675661092973,0.0,低,False,False,False
1659,0.4739016046551642,0.4856763433226288,0.0734342963653308,0.9552656104380244,中性附近,1661.6582089492615,474.25608084597457,206.00815498403995,-0.2181112391229122,0.10533710568496632,2.183116341839102,0.3054099091646056,0.027586012285862757,0.2061098027155876,0.18815378926377718,99.16200791187848,99.45857524589239,97.53914115955789,95.1308596233564,107.79921568779349,95.1308596233564,98.50496616863137,29.892778235258447,458.70966540087153,6.808331892962071,1.5719342589045973,0.0,低,False,False,False
1660,0.45385069640930537,0.35557678611593646,0.0734342963653308,0.9552656104380244,中性附近,1511.4216947850327,512.4588200265805,276.5637755881067,-0.2443974726967307,0.10564009796152837,2.3209161122107553,0.30557167929523193,0.029914603239870916,0.209574599660472,0.1911427180789559,99.04812919371986,99.50567989637824,97.15957112834536,94.29653556850731,107.23627033062564,94.29653556850731,98.23221500076761,0.0,328.74567611671046,6.508612507310424,1.572766884182194,0.0,低,False,False,False
1661,0.43156730798219134,0.568454675395716,0.0734342963653308,0.9552656104380244,中性附近,1552.114737015497,441.2175063959796,263.7653642837265,-0.23600131051671042,0.106843599451983,2.0017064235973265,0.31494239414156516,0.02787333006515463,0.21342516918067733,0.19446443602574148,97.00739924022875,97.49801510138403,95.24901265247726,92.53619212513819,106.13109101315253,92.53619212513819,96.16383425743864,0.0,422.0196339747836,6.171949568864737,1.6209976299941715,0.0,低,False,False,False
1662,0.7730255893310218,0.8962746062085579,0.0734342963653308,0.9552656104380244,高压尾部,1736.530075841827,313.77853697608487,216.85582073924232,-0.1620329246332967,0.08182435087672005,2.6301523905800295,0.36,0.026666630491384284,0.1544211781635994,0.14356427311089204,110.74388749537803,106.75503113270531,104.48506441572157,101.72014550598054,121.57165095623775,101.72014550598054,107.99498747353188,125.23312956045447,301.4355053762321,9.867391513835368,1.8787204346401214,11.24768425935163,中,True,False,False
1663,0.42456502307882005,0.38349989930144995,0.0734342963653308,0.9552656104380244,中性附近,1589.7616705129806,493.63889079092223,279.97273195668606,-0.2171514340163633,0.12541802386514098,2.1010936344496995,0.32060366343444013,0.021795347782547658,0.2146351640119799,0.19550824565586633,98.17159259141522,98.4809560420617,96.13081178480927,93.3367919440955,106.78358526429056,93.3367919440955,97.1536497824137,0.0,445.90188680744177,6.033014673890175,1.6501359876024653,0.0,低,False,False,False
1664,0.7147780155817696,0.6642241154526101,0.0734342963653308,0.9552656104380244,高压尾部,1696.599487440933,365.62940916444467,223.75660073127642,-0.1500209044382908,0.06039803599829183,2.3631363625331256,0.36,0.025384626356255106,0.1644863589074702,0.15224706440685953,104.70599612728793,103.33887215773274,101.39630470715679,98.89564156021902,116.33631805117388,98.89564156021902,104.12709564144701,109.85057652085197,351.2467321507641,9.083165913651593,1.8787204346401214,6.012351354287759,低,False,False,False
1665,0.7899314997391595,0.7559024081737171,0.0734342963653308,0.9552656104380244,高压尾部,1739.1057217189934,323.1738474960597,150.0,-0.18701044965617863,0.06280058817661713,2.568749557617498,0.36,0.03305319983901592,0.15149983684507323,0.14104415970026146,111.37932833927145,106.8934528669061,104.62303407842552,101.86257520657863,122.15739415900724,101.86257520657863,108.26405424229101,123.58664001569377,310.46123480326133,10.39452647471257,1.8787204346401214,11.833427462121122,中,True,False,False
1666,0.8346248171820313,0.789580263028634,0.0734342963653308,0.9552656104380244,高压尾部,1740.14473610254,320.75299136823503,201.96831512408664,-0.1368644585102508,0.056647471410015984,2.739426190441121,0.36,0.02752408235303666,0.14377683159094498,0.13438186078028522,114.11369444708558,108.08523548963032,105.68605349237276,102.82900651701773,124.5159916400932,102.82900651701773,109.80407079803324,159.58076060303938,308.1356073165426,10.18932282279667,1.8787204346401214,14.192024943207088,中,True,False,False
1667,0.10686921351203958,0.17364167575546474,0.0734342963653308,0.9552656104380244,缓和路径,1407.4187353437562,657.5102285486661,365.47890503414027,-0.32258355635945335,0.15035399970024543,1.80122620951873,0.22024705443842213,0.028927513751339413,0.26953299990511953,0.24286620809987627,93.35652632278007,92.61315839240541,90.6395649701822,88.49009899894752,101.2269399069938,88.49009899894752,91.82315813711017,0.0,74.0366771530953,4.743563688473508,1.0980714419365625,0.0,低,False,False,False
1668,0.7459657177030001,0.720401422912227,0.0734342963653308,0.9552656104380244,高压尾部,1687.9700395607822,332.8592291490381,168.92892368828046,-0.14019629019736524,0.06837997867643493,2.5820971964429718,0.36,0.02797372559764118,0.15909712398092157,0.1475980070970188,108.7855624218999,105.91599417102829,103.70256136553408,100.98994546518671,120.04382415128433,100.98994546518671,106.93730085880917,138.73533064894218,319.76562490419974,9.805674697873512,1.8787204346401214,9.719857454398209,中,True,False,False
1669,0.28344849468999295,0.23469974218754394,0.0734342963653308,0.9552656104380244,缓和路径,1423.940456428595,576.336639709121,275.0319733710323,-0.24516414025567704,0.15323963285343353,2.0073474658414123,0.27838838277695416,0.028641749906818427,0.2390201001175692,0.21654406372592605,95.74572908314776,95.55374875022954,93.07941879936632,90.41822669635938,101.77729790461684,90.41822669635938,94.14073739094668,0.0,257.07655466485994,5.366595512303125,1.3879428883792142,0.0,低,False,False,False
1670,0.07975713819256075,0.08414636794703995,0.0734342963653308,0.9552656104380244,缓和路径,1456.3665525742076,687.7831377766953,329.0462850354658,-0.31549046100063427,0.14652798711284268,1.65,0.19782226293128147,0.02477189579127946,0.2742179665203255,0.24690772393387456,92.41802046967848,91.59699492263773,89.38662474951663,87.04729085596283,100.92002039016627,87.04729085596283,90.74131590842612,0.0,187.72972753684553,3.8911925924636916,0.9862696146287777,0.0,低,False,False,False
1671,0.7135811167368649,0.7171046303948665,0.0734342963653308,0.9552656104380244,高压尾部,1664.94041358828,386.81735529334526,219.1623035155146,-0.1820010203321321,0.0693098286447673,2.744620334417131,0.35370986226657336,0.029332954562763934,0.16469318302786976,0.15242548253149132,106.88995442697718,105.37441580796437,103.24916651454144,100.55329568677634,118.47265994652936,100.55329568677634,106.1236283653651,57.00291070321873,371.6012130875412,8.65598124030753,1.8458942949276507,8.148693249643244,中,False,False,False
1672,0.3295120463237804,0.4280647206128313,0.0734342963653308,0.9552656104380244,缓和路径,1567.267323697184,540.7145580890843,301.4732460218459,-0.28958556484913867,0.10617424805867635,2.1238338607658305,0.25128125052054917,0.021842659284514395,0.23106031839525074,0.2096775081006399,96.66007908654898,96.99863466188081,94.65392658673346,91.95723844613346,101.95480051199898,91.95723844613346,95.40841356970006,0.0,208.881638642315,5.323966168044896,1.252796618752813,0.0,低,False,False,False
1673,0.06700604657059878,0.16080572449234343,0.0734342963653308,0.9552656104380244,缓和路径,1465.1308309270871,693.4683634841889,392.21773250908797,-0.31473679373524177,0.14492714809995919,1.744367591362647,0.20719788966449704,0.028460463992032385,0.2764213551526005,0.24880849095682162,93.53780627876712,92.59611880131783,90.48384125142282,87.97922390459352,101.46616372105522,87.97922390459352,91.78880043755706,0.0,156.8590443272642,4.207198784582699,1.0330130682120782,0.0,低,False,False,False
1674,0.8071768608094999,0.7544715515834494,0.0734342963653308,0.9552656104380244,高压尾部,1678.139511090088,222.37697422281306,164.04345989938648,-0.1352544816421645,0.08473406668277068,2.753480508355584,0.36,0.033979111136457685,0.14851983845211839,0.13847344539648684,113.21003039104392,108.02832941546531,105.59124367514494,102.73429292018776,123.71919307116332,102.73429292018776,109.49757305923929,166.12437462909838,213.62938413470886,10.557540792925819,1.8787204346401214,13.3952263742772,中,True,False,False
1675,0.4823610703927611,0.36520314462072967,0.0734342963653308,0.9552656104380244,中性附近,1535.5728916528676,495.434053962788,281.9440295909945,-0.18805021657283344,0.08745928507721837,2.3280117572177197,0.3414870960820159,0.021911915763527415,0.20464800703613087,0.1868927620527359,99.03228827938835,99.40794721053015,97.12643738293664,94.32659025596655,108.60981661560449,94.32659025596655,98.40909917041775,0.0,466.08129496824404,6.175660014726058,1.7576222944876754,0.0,低,False,False,False
1676,0.40613635493327827,0.42418388048366495,0.0734342963653308,0.9552656104380244,中性附近,1528.7212629547948,494.10906539621595,278.3581685956631,-0.2534354050067408,0.10342303245697236,2.1237100831486213,0.3073006331928363,0.02549267712960164,0.2178196378675295,0.198255351999887,98.55094000036954,98.84745486520758,96.35147888000003,93.43997790669772,105.64518449998768,93.43997790669772,97.33766545954643,0.0,313.5883909152635,6.501099386987107,1.5816657502050582,0.0,低,False,False,False
1677,0.29027738747055903,0.27428967114075453,0.0734342963653308,0.9552656104380244,缓和路径,1469.1508312589851,540.5470434578796,298.46486657868513,-0.26988981675348106,0.12612797116645458,2.238201564934492,0.2809487190645309,0.02392827227133608,0.2378400674450874,0.215526101140026,98.35669605559558,98.25464608767513,95.75794092964975,92.74541129933006,102.90232407846848,92.74541129933006,96.77325055084135,0.0,180.39253275237934,6.058714376043091,1.4007077908034962,0.0,低,False,False,False
1678,0.618922735614747,0.7033898302122013,0.0734342963653308,0.9552656104380244,中性附近,1633.7860393289493,403.81949671711374,220.2978115055613,-0.20660360558333749,0.09448106014978012,2.292064483607771,0.3447954838778134,0.02859443407918564,0.1810501512857717,0.1665359237875625,99.84118185421153,100.32786484865485,98.61010621303643,96.28428877143396,111.36312876716413,96.28428877143396,100.39988801681446,27.675564684319397,390.58203722139547,7.676922490273407,1.7746504522582636,1.0391620702780102,低,False,False,False
1679,0.35525444008205537,0.33743143069449677,0.0734342963653308,0.9552656104380244,中性附近,1563.0536475428041,543.5227298721406,296.6552377927616,-0.2541365330001633,0.13426083664350918,2.058921688533625,0.2905814016417162,0.033953536901088446,0.22661203275382083,0.2058401665930962,98.26125115467356,98.20774238158117,95.6487901032333,92.78131555312706,103.40579320294518,92.78131555312706,96.66196181812086,0.0,268.28106665287487,5.970595509447983,1.4956124426039632,0.0,低,False,False,False
1680,0.36017008700915276,0.4560526477980145,0.0734342963653308,0.9552656104380244,中性附近,1492.5944570266943,536.8355463751744,280.1282140888302,-0.2702330673536274,0.12442059706654253,2.064061358193555,0.27732706413173686,0.02476271160836612,0.2257626089648184,0.20510740583405773,97.28433377390857,97.43925203085632,94.99724181869973,92.21342746631521,102.83433094502035,92.21342746631521,95.86322128227224,0.0,241.0810952912343,5.982029684127558,1.4273928250152246,0.0,低,False,False,False
1681,0.7308864584912702,0.8001500602055925,0.0734342963653308,0.9552656104380244,高压尾部,1634.7622463102568,294.78992256796926,195.91092118064552,-0.17559019632713388,0.07484320982863542,2.637593231197342,0.36,0.02435229177735172,0.1617028199727085,0.14984582708685878,107.49544968921585,105.36336254186041,103.22198596038636,100.53410593638736,118.76971855419782,100.53410593638736,106.2254925289301,90.0482020814452,283.1938415719898,9.583314552035228,1.8787204346401214,8.445751857311706,中,False,False,False
1682,0.5769958846217341,0.39768522944084,0.0734342963653308,0.9552656104380244,中性附近,1572.2303467561496,428.37082772842734,235.86546359203422,-0.17076295888527016,0.08207639450405785,2.375710432030779,0.3467020993813361,0.021725737483080428,0.18829511113736433,0.17278583384281407,99.69756235440356,100.0879663557858,98.27611721825258,95.90090172481452,110.0798428089183,95.90090172481452,99.7656572924242,30.48167411004397,414.32856001401154,7.213958948213374,1.7844637364334366,0.0,低,False,False,False
1683,0.48810565651690196,0.5529790585878622,0.0734342963653308,0.9552656104380244,中性附近,1564.390689675428,504.8962134164158,223.85348473915627,-0.2474380778910939,0.08836195444609798,2.269217916476131,0.302761639055417,0.02764675911169665,0.20365534255387932,0.18603643381128246,98.45260355127401,99.12325816612368,96.96187246527519,94.21412999048779,108.05717057440843,94.21412999048779,98.0664945644126,0.0,397.0723118343394,6.354821130570106,1.5583037040779595,0.0,低,False,False,False
1684,0.24090404974333454,0.19513145145181285,0.0734342963653308,0.9552656104380244,缓和路径,1517.5996179684198,606.5468492003172,326.44224678407454,-0.2963281804452404,0.14766344495662542,1.7928507176785584,0.2649125964342267,0.026700315556582848,0.24637178020435177,0.22288603666139714,95.06348667176671,94.98950445312374,92.68455189323281,89.99303470614969,101.52051782233444,89.99303470614969,93.66547444863434,0.0,196.6169438017332,5.45517814025017,1.320757535193368,0.0,低,False,False,False
1685,0.6139672203760538,0.6114003049026288,0.0734342963653308,0.9552656104380244,中性附近,1684.8046767468916,410.2579171482214,207.02385276952,-0.1996165718562905,0.08589670007155624,2.750456295457427,0.36,0.028806147544908265,0.1819064643190179,0.16727462759635614,106.35211636527345,106.0580468354123,103.66996687470694,100.77209822462876,116.71100257925535,100.77209822462876,106.01179406195021,38.3573952294355,396.80940214288546,8.619555907883788,1.8529075718386598,6.387035882369233,低,False,False,False
1686,0.31200903950670733,0.3358673583223444,0.0734342963653308,0.9552656104380244,缓和路径,1518.337541485519,531.929081608951,297.4597711271761,-0.2741327367246617,0.11391019804410202,2.023812112278718,0.29672450425947045,0.021024509600190047,0.23408483797324095,0.2122866288839153,97.56310048585179,97.57907400714471,95.0650789734431,92.1451794482994,102.57906857315659,92.1451794482994,96.06822569642856,0.0,194.4489327830197,6.225529301643726,1.4793600989619782,0.0,低,False,False,False
1687,0.23677973561789406,0.2463413738665888,0.0734342963653308,0.9552656104380244,缓和路径,1502.6899725806913,611.4751083450218,319.4179022911477,-0.3015377357300927,0.1447855697351127,1.939741451721565,0.24022684530334076,0.02563976899989779,0.2470844616852279,0.2235008358107037,95.0556871620709,95.07573188900774,92.82843862612502,90.20334184341623,101.4623193322315,90.20334184341623,93.73895172828779,0.0,199.03257070591098,5.065446225576279,1.1976833882600764,0.0,低,False,False,False
1688,0.7251095017184714,0.7680925385788095,0.0734342963653308,0.9552656104380244,高压尾部,1622.1313413764565,360.0342118360396,207.41108531536491,-0.18761607900487734,0.06767860970422131,2.5773746981393715,0.36,0.02909358334590126,0.16270107810304812,0.1507069807239179,105.53456472276466,104.06903647103745,102.04311242459077,99.46445305200938,117.19883605958802,99.46445305200938,104.86313509530476,61.1942240704484,345.8716317674767,9.043510768305687,1.8787204346401214,6.874869362701901,低,False,False,False
1689,0.510410809447249,0.617011090338705,0.0734342963653308,0.9552656104380244,中性附近,1616.3788277212552,455.35986714610215,200.9632621534846,-0.20171738316753657,0.07930556487864554,2.3830447055953186,0.32091304528336356,0.02677656941047917,0.19980101212751533,0.18271147149521125,99.68527854518344,100.09316465962905,98.24453164039677,95.81998692502235,109.28878345384136,95.81998692502235,99.42809859472473,10.592942223764112,440.43288158367693,6.666001839865805,1.6517283652981865,0.0,低,False,False,False
1690,0.3819645660340328,0.35081801778063226,0.0734342963653308,0.9552656104380244,中性附近,1545.6496197068539,480.4961572067467,325.4976703862815,-0.2479377737663716,0.10662939898113742,2.0573480862650233,0.3131631293687986,0.032099221660584536,0.22199652298931913,0.20185856814698064,98.67982555971226,98.66878605942587,96.08557939412103,93.16381566048445,104.90158126214952,93.16381566048445,97.16432540610248,0.0,309.3895858661799,6.446524656749095,1.611839815633713,0.0,低,False,False,False
1691,0.18395187929575452,0.14691972968265446,0.0734342963653308,0.9552656104380244,缓和路径,1481.1327367873018,631.6212996759996,308.4028634941042,-0.31215437876172875,0.13398397235043552,1.9971316187476789,0.2464510754087785,0.026394257584330134,0.2562131152576936,0.23137572606850407,95.9325759003108,95.45940409983584,93.34866039979752,90.8933135738494,102.05270772391934,90.8933135738494,94.39878454080444,0.0,88.15056464298505,5.484199279307804,1.2287151282497426,0.0,低,False,False,False
1692,0.40945833158432954,0.305743900252885,0.0734342963653308,0.9552656104380244,中性附近,1575.9725300759997,477.9086547933792,281.3899767583324,-0.2622787939895519,0.12622946233314383,2.2543603109107178,0.2800370006668457,0.029011777627197956,0.2172456003022278,0.19776015489390408,98.96124633826913,99.32247410871176,96.89564803273512,94.01255402686634,105.60783572375156,94.01255402686634,97.79815783233785,0.0,284.72104974395734,6.036121878930994,1.441340774807184,0.0,低,False,False,False
1693,0.29436530470192285,0.36774783325702753,0.0734342963653308,0.9552656104380244,缓和路径,1502.5099311463064,543.6456620005117,313.4925679202283,-0.3075889142700563,0.12324638671286853,1.9182657205061293,0.24135701387007938,0.028020956997109114,0.23713367534750773,0.21491672756666616,94.05156112888741,94.54465388074915,92.60746566871453,90.09124145847748,100.67897612797668,90.09124145847748,93.12656724057696,0.0,177.26071090096957,5.134191776536663,1.2033179963181697,0.0,低,False,False,False
1694,0.2517062284202484,0.27830953894218674,0.0734342963653308,0.9552656104380244,缓和路径,1552.2035595228258,614.9084043318866,342.89380960886336,-0.3160907239702274,0.14403009067945352,1.864627668900648,0.2683918928254349,0.026837593767301233,0.24450516372898104,0.22127578825178681,96.32365559418092,96.18702144402553,93.96306544939416,91.09319558389889,102.06093454375866,91.09319558389889,94.87069156440275,0.0,181.2686367317492,5.887775056456142,1.3381040373518651,0.0,低,False,False,False
1695,0.35548082402920167,0.33225280726760553,0.0734342963653308,0.9552656104380244,中性附近,1600.066287892621,555.7447245418327,294.5071114154614,-0.2680514221151318,0.11978037944690217,2.064688501816402,0.26542349324567927,0.02652814126590633,0.22657291360775395,0.20580642021639234,97.48120595740286,97.66479173854607,95.28950899542606,92.5467456333339,103.46422913564321,92.5467456333339,96.14126250411165,0.0,373.3741593259474,5.521969021843348,1.3661255566077406,0.0,低,False,False,False
1696,0.1377824453130641,0.2030117253381432,0.0734342963653308,0.9552656104380244,缓和路径,1433.9210325411568,596.1120500919129,312.1399665947606,-0.3157559017425497,0.15037515170141627,1.934890201730251,0.251907965845343,0.02787136778815786,0.2641911934499025,0.23825806525829385,95.8764686080437,94.95390734270755,92.72851817094754,90.4522887649182,102.39998680207167,90.4522887649182,94.0766083245122,0.0,54.0553828227512,5.6763725540987275,1.2559211926642995,0.0,低,False,False,False
1697,0.32694734125631975,0.40283868639164155,0.0734342963653308,0.9552656104380244,缓和路径,1557.1479787024614,502.895121844921,274.3836660827425,-0.2667628998599654,0.12554724727080552,1.9933537182832894,0.26346332936075834,0.02556795374140753,0.23150349943090792,0.21005982100061293,95.57387842315651,95.85036142934047,93.6028423991036,91.01932832582492,101.87886092080626,91.01932832582492,94.35637731923062,0.0,315.4411680883568,5.177823390002451,1.3135320184246089,0.0,低,False,False,False
1698,0.6731551837262283,0.6281802939279025,0.0734342963653308,0.9552656104380244,高压尾部,1712.3306849284086,331.31915337475704,213.23204891885348,-0.18746260817144902,0.06535144965627568,2.6619547924725038,0.339507496851449,0.029617194460755,0.17167878425210772,0.15845165524019791,106.46367825630323,105.96889404709947,103.72988368452901,100.95297015171185,117.78992494514243,100.95297015171185,106.3479965837842,88.01930779010218,318.2861307239669,9.015757554177048,1.7717768668009275,7.465958248256314,低,False,False,False
1699,0.5954617124830893,0.6330585649694948,0.0734342963653308,0.9552656104380244,中性附近,1606.1381913402738,402.3021443995541,262.8793933295848,-0.2152652476756815,0.07243372084172012,2.314090235588223,0.36,0.025320782804067594,0.18510421608292213,0.17003318821129593,100.33208411245717,100.69480742388879,98.63077829101077,96.27779597311736,111.85506357309632,96.27779597311736,100.65661524207961,4.651162394422499,389.1144246762037,7.697799186008796,1.8529075718386598,1.5310968762101993,低,False,False,False
1700,0.5374302528881905,0.5393649984083142,0.0734342963653308,0.9552656104380244,中性附近,1581.8056485240986,456.8120057717952,267.5968995031361,-0.2321422943946306,0.08702068532624008,2.248274724807658,0.32274880995201205,0.026242803505214032,0.19513205230092068,0.1786837640178006,98.11227445084795,99.06531066277182,97.05604550848736,94.37106458444133,109.52886615969263,94.37106458444133,98.43065351574991,0.0,411.72322165969126,6.500919957969506,1.6611769826722214,0.0,低,False,False,False
1701,0.16617097332387756,0.08095295907043895,0.0734342963653308,0.9552656104380244,缓和路径,1450.7835848353468,609.2062671258092,324.1640625120692,-0.29366595998362494,0.11820457928159844,1.7380000530719535,0.2451320818178527,0.03218410787249215,0.259285655809634,0.2340262724461377,93.9273924357856,93.51532437855518,91.27207004790587,88.68213265859477,101.22772083168495,88.68213265859477,92.40393363341579,0.0,181.9008997362107,4.923247950106631,1.2221391075261696,0.0,低,False,False,False
1702,0.5899795561069194,0.59366301745561,0.0734342963653308,0.9552656104380244,中性附近,1658.7417934580901,433.45994209316433,232.50770270471168,-0.237927216869512,0.08848323408549927,2.3725598499601617,0.3372144828187962,0.02456898892734116,0.1860515327047243,0.17085039683651787,100.95732616215899,101.3956365925435,99.32400177800912,96.93557034752942,112.22277911033262,96.93557034752942,101.30482319256168,6.4285247954449005,419.25084997868873,7.630521109087365,1.7356313015239029,1.8988124134465068,低,False,False,False
1703,0.12816038497691812,0.24628461351484815,0.0734342963653308,0.9552656104380244,缓和路径,1461.226607092752,659.8192347748402,337.0528597947372,-0.35,0.14311896515055575,1.65,0.2506425437668796,0.02484886286104341,0.2658538854759885,0.2396923969627459,93.63448298997325,93.00835551357616,91.0240883312795,88.95648277447552,101.27373938349122,88.95648277447552,92.15300850706748,0.0,50.0,5.564686990960296,1.2496122599528063,0.0,低,False,False,False
1704,0.0,0.11436100660118616,0.0734342963653308,0.9552656104380244,缓和路径,1414.4091844012469,699.0988046519824,398.0372331864863,-0.3413103853792558,0.17,1.65,0.23269250570208022,0.02178359345366925,0.28,0.2587968815539125,94.0056794482134,92.35574188248447,90.09320796774074,88.01552697111185,102.34903517736673,88.01552697111185,91.88712075176589,0.0,50.0,4.935504375467776,1.1601199204030794,0.0,低,False,False,False
1705,0.47832509484245417,0.4989793147961054,0.0734342963653308,0.9552656104380244,中性附近,1573.6327096243742,456.54515986616286,293.6516522398966,-0.22666389786229602,0.1085610588946596,1.9124460285222904,0.3250862053228593,0.0212304329444678,0.2053454236112239,0.18749439283532954,95.3481651732131,96.45787351570375,94.55412897838156,92.03404930943702,106.87775412564272,92.03404930943702,95.39336675017678,0.0,414.3501466409689,6.091457152024368,1.6732074759528424,0.0,低,False,False,False
1706,0.1442181663326143,0.22539138085387694,0.0734342963653308,0.9552656104380244,缓和路径,1415.2193080393754,660.8938618484588,321.8359944184435,-0.3113138762053753,0.153639783805762,1.65,0.224091796479774,0.023245618657820287,0.26307910085772424,0.23729871160877739,92.11853065882649,91.81276615085005,89.94042916631307,87.52520504099935,100.35755348792657,87.52520504099935,90.82251647872306,0.0,150.83147547496264,4.530358098252717,1.1172399227500107,0.0,低,False,False,False
1707,0.1697822891644091,0.203993292433528,0.0734342963653308,0.9552656104380244,缓和路径,1488.8848614477542,667.6825936954936,352.7999745571222,-0.31972843175415505,0.15580546085284733,1.8085640310960025,0.25314404868028245,0.027791767583095827,0.25866162043239005,0.23348794441410428,94.8501197391899,94.40980479977436,92.40216337962528,89.98378440559986,101.60854229580684,89.98378440559986,93.40364539840104,0.0,97.11048726311492,5.530779467291327,1.2620838506139183,0.0,低,False,False,False
1708,0.8962902522959274,0.8949513271428732,0.0734342963653308,0.9552656104380244,高压尾部,1792.386037347501,286.75589513138675,153.74466970424913,-0.1523626225305456,0.0565542841730346,2.7355716357040727,0.36,0.0325874925807884,0.13312104440326372,0.12518957913137174,116.99543509463666,109.2811537074375,106.71919754898376,103.78246425130685,126.82376407165401,103.78246425130685,111.42129353460581,171.82081600962374,275.4758467598165,10.705359330091412,1.8787204346401214,16.499797374767894,高,True,False,False
1709,0.8442958233428687,0.7587733675470499,0.0734342963653308,0.9552656104380244,高压尾部,1720.1446426106597,317.96887384565525,190.18816135011826,-0.12601035419367318,0.06328505796898991,2.9107107454739536,0.36,0.025437132689098252,0.1421056817263523,0.13294023286839912,115.1970468186496,108.98546464992612,106.43062200533063,103.47551458594364,125.54215823418974,103.47551458594364,110.68728419120882,154.374138470841,305.46100796206343,9.946478805602696,1.8787204346401214,15.218191537303625,高,True,False,False
1710,0.6133760234152547,0.6080282472753032,0.0734342963653308,0.9552656104380244,中性附近,1642.7214908731225,376.1465998854836,240.1575654906955,-0.22927030856423686,0.08028552758507677,2.4256914509118124,0.36,0.027599220638125848,0.18200862315384397,0.16736275555594338,102.1514633940162,102.41984167142772,100.34383339639655,97.8403804459015,114.36439917215951,97.8403804459015,102.6213501223767,9.529064588585243,363.81627551799943,8.248960280628836,1.8529075718386598,4.040432475273391,低,False,False,False
1711,0.6795866540982226,0.6720555786791779,0.0734342963653308,0.9552656104380244,高压尾部,1702.8489149290078,366.1967142602129,228.5875220039317,-0.1834791060394168,0.07506807754287895,2.412991416827545,0.36,0.036167305879655026,0.17056742617182713,0.15749293522197672,104.19436409835686,103.85974191122662,101.79509869170319,99.19600459250726,115.54669800792901,99.19600459250726,104.27820636668407,72.58250374697127,351.79172130105275,8.915874954938236,1.8787204346401214,5.222731311042892,低,False,False,False
1712,0.48929824968158475,0.477924481476428,0.0734342963653308,0.9552656104380244,中性附近,1630.3819539344934,436.49145831511885,234.73094380913875,-0.23076866926220888,0.08770042406011226,2.3155987250610015,0.3376285413136334,0.02500058137744224,0.20344926245502215,0.1858586575215006,101.44127859378645,101.4780407301539,98.89689817914861,96.36775217594968,109.70904642353037,96.36775217594968,100.52723538943852,2.313137917091808,422.1829911741154,7.402399910276653,1.7377624463024255,0.0,低,False,False,False
1713,0.3904432129608964,0.43488698086834204,0.0734342963653308,0.9552656104380244,中性附近,1570.8506569870788,493.9835301881347,235.32399964124653,-0.2857584048140763,0.10491329247306858,1.875887238349786,0.30710188334747596,0.018,0.2205314128003571,0.2005946816535265,97.42487970218284,97.7993026545989,95.36212938628317,92.5204981403974,104.79746850016573,92.5204981403974,96.25644194497032,0.0,339.8133217884715,6.715328855425442,1.5806427916123638,0.0,低,False,False,False
1714,0.7441008714884113,0.6825989126461449,0.0734342963653308,0.9552656104380244,高压尾部,1701.8420387081399,355.3809785526526,178.6157874068527,-0.19667552119694412,0.07912193306943728,2.739661397243925,0.36,0.027162279053247872,0.1594193694068025,0.14787599413472882,109.9776013859954,107.03830383492962,104.735964906045,101.91372099757744,121.01349818143105,101.91372099757744,108.01829526399086,77.65479837441126,341.4014416138456,9.68486697149217,1.8787204346401214,10.68953148454493,中,True,False,False
1715,0.6188363462193116,0.6341088621945608,0.0734342963653308,0.9552656104380244,中性附近,1645.476965475987,394.8921305471441,244.55065352424955,-0.20790818855696677,0.07360742715796895,2.2523362774441202,0.3406567439724999,0.021406467224494265,0.18106507937330293,0.166548801595898,99.27953042892737,99.8453577459739,98.18935000008743,95.91039344440382,111.04017930349313,95.91039344440382,99.93118677058237,26.04488307957763,381.94731578264646,7.4842520918134445,1.7533485008459688,0.7162126066070158,低,False,False,False
1716,0.6921560242526734,0.696473566480355,0.0734342963653308,0.9552656104380244,高压尾部,1700.3191278115644,406.7002522908655,219.0801188511914,-0.1721793644306912,0.10073643877857769,2.657842125996934,0.36,0.02634683059692446,0.168395439009138,0.15561925687371314,107.05840937380884,106.27599454675043,103.96340575843544,101.13344796535713,118.49527376198745,101.13344796535713,106.75164286503957,86.73617476038453,390.7019812998931,9.254754028329609,1.8787204346401214,8.171307065101331,中,False,False,False
1717,0.759413891088164,0.733019804298115,0.0734342963653308,0.9552656104380244,高压尾部,1693.7754600276078,404.0698480105979,238.47149873326532,-0.15720412075238405,0.04826083271816559,2.7018197058090787,0.36,0.03036803664408251,0.15677327961996523,0.145593328184245,109.17493054633458,105.8545657101762,103.68639117705396,100.9789630676695,120.04929172997998,100.9789630676695,106.97119353051448,92.02570089311848,388.17504860651167,9.048814195098661,1.8787204346401214,9.725325033093867,中,True,False,False
1718,0.18831567817718467,0.2729660698353084,0.0734342963653308,0.9552656104380244,缓和路径,1505.4550339452023,618.8189572161335,340.01466461051433,-0.2804624590926102,0.15071558036262891,1.9658635090327663,0.24538283015548187,0.02627020510928336,0.25545905081098247,0.2307252276441723,96.31039018078286,95.79704862005094,93.13352246849603,90.36789299714908,102.24896056609235,90.36789299714908,94.48303651042333,0.0,214.92244366865816,4.9675153450665075,1.2233892472357137,0.0,低,False,False,False
1719,0.20094078818232025,0.030158621585276078,0.0734342963653308,0.9552656104380244,缓和路径,1408.6803194185056,649.3995332590779,323.7750199413195,-0.32170088963368393,0.12270662418776401,1.9886736231991216,0.2339211751353443,0.026492551066802594,0.253277431802095,0.22884324032337636,93.76606636358984,93.7434669331706,91.96289676567486,89.9208573539538,100.89708660340102,89.9208573539538,92.69080715999299,0.0,50.0,5.227424266172884,1.1662456178372071,0.0,低,False,False,False
1720,0.332554621422182,0.2417437569465496,0.0734342963653308,0.9552656104380244,中性附近,1550.1441252812783,523.8624939889705,285.227335686395,-0.28613208235093346,0.1390180569834809,1.9554404276818351,0.27674956826412395,0.026408825141646584,0.23053456141824694,0.20922396054696057,97.4504397560369,97.50607414706359,94.96020155248169,92.12171461379623,102.50470202816076,92.12171461379623,95.90696317875216,0.0,284.9264550638618,6.0339775358503935,1.4244204737213204,0.0,低,False,False,False
1721,0.053686569390762134,0.07629840747382323,0.0734342963653308,0.9552656104380244,缓和路径,1455.1368346791653,662.7128669392494,356.93556790898276,-0.340490929352264,0.16075562198808488,1.65,0.18451983713717407,0.02913116079905361,0.2787229608092763,0.2507939855118701,91.64177116012449,90.87680209034666,89.04525839360788,86.85390785032719,100.541942140869,86.85390785032719,90.16974817233628,0.0,119.95982007747625,3.775751803560428,0.9199485738764548,0.0,低,False,False,False
1722,0.7284701293885082,0.6673970019564093,0.0734342963653308,0.9552656104380244,高压尾部,1750.3489224784803,303.92520601184873,217.88120245898452,-0.1841990867038078,0.06214645538822039,2.736515217399899,0.36,0.027619286787982717,0.16212036164166577,0.15020602202634198,110.75606739854949,108.25118715719631,105.79210148501114,102.82828420781283,121.99464924152852,102.82828420781283,109.07342820837404,104.80160720019921,291.9697725461049,9.967950864030529,1.8787204346401214,11.670682544642403,中,True,False,False
1723,0.40167576654002657,0.40829137586301517,0.0734342963653308,0.9552656104380244,中性附近,1528.0874963098775,509.0248842015885,271.39617428665247,-0.23127997731879665,0.09955091652526704,2.0542687628568457,0.32838812781902793,0.02565763928063704,0.21859042754188338,0.1989202785467428,98.72072615945484,98.70835396498913,96.10405851586319,93.16454887641146,105.66706428325831,93.16454887641146,97.25073476315598,0.0,353.5593825502492,6.523892648902789,1.6902023570494402,0.0,低,False,False,False
1724,0.5583367739743289,0.5200359549789213,0.0734342963653308,0.9552656104380244,中性附近,1637.8767130434321,384.8427534267862,210.59497824714455,-0.21812890876058658,0.09095689572837748,2.6855707444690164,0.3566429921425707,0.02877323028015192,0.19151940545723597,0.17556729156012998,105.20240331431499,104.92142443649465,102.59145656176484,99.74167432682407,114.52548322667245,99.74167432682407,104.65381921820152,16.714403044728897,372.2273636248508,8.428854716797415,1.835629168289347,4.201516529786332,低,False,False,False
1725,0.6964887803489196,0.677901886099257,0.0734342963653308,0.9552656104380244,高压尾部,1684.4738357330336,360.57711995904947,196.85594800081822,-0.17095193877642065,0.07185379931130584,2.358260466329333,0.36,0.028620879486309404,0.16764673875570668,0.1549733859043576,104.38653285383451,103.74261725068374,101.69000595379289,99.13175545915907,116.02086846736096,99.13175545915907,104.32097159909425,103.01450684129486,346.3931836429155,9.434933589743194,1.8787204346401214,5.696901770474838,低,False,False,False
1726,0.5852067590004094,0.44209298941894265,0.0734342963653308,0.9552656104380244,中性附近,1681.9235906334077,446.3953581777797,241.7018947655726,-0.20469551394533791,0.09912237660779785,2.3878266157258357,0.36,0.02809158990856479,0.18687627204472926,0.17156186340081162,102.10215195352406,102.2720461366485,100.26677993586728,97.68115752647012,112.57776547320908,97.68115752647012,102.14922959583178,19.875402831530664,431.76223491108783,7.860255052511277,1.8529075718386598,2.2537987763229665,低,False,False,False
1727,0.012876758593093285,0.07994090794367087,0.0734342963653308,0.9552656104380244,缓和路径,1400.0,696.7220761049923,392.8056508620117,-0.35,0.14678971408360655,1.6756088871446633,0.22653262482175962,0.023184079079340916,0.28,0.2568773817321054,94.0190985760721,92.45242749184435,90.21248902942956,88.14190268062666,102.2409128324679,88.14190268062666,91.94734931614258,0.0,50.0,5.038922006492506,1.1294090021678382,0.0,低,False,False,False
1728,0.6169465274243832,0.5846059235266096,0.0734342963653308,0.9552656104380244,中性附近,1612.458811459699,426.76696155067276,259.99584487852326,-0.19516115827945227,0.08663646561439908,2.5745461168688215,0.36,0.02744354909627731,0.18139164006106656,0.16683051122133577,102.08226127972122,102.34387637822228,100.01520204897994,97.49185409910729,113.96740094421891,97.49185409910729,102.40515728975633,0.0,412.7772695878915,7.27988286433997,1.8529075718386598,3.6434342473327916,低,False,False,False
1729,0.1735854291502661,0.1746221296187814,0.0734342963653308,0.9552656104380244,缓和路径,1458.9981740080216,658.9343201509993,326.111378633753,-0.30947104894729,0.15079209710891897,1.98824249371467,0.22108257407363552,0.02554820245170527,0.258004437842834,0.23292102173147547,94.54935927758761,94.23882267371046,92.31164176168214,89.8283490586051,101.41643837964675,89.8283490586051,93.1948532864221,0.0,119.04412153801604,4.762872477553896,1.1022370379439383,0.0,低,False,False,False
1730,0.36624536105425765,0.401308120561823,0.0734342963653308,0.9552656104380244,中性附近,1620.9422322268983,603.7947068797564,273.76843100241774,-0.2354189940022215,0.12368953033077702,2.039654167442915,0.3139013733061738,0.025416439012795642,0.22471280160982424,0.2042017829350416,99.30291440007719,99.09067161410137,96.39600840914481,93.41894095648053,105.15300432921964,93.41894095648053,97.5853664666871,0.0,425.4009952071483,6.1403182072175415,1.615639531693231,0.0,低,False,False,False
1731,0.10962381746860436,0.16557622687409518,0.0734342963653308,0.9552656104380244,缓和路径,1481.7518283480392,700.0,351.4065106493081,-0.30538583538013425,0.14830169291709663,1.65,0.23180497054481886,0.024953624376219403,0.26905700434142515,0.24245558754148427,93.64045401594241,92.83965864481476,90.64355051308785,88.07796991709309,101.4218012987737,88.07796991709309,91.92987525876967,0.0,171.62716814100168,4.607765181677863,1.1556949939840255,0.0,低,False,False,False
1732,0.3515502000146492,0.4402477406339661,0.0734342963653308,0.9552656104380244,中性附近,1571.2672446378017,571.5862457439566,300.49533166612247,-0.24324570998747963,0.11642472083285506,2.131328713926962,0.292937536957838,0.028084903831955565,0.22725212543746862,0.20639234656120795,98.95937908490305,98.79940330956688,96.17702169051114,93.2580635399037,104.24740978847552,93.2580635399037,97.28630078526903,0.0,371.09813439943355,5.920118106920969,1.507739389735959,0.0,低,False,False,False
1733,0.6011397182212378,0.587611113406136,0.0734342963653308,0.9552656104380244,中性附近,1596.1345584178914,441.57485958212453,198.69052070621024,-0.19975892047693555,0.07098046887730795,2.2694005563442903,0.34061286535710456,0.024770004863414935,0.18412305669137008,0.1691867849084926,99.19659512716281,99.72026018854211,98.05416494230403,95.78505275062355,110.45530341223858,95.78505275062355,99.64809889286002,34.88339586377515,427.0997553200323,7.6602891460054865,1.7531226591273361,0.13133671535246094,低,False,False,False
1734,0.49417016261819213,0.4511584192437376,0.0734342963653308,0.9552656104380244,中性附近,1597.9180957621475,452.182121615638,231.0123169562229,-0.20934189681124793,0.12234210663136526,2.220281609584472,0.3242145616025913,0.02532640211872876,0.2026073958995764,0.18513241605738762,98.13541811623087,98.79070732824796,96.90818434995629,94.62689184281435,108.54612142449383,94.62689184281435,98.00422779830382,5.689549228978649,437.3593045693176,6.631233808699718,1.6687211558160917,0.0,低,False,False,False
1735,0.18098919377977724,0.2683415298551921,0.0734342963653308,0.9552656104380244,缓和路径,1462.3240748031778,496.5853945462858,279.7946034607246,-0.32207746746613264,0.14318413055081597,1.9989760115011903,0.2377633542153485,0.027100408326370118,0.25672506731485445,0.23181736472149853,95.90350167853853,95.29633945272296,93.13827164324289,90.63512935237857,102.16304213825661,90.63512935237857,94.27941172883554,0.0,93.01912651746534,5.396038676692309,1.1854013206606395,0.0,低,False,False,False
1736,0.5400503455025886,0.39935957602897737,0.0734342963653308,0.9552656104380244,中性附近,1602.1776599443388,431.64216240789574,244.59195340596818,-0.22176737780419364,0.09886737363148239,2.0947449059441676,0.3183376047953048,0.024756624817631363,0.1946793002971527,0.17829319466215915,96.26592936062875,97.27573397215575,95.72104498918348,93.65438310512121,108.75774654297285,93.65438310512121,96.82297095143261,4.570069563182187,417.4926582656491,6.5343136457149065,1.638472662017231,0.0,低,False,False,False
1737,0.5680703665870099,0.5398078396317993,0.0734342963653308,0.9552656104380244,中性附近,1580.0955628508586,388.3675160743514,225.5955307251915,-0.2169619532438258,0.09925068281639692,2.427034009702659,0.32116742819375427,0.025575585115175974,0.18983744065376465,0.1741163340733906,99.61523343434064,100.17005075830127,98.48291149432542,96.14429904497699,110.44440413548455,96.14429904497699,99.94097162451773,17.1873659907651,375.6365823148842,7.227826645640336,1.6530376653559897,0.12043743859842948,低,False,False,False
1738,0.21946075390521388,0.31769262945583226,0.0734342963653308,0.9552656104380244,缓和路径,1495.2087099689322,621.3387763392161,309.6655974837293,-0.27236599894928987,0.13830482596655094,1.8902102055783738,0.22732266840869877,0.029253285079052848,0.250077181725179,0.22608252452304786,93.89693256425987,93.8614259945315,91.55245489516705,89.11263503900894,100.84776846119375,89.11263503900894,92.52722068631141,0.0,223.07998276530088,4.352272352832637,1.1333478711934195,0.0,低,False,False,False
1739,0.4450405322315594,0.463471946199291,0.0734342963653308,0.9552656104380244,中性附近,1603.6738705340058,518.2095802101089,266.32873223868233,-0.27235652771301133,0.11210267273088032,2.2517267466438033,0.28289771778487166,0.023775475169582637,0.2110969960303865,0.19245602285569877,99.16212199643672,99.63843056065794,97.27424816602117,94.39978450711087,106.8439578897513,94.39978450711087,98.25432391588053,0.0,350.26799212595506,6.24208393869816,1.4560647870540695,0.0,低,False,False,False
1740,0.2389510642714515,0.33151749781155543,0.0734342963653308,0.9552656104380244,缓和路径,1463.2858277351395,612.4484524718902,301.0179686566675,-0.2945067219524513,0.14721843145884114,1.8247642198755931,0.2813624402698251,0.024246983738962773,0.24670925609389313,0.22317716235410698,95.27647242291603,95.12846469694634,93.18490738298874,90.42303901445756,101.65942868713711,90.42303901445756,93.94771219709209,0.0,133.77681170419237,5.983160770531491,1.4027704537599452,0.0,低,False,False,False
1741,0.3975747028485216,0.253291905555007,0.0734342963653308,0.9552656104380244,中性附近,1574.5243629897982,548.5625462205102,264.8945455798805,-0.24536608531416926,0.10176299546039339,2.3833981677995646,0.268429954342549,0.033590506471562274,0.21929909134777545,0.1995316118235261,99.35435825415085,99.57916625204182,97.14912039162652,94.27924326480145,105.72518456811319,94.27924326480145,98.08067674785283,0.0,374.42260256103145,5.59395774817721,1.3815997080822635,0.0,低,False,False,False
1742,0.0,0.07766888748987555,0.0734342963653308,0.9552656104380244,缓和路径,1400.0,700.0,382.3418804472667,-0.321111133242564,0.17,1.7061987234105325,0.2146518737628986,0.02443416565149887,0.28,0.2587968815539125,93.45262868386342,91.93078801117129,89.75674639474671,87.70368022540335,102.0159010644489,87.70368022540335,91.45529966925966,0.0,59.01133455947456,4.484351487816285,1.0701759128547628,0.0,低,False,False,False
1743,0.7386942915278583,0.6466761121645931,0.0734342963653308,0.9552656104380244,高压尾部,1623.056700056242,344.8804579044126,202.0320162898866,-0.1691498334139724,0.0626179400928851,2.5777903744240924,0.36,0.018965389177994393,0.16035362642398607,0.1486819368101187,106.00764500987012,103.894861325656,101.8850946084031,99.33918737238069,117.49169461680674,99.33918737238069,104.83832658582149,76.38981503193281,331.31397744622143,8.991247341106181,1.8787204346401214,7.1677279199206225,低,False,False,False
1744,0.890198121462058,0.9441722779774179,0.0734342963653308,0.9552656104380244,高压尾部,1686.4815970249383,245.36870523121388,163.22843349178277,-0.1255480301625014,0.05958811187671104,2.5653745573268596,0.36,0.03160922120370446,0.13417376461135638,0.1260977148213823,114.01495224532542,106.64455401798321,104.38695624884832,101.72391322771205,123.7249653244222,101.72391322771205,108.81957220605776,192.47530478597037,235.7166948946539,10.833038092931066,1.8787204346401214,13.400998627536083,中,True,False,False
1745,0.3768747870260296,0.3895272328402666,0.0734342963653308,0.9552656104380244,中性附近,1527.4444971097148,516.345125293618,261.17835811083813,-0.25149530819735044,0.09980225362478305,2.211897890312017,0.2533166601779031,0.02750397295801857,0.22287603680190207,0.20261728625358083,96.35441509908017,97.0003950006197,94.92323147278668,92.34897522243503,103.79094273406133,92.34897522243503,95.49272811160444,0.0,341.6759346930212,5.176561526310992,1.303812104768104,0.0,低,False,False,False
1746,0.4246301213715739,0.2290184529330927,0.0734342963653308,0.9552656104380244,中性附近,1598.168916575114,474.96373928497115,229.59382427446457,-0.22917254213267232,0.10948819571222236,2.1546026201004915,0.29163908074376405,0.034346507769277945,0.21462391502699202,0.19549854164841463,97.44265211856637,98.00015411949471,95.82432240105867,93.36841883938304,106.37366311897907,93.36841883938304,96.67078105500013,0.0,459.3941263469309,5.820877111786358,1.5010562804282963,0.0,低,False,False,False
1747,0.1740579999805915,0.11589110224122796,0.0734342963653308,0.9552656104380244,缓和路径,1421.582063077684,562.1400230938575,328.20290609607395,-0.29376124812062854,0.14322284207697955,1.8261197376653484,0.2469583804059947,0.02647692484298744,0.25792277760335375,0.23285057701372738,93.98205320082378,93.6147262445795,91.68631958463844,89.16152829833874,101.19522154273854,89.16152829833874,92.5976677726449,0.0,114.83894182757467,5.107322005604758,1.2312443658425682,0.0,低,False,False,False
1748,0.5032618429255433,0.4284646719679828,0.0734342963653308,0.9552656104380244,中性附近,1544.8991453753022,466.80646679759667,276.17747417846243,-0.2210727914752985,0.11242574296237688,2.27984263366264,0.3248562055225888,0.02404207373677723,0.2010363535424661,0.1837771465146901,98.66900371654012,99.27675282765102,97.0655035849027,94.28356842009157,108.7402231308758,94.28356842009157,98.32952967627968,0.0,398.89002284427625,6.425531600061436,1.6720236749210577,0.0,低,False,False,False
1749,0.4624200228911226,0.3469950439533619,0.0734342963653308,0.9552656104380244,中性附近,1571.3493396854587,426.23928777443786,289.8741033810288,-0.2323547008025621,0.1065422976507644,2.408570356291198,0.3459354276054351,0.021959450985094803,0.20809382004441399,0.18986531425594116,103.07040724664583,102.68584907332036,99.75306179000982,96.46095923902321,109.37178030523101,96.46095923902321,101.44500854306196,0.0,335.9858272439342,7.3621365651987505,1.7805177032704311,0.0,低,False,False,False
1750,0.676042661602094,0.6542399697263412,0.0734342963653308,0.9552656104380244,高压尾部,1698.2618359350129,380.1149338196301,218.0801384684097,-0.19395782400711364,0.07432094593790299,2.7221701343737488,0.36,0.026014644161679333,0.17117982807515814,0.15802122756477588,106.6745422827468,106.10876999991429,103.80447350858107,100.97449881015946,118.7546162442087,100.97449881015946,106.5647753553634,45.400146246616714,365.16244317152297,8.742717585915079,1.8787204346401214,8.430649547322588,中,False,False,False
1751,0.22464607671776576,0.356858614331132,0.0734342963653308,0.9552656104380244,缓和路径,1483.1950791753916,640.7909462599954,306.5725076565096,-0.30920217563546,0.12964976175134577,1.9200257753203918,0.2722814730804258,0.02069796680903669,0.24918115794317006,0.22530956398777433,96.20819666551895,95.8430740518181,93.73554845357461,91.17830965600142,102.1552594969572,91.17830965600142,94.72223228587535,0.0,97.1643033541186,6.073122159028474,1.3574960651363726,0.0,低,False,False,False
1752,0.5084254721109781,0.5208883820359602,0.0734342963653308,0.9552656104380244,中性附近,1513.2600585555067,427.62210725555457,230.43598175537107,-0.24572478559833474,0.08180618992361421,2.433996008980922,0.3145628806226884,0.02263881115463258,0.20014407841922296,0.18300741978341192,99.87396646711638,100.54090889220966,98.23404135300743,95.31911786697529,109.08422599283583,95.31911786697529,99.56913942784722,0.0,311.1094492121647,6.895747486791888,1.6190442870143327,0.0,低,False,False,False
1753,0.6815492228862976,0.6203800833775538,0.0734342963653308,0.9552656104380244,高压尾部,1700.2138237427876,320.9456958732118,207.726764488703,-0.16538797235258662,0.0814616190019486,2.5772333752690555,0.33287940858437953,0.023424478291791437,0.17022829428524777,0.15720038097303593,105.21409271355012,104.82570973270585,102.69785246620181,100.02691650741833,116.40004695114796,100.02691650741833,105.2082182984624,109.0903744204752,308.3207314502891,8.791991297517926,1.7371870754955339,6.076080254261839,低,False,False,False
1754,0.13831974256387275,0.20671912069929949,0.0734342963653308,0.9552656104380244,缓和路径,1461.794456330642,619.3273266542787,301.71381264859207,-0.2952284733082587,0.1511702945995816,1.848841245802995,0.28842768709998334,0.028577474014462846,0.2640983484849628,0.23817797196697924,97.69363355934522,96.46362855650985,93.9991423629143,90.96295225722939,103.3683847567108,90.96295225722939,95.51391693604461,0.0,137.90795638182135,6.257558780532081,1.4379951962392987,0.0,低,False,False,False
1755,0.6619896734524504,0.7099617313172472,0.0734342963653308,0.9552656104380244,高压尾部,1651.0500937331965,420.3280355102971,255.8875678815141,-0.18405414493133934,0.07918103396579833,2.324138106513099,0.36,0.02660739360626839,0.17360818442741655,0.16011606440232956,102.06468249207008,102.0516512350932,100.16896443538748,97.73066531862672,113.29303423190395,97.73066531862672,102.38414127634536,58.43624251444999,403.7936916555322,8.563637997740043,1.8787204346401214,2.969067535017828,低,False,False,False
1756,0.565397290584264,0.6178519709328126,0.0734342963653308,0.9552656104380244,中性附近,1629.4464820616176,488.49405703620977,239.5180587691051,-0.2104743853019173,0.08020427021318802,2.3713612059606004,0.3484809786558737,0.026947456536227904,0.19029934818703917,0.17451480150398294,100.7581562523384,101.09087912262795,98.77304853937372,96.26301384469163,111.09685797165426,96.26301384469163,100.67544273355881,0.0,472.4809116916059,7.104546262611393,1.7936195666478185,0.772891274768142,低,False,False,False
1757,0.7787429530932098,0.7645821204801518,0.0734342963653308,0.9552656104380244,高压尾部,1691.5694571484848,305.9930948218174,160.3700348591548,-0.17253620044662643,0.07457546167841078,2.724510982480996,0.36,0.026306306294580462,0.15343321770549334,0.1427120028253706,111.07731554621806,107.04269773239515,104.72640996031885,101.92643000309613,122.000136169062,101.92643000309613,108.28518322463714,109.38298497787764,293.9563173063103,9.930603256374138,1.8787204346401214,11.676169472175886,中,True,False,False
1758,0.5223131864156288,0.41525341730009646,0.0734342963653308,0.9552656104380244,中性附近,1643.456048346977,491.6643175515319,240.47322201885535,-0.22097620312793956,0.10772802369715449,2.2265285188430157,0.36,0.028797137228081023,0.19774428138737932,0.1809372198227337,100.69496458342059,100.98208287185365,98.54254743659617,95.76367651515973,110.4031158641857,95.76367651515973,100.27288809502129,0.0,475.547249054372,7.285174944786539,1.8529075718386598,0.0791491672995761,低,False,False,False
1759,0.6126942325529311,0.6573465741736634,0.0734342963653308,0.9552656104380244,中性附近,1672.2279761749978,371.5681947178943,217.34652673968554,-0.23440144379312297,0.1001193638892786,2.58236169731277,0.3468287844329529,0.029750325768310982,0.1821264366148535,0.16746438807699118,103.66130158311798,103.80284310671541,101.38863138961676,98.80827542723658,115.51080890155775,98.80827542723658,103.87719533744165,4.519050612207138,359.3879533787276,7.998463127256146,1.785115780020602,5.186842204671635,低,False,False,False
1760,0.32954516671259765,0.5318565718624794,0.0734342963653308,0.9552656104380244,缓和路径,1559.8899174313658,580.2645671841864,306.2161731229829,-0.27253557719039234,0.1257061204584098,1.9313114268140208,0.29896088932323006,0.03206834304782953,0.23105459519206312,0.20967257094351505,97.38805758535825,97.21672157018594,94.60268114662176,91.75803201846738,102.4094494017404,91.75803201846738,95.68557236843394,0.0,265.65979712064654,6.081072179016763,1.4905098987990266,0.0,低,False,False,False
1761,0.7679602609958877,0.7473743091021743,0.0734342963653308,0.9552656104380244,高压尾部,1769.9141927393846,305.16119484551336,202.35710169370853,-0.1654227791010902,0.07406153377411856,2.5376608627468262,0.36,0.02761778100824685,0.15529646689991058,0.14431934642894736,110.11409843532117,106.55867542211867,104.26297276849809,101.50125094454543,120.9470423358938,101.50125094454543,107.69009262360409,130.31293196564002,293.1571415813027,9.909009271909063,1.8787204346401214,10.62307563900768,中,True,False,False
1762,0.49672672523312617,0.5079439253169806,0.0734342963653308,0.9552656104380244,中性附近,1520.725070777549,473.82160377830263,211.24322605600491,-0.21434638966334474,0.10072391046963142,2.344505676519612,0.3298255435313525,0.025806305076644106,0.2021656218797158,0.18475131692841607,99.07729622327936,99.63329468858285,97.37122859461262,94.5451248246967,109.04647718453403,94.5451248246967,98.68067159825995,0.0,431.8614643783967,6.503103273382024,1.697600686097346,0.0,低,False,False,False
1763,0.4039883424757983,0.44490151274587747,0.0734342963653308,0.9552656104380244,中性附近,1542.0639235204399,534.5230282803947,274.7642969547961,-0.2338059212378358,0.10354089110291903,2.192167162178527,0.28174898621450556,0.02825953987362591,0.21819081442018204,0.19857554978099504,97.48425381881539,97.87742908625687,95.60189928304335,92.88326902535674,104.86024811470291,92.88326902535674,96.41229541529323,0.0,344.7554558943648,5.562564736762349,1.4501523053186764,0.0,低,False,False,False
1764,0.7868885544531548,0.6993779142452358,0.0734342963653308,0.9552656104380244,高压尾部,1778.4332973328392,300.09750848592137,178.14505523951976,-0.1384643382840191,0.06099493560971168,2.9684518629905674,0.36,0.027753378000782893,0.15202565779049484,0.1414977624366976,116.61156192829512,111.50528018632373,108.70103297558494,105.48460892633794,127.39178038629127,105.48460892633794,112.80027764899118,176.61134255483012,288.29264424639837,10.700243457740191,1.8787204346401214,17.067813689405156,高,True,False,False
1765,0.428977381735788,0.4472144183398734,0.0734342963653308,0.9552656104380244,中性附近,1546.7850622359747,476.5053793162869,256.53293346540477,-0.22441928804980013,0.08749212271767676,2.24470015101628,0.3163426554392478,0.029044843148132174,0.21387270843605583,0.1948505085712912,99.29848139910594,99.45512666636895,96.96755642591097,94.05607444028982,107.21708377751952,94.05607444028982,98.10856959482214,0.0,424.97409681083263,6.273778057502356,1.6282047265525845,0.0,低,False,False,False
1766,0.2685260805767054,0.2306414376113179,0.0734342963653308,0.9552656104380244,缓和路径,1485.1043834309364,540.5470479751697,281.2664448372719,-0.2669977142013268,0.1422878928540143,1.9711445367530416,0.26756119071870216,0.024040625667226475,0.2415986932763453,0.21876850328688444,96.07840367522222,95.78929753496335,93.2872688177972,90.61269187567146,101.97386247969168,90.61269187567146,94.40653493523422,0.0,249.7700786596015,5.337790247963363,1.3339624597835036,0.0,低,False,False,False
1767,0.24421351499689387,0.24800144196416138,0.0734342963653308,0.9552656104380244,缓和路径,1530.1018076919165,604.3816926745253,333.03992798256076,-0.2832032449179106,0.13250477500633778,1.9044709069126797,0.2809666992911046,0.020856254018172222,0.24579990460853673,0.22239270459195143,96.83820734587245,96.61798180242036,94.04109826122131,91.15931190107511,102.34746063809918,91.15931190107511,95.1925859564777,0.0,206.3960298858874,5.812602516402251,1.4007974336519353,0.0,低,False,False,False
1768,0.6869251597689526,0.6128048349890854,0.0734342963653308,0.9552656104380244,高压尾部,1692.6498371316936,370.5868316453593,239.28976024792155,-0.17565984276160926,0.07424910520530172,2.208585451002233,0.36,0.02475989586983403,0.16929933239192496,0.15639900616945474,102.50121684801226,102.23661882741166,100.38261290874053,97.95600215893512,114.22131203261716,97.95600215893512,102.7816839241564,94.69550067612363,356.0091456838857,9.158733090303901,1.8787204346401214,3.897345335731046,低,False,False,False
1769,0.539933599190438,0.5686196899773849,0.0734342963653308,0.9552656104380244,中性附近,1667.2458539616675,430.91957358228336,222.64044489966827,-0.19683279296701106,0.10234450109431942,2.542461353053445,0.3487351380153792,0.03229613328761988,0.1946994740598923,0.1783105976851132,103.60399753935654,103.52073671979876,101.27058559872081,98.52448677812696,111.71849236036822,98.52448677812696,102.96992888048615,27.023174726935395,416.7937563605268,7.781488613751368,1.794927716096934,1.3945256634820993,低,False,False,False
1770,0.24467204865324144,0.31005255716073793,0.0734342963653308,0.9552656104380244,缓和路径,1447.7150619439935,573.4563157400709,330.1626851548875,-0.27215993693808543,0.13087624743413812,2.1548247557063203,0.25638077282784466,0.029806986912433026,0.24572066999271985,0.22232435235366965,96.51090405729786,96.4152496274457,94.16080469749622,91.34652085608559,102.08827680548424,91.34652085608559,95.07427970184308,0.0,167.18721866223677,5.37631644090833,1.27822097608389,0.0,低,False,False,False
1771,0.4967845966637028,0.6352969182768253,0.0734342963653308,0.9552656104380244,中性附近,1596.3160232661623,409.8310760684843,258.3798535432073,-0.20195179453490267,0.10382730929673839,2.2754538693399256,0.3199736281992237,0.027013655588781646,0.20215562169651213,0.18474269020765582,98.52151151778222,98.97791937072537,97.2200318304799,94.89275156427058,108.53278734855193,94.89275156427058,98.25887993689231,11.166654579043097,396.39655318475235,6.583105552042591,1.6468932179973046,0.0,低,False,False,False
1772,0.17620277930795877,0.2967823620274729,0.0734342963653308,0.9552656104380244,缓和路径,1406.1864334429545,619.5171901660129,311.76315277696807,-0.31216023597276943,0.1388807340497775,1.7355286390233677,0.24391789042563444,0.027624439096158367,0.2575521597355847,0.23253086118563807,92.88148733033613,92.65931201143299,90.85952832376942,88.63330876742819,100.61035427001315,88.63330876742819,91.68713983708814,0.0,86.44567994306635,5.1750449958303335,1.216085592321439,0.0,低,False,False,False
1773,0.5814666653506211,0.4895091251747829,0.0734342963653308,0.9552656104380244,中性附近,1571.8928914577534,427.5421130453504,235.2781890493443,-0.18571344924505875,0.08368718905690768,2.2588341649764394,0.33641482628828023,0.024825774153084443,0.18752256022741265,0.17211938795502363,97.62903531152261,98.40541113739722,96.87916414599795,94.69649340433416,109.78826502906985,94.69649340433416,98.2625831538026,17.727986145846444,413.5270111244139,6.816248870642077,1.7315154969676163,0.0,低,False,False,False
1774,0.8274062986300714,0.7600447861236376,0.0734342963653308,0.9552656104380244,高压尾部,1755.4299315613212,292.5108226507352,174.42537573592907,-0.18269115343563713,0.09057039711070133,2.8140906162641417,0.36,0.02489258689125548,0.14502419159672364,0.1354579037125205,115.11284304571876,109.37430469243546,106.80683608191625,103.80929786072709,125.60459426079055,103.80929786072709,110.93726463171355,128.5815395010577,281.00439406555716,10.579044521461258,1.8787204346401214,15.280627563904432,高,True,False,False
1775,0.670003368121066,0.5186858047858385,0.0734342963653308,0.9552656104380244,高压尾部,1722.5424626543668,360.86978491228666,193.37520760569748,-0.1789613591653255,0.08576694685220723,2.606585645851939,0.36,0.02245272675487111,0.1722234179886798,0.15892148694891095,107.24658799213883,106.58683931451395,104.22377950139743,101.361521295433,118.44001692934097,101.361521295433,106.9491235865261,97.00574617737038,346.67433610456936,9.596428273790435,1.8787204346401214,8.116050232454853,中,False,False,False
1776,0.242486903503505,0.29970902685487144,0.0734342963653308,0.9552656104380244,缓和路径,1544.5522465499514,580.3362510165887,329.7479657988404,-0.28484373250192385,0.1259975185821584,2.0604039918601837,0.23689352282442178,0.022849204727099327,0.24609826307459434,0.22265008539395445,96.41523983162129,96.22647446380884,93.67586754513648,90.98920245533296,102.15929746451911,90.98920245533296,94.8180660092813,0.0,224.7667367009435,4.864812408952539,1.1810646587601572,0.0,低,False,False,False
1777,0.5140089864293762,0.6201797179644719,0.0734342963653308,0.9552656104380244,中性附近,1642.7119780114106,519.7235063288622,238.20151482038222,-0.20301181752640496,0.08547732352381394,2.231741304394329,0.33580863551582146,0.029876145394975014,0.19917924714500376,0.1821751020334332,99.34342324991563,99.70148486308265,97.85267843034538,95.44303840675217,109.26003254848209,95.44303840675217,99.07159316641452,12.548158942912778,502.68663980822345,6.925264743021715,1.728395453989095,0.0,低,False,False,False
1778,0.567041535850519,0.504541299457875,0.0734342963653308,0.9552656104380244,中性附近,1627.2728963704212,443.7919800163654,253.2957038401087,-0.18385622427270176,0.1018575599694422,2.3032451797206686,0.340081920252708,0.030071726091125232,0.19001522260503032,0.174269698788671,99.400503371996,99.90228613020297,98.15350883669714,95.81601448858198,110.02983690216908,95.81601448858198,99.58352499333766,28.27850343452519,429.2441971387432,7.118093911502049,1.7503899030046497,0.0,低,False,False,False
1779,0.4814531666617592,0.4593074655063583,0.0734342963653308,0.9552656104380244,中性附近,1555.9320636860277,461.019379404263,275.148585314496,-0.24933900936111797,0.09346674216434862,2.190013319811751,0.2846719495286258,0.024791446397714925,0.20480489280084802,0.18702810054163255,96.44831676031988,97.59706871677137,95.69028947881021,93.1223689366046,106.85361760652098,93.1223689366046,96.46093121778465,0.0,353.91971547867615,5.850050928250112,1.4651966965879542,0.0,低,False,False,False
1780,0.16337467318070326,0.2170263315874983,0.0734342963653308,0.9552656104380244,缓和路径,1524.9402828967668,622.9735889740745,342.1517633055882,-0.3069466484430728,0.14444619432453049,1.8675675581963531,0.266667859202332,0.025850458317465998,0.2597688564743745,0.23444310853013647,97.00083060893411,96.15536438851737,93.84627155119217,90.87397199894967,102.83296197338535,90.87397199894967,95.09853645615587,0.0,154.22103484126274,5.763407503452876,1.3295086348331127,0.0,低,False,False,False
1781,0.24045477050802244,0.2765528163817936,0.0734342963653308,0.9552656104380244,缓和路径,1522.9702049856621,624.5812499738148,289.3625628047706,-0.26353978300862163,0.15280546629553196,1.8145347505723812,0.2646135401224812,0.023332269196254203,0.24644941565621373,0.2229530093708635,95.22523347032086,94.79112829584369,92.30208594653341,89.7090483875593,101.6022171246532,89.7090483875593,93.49319527789989,0.0,258.5139989754389,5.016472185297739,1.3192665495531926,0.0,低,False,False,False
1782,0.9225819301426234,0.8723407985890447,0.0734342963653308,0.9552656104380244,高压尾部,1800.0,246.98764690194156,150.0,-0.10282239960215125,0.0470043534535317,3.007772210310875,0.36,0.031143814312850602,0.12857784247135468,0.12127035749054582,122.04335866687065,113.10289678847415,110.07632978762283,109.20769529050925,131.78983712953314,107.66948139495118,115.5363322048424,763.7421357472067,237.27195264234246,11.450379127370548,1.8787204346401214,21.465870432647023,高,True,True,True
1783,0.2982070230277628,0.2586435227052594,0.0734342963653308,0.9552656104380244,缓和路径,1514.6955100849584,556.4436172709553,318.5304777811487,-0.28354707526431633,0.1052180420394307,2.1970161848400607,0.2635621616516781,0.025687560250570902,0.23646982642080258,0.2143440541264855,97.40351069642578,97.43901132259016,95.35525987585662,92.45275318812118,102.40722052204993,92.45275318812118,96.06808836552244,0.0,146.35366713648364,5.708637769637963,1.314024760161732,0.0,低,False,False,False
1784,0.0169911879686995,0.16904075429102383,0.0734342963653308,0.9552656104380244,缓和路径,1400.0,667.0749481338019,356.5634356206633,-0.33309498805080445,0.13902515578515168,1.709491232576779,0.23812609579291485,0.030077711364648235,0.28,0.25626405607283975,94.40030348289908,92.74705000380412,90.45887350827105,88.34099314978008,102.41312644408474,88.34099314978008,92.24845858786014,0.0,50.0,5.03684583359711,1.1872098177964778,0.0,低,False,False,False
1785,0.4754287469050465,0.41666039068522626,0.0734342963653308,0.9552656104380244,中性附近,1559.9207195694544,487.4554414113896,242.6681852058744,-0.23105940125915392,0.11111903399507708,2.4205324793705545,0.33089887984553923,0.028157563246585148,0.20584591253480797,0.18792614274424893,101.75262969967406,101.7478329538577,99.05218953572586,95.91465859804349,109.41869145478175,95.91465859804349,100.57649876763976,0.0,410.40903437023917,6.957574020344955,1.7031251110520294,0.0,低,False,False,False
1786,0.8887782785817494,0.79759501509618,0.0734342963653308,0.9552656104380244,高压尾部,1740.4462842063776,275.3753723992634,180.25631219484168,-0.13298981115548494,0.05149395074050628,2.8992676624972944,0.36,0.03148069671745092,0.13441911346107369,0.12630936654538122,117.81031070686973,110.2549918311422,107.5500279465149,104.5078774081857,127.60074863469468,104.5078774081857,112.2533503901413,183.13798567857884,264.5429969407584,10.794184685500241,1.8787204346401214,17.276781937808565,高,True,False,False
1787,0.3198163383041564,0.40135814018292204,0.0734342963653308,0.9552656104380244,缓和路径,1508.3762643513182,517.5478721575072,275.3735931237772,-0.29210669176132287,0.12088955340167677,1.8693555013031768,0.301548259802713,0.02348649609866932,0.23273573674104175,0.21112281824460302,97.01551113805492,96.96246442539868,94.32931256805243,91.4641478641755,102.2036120425754,91.4641478641755,95.36504158758329,0.0,245.5920480680652,6.476532895936372,1.5034095838389656,0.0,低,False,False,False
1788,0.8831743240553487,0.783715461740358,0.0734342963653308,0.9552656104380244,高压尾部,1728.3045659512607,263.2085784972875,193.31365234778926,-0.13362419354072483,0.05766906729404032,2.858904380766301,0.36,0.02704683285640389,0.13538747680323573,0.12714473125592343,116.7364227259996,109.30090125211765,106.71940345497975,103.76848373734975,126.78137759371621,103.76848373734975,111.35392650645082,172.5807699191664,252.85480531364882,10.549921267467546,1.8787204346401214,16.457410896830098,高,True,False,False
1789,0.49361278666474473,0.6024702754661211,0.0734342963653308,0.9552656104380244,中性附近,1589.858680687624,459.38654685346194,274.7532871446592,-0.2591671543092784,0.10156072658809913,2.2118323115976746,0.29775324514986723,0.028888175521864137,0.2027037104643321,0.18521550242074428,97.80939244347273,98.75024569217025,96.71091182622439,94.0251869808013,108.0060029479666,94.0251869808013,97.74411069410786,0.0,373.72296815197296,6.339103285308238,1.532525673549227,0.0,低,False,False,False
1790,0.4143578159926688,0.31092360255109813,0.0734342963653308,0.9552656104380244,中性附近,1613.3531476384285,459.8899649785628,302.31262309476426,-0.22959965759349713,0.10834725804378999,2.3520181208448987,0.3479713502710396,0.02528240044814546,0.2163989693964668,0.19702980343311036,103.71674621972453,102.97313113521288,99.8493436322169,96.46815476793344,108.55657073096097,96.46815476793344,101.56915723010505,0.0,358.00375474349676,7.240811402546321,1.7909965269448105,0.0,低,False,False,False
1791,0.4281584469873962,0.4224692852754748,0.0734342963653308,0.9552656104380244,中性附近,1575.122095996256,441.2619766160151,287.586912978106,-0.2788622445194985,0.0966240513818471,2.1091721966181973,0.30399408312134124,0.02269422108447141,0.2140142203605779,0.1949725847205212,99.12003588763099,99.40583326982943,96.90972309225714,93.96995574600953,106.41449895729554,93.96995574600953,97.97148508312952,0.0,318.05822195096334,6.804994866171697,1.5646470511380113,0.0,低,False,False,False
1792,0.9313809347247537,0.8969019930597741,0.0734342963653308,0.9552656104380244,高压尾部,1770.510111939376,270.738190375461,151.73515767426022,-0.14973159823644244,0.03905024953107071,2.7244579047420685,0.36,0.025730958651619753,0.12705737447956256,0.1199587162412847,117.78620903078753,109.24830483600081,106.61083479726956,103.66892703284556,127.46876169311078,103.66892703284556,111.63179801222047,183.2613849502286,260.08822664213534,10.987475354052616,1.8787204346401214,17.14479499622466,高,True,False,False
1793,0.8382196406727923,0.7644982738037265,0.0734342963653308,0.9552656104380244,高压尾部,1742.4978039779849,271.521929040007,182.6360416062696,-0.16748002298756387,0.07155821810318157,2.680901917429757,0.36,0.0263225102568193,0.1431556460917415,0.1338459912134173,113.99865690894407,108.0020026323549,105.60264408157332,102.75052454083085,124.21027418415464,102.75052454083085,109.69326171899718,145.25726956620565,260.8411355654386,10.546697952644767,1.8787204346401214,13.886307487268525,中,True,False,False
1794,0.2873059138344717,0.3962693780004052,0.0734342963653308,0.9552656104380244,缓和路径,1514.8767798155895,535.005741404957,269.5992534008705,-0.30795647427704437,0.13601208904696244,2.2002813085437043,0.2812005431525868,0.028115641904542698,0.23835353808940327,0.21596904981175408,98.71604987791194,98.54857862266411,96.38732179257678,93.48134398287324,103.05787519980666,93.48134398287324,97.23301892669207,0.0,113.39538623192493,6.622266482522105,1.4019632938121107,0.0,低,False,False,False
1795,0.3862560690287894,0.3700332450739721,0.0734342963653308,0.9552656104380244,中性附近,1558.3970999824924,480.13448269320514,279.3026409799751,-0.2439975382072753,0.1241530269127879,2.260381979431883,0.33243715070066576,0.025353236368109947,0.22125495127182518,0.20121884665386058,102.30803273255346,101.64982975469606,98.58729484762259,95.29457644171622,106.82179369825386,95.29457644171622,100.14690545776021,0.0,341.96470514763496,7.126922840272341,1.7110425380381475,0.0,低,False,False,False
1796,0.0035219381820909973,0.08606377184366024,0.0734342963653308,0.9552656104380244,缓和路径,1400.0,677.5686064402538,386.7782882960303,-0.35,0.1679123698691082,1.65,0.19556609301909045,0.02415760181788896,0.28,0.2582718767816272,92.66380289425028,91.26169894078409,89.19171373457858,87.03134170383363,101.58719620790737,87.03134170383363,90.77566498354828,0.0,94.9304419906166,4.198346747564301,0.9750211747572418,0.0,低,False,False,False
1797,0.891108796061137,0.8880400030433727,0.0734342963653308,0.9552656104380244,高压尾部,1750.8941074331187,238.6097981821015,181.17308673673796,-0.11284130968570673,0.04206881901956551,2.6483864609558188,0.36,0.021516624377390242,0.13401640004063553,0.12596196328748352,116.20050894657325,108.50137233397983,105.99178937319951,103.12822190463156,126.08589239819281,103.12822190463156,110.67419495956018,221.5468208428374,229.22366136286888,11.045284865564907,1.8787204346401214,15.761925701306694,高,True,False,False
1798,0.5913427670036404,0.5219593105543404,0.0734342963653308,0.9552656104380244,中性附近,1557.0423694138508,396.18266619675654,274.4065783605916,-0.17911460613047764,0.08163001264925539,2.26735845038195,0.34907784106059564,0.027384698763855457,0.1858159698617709,0.17064718707263019,98.12348865289587,98.66395101759815,97.05979967512111,94.85757676995644,110.00765961045164,94.85757676995644,98.57294004068821,19.165242726521683,383.19554685427687,7.044125965501687,1.7966915968396386,0.0,低,False,False,False
1799,0.7882923579735125,0.7425452181034108,0.0734342963653308,0.9552656104380244,高压尾部,1752.4422594253592,286.7850442759586,165.18082202773957,-0.16120149388056157,0.08662542057089755,2.4920992182587827,0.36,0.02547007764037212,0.15178308054217704,0.14128850165202902,111.11387317131852,106.64344822519588,104.38125264160503,101.63928245855361,121.76613968136306,101.63928245855361,108.00229104415206,157.68679613287168,275.50384927142863,10.530527458829834,1.8787204346401214,11.44217298447694,中,True,False,False
1800,0.13840225824290847,0.2854601277385182,0.0734342963653308,0.9552656104380244,缓和路径,1515.6801960427133,598.5616612657162,328.56714025666867,-0.3200856699427929,0.13344958154143138,1.65,0.21607959448913625,0.026580053610135185,0.2640840897756254,0.23816567160194094,92.95691579341687,92.46820336596144,90.33546602963607,87.9077629849567,100.87967055335706,87.9077629849567,91.46326802174832,0.0,178.38953615012906,4.335267362518052,1.0772940073988186,0.0,低,False,False,False
1801,0.1558185657662171,0.10919091781022497,0.0734342963653308,0.9552656104380244,缓和路径,1441.478392028823,650.3676180850421,322.62208905139556,-0.3273819416299578,0.13946140840707205,1.8200231572382173,0.24898490302226467,0.028620641973309394,0.2610745518355977,0.2355694748226164,95.01083182506868,94.3946886505789,92.31416554095448,89.80030920084579,101.74546469591523,89.80030920084579,93.41890667793874,0.0,107.29833487117503,5.599130377844462,1.2413478680984262,0.0,低,False,False,False
1802,0.3519297511986214,0.35104045410317763,0.0734342963653308,0.9552656104380244,中性附近,1476.1385404516307,527.8538768667623,281.78307333746176,-0.2814331883792723,0.11618226869702186,2.061822153879335,0.2867575728165303,0.0226163864686542,0.2271865389928782,0.20633576800343392,97.77168978835799,98.05461499947712,95.51189997347241,92.60810182917122,103.00527561287811,92.60810182917122,96.38945915045173,0.0,208.13489132316863,6.464408315434948,1.4759313276495132,0.0,低,False,False,False
1803,0.7003639720231531,0.6137845119921185,0.0734342963653308,0.9552656104380244,高压尾部,1724.1004435431184,328.18338845373376,234.60627419973994,-0.14798080381604256,0.07117135015039773,2.791887980217828,0.36,0.01971402744103785,0.1669771056343991,0.1543957226924256,109.55949107293553,108.10508030347087,105.59796474250311,102.6168530708073,121.15837659291664,102.6168530708073,108.71343522750081,122.88454631674904,315.2737166410312,9.631622171486805,1.8787204346401214,10.834409896030522,中,True,False,False
1804,0.4846631967650323,0.44847607865319067,0.0734342963653308,0.9552656104380244,中性附近,1616.8793334607465,485.7713584645244,259.2269414418193,-0.24665457301341084,0.09643341780674636,2.210845148551865,0.305708054574673,0.026317048294340332,0.2042501995990024,0.18654959097210988,98.52205108745015,99.17255944574256,97.0088384969615,94.26205681011086,108.42683780558896,94.26205681011086,98.13017807889675,0.0,459.9201609349675,6.29115517239695,1.5734688030374386,0.0,低,False,False,False
1805,0.7672597549061801,0.7124732215691226,0.0734342963653308,0.9552656104380244,高压尾部,1656.4727163424634,337.6553175012401,183.76248190370347,-0.1612210251663271,0.06860710008111248,2.7416632242195265,0.36,0.03174055383818054,0.15541751435221207,0.14442376877286625,110.39119704362606,106.90019079001223,104.59595063335958,101.79342922586565,121.44870958424269,101.79342922586565,108.01600426827953,115.26385329389268,324.373050670817,9.934459741390514,1.8787204346401214,11.124742887356575,中,True,False,False
1806,0.6145915966160781,0.560249378902214,0.0734342963653308,0.9552656104380244,中性附近,1600.806779707945,397.2654773164803,196.5887389996787,-0.1933572098625008,0.09827695254504781,2.2759969688321573,0.36,0.03072483704832394,0.1817985721047417,0.16718155370102739,100.36100007456574,100.72529289980116,98.92891269566171,96.55553527691147,111.29859657879395,96.55553527691147,100.72978401550594,41.68581486007133,384.242862737997,8.239257688355714,1.8529075718386598,0.9746298819078305,低,False,False,False
1807,0.6235948786547235,0.6612039460148091,0.0734342963653308,0.9552656104380244,中性附近,1602.378260373423,446.18402065922965,216.76365134244546,-0.18083823791339626,0.09435252058800783,2.651160587491409,0.3497695190969942,0.025206230173681125,0.18024280496846376,0.16583946142338474,102.0164702438369,102.23544792630449,100.32003955965642,97.78201516926875,113.39573212452754,97.78201516926875,102.36645405607574,12.589859254352632,431.5578251705784,7.210666858027135,1.800251639814409,3.0717654276414237,低,False,False,False
1808,0.049070432664308786,0.1030055689168144,0.0734342963653308,0.9552656104380244,缓和路径,1425.576535070077,680.5147775054752,357.63123188747926,-0.3360400734935128,0.14276932103361983,1.8639142992897362,0.24247388047712617,0.02568769618514618,0.2795206292356074,0.2514820991826985,95.9559128534907,94.35056980344312,91.9469462361147,89.71001886240124,102.9767931711767,89.71001886240124,93.7350771415774,0.0,50.0,5.392849544116952,1.2088862856593265,0.0,低,False,False,False
1809,0.4638562155144231,0.4077149938788301,0.0734342963653308,0.9552656104380244,中性附近,1628.8557991783637,525.9403763017121,244.10044811760588,-0.21927090578739136,0.08828921074600893,2.388926208609659,0.31592706012454536,0.035552459297078946,0.20784564595910768,0.1896512253247419,100.69838946597689,100.95583803910787,98.48746126223034,95.55233931004251,108.79424299598065,95.55233931004251,99.77642756022867,0.0,508.6997168361443,6.266859341156875,1.6260656718152713,0.0,低,False,False,False
1810,0.4270239047726188,0.5203456610241581,0.0734342963653308,0.9552656104380244,中性附近,1586.3440546998004,526.3636447748135,268.1621034083291,-0.22998971112688177,0.10411570168635129,1.993645315557083,0.3094584229063835,0.021731921059028096,0.21421026925529146,0.19514170752913443,96.69520686097805,97.26790397458997,95.10076527146222,92.44779916773761,106.0607361956918,92.44779916773761,95.94046274055974,0.0,460.6773352583423,5.888474079419555,1.5927718193680225,0.0,低,False,False,False
1811,0.6838807825249181,0.7618487934222816,0.0734342963653308,0.9552656104380244,高压尾部,1694.230429285961,359.48837519810354,217.25968577373135,-0.1914871508934905,0.09541704015213928,2.5032386237007422,0.3546475580684402,0.0284374395497725,0.16982540077969416,0.15685282236358394,104.91293383956044,104.44919380955085,102.38108590253943,99.74546839723439,116.38571588280081,99.74546839723439,104.94193506963823,71.47641090107754,345.347266575406,9.02541158896014,1.8507878178844384,6.061749185914692,低,False,False,False
1812,0.3282347365301882,0.35942092671078735,0.0734342963653308,0.9552656104380244,缓和路径,1497.1798081980473,501.0936026159062,290.60943485219,-0.3013117185404393,0.11562222781101608,1.897814603806117,0.2699058172995704,0.028912821129525947,0.23128103752758347,0.2098679128444632,94.7031651398759,95.20573032110957,93.32666778103139,90.68983908875964,100.996028268888,90.68983908875964,93.79395942807162,0.0,158.86344671715779,5.793443314852728,1.3456519123258832,0.0,低,False,False,False
1813,0.18323781022912466,0.20869831180702697,0.0734342963653308,0.9552656104380244,缓和路径,1471.3910116398692,647.2428149807243,300.11888936472053,-0.2892484572327669,0.1425850158882744,1.8230760501490098,0.2542385364077096,0.022721812952355428,0.25633650639240724,0.231482170204755,95.29237385514489,94.77862628334812,92.34022762170174,89.60532917580885,101.89196194020482,89.60532917580885,93.58761974418076,0.0,195.0567658819491,5.183212415875388,1.2675405670276843,0.0,低,False,False,False
1814,0.39181315680210893,0.42896083278922215,0.0734342963653308,0.9552656104380244,中性附近,1562.8087708308558,515.9161744453401,260.84663423498773,-0.25260853595611604,0.1104734931486439,2.063404225310594,0.30739211667451766,0.03419785568114779,0.22029468650459555,0.20039046822977685,98.40745851097947,98.60017368506492,96.1015082338194,93.21403500441316,105.32205681592662,93.21403500441316,97.09689060568901,0.0,354.0130550281865,6.368319210080875,1.5821366125270182,0.0,低,False,False,False
1815,0.6520897730172832,0.5180490316177098,0.0734342963653308,0.9552656104380244,中性附近,1645.4197181058014,364.0110418318453,244.13282780701348,-0.16101711719830902,0.08514041565130824,2.306015710300054,0.36,0.029230277445120384,0.17531888722261343,0.1615918128978713,101.48117988714903,101.6137575134023,99.74871183473712,97.32594265954255,112.45605360784052,97.32594265954255,101.8236394498964,78.39577916301823,352.0785287624756,8.443765832261054,1.8529075718386598,2.132086910954399,低,False,False,False
1816,0.7405783341223213,0.6567622558740495,0.0734342963653308,0.9552656104380244,高压尾部,1680.0659933863324,334.2854051291506,177.12325102901062,-0.14821554028981268,0.0868120495826592,2.534581489970837,0.357111274690526,0.023513495612261074,0.16002806386366286,0.14840108822557754,107.41574210384687,105.12198436717952,102.96211489720753,100.30736775528457,118.86184151109862,100.30736775528457,106.04715809146624,126.32399668377184,321.1356997393483,9.571745120662815,1.863645136670758,8.5378748142125,中,False,False,False
1817,0.8046235922857661,0.7788198566640424,0.0734342963653308,0.9552656104380244,高压尾部,1662.3926159654275,293.0607025978377,152.45799886131107,-0.14379507379086284,0.06733809239163309,2.757748793133139,0.36,0.021908940942092846,0.1489610432530196,0.138854053485153,112.27712404350088,107.23189747140063,104.89254270245536,102.10016809050612,122.78815815758851,102.10016809050612,108.70538619931385,144.24310901536592,281.53264351610426,10.237308505512127,1.8787204346401214,12.464191460702395,中,True,False,False
1818,0.0,0.07270654773190846,0.0734342963653308,0.9552656104380244,缓和路径,1400.0,700.0,333.6750359268523,-0.3431472920895791,0.14867231824228627,1.65,0.18705872606306306,0.02459421908803697,0.28,0.2587968815539125,92.01300985365897,90.71149391509131,88.7188810446482,86.69423827845738,101.2288903600498,86.69423827845738,90.23340273643059,0.0,81.93719886861254,3.908515957458942,0.9326065475818295,0.0,低,False,False,False
1819,0.5512384408585494,0.6110241377839368,0.0734342963653308,0.9552656104380244,中性附近,1613.9445118249537,438.7511772458992,243.59176088311898,-0.2149222624830439,0.10541053038517885,2.302797597963238,0.36,0.026913421607253123,0.19274599741964266,0.17662541880949645,100.97750896018643,101.23825125126942,98.77797744708703,96.19986549401709,110.80343288078774,96.19986549401709,100.67209916291847,0.0,424.36863508360256,7.470117699324251,1.8529075718386598,0.47946618390162143,低,False,False,False
1820,0.8230378244075752,0.687167141603322,0.0734342963653308,0.9552656104380244,高压尾部,1652.1230532041498,324.1348375696209,181.48740270111028,-0.16807389716593482,0.06373324470132831,2.8551111699941747,0.36,0.025125100968319627,0.145779063942371,0.1361090990759366,112.3156211415604,106.89127660017493,104.62583007608961,101.86651012545032,122.61682824537654,101.86651012545032,108.48566685485187,92.84674435085981,311.38442263910605,9.572453350238094,1.8787204346401214,12.292861548490421,中,True,False,False
1821,0.42703445571984827,0.42120641951479904,0.0734342963653308,0.9552656104380244,中性附近,1561.4053807584821,508.1107584527788,251.27463944736712,-0.22069344212716244,0.09787328360629205,2.1439335238981485,0.3100932634807507,0.027408496372748326,0.2142084460516102,0.19514013473104394,97.8242053501714,98.22910427233494,95.9423953053434,93.19017843367507,106.4639853354343,93.19017843367507,96.89276719735359,0.0,426.33442539312273,5.924954945136551,1.596039321887899,0.0,低,False,False,False
1822,0.2559141086217542,0.2426508974306465,0.0734342963653308,0.9552656104380244,缓和路径,1455.7234210899512,615.8448468548418,336.76302617769977,-0.25941750670360886,0.12164678205799839,1.9666488953045935,0.24143323982429088,0.029887898210238045,0.24377804203016085,0.220648532157904,94.41747029538158,94.32396560646328,92.03027771854697,89.54952599229057,101.0247122028803,89.54952599229057,92.97237160011971,0.0,238.73397461824607,4.624153663180197,1.2036980311098604,0.0,低,False,False,False
1823,0.18776773481931688,0.2741315736383033,0.0734342963653308,0.9552656104380244,缓和路径,1504.6185598051002,632.4333306967862,321.57618254817726,-0.29856093146578877,0.14798009173912674,1.820960981417444,0.2555126756265881,0.02667120451269979,0.255553735423222,0.23080690791876812,95.41131118205065,94.96321056104476,92.71612954026051,89.9378384760056,101.8186732536529,89.9378384760056,93.7935612797478,0.0,171.4032702474833,5.303527069474404,1.2738929602202707,0.0,低,False,False,False
1824,0.6173082012381543,0.6238775545217475,0.0734342963653308,0.9552656104380244,中性附近,1665.8584783992774,396.8790940302794,233.5466726485763,-0.18771309373998304,0.08363254862261638,2.630239386622977,0.36,0.023612777782477026,0.18132914282604692,0.166776597589573,104.77055957427287,104.62792568087156,102.38541719508555,99.62040723826276,114.77552549999774,99.62040723826276,104.55569705323906,45.7483558290005,383.8691453412405,8.441577415840849,1.8529075718386598,4.451558803111624,低,False,False,False
1825,0.8031539488378925,0.7124816597524402,0.0734342963653308,0.9552656104380244,高压尾部,1743.382114427737,282.6359600252256,180.86414030201504,-0.14713315797889007,0.07775418124713833,2.4912570780070764,0.36,0.026864505264234784,0.14921499764081217,0.13907312883054518,111.72752666932107,106.82331418591018,104.55453033887729,101.80780382679932,122.21390023965137,101.80780382679932,108.28045758368584,177.87660157456048,271.51797655998945,10.740004309587336,1.8787204346401214,11.889933542765249,中,True,False,False
1826,0.4498854422808241,0.3852423558325425,0.0734342963653308,0.9552656104380244,中性附近,1623.9160721772855,447.4788804431618,257.64149964996,-0.22623583861084653,0.09810360422232152,2.1950210496124734,0.32783367487053217,0.03054809120909947,0.21025979557387356,0.1917338066310952,99.66249462222376,99.90794994044727,97.46699232680382,94.66093082199939,108.18151037101681,94.66093082199939,98.7004601501597,0.0,432.81023862866004,6.548151770861506,1.687348606864729,0.0,低,False,False,False
1827,0.5252653660180164,0.5442562940031705,0.0734342963653308,0.9552656104380244,中性附近,1613.7941683164968,431.7379115467007,233.12031795742217,-0.17113884692261433,0.09820491907774608,2.379093231004661,0.35145032092253936,0.022422797117380443,0.19723414475208675,0.18049714725479993,100.89018531536777,101.02332647879955,98.99533161682551,96.46783954870973,109.7643407187268,96.46783954870973,100.39463820000773,29.298156790637222,417.58526868689086,7.255069464666932,1.808902668784723,0.0,低,False,False,False
1828,0.4632731259380658,0.523503579450896,0.0734342963653308,0.9552656104380244,中性附近,1509.215424555561,454.33080328283097,287.3216240886024,-0.23629222758212695,0.11348607930419914,2.2032246492689262,0.28332609334988157,0.023982822372370795,0.20794640383790222,0.18973814474082198,95.79634139157935,96.9508151303331,95.10392988069036,92.60560736042497,106.17703031564635,92.60560736042497,95.75562080874052,0.0,344.7421254887686,5.653570362101922,1.4582696212985067,0.0,低,False,False,False
1829,0.2565493717387893,0.24387926696008289,0.0734342963653308,0.9552656104380244,缓和路径,1448.3813029978344,551.5663924489984,327.0149972929078,-0.2805309035831231,0.13830169371069365,2.029996444425583,0.24733351779447252,0.02315565328813762,0.2436682685635372,0.22055383538843878,95.21056866197225,95.24616176040534,93.04776081794924,90.39151388512528,101.49839502417153,90.39151388512528,93.91125606872647,0.0,175.1826270818765,5.125724706114146,1.2331146639681914,0.0,低,False,False,False
1830,0.5369113504422087,0.5414043396539654,0.0734342963653308,0.9552656104380244,中性附近,1623.5404810152702,412.93572291680806,212.59131325571178,-0.23204374020261065,0.11071103366823219,2.2275072902355664,0.36,0.026956010585200144,0.1952217186435863,0.17876111525067465,100.73113557370512,101.11658943486094,98.74460835420464,96.30704069784467,110.79402210174902,96.30704069784467,100.58901812702973,3.4907764817944553,399.3994277381837,7.956161742709864,1.8529075718386598,0.4700554048629044,低,False,False,False
1831,0.8507729225088188,0.778829951202447,0.0734342963653308,0.9552656104380244,高压尾部,1721.2995066866574,261.2610281868891,171.1035739418597,-0.12266452415678822,0.06054123640244692,2.632953317542259,0.36,0.022439065695388755,0.1409864389904761,0.13197471110257705,113.6646348436457,107.3135627664301,104.95627542509932,102.18283681425575,123.76107702634367,102.18283681425575,109.13476068124362,186.22598645264588,250.98386532610814,10.504172787216408,1.8787204346401214,13.437110329457553,中,True,False,False
1832,0.4329059662059638,0.3883871910971446,0.0734342963653308,0.9552656104380244,中性附近,1556.4372636187215,520.205357516456,271.3753655977415,-0.22766368946013493,0.11902754387662354,2.2290952083535247,0.2860231880130855,0.028666617983187863,0.21319384903960945,0.19426488625524488,97.48989362579968,98.03909410056231,95.86555649373783,93.18560642650863,106.05475637984537,93.18560642650863,96.69049958854558,0.0,405.2486865742503,5.574452329990163,1.472151474419108,0.0,低,False,False,False
1833,0.23352500042782287,0.22290610133175726,0.0734342963653308,0.9552656104380244,缓和路径,1528.646657424752,578.1589859736123,325.04727849127255,-0.2960909739961909,0.12508597860863957,1.9716493703877427,0.24988205332994184,0.031080236747823814,0.2476468799260722,0.22398600943356886,96.05177421891752,95.92076350283257,93.54472983169347,90.80857261253827,101.9443653669387,90.80857261253827,94.5706500936663,0.0,197.59923150504255,5.2593884655828,1.245820732148739,0.0,低,False,False,False
1834,0.4580775986341006,0.5879061346632234,0.0734342963653308,0.9552656104380244,中性附近,1612.9216567240048,549.1869274130136,275.9341015474577,-0.23581203247783786,0.08591594155033361,2.348326406303558,0.3535599159118845,0.02754961838710703,0.2088441909560274,0.19051262642905553,103.45612164145699,102.98716255866752,99.98905245367551,96.64844530666677,109.6805762035549,96.64844530666677,101.7532314152628,0.0,386.70065751763104,7.510622786728035,1.8197606813660299,0.0,低,False,False,False
1835,0.21795286079877113,0.15305457929289382,0.0734342963653308,0.9552656104380244,缓和路径,1541.4265833781787,602.532736745154,377.41689325904514,-0.27324132387690564,0.14317031225320634,1.9790703501793803,0.24687785699990242,0.029441671717419706,0.2503377456539723,0.22630730163043836,96.61305029289905,95.96951482932893,93.30454852242642,90.59059065932496,102.23737100669926,90.59059065932496,94.66972436684203,0.0,264.5024351974116,4.886666768268421,1.2308429055240055,0.0,低,False,False,False
1836,0.9138466276752933,0.8940795893267769,0.0734342963653308,0.9552656104380244,高压尾部,1757.0650527008786,209.67708954735863,156.2559389437394,-0.1,0.05467751218719185,2.746820466634446,0.36,0.02558665740059247,0.1300873027377093,0.12257250285641955,118.33290930251474,110.13331596428073,107.4033706770273,106.67857769786428,127.85040204939732,105.23027420663345,112.45912976161985,766.03850453636,201.42907179895073,11.432124451868802,1.8787204346401214,17.5264353525112,高,True,False,True
1837,0.32565667972138446,0.3098885552983788,0.0734342963653308,0.9552656104380244,缓和路径,1519.761386005518,543.4591754836447,292.1451767297154,-0.2694348407878727,0.1236721454600325,1.65,0.28201027345946467,0.02264786364414244,0.23172652574414473,0.21025221604851346,92.81952830694249,93.42183993143578,91.39023037808796,89.0063646907911,100.61198672655185,89.0063646907911,91.93253545580201,0.0,310.571870327949,5.297598867650534,1.4060003136393235,0.0,低,False,False,False
1838,0.13072202188596557,0.1719861385527069,0.0734342963653308,0.9552656104380244,缓和路径,1414.8022165445761,690.1670974411147,360.92312758587406,-0.3266990904022864,0.1601947414165911,1.912716108542656,0.21386716617779006,0.02630402510059932,0.2654112346181051,0.2393105414239546,93.20924390840774,92.75761139492302,90.88086952845813,88.8834808095398,100.96540512237547,88.8834808095398,91.87994366604472,0.0,50.0,4.587287279772509,1.0662636471871207,0.0,低,False,False,False
1839,0.26514718496545153,0.20755310837775243,0.0734342963653308,0.9552656104380244,缓和路径,1580.0986262862568,550.0184844044132,296.64194954035787,-0.2757689760144496,0.12298948894251743,1.8738741587601144,0.2512370639778958,0.02491722028764459,0.24218256643796998,0.21927218513172272,95.37241196108735,95.21636871946983,92.81133517994898,90.22426838267751,101.87965654196405,90.22426838267751,93.84356106811516,0.0,339.7228480219419,4.874111692048455,1.2525763207754834,0.0,低,False,False,False
1840,0.407826277306962,0.38456925836669986,0.0734342963653308,0.9552656104380244,中性附近,1540.4738668084585,505.6247595917864,287.1746197479046,-0.27122736340110704,0.1090921080470785,2.353817541441676,0.3044758269353644,0.02640792310043397,0.21752761928135694,0.19800344033502953,101.33148647413316,101.49086026063723,98.68036942076428,95.46210429235818,106.46596799672888,95.46210429235818,99.83100249628454,0.0,209.3212624347343,7.059229717480375,1.5671265699177057,0.0,低,False,False,False
1841,0.8749164010945987,0.7676625381808484,0.0734342963653308,0.9552656104380244,高压尾部,1776.6001681781643,256.85547478783707,189.24249593125333,-0.1,0.07046891247378029,2.6339475410789794,0.36,0.02541380035237481,0.13681444589085331,0.12837571508908766,116.04985695497227,109.1104473758192,106.53855941583677,105.50620049817303,125.79431986224584,104.09383576942658,111.03945152733219,744.9127855134611,246.75161213217334,11.108748803101571,1.8787204346401214,15.470353165359725,高,True,False,True
1842,0.32040343103810365,0.42341529409494055,0.0734342963653308,0.9552656104380244,缓和路径,1563.0493870780895,510.8214710720701,295.063790437226,-0.2789595880156382,0.14288057479978042,2.0950089590006167,0.27447719671491844,0.027147084021096224,0.23263428711661568,0.21103530208981539,97.69731138036745,97.64606710153005,95.10571539841166,92.28474870878294,102.62434984230264,92.28474870878294,96.10082084448158,0.0,271.2030707969079,5.745641237512173,1.3684431419250682,0.0,低,False,False,False
1843,0.06574290485519538,0.08589754476227111,0.0734342963653308,0.9552656104380244,缓和路径,1412.4767161649722,697.9841893785035,355.51763060632345,-0.2964890239743986,0.1521541793492211,1.65,0.2433650969159076,0.03132048079139488,0.2766396260410222,0.24899678370768008,93.82331882743556,92.68582002871628,90.57199868826582,87.97728334291054,101.76210835230366,87.97728334291054,91.95722894532692,0.0,133.90900995947413,4.864438053140889,1.2133295656046843,0.0,低,False,False,False
1844,1.0,0.9563337985440109,0.0734342963653308,0.9552656104380244,高压尾部,1800.0,229.53575628297602,151.87087002232906,-0.11108643651403624,0.052494348871914454,2.975752350849951,0.36,0.027443035257010296,0.1152,0.10972987777885891,122.82087503714386,112.59493393574209,109.53829252406464,107.41005959168301,131.7967064961266,106.50825665517696,115.33710092319338,751.5168272076371,220.50656288944313,11.407799221707128,1.8787204346401214,21.472739799240486,高,True,True,True
1845,0.09200001135432545,0.20341956892180765,0.0734342963653308,0.9552656104380244,缓和路径,1400.0,700.0,338.3723757009528,-0.3395878678799518,0.12689756101140726,1.8207221439289292,0.20084265852799832,0.02688491308516007,0.2721023980379726,0.24508271551405228,92.38083668883247,91.7366771855381,89.87241781458052,87.949690693563,100.78197266634572,87.949690693563,90.98097324840431,0.0,50.0,4.281881530013467,1.0013282048858063,0.0,低,False,False,False
1846,0.458511397652348,0.41607168751103035,0.0734342963653308,0.9552656104380244,中性附近,1580.6718837674548,479.4324537207364,269.2104342541533,-0.24668155553619622,0.10009836079662529,2.304708046003396,0.33332000994666544,0.030377390086409932,0.20876923048567425,0.19044796130916483,101.65354444507429,101.56170281135591,98.81851168119826,95.66378970761316,108.5396146998278,95.66378970761316,100.2969237477008,0.0,332.5395436773051,7.198834624849872,1.7155865840986493,0.0,低,False,False,False
1847,0.39181272889929536,0.4197900709100971,0.0734342963653308,0.9552656104380244,中性附近,1604.882929184314,493.92880116555375,289.0024332186467,-0.26165830066802676,0.10438541649349645,2.2181960078680403,0.2874106535329725,0.02678662271302064,0.22029476044620175,0.2003905320159672,99.55734731806231,99.69332473084009,97.15400018102068,94.20802487155841,105.52446256816528,94.20802487155841,98.15779163846783,0.0,295.40726731126233,6.151529211223485,1.479292711550951,0.0,低,False,False,False
1848,0.7839820810425255,0.6867013358381299,0.0734342963653308,0.9552656104380244,高压尾部,1756.0305968717082,315.26184321559606,193.66182255552005,-0.15443562346870415,0.056489898925041186,2.745317940978128,0.36,0.02472954435515714,0.15252789639585157,0.14193102171957198,112.43040650396809,108.19569873076965,105.7225945673292,102.80003749454042,123.36335464987545,102.80003749454042,109.42396941675257,133.2025717293236,302.86046315136775,9.91891583108745,1.8787204346401214,13.03938795298933,中,True,False,False
1849,0.6787319855639743,0.6883718918792346,0.0734342963653308,0.9552656104380244,高压尾部,1598.6110358655492,349.4857428872709,211.51351349164213,-0.1848538902556405,0.0695970468500561,2.45343534285145,0.36,0.025182228852107254,0.17071511289454522,0.1576203380995979,102.609185375675,102.46962970931182,100.56105691479341,98.08798371517203,114.48055519687617,98.08798371517203,102.93813534136464,50.59121081725789,335.73810543020545,8.607442686475444,1.8787204346401214,4.15658849999005,低,False,False,False
1850,0.40537763707934543,0.4101425202150436,0.0734342963653308,0.9552656104380244,中性附近,1530.3346571889726,500.861370729648,300.96465845328333,-0.21637315922803826,0.1128383322237416,2.1486248579308564,0.2959063225000503,0.030142339240514484,0.2179507443126891,0.1983684517970834,96.88960896704904,97.45082181898891,95.24738833705818,92.5710422222678,105.04743864170058,92.5710422222678,96.00550822580453,0.0,340.1429804423551,5.558743179670473,1.523019626431321,0.0,低,False,False,False
1851,0.14863704483511395,0.1431614424326519,0.0734342963653308,0.9552656104380244,缓和路径,1474.6196047906444,631.5148635299358,334.5411934490622,-0.3130358937670104,0.15704986106775673,1.9024598172932738,0.22168337028739563,0.023159295006049407,0.2623155186524923,0.23664000263036375,95.0255025345382,94.38907749629746,92.1317662880714,89.46606497104119,101.84398058438435,89.46606497104119,93.3318074295595,0.0,175.6745769601439,4.719951973184187,1.1052323886260882,0.0,低,False,False,False
1852,0.6584468223192502,0.8291948852057635,0.0734342963653308,0.9552656104380244,中性附近,1611.5206963189344,355.20808657434776,219.94439672975778,-0.21972830603666527,0.09390322361298872,2.3807651388733326,0.3376331204415399,0.02785583547169253,0.17422038910323354,0.16064418660557678,100.31365226321158,100.76408865408403,99.11971386585584,96.82381245258117,112.94617367980175,96.82381245258117,101.20544132050301,31.879016813871203,343.56413996749677,8.005811507278542,1.7377860149156763,2.6222069829156283,低,False,False,False
1853,0.5067666719212846,0.40580700038214657,0.0734342963653308,0.9552656104380244,中性附近,1584.2678339018614,468.0445790401753,240.33910721043492,-0.2334430558090442,0.0905238184613307,2.3618899384312426,0.33033743177741226,0.02281558268208101,0.20043071909200202,0.18325469215755102,100.88273721812266,101.1320319755232,98.63892089501819,95.63112308063941,109.76915152925378,95.63112308063941,100.16900204140423,0.0,409.9087454353685,6.880152858140172,1.7002353572280664,0.0,低,False,False,False
1854,0.7765943394038791,0.7445855927470465,0.0734342963653308,0.9552656104380244,高压尾部,1725.6858818130343,341.4994418305936,218.93329803560488,-0.15685421181934692,0.0742362896161646,2.7117904035602844,0.36,0.027145168659936363,0.15380449815100966,0.1430322902303092,111.26789983530384,107.21137562549005,104.88379225601376,102.06970640436384,121.9449644149964,102.06970640436384,108.43528422436572,122.5816709255032,328.0659595966944,9.766871482715898,1.8787204346401214,11.620997718110289,中,True,False,False
1855,0.47953938787800204,0.4336631526234919,0.0734342963653308,0.9552656104380244,中性附近,1582.9912004430187,504.4912700676686,282.2516502202296,-0.2076580735108352,0.10838924430755421,2.1658051605123303,0.32268806342131395,0.02567735391186985,0.2051355937746812,0.18731338181081547,97.51876934908755,98.2889988782436,96.18089438104447,93.52047793930795,107.92481261890293,93.52047793930795,97.21876590372246,0.0,487.9537259229329,5.989583841847136,1.6608643223758508,0.0,低,False,False,False
1856,0.217438455010252,0.18418163584210798,0.0734342963653308,0.9552656104380244,缓和路径,1492.9287975182856,596.6124668434684,343.14406281592846,-0.29707251771266346,0.12675078521717809,1.9206589410585169,0.272841969424472,0.02485217029293048,0.2504266349742284,0.22638398256005743,96.65961952168387,96.23911525348097,93.99865530949609,91.05451453157885,102.34998041709096,91.05451453157885,95.01499449241962,0.0,159.09988949296167,5.883910051890715,1.3602904953741628,0.0,低,False,False,False
1857,0.515191723163361,0.4742927148273216,0.0734342963653308,0.9552656104380244,中性附近,1638.9942632439918,469.73827115176067,253.5060375791326,-0.22171287974572973,0.11202544746461875,2.2548012841489995,0.30059100381719495,0.02589491186111987,0.1989748702373712,0.1819987950122434,97.78077218098916,98.72204859638968,96.75170351258141,94.49932435626097,108.66086666759362,94.49932435626097,97.89373940398941,0.0,454.3399523768846,6.079094763062845,1.5471315194429558,0.0,低,False,False,False
1858,0.8853063704281682,0.8011151347586818,0.0734342963653308,0.9552656104380244,高压尾部,1692.9086912515254,276.19823818351125,193.28459137428905,-0.1525055467322513,0.04807089950339375,2.7976572161640765,0.36,0.024399252713706493,0.13501905919001253,0.12682691349121775,114.94923272891155,107.6797637685311,105.27631295296203,102.47404067560825,124.97752725157662,102.47404067560825,109.76909980462304,136.73087713333007,265.3334938495717,10.173391190876897,1.8787204346401214,14.6535605546905,中,True,False,False
1859,0.36377023113259926,0.3543113818638029,0.0734342963653308,0.9552656104380244,中性附近,1538.5911158991107,563.0283039692191,250.55062261398325,-0.25534143289417943,0.08749847568813142,2.060247057042437,0.32614623882237,0.02901380942565334,0.22514050406028685,0.2045707431364172,100.25833386336062,99.860365338579,96.94131626244577,93.78975040569709,104.96669181437744,93.78975040569709,98.27603705616394,0.0,302.62416906234284,6.972108421671246,1.6786634317796367,0.0,低,False,False,False
1860,0.4614295659274599,0.4752126561089585,0.0734342963653308,0.9552656104380244,中性附近,1570.8057755927716,463.6210192616493,240.09808293514476,-0.21466457461024144,0.10123346942108365,2.296772841666578,0.3360202909875695,0.024343200213874924,0.20826497100773494,0.1900129587078825,100.43914319790879,100.47974137961415,97.91395304800298,94.91681831159403,108.51284206482364,94.91681831159403,99.28491492078052,0.0,440.20727726104997,6.573019578272368,1.7294848373952703,0.0,低,False,False,False
1861,0.2993028502726844,0.34192590167445097,0.0734342963653308,0.9552656104380244,缓和路径,1498.6061372247143,576.058121531653,328.49431910217027,-0.2737334017023012,0.12601893046514942,1.88154615839268,0.28502301019967535,0.02442841266582188,0.23628046747288012,0.21418070244242995,96.09950592461146,96.01025675867633,93.45575907239748,90.71423057035919,101.79618550427712,90.71423057035919,94.50436692541811,0.0,240.35929714736994,5.762698138316622,1.4210207196326454,0.0,低,False,False,False
1862,0.5079758367296227,0.4659845037816097,0.0734342963653308,0.9552656104380244,中性附近,1608.2816566863728,503.9018812590425,270.84634950087,-0.2181569480735081,0.09994096312637929,2.1895000150883552,0.3137229633250799,0.026727189628248976,0.2002217754131212,0.18307444558250183,97.27774699485978,98.26888471553049,96.31409304233152,93.70417720297341,108.48594222042523,93.70417720297341,97.39273751444054,0.0,464.01139559437433,5.936682451048337,1.6147212616797295,0.0,低,False,False,False
1863,0.3351856406927574,0.3175767284101821,0.0734342963653308,0.9552656104380244,中性附近,1531.1048995197175,560.3473356516962,277.0411025001384,-0.2237172163091559,0.11894520986619056,1.8449412857227725,0.300648007937275,0.025565185922474126,0.2300799212882915,0.2088317623874215,95.79399896858106,95.91940144483497,93.54847733514065,90.89064156087461,102.59584485229182,90.89064156087461,94.44644616800437,0.0,418.6096610901368,5.494273257613745,1.547424917681073,0.0,低,False,False,False
1864,0.11558135977434239,0.13579409989427937,0.0734342963653308,0.9552656104380244,缓和路径,1482.8196510884763,686.4665311095703,355.9975956179204,-0.33673209284982436,0.14280294597718093,2.082695379779194,0.24105911121992843,0.030969482641176695,0.2680275410309936,0.24156751456010475,97.60150529946525,96.39029353562424,93.95616942150241,91.60999444783945,103.27893222009367,91.60999444783945,95.52540675826286,0.0,50.0,5.715598798021051,1.201832762413716,0.0,低,False,False,False
1865,0.34996222033975355,0.4034552130423339,0.0734342963653308,0.9552656104380244,中性附近,1561.965046678279,533.2004894904192,304.8660803009808,-0.2630126764333861,0.11719172507091294,2.0989064458118305,0.2724223955761381,0.027957223721062043,0.22752652832529058,0.20662906193340033,97.73873919958929,97.87621032707213,95.44504575652012,92.65821741096869,103.2800639823299,92.65821741096869,96.32462478620627,0.0,298.6964556223429,5.6986804136422435,1.4021486652818138,0.0,低,False,False,False
1866,0.3339409754667446,0.4398519977699344,0.0734342963653308,0.9552656104380244,中性附近,1528.9358725663985,572.3165217507767,283.6941779159085,-0.2741604061835942,0.12954674369204727,1.9496544927516872,0.2501211922284373,0.02966171260950457,0.2302949994393465,0.2090173009033662,95.06418475242597,95.58775977070353,93.4362429677425,90.89557604550865,101.27499471549321,90.89557604550865,94.01406779212705,0.0,273.42178371580485,5.15778891011097,1.2873651415482898,0.0,低,False,False,False
1867,0.6812072651923685,0.6620777564718981,0.0734342963653308,0.9552656104380244,高压尾部,1689.3409923718543,383.89413920663907,205.8522222759905,-0.1671822367801452,0.061434947948605656,2.675139684993798,0.36,0.022281917912461913,0.17028738457475873,0.15725135558188777,107.08542862532816,106.38150942389368,104.01408170691683,101.1574552027658,118.42681829296654,101.1574552027658,106.774726771109,90.27780661923316,368.79298685603396,9.268729730993709,1.8787204346401214,8.102851596080427,中,False,False,False
1868,0.3229557568836027,0.4847335106695918,0.0734342963653308,0.9552656104380244,缓和路径,1542.7526295521193,544.596659202034,287.6464338130828,-0.2758525453686619,0.12478593276971454,2.073438426312525,0.264015170675897,0.029991242264648,0.23219324521051343,0.2106548345233692,96.51328409402004,96.67182178140638,94.30364483829688,91.61635025906189,102.17314322997831,91.61635025906189,95.1465233239499,0.0,303.68538974455805,5.421926094738792,1.316283297846618,0.0,低,False,False,False
1869,0.4189017324748661,0.42182894166755563,0.0734342963653308,0.9552656104380244,中性附近,1511.4635996136767,512.5483956858574,240.63002555944905,-0.23165614863110356,0.10383436714801775,2.2457775062895613,0.2756888973359492,0.027400969392010425,0.2156137806283431,0.19635245541770513,96.8573337471098,97.44868358628328,95.343032456521,92.73002350653242,105.31539694563406,92.73002350653242,96.06565350799865,0.0,398.406781826523,5.450567447251302,1.418961237071198,0.0,低,False,False,False
1870,0.5491293711403212,0.6013839442774799,0.0734342963653308,0.9552656104380244,中性附近,1574.186918575146,419.02383568641767,209.86951341451274,-0.20755881495381087,0.09943268248292823,2.077972585555349,0.3399795838053827,0.026069189999838066,0.19311044466695246,0.17693981151314542,97.63777465160665,98.21976792118696,96.5604079973795,94.34099319020291,108.99684634204975,94.34099319020291,97.76419892340378,25.163768836708186,405.2879683057371,7.40379075584415,1.7498631808431937,0.0,低,False,False,False
1871,0.6756678840022958,0.6870787615824205,0.0734342963653308,0.9552656104380244,高压尾部,1685.4797065741866,374.1374637018418,230.46365899065444,-0.17179801447650175,0.06260466143196934,2.337512732790764,0.3398468075355088,0.02614995064454782,0.17124458964440326,0.15807709453865978,102.12827310203593,102.10649685765156,100.2877451384178,97.87905733471693,113.63454008354222,97.87905733471693,102.5410858779602,85.87330452178867,359.4201073725509,8.385703448831523,1.7735476165671353,3.3105733866561025,低,False,False,False
1872,0.7764728590156191,0.8073542734952455,0.0734342963653308,0.9552656104380244,高压尾部,1713.224691095646,307.19434180283514,150.0,-0.14942320468533316,0.06574929690731242,2.613594231830561,0.36,0.02843169787894581,0.153825489962101,0.14305039894780455,111.44806188716414,107.33960382600775,104.97610443957163,102.1605920584487,122.05609501638776,102.1605920584487,108.55925357986754,160.8601041949605,295.1103111208469,10.5583166679367,1.8787204346401214,11.73212831950164,中,True,False,False
1873,0.6292106156171988,0.617361889069644,0.0734342963653308,0.9552656104380244,中性附近,1634.564081747058,427.61814709194346,221.62087306245778,-0.15970998040400175,0.0834383464147186,2.6580200244365093,0.3577544259132576,0.025282489388849052,0.17927240562134805,0.16500234034039973,104.02437251776547,103.92181446070461,101.79747111959762,99.13670515698945,114.31531850633623,99.13670515698945,103.98184626580813,60.188347909816,413.60055272668404,8.168238787242435,1.8413496795374107,3.9913518094501086,低,False,False,False
1874,0.49810748919191333,0.4794112117052951,0.0734342963653308,0.9552656104380244,中性附近,1596.2310162754675,542.6821001394628,280.22362666548185,-0.22005305037579645,0.11455167072068415,2.2983150910690684,0.32493133817818887,0.022402901987528204,0.20192702586763736,0.18454549058215908,99.3841315849706,99.90512990168094,97.63542209287961,94.80178590343937,109.10635943955545,94.80178590343937,98.94897725154794,0.0,459.1647511708288,6.374950045913855,1.672410380105651,0.0,低,False,False,False
1875,0.43997817659569444,0.3556069995229083,0.0734342963653308,0.9552656104380244,中性附近,1572.6127250253198,520.2409783454074,304.558296338611,-0.23292450846459478,0.10011152251300894,2.215040914657856,0.3112411303389946,0.023269584854699932,0.211971771084264,0.19321065304238091,98.97993978336315,99.3377817027772,96.93215830058612,94.05544529592323,107.07993208462453,94.05544529592323,98.00342750865285,0.0,386.86010099234227,6.253232036925199,1.6019473529798507,0.0,低,False,False,False
1876,0.5263087964029929,0.47379117591309267,0.0734342963653308,0.9552656104380244,中性附近,1598.534727462079,433.18548412112625,212.23268780141865,-0.2413138850828241,0.10327418661872735,2.4724891809495864,0.3105544641491346,0.02346162006900172,0.1970538399815628,0.18034160621366363,100.61923279235317,101.17198864139488,98.89029805354106,96.0153088312651,110.21530800736956,96.0153088312651,100.3976149878816,0.0,418.98538891323307,6.659729023743898,1.5984131058061926,0.0,低,False,False,False
1877,0.25023437382178987,0.387277279497379,0.0734342963653308,0.9552656104380244,缓和路径,1514.9680515038085,585.4536521207731,315.6885009634452,-0.2903947624769944,0.13350062850326522,1.65,0.25858797601492134,0.03404054785643387,0.24475950020359466,0.22149519320677155,93.4549432246439,93.43035171085073,91.14258835331206,88.68700123179242,100.70220002879124,88.68700123179242,92.0702000796296,0.0,277.7649940067622,5.033017574797309,1.2892252857327071,0.0,低,False,False,False
1878,0.30359230573210527,0.36544576716939103,0.0734342963653308,0.9552656104380244,缓和路径,1559.0831411461318,582.1242769198751,322.494544971034,-0.28841501788975593,0.1148232863820741,1.943857860993684,0.2971066770614605,0.027364509278793123,0.23553924956949218,0.21354128616926757,97.70098938162035,97.70608897392495,94.99674362443179,92.0753793094735,102.58101555228477,92.0753793094735,96.09345850609685,0.0,234.16042018883672,6.321835597567101,1.4812654730920438,0.0,低,False,False,False
1879,0.601696607881249,0.5214341571986706,0.0734342963653308,0.9552656104380244,中性附近,1656.8068510375085,427.5285239177834,215.34456882004403,-0.2039192673381116,0.09139459384763615,2.3922251023032297,0.3291165182151911,0.028980970585277644,0.18402682615812013,0.16910377103544139,100.59117424875436,101.01574605552106,99.23734888973884,96.85443703487539,111.0917040643408,96.85443703487539,100.90349918398954,35.13911507497687,413.51386745707657,7.461131587467314,1.6939513572725107,0.7677373674546857,低,False,False,False
1880,0.6031982623240717,0.6548751789321002,0.0734342963653308,0.9552656104380244,中性附近,1636.342392375223,394.7201071281429,235.7591779934308,-0.21434625255514517,0.08452312925674345,2.231968167415701,0.36,0.025601694557105485,0.18376734027040043,0.16887992390694434,100.2269644205675,100.54767585926935,98.75507737762048,96.37955611815849,111.71241767896785,96.37955611815849,100.61202931285088,22.482695529970442,381.7809314005413,8.04794865431587,1.8529075718386598,1.3884509820817357,低,False,False,False
1881,0.5657092051685932,0.56502687762859,0.0734342963653308,0.9552656104380244,中性附近,1649.2374584350473,386.4608053777539,265.3873322916537,-0.21049209338097333,0.08301506878441647,2.196307359207373,0.3184033716584308,0.02932952962095018,0.19024544934686707,0.17446830533146324,98.43615039640075,99.00868391527571,97.36479938268388,95.12911467548689,109.43995225481682,95.12911467548689,98.63312699378403,30.269758479389566,373.79237480553115,7.012166334109087,1.6388111617912928,0.0,低,False,False,False
1882,0.6699355599360874,0.7147913198956943,0.0734342963653308,0.9552656104380244,高压尾部,1689.0016880719395,360.12047504257447,206.38931103204618,-0.17456728251411807,0.08631593675547457,2.620521803735624,0.36,0.025215315056445572,0.17223513524304407,0.15893159491187708,105.97875914730645,105.48965580396114,103.25664375877122,100.49583971649781,117.35357052486361,100.49583971649781,105.86925823301665,75.45433864078768,345.9545016587949,9.001190941629,1.8787204346401214,7.029603827977496,低,False,False,False
1883,0.4946038842231864,0.45998668003566967,0.0734342963653308,0.9552656104380244,中性附近,1619.0981155742284,507.08188899446213,243.7648944036122,-0.2302228242494573,0.10011042435534948,2.1201296988262155,0.3528910290737124,0.02855269267664269,0.2025324488062334,0.18506776247725862,99.68600729589626,100.04346900966001,97.62083641930187,94.68608325544507,109.41369263957549,94.68608325544507,99.10474275584679,0.0,481.2685206977003,7.036440428428859,1.8163179439017176,0.0,低,False,False,False
1884,0.5854003091772615,0.6002586625808828,0.0734342963653308,0.9552656104380244,中性附近,1628.8154094050399,434.2114126801298,216.46710507065853,-0.19778299931780552,0.08518506105634542,2.3630339768518676,0.34771108462314054,0.030758803911230412,0.18684282657416923,0.17153301145586813,100.92888775249338,101.26834853000393,99.37429275728832,96.91105241082477,111.13941602521918,96.91105241082477,101.05101209279023,32.16981162185948,419.9776868826893,7.784148369976002,1.7896569486401392,0.8154493283330595,低,False,False,False
1885,0.4635593361537267,0.45431823025259854,0.0734342963653308,0.9552656104380244,中性附近,1607.8836907898892,471.2586495311949,251.09884678118274,-0.2556298749401528,0.0901982793378672,2.2669399175753515,0.2935941412814454,0.029957897798499136,0.20789694671263603,0.1896954802415236,98.848392812136,99.51157415478285,97.28003176187734,94.47292036912813,107.91842013259634,94.47292036912813,98.30885289678942,0.0,427.1763627288419,6.229010111463676,1.5111189095218318,0.0,低,False,False,False
1886,0.47298652061435437,0.5574733391984495,0.0734342963653308,0.9552656104380244,中性附近,1641.2873272355155,493.1417330593064,218.6032765090943,-0.25480934624424795,0.09990010836241517,2.280587593603487,0.34936077173389024,0.02228393780588525,0.20626792923783954,0.18829019809994307,103.2611999354206,102.95330344882137,99.9952555575001,96.65889662645739,110.11012807644252,96.65889662645739,101.77023995542898,0.0,429.05880922307006,7.7098414737275585,1.7981478312475634,0.0,低,False,False,False
1887,0.6575966140747197,0.6105117057127857,0.0734342963653308,0.9552656104380244,中性附近,1659.938702370096,366.5397957151424,241.57473109362633,-0.18480178880720396,0.07610489379214032,2.784056626833934,0.3481933416202156,0.027452171383091684,0.17436730508788845,0.16077092460117381,105.38590423050427,105.20642547299612,103.02950529494841,100.27992658765342,116.54214091864803,100.27992658765342,105.4486839774324,51.09980909069418,354.5243884879202,8.32929599203563,1.7921391087552851,6.218174221761913,低,False,False,False
1888,0.1429884473489018,0.19422552914669106,0.0734342963653308,0.9552656104380244,缓和路径,1501.0556973420905,618.917286067809,350.75041769616007,-0.3024958757129269,0.14214939695433193,1.7650558297103194,0.28722816485517066,0.026000637843383356,0.2632915962981097,0.2374820221331647,97.15723930576648,96.07135234223907,93.66899354020997,90.66994558817316,103.00667166325768,90.66994558817316,95.08192628445289,0.0,141.22230470243267,6.169007845395564,1.4320148160505382,0.0,低,False,False,False
1889,0.332542723871741,0.2936075480124701,0.0734342963653308,0.9552656104380244,中性附近,1525.1564549776394,614.6962700503784,313.6170965224768,-0.2677847609505715,0.11153336526344247,2.094250707409538,0.3069010727684291,0.025984860476629013,0.23053661731496314,0.2092257340791571,100.00975248933389,99.79827058127937,96.81564009375587,93.65062349737795,103.58357481775157,93.65062349737795,98.1023069005137,0.0,245.03259349727887,6.769504297154906,1.5796092264945272,0.0,低,False,False,False
1890,0.30685502237596335,0.26128608504994855,0.0734342963653308,0.9552656104380244,缓和路径,1531.9487078182115,534.7046851251246,287.70236113242134,-0.24137120115752225,0.1394803117573125,2.1144783089069477,0.26712684463313335,0.023931059054510238,0.23497545213343352,0.2130549227750006,96.34595048191125,96.39431130285585,94.05565241138939,91.42034023628024,102.38108487959433,91.42034023628024,94.95740494349803,0.0,327.20418304957275,5.049973687571318,1.3317969687003375,0.0,低,False,False,False
1891,0.46542550723719145,0.5045936201375714,0.0734342963653308,0.9552656104380244,中性附近,1555.9219004970957,437.102076132962,248.44774777441077,-0.2318581078646873,0.11020637231171161,2.3133805191996006,0.32308156723929643,0.028314539634696174,0.20757447234941329,0.18941729570957985,99.92818493169895,100.27452912333752,97.82368270555848,94.87030227262142,108.57281804539576,94.87030227262142,99.09382732410057,0.0,406.37169874805477,6.646970036901732,1.662889672942204,0.0,低,False,False,False
1892,0.3673019528267863,0.3364152043164872,0.0734342963653308,0.9552656104380244,中性附近,1473.6756523581112,487.974705928034,254.3268739659106,-0.28387730936420985,0.09600819569586058,2.0020523127020073,0.31414495858213926,0.02565203936222727,0.22453022255153132,0.2040442799652974,98.78964777758556,98.9308204383281,96.2679145422362,93.16491338545663,103.9906152954063,93.16491338545663,97.28207370419524,0.0,202.54191781604277,7.246016792427437,1.6168932566994112,0.0,低,False,False,False
1893,0.21886904714076294,0.2611404607367007,0.0734342963653308,0.9552656104380244,缓和路径,1488.6583545274636,644.4338212644938,269.9016955323722,-0.3076537037574232,0.11774001891716801,1.860347376995139,0.27544916054881563,0.026490674966821823,0.25017942865407616,0.22617072847753802,96.6347080545156,96.23163479430525,93.8235048608989,90.86589532619365,102.33021545479504,90.86589532619365,94.94429148407248,0.0,191.27824446644263,6.048408189848778,1.3732889989165231,0.0,低,False,False,False
1894,0.374587677008199,0.37181366600614035,0.0734342963653308,0.9552656104380244,中性附近,1484.2824672054583,566.0282053982307,243.39672848022542,-0.2728115411268993,0.10103989498644748,1.9867591172777128,0.2963444465601739,0.031012712733966726,0.22327124941298318,0.20295821889124274,97.53526904123306,97.67355693036234,95.13335083723268,92.26586080724871,103.3943794328522,92.26586080724871,96.06414693411674,0.0,256.00402306089563,6.462332766641408,1.525274635843565,0.0,低,False,False,False
1895,0.6821615527739902,0.717614264708041,0.0734342963653308,0.9552656104380244,高压尾部,1761.6281599325644,360.26006297542114,234.19989167516627,-0.1604450911251668,0.08121012842065511,2.5668255405597256,0.35107467639860906,0.02591655304901017,0.1701224836806545,0.15710910279135568,106.7541108915016,106.1198875405974,103.80171451394183,100.98310666308966,118.12719163900464,100.98310666308966,106.50747610665795,110.23497995128491,346.08859865436244,9.083107882814225,1.8321421350964857,7.8032249421185185,低,False,False,False
1896,0.11760906114325644,0.23109851711344265,0.0734342963653308,0.9552656104380244,缓和路径,1400.0,665.4823447337479,372.04175515482314,-0.29814793265233663,0.14352763517616637,1.65,0.23495462333375167,0.023773193248175926,0.26767715423444527,0.24126525119249018,92.33320299427056,91.7274976330946,89.83195876882769,87.6582844527449,100.65764207479386,87.6582844527449,90.90950616921276,0.0,85.28271869996752,4.678280066210201,1.1713980134335316,0.0,低,False,False,False
1897,0.38950821183111867,0.3662995690067407,0.0734342963653308,0.9552656104380244,中性附近,1499.2997524157174,510.73788660465254,281.75830974682987,-0.21683756501095236,0.11279777571931898,2.341903363953887,0.27794959137680947,0.026671999314054676,0.22069298099558268,0.20073405947046874,98.04775183494095,98.26859155861844,95.93514744423135,93.18772296032508,104.73881431625519,93.18772296032508,96.80641263774937,0.0,337.01119841612854,5.372740393971791,1.4305969512543102,0.0,低,False,False,False
1898,0.8503632290874512,0.8226800953641447,0.0734342963653308,0.9552656104380244,高压尾部,1712.1601937979076,286.67522107149296,178.84796144713917,-0.14386447049790735,0.04847056903925928,2.7941048314347876,0.36,0.027001606941784377,0.14105723401368842,0.13203578287336665,115.19322353205023,108.64693005805961,106.15402218892312,103.25697214562912,125.34019742508028,103.25697214562912,110.46173372709917,164.2760164276806,275.3983461562086,10.62163157467256,1.8787204346401214,15.01623072819416,高,True,False,False
1899,0.05713528134625602,0.13272334482741854,0.0734342963653308,0.9552656104380244,缓和路径,1509.2638135403856,669.144158176432,325.58949373298606,-0.3167914070896329,0.16435942110836405,1.6941487184020672,0.21147537840995184,0.028129806909958893,0.2781270233833669,0.2502798963537814,94.07248129785516,92.96904341038612,90.58365983220767,88.05076717417205,101.84827616448474,88.05076717417205,92.1334788495533,0.0,191.0583857139918,4.249543290913247,1.0543390661763423,0.0,低,False,False,False
1900,0.43966309088275546,0.5248806278267542,0.0734342963653308,0.9552656104380244,中性附近,1609.3315799692775,446.9407928400918,250.737351822725,-0.23856135421456603,0.1113361352041403,2.1684722421497997,0.3181014873124185,0.025599321802330287,0.21202621789545986,0.19325762192554108,99.46312840789412,99.72260470281412,97.23675283064986,94.299794247588,107.36574802005394,94.299794247588,98.38750140764374,0.0,383.5299697972423,6.439554525307369,1.6372573734842213,0.0,低,False,False,False
1901,0.5223246559826586,0.5573201430088537,0.0734342963653308,0.9552656104380244,中性附近,1588.152120172284,468.7573778491272,280.41055177955195,-0.17069753243011307,0.09554299600739885,2.39111431865392,0.3042919042242665,0.02445274813554363,0.1977422994461966,0.18093551008874195,97.73930376024347,98.44233737681043,96.85198727306461,94.62617030333936,108.4350440900765,94.62617030333936,97.83208551374723,16.155687392245454,453.3912133795008,5.844879543954382,1.566179926073188,0.0,低,False,False,False
1902,0.40565564437605395,0.37541268793253074,0.0734342963653308,0.9552656104380244,中性附近,1538.419683548893,479.47023233516626,255.82467462974148,-0.23362005224348792,0.11022908803274901,2.005688688372768,0.32130450047321263,0.021510230381848877,0.21790270465181788,0.19832701008233547,97.58950818907873,97.94006404122908,95.53042718548116,92.70979153650885,105.72023221384495,92.70979153650885,96.49331743175314,0.0,387.90311846970144,6.319682400140262,1.6537431716462607,0.0,低,False,False,False
1903,0.4925483432868183,0.6171488191121731,0.0734342963653308,0.9552656104380244,中性附近,1567.9501925157604,458.45173575996796,243.5791096865454,-0.23194499248249953,0.09328048097333473,2.04788791014065,0.3274229290847519,0.026286383334629532,0.2028876462800378,0.18537417580577997,97.13771229448581,97.83997006436785,95.74311430129507,93.13686499283249,108.02557216092548,93.13686499283249,96.85736882289358,0.0,443.42339678128906,6.471488763898291,1.6852345124853594,0.0,低,False,False,False
1904,0.8628398592476115,0.7110335836198847,0.0734342963653308,0.9552656104380244,高压尾部,1772.9472728294165,295.885721765746,190.35117636987636,-0.12799568500220648,0.035,2.5692356713469118,0.36,0.021731940476009744,0.13890127232201271,0.1301759289981821,114.23413028524618,107.3483468993605,104.96948697110771,102.18967614744682,124.45238334934757,102.18967614744682,109.34356411745956,187.67016987961688,284.2465355776282,10.445473773163583,1.8787204346401214,14.128416652461453,中,True,False,False
1905,0.4141796381880156,0.38340922217181045,0.0734342963653308,0.9552656104380244,中性附近,1543.642234880771,571.6981163245555,239.27262114086565,-0.23594198237612313,0.10192280907995058,1.871540450567787,0.30553900030738634,0.026431818499185404,0.21642975852111088,0.19705636386458922,95.09148141494053,95.81228607393811,93.78914091492828,91.27432727093421,104.84832363269342,91.27432727093421,94.45877496567903,0.0,458.66303079007594,5.795468558252187,1.5725986865599189,0.0,低,False,False,False
1906,0.5096583268171061,0.44929458491237917,0.0734342963653308,0.9552656104380244,中性附近,1591.973985267206,455.8595936443402,216.07509021568566,-0.1950702683138334,0.09173874296318897,2.274035854864743,0.3317918487796149,0.02318877340307273,0.19993104112600404,0.18282364182627944,99.04717161069499,99.46441945724611,97.63842150733147,95.249766062836,108.90335534447898,95.249766062836,98.77699894836738,18.303694631735198,440.91622673001604,6.930403511668046,1.7077211913280443,0.0,低,False,False,False
1907,0.28818542098422484,0.20882433381192825,0.0734342963653308,0.9552656104380244,缓和路径,1515.3334037946986,579.7537177543948,324.5505641613301,-0.268855857979984,0.12360027621390132,2.1636773618157155,0.2374780412957506,0.030927081738179003,0.23820155925392592,0.21583794431614167,95.96505196750715,96.09536364830194,93.79272170668263,91.19450773630255,101.57196035570368,91.19450773630255,94.6022472715815,0.0,231.42272854672592,4.788545240519908,1.1839788545585395,0.0,低,False,False,False
1908,0.4507147089026451,0.47591380428894203,0.0734342963653308,0.9552656104380244,中性附近,1555.5996212642935,495.1100843189309,256.1081195305324,-0.23397785712867203,0.09939972206017936,2.2829381437781198,0.329820479571516,0.030330760364784926,0.2101164983016229,0.1916101903404497,100.32763444940194,100.477785996339,97.92212864902433,94.91221351542937,108.19234575566145,94.91221351542937,99.23775055359474,0.0,375.2364721538579,6.831520532448447,1.6975746220708887,0.0,低,False,False,False
1909,0.9567900061377657,0.9552440309169822,0.0734342963653308,0.9552656104380244,高压尾部,1777.740292598729,220.53972839337825,169.01516381984194,-0.12653070055899807,0.04021223829847701,3.089961483706004,0.36,0.02611947477384179,0.1226666869393941,0.11617106209704064,122.82253537996144,113.20985513428369,110.10284368575005,106.78575495708246,132.41119096211816,106.78575495708246,115.71401578670249,216.23018869047155,211.86440960702706,11.418530531938782,1.8787204346401214,22.087224265232038,高,True,True,False
1910,0.37781627675162976,0.387228753097027,0.0734342963653308,0.9552656104380244,中性附近,1486.9817593955886,549.3538409864573,314.97347350692996,-0.2616746674750086,0.1189532595171148,2.114218817392961,0.2875334859783024,0.024605262715641524,0.22271334737731835,0.2024769412011006,97.27416909301583,97.75758048277359,95.39923850588674,92.62126110524221,103.63793364070519,92.62126110524221,96.13531256393749,0.0,201.47915846196884,6.164364631441405,1.47992492590656,0.0,低,False,False,False
1911,0.24551822717133748,0.15975147357540945,0.0734342963653308,0.9552656104380244,缓和路径,1530.270143134636,586.478885868906,308.99164688744196,-0.2743430662741082,0.13180234727547507,1.9123376136472874,0.23616506638388923,0.026040825080581646,0.24557445034479286,0.22219821505731827,94.52923672328623,94.47659605193903,92.19906174083215,89.71955083516225,101.21870915080986,89.71955083516225,93.12299730842633,0.0,272.0275395559438,4.574888859065737,1.1774328407724746,0.0,低,False,False,False
1912,0.659984703104954,0.598130625015384,0.0734342963653308,0.9552656104380244,中性附近,1688.8746401226676,371.1030685046819,208.83099699928752,-0.19663223448884193,0.07269959536651346,2.3169076628861416,0.36,0.01840217061607998,0.1739546433034639,0.16041493932468867,102.51493805053862,102.56485938167218,100.63704861096535,98.1347208896744,113.75507938402802,98.1347208896744,102.85204229040788,67.5565016163855,358.93807429810255,8.871371050884472,1.8529075718386598,3.431112687141905,低,False,False,False
1913,0.5107753350256728,0.5742390066309713,0.0734342963653308,0.9552656104380244,中性附近,1626.593463603634,473.31899563476145,253.17206173862144,-0.21612018767844698,0.09370429783260019,2.454333693487929,0.33810623158377784,0.02445104054571024,0.19973802210756372,0.18265713275943626,101.92988776924278,102.12861106500858,99.572148890292,96.52117679197129,110.38417550964768,96.52117679197129,101.22208667367269,0.0,457.8032984378567,6.797058173906181,1.740221101631715,0.06020881276155876,低,False,False,False
1914,0.5618580790834874,0.4653614216675477,0.0734342963653308,0.9552656104380244,中性附近,1660.6399047711686,422.7378799082347,260.2603811035302,-0.21086749240325584,0.09531580343829632,2.4231551052546187,0.36,0.025761511825289702,0.19091092393437337,0.17504238115812992,102.40642368864212,102.46935351849223,100.17194269944657,97.59157173533893,112.25504981274733,97.59157173533893,102.1399636294166,7.1943967597071605,408.8802637998396,7.726781142367075,1.8529075718386598,1.9310831158612132,低,False,False,False
1915,0.8395343998028659,0.8204640449708367,0.0734342963653308,0.9552656104380244,高压尾部,1682.3613986372293,285.69768464492284,184.6603567618456,-0.14325568920751972,0.06971556714894504,2.812260282906874,0.36,0.024417569290575515,0.14292845571406476,0.13365000400921132,113.59878819896777,107.57666746379486,105.19527005782919,102.38370194432548,123.89648732692352,102.38370194432548,109.29895968617441,137.66511843453554,274.45926284730376,10.01074960131809,1.8787204346401214,13.572520630037403,中,True,False,False
1916,0.7324983046995874,0.7923728944719323,0.0734342963653308,0.9552656104380244,高压尾部,1707.9237082208674,341.4538051606376,223.71624336484052,-0.16209231633938756,0.06904247515875318,2.4122208103957683,0.36,0.034759701028818604,0.16142429294791127,0.14960555400203873,106.5143987588351,104.38161213773961,102.33538042366473,99.77028678388822,117.85203531066001,99.77028678388822,105.29528838520531,116.178160453288,328.0221181255586,9.547294410003868,1.8787204346401214,7.528068613773897,低,False,False,False
1917,0.591358152145881,0.49220567676598587,0.0734342963653308,0.9552656104380244,中性附近,1644.2598582167489,401.36740137499527,248.09958445773037,-0.17901924778351974,0.08828140150927652,2.5930208019792524,0.36,0.02690113434414917,0.18581331130919176,0.17064489365557375,103.90376442513181,103.73917906626949,101.53056345773976,98.82709111198686,113.09301626101538,98.82709111198686,103.49911472435556,40.033448659041824,388.2103231214776,8.079020200835947,1.8529075718386598,2.7690495641292614,低,False,False,False
1918,0.570418891910373,0.6210547505521002,0.0734342963653308,0.9552656104380244,中性附近,1593.6439642309156,475.2935635811624,216.19747015843825,-0.1923553362086539,0.10060222403859084,2.3087357382575124,0.3064318141312554,0.021649378634552716,0.18943161547788753,0.17376624644014704,97.5247882056199,98.37128856452973,96.8759466028583,94.7232482212116,109.17565184314444,94.7232482212116,98.04667164859185,27.452075734254322,459.7131387932807,6.479572025718529,1.5771939684890555,0.0,低,False,False,False
1919,0.6203443172321494,0.6845173560358462,0.0734342963653308,0.9552656104380244,中性附近,1610.0777010106208,408.2058703043387,238.84758670533662,-0.1990676583053256,0.09823744398658817,2.450134453194945,0.33693568384493927,0.03235215217912872,0.18080450198228457,0.16632401287523466,100.4876035319173,100.93406141469455,99.16757028003288,96.78949140892158,111.72265869966644,96.78949140892158,100.984554160821,25.333486579111195,394.8246226974321,7.4446173793347254,1.7341963328303465,1.3986920027803222,低,False,False,False
1920,0.458611535425086,0.3698696483323357,0.0734342963653308,0.9552656104380244,中性附近,1582.4212353039673,442.6055993794546,251.14632254796578,-0.2337306047832664,0.09277182976331798,2.1975956123015212,0.3433256416376949,0.0288390625093115,0.20875192667854514,0.1904330340714181,100.61866950947763,100.61653948285692,97.97115320250249,94.91117747456873,108.35397410895612,94.91117747456873,99.39795444676393,0.0,362.0811754774768,7.037393040951636,1.7670852249912532,0.0,低,False,False,False
1921,0.5522954508823625,0.39051028195566995,0.0734342963653308,0.9552656104380244,中性附近,1605.9234188624876,413.94036555069636,253.29937028942695,-0.21136117642834767,0.08959707044622844,2.3525142188012285,0.31885943380616366,0.02433194277941342,0.19256334608752773,0.17646785349228644,98.99792801347695,99.64676306593984,97.97617381711012,95.64927490274708,109.8502864684901,95.64927490274708,99.26774026487092,15.119282869311064,400.37113754866476,6.891250784879734,1.6411584979211904,0.0,低,False,False,False
1922,0.9315639432280473,0.9255073708594781,0.0734342963653308,0.9552656104380244,高压尾部,1721.593943345379,200.0,203.7371796847791,-0.1368105529158156,0.043583538296707774,3.033694257703187,0.36,0.027452358031458002,0.12702575061019342,0.11993143571203335,119.3757992761063,110.68686334413105,107.90515408320397,104.8183818782737,129.2983393701966,104.8183818782737,113.06521064796632,164.5526065535014,200.0,10.56176132318731,1.8787204346401214,18.974372673310484,高,True,False,False
1923,0.8727564113995183,0.8832456514047201,0.0734342963653308,0.9552656104380244,高压尾部,1742.1840403825556,288.5007579416533,188.79980927812477,-0.12234465618086715,0.07486633643437575,2.5551790581508484,0.36,0.025743278450881826,0.1371876921101632,0.12869769828111827,113.24220266292296,106.61309106696089,104.3397530347658,101.63565819078802,123.07097492096062,101.63565819078802,108.53547508212196,181.09734731546268,277.15207231715914,10.244754959764082,1.8787204346401214,12.747008224074506,中,True,False,False
1924,0.3006439031338573,0.34773055490062077,0.0734342963653308,0.9552656104380244,缓和路径,1523.5107704825323,494.8869056015738,263.8537259716882,-0.2618882463491193,0.11961639595104244,2.1089302558101597,0.26354298214728594,0.02909890653962122,0.23604873353846945,0.21398079571051093,97.05154937204928,96.8515507483899,94.32178035106828,91.57415897264669,102.68626156862788,91.57415897264669,95.41084270933997,0.0,330.6958845165991,5.273607770623095,1.3139291381517246,0.0,低,False,False,False
1925,0.627067759670984,0.7111022250751722,0.0734342963653308,0.9552656104380244,中性附近,1682.655553196431,405.8982424919326,235.50416292362317,-0.17773092286223524,0.08016548063212725,2.430370497003356,0.32676483773636145,0.02412180174864317,0.17964269112885392,0.1653217694558235,101.25915100121306,101.60457328697818,99.82605976045001,97.4330844295216,111.7941292130973,97.4330844295216,101.67159186325983,66.82567235164424,392.5926403898772,7.624166958880529,1.681847339034264,1.4701625162111895,低,False,False,False
1926,0.5420871952312595,0.5437224924144126,0.0734342963653308,0.9552656104380244,中性附近,1650.50683455875,427.02764032719995,207.8730739137871,-0.2147930857874077,0.09399294311102983,2.250946888092708,0.3501207781019152,0.026073704210792865,0.19432733266403834,0.17798956757596612,100.6793560605473,100.91185541642277,98.96899742146344,96.47386588411837,110.39313315817282,96.47386588411837,100.46802363301221,20.777285485484754,413.02940314861377,7.769511358195782,1.802059557786339,0.06916646128669868,低,False,False,False
1927,0.5661521581150732,0.5575678407994171,0.0734342963653308,0.9552656104380244,中性附近,1557.9505588231045,435.0638051908006,268.5401094721989,-0.2067245619030744,0.10289977099576192,2.298181717938022,0.36,0.021718094036520967,0.19016890707771533,0.17440227566291813,99.6873915308787,100.11971433414126,97.86639603157042,95.15196096859225,110.64879088435647,95.15196096859225,99.69807244026775,0.0,420.8021374256587,7.0609704558432815,1.8529075718386598,0.32482418747035524,低,False,False,False
1928,0.7240241619437722,0.5982112813503745,0.0734342963653308,0.9552656104380244,高压尾部,1619.290018595454,348.90711480659854,191.40666481339184,-0.16969462335967653,0.08387522362346447,2.4553996884692224,0.36,0.02244574957416311,0.16288862481611616,0.1508687690722102,104.79625042730213,103.39108639008602,101.42781718060535,98.91484298021686,116.42896481577363,98.91484298021686,104.18734265085018,88.82880016593117,335.18223870457393,9.275106824516294,1.8787204346401214,6.104998118887508,低,False,False,False
1929,0.8436286599979367,0.7687462441190915,0.0734342963653308,0.9552656104380244,高压尾部,1758.4463144851463,244.96148146736618,192.06090602447054,-0.12519200575034778,0.08225711335427335,2.839609938213232,0.36,0.027830392338490013,0.14222096755235653,0.13303968490925666,116.21668047229866,109.90494827770071,107.23585304911124,104.20166511433932,126.42543698233803,104.20166511433932,111.56935137085014,188.34532221529298,235.32548999504664,10.62325304950627,1.8787204346401214,16.10147028545191,高,True,False,False
1930,0.39345833137981673,0.23641875984000862,0.0734342963653308,0.9552656104380244,中性附近,1549.4894816225317,512.9084721575524,281.4105550843158,-0.27828124273791005,0.1124270022692699,2.3271992971625024,0.2915051674462597,0.024727736190793867,0.22001040033756766,0.20014522698479106,100.9899726579266,100.93659698622658,98.1722027974185,95.04221980332542,105.87748039985998,95.04221980332542,99.32340627987784,0.0,237.7361719298351,6.772952509717581,1.5003670333090864,0.0,低,False,False,False
1931,0.8524250099243467,0.8098711493546824,0.0734342963653308,0.9552656104380244,高压尾部,1732.8856963782766,295.99834754384614,195.25966069592798,-0.12610930384398555,0.05234679436302076,2.677923415250666,0.36,0.026180440547510283,0.14070095828507287,0.1317284393815698,114.42996359436157,107.92093218955033,105.50348848959781,102.67759742828964,124.56424328165203,102.67759742828964,109.76148175114294,184.799128814122,284.3547310223109,10.543604001345516,1.8787204346401214,14.240276584765908,中,True,False,False
1932,0.7628489717458029,0.7709041554547571,0.0734342963653308,0.9552656104380244,高压尾部,1706.4798053013599,330.79452914192257,173.9028840360472,-0.14028838777492375,0.07908920463120478,2.5034695432095333,0.36,0.02328736534608843,0.15617969768232526,0.14508127100288515,108.77473739585362,105.4531484629696,103.29978689980544,100.63313373605322,119.80186895080797,100.63313373605322,106.59007391510882,143.89085732794229,317.7821435096689,9.823904074930294,1.8787204346401214,9.477902253921854,中,False,False,False
1933,1.0,0.8323480894301909,0.0734342963653308,0.9552656104380244,高压尾部,1800.0,267.1924544998194,150.0,-0.1,0.035,2.897226376969246,0.36,0.028312477114309693,0.1152,0.10972987777885891,122.08147215513904,111.82226139711855,108.82470175412737,107.96924229195153,131.26074350240708,106.29962484828198,114.7277371463201,755.9697241129379,256.68196853441106,11.241260739243431,1.8787204346401214,20.936776805520964,高,True,True,True
1934,0.6205807971086134,0.6491411355386307,0.0734342963653308,0.9552656104380244,中性附近,1619.103478115553,397.37985276282717,246.82766679491428,-0.2175182379104452,0.08701137033240683,2.2348562019523635,0.35496644263970833,0.025350991489720705,0.1807636382596316,0.16628876152859706,99.7042873923446,100.14576913782925,98.44205133810105,96.119811300655,111.70606780964097,96.119811300655,100.32705662332019,20.507839284242436,384.3534888845933,7.9588122625380375,1.82700002587708,1.382101112754853,低,False,False,False
1935,0.21467184002083248,0.22426523090410208,0.0734342963653308,0.9552656104380244,缓和路径,1494.2627316451708,637.8494984360518,361.7458617765034,-0.2789400798269326,0.12652188649920912,1.848111535895171,0.26352141908957966,0.029936203774852933,0.2509047060444001,0.22679639356712936,95.32522566210899,95.12930672925606,92.7034147271593,89.98215525881326,101.62201524252461,89.98215525881326,93.79278671065687,0.0,199.98825161159402,5.273008774179073,1.3138216326146883,0.0,低,False,False,False
1936,0.5537051323040164,0.39430847236865074,0.0734342963653308,0.9552656104380244,中性附近,1616.1133422410046,429.49464051526957,188.54718940536114,-0.21576202534098235,0.09046937156066831,2.5204666164440894,0.33477488497647123,0.026330290976705698,0.19231975313786595,0.17625771650648314,101.48158472257018,101.85518833713775,99.77319971053417,97.28224537946147,111.3768944729034,97.28224537946147,101.4890285607848,7.850711778575715,415.41553350416916,7.365632151219252,1.7230747756508888,1.0529277760172846,低,False,False,False
1937,0.09221561872948644,0.1344930478189976,0.0734342963653308,0.9552656104380244,缓和路径,1416.677847144033,646.531574903687,359.4088923052944,-0.3276005657084376,0.1518172173656306,1.7224598729359664,0.22932762902913456,0.025531922162222852,0.27206514108354474,0.2450505755686452,93.44546287373201,92.58671771265004,90.56954356807161,88.3986190754116,101.40409141329447,88.3986190754116,91.83454535577555,0.0,73.96913750825843,4.951353831978539,1.1433438732063474,0.0,低,False,False,False
1938,0.5286040524578721,0.556731820467886,0.0734342963653308,0.9552656104380244,中性附近,1560.6146981745517,479.46745091681163,256.07295552708905,-0.20747850262693074,0.1085895039156659,2.576935088870416,0.3480455568067175,0.024078141572528473,0.1966572197352797,0.17999945927066624,102.45200710098125,102.52402231426925,99.93258588693563,96.82312094968557,111.12163385092875,96.82312094968557,101.77268304999731,0.0,420.52638734726133,6.996058042424497,1.791378465422137,0.7976671540426281,低,False,False,False
1939,0.6947627002542865,0.679458434752845,0.0734342963653308,0.9552656104380244,高压尾部,1715.058662971604,339.1500499653438,174.9947298165707,-0.16612975403175312,0.08175514954796537,2.556668919071759,0.36,0.02628186175833511,0.16794500539605928,0.15523068749234034,107.29488377254563,106.41560674405879,104.06530160068998,101.22651659183042,118.84786753241129,101.22651659183042,106.91879488318979,117.99926771243918,325.8089851998689,9.817419476597902,1.8787204346401214,8.523900835525168,中,False,False,False
1940,0.64162993160964,0.6116270730871992,0.0734342963653308,0.9552656104380244,中性附近,1628.413402552188,431.6349635149368,224.79067707571207,-0.18287315657998768,0.0910218059405861,2.5466429399479744,0.36,0.023213516827098643,0.1771263478178542,0.16315103011647092,103.28908824004597,103.30088357273499,101.27809111983228,98.69327328734789,114.02737270240948,98.69327328734789,103.46329814073444,53.25253423201684,417.4856953569721,8.516611649375099,1.8529075718386598,3.7034060055233624,低,False,False,False
1941,0.6910460243971821,0.6188504921907066,0.0734342963653308,0.9552656104380244,高压尾部,1670.9832446011728,366.17644311982616,179.358426804124,-0.16534324710798468,0.047730032230508604,2.5991445063268164,0.36,0.026664982631786963,0.1685872469841669,0.15578472122636197,106.19212391505721,105.44631262560792,103.21055450077772,100.46139228574198,117.76246013751368,100.46139228574198,105.96066400463164,92.25806523808205,351.7722475616889,9.260065508004782,1.8787204346401214,7.438493440627568,低,False,False,False
1942,0.5641369187293525,0.48601945065107344,0.0734342963653308,0.9552656104380244,中性附近,1604.621972057998,427.8001722353518,248.5897498688946,-0.20789331497665287,0.08628563069095278,2.4531219051548505,0.36,0.020828100282228788,0.19051714044356788,0.17470268136003703,101.99062350517008,102.10375777003607,99.60881547843113,96.82539792339523,111.96686284246816,96.82539792339523,101.65832834079903,0.0,413.77661097031995,7.337611116300902,1.8529075718386598,1.6428961455820428,低,False,False,False
1943,0.3463961295248192,0.22328212005167183,0.0734342963653308,0.9552656104380244,中性附近,1503.7880734081434,532.3909771747549,249.99938200001685,-0.30983988554631253,0.11623791936863336,2.1525573984239,0.29221718512954425,0.028951037466535275,0.22814274881811122,0.2071606484063723,99.06547503078403,99.18055168516572,97.13772850542817,94.17516558784492,103.61820200899017,94.17516558784492,97.78944907615555,0.0,118.66095808841601,7.254213434109696,1.5040317637442,0.0,低,False,False,False
1944,0.3242913848298666,0.2860377396209401,0.0734342963653308,0.9552656104380244,缓和路径,1560.8024438919506,535.4247408782393,248.99335110458068,-0.25514307804398684,0.10850979780648706,2.100208534947989,0.2700939611143687,0.021642100863371688,0.23196244870139904,0.21045573646726143,96.84781450147217,96.91380994053301,94.51808529602636,91.8171197977514,102.78562272078504,91.8171197977514,95.4350976249016,0.0,384.4353941037498,5.284276864687639,1.3465899287299332,0.0,低,False,False,False
1945,0.06941216938101007,0.12148633023384503,0.0734342963653308,0.9552656104380244,缓和路径,1400.0,652.3698076233433,330.2509641202397,-0.31102399023827715,0.14832775073986526,1.6765021920175935,0.21034278530193531,0.021549049898826344,0.27600557713096147,0.24844981743875882,92.62409533170467,91.7456198909965,89.67799010893289,87.24695827522021,101.05763403671304,87.24695827522021,90.94916702132811,0.0,152.17984791595882,4.229258461178374,1.048692370240189,0.0,低,False,False,False
1946,0.1998238558616951,0.2633307809582663,0.0734342963653308,0.9552656104380244,缓和路径,1474.4586401082786,600.9564680698279,300.50489732525,-0.2941253618650615,0.13942337047852932,1.65,0.25846208416881483,0.027626508422336826,0.2534704377070991,0.22900973807783145,93.5076725741661,93.42008119283614,91.13982184615352,88.59452072412805,100.81724268360348,88.59452072412805,92.14927519433076,0.0,199.58532203242066,5.131583994295493,1.2885976349278658,0.0,低,False,False,False
1947,0.21737749358720193,0.3903569105750914,0.0734342963653308,0.9552656104380244,缓和路径,1554.182766362683,586.8235621612737,310.15832372986375,-0.2916084640859657,0.13834726826394395,1.7462338055873081,0.23834663259896616,0.022171871844551595,0.25043716910813146,0.22639306989673735,94.23520008721589,93.92089119162415,91.54118216622675,89.05764184375286,101.11219599425756,89.05764184375286,92.63480228295795,0.0,261.0134055233211,4.643905811510427,1.1883093338342212,0.0,低,False,False,False
1948,0.5523418301840544,0.5335769980021635,0.0734342963653308,0.9552656104380244,中性附近,1659.7767193815803,449.32939406745146,223.58323403718583,-0.18031939467802802,0.08792036076889381,2.3920245274478416,0.33554131380648716,0.023668159175579098,0.19255533174419542,0.17646093986874606,101.28636917243648,101.58612207897838,99.60735294047622,97.07431274781787,110.16001920275767,97.07431274781787,101.06104941307241,46.38346118403206,434.6000912414162,7.442691582022574,1.727019558379811,0.0,低,False,False,False
1949,0.04225877300266834,0.1871229798482439,0.0734342963653308,0.9552656104380244,缓和路径,1440.693936244751,639.4285835532291,346.82892323629545,-0.3309832832799797,0.16294413126425655,1.65,0.244053365131732,0.03101973548488403,0.28,0.2524974928791946,94.27753512897382,92.86106474733157,90.62709048538811,88.50133598306093,102.11865402571694,88.50133598306093,92.262617586537,0.0,50.0,5.219912753453638,1.2167610197692647,0.0,低,False,False,False
1950,0.19542373133199215,0.18884569892947461,0.0734342963653308,0.9552656104380244,缓和路径,1472.7786883277859,640.7769214348518,316.63322865095466,-0.2899012313645752,0.14992213564497597,1.7412650376819638,0.2690013955735421,0.028102721190000377,0.25423077922583176,0.2296656514577114,95.35092717689729,94.87233300658319,92.29728160746299,89.5170468104893,101.82141766110513,89.5170468104893,93.5976241246531,0.0,210.37912227890592,5.472536803186705,1.3411427956371227,0.0,低,False,False,False
1951,0.5076027940132726,0.5751406357896449,0.0734342963653308,0.9552656104380244,中性附近,1610.9038344301457,459.0442480798174,248.88469250729608,-0.1892955126860221,0.10715931398779738,2.36198646725971,0.3124424251901891,0.02917018260975794,0.20028623719450647,0.18313005394250823,98.86518091083215,99.39414008883023,97.6396125740536,95.27858966905175,108.69915756167283,95.27858966905175,98.68013383607885,16.289607784980035,443.9964861710955,6.345500843862883,1.608130376107043,0.0,低,False,False,False
1952,0.48840184992502766,0.3642527444113271,0.0734342963653308,0.9552656104380244,中性附近,1630.8314264685494,473.6312982283941,244.15092897711355,-0.2319391001483684,0.09817654078548713,2.077781992072,0.34767633573579754,0.02999958397159938,0.2036041603329552,0.18599228114739524,99.34694556308341,99.63687408102479,97.23306199708937,94.45345858784732,108.91292360554682,94.45345858784732,98.63868603292843,0.0,458.1053635541827,6.994190976577494,1.7894780973166093,0.0,低,False,False,False
1953,0.5140195218177405,0.6205151359821732,0.0734342963653308,0.9552656104380244,中性附近,1609.709652441665,475.4269117196855,236.96852689424952,-0.22358564908408243,0.11182860322349407,2.422361416427285,0.3516897941846946,0.023133655552047643,0.19917742662989443,0.18217353155465615,102.56779999013425,102.59626141669689,99.89315730633251,96.70563539184154,110.79227995026189,96.70563539184154,101.70672749105223,0.0,427.98879279398534,7.2484207200220805,1.8101352293977793,0.46831325337576857,低,False,False,False
1954,0.4390778784573752,0.5049603421694889,0.0734342963653308,0.9552656104380244,中性附近,1540.3381492354229,511.17514892677013,255.01054182514534,-0.2422536541632627,0.0901277134580222,2.204073068866961,0.2949806695031473,0.027963212703569655,0.21212734260256555,0.19334485778836444,97.73905649199084,98.3718344735862,96.14795948433338,93.40045249484533,106.34024995288816,93.40045249484533,97.0187579488646,0.0,365.414033442039,6.036423258181652,1.5182553224122743,0.0,低,False,False,False
1955,0.5904659262734197,0.5567684278086437,0.0734342963653308,0.9552656104380244,中性附近,1616.6602506625186,419.91152360518015,234.9173930618084,-0.18797683688751016,0.08702339003881615,2.539470741289908,0.343872896209526,0.026988187569417062,0.18596748793995307,0.17077789509307215,102.0004234099084,102.13358093718055,100.15217079669385,97.62450330238697,111.83982435718404,97.62450330238697,101.94382081732098,30.222946804791718,406.14655725091114,7.592187633321169,1.7699019253797788,1.5158576602979252,低,False,False,False
1956,0.07682603214143381,0.027371737078139224,0.0734342963653308,0.9552656104380244,缓和路径,1415.6244754358922,626.1307008576346,376.9936041951488,-0.32821720709591806,0.14703006169385857,1.693657142334888,0.2609804067029595,0.03353776497774444,0.2747244616459602,0.24734465513066298,94.78535761272875,93.48889221323574,91.24773797881393,89.06781354772755,102.19266862246982,89.06781354772755,92.81030447027958,0.0,50.0,5.655422175810405,1.3011530721089912,0.0,低,False,False,False
1957,0.3907768336647589,0.2885655502475651,0.0734342963653308,0.9552656104380244,中性附近,1510.8196747525838,576.0867185685656,270.06224091567225,-0.2558826890704589,0.1188469577146854,2.055902575528518,0.30007467662673404,0.029113241214445064,0.22047376314272965,0.2005449498148044,97.4287484697574,97.82154516179833,95.44527115122546,92.64741326221812,104.41200722064066,92.64741326221812,96.276227751624,0.0,280.2860007051531,6.2903325589957415,1.5444740012186466,0.0,低,False,False,False
1958,0.20739467027731653,0.3232252543296925,0.0734342963653308,0.9552656104380244,缓和路径,1475.4057623367055,562.455351343782,269.25262097196537,-0.30660101194030387,0.1308117359837516,1.8117220735417854,0.2834350344610169,0.020417219621879156,0.25216220097607966,0.22788117945675776,96.33913767352674,95.80432838681048,93.63971442767969,90.72997116018206,102.3472719412538,90.72997116018206,94.67720494046944,0.0,137.45870223169186,6.216592394040078,1.4131036520761462,0.0,低,False,False,False
1959,0.49952722502178204,0.5361516060216523,0.0734342963653308,0.9552656104380244,中性附近,1584.4548761482833,495.2589046801502,245.343326003451,-0.23245733242002078,0.10686233644812301,2.1336593502477017,0.33616015680258643,0.03598617680482013,0.20168169551623605,0.18433385481584846,98.51820963166243,99.11302039042127,96.86727754090157,94.06360158340426,108.74304497366825,94.06360158340426,98.17089959526763,0.0,419.9701270690639,6.718563565494086,1.7302047219166212,0.0,低,False,False,False
1960,0.5673128525194453,0.4813310736268804,0.0734342963653308,0.9552656104380244,中性附近,1616.7414140290598,426.44214903175066,239.94490750136325,-0.19538152962400274,0.09431316502721097,2.3435350920959834,0.3293353548792023,0.02205134730346574,0.18996833908463984,0.17422925442575993,99.9505101817255,100.42258410837353,98.64233050864497,96.2720426314067,110.09205707426878,96.2720426314067,100.0657826773994,40.66766017694863,412.46310462956984,7.46785153166873,1.69507770202735,0.0,低,False,False,False
1961,0.27817854514313606,0.18128678366310697,0.0734342963653308,0.9552656104380244,缓和路径,1479.0741457365452,556.0688903104483,313.2617206743088,-0.2549270014885907,0.13474369735935662,2.260806522058897,0.2634576897013356,0.026290046148851477,0.23993074739926606,0.21732963931492172,97.70307997833964,97.64232233609373,95.01127505446766,92.16821403559292,102.61227355468479,92.16821403559292,96.10637192132623,0.0,204.34541534246273,5.367952343483469,1.3135039011407246,0.0,低,False,False,False
1962,0.7904232473439046,0.5552803930930021,0.0734342963653308,0.9552656104380244,高压尾部,1687.0106760174338,301.4040293369559,164.33156835971377,-0.14055635336615535,0.07585138575048853,2.5879156858451546,0.36,0.022905136416803383,0.15141486285897326,0.14097085635820855,110.61269986698686,106.18913441490761,103.97073048858952,101.26414280413356,121.27871742396567,101.26414280413356,107.5561840112296,152.0012326846445,289.54777079779217,10.163322798563827,1.8787204346401214,10.954750727079556,中,True,False,False
1963,0.49272254630811513,0.4280147390246754,0.0734342963653308,0.9552656104380244,中性附近,1639.5535319953124,499.81194655378187,277.2094835604426,-0.23600159169631293,0.08417997011100693,2.2179595679563135,0.32043899078320204,0.031092909607513503,0.2028575439979577,0.18534820788334666,99.14208873119432,99.75078028698528,97.5174355462494,94.70118874230205,108.94686890514652,94.70118874230205,98.78240047191339,0.0,423.18659424885846,6.441016706208522,1.649288423151482,0.0,低,False,False,False
1964,0.03817872961916189,0.07715297507931584,0.0734342963653308,0.9552656104380244,缓和路径,1400.0,700.0,365.51414773407964,-0.35,0.16770083829998755,1.775522855163418,0.22638941039903487,0.024901238008301026,0.28,0.2531056927216461,94.01098210589265,92.7071394980594,90.52483151759631,88.44717999803161,101.97663084378152,88.44717999803161,92.09169982580282,0.0,50.0,4.866643014661734,1.1286949873172494,0.0,低,False,False,False
1965,0.3100707853331108,0.3468399945866147,0.0734342963653308,0.9552656104380244,缓和路径,1516.9031935509086,539.9776106155223,317.15606437614167,-0.2649887214495256,0.1346827033425235,2.2791308825907417,0.2641421390098488,0.03125609095857495,0.23441976829443842,0.21257555862612784,98.15061602530201,98.10887050539206,95.5246950150236,92.67972759545214,102.73069444688737,92.67972759545214,96.56183356697724,0.0,221.10564474979037,5.5128389414498224,1.316916315627029,0.0,低,False,False,False
1966,0.6244574288290404,0.6040326051410786,0.0734342963653308,0.9552656104380244,中性附近,1621.1429724493885,412.98632646469815,184.35945348790486,-0.19064286581049705,0.0941462268624513,2.396955867740074,0.3398429347503753,0.027282583956523106,0.18009375629834182,0.16571088365329367,101.00434747256661,101.33236824511134,99.49763685121643,97.07855945162719,111.33326495607201,97.07855945162719,101.28091257721844,49.28907278803672,399.4483724696447,7.913886990166819,1.7491598528745613,1.009298259185897,低,False,False,False
1967,0.3953406208564613,0.383054314312422,0.0734342963653308,0.9552656104380244,中性附近,1493.6825547372666,528.1793225743369,259.1816245874613,-0.22852839603126104,0.11755095967708175,2.200668547861359,0.2964221769179042,0.02632215782824104,0.21968514071600348,0.19986463973227037,97.73166494921836,98.05698787070884,95.69892256468974,92.91981229829422,105.05202347092188,92.91981229829422,96.57846131910033,0.0,350.3249907408681,5.88213261481578,1.525674711311343,0.0,低,False,False,False
1968,0.5258423285692914,0.5277101799352966,0.0734342963653308,0.9552656104380244,中性附近,1640.7831531065108,437.5207269327883,220.3393187862511,-0.19132356964342237,0.09785117491579776,2.185150774456923,0.30401641360218057,0.023924350532331277,0.19713444562322643,0.18041114117599097,97.73586515293309,98.41433867656895,96.80585238071832,94.59883031316893,108.13089844695509,94.59883031316893,97.77421488629253,42.977886533217315,423.17851971299376,6.608913062099397,1.5647619853519836,0.0,低,False,False,False
1969,0.7021968010414364,0.7782915776810573,0.0734342963653308,0.9552656104380244,高压尾部,1733.5667136799873,370.0197006923547,217.2434160874859,-0.19355474220869598,0.07491945159316858,2.4714780778280536,0.36,0.03311320915239468,0.16666039278003977,0.15412250836223815,106.49291276180506,105.42216377723166,103.23895729521513,100.53842299304756,118.36733508364642,100.53842299304756,106.0838618940132,91.87677491176328,355.46432382614825,9.65106728759608,1.8787204346401214,8.043368386760307,中,False,False,False
1970,0.16559517122678036,0.045043205624715046,0.0734342963653308,0.9552656104380244,缓和路径,1467.0763655388478,615.5658207041027,341.7225718533568,-0.31130674382216716,0.13146921179102586,1.8101723184195386,0.23750663444283174,0.0272727584700784,0.2593851544120123,0.23411210553951936,94.31468534548982,93.86733211154822,91.89284257961533,89.25104603858586,101.43559849715732,89.25104603858586,92.84422286693896,0.0,144.36428563032678,5.016350470559234,1.184121409555813,0.0,低,False,False,False
1971,0.4687765886899498,0.49610572564173394,0.0734342963653308,0.9552656104380244,中性附近,1621.783701099148,434.7405656679208,261.1322792615184,-0.2684976249511446,0.10069655473941046,2.2829991958148628,0.35375984476908406,0.027146067779107202,0.20699540547437667,0.188917760038011,103.93745658993656,103.53207164184286,100.44803151102253,97.00617604859121,109.89296763910991,97.00617604859121,102.2678605537559,0.0,314.28935424444353,8.196829499053605,1.8207897082919577,0.0,低,False,False,False
1972,0.3076535933250752,0.41893704552013955,0.0734342963653308,0.9552656104380244,缓和路径,1470.2045860150308,533.210598302106,315.4675039310061,-0.2734781091825851,0.12359519396572984,2.141253210938603,0.2668385111868595,0.030039818281372224,0.23483745907342699,0.2129358821963147,96.31852935333603,96.59887423613982,94.37531480895679,91.63867501942046,101.83426518681847,91.63867501942046,95.12106161798839,0.0,179.81741217793387,5.611523522050938,1.3303594433544677,0.0,低,False,False,False
1973,0.5134216158465551,0.48264256760306373,0.0734342963653308,0.9552656104380244,中性附近,1596.348897621169,460.2831451228506,275.922436698602,-0.24592180628983668,0.09839635628224011,2.20147697779081,0.3321563921681664,0.029865019004606568,0.19928074478171526,0.18226265960631996,99.44227021912415,100.03738502632247,97.71712089505698,94.8213150951774,109.36233396506249,94.8213150951774,99.15087477466221,0.0,393.98732225050117,6.971583094977089,1.7095974835639078,0.0,低,False,False,False
1974,0.6878668153081741,0.5731494073398198,0.0734342963653308,0.9552656104380244,高压尾部,1614.728748319468,369.06870545377154,236.61382173300822,-0.17144700364241322,0.0645537959789888,2.651218065456849,0.36,0.02249334486144141,0.16913661431474752,0.15625863639963483,104.7774177348382,104.28316466160975,102.20482007533468,99.56364809717685,116.32558045699898,99.56364809717685,104.7888133157667,59.57203638637293,354.5507376608378,8.679046091091298,1.8787204346401214,6.0016137601128605,低,False,False,False
1975,0.6872199339236599,0.5783788545698301,0.0734342963653308,0.9552656104380244,高压尾部,1669.699873762549,302.5429479204654,191.32311409768263,-0.2010593664162101,0.08242752928794163,2.434573682077352,0.3455444485865639,0.02966475222522491,0.16924839541799155,0.1563550650694222,103.91971803883999,103.57727934527558,101.6210541819726,99.08424833648154,115.41602129038785,99.08424833648154,104.08010578988767,75.99675399485568,290.64188801215323,9.092881006107843,1.8032817128778624,5.092054593501729,低,False,False,False
1976,0.20079915592477077,0.2927376043736289,0.0734342963653308,0.9552656104380244,缓和路径,1507.059591998291,569.6088853371635,300.1747945227066,-0.27270545715456984,0.15493266648882278,1.6545448206490365,0.24417859480202958,0.03009647032625126,0.2533019058561996,0.2288643530196471,93.04044394214317,92.75434089411503,90.47284211210311,88.10033843575751,100.85406212446017,88.10033843575751,91.55088653100694,0.0,313.0215908829341,4.496689659573323,1.217385369207161,0.0,低,False,False,False
1977,0.4689054966861999,0.5022800332458782,0.0734342963653308,0.9552656104380244,中性附近,1558.1578875172272,515.0494975332167,273.04903207896507,-0.23835458122707626,0.0915967846405017,2.1110856481656586,0.3426678518916511,0.026703421301529983,0.20697313017262464,0.18889854410924736,99.26518437272381,99.59483251140345,97.12031778798396,94.17261678354429,108.0756954614735,94.17261678354429,98.42821681187057,0.0,371.92056902803597,7.039244836096114,1.763699603877024,0.0,低,False,False,False
1978,0.4144094290604955,0.33957975966177767,0.0734342963653308,0.9552656104380244,中性附近,1564.9100893619698,510.18373324504597,282.5497273723503,-0.26410849248159946,0.11446352991581674,2.226456665902439,0.31210509024471544,0.02219460616038126,0.21639005065834638,0.1970221096277338,100.65202500569288,100.55757284715304,97.84882669690539,94.76691437146879,106.40096501633228,94.76691437146879,99.07157153343908,0.0,263.21175660801964,6.920997222351214,1.606394124788393,0.0,低,False,False,False
1979,0.3763589607405731,0.393289359916558,0.0734342963653308,0.9552656104380244,中性附近,1476.4072920827564,519.0857143157625,264.1892622366742,-0.26984581023509147,0.1140184078710598,2.078321828531384,0.28340383270370795,0.025708883438702042,0.22296517158402898,0.20269417893242225,96.88444562001091,97.34228644181778,95.03967806525402,92.30594624798782,103.78460199260482,92.30594624798782,95.77717296171936,0.0,276.33450309834916,6.163845043341204,1.4586697430688815,0.0,低,False,False,False
1980,0.617667227182539,0.4267993393080154,0.0734342963653308,0.9552656104380244,中性附近,1646.2036298426224,382.2186220560118,267.66396338555927,-0.20437684521437424,0.07887367904117017,2.218604619081986,0.36,0.02710074526804043,0.18126710314285724,0.16672307866776606,100.40846968390905,100.75625504997011,98.94996141463258,96.56930920208352,111.5572088195047,96.56930920208352,100.79618213816863,37.992064321148064,369.68925294652547,8.229081248700059,1.8529075718386598,1.2332421226185772,低,False,False,False
1981,0.44792090415039953,0.4290693346359325,0.0734342963653308,0.9552656104380244,中性附近,1587.3038342445445,476.8090157225064,311.267825752241,-0.21452476345659216,0.10909226387627374,2.0200676688689394,0.306277530247248,0.022289528537900526,0.21059926776281096,0.1920266544439995,95.99991022009856,96.70563415068604,94.72076752340513,92.20087632386146,106.17851182806659,92.20087632386146,95.50113609316303,0.0,439.4744909554993,5.561587836550321,1.576399874664361,0.0,低,False,False,False
1982,0.41045038762450753,0.432980467599532,0.0734342963653308,0.9552656104380244,中性附近,1543.9789549488378,485.84660928084384,277.4884720477895,-0.25402078320322513,0.1232543618086633,2.2859014916116123,0.3305128516654371,0.023947851007419,0.21707417301848508,0.19761227207241783,102.20905421120165,101.8301721003384,98.82230079449417,95.51780465027736,107.21719480877096,95.51780465027736,100.29285727585304,0.0,285.33425634653395,7.348293565138653,1.701138237335767,0.0,低,False,False,False
1983,0.5592455758121933,0.602397242338376,0.0734342963653308,0.9552656104380244,中性附近,1679.4189528945128,438.53067066274286,214.528922203772,-0.17525237106543595,0.1049141808362269,2.342246602782515,0.3413981676195318,0.028666302189855337,0.191362364499653,0.17543181919313428,101.20677142964516,101.38313638694504,99.41679308393199,96.92126597090765,110.17872263274472,96.92126597090765,100.92928062845763,48.26937153573817,424.15535684624626,7.448051729149683,1.7571645827613176,0.0,低,False,False,False
1984,0.39252200780200275,0.33829305535091986,0.0734342963653308,0.9552656104380244,中性附近,1587.1744663538875,545.2694507390277,258.54840865936166,-0.248715523944626,0.10084025266216351,2.0989458893946975,0.314296839885335,0.02719055728293471,0.22017219705181393,0.20028480193509976,99.40327059469496,99.41018520250907,96.78638887659761,93.8043976329378,105.84082945598911,93.8043976329378,97.91387520014023,0.0,364.7487731028541,6.494224445884117,1.6176749845236114,0.0,低,False,False,False
1985,0.4912375463631374,0.32628245623344476,0.0734342963653308,0.9552656104380244,中性附近,1532.516275017521,488.06322675583135,255.53776800279945,-0.22522590509798682,0.10160037478300717,2.5394558863517007,0.3532317462926765,0.02133117690073853,0.20311415198844984,0.18556957237575064,103.65758146711953,103.29733604880059,100.37432289892695,97.05582966933997,110.36527521878249,97.05582966933997,102.22157415971267,0.0,326.87277166628155,7.585560183678288,1.8180716036652578,0.04130852189636869,低,False,False,False
1986,0.4836324430808751,0.48025882919397683,0.0734342963653308,0.9552656104380244,中性附近,1564.3890732091415,466.1015689732093,288.31882085804943,-0.23752667011620823,0.10339454707013374,2.382539902438536,0.32506759015831377,0.02061745969679393,0.20442831383562476,0.18670324233543728,100.81899721838094,101.05441506866674,98.56143158920631,95.55962728530795,109.04975781267096,95.55962728530795,99.97982987277179,0.0,350.8814898018336,6.881559629014483,1.6731116643435715,0.0,低,False,False,False
1987,0.7395503498104933,0.6910664593930044,0.0734342963653308,0.9552656104380244,高压尾部,1681.5157629216724,276.9872179660228,208.66913191966304,-0.13981690314157796,0.04748039209736845,2.553375035007813,0.36,0.029045650993845457,0.16020569955274674,0.14855432676686947,108.16206566202021,105.71671638141952,103.47160632697215,100.76232061242618,119.4809703767147,100.76232061242618,106.64558529457359,138.7222709580983,266.0914377222309,9.799621332919061,1.8787204346401214,9.157003679828577,中,False,False,False
1988,0.09663896142171138,0.18289965550733397,0.0734342963653308,0.9552656104380244,缓和路径,1411.5776830554576,661.1104311216284,365.6173132529113,-0.3115749400711219,0.13231159551429622,1.662425634620241,0.22344572596803128,0.028747347659607694,0.27130078746632824,0.24439120112684498,92.15408687296333,91.53611394772186,89.67166649901245,87.59205993108526,100.59213363664502,87.59205993108526,90.7531645751792,0.0,76.39579749898257,4.538595510089097,1.114018850939398,0.0,低,False,False,False
1989,0.2043427838188515,0.2619666306860289,0.0734342963653308,0.9552656104380244,缓和路径,1461.1284990309346,581.8716383084212,286.92944164031564,-0.2912816827131971,0.1268123516147249,1.7968771894975153,0.256903642946411,0.023687630843661805,0.25268956695610245,0.2283361150269828,95.01691725796911,94.72811478861655,92.09474339429372,89.43519871459877,101.60715907811544,89.43519871459877,93.35267937810498,0.0,231.13077263771447,5.250855889733444,1.280827815691819,0.0,低,False,False,False
1990,0.4974017763511843,0.5114248753212243,0.0734342963653308,0.9552656104380244,中性附近,1597.0156019264614,454.8895156560496,248.3857966025235,-0.22436684502210802,0.1095956564424147,2.2399914479706124,0.31993404171976464,0.02493120128289352,0.2020489730465153,0.18465068908085214,98.56291059027852,99.23176973036465,97.06625672811526,94.61966232117635,108.78432722156867,94.61966232117635,98.30598471455679,0.0,439.9779485141041,6.557925333598453,1.64668946775416,0.0,低,False,False,False
1991,0.7661739949242109,0.7551556438480899,0.0734342963653308,0.9552656104380244,高压尾部,1718.2675042148328,352.6144753224773,181.48062331314856,-0.1513724318504435,0.0832228455766366,2.620160670713124,0.36,0.03243329332431392,0.15560513367709636,0.14458561976019726,110.0774032875823,106.62489886520355,104.34998026550034,101.57494728325302,121.08614636501395,101.57494728325302,107.73873409184759,131.45935872027985,338.74376366254444,9.827850162848916,1.8787204346401214,10.762179668127828,中,True,False,False
1992,0.6471120724801236,0.7181436648906548,0.0734342963653308,0.9552656104380244,中性附近,1689.8672317974006,370.73360460530307,229.91050656605486,-0.17925858063934907,0.07931074441001208,2.402666171612221,0.3595374114349608,0.028788383886134885,0.17617903387543463,0.16233382380263517,103.26492171793187,103.2274322393265,101.19758811686609,98.6236047310687,114.04391431720806,98.6236047310687,103.3989042500191,74.67698442321853,358.5807216599256,8.733870956647706,1.8505266444641957,3.719947620321946,低,False,False,False
1993,0.6249234912097041,0.6014055235769243,0.0734342963653308,0.9552656104380244,中性附近,1631.0152056581496,411.4553323747418,250.83285316802102,-0.16280525428663267,0.08713432066276951,2.467370637944447,0.36,0.02872069374955218,0.1800132207189631,0.16564140913063585,102.08947080761641,102.20975507764372,100.2178849447235,97.6801189784989,112.00705609747578,97.6801189784989,102.14729558736903,49.43102409785752,397.9675653380168,7.860357859384301,1.8529075718386598,1.6830894005896653,低,False,False,False
1994,0.3644750532659511,0.30182174003592094,0.0734342963653308,0.9552656104380244,中性附近,1483.7335820725682,524.7654003413088,334.91839331702823,-0.27593585967265033,0.1120730604764576,1.908430503094428,0.2932867528114686,0.024492299041884522,0.22501871079564362,0.2044656774128041,96.33253290643512,96.82342346893651,94.43594886708561,91.66971979103248,102.70032505944167,91.66971979103248,95.14915115796849,0.0,203.76770167901304,6.328860256517752,1.5095367916787323,0.0,低,False,False,False
1995,0.5568825578088987,0.5253398580694371,0.0734342963653308,0.9552656104380244,中性附近,1665.3865867439206,461.62473220525055,217.08369880075225,-0.1524933658373053,0.0826256339046722,2.386659105159845,0.3132001889385511,0.02718782007885947,0.1917706940106223,0.1757840672067519,100.09353817336931,100.51145995349296,98.71625831565508,96.33920765763146,109.59811516347428,96.33920765763146,100.05068227711054,67.84463856396906,446.4923803884943,6.824186349874704,1.612030559959834,0.0,低,False,False,False
1996,0.6622333623226947,0.5714399186205391,0.0734342963653308,0.9552656104380244,高压尾部,1646.0342937580187,412.10227574911823,246.32407386201683,-0.14910711226453816,0.07852468394898193,2.6600812263196656,0.35024480005365055,0.029242042633604158,0.17356607499063834,0.16007973843258894,104.96096913883171,104.64306347395386,102.48921634849647,99.80800140468182,115.93327255924306,99.80800140468182,104.93158763057514,84.84993115962789,395.8915066475646,8.490961346674208,1.827811286075658,5.609305862356948,低,False,False,False
1997,0.9163067713965438,0.8440633412999065,0.0734342963653308,0.9552656104380244,高压尾部,1736.9698841372403,289.4435001861599,158.6069437396893,-0.10589034525611161,0.035,2.6600960022991185,0.36,0.02345109349931172,0.12966218990267722,0.12220577660303673,115.74106544740089,107.70146958669314,105.21332872668903,102.41273087542022,125.46844595248929,102.41273087542022,109.99961588887295,201.5694866272952,278.057730134456,10.425582534417904,1.8787204346401214,15.144479255603173,高,True,False,False
1998,0.48773521750026916,0.5241498536926557,0.0734342963653308,0.9552656104380244,中性附近,1588.5764398555632,443.7635914959379,274.4839512621967,-0.2123200114187086,0.10015369790687319,2.326658184012729,0.3453473725529709,0.025189426891614995,0.20371935441595349,0.1860916540455733,100.84513064134975,100.93240807382276,98.39837331987702,95.39461733050446,109.4041123682329,95.39461733050446,99.91293497110249,0.0,424.73316720945695,6.745997858900632,1.7774910042166283,0.0,低,False,False,False
1999,0.5496675356479519,0.5323131296803173,0.0734342963653308,0.9552656104380244,中性附近,1603.7322069201875,452.323864471537,238.46234935688852,-0.20743717959276547,0.10267610038192523,2.2754457341260066,0.3412689883735855,0.023931415455376602,0.19301744984003388,0.17685958894245485,99.51024424119909,99.88947571968046,98.07824447475922,95.68660532745356,109.96589095213267,95.68660532745356,99.48050010523234,14.03287834736875,437.49640100440473,7.288990656410072,1.756499701642045,0.0,低,False,False,False
2000,0.31980797665721594,0.42733678264659747,0.0734342963653308,0.9552656104380244,缓和路径,1587.2039203642073,540.535400805181,351.0802957110041,-0.26188634998723825,0.1386775676618853,2.032374223408344,0.2572572879732963,0.028701164776800372,0.23273718163363308,0.21112406469025904,95.73013566861624,96.02921026536643,93.80765496035447,91.23474988540585,102.02818919111485,91.23474988540585,94.54004552539837,0.0,353.17252875016857,4.978563922100025,1.2825909607454302,0.0,低,False,False,False
