窗口起始,窗口终止,日收益波动率,实现波动率_46日,最大单日绝对收益,平均绝对日收益,累计收益率,价格区间比例,朴素上一日基准_RMSE
2017-09-01,2017-11-03,0.01221494055668572,0.08284575757970242,0.036544870578073346,0.010091713436961013,0.17840197380907208,0.18770165116720441,
2017-09-04,2017-11-06,0.012747237929315574,0.08645597401002868,0.036544870578073346,0.010595540621177969,0.22816091954022988,0.2281609195402298,0.7794925885806574
2017-09-05,2017-11-07,0.012714844646556853,0.08623627207712234,0.036544870578073346,0.010376492072114918,0.1945854483925551,0.2053017484489566,0.7806741790997341
2017-09-06,2017-11-08,0.012547478767474753,0.0851011414572717,0.036544870578073346,0.009988278177524477,0.17205095071072551,0.19124976924496953,0.7669419795525608
2017-09-07,2017-11-09,0.012543709983092895,0.0850755803179587,0.036544870578073346,0.009965034904157948,0.1708256880733945,0.19009174311926605,0.7546839246247113
2017-09-08,2017-11-10,0.012313369608299951,0.0835133358876762,0.036544870578073346,0.009730355190219121,0.18325581395348833,0.1927441860465116,0.7537500450645314
2017-09-11,2017-11-13,0.012422739269106942,0.08425511701741169,0.036544870578073346,0.00982089153744532,0.17059150750973484,0.18876321157055442,0.7488077480089674
2017-09-12,2017-11-14,0.0131532280163871,0.08920953275042552,0.036544870578073346,0.010353807730229914,0.13862668887655016,0.18656302054414212,0.7850851518479854
2017-09-13,2017-11-15,0.013062787068031868,0.08859613239469355,0.036544870578073346,0.01015694757544911,0.12858447488584468,0.17095890410958903,0.7859555247954696
2017-09-14,2017-11-16,0.013151886751415874,0.08920043584879586,0.036544870578073346,0.010216066399963978,0.1133514986376023,0.16457765667574936,0.7822348140730035
2017-09-15,2017-11-17,0.013366732868714279,0.09065759311190688,0.036544870578073346,0.010519980740688798,0.12868245075004525,0.16193746611241644,0.7994916863368496
2017-09-18,2017-11-20,0.01417994600938169,0.09617307297852694,0.036544870578073346,0.011124600418095936,0.09838738901974997,0.16234825149483603,0.8427839477640142
2017-09-19,2017-11-21,0.014778607654495178,0.10023339380392723,0.036544870578073346,0.01178719271500261,0.13327289211242066,0.16246600181323664,0.88695742753577
2017-09-20,2017-11-22,0.014724602687676664,0.09986711429823635,0.036544870578073346,0.011667682471426091,0.12719455392332502,0.15102113937656753,0.8890970016038018
2017-09-21,2017-11-23,0.014720602464165747,0.09983998346237904,0.036544870578073346,0.011627016114249803,0.12513368983957207,0.15026737967914439,0.884083903159699
2017-09-22,2017-11-24,0.01471397256766558,0.09979501731656096,0.036544870578073346,0.011577937703753705,0.12265154200638073,0.14941510102800423,0.8837149845470794
2017-09-25,2017-11-27,0.013797854510157727,0.09358160234704296,0.03201541262236437,0.0107763571698956,0.08185235816814762,0.14405331510594668,0.8824656662861815
2017-09-26,2017-11-28,0.013964191541797566,0.0947097549840379,0.03201541262236437,0.01094331072657333,0.07375495433396528,0.145269688092366,0.8394136152048675
2017-09-27,2017-11-29,0.013956259848949699,0.09465595962581887,0.03201541262236437,0.010935236779694798,0.07414515003489175,0.14706908583391487,0.8433860326090308
2017-09-28,2017-11-30,0.013955247349965784,0.09464909252360237,0.03201541262236437,0.01100229785066942,0.07927361620394624,0.14719748559455212,0.8376117706078817
2017-09-29,2017-12-01,0.014225078515062632,0.09647917652502036,0.03201541262236437,0.011291719138154844,0.1222359808950999,0.14912435874756766,0.8713769712856527
2017-10-02,2017-12-04,0.014385535299639436,0.09756744738605148,0.03201541262236437,0.011452554144143638,0.11414303549134996,0.1503477795612627,0.8913765612315843
2017-10-03,2017-12-05,0.01448856390804324,0.09826622140594828,0.03201541262236437,0.011581813094955687,0.10768126346015783,0.15129217516152188,0.9083178432398139
2017-10-04,2017-12-06,0.014572537531808438,0.09883575823220266,0.03201541262236437,0.01176185675794419,0.09795479009687846,0.15123789020452097,0.9108082889008177
2017-10-05,2017-12-07,0.014278829549587146,0.09684373377809997,0.03201541262236437,0.011359979909008498,0.06948587471486234,0.14792068783997192,0.8647417307321105
2017-10-06,2017-12-08,0.014833390639106396,0.10060495008302099,0.03925226436879439,0.011715479165631836,0.13846982758620685,0.15140086206896552,0.94506728538927
2017-10-09,2017-12-11,0.015075910291147888,0.10224979839055912,0.03925226436879439,0.012151312630260142,0.1610184687107763,0.16101846871077632,0.9438128038417639
2017-10-10,2017-12-12,0.015197442559513946,0.10307407033821545,0.03925226436879439,0.012150232655423343,0.1292661361626879,0.14765694076038907,0.946279901600955
2017-10-11,2017-12-13,0.015900080851479457,0.10783959509310506,0.03925226436879439,0.012760596247598335,0.09867139061116026,0.1479185119574845,0.9776602504026597
2017-10-12,2017-12-14,0.01595795929955416,0.10823214582685887,0.03925226436879439,0.013004482516506578,0.1127659574468085,0.14804964539007096,0.9836190938260249
2017-10-13,2017-12-15,0.015867127055755072,0.10761609157630579,0.03925226436879439,0.012716287909778039,0.09597902097902078,0.13531468531468535,0.98364561486959
2017-10-16,2017-12-18,0.01579003431781312,0.10709322318828086,0.03925226436879439,0.012512629437084906,0.08598066298342544,0.1336325966850829,0.9770385600507723
2017-10-17,2017-12-19,0.015829214813423965,0.107358958238416,0.03925226436879439,0.012650823307811525,0.09275511960075722,0.13319566339700573,0.9752747661891069
2017-10-18,2017-12-20,0.015859348142962082,0.10756333242283377,0.03925226436879439,0.01280807961433862,0.10051546391752564,0.1329896907216495,0.9782393234342214
2017-10-19,2017-12-21,0.015483649544066214,0.10501522055092417,0.03925226436879439,0.012383666259338637,0.12524118575688492,0.13576565514821964,0.978260434782512
2017-10-20,2017-12-22,0.01541982073385457,0.10458231249763852,0.03925226436879439,0.012236018767266443,0.11778971072232824,0.13026156244586876,0.9640268803757268
2017-10-23,2017-12-26,0.015692368852910737,0.10643082377735756,0.03925226436879439,0.012610496508230505,0.15673597763410818,0.1567359776341081,0.9892959727700957
2017-10-24,2017-12-27,0.015533701327212967,0.10535468826046927,0.03925226436879439,0.01227018739952322,0.1295407813570939,0.13639479095270735,0.9874087739920694
2017-10-25,2017-12-28,0.01551849925514645,0.10525158279128691,0.03925226436879439,0.01231863756786971,0.13667582417582413,0.1366758241758242,0.9741261412827572
2017-10-26,2017-12-29,0.015387752082685016,0.10436481232329288,0.03925226436879439,0.012088358702037632,0.1249577845322527,0.12495778453225272,0.9759321074034143
2017-10-27,2018-01-02,0.015251101083866106,0.10343800015677937,0.03925226436879439,0.011743295571404336,0.10529812323534293,0.10646072081049665,0.9652314432976344
2017-10-30,2018-01-03,0.015502001544489111,0.10513968987364272,0.03925226436879439,0.01209794759361789,0.12307946472823406,0.12456633074508518,0.9771486914576468
2017-10-31,2018-01-04,0.015454855246226782,0.10481992812134475,0.03925226436879439,0.011886723059965182,0.1124550506701536,0.12455050670153653,0.97608022656729
2017-11-01,2018-01-05,0.015330269554715737,0.103974946850341,0.03925226436879439,0.011704629200224446,0.12160820648577109,0.1260754467240239,0.9721793089217915
2017-11-02,2018-01-08,0.015328270134842989,0.1039613861249892,0.03925226436879439,0.01165181342020897,0.1189456342668862,0.12257001647446465,0.9662275364394832
2017-11-03,2018-01-09,0.015209628169806566,0.10315671716826577,0.03925226436879439,0.011550721675778952,0.11386696730552415,0.1375422773393461,0.982625144148593
2017-11-06,2018-01-10,0.014544426827933079,0.09864510216246206,0.03925226436879439,0.010858555396203423,0.07783497114334725,0.1332085478084542,0.9610558052837331
2017-11-07,2018-01-11,0.01445876550260123,0.0980641187872696,0.03925226436879439,0.010663310466689715,0.08766131570664148,0.13440352533836952,0.9137428998118243
2017-11-08,2018-01-12,0.014503070832826329,0.09836461215686756,0.03925226436879439,0.010869768516022948,0.09954323515514263,0.1447472042841393,0.9157047654082097
2017-11-09,2018-01-15,0.01450728905715584,0.09839322154621316,0.03925226436879439,0.010888177406246926,0.10045447422034148,0.15044663845792197,0.9176683591534059
2017-11-10,2018-01-16,0.0146553796336104,0.09939762070311922,0.03925226436879439,0.011101583147551412,0.08993710691823886,0.15094339622641512,0.9260117850691516
2017-11-13,2018-01-17,0.014612216975066724,0.09910487730992705,0.03925226436879439,0.011017041009328779,0.09409155710438766,0.15206716299699036,0.926227739860428
2017-11-14,2018-01-18,0.014034654351868889,0.09518765701347989,0.03925226436879439,0.010539687955706359,0.11784785435630685,0.15604681404421328,0.9246903124360304
2017-11-15,2018-01-19,0.014104824878180133,0.09566357667801233,0.03925226436879439,0.010604531467396495,0.10487133840427254,0.15536494578410748,0.8967368379417338
2017-11-16,2018-01-22,0.014047723514143552,0.09527629638462967,0.03925226436879439,0.010615202243061854,0.1235111763746124,0.15663240332843859,0.900066422669678
2017-11-17,2018-01-23,0.013861934210434568,0.09401621201954026,0.03925226436879439,0.010378535875268878,0.11160928742994392,0.15372297838270618,0.9008341544996191
2017-11-20,2018-01-24,0.013056983443422777,0.0885567702974965,0.03925226436879439,0.009984897463315793,0.1590234246123392,0.1590234246123393,0.8930784570432672
2017-11-21,2018-01-25,0.0125239569095084,0.08494160845472769,0.03925226436879439,0.009519121527054093,0.11343999999999999,0.14896000000000004,0.8570563879780099
2017-11-22,2018-01-26,0.012513550919767628,0.08487103159850476,0.03925226436879439,0.009481773334404088,0.11157024793388426,0.14796567069294345,0.8126339354490912
2017-11-23,2018-01-29,0.012671271316786682,0.08594074337615751,0.03925226436879439,0.009660472722684048,0.0956907477820026,0.1474968314321927,0.8183918483167486
2017-11-24,2018-01-30,0.012923384384545258,0.0876506573947542,0.03925226436879439,0.009923122744661556,0.07530786233028097,0.14698452794442693,0.8323839519586261
2017-11-27,2018-01-31,0.012996513966474978,0.08814664635092954,0.03925226436879439,0.010162413151590216,0.08797978202495638,0.14705417785499925,0.839464114777993
2017-11-28,2018-02-01,0.01281411595658848,0.08690956285961397,0.03925226436879439,0.0100970844324624,0.1198844487241213,0.14941421922644843,0.8498759500272862
2017-11-29,2018-02-02,0.013166781929196635,0.0893014598596623,0.03925226436879439,0.01033077103909093,0.1081695630989119,0.15121000487250288,0.8676279507194109
2017-11-30,2018-02-05,0.01355043755852121,0.09190353893762516,0.03925226436879439,0.010678448667636346,0.08251092056301568,0.15062287655719142,0.8824693614585399
2017-12-01,2018-02-06,0.01305691013232779,0.08855627307745889,0.03925226436879439,0.010202737019787977,0.05958385876418659,0.14675283732660785,0.8829434469063023
2017-12-04,2018-02-07,0.013547947495337212,0.09188665050743244,0.03925226436879439,0.010487298051023858,0.04610212902193056,0.14903153513686573,0.8932244958575645
2017-12-05,2018-02-08,0.01364524180604307,0.09254653262812029,0.03925226436879439,0.010575384404644759,0.04196370706416075,0.1508425145819832,0.8949350231453532
2017-12-06,2018-02-09,0.014115539141490337,0.09573624434730822,0.03925226436879439,0.010947237240537266,0.024673202614378997,0.152124183006536,0.9188757308230815
2017-12-07,2018-02-12,0.01409984189444373,0.09562978043801149,0.03925226436879439,0.010873999583645799,0.028055783429040027,0.15274815422477445,0.915701204352257
2017-12-08,2018-02-13,0.012840693247782043,0.08708981881854633,0.029236273614333015,0.010019466503602071,-0.01230477993374346,0.12998895724877743,0.9149887145894681
2017-12-11,2018-02-14,0.012868298758212965,0.08727704849964145,0.029236273614333015,0.010035699688466087,-0.01158301158301156,0.1272586872586873,0.8658986284679109
2017-12-12,2018-02-15,0.012712421972124313,0.08621984069967918,0.029236273614333015,0.00979746888942681,0.0053241465706233004,0.12903225806451615,0.8428768025920672
2017-12-13,2018-02-16,0.011944116345060629,0.08100893840904129,0.02821338222672867,0.009285800588944754,0.04159948403740721,0.13286036762334733,0.8346855695410103
2017-12-14,2018-02-19,0.01193174396354434,0.0809250248349207,0.02821338222672867,0.009271932230535287,0.040949649458253745,0.12189292543021042,0.7966710629919331
2017-12-15,2018-02-20,0.01197750417210864,0.08123538566950042,0.02821338222672867,0.009390458257831445,0.035412346466741074,0.12202903174349986,0.791590309055957
2017-12-18,2018-02-21,0.011974675568223576,0.08121620114456037,0.02821338222672867,0.00934354753423045,0.030683624801271847,0.12162162162162171,0.791610905740287
2017-12-19,2018-02-22,0.012133495193397563,0.08229336825028662,0.02821338222672867,0.009499724727240961,0.037952755905511726,0.12047244094488198,0.80687400018461
2017-12-20,2018-02-23,0.012257959715853904,0.08313752771277763,0.02821338222672867,0.009639384052251123,0.04449648711943799,0.11943793911007035,0.8151846949964916
2017-12-21,2018-02-26,0.012286902783252535,0.08333382914659897,0.02821338222672867,0.00975369234121307,0.04988308651597806,0.1192517537022604,0.813850215895434
2017-12-22,2018-02-27,0.012496578362861461,0.08475591811690976,0.02821338222672867,0.009961569639719855,0.02789400278940013,0.11854951185495127,0.8274975371039146
2017-12-26,2018-02-28,0.012438052193623416,0.0843589743244891,0.02821338222672867,0.009929533016666594,-0.021903323262839947,0.11555891238670703,0.8578360033803973
2017-12-27,2018-03-01,0.012482789262616575,0.08466239588887856,0.02821338222672867,0.010024908850932936,-0.026092233009708754,0.11604975728155348,0.8257302433498542
2017-12-28,2018-03-02,0.01249600248619406,0.08475201233132186,0.02821338222672867,0.010054980760355861,-0.024773413897280938,0.11555891238670703,0.8264039437592674
2017-12-29,2018-03-05,0.012676559708163013,0.0859766109915517,0.02821338222672867,0.010256010984608403,-0.015911137796457586,0.1148303812668869,0.8384379886846528
2018-01-02,2018-03-06,0.01267613861880935,0.08597375502460278,0.02821338222672867,0.010242820160159743,-0.015326821938392077,0.11495116453794149,0.8361596997453665
2018-01-03,2018-03-07,0.012417612837785303,0.08422034786855251,0.02821338222672867,0.010094893233369236,-0.05001471020888504,0.11253309796999125,0.8477476552350485
2018-01-04,2018-03-08,0.012497540565345341,0.08476244409166603,0.02821338222672867,0.010314423743410161,-0.061563326476638314,0.11240082280340884,0.8277562653236816
2018-01-05,2018-03-09,0.013083757182840088,0.08873835863310692,0.02821338222672867,0.010782706277334141,-0.033928308010031105,0.11284850272901616,0.8614484768463345
2018-01-08,2018-03-12,0.013151565054828836,0.08919825399638813,0.02821338222672867,0.010968648743030662,-0.04564193168433461,0.11263250883392234,0.8661797684686177
2018-01-09,2018-03-13,0.01283366941038318,0.08704218083555942,0.02821338222672867,0.010635273598698468,-0.06564488143435498,0.11061307113938702,0.8664695985534585
2018-01-10,2018-03-14,0.01284386918880195,0.08711135909855028,0.02821338222672867,0.010660647157405785,-0.06295224312590442,0.11070911722141832,0.8471781805294668
2018-01-11,2018-03-15,0.012847183218703723,0.08713383594291806,0.02821338222672867,0.010681442486385235,-0.062074952973520614,0.11069309795977436,0.8471948597783057
2018-01-12,2018-03-16,0.01299138166120597,0.088111837363021,0.02821338222672867,0.010811203627625459,-0.05658215155421864,0.10958315427589178,0.8609587678861287
2018-01-15,2018-03-19,0.012948364964663311,0.08782008393228473,0.02821338222672867,0.010681072410781546,-0.062090572486471096,0.10894332099117068,0.8547501541894902
2018-01-16,2018-03-20,0.01326481874744883,0.08996637791154437,0.02821338222672867,0.010875055828772276,-0.029140219272937085,0.11035776110790546,0.8786476763358766
2018-01-17,2018-03-21,0.01405206475407331,0.0953057401063692,0.031014773782958194,0.01148398454069304,0.005067323005646607,0.11075720283770098,0.9231020481530461
2018-01-18,2018-03-22,0.014244575418327361,0.09661141095661083,0.031014773782958194,0.011748703742643245,-0.006834375454413233,0.11124036643885424,0.937031622128926
2018-01-19,2018-03-23,0.01453711960749088,0.09859554218216363,0.031014773782958194,0.012053381125380463,0.021678628973194725,0.11205507543576983,0.960092839713726
2018-01-22,2018-03-26,0.014495068576069161,0.09831033821093076,0.031014773782958194,0.011935556975694898,0.009584664536741228,0.1110949753122278,0.9578587987072369
2018-01-23,2018-03-27,0.014508849766441073,0.09840380679159333,0.031014773782958194,0.011957865838556445,-0.00763468740996831,0.11019878997407095,0.9584124100960338
2018-01-24,2018-03-28,0.014394993042444008,0.09763159291864762,0.031014773782958194,0.011726040029403424,-0.017933390264731064,0.10888129803586685,0.9549869109050663
2018-01-25,2018-03-29,0.014349226619065028,0.09732118993314395,0.031014773782958194,0.01162554834457362,-0.0034487713751977234,0.10533122575082624,0.9483269019929146
2018-01-26,2018-04-02,0.014825134134272493,0.1005489517427302,0.031014773782958194,0.012091886042757762,-0.033886188161281194,0.10480411781527021,0.9790012657095344
2018-01-29,2018-04-03,0.014807792256582014,0.10043133340570637,0.031014773782958194,0.012042377116658516,-0.014170040485829816,0.10367264314632739,0.9817685904618219
2018-01-30,2018-04-04,0.014636082064376074,0.09926673822069981,0.031014773782958194,0.011734977464538963,0.002495962413742392,0.10527088533255032,0.9751209512492379
2018-01-31,2018-04-05,0.014547315998763325,0.09866469747241041,0.031014773782958194,0.011556644852887661,-0.00551684088269444,0.1040940766550523,0.9632993575072675
2018-02-01,2018-04-06,0.014798067467697395,0.10036537667847464,0.031014773782958194,0.011783419797698235,-0.040842648323301756,0.10275150472914878,0.9841957652559917
2018-02-02,2018-04-09,0.0149034044425699,0.10107980680148415,0.031014773782958194,0.011831912079653633,0.005422834530265153,0.10464605012457863,1.0058135361811438
2018-02-05,2018-04-10,0.015460225897633694,0.10485635365141077,0.03495056395207534,0.012174459766752932,0.06172470482738013,0.12599013600358702,1.0434839220860928
2018-02-06,2018-04-11,0.015544518353461817,0.10542805290192511,0.03495056395207534,0.01235459188113578,0.07036596251115745,0.13894674204105925,1.0339161516755857
2018-02-07,2018-04-12,0.014885803980417112,0.10096043465930844,0.03495056395207534,0.011804708110884113,0.10482019892884487,0.14674827850038263,1.0335628543601227
2018-02-08,2018-04-13,0.014636588946250393,0.09927017606083391,0.03495056395207534,0.011577108558971896,0.1292178510340538,0.15565230912766295,0.998031758665198
2018-02-09,2018-04-16,0.014265565836447504,0.09675377489878541,0.03495056395207534,0.011340889862168376,0.1412852814543133,0.15962366448732268,0.9982593546420869
2018-02-12,2018-04-17,0.014330957114097365,0.09719728012182492,0.03495056395207534,0.011478957548408785,0.13421640600063833,0.15975103734439844,0.9727817575520668
2018-02-13,2018-04-18,0.014849709496285458,0.10071562995735689,0.03495056395207534,0.012117442845334022,0.16914230953521803,0.16914230953521808,1.02219286872369
2018-02-14,2018-04-19,0.014619751042912639,0.0991559758441733,0.03495056395207534,0.011711604409082274,0.1395312500000001,0.14578125000000008,1.022941198531067
2018-02-15,2018-04-20,0.014621772622169928,0.09916968686178328,0.03495056395207534,0.01166967489564017,0.13738317757009333,0.1453271028037384,1.0289177513924215
2018-02-16,2018-04-23,0.014776351750626828,0.10021809351948188,0.03495056395207534,0.011923797521983541,0.15046439628482977,0.1617647058823529,1.059746688354468
2018-02-19,2018-04-24,0.015014638429287946,0.10183423240474451,0.03495056395207534,0.012051025758391405,0.11847543242002145,0.1599571406704423,1.104622697733406
2018-02-20,2018-04-25,0.014954080002996866,0.10142350517437965,0.03495056395207534,0.011971474219623995,0.12894777384070255,0.16099214296718528,1.0823494975203758
2018-02-21,2018-04-26,0.01496546267433531,0.10150070620748644,0.03495056395207534,0.012131293591397519,0.13990436526299566,0.16119080672528144,1.0825141830580054
2018-02-22,2018-04-27,0.014844759851552702,0.1006820598334801,0.03495056395207534,0.011824367210978435,0.11819147322105916,0.15854953724776205,1.058072488681352
2018-02-23,2018-05-01,0.014757714472941386,0.10009168935223207,0.03495056395207534,0.011589758059836227,0.09686098654708508,0.15620328849028392,1.0209980198422233
2018-02-26,2018-05-02,0.014769202055120657,0.10016960192528016,0.03495056395207534,0.0115348602243211,0.08492947290274677,0.1551596139569413,1.0115431603334546
2018-02-27,2018-05-03,0.014571121759107703,0.09882615599456518,0.03495056395207534,0.011380479931543697,0.11080958842152877,0.15754560530679929,1.0133639631145033
2018-02-28,2018-05-04,0.014184406707188454,0.09620332690300741,0.03495056395207534,0.011239327456686845,0.1583011583011582,0.17189189189189194,1.0208660006603953
2018-03-01,2018-05-07,0.014084256598540998,0.09552407581831451,0.03495056395207534,0.011215070550314994,0.17694704049844234,0.18208722741433028,0.9973541083242734
2018-03-02,2018-05-08,0.01408302854076659,0.09551574672525014,0.03495056395207534,0.011205212175708223,0.17642503097893436,0.18711276332094184,0.9957136396444086
2018-03-05,2018-05-09,0.01415208115609344,0.09598408434859465,0.03495056395207534,0.011278154182744875,0.18029286150091517,0.20607077486272113,1.0164067142122064
2018-03-06,2018-05-10,0.014140907715050149,0.09590830238439205,0.03495056395207534,0.01131101880795104,0.18312223409125594,0.20845414314054636,1.0058989058029908
2018-03-07,2018-05-11,0.013926849692417106,0.09445649023935945,0.03495056395207534,0.01108704801684256,0.1951068442242181,0.21152059461133485,1.007212036741283
2018-03-08,2018-05-14,0.01387280437230148,0.09408993704429164,0.03495056395207534,0.011223892806668252,0.22937216220447776,0.22937216220447784,1.0168044572816481
2018-03-09,2018-05-15,0.013627450494268648,0.0924258660808335,0.03495056395207534,0.010826332875833492,0.1904107497327836,0.21224614444953416,1.01476598287487
2018-03-12,2018-05-16,0.013584212483638452,0.09213261162492564,0.03495056395207534,0.010968124224570013,0.22292502314100604,0.22601049058932418,1.0049897252340882
2018-03-13,2018-05-17,0.013539101096984333,0.09182665131464106,0.03495056395207534,0.010961040744990188,0.23011451562983587,0.2301145156298358,1.000648702635924
2018-03-14,2018-05-18,0.013698800624741181,0.09290978621003727,0.03495056395207534,0.01113269040405082,0.2157528957528958,0.22764478764478757,1.0066366729383294
2018-03-15,2018-05-21,0.013704721145816197,0.09294994113764007,0.03495056395207534,0.011302613849147873,0.22508485035482884,0.22631903733415618,1.0115829180052425
2018-03-16,2018-05-22,0.013608414040321705,0.09229675456845678,0.03495056395207534,0.010957294640147441,0.2061949590039478,0.20695414515639227,1.0115399366699578
2018-03-19,2018-05-23,0.013594515194053927,0.09220248800668397,0.03495056395207534,0.011032695277989987,0.21029456422714832,0.2102945642271484,1.0006421851034948
2018-03-20,2018-05-24,0.013505238554520568,0.0915969843775842,0.03495056395207534,0.01078465924338972,0.17206537890044582,0.18989598811292702,1.0080976488243678
2018-03-21,2018-05-25,0.013806757665372121,0.09364198648359796,0.03495056395207534,0.010790792668641951,0.10126764621146656,0.18409680207432996,1.048594297142608
2018-03-22,2018-05-28,0.013760216606685272,0.09332632966581976,0.03495056395207534,0.010754359029848181,0.10307467057101038,0.18711566617862355,1.0142141957114426
2018-03-23,2018-05-29,0.013464946055490349,0.0913237073533165,0.03495056395207534,0.010346435938641181,0.08301075268817204,0.1832258064516127,1.0011145962289272
2018-03-26,2018-05-30,0.01407829892618006,0.09548366891843128,0.03495056395207534,0.010945260053166967,0.11996547756041442,0.18383199079401594,1.0361141870931267
2018-03-27,2018-05-31,0.013996814505832613,0.09493101469115121,0.03495056395207534,0.010814429074594305,0.12657860357091022,0.18551313688488877,1.0362148929386341
2018-03-28,2018-06-01,0.01415456422828726,0.09600092536358505,0.03495056395207534,0.011038178672431807,0.11173913043478256,0.18521739130434764,1.0405391579034562
2018-03-29,2018-06-04,0.014450020240848776,0.09800480553627566,0.03495056395207534,0.011317359071370587,0.08680605623648185,0.18428262436914186,1.0590058915137668
2018-04-02,2018-06-05,0.013875946147072245,0.09411124559751963,0.03495056395207534,0.010860750865336244,0.10936806274974109,0.18913719106112162,1.059473823465542
2018-04-03,2018-06-06,0.013914234554805375,0.09437093021329415,0.03495056395207534,0.01092625595833429,0.11264300381343495,0.18744499853329402,1.0349952740912893
2018-04-04,2018-06-07,0.014170443224854933,0.09610862195810793,0.03495056395207534,0.011351773191469534,0.13415348564733454,0.18717047451669577,1.0570693696129463
2018-04-05,2018-06-08,0.014392597448053303,0.09761534520698413,0.03495056395207534,0.011598207598342824,0.11445255474452565,0.18656934306569323,1.069886219062162
2018-04-06,2018-06-11,0.013871566984464963,0.09408154467166728,0.03495056395207534,0.011088774340228036,0.14089347079037795,0.1909457642312862,1.0596328322255937
2018-04-09,2018-06-12,0.013652510779333845,0.09259583320361686,0.03495056395207534,0.010813411837399561,0.0995626822157436,0.16195335276967932,1.0243311709725942
2018-04-10,2018-06-13,0.012803429179480522,0.0868370816108117,0.031290777919308524,0.010282834912033611,0.07362049549549532,0.12204391891891873,1.0307120797314577
2018-04-11,2018-06-14,0.012773752372180957,0.08663580371086042,0.031290777919308524,0.010187241837783547,0.05114662960389138,0.1200833912439194,0.9704873271578103
2018-04-12,2018-06-15,0.01412552940898428,0.09580400163807183,0.03992438523939359,0.010997370119427762,0.0065096952908587635,0.11966759002770083,1.055610270638865
2018-04-13,2018-06-18,0.014896631360985575,0.10103386952717663,0.03992438523939359,0.01159348671948008,0.03387496557422187,0.11897548884604792,1.1132014154250542
2018-04-16,2018-06-19,0.014748637868114334,0.10003012882316858,0.03992438523939359,0.01139151855136928,0.04331423780913801,0.1207209724745005,1.1131203692870486
2018-04-17,2018-06-20,0.014794781483095995,0.10034309004658849,0.03992438523939359,0.011463064847794005,0.039960602223160224,0.1215702828197552,1.107982891093774
2018-04-18,2018-06-21,0.014232950440252898,0.09653256651926322,0.03992438523939359,0.01103349149547552,-0.0005464480874317612,0.09617486338797802,1.1110443578981837
2018-04-19,2018-06-22,0.01485738534217925,0.10076769007710819,0.03992438523939359,0.01160092025867139,0.03290826820238579,0.0965309200603317,1.112725795356686
2018-04-20,2018-06-25,0.014942987949862955,0.10134827520983511,0.03992438523939359,0.011798850948683635,0.021227061079156284,0.09641194193371669,1.1176450397074218
2018-04-23,2018-06-26,0.015178912635893906,0.10294839428166223,0.03992438523939359,0.011968723591113645,0.029063509149623412,0.09472551130247568,1.152502004148025
2018-04-24,2018-06-27,0.014985281479736658,0.10163512388558972,0.03992438523939359,0.011779853202231535,0.0555631586150267,0.09634596961817425,1.1404852132926262
2018-04-25,2018-06-28,0.014996366235800937,0.10171030435900011,0.03992438523939359,0.011836758649206905,0.058269650655021765,0.09606986899563308,1.12719737093531
2018-04-26,2018-06-29,0.015215915542118402,0.10319936020201141,0.03992438523939359,0.012094929540398626,0.0706359945872801,0.09526387009472248,1.150304307563871
2018-04-27,2018-07-02,0.015557933952411908,0.10551904192092589,0.03992438523939359,0.01249730204661491,0.0514246947082766,0.09552238805970138,1.171581057337921
2018-05-01,2018-07-03,0.015546095714043648,0.10543875108189346,0.03992438523939359,0.012512166590170137,0.061324611610793056,0.09593894794221848,1.1741768624648603
2018-05-02,2018-07-04,0.015526718391825558,0.10530732768842103,0.03992438523939359,0.012497839792537217,0.06965923087450387,0.09634596961817425,1.1751836119258676
2018-05-03,2018-07-05,0.015553274384647342,0.10548743919476787,0.03992438523939359,0.012490074666933195,0.05238870792616712,0.09554831704668827,1.1750679906323263
2018-05-04,2018-07-06,0.015361324298433617,0.10418557036977705,0.03992438523939359,0.012167244212149736,0.030533333333333523,0.09386666666666656,1.1722006431605827
2018-05-07,2018-07-09,0.015411895086667718,0.10452855814308747,0.03992438523939359,0.012256363104350422,0.03467443091582845,0.09317098994176802,1.163355342177922
2018-05-08,2018-07-10,0.015442793770869422,0.10473812321538781,0.03992438523939359,0.012334409363821512,0.038314680710993976,0.09269256089532577,1.1647447938422415
2018-05-09,2018-07-11,0.017722949321860814,0.12020289057506624,0.06131437270101438,0.013282437196497722,-0.04148358749030745,0.09097958128715421,1.353329228236794
2018-05-10,2018-07-12,0.017738601711566163,0.12030905024707239,0.06131437270101438,0.013347000845089605,-0.038694698826260754,0.09080355991229191,1.3378576319916322
2018-05-11,2018-07-13,0.017752218671049026,0.12040140495965201,0.06131437270101438,0.013362435213109394,-0.029282197460482107,0.09121534076185529,1.3389101668082908
2018-05-14,2018-07-16,0.018534091220612437,0.12570432259553854,0.06131437270101438,0.013903522608592702,-0.08469179826795714,0.09984717269485469,1.411469323851535
2018-05-15,2018-07-17,0.01851971478851541,0.1256068168890765,0.06131437270101438,0.013828108447367171,-0.08158029758850693,0.10402770651616214,1.3981400688678907
2018-05-16,2018-07-18,0.01859099205284849,0.1260902428160779,0.06131437270101438,0.013894206892949096,-0.07884445565787812,0.10230856566166267,1.4113160678877916
2018-05-17,2018-07-19,0.018581618983332836,0.12602667156566796,0.06131437270101438,0.013930218247439325,-0.0854195496288841,0.10202541200150962,1.3988325878015744
2018-05-18,2018-07-20,0.018572599877904283,0.12596550101649892,0.06131437270101438,0.013826718834608866,-0.07177337398373995,0.10302337398373983,1.3995201040853709
2018-05-21,2018-07-23,0.018518351920572308,0.12559757346896297,0.06131437270101438,0.013690492598707102,-0.07744616547034366,0.10212819544138017,1.3951889384284268
2018-05-22,2018-07-24,0.018628746710130845,0.12634630736016664,0.06131437270101438,0.013950439185450995,-0.06659113796576022,0.1020896273917422,1.3976486465240225
2018-05-23,2018-07-25,0.01868323680109153,0.1267158771378725,0.06131437270101438,0.014080870388096174,-0.06109647472086299,0.10174382135240247,1.4013394213797887
2018-05-24,2018-07-26,0.018643117213652482,0.12644377285707403,0.06131437270101438,0.013913491591552488,-0.04842799188640967,0.09533468559837742,1.4011493729140332
2018-05-25,2018-07-27,0.01808038270522797,0.1226271217280472,0.06131437270101438,0.013259627996256452,-0.020013080444735154,0.09836494440811,1.3959475510266812
2018-05-28,2018-07-30,0.017974323426843384,0.1219077927042708,0.06131437270101438,0.013061790604821792,0.0001327316166710446,0.0998141757366606,1.350674549671546
2018-05-29,2018-07-31,0.018113764337304987,0.12285352697216882,0.06131437270101438,0.013347644823725219,-0.01787132644956324,0.09954990733386299,1.3515876332797592
2018-05-30,2018-08-01,0.01776804981878205,0.12050877702758898,0.06131437270101438,0.01315073325299735,-0.06730028255843812,0.09658361161058324,1.3709501624151348
2018-05-31,2018-08-02,0.01785495503494008,0.12109819688082758,0.06131437270101438,0.013313650214208893,-0.05437443628398397,0.09689473006055933,1.332435657962025
2018-06-01,2018-08-03,0.017786916063036815,0.12063673412166705,0.06131437270101438,0.01306352765013943,-0.04288880198148859,0.09803154738626008,1.3319330509353353
2018-06-04,2018-08-06,0.017618788182260356,0.11949643535487756,0.06131437270101438,0.012747450372588493,-0.0225553933925966,0.09977444606607416,1.325818860996445
2018-06-05,2018-08-07,0.017678339279701794,0.11990033054858264,0.06131437270101438,0.01286326654646931,-0.0066702241195304435,0.10032017075773761,1.3161794181909863
2018-06-06,2018-08-08,0.01813115824570252,0.12297149819861714,0.06131437270101438,0.01327374872538551,-0.04785130503559187,0.09912997627208028,1.3552787295544062
2018-06-07,2018-08-09,0.017834352021881404,0.12095846044761699,0.06131437270101438,0.012877279091028069,-0.06986053719008256,0.09710743801652906,1.3490890646461495
2018-06-08,2018-08-10,0.017853579388139067,0.12108886679028287,0.06131437270101438,0.012844440229107325,-0.04427560911710782,0.09850668063924561,1.3358794530358924
2018-06-11,2018-08-13,0.017852896186965762,0.12108423309448066,0.06131437270101438,0.012878249917902634,-0.04622839182818228,0.09848088004190689,1.3261361003010723
2018-06-12,2018-08-14,0.01777854530225512,0.12057996085983579,0.06131437270101438,0.012691540004738624,-0.03818109505501799,0.09969508153254686,1.3267752668389807
2018-06-13,2018-08-15,0.017889687790567113,0.12133376589071336,0.06131437270101438,0.012875329209670956,-0.06699881998164414,0.10436606791661214,1.3354896512873657
2018-06-14,2018-08-16,0.017902279701129016,0.1214191683832622,0.06131437270101438,0.012843667049025715,-0.05249239719687948,0.10524923971968807,1.3317763554251754
2018-06-15,2018-08-17,0.01694275240697465,0.11491133764649197,0.06131437270101438,0.0120709026442495,-0.008806935461676102,0.10953625980459622,1.3295487956445968
2018-06-18,2018-08-20,0.016233444429363305,0.1101005768826686,0.06131437270101438,0.01147202191145345,-0.03516249334043686,0.1060202450719234,1.2088001596984321
2018-06-19,2018-08-21,0.016281773735919908,0.1104283621875911,0.06131437270101438,0.011551886957449499,-0.021025847060399228,0.1066023838221509,1.2439427150238342
2018-06-20,2018-08-22,0.01677314321881258,0.11376099216420683,0.06131437270101438,0.011965761833589094,0.01799485861182526,0.10769855229332984,1.248996988891834
2018-06-21,2018-08-23,0.016702377740934558,0.11328103734182453,0.06131437270101438,0.011789376935228834,0.026107162383816274,0.1088026243849099,1.244212689772654
2018-06-22,2018-08-24,0.01618959851193318,0.10980319940224463,0.06131437270101438,0.011340216812776152,0.005575467941059342,0.10566839240674376,1.243337898736615
2018-06-25,2018-08-27,0.016186565486407824,0.10978262842228442,0.06131437270101438,0.011351241756627715,0.026686334987260363,0.10674533994904128,1.2073875859096341
2018-06-26,2018-08-28,0.015762285979654896,0.10690502480240845,0.06131437270101438,0.010873554729541253,-0.0027458158995816717,0.10407949790794989,1.2029366241573698
2018-06-27,2018-08-29,0.015949854573432717,0.1081771768998804,0.06131437270101438,0.01109541765361726,0.007260469337482256,0.10320238558278243,1.1881013351598817
2018-06-28,2018-08-30,0.016023033542240012,0.1086735008141563,0.06131437270101438,0.011233674230133639,-0.009800128949065012,0.1026434558349453,1.191641177390313
2018-06-29,2018-08-31,0.015838269566632254,0.10742037056259038,0.06131437270101438,0.01105293485650674,-0.017821031344792848,0.1006066734074824,1.1977369966079678
2018-07-02,2018-09-03,0.015546335027634977,0.1054403741856393,0.06131437270101438,0.010675963364072807,0.006710543295909366,0.09936766034327014,1.1759870969419306
2018-07-03,2018-09-04,0.015531672066338995,0.10534092514360015,0.06131437270101438,0.010607172179401072,-0.0002568053415510363,0.09887005649717519,1.1513800792772635
2018-07-04,2018-09-05,0.01558475652336193,0.10570096144810473,0.06131437270101438,0.010739635838278654,-0.013306038894575156,0.09851586489252818,1.1551077495383166
2018-07-05,2018-09-06,0.015569129371661154,0.10559497294857371,0.06131437270101438,0.010704300945572726,-0.011735878256383891,0.0993035852463245,1.1566283458547861
2018-07-06,2018-09-07,0.015590469279363285,0.105739707244419,0.06131437270101438,0.010768418378083112,-0.002458274032863361,0.09962478975287879,1.1550908114121123
2018-07-09,2018-09-10,0.015503214576716738,0.10514791705849065,0.06131437270101438,0.010588802629854798,-0.010488616014326047,0.09849066257354824,1.1551388021246234
2018-07-10,2018-09-11,0.01575695351932578,0.10686885829683446,0.06131437270101438,0.010856903443827963,0.0015216839969567353,0.09916307380167394,1.172253496846805
2018-07-11,2018-09-12,0.01276244218948825,0.08655909431966906,0.04156194609553644,0.00958141430437885,0.06903060536605099,0.10961305109882714,1.168852093890113
2018-07-12,2018-09-13,0.01301226007982464,0.08825344168761864,0.04156194609553644,0.00983263297239355,0.04682678116194805,0.10908359050046974,0.9607820636924076
2018-07-13,2018-09-14,0.01302750693869783,0.08835685091570278,0.04156194609553644,0.009830875849181657,0.03603844100373732,0.10851575013347584,0.9611259248809486
2018-07-16,2018-09-17,0.01136399898697145,0.07707439105754163,0.030406596381815216,0.008933058551722906,0.07875330457770979,0.1131209127591486,0.9594960180718053
2018-07-17,2018-09-18,0.011415520281241645,0.0774238254764398,0.030406596381815216,0.009094559717412055,0.09483240223463696,0.1135474860335197,0.857019608116203
2018-07-18,2018-09-19,0.011119551277097333,0.07541646602555611,0.030406596381815216,0.008788174005134841,0.07984113941385917,0.11133935907970433,0.8587769361638414
2018-07-19,2018-09-20,0.011176523606528948,0.07580287116366864,0.030406596381815216,0.00886883961388289,0.07592847317744145,0.11182943603851457,0.83802822407591
2018-07-20,2018-09-21,0.011166745256586156,0.07573655116766614,0.030406596381815216,0.00875602847469061,0.07048036129738611,0.11126317230053388,0.8366990004722739
2018-07-23,2018-09-24,0.012014592987378041,0.08148693425334068,0.03158488407955613,0.009400206530957592,0.10196560196560189,0.1306306306306307,0.9132621891258584
2018-07-24,2018-09-25,0.011921201780071788,0.08085352426786721,0.03158488407955613,0.00917586525072791,0.09089683074848276,0.1312204989885368,0.9131372105096746
2018-07-25,2018-09-26,0.011872892591895584,0.0805258754124393,0.03158488407955613,0.009049560174259971,0.08471405665419574,0.1338856226616784,0.9046702497979935
2018-07-26,2018-09-27,0.011871758888305415,0.08051818626058772,0.03158488407955613,0.009017156015193912,0.0831334932054355,0.13509192645883294,0.8991058360103246
2018-07-27,2018-09-28,0.012159851561556875,0.0824721258362998,0.03158488407955613,0.00942215788078728,0.10718099305926332,0.15736785904965303,0.9308726620991065
2018-07-30,2018-10-01,0.012560487349229188,0.08518936995134274,0.03158488407955613,0.009824419747117745,0.12740544127405462,0.18301260783012618,0.9762450244821151
2018-07-31,2018-10-02,0.012297965822272404,0.08340886232784792,0.03158488407955613,0.00956089363904845,0.14085456260951612,0.18587410702250987,0.9752558192820371
2018-08-01,2018-10-03,0.011909326074226808,0.08077297931204402,0.03158488407955613,0.009465636730347362,0.18562379509776905,0.20572844946295782,0.9839770676012812
2018-08-02,2018-10-04,0.012155455947919488,0.08244231333413272,0.03158488407955613,0.009548383320506825,0.15656083935141019,0.20356996866058044,0.973130314344205
2018-08-03,2018-10-05,0.012284948703668487,0.08332057593404667,0.03158488407955613,0.00974181302761049,0.14560065377281384,0.20348678834105144,0.9731303143442052
2018-08-06,2018-10-08,0.012330347229447187,0.08362848371662523,0.03158488407955613,0.009758937845077833,0.13696212841047917,0.20279625356318715,0.9744876022590133
2018-08-07,2018-10-09,0.012368810577725542,0.08388935483690492,0.03158488407955613,0.009811845966456694,0.1396723072790762,0.20064464141821112,0.9872040007670317
2018-08-08,2018-10-10,0.01217320603864603,0.08256270030667054,0.03158488407955613,0.009735991807910724,0.14356915409109772,0.2068392634639346,1.0353932250284343
2018-08-09,2018-10-11,0.01295325790738632,0.08785326948442071,0.03158488407955613,0.010285333306104384,0.11564625850340127,0.20741357767596832,1.0358623796456832
2018-08-10,2018-10-12,0.012858602989573387,0.08721128859728779,0.03158488407955613,0.010066521366127595,0.10471491228070184,0.20476973684210525,1.0360470444245617
2018-08-13,2018-10-15,0.012844567603517414,0.08711609597761563,0.03158488407955613,0.01007096039714542,0.10888370177124829,0.20513524646436906,1.027203887301327
2018-08-14,2018-10-16,0.012857689073694282,0.08720509011821888,0.03158488407955613,0.010204408694078546,0.12419021364576155,0.20592694693314953,1.033776319259089
2018-08-15,2018-10-17,0.012895131086099269,0.08745903420158177,0.03158488407955613,0.010225913023709522,0.12310286677908944,0.2099494097807757,1.0608763809474573
2018-08-16,2018-10-18,0.013118681824216149,0.08897522907546167,0.03158488407955613,0.010392403502507119,0.09921853195646113,0.2015071169411108,1.0546120242720216
2018-08-17,2018-10-19,0.013159607338618285,0.0892527994188661,0.03158488407955613,0.010494133258948182,0.10426211300846866,0.19533527696792993,1.058140288225157
2018-08-20,2018-10-22,0.013151717767172624,0.0891992897418962,0.03158488407955613,0.01037638133663613,0.0984262838210932,0.1885698509110988,1.056742328018561
2018-08-21,2018-10-23,0.014968754528671982,0.10152303264985413,0.047088709360766624,0.011221247461530498,0.038440492476060184,0.1778385772913817,1.1850142174894671
2018-08-22,2018-10-24,0.014361976969498279,0.09740766701718274,0.047088709360766624,0.010606395911828085,0.0077086656034024426,0.14659755449229137,1.1810864563575796
2018-08-23,2018-10-25,0.01445382652735591,0.09803062102737736,0.047088709360766624,0.01081256492154149,0.021713067803383668,0.14692953243639273,1.1455319630027223
2018-08-24,2018-10-26,0.014548030192784599,0.09866954137193466,0.047088709360766624,0.010934327729955475,0.02732673267326713,0.13663366336633656,1.157101889467257
2018-08-27,2018-10-29,0.014588852865052786,0.09894641420605048,0.047088709360766624,0.010970916206403175,0.004049111807732597,0.13427377220480669,1.1612287345364145
2018-08-28,2018-10-30,0.014639967262025896,0.09929308891321058,0.047088709360766624,0.01108695290289275,-0.0011800183558409172,0.1347843188671824,1.1595426384720753
2018-08-29,2018-10-31,0.014691327371941051,0.09964143012662474,0.047088709360766624,0.011145744865052836,-0.03990217531213791,0.14815291543313155,1.1822307580237417
2018-08-30,2018-11-01,0.015035235011645852,0.10197392522282045,0.047088709360766624,0.011441865271621568,-0.05261101705951299,0.17385076181794495,1.1947530215942939
2018-08-31,2018-11-02,0.014904818327366742,0.10108939623473447,0.047088709360766624,0.011216954475770763,-0.06549993565821632,0.17346544846223125,1.1875156749537539
2018-09-03,2018-11-05,0.014888904535806222,0.10098146364908835,0.047088709360766624,0.011158854171253086,-0.0679400076913218,0.17279835918471975,1.1798175982826293
2018-09-04,2018-11-06,0.015014083001459828,0.10183046530993241,0.047088709360766624,0.011442433970583579,-0.07975854097097346,0.18558951965065487,1.1893019509085077
2018-09-05,2018-11-07,0.015000168601740764,0.10173609325952061,0.047088709360766624,0.01133850670084702,-0.06639004149377603,0.1873703319502073,1.1902155449658103
2018-09-06,2018-11-08,0.015106914003934237,0.10246007580137817,0.047088709360766624,0.011520190605174887,-0.07399190917395282,0.197572752185828,1.1950823147927656
2018-09-07,2018-11-09,0.015190759347178088,0.10302874258680637,0.047088709360766624,0.011725128764030384,-0.09364461738002594,0.21037613488975357,1.2034777503768708
2018-09-10,2018-11-12,0.015250953439544884,0.1034369987842727,0.047088709360766624,0.011941601813961514,-0.10845398138572904,0.22143226473629776,1.2089494181528746
2018-09-11,2018-11-13,0.016626100523873356,0.11276370008552099,0.05391418737296899,0.01267914365083939,-0.17257533552798188,0.2627247404406179,1.3209721387313011
2018-09-12,2018-11-14,0.016677630055374898,0.11311319037204029,0.05391418737296899,0.012764843105332352,-0.16937823180728973,0.26169756589733884,1.3013721855093536
2018-09-13,2018-11-15,0.01682289311642698,0.11409841238645439,0.05391418737296899,0.01275087397147238,-0.14265572930017933,0.26595744680851063,1.30940577295996
2018-09-14,2018-11-16,0.01688267445024748,0.11450386911925638,0.05391418737296899,0.01277904757268434,-0.1326977583097141,0.26732800824529757,1.2974975915199225
2018-09-17,2018-11-19,0.01688542955708642,0.11452255516297684,0.05391418737296899,0.012759869016285019,-0.13194892299754934,0.26763833354830385,1.2961598801006797
2018-09-18,2018-11-20,0.01961488384433279,0.1330346148129377,0.07271449840994601,0.014130604314955747,-0.20168388825105243,0.3000382701875239,1.4711109377964489
2018-09-19,2018-11-21,0.019858190028140373,0.13468479763845567,0.07271449840994601,0.01441221543916426,-0.1915028535193405,0.298287888395688,1.475753308004748
2018-09-20,2018-11-22,0.019918100453110914,0.13509112991003513,0.07271449840994601,0.014581755707875914,-0.197647660444899,0.3006903605216057,1.4814028310443068
2018-09-21,2018-11-23,0.02120894749726837,0.1438460805212529,0.07271449840994601,0.01579702365966192,-0.2403477371516236,0.3410892354896445,1.558344997243801
2018-09-24,2018-11-26,0.020784516046756976,0.14096744636866812,0.07271449840994601,0.015513772901552664,-0.2499690325777283,0.3304843304843304,1.5672261566496892
2018-09-25,2018-11-27,0.020858130240744482,0.14146672212373318,0.07271449840994601,0.015648883198311845,-0.24539498083817535,0.32983063419458514,1.574445381989977
2018-09-26,2018-11-28,0.021216258878311564,0.1438956687201202,0.07271449840994601,0.016339803969739178,-0.2737127371273713,0.33431879773343176,1.5549772820932422
2018-09-27,2018-11-29,0.021376427872933004,0.14498198769470821,0.07271449840994601,0.016584152133616116,-0.2656826568265682,0.33382533825338245,1.5582138604128148
2018-09-28,2018-11-30,0.020991727291370804,0.14237282140585317,0.07271449840994601,0.016373415222432203,-0.2878842676311031,0.32718505123568403,1.5608797686477687
2018-10-01,2018-12-03,0.02200334147405349,0.14923392260841672,0.07271449840994601,0.01688390781998596,-0.27133608004708654,0.3194820482636844,1.6594970427158366
2018-10-02,2018-12-04,0.02200044968674455,0.14921430955264647,0.07271449840994601,0.01701549310683045,-0.27563799621928164,0.3206521739130434,1.6469068504056452
2018-10-03,2018-12-05,0.02177345635092171,0.1476747658451256,0.07271449840994601,0.016743910660790163,-0.2844367015098722,0.31521486643437857,1.7106361644009869
2018-10-04,2018-12-06,0.021847374558615892,0.14817610352146873,0.07271449840994601,0.016900696226026305,-0.2894674835061263,0.30537229029217716,1.6457237075946645
2018-10-05,2018-12-07,0.022166479455153598,0.1503403782290185,0.07271449840994601,0.017096226878444518,-0.2700035667578171,0.30793009154678397,1.616905256561327
2018-10-08,2018-12-10,0.02234198116179652,0.15153068871607245,0.07271449840994601,0.01758660609365711,-0.2859360076408787,0.30921680993314227,1.584072901264881
2018-10-09,2018-12-11,0.022298669073905483,0.15123693184373732,0.07271449840994601,0.017536869317722647,-0.2875324063162856,0.30520857883572944,1.5824691768411077
2018-10-10,2018-12-12,0.022107803221646915,0.14994241665120928,0.07271449840994601,0.01704017507110412,-0.27142857142857135,0.2861985472154963,1.5746773306465591
2018-10-11,2018-12-13,0.0224561889739824,0.15230528378496788,0.07271449840994601,0.017037483672357436,-0.23033847685415632,0.2812344449975112,1.558589802967106
2018-10-12,2018-12-14,0.022579878230692185,0.15314418513934114,0.07271449840994601,0.01751311379175743,-0.25111662531017365,0.28039702233250624,1.5389564504955096
2018-10-15,2018-12-17,0.02276123292194716,0.1543741924994202,0.07271449840994601,0.018088752972502835,-0.27315502724120855,0.28306092124814264,1.5578957379859477
2018-10-16,2018-12-18,0.023358992261223652,0.15842839358888827,0.07271449840994601,0.0189161059466647,-0.31338891613536046,0.31338891613536046,1.6077813500489475
2018-10-17,2018-12-19,0.02350876850263004,0.15944422548173864,0.07271449840994601,0.018768184059587578,-0.2896646646646647,0.2992992992992993,1.6074628942907947
2018-10-18,2018-12-20,0.023755839872674572,0.1611199450427635,0.07271449840994601,0.019149982089034217,-0.30176463120477337,0.31192078202361295,1.610457671919221
2018-10-19,2018-12-21,0.023693589730244064,0.16069774403530326,0.07271449840994601,0.019428155041989952,-0.32373648478752837,0.324113653507669,1.6114130984676283
2018-10-22,2018-12-24,0.024804744357441132,0.1682339613792303,0.07271449840994601,0.02074324666915249,-0.3630765363830589,0.36307653638305887,1.6715340519883284
2018-10-23,2018-12-26,0.027876051594420994,0.18906458053998845,0.08506921333620168,0.0215872578686066,-0.27308654986167824,0.3575286523514688,1.798394815674099
2018-10-24,2018-12-27,0.028053415311899494,0.19026751979896142,0.08506921333620168,0.02221477757376636,-0.29332629912951724,0.35795304668952777,1.7316660738445926
2018-10-25,2018-12-28,0.027919336624910248,0.1893581539000962,0.08506921333620168,0.022284223687526916,-0.3116036505867015,0.35384615384615375,1.735430030656479
2018-10-26,2018-12-31,0.02815832030909213,0.19097902010680073,0.08506921333620168,0.022523113099784404,-0.30416345412490353,0.3487535337959393,1.7419822541900483
2018-10-29,2019-01-02,0.02827180317043605,0.19174869831986444,0.08506921333620168,0.022466607637859563,-0.28866918173539746,0.3407050865096917,1.7358972119439509
2018-10-30,2019-01-03,0.02847921244972685,0.19315541649357684,0.08506921333620168,0.02261702501384418,-0.2708059858230508,0.3347335258598058,1.7349852774716785
2018-10-31,2019-01-04,0.02899991363219974,0.1966869837357115,0.08506921333620168,0.022884061625486236,-0.23019171470706534,0.32055235286231404,1.7538082786498839
2018-11-01,2019-01-07,0.02887965355144643,0.19587134018424524,0.08506921333620168,0.022386981182804685,-0.208659793814433,0.3033676975945017,1.7382099738073873
2018-11-02,2019-01-08,0.029070695456899723,0.19716704942763452,0.08506921333620168,0.022737512178439508,-0.1931974662627376,0.30335995593500403,1.723482319128289
2018-11-05,2019-01-09,0.030005054023876876,0.2035041775514336,0.08506921333620168,0.023729280277409132,-0.15637463897675685,0.30298445880896707,1.7704310455243721
2018-11-06,2019-01-10,0.029960272828802807,0.20320045670940257,0.08506921333620168,0.023460970223532766,-0.14612700628053044,0.29755757152826234,1.7705384835521454
2018-11-07,2019-01-11,0.029946620613846328,0.2031078628825672,0.08506921333620168,0.02356802602406577,-0.15847222222222213,0.2961111111111111,1.7657711703635204
2018-11-08,2019-01-14,0.030015253898433934,0.20357335646646607,0.08506921333620168,0.023715438572342106,-0.16403607666290865,0.2857948139797068,1.7749219211241256
2018-11-09,2019-01-15,0.030173052858809384,0.20464360108672647,0.08506921333620168,0.023823343903417588,-0.13380080137378358,0.274756725815684,1.7772627952776878
2018-11-12,2019-01-16,0.030223687864545604,0.20498702440432695,0.08506921333620168,0.023812963352660116,-0.11120777149485284,0.2651877627954183,1.7737518575533366
2018-11-13,2019-01-17,0.02921805694840947,0.19816650368985914,0.08506921333620168,0.022669314317904903,-0.06426931905126232,0.254628921193573,1.768808245315374
2018-11-14,2019-01-18,0.02941286330927297,0.19948774471204717,0.08506921333620168,0.023010248523006396,-0.04980261160036448,0.25265715153355595,1.6994877744932952
2018-11-15,2019-01-21,0.029308085900288723,0.19877710974953913,0.08506921333620168,0.02269024276565623,-0.06338765136791746,0.2487666317835251,1.697854784592963
2018-11-16,2019-01-22,0.02938775767158383,0.19931746999280264,0.08506921333620168,0.022955932275200944,-0.08630421865715976,0.24717765894236476,1.6993822406980719
2018-11-19,2019-01-23,0.029407939384812516,0.19945434903154438,0.08506921333620168,0.02316351233123189,-0.09479940564635947,0.24695393759286774,1.7004257778823972
2018-11-20,2019-01-24,0.027430815313368363,0.18604484116143,0.08506921333620168,0.021649538177484634,-0.022051773729625967,0.20885266858421223,1.7009243011553656
2018-11-21,2019-01-25,0.027289889064011776,0.18508903283500944,0.08506921333620168,0.021324881589114338,-0.03623529411764714,0.20501960784313725,1.5524440758673568
2018-11-22,2019-01-28,0.027428535669385096,0.18602937986369145,0.08506921333620168,0.021522636060051885,-0.04477374123645628,0.19247928616953472,1.5583924269970444
2018-11-23,2019-01-29,0.026369741946580094,0.17884829145156625,0.08506921333620168,0.02075142365465117,0.029283069673510465,0.20144732413328842,1.5617646095529802
2018-11-26,2019-01-30,0.026252587927998526,0.17805371423869687,0.08506921333620168,0.020513722353151242,0.01833195706028068,0.19768786127167629,1.4839239989913933
2018-11-27,2019-01-31,0.02624982207045731,0.17803495528016602,0.08506921333620168,0.020493757285676522,0.002948885976408855,0.19610091743119265,1.4759676266038522
2018-11-28,2019-02-01,0.02601088888147661,0.17641443154857847,0.08506921333620168,0.020324914865543362,0.06682496607869748,0.20725915875169604,1.4948636698054936
2018-11-29,2019-02-04,0.02596016355754607,0.17607039566318064,0.08506921333620168,0.02007602368950823,0.052261306532663365,0.2046901172529313,1.4631146051578074
2018-11-30,2019-02-05,0.02596801721730089,0.17612366177521302,0.08506921333620168,0.020092860321949926,0.05146436431352641,0.20687320128660908,1.462791405379514
2018-12-03,2019-02-06,0.02505931625875421,0.1699605520183672,0.08506921333620168,0.019209798810178858,0.01050080775444262,0.1974151857835218,1.4612799630579976
2018-12-04,2019-02-07,0.02510630707769668,0.17027925925861231,0.08506921333620168,0.019308227471109794,0.006034904583265277,0.1993149567770347,1.4063025835579408
2018-12-05,2019-02-08,0.025105521994022825,0.17027393456207188,0.08506921333620168,0.01930399268148889,0.0058432072715468575,0.19834442460639504,1.4042605976409637
2018-12-06,2019-02-11,0.02491723048063933,0.16899687938528296,0.08506921333620168,0.018970370168468396,0.02105786768363438,0.20261979771182223,1.404741195411794
2018-12-07,2019-02-12,0.024897382781853238,0.16886226574271002,0.08506921333620168,0.018940947047816473,0.019706840390879554,0.1990228013029316,1.3998649003137535
2018-12-10,2019-02-13,0.02466527476838112,0.1672880326036144,0.08506921333620168,0.018706535858754834,0.06336732987794691,0.2160173883965892,1.3982489048806728
2018-12-11,2019-02-14,0.02470840588893382,0.1675805620957448,0.08506921333620168,0.01879925664366085,0.0678134303671849,0.22957327158451873,1.3857041845056695
2018-12-12,2019-02-15,0.024995030650861446,0.16952454581247267,0.08506921333620168,0.019317245546326665,0.10319042871385853,0.26105018278497844,1.408472036733733
2018-12-13,2019-02-18,0.024705090843925498,0.16755807836658945,0.08506921333620168,0.018729052541695303,0.07437348423605505,0.25497170573969286,1.407894666267455
2018-12-14,2019-02-19,0.024394241795779373,0.16544979754712202,0.08506921333620168,0.018193840718481687,0.10122597746852224,0.26159708416169647,1.3861990571656573
2018-12-17,2019-02-20,0.024002401829188516,0.16279220959312604,0.08506921333620168,0.01782346732243439,0.14514480408858588,0.28177172061328787,1.3731398484780277
2018-12-18,2019-02-21,0.02279747636151857,0.15462000746631693,0.08506921333620168,0.016806839505709898,0.19874999999999998,0.2953571428571428,1.3512160384663499
2018-12-19,2019-02-22,0.022763891392326447,0.15439222312278286,0.08506921333620168,0.016533178513028716,0.18090540778580233,0.2913510657037167,1.2913104230570016
2018-12-20,2019-02-25,0.02277983072918229,0.15450032896505136,0.08506921333620168,0.016543375881412564,0.1803636363636365,0.30072727272727273,1.3237438672518775
2018-12-21,2019-02-26,0.022481411019540102,0.15247634802078963,0.08506921333620168,0.016344853648172487,0.22308979364194093,0.30749209890314183,1.3040880538421908
2018-12-24,2019-02-27,0.020313625268835837,0.1377737097267964,0.08506921333620168,0.015249890228691838,0.31156274664561945,0.3263614838200473,1.2957119916159574
2018-12-26,2019-02-28,0.016474349945429404,0.11173447758738397,0.045868125129408306,0.013396268881915065,0.20260964117433855,0.26132656759695544,1.2119692921924181
2018-12-27,2019-03-01,0.01612657846527282,0.10937577665024212,0.045868125129408306,0.013202546454224601,0.21313923105636445,0.26913027248973503,1.033857277173797
2018-12-28,2019-03-04,0.015880670525510423,0.10770794785730305,0.045868125129408306,0.013063907941109601,0.2414772727272727,0.27310606060606063,1.0098439397296473
2018-12-31,2019-03-05,0.01559020379576558,0.10573790664705426,0.045868125129408306,0.012509647526243716,0.21089566020313932,0.24136657433056327,0.9869198901457082
2019-01-02,2019-03-06,0.015569505816928397,0.10559752612459675,0.045868125129408306,0.012414875536042187,0.20574250182882237,0.22933430870519383,1.0200458216476695
2019-01-03,2019-03-07,0.015472025196602065,0.10493638039058381,0.045868125129408306,0.01211795047220359,0.1897389738973898,0.21008100810081012,0.9819446101442301
2019-01-04,2019-03-08,0.014870923500368328,0.10085951033331027,0.045868125129408306,0.011476539103471472,0.1461163357715083,0.17067223963775682,0.9744050581720645
2019-01-07,2019-03-11,0.014934422900262836,0.10129018421712525,0.045868125129408306,0.011693743550396308,0.15737363210005206,0.16762202536043075,0.9423709691402108
2019-01-08,2019-03-12,0.014780263472594337,0.10024462410866777,0.045868125129408306,0.01132680113879971,0.13841952551629966,0.14729476019798593,0.9421679440432095
2019-01-09,2019-03-13,0.013375536586432606,0.09071730283055086,0.03213371352743721,0.01058562195894272,0.10107597000326063,0.13400717313335517,0.9382974868947709
2019-01-10,2019-03-14,0.01342108973631144,0.09102625932479988,0.03213371352743721,0.010676137368259984,0.09660019614253024,0.13435763321346855,0.8487650875908144
2019-01-11,2019-03-15,0.013325543965280464,0.09037823637717567,0.03213371352743721,0.01052381644992119,0.10414259778841406,0.13566595147714153,0.848899543398751
2019-01-14,2019-03-18,0.012854790362775257,0.08718543010424037,0.03213371352743721,0.010162422309023325,0.1333445718138908,0.1385704652730952,0.8458312093926353
2019-01-15,2019-03-19,0.012587136694824096,0.08537011460700175,0.03213371352743721,0.009809348557309807,0.11547992730877232,0.12539236742111357,0.8259513618693974
2019-01-16,2019-03-20,0.012523033126299536,0.0849353430521723,0.03213371352743721,0.009708726426945109,0.11044045676998371,0.13246329526916786,0.8105204983594608
2019-01-17,2019-03-21,0.012590721077532554,0.08539442507331632,0.03213371352743721,0.00982469403238217,0.10466067048242023,0.13278822567457058,0.8061839794337589
2019-01-18,2019-03-22,0.012340839728557736,0.08369964730794063,0.03213371352743721,0.00956244557818458,0.06727388942154056,0.12975391498881417,0.813633824272319
2019-01-21,2019-03-25,0.012340772335689617,0.08369919022727053,0.03213371352743721,0.0095741712514134,0.06783719074221883,0.12960893854748587,0.7860080760731233
2019-01-22,2019-03-26,0.012007538339855527,0.08143908730592835,0.03213371352743721,0.009344736327804883,0.09640708827832878,0.1320110551129896,0.7899628499795576
2019-01-23,2019-03-27,0.011895256811730233,0.08067755693117304,0.03213371352743721,0.0091767328133516,0.10472751149047932,0.1332895600787917,0.7721497376748263
2019-01-24,2019-03-28,0.011893573030659936,0.08066613697233495,0.03213371352743721,0.009078130944032047,0.09983660130718963,0.13267973856209134,0.7672352963726309
2019-01-25,2019-03-29,0.011892495662915196,0.08065882990877694,0.03213371352743721,0.009070249856530934,0.09944661458333326,0.13216145833333318,0.7669405622908174
2019-01-28,2019-04-01,0.011606895849764378,0.07872179773286918,0.03213371352743721,0.009048125168597345,0.1536280233527938,0.15362802335279388,0.8020571377239353
2019-01-29,2019-04-02,0.01133629035764208,0.07688646199004974,0.03213371352743721,0.00873542026933339,0.13750817527795944,0.13750817527795942,0.7737486391081655
2019-01-30,2019-04-03,0.011319831048129437,0.07677482952164061,0.03213371352743721,0.008570462882250515,0.12747324035030805,0.13542004541031455,0.7529362811541627
2019-01-31,2019-04-04,0.011256272535222241,0.07634375471386728,0.03213371352743721,0.00847854723972841,0.13214635739954272,0.13639333551127072,0.7499579698368024
2019-02-01,2019-04-05,0.010856236036213178,0.07363057517229366,0.03213371352743721,0.008248937362148465,0.12050874403815581,0.14149443561208278,0.7668030754514085
2019-02-04,2019-04-08,0.010878857957292981,0.07378400450590909,0.03213371352743721,0.008415285930712392,0.13180515759312317,0.15154409423750392,0.7684399781375245
2019-02-05,2019-04-09,0.010716681146133706,0.0726840678570159,0.03213371352743721,0.008247246141920725,0.14039607148607303,0.15327644501690543,0.7366773230260781
2019-02-06,2019-04-10,0.010756497579391143,0.07295411604611891,0.03213371352743721,0.008321337733993309,0.14420463629096725,0.15971223021582726,0.7560581413115509
2019-02-07,2019-04-11,0.01058711365703134,0.07180529839083866,0.03213371352743721,0.008194034108977965,0.15077821011673165,0.161964980544747,0.7272431565134532
2019-02-08,2019-04-12,0.010609216655184951,0.07195520821793286,0.03213371352743721,0.008267538354870572,0.15459093109569144,0.16120703566241723,0.7360337303234897
2019-02-11,2019-04-15,0.010561189730488323,0.07162947376656562,0.03213371352743721,0.008205025557193856,0.15784345566742441,0.16222799610263064,0.7519626493962018
2019-02-12,2019-04-16,0.010393025441748898,0.07048892806895729,0.03213371352743721,0.008010260823955137,0.14773997763935465,0.14773997763935473,0.7310177539032399
2019-02-13,2019-04-17,0.010253442755513473,0.0695422322309776,0.03213371352743721,0.007729766244044122,0.12641509433962272,0.12987421383647796,0.7158045033083547
2019-02-14,2019-04-18,0.010109005674536651,0.0685626122859934,0.03213371352743721,0.007452747821413687,0.10687732342007417,0.11307311028500615,0.7012659360353081
2019-02-15,2019-04-22,0.010239762496435406,0.0694494481996555,0.03213371352743721,0.007502411633502603,0.10935381834613644,0.13149570718481704,0.7589480706300288
2019-02-18,2019-04-23,0.010239242783794348,0.06944592333702744,0.03213371352743721,0.0075064624482744586,0.10955605718585404,0.13258088788562833,0.7094639740217838
2019-02-19,2019-04-24,0.010239992638541168,0.06945100909935979,0.03213371352743721,0.007502788846278971,0.10937264931548052,0.1326914397472543,0.7094103491479812
2019-02-20,2019-04-25,0.010166339834610034,0.0689514714789164,0.03213371352743721,0.007289645748760173,0.0952097590002976,0.13121094912228493,0.7096248243292702
2019-02-21,2019-04-26,0.011491442618948147,0.07793875582385558,0.034407539205451344,0.008024484745630212,0.05958587814687921,0.1313868613138685,0.791279920788768
2019-02-22,2019-04-29,0.011491623513341822,0.07793998270932558,0.034407539205451344,0.00808508855994235,0.0653341288782816,0.1315632458233889,0.7923232212654899
2019-02-25,2019-04-30,0.01032090894866864,0.0699998102156612,0.034407539205451344,0.007445556475121642,0.10382008626001227,0.13585951940850266,0.7930020012036818
2019-02-26,2019-05-01,0.01019687444298105,0.06915856726879414,0.034407539205451344,0.007270345411059581,0.09515123879008947,0.1328469372245021,0.73106384661402
2019-02-27,2019-05-02,0.010806783308263129,0.0732951704527707,0.034407539205451344,0.00757244923171623,0.0583721979840528,0.13148788927335633,0.7621194702646837
2019-02-28,2019-05-03,0.010820669255026703,0.07338934952584937,0.034407539205451344,0.007671058978953397,0.06660638939119945,0.13170584689572024,0.7581513557732851
2019-03-01,2019-05-06,0.010293849980127497,0.06981628736201217,0.034407539205451344,0.007273602909496211,0.09200000000000008,0.13446153846153838,0.7585512507405158
2019-03-04,2019-05-07,0.010569767395019424,0.0716876503179001,0.034407539205451344,0.007436621450383306,0.06590389016018317,0.1249427917620137,0.7496506432709323
2019-03-05,2019-05-08,0.010593860824611542,0.07185105990781904,0.034407539205451344,0.007572506266977597,0.07244166539576025,0.12459966448070768,0.7481992875651808
2019-03-06,2019-05-09,0.01057955995514464,0.07175406669204891,0.034407539205451344,0.007450832959206922,0.06658577278932176,0.12027908387683894,0.7481934764891165
2019-03-07,2019-05-10,0.010618416512337305,0.07201760468493774,0.034407539205451344,0.007566965619279173,0.0721743077621424,0.11998789529429554,0.7505432814910177
2019-03-08,2019-05-13,0.010799212318270622,0.07324382150034257,0.034407539205451344,0.007759848981756994,0.06290837258775261,0.12049840449779657,0.7620766822080425
2019-03-11,2019-05-14,0.010858621710881443,0.07364675560512621,0.034407539205451344,0.007812631133610025,0.0654359897943868,0.10670868977937865,0.7762535444153486
2019-03-12,2019-05-15,0.011001992565893239,0.07461914405377902,0.034407539205451344,0.008087795243275582,0.07871064467766109,0.10554722638680647,0.7797351835859017
2019-03-13,2019-05-16,0.01097747163529719,0.0744528350109833,0.034407539205451344,0.00806151273193724,0.0774355937222384,0.10290198400947569,0.7889853142403583
2019-03-14,2019-05-17,0.01100687277526827,0.07465224324414722,0.034407539205451344,0.008096942107319198,0.07571918318676407,0.10359218959606481,0.7842096547535586
2019-03-15,2019-05-20,0.011174453935299299,0.07578883397043258,0.034407539205451344,0.008303432890059595,0.06576980568011948,0.10388639760837053,0.7918566514980723
2019-03-18,2019-05-21,0.011177548056146083,0.07580981931902314,0.034407539205451344,0.008253382760683176,0.057712330804700285,0.10337646883831605,0.7918566514980722
2019-03-19,2019-05-22,0.011475860403931615,0.07783307209974544,0.034407539205451344,0.008529581835636391,0.03569312796208557,0.10293246445497614,0.8092830965952412
2019-03-20,2019-05-23,0.013313987493895828,0.09029985657480452,0.04579166117317557,0.00936689125788122,-0.018657264580578814,0.10210077861025399,0.9306379298748468
2019-03-21,2019-05-24,0.013537697856877612,0.0918171340771917,0.04579166117317557,0.009595405693243336,0.006809770540340709,0.10288675055514418,0.9441075841421804
2019-03-22,2019-05-27,0.013498081025675467,0.09154843965509299,0.04579166117317557,0.009561818741533652,0.028297649348704823,0.10405749363677179,0.9461604331282265
2019-03-25,2019-05-28,0.013497359522300032,0.09154354618111685,0.04579166117317557,0.00952848527041981,0.02675635276532118,0.10373692077727947,0.9395026436318881
2019-03-26,2019-05-29,0.013502324183718618,0.09157721815311219,0.04579166117317557,0.009518700743568234,0.01082443653618026,0.10290628706998811,0.9424863048249618
2019-03-27,2019-05-30,0.015019130734577026,0.1018647007016,0.04579166117317557,0.010459004675271907,-0.031054977711738485,0.12674591381872216,1.035572725386885
2019-03-28,2019-05-31,0.016972562713784882,0.11511352098417717,0.05435692568859009,0.011663634637864139,-0.082454315852028,0.17798246917248547,1.1535747841421893
2019-03-29,2019-06-03,0.017044328152644637,0.11560025787190784,0.05435692568859009,0.011896156429354878,-0.0984455958549223,0.19008142116950402,1.1605218091725895
2019-04-01,2019-06-04,0.016672574574675834,0.11307890243371592,0.05435692568859009,0.011554424518874071,-0.11220358588779644,0.1856564488143435,1.1623224502094385
2019-04-02,2019-06-05,0.016715330436039153,0.11336888679419471,0.05435692568859009,0.011751217652114978,-0.13037228690527514,0.1903119160557711,1.1455357584610995
2019-04-03,2019-06-06,0.01733871997998519,0.1175969203892667,0.05435692568859009,0.012361770420246472,-0.10486191024165703,0.19044879171461443,1.172032793724314
2019-04-04,2019-06-07,0.017552770655327607,0.11904868270254979,0.05435692568859009,0.012652315503199844,-0.08757755013706536,0.19102582599913426,1.1814324393276388
2019-04-05,2019-06-10,0.017415983078182325,0.11812094421675828,0.05435692568859009,0.012605978282772013,-0.1157775255391601,0.18785471055618608,1.1846940533319155
2019-04-08,2019-06-11,0.01733046761421909,0.11754095012149958,0.05435692568859009,0.012504253557460624,-0.1271448663853726,0.18621659634317855,1.2025941163566594
2019-04-09,2019-06-12,0.018057772819044287,0.12247377401906856,0.05435692568859009,0.013251493671255702,-0.15600734152195395,0.1970916278413101,1.2204863606455183
2019-04-10,2019-06-13,0.018086766582960063,0.12267041929339818,0.05435692568859009,0.013286579364500797,-0.1546737459829537,0.19505379348889193,1.2244475240411237
2019-04-11,2019-06-14,0.018160505166333503,0.12317053869832505,0.05435692568859009,0.013289169933274347,-0.14046210200056364,0.19667511975204274,1.2218926872399385
2019-04-12,2019-06-17,0.018198149685205365,0.12342585624737,0.05435692568859009,0.01350462247752178,-0.1622641509433962,0.19510831586303276,1.2289603241198932
2019-04-15,2019-06-18,0.018726324658109233,0.1270081132024323,0.05435692568859009,0.01400502436033649,-0.1371669004207573,0.19579242636746136,1.2480184293511072
2019-04-16,2019-06-19,0.01865736576336994,0.1265404112230388,0.05435692568859009,0.013838395385220801,-0.1441692179237406,0.1942666295574728,1.2474774547060978
2019-04-17,2019-06-20,0.01974952928432235,0.13394782461767,0.05435692568859009,0.014669606692402583,-0.10608598548297032,0.19486320491345607,1.2998595241827868
2019-04-18,2019-06-21,0.019814640673170156,0.13438943154249539,0.05435692568859009,0.014800298972499647,-0.09627763783935062,0.1953540442205429,1.3018916003763292
2019-04-22,2019-06-24,0.01921649170671003,0.13033258787289748,0.05435692568859009,0.014309150768849453,-0.13021045485403937,0.18954514596062447,1.3038771614588232
2019-04-23,2019-06-25,0.01939623116804439,0.13155164021065632,0.05435692568859009,0.014622410590307746,-0.1178624711786247,0.18933948189339472,1.271499457162771
2019-04-24,2019-06-26,0.01945125323510085,0.13192481802578687,0.05435692568859009,0.014786187634916884,-0.11133713045836713,0.18931380526173033,1.273495702524288
2019-04-25,2019-06-27,0.019451374273286103,0.1319256389466998,0.05435692568859009,0.014783932508575435,-0.1112469437652811,0.1879923933713665,1.2735801983931494
2019-04-26,2019-06-28,0.018929806367664868,0.12838819330216905,0.05435692568859009,0.014320226117098652,-0.09250667791367917,0.18262336566849424,1.2800501009216667
2019-04-29,2019-07-01,0.018997887757673495,0.1288499437549174,0.05435692568859009,0.01445927722037961,-0.08681041725007,0.1818818258190982,1.2302447617905334
2019-04-30,2019-07-02,0.019682983606908788,0.1334964898745006,0.05435692568859009,0.015217897365716658,-0.12336031258721736,0.18127267652804907,1.2794105300285086
2019-05-01,2019-07-03,0.019852610079168324,0.13464695258323822,0.05435692568859009,0.015462165868103589,-0.11367106176266484,0.18029146426092985,1.2901449193960657
2019-05-02,2019-07-04,0.019633831685592792,0.1331631253248309,0.05435692568859009,0.015169451490938339,-0.10191897654584214,0.1846481876332622,1.2759156984555133
2019-05-03,2019-07-05,0.019866676794647854,0.13474235768939913,0.05435692568859009,0.015472853081558675,-0.08957332579824817,0.18352641989262497,1.2815886880030556
2019-05-06,2019-07-08,0.019875125039255342,0.1347996564721053,0.05435692568859009,0.01560063155696953,-0.0998872921949846,0.1830092983939137,1.2842600644119868
2019-05-07,2019-07-09,0.019852864016573216,0.13464867487051327,0.05435692568859009,0.015475310609315595,-0.07628452840990407,0.18591670244740224,1.2839223191996987
2019-05-08,2019-07-10,0.020481432761627193,0.13891183551654826,0.05435692568859009,0.01607085928962923,-0.05119453924914663,0.18472696245733783,1.3133867604817315
2019-05-09,2019-07-11,0.02048410449326367,0.1389299560821332,0.05435692568859009,0.016100815109338005,-0.04991467576791797,0.18472696245733783,1.3117769229759213
2019-05-10,2019-07-12,0.020450492233277884,0.13870198664343103,0.05435692568859009,0.015993926295853018,-0.05447360993508321,0.18331922099915318,1.3120760184763958
2019-05-13,2019-07-15,0.020441124727013302,0.13863845312482562,0.05435692568859009,0.01597698911661522,-0.05375268048606152,0.18570407433881336,1.3150921607645412
2019-05-14,2019-07-16,0.020652418821273055,0.14007151939558085,0.05435692568859009,0.01625826556285342,-0.09282997605296506,0.1829835188054655,1.3345859152626303
2019-05-15,2019-07-17,0.020570798956117832,0.13951794653691993,0.05435692568859009,0.0162375489291234,-0.11605281445448234,0.18054204308547595,1.330984434626263
2019-05-16,2019-07-18,0.020643076838820284,0.1400081589878896,0.05435692568859009,0.016466065405797224,-0.14470248728871782,0.17850762676927298,1.338541548948284
2019-05-17,2019-07-19,0.020636900838852175,0.1399662713181301,0.05435692568859009,0.016285650299127614,-0.137453235416378,0.17167798254122213,1.333070988683486
2019-05-20,2019-07-22,0.020728635051176163,0.14058844301685347,0.05435692568859009,0.01630342805708686,-0.11556802244039266,0.161570827489481,1.3354831400625418
2019-05-21,2019-07-23,0.020918727663447094,0.14187771384062922,0.05435692568859009,0.01660763597452877,-0.09857966530727047,0.15933061454085218,1.3381232802113112
2019-05-22,2019-07-24,0.02092521870779286,0.1419217382453173,0.05435692568859009,0.01661691792548453,-0.09895609895609903,0.1451451451451452,1.3474484744524924
2019-05-23,2019-07-25,0.019872328457152685,0.13478068912946015,0.05435692568859009,0.015620496198605248,-0.057634730538922097,0.13338323353293408,1.3361983711098153
2019-05-24,2019-07-26,0.019684568410812633,0.13350723853753504,0.05435692568859009,0.01533424842134946,-0.0696956329951478,0.13101014556682836,1.2548609831198523
2019-05-27,2019-07-29,0.019656794064031802,0.13331886375260169,0.05435692568859009,0.015280864932208796,-0.07192778101339548,0.12973209085614437,1.2440458190918853
2019-05-28,2019-07-30,0.019889426390743307,0.13489665295710132,0.05435692568859009,0.015698949258158054,-0.05430193623525992,0.12971320425098262,1.2530952980866843
2019-05-29,2019-07-31,0.01992493205257268,0.1351374640718974,0.05435692568859009,0.015784681799068244,-0.057943376851987693,0.12307466627548776,1.257835442337351
2019-05-30,2019-08-01,0.020242776114385977,0.13729318738229201,0.05435692568859009,0.015923120335403156,-0.06379389664161939,0.11071921484434902,1.3396738733574383
2019-05-31,2019-08-02,0.018609046046206685,0.12621269095654633,0.050621488104654166,0.014758825824495813,-0.009553108808290078,0.11690414507772019,1.266716055482597
2019-06-03,2019-08-05,0.018693939940515665,0.1267884693613024,0.050621488104654166,0.014857861240669408,-0.013957307060755375,0.11855500821018061,1.171788859152869
2019-06-04,2019-08-06,0.01896706084461905,0.12864086545822104,0.050621488104654166,0.015207958509838814,-0.04511400651465791,0.13631921824104232,1.1835732559389436
2019-06-05,2019-08-07,0.019077995695487786,0.1293932622234416,0.050621488104654166,0.015335494423613349,-0.0505785123966942,0.15801652892561988,1.1942343372110487
2019-06-06,2019-08-08,0.018588252132241235,0.12607165977039192,0.050621488104654166,0.01482857422622676,-0.07199100112485934,0.15362365418608392,1.1877188585505078
2019-06-07,2019-08-09,0.018503315054143026,0.1254955884789274,0.050621488104654166,0.01472713275506114,-0.0762175838077166,0.1511701454775459,1.2232760717949513
2019-06-10,2019-08-12,0.018401167311793296,0.12480278878328026,0.050621488104654166,0.014420502243174847,-0.06338254172015412,0.15340179717586652,1.1467458685151304
2019-06-11,2019-08-13,0.018901341769556,0.1281951370049577,0.050621488104654166,0.014950760809970258,-0.032710280373831835,0.15404447309055755,1.172499188838136
2019-06-12,2019-08-14,0.01870181973326973,0.1268419127159591,0.050621488104654166,0.014841342343576818,-0.027935764469722346,0.15991970558715293,1.205580322103624
2019-06-13,2019-08-15,0.018682833843752876,0.12671314414823262,0.050621488104654166,0.014852353138815463,-0.05140495867768591,0.15884297520661156,1.1626197927993034
2019-06-14,2019-08-16,0.01876807025521834,0.12729124561736885,0.050621488104654166,0.0149810791174023,-0.045894115718734585,0.1575151614489428,1.1640586792321304
2019-06-17,2019-08-19,0.01878154972006586,0.12738266779596066,0.050621488104654166,0.014966402717064444,-0.012178845512178849,0.160326993660327,1.170947219691967
2019-06-18,2019-08-20,0.018394282243237556,0.1247560919763788,0.050621488104654166,0.01454156668145043,-0.03088426527958399,0.15620936280884262,1.1618444855898968
2019-06-19,2019-08-21,0.018417072723198914,0.12491066453195053,0.050621488104654166,0.014657003188976682,-0.025203252032520274,0.156260162601626,1.1392894429347655
2019-06-20,2019-08-22,0.01735535093576908,0.11770971701932781,0.050621488104654166,0.013872862705886547,-0.0687070580886946,0.1500624609618988,1.1402021178568373
2019-06-21,2019-08-23,0.017524278000560025,0.11885543611582078,0.050621488104654166,0.01415697315920824,-0.09585010839269126,0.14880768039640754,1.0926006072470034
2019-06-24,2019-08-26,0.017502115766121696,0.11870512452869665,0.050621488104654166,0.01402684581732026,-0.0905401186387762,0.15001561036528252,1.089864371298597
2019-06-25,2019-08-27,0.017697163584922782,0.12002800319829444,0.050621488104654166,0.014191061421077055,-0.08379458794587946,0.1477552275522755,1.1047083030296314
2019-06-26,2019-08-28,0.017664509981121995,0.11980653568217926,0.050621488104654166,0.014117305223198926,-0.08683045933160383,0.14665038913474743,1.0958379759641552
2019-06-27,2019-08-29,0.01773657916973477,0.1202953327009672,0.050621488104654166,0.01427932244480681,-0.07733455601406092,0.1468745223903408,1.0962425945414436
2019-06-28,2019-08-30,0.017851022267816583,0.12107152355644923,0.050621488104654166,0.014417076500733591,-0.08303640588690941,0.14887683965917892,1.1098648566379599
2019-07-01,2019-09-02,0.01779090238019848,0.12066377064007486,0.050621488104654166,0.01440643705952857,-0.10134927936215887,0.1473474394357559,1.1055669409264932
2019-07-02,2019-09-03,0.01699641584582262,0.11527530079678817,0.050621488104654166,0.013702554239143737,-0.07242916268704225,0.15297675899395097,1.102285175757912
2019-07-03,2019-09-04,0.017709154355695388,0.12010932856242627,0.050621488104654166,0.01414652304008482,-0.053711243344816806,0.15048543689320387,1.0914400140858977
2019-07-04,2019-09-05,0.017682544658914993,0.11992885281811073,0.050621488104654166,0.014044272521994982,-0.03767014878125996,0.152105096549541,1.0819909185506529
2019-07-05,2019-09-06,0.017593732806733053,0.11932650153020026,0.050621488104654166,0.013960786646072317,-0.041278708876474224,0.14913097454996896,1.0869822605648205
2019-07-08,2019-09-09,0.01770800692599226,0.12010154631554722,0.050621488104654166,0.014102331832071689,-0.018469244013147645,0.1504147753952105,1.079731246754205
2019-07-09,2019-09-10,0.017636882270593086,0.11961915543269394,0.050621488104654166,0.013877391120748046,-0.028354508831732295,0.14889990703439726,1.076681697745842
2019-07-10,2019-09-11,0.0173087307075713,0.11739352324780188,0.050621488104654166,0.013746272761630943,-0.0854316546762589,0.1440347721822542,1.1009758517274368
2019-07-11,2019-09-12,0.017611627913994968,0.119447872052734,0.050621488104654166,0.014258214352749158,-0.10866636731028301,0.14384074240383174,1.0750864474846742
2019-07-12,2019-09-13,0.017603008959637574,0.11938941546017265,0.050621488104654166,0.014344877817712116,-0.11716417910447763,0.14343283582089553,1.0766211234590655
2019-07-15,2019-09-16,0.025404060354574043,0.17229872023595147,0.12207549109858291,0.016787372614122078,0.009669134310318794,0.14261973107720197,1.5622273675192373
2019-07-16,2019-09-17,0.02640938965647446,0.17911719530314504,0.12207549109858291,0.017415679370083145,-0.018478260869565277,0.14658385093167697,1.6465629551333256
2019-07-17,2019-09-18,0.026374722738788572,0.17888207282790153,0.12207549109858291,0.017325011286353272,-0.014465408805031443,0.1484276729559748,1.627151418624104
2019-07-18,2019-09-19,0.026284459303279988,0.17826987642287176,0.12207549109858291,0.017203379166672323,0.023457583547557892,0.1516709511568123,1.6298239435462105
2019-07-19,2019-09-20,0.026284433161858797,0.178269699123127,0.12207549109858291,0.017217245077466484,0.024096385542168752,0.1516465863453815,1.6174584195986104
2019-07-22,2019-09-23,0.026240146129664157,0.17796932985680966,0.12207549109858291,0.01708737254671775,0.0038058991436726863,0.14969869965112587,1.6188180067970686
2019-07-23,2019-09-24,0.026505565878763505,0.17976949417923976,0.12207549109858291,0.017404720633406996,-0.04227769110764423,0.1472698907956318,1.6387846769454808
2019-07-24,2019-09-25,0.026397576264682282,0.17903707298179056,0.12207549109858291,0.01708504137915396,-0.023012220282494722,0.14981748928741467,1.6317874968213872
2019-07-25,2019-09-26,0.026398211075432824,0.17904137847777757,0.12207549109858291,0.017081912547869355,-0.021286735504368548,0.14996028594122315,1.623870845153373
2019-07-26,2019-09-27,0.02640181266543237,0.1790658056496184,0.12207549109858291,0.017124875517542357,-0.033033033033033066,0.14920183341235968,1.6250839443200946
2019-07-29,2019-09-30,0.02669627769876628,0.18106296467418095,0.12207549109858291,0.017605323595626592,-0.06761844995293387,0.14810166300596167,1.6447637599627967
2019-07-30,2019-10-01,0.026517931929417034,0.17985336481536005,0.12207549109858291,0.017270172942834974,-0.08866995073891615,0.14532019704433496,1.643653142294296
2019-07-31,2019-10-02,0.026776178304476733,0.18160487694796085,0.12207549109858291,0.017655324526948624,-0.10432886951105569,0.1469947056991591,1.652451406902458
2019-08-01,2019-10-03,0.02577609068279151,0.1748219526856527,0.12207549109858291,0.01656514590976743,-0.05634725634725635,0.1546273546273546,1.6488988420471247
2019-08-02,2019-10-04,0.0258724564463879,0.1754755370934393,0.12207549109858291,0.01683558191252952,-0.04479319928069314,0.15432401504005228,1.5858847482659668
2019-08-05,2019-10-07,0.02573846276859796,0.17456674775501535,0.12207549109858291,0.016428733147811125,-0.02681099084096583,0.15720233139050788,1.585786733838252
2019-08-06,2019-10-08,0.025509584932151382,0.17301442274241088,0.12207549109858291,0.016018948939601076,-0.00869861845471609,0.1610097219853317,1.577870744692518
2019-08-07,2019-10-09,0.025329443822987397,0.17179264629653454,0.12207549109858291,0.015639608112093643,0.01532033426183843,0.1643454038997214,1.5641965572028402
2019-08-08,2019-10-10,0.025494452022972406,0.1729117863587544,0.12207549109858291,0.015976338663270574,0.030822510822510862,0.16346320346320342,1.5645300725221254
2019-08-09,2019-10-11,0.025590809685872244,0.17356531582494383,0.12207549109858291,0.01614520132454481,0.038685381718589484,0.1615884970900376,1.5730274051621937
2019-08-12,2019-10-14,0.025880432751357207,0.17552963502578717,0.12207549109858291,0.01668991863329675,0.013534349837245108,0.16172691451087884,1.5858381407620554
2019-08-13,2019-10-15,0.02554728609706046,0.17327012448357246,0.12207549109858291,0.016164633503007994,-0.0188239213726471,0.15725470598034313,1.5862842828720698
2019-08-14,2019-10-16,0.025087725723958013,0.1701532343860235,0.12207549109858291,0.0155025471581524,0.016348304938909042,0.16245052486663222,1.5674661080865513
2019-08-15,2019-10-17,0.025032979015011402,0.16978192414045748,0.12207549109858291,0.01539043031968716,0.036765987105767506,0.16448858686182258,1.5430552696573738
2019-08-16,2019-10-18,0.024978822549087204,0.16941461711783967,0.12207549109858291,0.015240104699074594,0.01460230200996393,0.159938154956193,1.540765619960471
2019-08-19,2019-10-21,0.02485974040939158,0.16860696275132736,0.12207549109858291,0.014959632169100257,-0.006924505995608898,0.15723695321736184,1.536493042472115
2019-08-20,2019-10-22,0.024878896639207893,0.16873688662317415,0.12207549109858291,0.015016923330173657,-0.004360952700436016,0.1561556524656155,1.5316295669759
2019-08-21,2019-10-23,0.025132887035747464,0.17045953330505037,0.12207549109858291,0.015441525003692978,0.01484570475396163,0.1552960800667222,1.545914672261391
2019-08-22,2019-10-24,0.025125429835572567,0.170408956112714,0.12207549109858291,0.015421080719459019,0.02448021462105965,0.15610328638497645,1.5456242582937445
2019-08-23,2019-10-25,0.02493857696878166,0.1691416583118451,0.12207549109858291,0.015149514404608181,0.055831477992806855,0.1594451104641205,1.5470750803848616
2019-08-26,2019-10-28,0.02495748751386054,0.16926991586873086,0.12207549109858291,0.015237381340355566,0.05166495022313766,0.159800892550635,1.537079387500288
2019-08-27,2019-10-29,0.0247474592755059,0.16784543505043517,0.12207549109858291,0.014743035875580632,0.027857022990434688,0.15623426749454597,1.5369627021584118
2019-08-28,2019-10-30,0.024878074804485114,0.16873131266889269,0.12207549109858291,0.015030565632050531,0.006183155080213831,0.15558155080213895,1.5320943324346123
2019-08-29,2019-10-31,0.02488839730270126,0.1688013232580448,0.12207549109858291,0.01506089714900474,-0.01275467947656117,0.15421567003478542,1.5342892420469059
2019-08-30,2019-11-01,0.025162124931540405,0.1706578343623303,0.12207549109858291,0.015337665914637122,0.039871599932421065,0.15729008278425402,1.5590381650235503
2019-09-02,2019-11-04,0.02513750448921691,0.1704908503981619,0.12207549109858291,0.015320107597447197,0.05971677188193136,0.15884661320593746,1.55149857431032
2019-09-03,2019-11-05,0.025180032515646544,0.17077928950693874,0.12207549109858291,0.015496406855137963,0.0806590012013042,0.15977346833705156,1.554320765954782
2019-09-04,2019-11-06,0.02480468349449371,0.16823354858663714,0.12207549109858291,0.01510793117089972,0.02250537812344855,0.1540625517127254,1.563224093090108
2019-09-05,2019-11-07,0.024826815987872532,0.16838365846008166,0.12207549109858291,0.015183465693302272,0.02598684210526314,0.15312499999999993,1.532909282888331
2019-09-06,2019-11-08,0.024723008525179103,0.16767960199338383,0.12207549109858291,0.014909919027952214,0.013434768533505892,0.1506960181288442,1.532313539262998
2019-09-09,2019-11-11,0.02463494353953082,0.167082316200758,0.12207549109858291,0.014688193403492611,-0.0065380322117685186,0.14846117046723004,1.5261702566142195
2019-09-10,2019-11-12,0.024644582563694693,0.16714769124335271,0.12207549109858291,0.014795460975677409,-0.011321958220379513,0.14846117046723004,1.5206413120785582
2019-09-11,2019-11-13,0.02434688023263823,0.16512857579738216,0.12207549109858291,0.014413033558473499,0.026384791871517432,0.15257292690921,1.52347571719065
2019-09-12,2019-11-14,0.024064073597689317,0.1632104878777414,0.12207549109858291,0.013949333427454729,0.048026868178001614,0.15633921074727114,1.5033101158270128
2019-09-13,2019-11-15,0.024141138071587,0.16373316456969142,0.12207549109858291,0.014166821646066549,0.07269653423499589,0.15739644970414193,1.5195458417623968
2019-09-16,2019-11-18,0.016588012051034107,0.11250537149417189,0.055689565038771344,0.012194723571862284,-0.08169983540326198,0.13930869370043386,1.4822163193647901
2019-09-17,2019-11-19,0.01484792488749135,0.10070352615162445,0.033331077759391085,0.011473698641369781,-0.051415915203290585,0.09856035437430781,1.0430942681147821
2019-09-18,2019-11-20,0.015327690831889408,0.10395745710119782,0.033331077759391085,0.01186096727518344,-0.018347160178685318,0.09939374601148687,0.9256090826655948
2019-09-19,2019-11-21,0.015367260136818923,0.1042258291844327,0.033331077759391085,0.011896020401730663,-0.016797488226059643,0.09780219780219775,0.9364560854626341
2019-09-20,2019-11-22,0.015367885948121435,0.1042300736431935,0.033331077759391085,0.011921203315801389,-0.01945098039215687,0.09772549019607839,0.9244704712287535
2019-09-23,2019-11-25,0.015336574953194355,0.10401771214349809,0.033331077759391085,0.011788655302659386,-0.011374407582938395,0.09368088467614534,0.9244986890671922
2019-09-24,2019-11-26,0.014670124295914673,0.09949762386835655,0.033331077759391085,0.011267026226516215,0.026714448607265018,0.09659553673236683,0.9244986890671922
2019-09-25,2019-11-27,0.014666571960396193,0.09947353075665945,0.033331077759391085,0.011226717811547902,0.024853801169590684,0.09632878492527615,0.8806074978203354
2019-09-26,2019-11-28,0.014671026554328791,0.09950374328265116,0.033331077759391085,0.011275499123123003,0.027105989287453447,0.09625060866742412,0.88069636479125
2019-09-27,2019-11-29,0.015876738931151223,0.10768128248699917,0.04113151354991459,0.01203389150637173,-0.0073553448839490665,0.09692710035959463,0.9575648462546074
2019-09-30,2019-12-02,0.015272344652066696,0.10358208104633479,0.04113151354991459,0.011447446136745304,0.024566717146222494,0.09978125525828706,0.9557548803455566
2019-10-01,2019-12-03,0.015268017403288432,0.10355273221720153,0.04113151354991459,0.011459597602340183,0.033108108108107936,0.10016891891891891,0.9656874100416989
2019-10-02,2019-12-04,0.015206675200318447,0.10313668915476724,0.04113151354991459,0.011489121913162146,0.09579276773296241,0.10309457579972182,1.0738704885073234
2019-10-03,2019-12-05,0.015209130364645355,0.10315334088939514,0.04113151354991459,0.011542345682115025,0.09842041312272176,0.10137128970664822,1.0678177665728816
2019-10-04,2019-12-06,0.015234962519060175,0.10332854308481149,0.04113151354991459,0.011573242195487077,0.09994865651206575,0.10525415026527467,1.0169872386014793
2019-10-07,2019-12-09,0.015255670826465761,0.10346899365902817,0.04113151354991459,0.01164910754967658,0.09582477754962371,0.10523613963039012,1.01696479354221
2019-10-08,2019-12-10,0.01521344189707272,0.10318258312505046,0.04113151354991459,0.011575618646849471,0.10426703372333113,0.10581555402615277,0.9521109270412276
2019-10-09,2019-12-11,0.015236036320817499,0.10333582596266612,0.04113151354991459,0.01157905995037255,0.09653635116598092,0.10202331961591213,0.9329301665463365
2019-10-10,2019-12-12,0.015022395332035447,0.10188684227882508,0.04113151354991459,0.011258657436849008,0.06769695951621024,0.09188644380984376,0.934235330189302
2019-10-11,2019-12-13,0.014811937913448257,0.10045945061857003,0.04113151354991459,0.010993711338141648,0.0550428477257745,0.09014502307185232,0.9195473839364391
2019-10-14,2019-12-16,0.014270689984097687,0.0967885285590312,0.04113151354991459,0.010551125446698874,0.08806626098715364,0.09415145368492238,0.9052515864568313
2019-10-15,2019-12-17,0.014255663545519479,0.09668661429412262,0.04113151354991459,0.010601200338002128,0.10016977928692694,0.10186757215619695,0.8793599450984104
2019-10-16,2019-12-18,0.014270849581257674,0.0967896109996346,0.04113151354991459,0.010687891377814129,0.1044700304774806,0.10887233322045389,0.8808086699411397
2019-10-17,2019-12-19,0.01426060582439349,0.0967201344603148,0.04113151354991459,0.010655415944239537,0.10285714285714298,0.11462184873949592,0.8823683545115835
2019-10-18,2019-12-20,0.014236524054807074,0.09655680395240214,0.04113151354991459,0.010616128057447213,0.10480866915001696,0.11547578733491377,0.8816696117865396
2019-10-21,2019-12-23,0.014208237091298103,0.09636495243166367,0.04113151354991459,0.010636964242692658,0.11564625850340127,0.11598639455782327,0.880792627224998
2019-10-22,2019-12-24,0.014202659948775703,0.09632712641071384,0.04113151354991459,0.010625296558831421,0.11506064690026951,0.11506064690026951,0.884247407833843
2019-10-23,2019-12-26,0.013845587285229772,0.09390534177859186,0.04113151354991459,0.010285218942711142,0.09812623274161725,0.11850756081525313,0.885117285276733
2019-10-24,2019-12-27,0.01384490650098158,0.09390072447517331,0.04113151354991459,0.010190454525234307,0.09345335515548281,0.11800327332242228,0.8577967226512966
2019-10-25,2019-12-30,0.013817021175327132,0.09371159699489794,0.04113151354991459,0.010037928522447946,0.08142741281427424,0.11695052716950528,0.8571882751942164
2019-10-28,2019-12-31,0.013870472397710935,0.0940741208231063,0.04113151354991459,0.010114883845796804,0.07768891790435783,0.11767586094336543,0.8585452812752516
2019-10-29,2020-01-02,0.013874167407734011,0.09409918160037375,0.04113151354991459,0.010211714334679014,0.08310204081632655,0.11771428571428573,0.8579335638614456
2019-10-30,2020-01-03,0.014411227632308123,0.09774170126424675,0.04113151354991459,0.010607953618254957,0.14100647732934735,0.15113768476997178,0.9258075206096527
2019-10-31,2020-01-06,0.014297270674723181,0.09696880757403266,0.04113151354991459,0.010430240636364468,0.15016778523489926,0.1526845637583893,0.9132883729545199
2019-11-01,2020-01-07,0.01361563551915172,0.09234573302084809,0.04113151354991459,0.00972778302379463,0.11307879772542662,0.14199837530463041,0.90886814464356
2019-11-04,2020-01-08,0.014987731078699796,0.10165173787408405,0.04113151354991459,0.010433533218479056,0.05892770890355825,0.14071808082434395,0.9521486000208905
2019-11-05,2020-01-09,0.014914196886854787,0.10115300471994876,0.04113151354991459,0.010280513735846958,0.03731935842464651,0.13879625218357952,0.9508794556253897
2019-11-06,2020-01-10,0.0146305242986925,0.09922904361986493,0.04113151354991459,0.00993511007940202,0.05356853859847854,0.14144683605761454,0.9429452010450636
2019-11-07,2020-01-13,0.014730608070012561,0.09990784478291323,0.04113151354991459,0.010022909764692093,0.02965694132734864,0.1401090092978519,0.9355909548422382
2019-11-08,2020-01-14,0.014730132514758219,0.09990461941025307,0.04113151354991459,0.010020558354470506,0.029547995527870796,0.1395943140073471,0.9321550533458813
2019-11-11,2020-01-15,0.014716082934971307,0.09980933052401399,0.04113151354991459,0.009975854644254623,0.031621187800963124,0.14028892455858752,0.9319591332708524
2019-11-12,2020-01-16,0.014713989235876966,0.0997951303658708,0.04113151354991459,0.010006463873743305,0.04306451612903239,0.1409677419354839,0.9327041098449933
2019-11-13,2020-01-17,0.014718927898487656,0.09982862600537182,0.04113151354991459,0.010014241943065513,0.04342966629410805,0.13954973654798022,0.937033942125713
2019-11-14,2020-01-20,0.014902540604672863,0.10107394796781452,0.04113151354991459,0.010278722574992741,0.031084762057362658,0.1400416599903862,0.9440039609349483
2019-11-15,2020-01-21,0.0147724317086326,0.10019150650112932,0.04113151354991459,0.010109180291565604,0.005200945626477438,0.1377462568951931,0.9471823202668473
2019-11-18,2020-01-22,0.014630793917639068,0.09923087226453026,0.04113151354991459,0.010044139720001673,0.008147303242626691,0.14241486068111459,0.9761904660909971
2019-11-19,2020-01-23,0.01427911168832835,0.09684564733614384,0.04113151354991459,0.009740549518756181,0.02201467645096722,0.14576384256170782,0.9308399666313549
2019-11-20,2020-01-24,0.014187746859094182,0.09622598091542582,0.04113151354991459,0.009690880761208446,-0.027303754266211566,0.143832276938079,0.9315029930638752
2019-11-21,2020-01-27,0.014506031890715428,0.09838469502857057,0.04113151354991459,0.009937458922417026,-0.07153121507264892,0.16844962478045672,0.9364502818808824
2019-11-22,2020-01-28,0.014839591491413758,0.10064700630954615,0.04113151354991459,0.01033002724342604,-0.05135178371460569,0.1687729963205888,0.9377551826616034
2019-11-25,2020-01-29,0.014898596469366497,0.10104719754066865,0.04113151354991459,0.010538719653023458,-0.06232023010546495,0.16858421220837336,0.9420341081243113
2019-11-26,2020-01-30,0.014894689578014975,0.10102069971431442,0.04113151354991459,0.010604060897158058,-0.07837537680469608,0.16833254006028875,0.945985798220451
2019-11-27,2020-01-31,0.015271569063842784,0.10357682075106919,0.04113151354991459,0.011136806735921866,-0.10191789507053428,0.19083848470439063,0.9669236290151502
2019-11-28,2020-02-03,0.01645182045370776,0.1115816751401757,0.04438758595676983,0.012056374311034963,-0.14348925410872315,0.2291403286978508,1.0326759245849553
2019-11-29,2020-02-04,0.015452295190058973,0.10480256497563933,0.04438758595676983,0.01129456236265319,-0.11361765190186068,0.2448542730116912,1.03373636366591
2019-12-02,2020-02-05,0.0162614944264867,0.1102908212191852,0.04438758595676983,0.01194703667444192,-0.08720643783872561,0.24421087206437847,0.9969093543896387
2019-12-03,2020-02-06,0.016257560893959872,0.11026414270358888,0.04438758595676983,0.012033400544854717,-0.09875735775016348,0.24313276651406157,0.9989353027751274
2019-12-04,2020-02-07,0.015552899808186551,0.10548489869360687,0.04438758595676983,0.011615500602011324,-0.13533238140567982,0.23591940345867055,1.002319050133674
2019-12-05,2020-02-10,0.01571603637862395,0.10659134474662868,0.04438758595676983,0.011980643619092866,-0.15613147914032877,0.24178255372945645,0.9772043086630173
2019-12-06,2020-02-11,0.015723413375161546,0.10664137797143103,0.04438758595676983,0.011986612741995611,-0.1559047767231989,0.23805819200248957,0.9845182004191301
2019-12-09,2020-02-12,0.016894413904728275,0.11458348997336702,0.04438758595676983,0.012754871038778497,-0.11992504684572147,0.23891317926296068,1.022132255545283
2019-12-10,2020-02-13,0.016894040454565197,0.11458095711112877,0.04438758595676983,0.012753607896585393,-0.11997507011530084,0.23839202243689628,1.021722756575554
2019-12-11,2020-02-14,0.017014647304475092,0.11539895256544294,0.04438758595676983,0.0129164393592547,-0.10711493354182955,0.23924941360437849,1.0255963270638977
2019-12-12,2020-02-17,0.01703865033674979,0.11556174905092555,0.04438758595676983,0.012885333039154226,-0.09738829452485842,0.24071743234738835,1.0258082709237886
2019-12-13,2020-02-18,0.016985742183507013,0.11520290849683527,0.04438758595676983,0.012744443332619482,-0.1030927835051546,0.238987816307404,1.0242218679478627
2019-12-16,2020-02-19,0.017477448223553987,0.11853782111512966,0.04438758595676983,0.013211430480738496,-0.08404536274662111,0.237688364144788,1.0468939566745716
2019-12-17,2020-02-20,0.0174390568790095,0.11827743834793308,0.04438758595676983,0.013199577903058717,-0.095679012345679,0.2361111111111112,1.0469676711092022
2019-12-18,2020-02-21,0.0174629053022512,0.11843918622393554,0.04438758595676983,0.013350379626280742,-0.11359803771270893,0.23455465276713175,1.05135523306205
2019-12-19,2020-02-24,0.018163143937300258,0.12318843571377147,0.04438758595676983,0.01405998613001036,-0.15163060042669918,0.23316062176165808,1.0962743230160725
2019-12-20,2020-02-25,0.01844432172873837,0.12509547627923112,0.04438758595676983,0.01450032685867592,-0.1682758620689655,0.2344827586206897,1.114055458770968
2019-12-23,2020-02-26,0.018673437211978377,0.12664941309080807,0.04438758595676983,0.014966438617607698,-0.19420731707317063,0.24146341463414642,1.1319730754210815
2019-12-24,2020-02-27,0.01913691625341397,0.12979288089008684,0.04438758595676983,0.015585293091532608,-0.23024626076446586,0.2681673968877474,1.1653353687840813
2019-12-26,2020-02-28,0.019067710164433427,0.12932350235777926,0.04438758595676983,0.015756404124702694,-0.250261936835803,0.27855111510252956,1.168981347714474
2019-12-27,2020-03-02,0.02126166559145908,0.14420363203213574,0.05760196134006806,0.017036447710037535,-0.20580751384523277,0.27855111510252956,1.2449576559937254
2019-12-30,2020-03-03,0.021518813057055584,0.1459476909981356,0.05760196134006806,0.01760986955258552,-0.2260386980650967,0.2791360431978401,1.2634313181380987
2019-12-31,2020-03-04,0.02151808282612757,0.14594273833101792,0.05760196134006806,0.017434309918952954,-0.21990004543389374,0.2818415871573527,1.2633323773465848
2020-01-02,2020-03-05,0.021672857364869697,0.14699247032575305,0.05760196134006806,0.017911544881770533,-0.24359360868254454,0.28052457039493517,1.274973998029832
2020-01-03,2020-03-06,0.024702496709921765,0.1675404840937557,0.0979042149813715,0.019310390421147735,-0.3377001455604076,0.3377001455604076,1.4490026555021125
2020-01-06,2020-03-09,0.04462129581869122,0.3026363525170116,0.26150748874750934,0.025073094766203934,-0.4889861415025528,0.4889861415025528,2.0884428357656497
2020-01-07,2020-03-10,0.046536124321061814,0.3156233512811826,0.26150748874750934,0.0267395689633251,-0.4485476572763101,0.4886877828054299,2.1273237933467324
2020-01-08,2020-03-11,0.04635115951615114,0.31436885893901395,0.26150748874750934,0.02616440670016312,-0.43408849019309714,0.46738634635852205,2.1289173611098158
2020-01-09,2020-03-12,0.04713778309209476,0.3197039996035696,0.26150748874750934,0.027595393982733106,-0.46938150642988363,0.4698407838334354,2.124040960057032
2020-01-10,2020-03-13,0.047986559946784094,0.32546068431411185,0.26150748874750934,0.02857837622282927,-0.4416282642089093,0.4714285714285714,2.1375773568509135
2020-01-13,2020-03-16,0.051790974435563616,0.3512634787695974,0.26150748874750934,0.031504133522244834,-0.5105091078935078,0.5279464424723649,2.2566067253829316
2020-01-14,2020-03-17,0.05174928675035769,0.35098073913229816,0.26150748874750934,0.03209924016291261,-0.5268383493639466,0.5406453614644741,2.257216928181597
2020-01-15,2020-03-18,0.052495948559324504,0.3560448459065083,0.26150748874750934,0.033775968799917074,-0.5612260774856076,0.5780301851563715,2.28229670745711
2020-01-16,2020-03-19,0.05366864261527792,0.36399844396323394,0.26150748874750934,0.034990867629010346,-0.5365702798824803,0.5744549250038656,2.296998040922108
2020-01-17,2020-03-20,0.053509741241461455,0.36292072241123874,0.26150748874750934,0.03522296341662672,-0.5508798775822494,0.5684774292272379,2.298059673043667
2020-01-20,2020-03-23,0.05373448225888943,0.36444499015217857,0.26150748874750934,0.035225871314132934,-0.5367521367521367,0.5617715617715617,2.2968731107652682
2020-01-21,2020-03-24,0.05393474556134868,0.36580324195296765,0.26150748874750934,0.03536844782265344,-0.5253998118532455,0.5578551269990593,2.2931391053579238
2020-01-22,2020-03-25,0.0539105140530283,0.36563889586754994,0.26150748874750934,0.03485489693406226,-0.5143041861968644,0.5442055923711008,2.291828110255331
2020-01-23,2020-03-26,0.0539170888571659,0.3656834883587856,0.26150748874750934,0.035196052981792354,-0.5217036553524804,0.5398172323759791,2.277075737221641
2020-01-24,2020-03-27,0.05399163349406356,0.36618907468469775,0.26150748874750934,0.03548990195294784,-0.5279866332497911,0.5288220551378446,2.2904546729188184
2020-01-27,2020-03-30,0.05445034616456977,0.3693002153835115,0.26150748874750934,0.03631260742514413,-0.5451418744625967,0.5649183147033533,2.3379310809197165
2020-01-28,2020-03-31,0.05416321444520331,0.36735279331414605,0.26150748874750934,0.03632722653139365,-0.5629005059021922,0.5629005059021922,2.299136416324522
2020-01-29,2020-04-01,0.0541577649924268,0.36731583332718826,0.26150748874750934,0.036369719137386056,-0.5637355146557601,0.5685071574642127,2.3146344438583926
2020-01-30,2020-04-02,0.05946692220877016,0.40332428950071975,0.26150748874750934,0.03943888616004854,-0.4888965398519539,0.5742812876570837,2.408945286075287
2020-01-31,2020-04-03,0.06446634103498373,0.437231997703949,0.26150748874750934,0.042318050588007944,-0.38845746558418637,0.5887751500176491,2.5637574327367716
2020-02-03,2020-04-06,0.06442548786616124,0.43695491803213854,0.26150748874750934,0.042234807246869205,-0.38616236162361617,0.6154981549815498,2.6424062650480553
2020-02-04,2020-04-07,0.06446349946615636,0.43721272524649196,0.26150748874750934,0.042671422610410695,-0.3981051458294631,0.6197287757755898,2.430855995234028
2020-02-05,2020-04-08,0.06455167411578804,0.4378107548164405,0.26150748874750934,0.04279508751185452,-0.39474631162288587,0.6002159050017992,2.4371111730007757
2020-02-06,2020-04-09,0.06479053956355273,0.43943081910474757,0.26150748874750934,0.043700244709070656,-0.4189042089985485,0.6052249637155298,2.435012275658728
2020-02-07,2020-04-13,0.06479809945091168,0.43948209275545125,0.26150748874750934,0.04356712768913643,-0.4154128440366972,0.6121100917431193,2.4341965909675953
2020-02-10,2020-04-14,0.06513058900009495,0.4417371465939528,0.26150748874750934,0.044384204536623076,-0.4365168539325842,0.6247191011235955,2.4464388493232896
2020-02-11,2020-04-15,0.06555973061489634,0.444647726635027,0.26150748874750934,0.045633007514674855,-0.4838709677419355,0.6149308755760369,2.4604303264478653
2020-02-12,2020-04-16,0.06892469790647948,0.4674700451889672,0.26150748874750934,0.047856368534641834,-0.42955997161107173,0.5919091554293825,2.532274282829224
2020-02-13,2020-04-17,0.06888968862780488,0.46723260070852485,0.26150748874750934,0.04811533422306106,-0.4385623229461756,0.5906515580736544,2.5139285901794706
2020-02-14,2020-04-20,0.06921328742883158,0.4694273545592316,0.26150748874750934,0.049312986339143716,-0.4795096322241682,0.5842381786339754,2.530931260125067
2020-02-17,2020-04-21,0.0758236256202365,0.5142608494733953,0.26150748874750934,0.05422867340181992,-0.5867177967578874,0.6144326302945791,2.6800141952901146
2020-02-18,2020-04-22,0.0760057704857677,0.5154962160561599,0.26150748874750934,0.05468224411223088,-0.5781957506095438,0.6138975966562173,2.6807733309949784
2020-02-19,2020-04-23,0.07609140303024288,0.5160770042300852,0.26150748874750934,0.05481624841724546,-0.5756445047489824,0.5978629579375848,2.6833569177107406
2020-02-20,2020-04-24,0.07616085365708147,0.5165480412988394,0.26150748874750934,0.05482180335678594,-0.5703071672354949,0.5953924914675768,2.673837008462948
2020-02-21,2020-04-27,0.07688568145469381,0.5214640626031882,0.26150748874750934,0.05653637786105893,-0.6022137668626772,0.6022137668626772,2.692563833969401
2020-02-24,2020-04-28,0.07694404965963701,0.5218599350296357,0.26150748874750934,0.05584835791401141,-0.5839770073648285,0.5868510867612718,2.6902101097837336
2020-02-25,2020-04-29,0.07765748667747922,0.5266987003068184,0.26150748874750934,0.0564413949245505,-0.5503961673115902,0.576193108531417,2.677716824330823
2020-02-26,2020-04-30,0.07920767127909084,0.5372125638097079,0.26150748874750934,0.05782487278126685,-0.49564888384411654,0.5686719636776391,2.6904634318757927
2020-02-27,2020-05-01,0.07916209371698509,0.5369034417436803,0.26150748874750934,0.05705711610250018,-0.47791952894995093,0.589990186457311,2.682434001781412
2020-02-28,2020-05-04,0.07973191068228896,0.5407681284323543,0.26150748874750934,0.057794847638655875,-0.4416051108005591,0.6001197843881014,2.6752472457862573
2020-03-02,2020-05-05,0.08199640519032844,0.556126677430853,0.26150748874750934,0.059492097390919686,-0.3972860912174897,0.5665284583490389,2.7368662657356384
2020-03-03,2020-05-06,0.08240864741445271,0.5589226402278412,0.26150748874750934,0.060411191965323505,-0.42170542635658914,0.5542635658914729,2.7199696289864517
2020-03-04,2020-05-07,0.08239524671183553,0.5588317522406857,0.26150748874750934,0.06072519910343479,-0.42981945253348863,0.5534847602407299,2.7123233262439332
2020-03-05,2020-05-08,0.08286941014846712,0.562047685133854,0.26150748874750934,0.06124359197199633,-0.3850139497807892,0.5416500597847748,2.7211734201643036
2020-03-06,2020-05-11,0.08184652004489547,0.5551101069149578,0.26150748874750934,0.059563084830083886,-0.3367032967032967,0.4945054945054945,2.715949669764823
2020-03-09,2020-05-12,0.07252745718813843,0.49190514748694547,0.2259233197722442,0.054280844115474784,-0.15872109620325436,0.42192406508706826,2.628916539929148
2020-03-10,2020-05-13,0.07153921304971264,0.4852025496362525,0.2259233197722442,0.052624009487301504,-0.21916357861302282,0.3912122816304923,2.1279470612898654
2020-03-11,2020-05-14,0.07542624579471133,0.5115656883680468,0.2259233197722442,0.055784342643083615,-0.07254164427727017,0.38205265986029013,2.216211024326841
2020-03-12,2020-05-15,0.07476819051213267,0.5071025402944596,0.2259233197722442,0.05470361768304856,0.01875360646278157,0.38517022504327764,2.217733370887453
2020-03-13,2020-05-18,0.07510620358897803,0.5093950565202363,0.2259233197722442,0.05514818951507079,0.039339752407152595,0.4066024759284732,2.2155134844996995
2020-03-16,2020-05-19,0.07192639191894046,0.48782852448984887,0.2259233197722442,0.05244719117303433,0.17366412213740445,0.47010178117048346,2.2052767745056205
2020-03-17,2020-05-20,0.07184652644344737,0.4872868504807955,0.2259233197722442,0.05225357854657823,0.18393442622950817,0.4845901639344263,2.0863182674375156
2020-03-18,2020-05-21,0.07077096416029878,0.47999203215907815,0.2259233197722442,0.050621749219163,0.28687943262411353,0.524113475177305,2.0818788545968254
2020-03-19,2020-05-22,0.07035642771464047,0.47718050919459165,0.2259233197722442,0.049670609557782255,0.18918918918918926,0.49315982649315987,2.0563084272127288
2020-03-20,2020-05-25,0.07027139030411708,0.47660375741551153,0.2259233197722442,0.04951566172460465,0.2313458262350936,0.5035775127768314,2.041012642953407
2020-03-23,2020-05-26,0.07026726524957044,0.47657577993437783,0.2259233197722442,0.049487541631973574,0.22978866152297872,0.49580677624958075,2.0404054371193205
2020-03-24,2020-05-27,0.07064052591894646,0.4791073569638082,0.2259233197722442,0.05017063701200329,0.15659068384539143,0.48827221671622073,2.0537378436486926
2020-03-25,2020-05-28,0.07075805221914191,0.4799044591134296,0.2259233197722442,0.05074518457992921,0.2043261231281197,0.491846921797005,2.059977838631322
2020-03-26,2020-05-29,0.07079669002506049,0.4801665134629934,0.2259233197722442,0.0510463674387776,0.2831798021153191,0.5042647560559537,2.070336036576629
2020-03-27,2020-06-01,0.07056786468103877,0.47861454447133595,0.2259233197722442,0.050810946120189805,0.36672566371681414,0.5525663716814159,2.0727098414772196
2020-03-30,2020-06-02,0.06975064640769083,0.47307190047325026,0.2259233197722442,0.04989928680041498,0.4964083175803402,0.6268431001890359,2.0717515169117378
2020-03-31,2020-06-03,0.069637622195849,0.47230533297245636,0.2259233197722442,0.04952258915735503,0.5219907407407407,0.6396604938271604,2.05477175290146
2020-04-01,2020-06-04,0.06956058853950646,0.4717828652953346,0.2259233197722442,0.04949301357128558,0.5582031249999999,0.659765625,2.0543098915292166
2020-04-02,2020-06-05,0.0667125404540631,0.4524664633720495,0.2259233197722442,0.04738170900228475,0.4169754125968339,0.6423038059952846,2.078767925227951
2020-04-03,2020-06-08,0.06314967661253118,0.42830194511383474,0.2259233197722442,0.0446298285429974,0.17748917748917736,0.5503607503607504,1.9981703587554027
2020-04-06,2020-06-09,0.06279745842269396,0.42591308512429965,0.2259233197722442,0.04376477477767614,0.22843402464682883,0.5731890592125037,1.9222880388609365
2020-04-07,2020-06-10,0.06263018065800294,0.42477855212532556,0.2259233197722442,0.043440780675273606,0.27654320987654324,0.5885802469135802,1.8749382598530728
2020-04-08,2020-06-11,0.0633624768960336,0.42974522685705074,0.2259233197722442,0.044123617146729605,0.14833531510107023,0.566884661117717,1.888745270186579
2020-04-09,2020-06-12,0.06290015449125796,0.42660960374927037,0.2259233197722442,0.0434045823761606,0.2263502965969404,0.5953793318763659,1.8823170273108478
2020-04-13,2020-06-15,0.06292627951298944,0.42678679226746963,0.2259233197722442,0.04374545330254047,0.25863151286880104,0.598556183301946,1.8711987555063985
2020-04-14,2020-06-16,0.0622423867228088,0.42214840569138423,0.2259233197722442,0.04285983848604366,0.35593220338983045,0.6337653705550017,1.873875314862804
2020-04-15,2020-06-17,0.06113297818773485,0.4146240309204171,0.2259233197722442,0.04137477115476721,0.44964285714285723,0.6810714285714285,1.8558719970852557
2020-04-16,2020-06-18,0.05794276693492966,0.3929869654880128,0.2259233197722442,0.03872109468456594,0.2864696734059098,0.5931570762052878,1.8336279078231286
2020-04-17,2020-06-19,0.05787633102587515,0.39253637523007623,0.2259233197722442,0.03868720552228829,0.32040365815200245,0.6013875748975087,1.7301570675117526
2020-04-20,2020-06-22,0.05694274523686657,0.3862044883414637,0.2259233197722442,0.037828393133013075,0.446164199192463,0.6722745625841183,1.736669100668688
2020-04-21,2020-06-23,0.044822395324305084,0.3040002757235282,0.15714860286945323,0.03303654339234706,0.7941796710248838,0.8426824124841837,1.7129329030743676
2020-04-22,2020-06-24,0.04568283170439077,0.3098360391827551,0.15714860286945323,0.03362277922438109,0.6746490503715938,0.8249380677126341,1.4947058748041078
2020-04-23,2020-06-25,0.04559529743825075,0.30924235290496277,0.15714860286945323,0.033361518587952846,0.655075939248601,0.7985611510791366,1.4980646935586446
2020-04-24,2020-06-26,0.045804553984956246,0.31066159985584874,0.15714860286945323,0.03363696460372647,0.613979348689436,0.7934868943606035,1.4977229093004747
2020-04-27,2020-06-29,0.043257038267506105,0.29338350762290377,0.15714860286945323,0.03227659084768662,0.8195652173913044,0.8686956521739129,1.5081265371890757
2020-04-28,2020-06-30,0.043334302860409124,0.2939075415879839,0.15714860286945323,0.03223966415775229,0.7974956822107082,0.8557858376511225,1.4738333632431773
2020-04-29,2020-07-01,0.04293133667411865,0.29117449194052036,0.15714860286945323,0.03132483397955747,0.7250000000000003,0.7614754098360655,1.475204481036295
2020-04-30,2020-07-02,0.04137673861951674,0.2806306949430856,0.15714860286945323,0.02979031292463774,0.6099024756189049,0.6144036009002248,1.468937800204476
2020-05-01,2020-07-03,0.0413839984692013,0.2806799336392742,0.15714860286945323,0.029812848816756162,0.6082706766917292,0.6157894736842103,1.4670748773161422
2020-05-04,2020-07-06,0.04095057010502961,0.2777402794494156,0.15714860286945323,0.028872736183873208,0.541651769753307,0.5416517697533071,1.51190780717321
2020-05-05,2020-07-07,0.03643302565090072,0.24710080224807596,0.15714860286945323,0.025952204619721142,0.34490306441525953,0.42995622263914934,1.7054471554404724
2020-05-06,2020-07-08,0.03459226179164685,0.23461613433360504,0.15714860286945323,0.02459830193041852,0.45341823056300257,0.4691689008042894,1.3351379997067225
2020-05-07,2020-07-09,0.03473479134863769,0.23558281682146556,0.15714860286945323,0.0247743798554003,0.44194756554307113,0.47667688117126306,1.2591171855536405
2020-05-08,2020-07-10,0.034216361450330135,0.23206665417802566,0.15714860286945323,0.02410083067195222,0.3988982501620222,0.45042125729099153,1.26300882987722
2020-05-11,2020-07-13,0.03422037814832421,0.23209389674926403,0.15714860286945323,0.02410543636478927,0.39860834990059657,0.4605699138502319,1.251783944408243
2020-05-12,2020-07-14,0.03394595353646644,0.23023265847615357,0.15714860286945323,0.024040084825349153,0.46250424160162895,0.4716661011197828,1.2546435488945087
2020-05-13,2020-07-15,0.03393217471597624,0.23013920596881077,0.15714860286945323,0.0242941669866602,0.4793220338983051,0.4793220338983051,1.2528012091170795
2020-05-14,2020-07-16,0.02553241138807482,0.1731692392988289,0.0682850535219837,0.020858060376242663,0.2610081112398608,0.2641946697566627,1.2528983788903574
2020-05-15,2020-07-17,0.02543740114366217,0.17252484846944494,0.0682850535219837,0.020467826078744956,0.22656471254602084,0.24440668365902016,1.0114206538974935
2020-05-18,2020-07-20,0.023594593182318737,0.16002631678008342,0.0682850535219837,0.018996064978470978,0.14796188459502368,0.22842773954473272,1.004730117342787
2020-05-19,2020-07-21,0.02335299199802756,0.15838769782390677,0.0682850535219837,0.01888353006997796,0.19728997289972905,0.24850948509485102,0.9439901436478805
2020-05-20,2020-07-22,0.02303913354450578,0.1562590062241287,0.0682850535219837,0.01859790947463081,0.23428413181944063,0.26474660758792584,0.9367972728583174
2020-05-21,2020-07-23,0.023328273274619598,0.1582200472849924,0.0682850535219837,0.018935648798768637,0.20363736566547264,0.26343345274180224,0.9387445362545789
2020-05-22,2020-07-24,0.023087132271365704,0.1565845494284626,0.0682850535219837,0.01864059443523803,0.2314814814814814,0.2682379349046016,0.9388799988144977
2020-05-25,2020-07-27,0.023048863331924956,0.1563249968530712,0.0682850535219837,0.018361359721228463,0.2161040398450471,0.2645268400664085,0.9340177356104009
2020-05-26,2020-07-28,0.02305690454701512,0.15637953502727797,0.0682850535219837,0.018196101601186208,0.19067103109656314,0.2607746863066013,0.932153887276782
2020-05-27,2020-07-29,0.021807282221095615,0.1479041840586114,0.0682850535219837,0.01740063477279075,0.2596401028277635,0.27306483861753794,0.9313617893217941
2020-05-28,2020-07-30,0.021522181092809664,0.14597053412801472,0.0682850535219837,0.016917379872540415,0.20475269411439645,0.23155567836418908,0.9020447786050836
2020-05-29,2020-07-31,0.02089035033619842,0.14168524944318955,0.0682850535219837,0.01611810484173242,0.16219090667375702,0.1850571656474342,0.8852560425490265
2020-06-01,2020-08-03,0.02060367939706575,0.1397409525374194,0.0682850535219837,0.015621224591463673,0.13649313649313655,0.15436415436415438,0.8605066758197947
2020-06-02,2020-08-04,0.020374623073901685,0.1381874169689993,0.0682850535219837,0.01531160008428283,0.12076806467913093,0.15007579585649314,0.8507298656728964
2020-06-03,2020-08-05,0.02054676365482134,0.1393549311922833,0.0682850535219837,0.015719178075128504,0.14904942965779444,0.16983523447401763,0.8507298656728965
2020-06-04,2020-08-06,0.02054146232459257,0.13931897582132227,0.0682850535219837,0.015575885611517891,0.13111055402356464,0.16796189521183244,0.8510773223953572
2020-06-05,2020-08-07,0.01915114361208381,0.12988937553137397,0.0682850535219837,0.014606254779502979,0.06227715711908721,0.15925837889232222,0.8509662027723947
2020-06-08,2020-08-10,0.01854292228405333,0.1257642177818966,0.0682850535219837,0.014058935367231023,0.10196078431372557,0.16421568627450972,0.7889329612782717
2020-06-09,2020-08-11,0.018620841234359597,0.12629268981481243,0.0682850535219837,0.01422940931367867,0.089796917054074,0.1639344262295081,0.7688868294630475
2020-06-10,2020-08-12,0.018702945196124497,0.12684954597642387,0.0682850535219837,0.014350361351603034,0.0957446808510638,0.16199226305609274,0.7773715467774268
2020-06-11,2020-08-13,0.015463987411025663,0.10488186547647105,0.04766245048916333,0.013110666656601988,0.18793683665544902,0.18793683665544908,0.7785563563416579
2020-06-12,2020-08-14,0.015448573180242904,0.10477732107686633,0.04766245048916333,0.012934408879196526,0.15809572301425656,0.16827902240325865,0.6690356460250625
2020-06-15,2020-08-17,0.01524220996055142,0.1033776976245385,0.04766245048916333,0.012650449463514369,0.14339152119700738,0.14438902743142143,0.6642599674433384
2020-06-16,2020-08-18,0.015138368163326596,0.10267340828971896,0.04766245048916333,0.012392250738615067,0.11740196078431397,0.13063725490196076,0.6542885282968581
2020-06-17,2020-08-19,0.015094782116755037,0.10237779333921079,0.04766245048916333,0.012326266533959964,0.12564671101256453,0.13131313131313127,0.6462651898811917
2020-06-18,2020-08-20,0.014945667676621898,0.10136645000097887,0.04766245048916333,0.012040364746146639,0.09816247582205029,0.12886847195357828,0.646749397068675
2020-06-19,2020-08-21,0.015069434252130127,0.10220587575695707,0.04766245048916333,0.012098270126717083,0.06878433245760696,0.1272987819441127,0.6443247223458728
2020-06-22,2020-08-24,0.014805793041584085,0.1004177740698832,0.04766245048916333,0.011905699120748563,0.059562587249883725,0.12401116798510932,0.650436308414857
2020-06-23,2020-08-25,0.014975652276217095,0.10156981544984538,0.04766245048916333,0.012140614021091761,0.09308885754583929,0.13963328631875876,0.6452266201144735
2020-06-24,2020-08-26,0.013020449719217201,0.0883089865244218,0.029338993665257985,0.011182034178002166,0.14127218934911223,0.14644970414201178,0.6427031906754059
2020-06-25,2020-08-27,0.012969624239178057,0.08796427134724558,0.029338993665257985,0.011030529949727802,0.1023907268775659,0.14151171214682443,0.5905910819568446
2020-06-26,2020-08-28,0.012591485731318519,0.08539961120761559,0.029338993665257985,0.010754152081566142,0.13041338582677153,0.14419291338582677,0.6232628031088734
2020-06-29,2020-08-31,0.012029536463817872,0.08158828584165066,0.023799536749211408,0.0102818764886751,0.0888888888888888,0.11636798088410985,0.5632958138607488
2020-06-30,2020-09-01,0.011985865050281179,0.08129209190421528,0.023799536749211408,0.010262065681145306,0.09944751381215466,0.11698294499159254,0.5310326281631977
2020-07-01,2020-09-02,0.012839244916081525,0.0870799957550284,0.030614635819606863,0.010698188219901122,0.05464480874316924,0.10477548111190298,0.5677530081477945
2020-07-02,2020-09-03,0.012617271640557173,0.08557449975298705,0.030614635819606863,0.01046034044096033,0.025163094128611396,0.09995340167753959,0.5666127425323225
2020-07-03,2020-09-04,0.0138447283106505,0.09389951592954814,0.03822121282019774,0.011237095967892765,-0.010051425899953226,0.10028050490883589,0.604366358802485
2020-07-06,2020-09-07,0.013828089493819634,0.09378666598327241,0.03822121282019774,0.011224443793289008,-0.02504638218923927,0.1034322820037106,0.6057406533578829
2020-07-07,2020-09-08,0.016007238076485443,0.10856637075317166,0.0552572725829242,0.012395621410574065,-0.07509881422924891,0.15624273424784932,0.6895240954896859
2020-07-08,2020-09-09,0.016287472420673285,0.11046701254805831,0.0552572725829242,0.012674754114458116,-0.0634078856352317,0.15494581507954805,0.7003710196869878
2020-07-09,2020-09-10,0.015975778472818322,0.10835300133996291,0.0552572725829242,0.012338181770895101,-0.049114521841794545,0.15867768595041318,0.7002608209740881
2020-07-10,2020-09-11,0.015714211653550716,0.10657896885905352,0.0552572725829242,0.012033089920036974,-0.06208014825110031,0.15566365531619178,0.6846897107449476
2020-07-13,2020-09-14,0.015391648005173094,0.1043912357551957,0.0552572725829242,0.011588293268831849,-0.04311774461028195,0.15920398009950246,0.6740919818541086
2020-07-14,2020-09-15,0.015437602584920104,0.10470291487927576,0.0552572725829242,0.011619725114973422,-0.04176334106728552,0.1559164733178654,0.6725826278639284
2020-07-15,2020-09-16,0.016350436586871773,0.1108940563003288,0.0552572725829242,0.012182503664009737,-0.017186067827681062,0.15398716773602197,0.7000760828218104
2020-07-16,2020-09-17,0.016628146090237533,0.11277757379160522,0.0552572725829242,0.012577751381195316,0.005513439007581056,0.15437629221226737,0.7075324543178522
2020-07-17,2020-09-18,0.016613190082119266,0.11267613720931684,0.0552572725829242,0.01251089625738384,0.008543061648579986,0.15516047102285843,0.7074710010956663
2020-07-20,2020-09-21,0.01735850990319849,0.11773114217884001,0.0552572725829242,0.013235604843955744,-0.026516024902005997,0.15494581507954805,0.7387842539693462
2020-07-21,2020-09-22,0.017121800695513115,0.11612570222227367,0.0552572725829242,0.012855957698114989,-0.043005885015844236,0.15210502489814393,0.7387842539693462
2020-07-22,2020-09-23,0.017077265445549987,0.11582364946114276,0.0552572725829242,0.012808307781496662,-0.057662104554633165,0.15077406327125867,0.7302352211862075
2020-07-23,2020-09-24,0.016839146052358478,0.11420864516113641,0.0552572725829242,0.012381245097795706,-0.03937728937728935,0.15384615384615383,0.7279915790243969
2020-07-24,2020-09-25,0.01686010770898514,0.1143508140333714,0.0552572725829242,0.01243297968438062,-0.03713830029619514,0.15311004784688992,0.7174320146551685
2020-07-27,2020-09-28,0.016992205343331204,0.11524674377949662,0.0552572725829242,0.012705537750171603,-0.025255972696245688,0.15290102389078494,0.7218469667999312
2020-07-28,2020-09-29,0.017711197929969977,0.12012318875750157,0.0552572725829242,0.013329247155963895,-0.052233676975945054,0.15395189003436424,0.7536317864615436
2020-07-29,2020-09-30,0.017857810794275914,0.12111756558299559,0.0552572725829242,0.013500585080969794,-0.044897959183673564,0.15238095238095234,0.7604160760370947
2020-07-30,2020-10-01,0.018452485531277006,0.12515084588196523,0.0552572725829242,0.014003836028815917,-0.06628440366972477,0.15412844036697246,0.785525301947684
2020-07-31,2020-10-02,0.01954298360846739,0.13254696368743404,0.0552572725829242,0.014958497214821525,-0.110043468313887,0.17387325554792957,0.8263381769038001
2020-08-03,2020-10-05,0.021952687387529573,0.14889036987861773,0.0654218070182617,0.016326054558964978,-0.05355515041020964,0.17319963536918873,0.9126549898153097
2020-08-04,2020-10-06,0.021920690923139502,0.14867335929883096,0.0654218070182617,0.016260168610077307,-0.056357078449053244,0.17132551848512176,0.9136072793435732
2020-08-05,2020-10-07,0.021684727163188398,0.1470729752147836,0.0654218070182617,0.015932903386953294,-0.07015221707478492,0.16765938671961178,0.9118650262439925
2020-08-06,2020-10-08,0.02210186558990265,0.14990214567340138,0.0654218070182617,0.01644328324341994,-0.03967198581560283,0.1684397163120568,0.9172311832238705
2020-08-07,2020-10-09,0.02212412517500373,0.15005311752484438,0.0654218070182617,0.016493596762216338,-0.04184381293354211,0.1700604162004923,0.9197873100082293
2020-08-10,2020-10-12,0.02235237802363614,0.1516012036638577,0.0654218070182617,0.01689018109894939,-0.07006227758007111,0.16903914590747335,0.9296048716477905
2020-08-11,2020-10-13,0.02246352081615493,0.15235501075796617,0.0654218070182617,0.017029666770071436,-0.04647507858105071,0.17063313875168393,0.9338361740690926
2020-08-12,2020-10-14,0.02254048245755336,0.1528769900059733,0.0654218070182617,0.017114995364359533,-0.042806707855251536,0.16769638128861433,0.9413911999293113
2020-08-13,2020-10-15,0.02245501498488952,0.15229732140354338,0.0654218070182617,0.016888412355633837,-0.05251688821093925,0.1656134234037917,0.9344563636961196
2020-08-14,2020-10-16,0.02244569048909102,0.15223407959611168,0.0654218070182617,0.016858017134261515,-0.05122004836227756,0.16706968564519678,0.9318646570883753
2020-08-17,2020-10-19,0.02241938466905441,0.15205566484414668,0.0654218070182617,0.01683784987257133,-0.06521264994547438,0.1657579062159215,0.9310477968396683
2020-08-18,2020-10-20,0.02248942135571882,0.15253067676402948,0.0654218070182617,0.016964092288215687,-0.049133581925860925,0.1667032243913139,0.9323369422655332
2020-08-19,2020-10-21,0.02288705048271408,0.15522752871421333,0.0654218070182617,0.017586724990486066,-0.07944845699277736,0.16633836725760565,0.9507674245850951
2020-08-20,2020-10-22,0.023002208367658587,0.15600856749006578,0.0654218070182617,0.017774991835543562,-0.06054601497137824,0.16732716864817263,0.9548981279605742
2020-08-21,2020-10-23,0.023230637015470075,0.15755784595712238,0.0654218070182617,0.01804652400444797,-0.07195530726256982,0.16983240223463691,0.968760974692394
2020-08-24,2020-10-26,0.023161802693467754,0.15709098887113795,0.0654218070182617,0.018046286055786162,-0.10386473429951681,0.1668862538427756,0.9695404559130961
2020-08-25,2020-10-27,0.02292504851617035,0.1554852439158236,0.0654218070182617,0.017696760528426232,-0.11784946236559135,0.1634408602150538,0.9630160954002795
2020-08-26,2020-10-28,0.023465017379491648,0.1591474909274817,0.0654218070182617,0.018412773358462507,-0.14581983149708355,0.1596457118168071,0.9772321160786995
2020-08-27,2020-10-29,0.023929621098707634,0.1622985866625918,0.0654218070182617,0.01892196791078473,-0.1651697699890471,0.17152245345016426,0.9992388407530833
2020-08-28,2020-10-30,0.023881232988016317,0.1619704025286233,0.0654218070182617,0.01892750077488734,-0.17588158467566384,0.1758815846756639,0.9954559802902652
2020-08-31,2020-11-02,0.024592216709189357,0.16679252873824918,0.0654218070182617,0.019543387373350107,-0.13890717577353517,0.1735791090629801,1.0151376004395107
2020-09-01,2020-11-03,0.024877453383674836,0.168727097987899,0.0654218070182617,0.01996106717994015,-0.12256936858204082,0.17282062486344774,1.0227063414634554
2020-09-02,2020-11-04,0.024865283252861994,0.1686445561447885,0.0654218070182617,0.019848892627771265,-0.07186303221446266,0.1471052038747466,1.033717436793264
2020-09-03,2020-11-05,0.024871628918401455,0.16868759454243967,0.0654218070182617,0.019869594628164202,-0.07272727272727275,0.13954545454545456,1.0152093380185196
2020-09-04,2020-11-06,0.0243785384760873,0.16534329245113988,0.0654218070182617,0.019410348893397593,-0.053364817001180564,0.139551357733176,1.0189711349753947
2020-09-07,2020-11-09,0.025371773271954483,0.17207973858743317,0.0654218070182617,0.020291946530578163,-0.0004757373929590303,0.14058039961941018,1.0296084101544967
2020-09-08,2020-11-10,0.02490392421182832,0.16890663187936253,0.0654218070182617,0.020112443961298385,0.10734037204625424,0.15560583207642026,1.0712558659978404
2020-09-09,2020-11-11,0.024774679569948204,0.16803005206958072,0.0654218070182617,0.019789786593586652,0.0775480059084197,0.1523879862136878,1.0189498003592592
2020-09-10,2020-11-12,0.02475452476161863,0.1678933555087429,0.0654218070182617,0.01973498507845976,0.08020859200397301,0.15371244102309406,1.0121780218054963
2020-09-11,2020-11-13,0.02488764291671101,0.1687962067633243,0.0654218070182617,0.019974420196819324,0.05705112373425525,0.15287725364287472,1.0161168625019812
2020-09-14,2020-11-16,0.025192773158110627,0.17086570074832716,0.0654218070182617,0.02054404626441525,0.08987373112156471,0.15325575637534036,1.0314057524015257
2020-09-15,2020-11-17,0.025006922804004614,0.1696052023192995,0.0654218070182617,0.02006407893877129,0.06513317191283297,0.14987893462469729,1.0313098467482995
2020-09-16,2020-11-18,0.024418105937668848,0.16561165203218056,0.0654218070182617,0.019385675634081678,0.03310795057122884,0.15038470505945448,1.02363270416858
2020-09-17,2020-11-19,0.02423892315071147,0.1643963752437396,0.0654218070182617,0.018939357957495347,0.012565684258624588,0.1475896732922093,0.9964273136081471
2020-09-18,2020-11-20,0.024447715799710654,0.1658124758873029,0.0654218070182617,0.019384544545803437,0.037316849816849906,0.17055860805860812,0.9986686790096021
2020-09-21,2020-11-23,0.023917735020540273,0.16221797135825555,0.0654218070182617,0.018872952550317415,0.08503079109426825,0.1882993841781147,1.0012980705499024
2020-09-22,2020-11-24,0.024688933822086645,0.16744849611293378,0.0654218070182617,0.019804943287247707,0.13150425733207194,0.23604541154210038,1.0226648904997524
2020-09-23,2020-11-25,0.024753629058609464,0.16788728055536786,0.0654218070182617,0.020066903387122595,0.16023809523809507,0.25880952380952377,1.0310115336933416
2020-09-24,2020-11-26,0.024982457254892277,0.16943926889200128,0.0654218070182617,0.02048788549152864,0.13846520495710202,0.25905624404194466,1.039863076270768
2020-09-25,2020-11-27,0.025003848072716276,0.16958434847709256,0.0654218070182617,0.020574763371458468,0.14292475153809758,0.2572172266919072,1.0427784791228383
2020-09-28,2020-11-30,0.02503694762123993,0.16980884053747244,0.0654218070182617,0.020521693553292756,0.11484593837534995,0.25373482726423896,1.0448777752528722
2020-09-29,2020-12-01,0.024483317066985158,0.16605393542977603,0.0654218070182617,0.019984350220812016,0.14213197969543145,0.26275078559342513,1.0440837464328319
2020-09-30,2020-12-02,0.024448130985222378,0.16581529181244764,0.0654218070182617,0.019921160327073487,0.13888888888888884,0.25807217473884136,1.0268419293280182
2020-10-01,2020-12-03,0.023892650628606852,0.16204784073473705,0.0654218070182617,0.019554834209294693,0.19921395234586092,0.2692213215426185,1.0119943718695534
2020-10-02,2020-12-04,0.022696926697363774,0.15393804646432668,0.0654218070182617,0.018639562627246715,0.26041131105398474,0.28714652956298203,1.0378007683474746
2020-10-05,2020-12-07,0.020865486246257503,0.14151661298048016,0.047179656965334056,0.017354078433680132,0.17168312063568503,0.2689621960028895,0.8930662860641128
2020-10-06,2020-12-08,0.020855087862315408,0.14144608770929365,0.047179656965334056,0.01726479802830733,0.16698518872431922,0.2668418537983756,0.8947892635067524
2020-10-07,2020-12-09,0.020848768836665137,0.14140322999216168,0.047179656965334056,0.01717043593064553,0.16204033214709357,0.26500593119810206,0.8984394683343276
2020-10-08,2020-12-10,0.0208904560409158,0.1416859663674636,0.047179656965334056,0.01720518333643795,0.16385875836602826,0.2900992384029541,0.9449430624669127
2020-10-09,2020-12-11,0.02082606490984518,0.141249244468556,0.047179656965334056,0.017101277939915713,0.16931340495095748,0.2935544138253153,0.9040019719101232
2020-10-12,2020-12-14,0.020414211586615737,0.13845591932576717,0.047179656965334056,0.016677102392544843,0.2033006457785218,0.30064577852188473,0.8987878310354402
2020-10-13,2020-12-15,0.020343678377539105,0.13797753982704067,0.047179656965334056,0.016474336045344557,0.1923710854720979,0.3009182952672475,0.8876997631886681
2020-10-14,2020-12-16,0.020194833089739024,0.13696802196874727,0.047179656965334056,0.016212857626673665,0.17842323651452263,0.30567081604425994,0.8851835967752677
2020-10-15,2020-12-17,0.020206681742706928,0.13704838344303114,0.047179656965334056,0.016352142318838716,0.18583256669733217,0.3150873965041399,0.8773576931554942
2020-10-16,2020-12-18,0.020188360820922596,0.13692412490589478,0.047179656965334056,0.0164961598482156,0.21130676552363314,0.3341056533827619,0.8836338017822618
2020-10-19,2020-12-21,0.020664558596474,0.14015385535691463,0.047179656965334056,0.01695309270193882,0.18665422305179646,0.3364442370508633,0.9068723125690561
2020-10-20,2020-12-22,0.02089761362873425,0.14173451148993155,0.047179656965334056,0.017119485220412952,0.15132641291810822,0.332641291810842,0.916559018712166
2020-10-21,2020-12-23,0.02051129833212277,0.13911439367078357,0.047179656965334056,0.016993520241837846,0.21611982881597713,0.34284355682358536,0.9318191651397493
2020-10-22,2020-12-24,0.02045527126442025,0.13873439960963818,0.047179656965334056,0.01676891857864199,0.20389032106866645,0.3379423482540427,0.9127776528148906
2020-10-23,2020-12-28,0.019999636543624036,0.1356441345814291,0.047179656965334056,0.016349575139824123,0.22682398266313508,0.34721887791957623,0.9104442298417701
2020-10-26,2020-12-29,0.019723331748180004,0.13377014428280776,0.047179656965334056,0.016108733662212906,0.2567998039696151,0.35334476843910806,0.8961972803001532
2020-10-27,2020-12-30,0.019725053949999318,0.13378182482384388,0.047179656965334056,0.01606820926723293,0.2545099951243295,0.3515358361774744,0.8902405634824585
2020-10-28,2020-12-31,0.01869263087034241,0.12677959081541632,0.047179656965334056,0.015363605092750593,0.30804248861912,0.3646939807789581,0.8905274450766707
2020-10-29,2021-01-04,0.018004116510736357,0.12210985923044787,0.047179656965334056,0.01500081468295362,0.3295722907373393,0.37837837837837845,0.8771482944375953
2020-10-30,2021-01-05,0.019302756984849193,0.13091766745532338,0.055655190405050514,0.016091339600741585,0.41494981510829376,0.41494981510829376,0.9527648553369382
2020-11-02,2021-01-06,0.018840440261581215,0.12778208288140275,0.055655190405050514,0.01553505681492259,0.3799694189602445,0.37996941896024455,0.9558845209497348
2020-11-03,2021-01-07,0.018685046749152945,0.12672815280287733,0.055655190405050514,0.015171385541478611,0.357569721115538,0.3593127490039841,0.9355700424595828
2020-11-04,2021-01-08,0.018888005857085454,0.12810468844595635,0.055655190405050514,0.015340836635481728,0.3679611650485435,0.3949029126213591,0.9646197719038447
2020-11-05,2021-01-11,0.018962818163667555,0.1286120901959949,0.055655190405050514,0.015417740263910525,0.3632352941176471,0.3987745098039215,0.9585836472085529
2020-11-06,2021-01-12,0.018702889674905823,0.12684916941319777,0.055655190405050514,0.015486321319095107,0.4163132950860562,0.4163132950860563,0.9719344225507859
2020-11-09,2021-01-13,0.0180419748068598,0.12236662668735594,0.055655190405050514,0.014784590813402491,0.33055687767729625,0.35126130414088524,0.9747574949252984
2020-11-10,2021-01-14,0.016971560777604106,0.11510672552237712,0.055655190405050514,0.013953691053879278,0.2817253121452896,0.31736662883087413,0.935816314194748
2020-11-11,2021-01-15,0.01752281123132888,0.11884548800288605,0.055655190405050514,0.014394191863067897,0.25656842586246276,0.3193968471555861,0.9124179534287621
2020-11-12,2021-01-18,0.017496738750559546,0.11866865583482976,0.055655190405050514,0.014349811270371795,0.25908045977011507,0.3213793103448277,0.9121141232943626
2020-11-13,2021-01-19,0.017343216025359827,0.11762741405261659,0.055655190405050514,0.01445107046199485,0.3065420560747665,0.32663551401869173,0.9268858566751077
2020-11-16,2021-01-20,0.01709786145316934,0.11596333838115219,0.055655190405050514,0.013954024309960482,0.263062244434348,0.2905497501135847,0.9223292819529403
2020-11-17,2021-01-21,0.01708034340275116,0.11584452518255506,0.055655190405050514,0.014121971059792,0.2743805410320528,0.29074789724937483,0.9071575291032399
2020-11-18,2021-01-22,0.017426588747195344,0.11819287536369638,0.055655190405050514,0.014364918453507196,0.24238320920785372,0.28142631460167,0.919288477219108
2020-11-19,2021-01-25,0.017444846052498648,0.11831670243286606,0.055655190405050514,0.014628732420513544,0.2572202166064981,0.28113718411552346,0.9233763658679373
2020-11-20,2021-01-26,0.0172580001412002,0.11704945180644223,0.055655190405050514,0.014197547938723186,0.23306113440741538,0.2531450011035091,0.9236400108079001
2020-11-23,2021-01-27,0.017368620275164965,0.11779971405776879,0.055655190405050514,0.014181548065904612,0.2071600087317178,0.23946736520410386,0.9158970418689799
2020-11-24,2021-01-28,0.016378184534872997,0.1110822520400277,0.055655190405050514,0.013326763970635638,0.15029264214046822,0.19920568561872912,0.9137928601736544
2020-11-25,2021-01-29,0.016230880942917855,0.11008319047168828,0.055655190405050514,0.012965658694365592,0.12682126000410432,0.19556741227170124,0.8635656617616942
2020-11-26,2021-02-01,0.01614867116172912,0.10952561660782577,0.055655190405050514,0.013043484611469109,0.1766799246388946,0.1994975926313586,0.874794385779484
2020-11-27,2021-02-02,0.016519242181129993,0.1120389515435856,0.055655190405050514,0.013425847418525998,0.19710144927536244,0.21884057971014495,0.8953102449891932
2020-11-30,2021-02-03,0.016428291745881757,0.1114220956796232,0.055655190405050514,0.013500307302423513,0.22843383584589616,0.2391122278056952,0.9006555583477012
2020-12-01,2021-02-04,0.016269744339633064,0.11034677485247595,0.055655190405050514,0.013427769008066059,0.2510052910052909,0.251005291005291,0.8994720673817507
2020-12-02,2021-02-05,0.016207590160136065,0.1099252246972969,0.055655190405050514,0.013282609271164425,0.2428601209089014,0.24286012090890138,0.8994720673817507
2020-12-03,2021-02-08,0.01620291042534509,0.109893485191711,0.055655190405050514,0.013276590705823713,0.24252355591970498,0.2458009012699713,0.9062524362785846
2020-12-04,2021-02-09,0.016222942127439754,0.11002934680544067,0.055655190405050514,0.013410810806687658,0.25005098919029156,0.2575973893534571,0.9023387486921445
2020-12-07,2021-02-10,0.016159446622224728,0.10959869933662711,0.055655190405050514,0.013311473318072663,0.2556514591039869,0.25955610357583236,0.9022423756108038
2020-12-08,2021-02-11,0.016325074401292567,0.11072204158863737,0.055655190405050514,0.013462545495480054,0.2374616171954964,0.2546571136131013,0.9056765427016427
2020-12-09,2021-02-12,0.01665003204071323,0.11292601152972574,0.055655190405050514,0.014005495639372938,0.2680685994283383,0.26806859942833816,0.9377470688929886
2020-12-10,2021-02-15,0.01627367320078311,0.11037342168525345,0.055655190405050514,0.013577909216546892,0.24390243902439024,0.25421376164981163,0.9419971845245473
2020-12-11,2021-02-16,0.016174005108717457,0.10969743979607567,0.055655190405050514,0.013500033488851678,0.2574395845815858,0.26063511084481733,0.918042577396628
2020-12-14,2021-02-17,0.016266482211205496,0.11032465002103285,0.055655190405050514,0.013768261961300331,0.27270920294176104,0.2806599085668854,0.9299859746488
2020-12-15,2021-02-18,0.016695019151400172,0.11323112895939196,0.055655190405050514,0.014071711565436424,0.23913902053712488,0.278830963665087,0.9482821997880077
2020-12-16,2021-02-19,0.016846870750735286,0.11426103661454803,0.055655190405050514,0.01411493839810746,0.2136150234741785,0.2762128325508608,0.9528013616607656
2020-12-17,2021-02-22,0.017910531634246253,0.12147513571666198,0.055655190405050514,0.014939695295099788,0.25950349107835513,0.29150504266873545,1.0419442528691045
2020-12-18,2021-02-23,0.01801852594481137,0.1222075887672147,0.055655190405050514,0.014879281235728618,0.22838561591430762,0.28749043611323644,1.0453270759203426
2020-12-21,2021-02-24,0.017869025987600907,0.12119363072495024,0.055655190405050514,0.015025902740969486,0.30652772316162014,0.32520644907589474,1.0906629415974092
2020-12-22,2021-02-25,0.01757116161105487,0.11917341623299715,0.055655190405050514,0.014741066689379802,0.3233820877579643,0.33139651372470463,1.0720023929240003
2020-12-23,2021-02-26,0.017821520025194302,0.1208714296117427,0.055655190405050514,0.014678671639988972,0.2635386119257086,0.3085043988269795,1.0832378999213825
2020-12-24,2021-03-01,0.01822393926890478,0.12360076971414685,0.055655190405050514,0.015041861698594035,0.23243138018298626,0.30718318084485113,1.0852909848234853
2020-12-28,2021-03-02,0.01827146973997068,0.1239231370531692,0.055655190405050514,0.015102950450756993,0.2290480863591755,0.30971540726202157,1.0895661282483442
2020-12-29,2021-03-03,0.018442002915906166,0.125079749325434,0.055655190405050514,0.015436085195660684,0.24761162019886918,0.3076623123415871,1.1064003521015506
2020-12-30,2021-03-04,0.019591486155091785,0.1328759239636626,0.055655190405050514,0.016470082522512548,0.3070345899727944,0.3223863194714342,1.2058453646625928
2020-12-31,2021-03-05,0.020068445916704588,0.1361108224555934,0.055655190405050514,0.01714677990225133,0.3474477958236659,0.3677494199535962,1.2576971709887257
2021-01-04,2021-03-08,0.020139500011593946,0.1365927347737853,0.055655190405050514,0.017197345352031365,0.3443852378133019,0.3753700414446417,1.2782477816543818
2021-01-05,2021-03-09,0.018909374656528775,0.1282496186951242,0.049838885160754715,0.016229688212892588,0.2563001680044801,0.30091469105842816,1.2745851840125666
2021-01-06,2021-03-10,0.01892708537531088,0.12836973863414275,0.049838885160754715,0.016279071913002464,0.259095106186519,0.2869806094182825,1.2077152342156334
2021-01-07,2021-03-11,0.019068484794292177,0.1293287561530961,0.049838885160754715,0.01659220485282921,0.276962582538518,0.278246515040352,1.223250303228177
2021-01-08,2021-03-12,0.01866690289423842,0.12660509519168106,0.049838885160754715,0.015979438352633903,0.2283534421575586,0.2647267565649396,1.223385360027835
2021-01-11,2021-03-15,0.018548908763209217,0.1258048200589689,0.049838885160754715,0.015827417706575028,0.23678532901833882,0.2682488313556274,1.1946884258176311
2021-01-12,2021-03-16,0.018555975656301908,0.125852750059879,0.049838885160754715,0.01564174976661422,0.19672419866150048,0.26276858048608653,1.1961250843416442
2021-01-13,2021-03-17,0.018432599040254814,0.12501596913764626,0.049838885160754715,0.015502312922918489,0.20425684135217326,0.2668574494723662,1.1873582295235892
2021-01-14,2021-03-18,0.021507690569581402,0.14587225461785253,0.07140395727131241,0.016871530467019002,0.11034360609280891,0.2642578816861494,1.364331338055386
2021-01-15,2021-03-19,0.02135182086214589,0.14481509482765167,0.07140395727131241,0.01687355578358418,0.1701818181818182,0.27127272727272717,1.3839986177424617
2021-01-18,2021-03-22,0.021336867612352126,0.14471367695323029,0.07140395727131241,0.016825363437309514,0.17272229322621868,0.2724119043271863,1.3672894480623368
2021-01-19,2021-03-23,0.023182290616657338,0.15722994472687862,0.07140395727131241,0.017715135764759235,0.08082975679542193,0.26430615164520743,1.4766832694457102
2021-01-20,2021-03-24,0.0246270263197961,0.1670286190039682,0.07140395727131241,0.018894120872605176,0.15287769784172656,0.26582733812949644,1.5630266069114258
2021-01-21,2021-03-25,0.02535347033837536,0.17195560205224034,0.07140395727131241,0.019559033951164654,0.10060649304316804,0.26364609347128076,1.6018874736575193
2021-01-22,2021-03-26,0.02576584439393495,0.17475245897352512,0.07140395727131241,0.02004459117743293,0.16657584014532256,0.26848319709355134,1.6430141971918297
2021-01-25,2021-03-29,0.025791013377711502,0.17492316332683763,0.07140395727131241,0.020108904700369905,0.169956927494616,0.26525484565685575,1.6424901561481207
2021-01-26,2021-03-30,0.025986829056849927,0.1762512498786242,0.07140395727131241,0.020451618785598317,0.14587435117236436,0.264542688383748,1.6485672303680787
2021-01-27,2021-03-31,0.026049299183543272,0.1766749428919461,0.07140395727131241,0.020555966761673625,0.14050632911392413,0.2672694394213382,1.6543591955274062
2021-01-28,2021-04-01,0.02621747850023092,0.17781559051405826,0.07140395727131241,0.020997043808022184,0.1748137379611121,0.2685807741232055,1.6685655125182282
2021-01-29,2021-04-05,0.02688235831539504,0.18232502481962065,0.07140395727131241,0.021771347577879355,0.1345838645055546,0.26916772901110914,1.703696109868955
2021-02-01,2021-04-06,0.026706824406941724,0.18113449592926256,0.07140395727131241,0.0213758600184453,0.11457036114570363,0.2398149795410069,1.7043856473177101
2021-02-02,2021-04-07,0.02642333822559391,0.1792117991017056,0.07140395727131241,0.020836802747114223,0.08785887236250423,0.20529228640608782,1.6939746161026146
2021-02-03,2021-04-08,0.026367799800456157,0.17883511917567826,0.07140395727131241,0.020677927486657824,0.0801090847110959,0.18783023691835685,1.67869061292218
2021-02-04,2021-04-09,0.026371694016187434,0.17886153103179325,0.07140395727131241,0.02062439213167977,0.06665538825917783,0.178988326848249,1.6746706360148658
2021-02-05,2021-04-12,0.026350116056665325,0.1787151821899518,0.07140395727131241,0.02048628691675168,0.06004696410600485,0.16890305266689032,1.6735597312056252
2021-02-08,2021-04-13,0.02628976115900913,0.17830583535794972,0.07140395727131241,0.020367624090139064,0.054401582591493636,0.1524892845367623,1.6756205858803739
2021-02-09,2021-04-14,0.026746048702351984,0.18140052804409054,0.07140395727131241,0.020929804298036914,0.08141621798009457,0.15092184695708924,1.7032909322837364
2021-02-10,2021-04-15,0.026753579255992532,0.18145160274383634,0.07140395727131241,0.021047774961342254,0.09394435351882158,0.1513911620294599,1.70275926966638
2021-02-11,2021-04-16,0.02669186314401377,0.18103302370712088,0.07140395727131241,0.020850033996007895,0.1037220843672455,0.15301902398676592,1.704427099975366
2021-02-12,2021-04-19,0.02643235424430181,0.1792729487157166,0.07140395727131241,0.02029470280474573,0.0719690871035259,0.14892931895024955,1.6866747579573353
2021-02-15,2021-04-20,0.02649783612692636,0.17971706845159258,0.07140395727131241,0.020383181127767776,0.04670811413996501,0.14745735692651044,1.6986394811602972
2021-02-16,2021-04-21,0.02667689398455973,0.18093149792813357,0.07140395727131241,0.020749696150674773,0.022077509529860206,0.14691867852604829,1.713791880216397
2021-02-17,2021-04-22,0.02661633697616479,0.18052078031440819,0.07140395727131241,0.02063270716735977,0.0167109167577697,0.14446353271903795,1.7398282024134006
2021-02-18,2021-04-23,0.026441519773602453,0.17933511235990357,0.07140395727131241,0.020289539550465994,0.04239043824701194,0.14741035856573706,1.699838227596968
2021-02-19,2021-04-26,0.02638620054221529,0.17895991907822295,0.07140395727131241,0.02011835448213882,0.05045132172791744,0.14909735654416506,1.6827113214405935
2021-02-22,2021-04-27,0.02559811295333955,0.17361484899486213,0.07140395727131241,0.019414660721510164,0.017708654142285285,0.14243917462272868,1.6849209760852808
2021-02-23,2021-04-28,0.0255534039135206,0.17331161753358132,0.07140395727131241,0.01931101909548868,0.03581438804110859,0.14403612581750233,1.6309972942690754
2021-02-24,2021-04-29,0.025268066701628556,0.17137636640606455,0.07140395727131241,0.01904799751229837,0.023626787057938303,0.13920240782543264,1.6424967738701695
2021-02-25,2021-04-30,0.02549886466494077,0.17294171435268121,0.07140395727131241,0.01943610285992137,0.005904617713853089,0.14004542013626042,1.626025428968494
2021-02-26,2021-05-03,0.02541719419381394,0.17238779826762177,0.07140395727131241,0.019357492791342214,0.04688225282376601,0.14312238898344423,1.6348813279629013
2021-03-01,2021-05-04,0.02547844525262643,0.1728032231603039,0.07140395727131241,0.019491988108117874,0.09761491075659445,0.1461064602748381,1.6437166263763614
2021-03-02,2021-05-05,0.025511678898477674,0.17302862471300934,0.07140395727131241,0.019551118611676473,0.09469817949536896,0.14771638454167998,1.6380277111846113
2021-03-03,2021-05-06,0.02535244965907936,0.1719486794684479,0.07140395727131241,0.01915788311898701,0.06704172526957342,0.14455383653695889,1.635349982486132
2021-03-04,2021-05-07,0.024280007121490546,0.16467502029058037,0.07140395727131241,0.018053607148660257,0.015016354445435587,0.1375260184359203,1.6228276449510564
2021-03-05,2021-05-10,0.023694395367282375,0.1607032081315437,0.07140395727131241,0.01728119659980215,-0.02109341368919504,0.1327306643707849,1.5495707680572035
2021-03-08,2021-05-11,0.02347250952288088,0.15919830511622837,0.07140395727131241,0.016914471612414165,0.007780387551379997,0.13476218438050508,1.5089140926939597
2021-03-09,2021-05-12,0.02340932441546296,0.15876976286770084,0.07140395727131241,0.0167583550177358,0.025260029717682153,0.136404160475483,1.4919450392021822
2021-03-10,2021-05-13,0.02372085100735522,0.16088263901243255,0.07140395727131241,0.0171067297913024,-0.01657377530067483,0.13464359049574665,1.5145777141414414
2021-03-11,2021-05-14,0.023839052342644104,0.16168431947280776,0.07140395727131241,0.017224518035947944,-0.01134731399023281,0.13185866130422302,1.531662211597186
2021-03-12,2021-05-17,0.02388304233949564,0.16198267414741152,0.07140395727131241,0.017346902107875553,0.005344503827820146,0.13231258125090273,1.5211180098861496
2021-03-15,2021-05-18,0.023963610522225558,0.16252911414882656,0.07140395727131241,0.017530055589589612,-0.002907399331298244,0.13315888937345538,1.5273079470812008
2021-03-16,2021-05-19,0.02430536344083221,0.16484699521551305,0.07140395727131241,0.017924649146423097,-0.020456217807211186,0.1348050036791758,1.555006640556211
2021-03-17,2021-05-20,0.024518131451571334,0.16629005807419892,0.07140395727131241,0.018251407959017155,-0.034754195752265016,0.13604633892766965,1.5672559792030871
2021-03-18,2021-05-21,0.022380775491710407,0.15179380466302267,0.06081925386516235,0.017228468041284344,0.0633274844472802,0.14611580794385065,1.583844387393617
2021-03-19,2021-05-24,0.022357419979918827,0.1516353998751274,0.06081925386516235,0.017207105423679984,0.06230577998756992,0.14232442510876314,1.4505501205314881
2021-03-22,2021-05-25,0.022351694116544783,0.15159656518028633,0.06081925386516235,0.017188160733774965,0.06570138564533701,0.1426124863770823,1.4295476633324025
2021-03-23,2021-05-26,0.020287572732926144,0.1375970128313596,0.05879322652208539,0.01591440123657874,0.13649900727994702,0.15155526141628056,1.4298570922815423
2021-03-24,2021-05-27,0.018472003414270834,0.1252832226050014,0.040030757750025715,0.014775479150043104,0.0797191887675508,0.12324492979719176,1.3183726793813388
2021-03-25,2021-05-28,0.017484868735532993,0.11858814947601501,0.040030757750025715,0.013988559376012715,0.11863857374392217,0.12803889789303066,1.203196828742352
2021-03-26,2021-05-31,0.016558279510409512,0.11230371559241922,0.03702667942445919,0.013240203195924822,0.08159451884148239,0.11367175334786667,1.1518133151876129
2021-03-29,2021-06-01,0.01659062137812356,0.11252306881152647,0.03702667942445919,0.013278259681031995,0.08344838165362778,0.12778033440711764,1.103802715516958
2021-03-30,2021-06-02,0.016339772794549297,0.11082173094192625,0.03702667942445919,0.01305442160552907,0.11215245235863813,0.13901905654482985,1.0977199690425534
2021-03-31,2021-06-03,0.01612998741616071,0.10939889728006004,0.03702667942445919,0.012781414299535339,0.13191691771048042,0.14412557475820523,1.084442353189558
2021-04-01,2021-06-04,0.015795347160798886,0.10712925664255886,0.03702667942445919,0.012365020982674465,0.11090487238979096,0.14725444702242838,1.0772257040153221
2021-04-05,2021-06-07,0.01468210172282233,0.09957885872999304,0.03563030459260874,0.011641440086530364,0.1476725521669342,0.1528089887640449,1.0527923532826575
2021-04-06,2021-06-08,0.01469316599367076,0.09965390026590977,0.03563030459260874,0.01168723157979479,0.15003990422984836,0.15003990422984834,1.0388392351667028
2021-04-07,2021-06-09,0.014701644228900492,0.09971140245491238,0.03563030459260874,0.011607986732249996,0.1449920508744038,0.14546899841017485,0.9961174629530397
2021-04-08,2021-06-10,0.01469052919139917,0.09963601660280359,0.03563030459260874,0.011559498766514683,0.14249644942401773,0.1475461574877704,0.9970107495822748
2021-04-09,2021-06-11,0.014640663839062432,0.09929781332853103,0.03563030459260874,0.011514422448070726,0.15178429817605088,0.15178429817605088,0.9951283509088711
2021-04-12,2021-06-14,0.014646976711659923,0.09934062931362864,0.03563030459260874,0.011598895360849694,0.1561708860759492,0.1561708860759492,0.9962211209059618
2021-04-13,2021-06-15,0.014596975106296485,0.09900150192636781,0.03563030459260874,0.011478761459324768,0.14993746091307059,0.1499374609130706,0.9984868987405504
2021-04-14,2021-06-16,0.013813311309226011,0.09368643545880692,0.03004295499827693,0.010835519705718132,0.1022933011466507,0.13880506940253473,0.9948060767982789
2021-04-15,2021-06-17,0.013925902995585982,0.0944500694290568,0.03004295499827693,0.010905530691251329,0.08049072411729497,0.13764213046080195,0.942321370455638
2021-04-16,2021-06-18,0.01391617488383611,0.09438409016505644,0.03004295499827693,0.010920915977154824,0.0851318944844126,0.13788968824940054,0.9390721600277218
2021-04-19,2021-06-21,0.014211367885475694,0.09638618651088533,0.03004295499827693,0.011359988597352306,0.11144487834184447,0.1449384199459298,0.9680886592528152
2021-04-20,2021-06-22,0.014002949167599206,0.09497262199158711,0.03004295499827693,0.011056786679139143,0.1273225708193726,0.1472738349070972,0.9678730603077893
2021-04-21,2021-06-23,0.013603635987242454,0.0922643482357964,0.03004295499827693,0.010815134390214455,0.1609945609945611,0.160994560994561,0.9637054845073598
2021-04-22,2021-06-24,0.013547646917936848,0.09188461189231771,0.03004295499827693,0.01059923536144867,0.14976958525345618,0.15145929339477726,0.944376951268378
2021-04-23,2021-06-25,0.013552887716242384,0.09192015671580087,0.03004295499827693,0.010629817905649232,0.15135300412780928,0.15777404066656486,0.9403294982171894
2021-04-26,2021-06-28,0.013854142714771554,0.09396336752489161,0.03004295499827693,0.010935080067317077,0.13564523553782415,0.15835507135184912,0.958576843668462
2021-04-27,2021-06-29,0.013782404679496678,0.09347681649731632,0.03004295499827693,0.010820857327320695,0.12982296867907395,0.15615070358601918,0.9628535488441317
2021-04-28,2021-06-30,0.013776106395087629,0.09343409945412658,0.03004295499827693,0.010676741664157021,0.12251954299458823,0.1551413108839448,0.9532507311939176
2021-04-29,2021-07-01,0.013538058448097504,0.09181957972583404,0.03004295499827693,0.010459208759006923,0.11158482799176728,0.15613054983828292,0.9611847309214401
2021-04-30,2021-07-02,0.012967635434692227,0.08795078261895076,0.03004295499827693,0.010042486117029069,0.14343768813967483,0.1652618904274534,0.9368993728157834
2021-05-03,2021-07-05,0.012887778194378304,0.0874091644636,0.03004295499827693,0.009966238926955407,0.13952113508720076,0.17898315104936446,0.9064934830337217
2021-05-04,2021-07-06,0.013190831779256236,0.0894645738788112,0.03004295499827693,0.010007599865164092,0.07828464527270129,0.17426967909051663,0.9462844962410012
2021-05-05,2021-07-07,0.01344065972926357,0.09115898947476866,0.03004295499827693,0.01018157165216691,0.06987600291757845,0.17665937272064186,0.9435755309505937
2021-05-06,2021-07-08,0.013532677723963623,0.0917830858792099,0.03004295499827693,0.01039781614507581,0.08889865260691265,0.17735793790275337,0.9891509314646527
2021-05-07,2021-07-09,0.013696269887543059,0.09289262191525903,0.03004295499827693,0.010759184112167542,0.1070748498608467,0.17738391680093746,0.9683536005262605
2021-05-10,2021-07-12,0.01373186393686011,0.09313403250316292,0.03004295499827693,0.010854913279408867,0.10231603635297581,0.1775139255350337,0.969971985252106
2021-05-11,2021-07-13,0.013853180111674464,0.09395683883304437,0.03004295499827693,0.011052545401305904,0.11216314639475589,0.17640203932993442,0.9846528852076881
2021-05-12,2021-07-14,0.014379254881072934,0.09752485151490133,0.03004295499827693,0.011472695739755897,0.08028985507246378,0.1755072463768116,1.018204942213415
2021-05-13,2021-07-15,0.013924453625258569,0.09444023932122853,0.03004295499827693,0.011211447411839933,0.09306487695749466,0.18061148396718865,1.0334629418483814
2021-05-14,2021-07-16,0.013438399786329328,0.0911436617960456,0.03004295499827693,0.010632232929001303,0.06494261223303788,0.1759407235217202,0.9926654938138493
2021-05-17,2021-07-19,0.016461524015829284,0.11164748790049563,0.06408387234592514,0.011809099627130724,-0.012212643678160884,0.17399425287356324,1.1689999442109542
2021-05-18,2021-07-20,0.016395298632044336,0.11119832549440699,0.06408387234592514,0.011721480541319336,-0.008310249307479367,0.1765563493220586,1.1684419205673542
2021-05-19,2021-07-21,0.017471029979545756,0.11849429046635362,0.06408387234592514,0.01219991676338512,0.07602163461538458,0.18194110576923075,1.2746841040890837
2021-05-20,2021-07-22,0.01722350970783977,0.1168155263061308,0.06408387234592514,0.012093576584971982,0.12324973072780443,0.18633635943991383,1.2556411838613346
2021-05-21,2021-07-23,0.0168826340253589,0.11450359494432251,0.06408387234592514,0.011639081603338248,0.10051005100510046,0.15661566156615658,1.2352600500721884
2021-05-24,2021-07-26,0.01654567356974315,0.11221821794307224,0.06408387234592514,0.011260230905681753,0.08190726927014769,0.13280678660231093,1.2138073409192922
2021-05-25,2021-07-27,0.016557015972780396,0.11229514586327245,0.06408387234592514,0.011288385677253876,0.07801314828341854,0.1326515704894083,1.1876300844081464
2021-05-26,2021-07-28,0.016554727982673486,0.11227962795936927,0.06408387234592514,0.011243708574866066,0.0758480128111807,0.13218809142524382,1.1876822514607093
2021-05-27,2021-07-29,0.016612175714733137,0.11266925743497999,0.06408387234592514,0.0113569961487272,0.08134662621008548,0.13119491402976446,1.1952178262450364
2021-05-28,2021-07-30,0.016605202989731123,0.11262196611313474,0.06408387234592514,0.011408454114335793,0.08982903506230078,0.1315560707041437,1.1940714056282928
2021-05-31,2021-08-02,0.01711477956766691,0.116078082616367,0.06408387234592514,0.011860025305220458,0.054419809962568344,0.13072271811114308,1.228921407611957
2021-06-01,2021-08-03,0.017079436897583896,0.11583837696537927,0.06408387234592514,0.01178203237138444,0.023361177969701385,0.12855727028174996,1.2353436416817285
2021-06-02,2021-08-04,0.01753355906286177,0.11891838334294515,0.06408387234592514,0.012217490027292409,-0.012499999999999956,0.12752808988764042,1.2572520068369941
2021-06-03,2021-08-05,0.017626756363277058,0.1195504781878981,0.06408387234592514,0.012431553555615467,-0.0029415884577671525,0.1271886818882196,1.2609813293794143
2021-06-04,2021-08-06,0.01765903489370359,0.11976940183262119,0.06408387234592514,0.012514572200342024,-0.01851851851851849,0.126427179058758,1.264768409802672
2021-06-07,2021-08-09,0.01785003891792933,0.121064854153025,0.06408387234592514,0.012825782290657258,-0.032167832167832144,0.12699300699300697,1.27741757157709
2021-06-08,2021-08-10,0.018171337057221175,0.12324400415666645,0.06408387234592514,0.0131822792699491,-0.016516308119361556,0.12602359472588479,1.299797643113525
2021-06-09,2021-08-11,0.01824402478570388,0.12373699631695997,0.06408387234592514,0.013410097067908184,-0.005554012774229289,0.12607608997500694,1.3020961361689405
2021-06-10,2021-08-12,0.018249873710721665,0.12377666565647714,0.06408387234592514,0.013439465931541158,-0.017265193370165743,0.12541436464088396,1.303931346552316
2021-06-11,2021-08-13,0.018331956542485595,0.12433337850744947,0.06408387234592514,0.013654931481040874,-0.03263563756540899,0.12503442577802254,1.3094680300561474
2021-06-14,2021-08-16,0.01845448337738394,0.12516439593351797,0.06408387234592514,0.013894093820952809,-0.054742028192144576,0.12426440399616805,1.3226036574811844
2021-06-15,2021-08-17,0.01842616442746371,0.12497232747038335,0.06408387234592514,0.01386795432380298,-0.06594153636981637,0.12345343303874913,1.3252514117509262
2021-06-16,2021-08-18,0.018712965476343588,0.12691750682339312,0.06408387234592514,0.014256332824023228,-0.08212428141253769,0.1374212975636462,1.34013383497775
2021-06-17,2021-08-19,0.018741693165238178,0.1271123474891288,0.06408387234592514,0.014306333445503472,-0.08418720576017724,0.1517585156466352,1.3450424270017582
2021-06-18,2021-08-20,0.019007597611599317,0.1289157991883303,0.06408387234592514,0.01478487827601263,-0.10814917127071844,0.17306629834254145,1.3591853378434795
2021-06-21,2021-08-23,0.020657089822609002,0.14010319966799287,0.06408387234592514,0.015569887864342139,-0.07608108108108103,0.16932432432432434,1.4698957372075303
2021-06-22,2021-08-24,0.021188482036241307,0.14370727701131056,0.06408387234592514,0.016236170567884102,-0.0479600108078897,0.16927857335855176,1.483513016311356
2021-06-23,2021-08-25,0.021169420643654582,0.14357799635684948,0.06408387234592514,0.016193355227498853,-0.049792531120331884,0.16771516530584932,1.4854899645512953
2021-06-24,2021-08-26,0.021179747610263252,0.1436480372521142,0.06408387234592514,0.01629936646402546,-0.057849031396125516,0.16740146960587846,1.483621450605124
2021-06-25,2021-08-27,0.021309710215301036,0.14452948652494704,0.06408387234592514,0.016522679246881798,-0.04833355464081801,0.16637896693666182,1.4931364712373516
2021-06-28,2021-08-30,0.021191421342439024,0.14372721235586491,0.06408387234592514,0.01627174084730302,-0.0256722064585867,0.16930144575057424,1.4930054311325542
2021-06-29,2021-08-31,0.02115579699150462,0.14348559625239313,0.06408387234592514,0.01620115856918876,-0.03977501004419448,0.16780500870496853,1.4818840827752382
2021-06-30,2021-09-01,0.021165903819407073,0.14355414409431022,0.06408387234592514,0.016322362515085703,-0.04499799116110892,0.16780500870496853,1.4798031596480485
2021-07-01,2021-09-02,0.021328177372110825,0.14465473687628114,0.06408387234592514,0.016516107855010738,-0.03663536569236869,0.16571882026187013,1.4968989684474803
2021-07-02,2021-09-03,0.021319733449901557,0.14459746740950605,0.06408387234592514,0.01652065490344922,-0.045939186520995046,0.16493352639199685,1.491413831701753
2021-07-05,2021-09-06,0.02119369689756871,0.14374264592164923,0.06408387234592514,0.01630936295655293,-0.06485084306095978,0.16251621271076527,1.4915216916028207
2021-07-06,2021-09-07,0.020823444483561205,0.14123147187280163,0.06408387234592514,0.015851322200498414,-0.04537568397170699,0.15721339917256105,1.4845677163227773
2021-07-07,2021-09-08,0.020733417842827395,0.14062088148807267,0.06408387234592514,0.01572300893249228,-0.009271884374147943,0.1606217616580311,1.459223289526196
2021-07-08,2021-09-09,0.020786169275453584,0.14097865911122606,0.06408387234592514,0.015817140122427745,-0.04008069939475445,0.15843981170141228,1.4527732101054176
2021-07-09,2021-09-10,0.020903198673877365,0.14177239110906278,0.06408387234592514,0.01593910983288641,-0.03479756549351676,0.15586133897856577,1.4637771272502074
2021-07-12,2021-09-13,0.020950739211032524,0.14209482671962412,0.06408387234592514,0.01604535247200594,-0.02034574468085104,0.15664893617021278,1.4563735485937248
2021-07-13,2021-09-14,0.02082637005004636,0.14125131403009153,0.06408387234592514,0.0157803674807443,-0.03195808775376552,0.15428945645055667,1.455725577339953
2021-07-14,2021-09-15,0.020608638443183242,0.13977458642458976,0.06408387234592514,0.01551617395794406,0.003622216259726363,0.1428763080225383,1.451893815736507
2021-07-15,2021-09-16,0.020449099925933967,0.13869254355558663,0.06408387234592514,0.015167076280733103,0.021967526265520565,0.14531313958248063,1.427218334352893
2021-07-16,2021-09-17,0.020457396941095638,0.1387488166502881,0.06408387234592514,0.015241318481382845,0.018281036834925102,0.145293315143247,1.4157875362589152
2021-07-19,2021-09-20,0.01821093931677089,0.12351259974901,0.05718422528732715,0.014192540651075997,0.06749090909090905,0.154909090909091,1.4277323156731423
2021-07-20,2021-09-21,0.01813047995882244,0.1229668978331732,0.05718422528732715,0.01409116168818698,0.08556306968538685,0.15657159658923855,1.2620488862577197
2021-07-21,2021-09-22,0.016670621284647778,0.1130656545761929,0.05718422528732715,0.01331222471927758,0.04817090198268614,0.14870148003351027,1.270461230864774
2021-07-22,2021-09-23,0.016656245106562245,0.11296815059252065,0.05718422528732715,0.013298722916902431,0.047534246575342554,0.16301369863013707,1.172578911778575
2021-07-23,2021-09-24,0.016693656556056452,0.11322188738813738,0.05718422528732715,0.013400535431897512,0.052344601962922566,0.17216466739367517,1.159795709147315
2021-07-26,2021-09-27,0.016854747936826855,0.11431446228995953,0.05718422528732715,0.013624381461255896,0.0629985129106394,0.19007705826686497,1.177609036768257
2021-07-27,2021-09-28,0.01702658825684165,0.11547994004470573,0.05718422528732715,0.013911995218484595,0.049329177395311063,0.19054072367529476,1.1874250548432796
2021-07-28,2021-09-29,0.01704235892846659,0.11558690194372157,0.05718422528732715,0.014013373965022141,0.0541271989174561,0.19025710419485795,1.189149312305449
2021-07-29,2021-09-30,0.016970299844256225,0.11509817345632506,0.05718422528732715,0.01386332878164224,0.04703367183324425,0.18786745056119725,1.19097147047201
2021-07-30,2021-10-01,0.017026364753078213,0.11547842416842961,0.05718422528732715,0.013998950495369103,0.053443233182664196,0.1950279181068865,1.1899744242775905
2021-08-02,2021-10-04,0.016861120868019386,0.11435768561226703,0.05718422528732715,0.013968290266455389,0.10963954123429831,0.22801747678864015,1.2257588598940234
2021-08-03,2021-10-05,0.016809300192188063,0.11400622068883043,0.05718422528732715,0.014025048108363327,0.14222468179302705,0.24889319313779756,1.205584830117191
2021-08-04,2021-10-06,0.016573503456701662,0.11240696941981795,0.05718422528732715,0.0138815745189087,0.1496230977101407,0.2558668752666763,1.2241172507069176
2021-08-05,2021-10-07,0.01671150643656945,0.1133429511679359,0.05718422528732715,0.014057348120952587,0.15875245855577402,0.25273953357684753,1.213787639903542
2021-08-06,2021-10-08,0.01659955810881457,0.11258368066804322,0.05718422528732715,0.013867807153240966,0.1715136898850902,0.25549723365016325,1.2070805599714012
2021-08-09,2021-10-11,0.016323324046211285,0.11071017010288847,0.05718422528732715,0.013754073429344923,0.20939306358381504,0.2763005780346821,1.2138691283946415
2021-08-10,2021-10-12,0.01609491333017193,0.10916101325502764,0.05718422528732715,0.013309757579976697,0.17668642393451872,0.26982782952300316,1.1997463500039613
2021-08-11,2021-10-13,0.016068401421478397,0.1089812007417856,0.05718422528732715,0.013075350355469317,0.16406031834683055,0.26696453504607653,1.1745165517926022
2021-08-12,2021-10-14,0.01601346601181829,0.10860861066571259,0.05718422528732715,0.013114843970808384,0.1815881939564299,0.2740688685874912,1.1737055774804417
2021-08-13,2021-10-15,0.015845080321262188,0.10746656334792469,0.05718422528732715,0.013055506978938248,0.20882562277580075,0.2896797153024912,1.1783416866235297
2021-08-16,2021-10-18,0.015653637549693178,0.1061681352982596,0.05718422528732715,0.012881482336388615,0.21832923121470982,0.2946286376140149,1.1763373517904598
2021-08-17,2021-10-19,0.015620465647585428,0.1059431525119969,0.05718422528732715,0.013024642394150937,0.23944687045123736,0.29956331877729275,1.1727059010829541
2021-08-18,2021-10-20,0.015014529984651442,0.10183349689743484,0.05718422528732715,0.012505982011325325,0.2708022666269012,0.3079331941544886,1.17148178185467
2021-08-19,2021-10-21,0.014991709974958975,0.10167872406148241,0.05718422528732715,0.012487710094721573,0.271847596008467,0.31221651043241616,1.1576719517316154
2021-08-20,2021-10-22,0.014326593543775681,0.09716768494799868,0.05718422528732715,0.01213538361969576,0.3134582623509372,0.31980796035310527,1.1541899097748547
2021-08-23,2021-10-25,0.012077124795509743,0.08191104561053135,0.030252955413228415,0.010958751919519177,0.24572180781044306,0.24645312271464082,1.1319836379213877
2021-08-24,2021-10-26,0.011457288139041738,0.07770710887072828,0.025295722934763214,0.010351597493899233,0.21214701291329652,0.2121470129132965,0.9842929486162391
2021-08-25,2021-10-27,0.012117053299417481,0.08218185389976614,0.025295722934763214,0.01069341302376917,0.17622200309902802,0.20988871672066498,0.9762695190945184
2021-08-26,2021-10-28,0.012018926575781144,0.08151632607990156,0.025295722934763214,0.01065199784809641,0.18973340896199664,0.21128757799205908,0.9750395755624705
2021-08-27,2021-10-29,0.011933082540071777,0.08093410350263744,0.025295722934763214,0.01039075056430057,0.16548067531742716,0.19687456397376865,0.9741027086280588
2021-08-30,2021-11-01,0.011996322181923588,0.08136301562169108,0.025295722934763214,0.010524456023276882,0.17251421439467474,0.19567327693801137,0.970949781533972
2021-08-31,2021-11-02,0.011992156887268825,0.08133476521886554,0.025295722934763214,0.010518976871647757,0.17280334728033475,0.19679218967921897,0.9711512665948052
2021-09-01,2021-11-03,0.013073927133765102,0.08867168799653005,0.03275811127126275,0.011125730954001094,0.14121441593044448,0.1978684616463329,1.0483962908216986
2021-09-02,2021-11-04,0.012831598282854746,0.08702813376522445,0.03275811127126275,0.010771712679127868,0.11133992311916519,0.19288852278967594,1.0487362995944005
2021-09-03,2021-11-05,0.013029313070572037,0.08836910069806668,0.03275811127126275,0.011096554837301412,0.13893487858719644,0.19384657836644587,1.0510046953107377
2021-09-06,2021-11-08,0.013063645753590201,0.08860195628350191,0.03275811127126275,0.011281870670782642,0.160610263522885,0.19486823855755891,1.0628039207271691
2021-09-07,2021-11-09,0.013126768333554263,0.08903007445020439,0.03275811127126275,0.011505522478517006,0.19110862575143295,0.19642108206346984,1.0847299804259036
2021-09-08,2021-11-10,0.013894029153413995,0.09423389051361633,0.03275811127126275,0.011813654443014505,0.1384530690889072,0.19336636388659506,1.141613084535478
2021-09-09,2021-11-11,0.013550715904055462,0.09190542676888779,0.03275811127126275,0.0114370804905402,0.15790948577833808,0.19686142636962303,1.1294515791149335
2021-09-10,2021-11-12,0.013358946902003545,0.09060478611643706,0.03275811127126275,0.011136810660222991,0.12337217272104173,0.17093899931459902,1.1179600988446305
2021-09-13,2021-11-15,0.013314386459991674,0.09030256249451862,0.03275811127126275,0.01097813468305255,0.11537939459752944,0.16329577847156238,1.0939000828706194
2021-09-14,2021-11-16,0.013476417775644,0.09140151234487263,0.03275811127126275,0.011167010317423749,0.0987687728318225,0.16276552563929106,1.097899179658885
2021-09-15,2021-11-17,0.013925962672611482,0.09445047417833614,0.03275811127126275,0.011432545277091938,0.05975137013768217,0.16080737869268816,1.1336253886267416
2021-09-16,2021-11-18,0.014003700116177005,0.0949777151726421,0.03275811127126275,0.01165667622273123,0.07049399198931905,0.16061415220293726,1.1336253886267413
2021-09-17,2021-11-19,0.014586870526326777,0.09893296933067236,0.03275811127126275,0.012169183581074309,0.04608788853161849,0.1611736334405145,1.1750744657254708
2021-09-20,2021-11-22,0.01439715986617212,0.09764628903218694,0.03275811127126275,0.01202603726473819,0.07507834854884865,0.1639187900258891,1.187243793871738
2021-09-21,2021-11-23,0.014916135316162581,0.10116615178716318,0.03275811127126275,0.012520517026596642,0.09926868905742148,0.15682556879739976,1.2214843073259185
2021-09-22,2021-11-24,0.014767968207047079,0.10016123356049611,0.03275811127126275,0.01219998690904845,0.07899293992273893,0.13787132010123898,1.1997318540987114
2021-09-23,2021-11-25,0.01455129025827452,0.0986916522118539,0.03275811127126275,0.0117948635445418,0.05897737674905201,0.11703936184124497,1.1980591188142238
2021-09-24,2021-11-26,0.023031625100350096,0.15620808147820497,0.12031773454983667,0.014257458757324907,-0.06994818652849744,0.1764248704663213,1.7957576819197842
2021-09-27,2021-11-29,0.02306730660618528,0.15645008522507398,0.12031773454983667,0.014296935031187036,-0.06829454406714985,0.17321632964517367,1.8054085410233343
2021-09-28,2021-11-30,0.0237594969015503,0.1611447482193565,0.12031773454983667,0.014896992431311255,-0.09311636316673133,0.1963063412114168,1.8482288819299424
2021-09-29,2021-12-01,0.02384460893077382,0.1617220060870838,0.12031773454983667,0.015171324857388955,-0.11501925545571257,0.21155327342747116,1.8493953183346892
2021-09-30,2021-12-02,0.024089694072689516,0.16338425439351717,0.12031773454983667,0.015528277880735056,-0.10068912710566613,0.2103113833588566,1.8618136319191578
2021-10-01,2021-12-03,0.024005097749764524,0.16281049421608085,0.12031773454983667,0.015384415966799255,-0.11484098939929321,0.2079757698132257,1.8671682814637658
2021-10-04,2021-12-06,0.024820261554426837,0.16833920412960052,0.12031773454983667,0.015892328368755593,-0.09437676879537349,0.2027808539436447,1.9659194109715652
2021-10-05,2021-12-07,0.024964667152552345,0.16931861054749828,0.12031773454983667,0.016058663460636335,-0.08757267441860472,0.19961240310077524,2.0295110784105885
2021-10-06,2021-12-08,0.024837143759509708,0.16845370481531532,0.12031773454983667,0.01576435864730388,-0.060621056538413876,0.20388469627613515,1.9432519807965125
2021-10-07,2021-12-09,0.024870049185495267,0.1686768802725847,0.12031773454983667,0.01588444727069979,-0.1026915615906886,0.1998060135790495,2.0165721022265153
2021-10-08,2021-12-10,0.02502749203451999,0.16974470962815374,0.12031773454983667,0.016232663917095918,-0.08852022281424077,0.19956405909421174,2.0079813570934335
2021-10-11,2021-12-13,0.02496554826058041,0.1693245865128954,0.12031773454983667,0.01621821011607412,-0.11196080774286066,0.1969171944079341,1.914280430140108
2021-10-12,2021-12-14,0.025036708408300717,0.16980721811638247,0.12031773454983667,0.01647925258990501,-0.12233149436315649,0.19764931638282568,1.9146636666845023
2021-10-13,2021-12-15,0.025167475260711357,0.17069412206028606,0.12031773454983667,0.016802149237188223,-0.10927192035504374,0.19767302386949745,1.9207301600761342
2021-10-14,2021-12-16,0.025131436177178595,0.17044969310347746,0.12031773454983667,0.016696994290965668,-0.11347686451766381,0.1960271202569288,1.9211420969105184
2021-10-15,2021-12-17,0.025227945359908927,0.1711042502271563,0.12031773454983667,0.016980090836844305,-0.14213377296278862,0.19406500235515783,1.9342934897134485
2021-10-18,2021-12-20,0.025227220112657118,0.1710993313609752,0.12031773454983667,0.016976841293381926,-0.14200831847890671,0.19584076054664293,1.9326069350018888
2021-10-19,2021-12-21,0.025461970988703037,0.17269148926614633,0.12031773454983667,0.01725553582746293,-0.13118027011156785,0.1935408103347035,1.9470384422635774
2021-10-20,2021-12-22,0.02572336263328216,0.17446433365451375,0.12031773454983667,0.01772451962958316,-0.11264961276695606,0.19338183524994138,1.9564480904012729
2021-10-21,2021-12-23,0.025760366946462613,0.1747153091173025,0.12031773454983667,0.017695827530554424,-0.09046600095102231,0.19591060389919165,1.960816710942929
2021-10-22,2021-12-24,0.02575392911148165,0.17467164559608467,0.12031773454983667,0.017783124028344772,-0.10871359509491807,0.19431670793538502,1.9588000985519072
2021-10-25,2021-12-27,0.026468293575306303,0.17951670111796184,0.12031773454983667,0.018562375626350283,-0.07690501350240686,0.19349536221674302,2.0065225163689684
2021-10-26,2021-12-28,0.0264668126841334,0.1795066572253581,0.12031773454983667,0.018553701082190555,-0.07726527745258727,0.19292905642706631,2.0060370840562
2021-10-27,2021-12-29,0.026293235434902824,0.17832939904351316,0.12031773454983667,0.01815538760434638,-0.05149700598802387,0.19473053892215575,2.006480804142245
2021-10-28,2021-12-30,0.02627803659565935,0.17822631550040346,0.12031773454983667,0.018066029409829737,-0.05673420738974977,0.19380214541120386,1.9864300510780872
2021-10-29,2021-12-31,0.02635534601702562,0.17875065350691396,0.12031773454983667,0.01830734877297128,-0.06692206392912725,0.19466060098168328,1.9934217904855493
2021-11-01,2022-01-03,0.026358036809469826,0.1787689033491867,0.12031773454983667,0.018312491796206972,-0.06670609107037262,0.19231224127735075,1.9978009649742836
2021-11-02,2022-01-04,0.026472554535892614,0.1795456003587033,0.12031773454983667,0.01854051964740316,-0.046735640385301536,0.1933642525865145,2.0006395716500704
2021-11-03,2022-01-05,0.026038524099226513,0.17660186271451384,0.12031773454983667,0.017834728426200104,-0.014008355861391042,0.1998033914966823,1.999524399972894
2021-11-04,2022-01-06,0.026222659647506665,0.17785073076457353,0.12031773454983667,0.01819373529225815,0.012723903644224821,0.200864731315627,1.9759202589085478
2021-11-05,2022-01-07,0.0260609686241288,0.17675408888871563,0.12031773454983667,0.017772348640702047,-0.007510599636583737,0.19697153240460333,1.9749166190434264
2021-11-08,2022-01-10,0.02602820316332434,0.17653186272149063,0.12031773454983667,0.017723909519164468,-0.03202676864244747,0.19431166347992357,1.965564970224571
2021-11-09,2022-01-11,0.026370720487188137,0.17885492823687188,0.12031773454983667,0.018065811352810678,-0.017018779342723,0.19084507042253526,2.00002228248457
2021-11-10,2022-01-12,0.026068535412047043,0.17680540934128947,0.12031773454983667,0.017696721039836345,0.02562862669245658,0.19221470019342368,1.9939135649139437
2021-11-11,2022-01-13,0.02610306439587373,0.17703959630358404,0.12031773454983667,0.017867256101467457,0.017787996127783146,0.1924007744433689,1.9630516394456974
2021-11-12,2022-01-14,0.026373364607599464,0.1788728615340166,0.12031773454983667,0.018295868265388534,0.05515558267236109,0.21391092129347164,1.9936175334213988
2021-11-15,2022-01-17,0.026372500014490093,0.17886699757824773,0.12031773454983667,0.018251705485234106,0.053060727759522974,0.2140683947912864,1.991039710913569
2021-11-16,2022-01-18,0.02649734499916498,0.17971373746105102,0.12031773454983667,0.0185083753864356,0.09062923285309687,0.24171900012313752,2.013369444920414
2021-11-17,2022-01-19,0.026402264758470687,0.17906887189378737,0.12031773454983667,0.018401994083397363,0.09586276488395562,0.24760343087790104,2.0237862707225833
2021-11-18,2022-01-20,0.026372801946941832,0.17886904538376802,0.12031773454983667,0.018204923768880547,0.08094287852332238,0.2448241456722374,2.0039195288885416
2021-11-19,2022-01-21,0.026028249120131578,0.17653217441572228,0.12031773454983667,0.01771746653743047,0.11513831967213117,0.2514088114754098,2.0003907227035085
2021-11-22,2022-01-24,0.026049624123324948,0.17667714674077006,0.12031773454983667,0.017677550673956096,0.0940430925221798,0.24879594423320653,1.9793740776140416
2021-11-23,2022-01-25,0.025768905753646612,0.17477322212528665,0.12031773454983667,0.017247130007007706,0.07305654798570882,0.24183811753110748,1.9790225958241638
2021-11-24,2022-01-26,0.02585314229604875,0.17534454215249548,0.12031773454983667,0.017562419510648925,0.09296296296296291,0.24234567901234563,1.961877982289242
2021-11-25,2022-01-27,0.02585252024759551,0.17534032321462012,0.12031773454983667,0.01764461336931544,0.09755495183996032,0.24623363793529263,1.96239649408574
2021-11-26,2022-01-28,0.018123069754387107,0.12291663938145037,0.04815178102279851,0.014970885934874624,0.23788300835654597,0.2777158774373259,1.9623942785148527
2021-11-29,2022-01-31,0.01797409642917085,0.12190625313115028,0.04815178102279851,0.014630797869717525,0.21908271908271892,0.2780507780507781,1.4223228093203895
2021-11-30,2022-02-01,0.01655378498837858,0.112273232260889,0.04815178102279851,0.013693961815412797,0.27157504984334957,0.2900882939333524,1.405941584537009
2021-12-01,2022-02-02,0.016181419884902955,0.10974772925491674,0.04815178102279851,0.013297588631930144,0.2959094865100087,0.2959094865100088,1.3325996169631877
2021-12-02,2022-02-03,0.016124857560039133,0.10936410490307756,0.04815178102279851,0.01323600195205332,0.2923229743153115,0.2970058180786149,1.3436023933085066
2021-12-03,2022-02-04,0.016114262187702025,0.10929224359159322,0.04815178102279851,0.013482725355533595,0.31907613344739083,0.3190761334473909,1.3416723827405461
2021-12-06,2022-02-07,0.014818559965877708,0.10050436356331213,0.03930212068962891,0.012515727484009503,0.26290760869565233,0.281929347826087,1.342287955887908
2021-12-07,2022-02-08,0.014938459463627127,0.10131756152185968,0.03930212068962891,0.01239258207074474,0.21226602947033046,0.2754546661356697,1.2646119872359547
2021-12-08,2022-02-09,0.014929088544023484,0.10125400485286243,0.03930212068962891,0.012332783728018316,0.2090082971157643,0.2732780192282365,1.240640612923333
2021-12-09,2022-02-10,0.01429355157633022,0.09694358342149188,0.03930212068962891,0.01184852325632504,0.23564383191460614,0.2803675179029861,1.238558067656306
2021-12-10,2022-02-11,0.015070314398243592,0.10221184519833194,0.03930212068962891,0.012343082475822914,0.2634515743324033,0.30423807625880156,1.3204190704996386
2021-12-13,2022-02-14,0.014830510217253722,0.10058541411152555,0.03930212068962891,0.0122353923735885,0.2896932185145318,0.3182185145317545,1.3119534058534374
2021-12-14,2022-02-15,0.016598483490309505,0.11257639225073592,0.04885276393783324,0.012977499685217634,0.24733533752391357,0.32317573107406383,1.4682035755066234
2021-12-15,2022-02-16,0.016783705761808047,0.11383263081626303,0.04885276393783324,0.012983051384540365,0.2110153514678157,0.31847562617829234,1.4720696758084453
2021-12-16,2022-02-17,0.01679578207614365,0.11391453636506704,0.04885276393783324,0.013094312152446141,0.2170937877364818,0.317321883805179,1.4679436963494792
2021-12-17,2022-02-18,0.016293346422688083,0.11050685196804422,0.04885276393783324,0.012756060543131983,0.2546328071379549,0.3246396705559368,1.4709262092448678
2021-12-20,2022-02-21,0.016835218426596278,0.11418200670716694,0.04885276393783324,0.013389624116090423,0.31426592797783925,0.32756232686980596,1.5385227245357933
2021-12-21,2022-02-22,0.016884146309186436,0.114513851752269,0.04885276393783324,0.013181092467412253,0.26358475263584746,0.29562043795620424,1.5495441124800986
2021-12-22,2022-02-23,0.01674133199890999,0.11354523797366171,0.04885276393783324,0.01298903064870797,0.2527109230362339,0.26791854006876475,1.538237981248844
2021-12-23,2022-02-24,0.016745653773404076,0.11357454967439325,0.04885276393783324,0.012999481948645149,0.25330022219317727,0.26532479414455623,1.528711449441055
2021-12-24,2022-02-25,0.016790326837191675,0.11387753713435794,0.04885276393783324,0.013041030739047962,0.25095912157692823,0.26855404153988616,1.5356410642662779
2021-12-27,2022-02-28,0.01668701129952294,0.11317681706550457,0.04885276393783324,0.012988909517778442,0.24802849147799533,0.2566776901551769,1.6171909354615885
2021-12-28,2022-03-01,0.0211070681541527,0.14315510119777838,0.09269400442008352,0.014992317354377116,0.36577010910936325,0.37693478812484155,2.0952539536855146
2021-12-29,2022-03-02,0.022611658576605763,0.1533597299323049,0.09269400442008352,0.016264080823306364,0.4462121212121213,0.4621212121212122,2.32835172152543
2021-12-30,2022-03-03,0.023519758782671603,0.15951876518758748,0.09269400442008352,0.017057277646432053,0.3955016426585798,0.4624715693707355,2.404894465731157
2021-12-31,2022-03-04,0.024827210001680502,0.1683863307917452,0.09269400442008352,0.018198538544717677,0.514626635873749,0.514626635873749,2.6537516511698973
2022-01-03,2022-03-07,0.025619100076772882,0.1737571905913836,0.09269400442008352,0.019082628933867612,0.5760993536940819,0.5760993536940819,2.8035873758299465
2022-01-04,2022-03-08,0.02598938891698777,0.1762686116947897,0.09269400442008352,0.01962644061389639,0.6151447105788423,0.6151447105788423,2.9150572371142514
2022-01-05,2022-03-09,0.03421403419456078,0.23205086996144278,0.1404070874875753,0.022724431306573055,0.40216849451645076,0.6135343968095713,3.8266823523892013
2022-01-06,2022-03-10,0.03458777562599136,0.2345857076777705,0.1404070874875753,0.02291534328005878,0.33178824103439863,0.5912417662844596,3.8580334030604804
2022-01-07,2022-03-11,0.03462301324741579,0.23482470085409146,0.1404070874875753,0.023040624001183875,0.3243012327596728,0.5916025875747589,3.8507994652720003
2022-01-10,2022-03-14,0.03569406319644471,0.24208891503681512,0.1404070874875753,0.02400777925817758,0.26790123456790127,0.5983950617283951,3.944604735805493
2022-01-11,2022-03-15,0.03677180613694184,0.24939852329625037,0.1404070874875753,0.02464039416194266,0.15271641791044788,0.545910447761194,4.045492392237583
2022-01-12,2022-03-16,0.03679743357014132,0.24957233700482975,0.1404070874875753,0.024591405655151437,0.12576614804337582,0.5346534653465346,4.02798579506152
2022-01-13,2022-03-17,0.038684851506988686,0.2623734282685981,0.1404070874875753,0.026281125578156764,0.23588158364047085,0.5392937819522055,4.212766054041803
2022-01-14,2022-03-18,0.03855595748263226,0.26149922646255985,0.1404070874875753,0.025974026796051146,0.218919856597664,0.4990170001156471,4.216813911618271
2022-01-17,2022-03-21,0.03956502566708276,0.2683430598649762,0.1404070874875753,0.02739938957628414,0.29966485611926497,0.4986709811626026,4.329433892102632
2022-01-18,2022-03-22,0.0395777332124683,0.2684292466310565,0.1404070874875753,0.027185971929853985,0.2524556847691093,0.48718527718189014,4.335297993869874
2022-01-19,2022-03-23,0.04018515385681841,0.27254897387960153,0.1404070874875753,0.02806673624207344,0.35428176795580124,0.4966620626151014,4.4372251905108815
2022-01-20,2022-03-24,0.040460259549953505,0.27441483147068013,0.1404070874875753,0.028598541844657863,0.3222568362755278,0.4978654667128188,4.453137633467966
2022-01-21,2022-03-25,0.04050508848841893,0.27471887612414586,0.1404070874875753,0.028924486128083363,0.34179395888365693,0.495578270357184,4.465152025261361
2022-01-24,2022-03-28,0.04296859761317228,0.2914272079246632,0.1404070874875753,0.03076860397489821,0.2349397590361446,0.49988415199258585,4.712660330567474
2022-01-25,2022-03-29,0.04301063110146398,0.2917122929125993,0.1404070874875753,0.030973580439038022,0.24638346727898974,0.48645235361653283,4.720217386298329
2022-01-26,2022-03-30,0.0430545008943297,0.29200983232410604,0.1404070874875753,0.031105638039509564,0.253812267028126,0.4624421100192025,4.732510134581123
2022-01-27,2022-03-31,0.0437959195175881,0.2970383780826789,0.1404070874875753,0.032115700029328495,0.1886813681368138,0.45668316831683176,4.793164516992558
2022-01-28,2022-04-01,0.04383073528219975,0.29727451008688993,0.1404070874875753,0.03230581525732446,0.17855535553555368,0.45668316831683176,4.794723322479663
2022-01-31,2022-04-04,0.044007323492450165,0.29847218959993776,0.1404070874875753,0.032873440760068325,0.20904713917814366,0.44989362893293017,4.818316501958279
2022-02-01,2022-04-05,0.044166901629710986,0.2995545011849331,0.1404070874875753,0.033346916324721684,0.18355918915892033,0.449994400268787,4.830196683366008
2022-02-02,2022-04-06,0.04461050564604695,0.30256317000556326,0.1404070874875753,0.03419847863016317,0.13778822475934627,0.4491828967987463,4.866698505951039
2022-02-03,2022-04-07,0.04454845194868139,0.30214230135335707,0.1404070874875753,0.033824805492267525,0.11353903590644565,0.4341715164159437,4.870380531512822
2022-02-04,2022-04-08,0.04451678991720101,0.30192755900792106,0.1404070874875753,0.03368966351888955,0.10678772157371386,0.42736705577172496,4.886714464839291
2022-02-07,2022-04-11,0.04477141039006237,0.30365447907532617,0.1404070874875753,0.03425857167007548,0.06885422270037656,0.42538999462076377,4.9142912709415345
2022-02-08,2022-04-12,0.045349072578882474,0.30757237465867854,0.1404070874875753,0.03507974055154517,0.14903635567236106,0.4329829172141918,4.946415918094899
2022-02-09,2022-04-13,0.04551987991774953,0.3087308463944144,0.1404070874875753,0.03562670255532318,0.1776688453159041,0.4307189542483659,4.962772060223915
2022-02-10,2022-04-14,0.0455440025401159,0.30889445397936144,0.1404070874875753,0.03590674058455264,0.2017495899398578,0.43236741388737004,4.969280850778413
2022-02-11,2022-04-18,0.045269284274052815,0.3070312240465296,0.1404070874875753,0.03537018739866914,0.17308096740273404,0.4157728706624605,4.9750370328532085
2022-02-14,2022-04-19,0.0457479957663597,0.3102780033540692,0.1404070874875753,0.03611888361946516,0.11653625456442351,0.4125195618153364,4.99093700360093
2022-02-15,2022-04-20,0.04509858192881701,0.305873464412247,0.1404070874875753,0.03508940177138941,0.16947852760736204,0.4331726555652935,4.989870609109235
2022-02-16,2022-04-21,0.04504497140443951,0.3055098601453504,0.1404070874875753,0.0350991422440431,0.20538196374958306,0.4396753030134548,4.95014887786655
2022-02-17,2022-04-22,0.045243460817341,0.3068560808418051,0.1404070874875753,0.03546354190113263,0.16547238452210355,0.42729577775327976,4.9619042189728795
2022-02-18,2022-04-25,0.0455392149436616,0.30886198292038236,0.1404070874875753,0.03600853823165263,0.12013129102844622,0.4165207877461706,4.984955409507953
2022-02-21,2022-04-26,0.0453526672616081,0.3075967549831084,0.1404070874875753,0.035709810660348486,0.10517441247760573,0.3792812730530087,4.997420856541032
2022-02-22,2022-04-27,0.0452794483458681,0.307100160135553,0.1404070874875753,0.035391954084731635,0.1225930680359435,0.3850021394950791,4.970868833164052
2022-02-23,2022-04-28,0.045330393648300174,0.30744568798773747,0.1404070874875753,0.03555368103823309,0.13079277947851797,0.36852105985432276,4.9769097274094305
2022-02-24,2022-04-29,0.04534415607712322,0.30753902932138466,0.1404070874875753,0.03550001911972682,0.106267598289707,0.3640629888413807,4.975859331508129
2022-02-25,2022-05-02,0.04531270442113013,0.3073257138119238,0.1404070874875753,0.0355140558289124,0.1383248730964466,0.36918358714043986,4.978235456551806
2022-02-28,2022-05-03,0.045098859966489775,0.30587535015549144,0.1404070874875753,0.035046561695797375,0.07969832857725234,0.346106807990216,4.980682684130761
2022-03-01,2022-05-04,0.04336422908371648,0.29411051110960307,0.1404070874875753,0.033866816538433486,0.023873664653971227,0.315466790524849,4.992986385268667
2022-03-02,2022-05-05,0.04237938984677205,0.2874310064243166,0.1404070874875753,0.03265689085405644,-0.030382399161864915,0.29649030906233625,4.792795090822129
2022-03-03,2022-05-06,0.04212950838260762,0.285736227877687,0.1404070874875753,0.03227490225164077,0.0251720391162622,0.30749728359290107,4.694710714799387
2022-03-04,2022-05-09,0.04228978159766579,0.2868232537096679,0.1404070874875753,0.03241620179778421,-0.10842863193562047,0.2876747141041931,4.801641702946843
2022-03-07,2022-05-10,0.041737002801907355,0.28307412550915956,0.1404070874875753,0.03204158418187269,-0.1830827369944521,0.2730562032644528,4.69961954981927
2022-03-08,2022-05-11,0.04219313333741265,0.2861677533163361,0.1404070874875753,0.032404964869602676,-0.16961458252877115,0.2623001467521433,4.688007827564321
2022-03-09,2022-05-12,0.036860456017137,0.24999977603669848,0.09163637499731295,0.02936939282326464,-0.04079637365567512,0.19687138920984792,4.627703205319215
2022-03-10,2022-05-13,0.03687115476880942,0.25007233850094834,0.09163637499731295,0.029371077259499057,0.01868474079501725,0.2028759846125663,3.924193907809215
2022-03-11,2022-05-16,0.03703239658799223,0.2511659337257256,0.09163637499731295,0.029786713404760207,0.05096774193548392,0.20414746543778794,3.9153402317595316
2022-03-14,2022-05-17,0.03637199618401682,0.24668688026497512,0.09163637499731295,0.02923452338534258,0.07740993184031164,0.2156767283349561,3.945655012575336
2022-03-15,2022-05-18,0.035471598813989154,0.24058008818550933,0.09163637499731295,0.028574249115904955,0.1099026310337683,0.22943857468406867,3.886282732671528
2022-03-16,2022-05-19,0.0354775170676103,0.24062022773449177,0.09163637499731295,0.028706090522245892,0.14071824939796884,0.23191288870275353,3.787970949339961
2022-03-17,2022-05-20,0.03331190124419215,0.22593230660339234,0.09163637499731295,0.02710605465994101,0.061471861471861455,0.17614237614237616,3.7904700293602467
2022-03-18,2022-05-23,0.03326188363123777,0.2255930706473675,0.09163637499731295,0.026894679855311646,0.0514231499051232,0.173719165085389,3.5810773822121345
2022-03-21,2022-05-24,0.03184581760406665,0.21598884357319972,0.09163637499731295,0.025489968102341356,-0.012982393739996434,0.16281344478036638,3.574788531295001
2022-03-22,2022-05-25,0.031788742552662085,0.21560174174077013,0.09163637499731295,0.02528743122570689,0.0052285224916615025,0.16505904624537998,3.420703271195154
2022-03-23,2022-05-26,0.030793184030516684,0.2088495353260675,0.09163637499731295,0.024558795810550097,-0.027197008329083783,0.15561788203297638,3.4408583989666215
2022-03-24,2022-05-27,0.03056780188493454,0.20732091924242463,0.09163637499731295,0.02413955471351841,0.006282722513089034,0.15253054101221644,3.2971133619788
2022-03-25,2022-05-30,0.03058435233476379,0.20743316985453575,0.09163637499731295,0.02416524491457645,0.007446717452709084,0.15706582213472575,3.28489560419122
2022-03-28,2022-05-31,0.027357302794457045,0.1855462550002827,0.07299435604602299,0.022400524172096484,0.0907129455909943,0.1721388367729832,3.2751926594510063
2022-03-29,2022-06-01,0.02725583682929212,0.1848580793424779,0.07299435604602299,0.022066475695206287,0.06761238025055283,0.1690309506263818,2.9077138786338677
2022-03-30,2022-06-02,0.027226382714149903,0.1846583118142224,0.07299435604602299,0.022026126815788933,0.06567567567567578,0.17063063063063075,2.91469776194347
2022-03-31,2022-06-03,0.026304890086903995,0.1784084447392236,0.07299435604602299,0.021446433267913463,0.14604827259820152,0.20567912920018933,2.9215161340884532
2022-04-01,2022-06-06,0.026309762727519583,0.1784414925957677,0.07299435604602299,0.021457275332744614,0.14548926014319807,0.2074463007159905,2.817597650790322
2022-04-04,2022-06-07,0.025999620573921408,0.17633800616838777,0.07299435604602299,0.020968668080134607,0.1205778847934802,0.2012409705501019,2.799042926492525
2022-04-05,2022-06-08,0.025929564329936136,0.1758628616043013,0.07299435604602299,0.0210237051326046,0.17278576835730508,0.23268357305071916,2.7909757527026144
2022-04-06,2022-06-09,0.02519801632802443,0.17090126165684016,0.07299435604602299,0.020341535570715656,0.20934579439252343,0.24190850959173638,2.7690345201736024
2022-04-07,2022-06-10,0.02524621600993422,0.171228167804634,0.07299435604602299,0.020470516540862887,0.2023469085888967,0.24248101765111926,2.7350280182969926
2022-04-08,2022-06-13,0.025232081465879276,0.1711323026626924,0.07299435604602299,0.02033285882373015,0.1949218749999999,0.24013671875000003,2.735533887959336
2022-04-11,2022-06-14,0.025536755939651656,0.1731987054812517,0.07299435604602299,0.02053320683488014,0.18419728233517874,0.24750880724710625,2.818528370251584
2022-04-12,2022-06-15,0.024498829163807846,0.1661591435891577,0.07299435604602299,0.019657667945822507,0.1042599828457067,0.21290384065567522,2.794772293750074
2022-04-13,2022-06-16,0.024142016280929334,0.1637391208752454,0.07299435604602299,0.019051667865412552,0.07455369531033207,0.20664138377578395,2.6712975189563983
2022-04-14,2022-06-17,0.02505250812737053,0.1699143770247546,0.07299435604602299,0.019722433776054652,0.008917197452229297,0.20327570518653323,2.7430540738698386
2022-04-18,2022-06-20,0.024965103435257652,0.1693215695607716,0.07299435604602299,0.019503229843622922,-0.0009860164933668258,0.20025098601649338,2.7316211940578605
2022-04-19,2022-06-21,0.024171341539582412,0.16393801445627107,0.07299435604602299,0.018665540479750733,0.045412072509811274,0.2087460287796674,2.7213727354438966
2022-04-20,2022-06-22,0.02509291979702028,0.17018846230348827,0.07299435604602299,0.019604626845444742,0.0021545667447306904,0.20927400468384078,2.7349127638897293
2022-04-21,2022-06-23,0.025008221286662496,0.16961400905716262,0.07299435604602299,0.01942639029874371,-0.02029520295202958,0.20608856088560887,2.7370402135216767
2022-04-22,2022-06-24,0.025023540697023176,0.16971791035337566,0.07299435604602299,0.019446346450386467,0.03093076049943244,0.21131290200529704,2.7570679920965824
2022-04-25,2022-06-27,0.024685817627622737,0.16742736105378797,0.07299435604602299,0.019181045610894894,0.0862473139285016,0.21820668099238136,2.7481673735497774
2022-04-26,2022-06-28,0.02470100272799525,0.16753035141534123,0.07299435604602299,0.01919766862749197,0.08706016973395636,0.21302565080575953,2.7347998893488734
2022-04-27,2022-06-29,0.02482575649322165,0.168376472617744,0.07299435604602299,0.019516720099444107,0.07013531541833418,0.21288355250619406,2.7216119743876854
2022-04-28,2022-06-30,0.02502845094884667,0.16975121330154283,0.07299435604602299,0.019681872439649473,0.01941747572815533,0.2085511575802838,2.759706191040917
2022-04-29,2022-07-01,0.025154769527522537,0.17060794758512193,0.07299435604602299,0.01992427164759565,0.05090497737556565,0.2105957767722474,2.761462278041016
2022-05-02,2022-07-04,0.025246197286204395,0.17122804081411985,0.07299435604602299,0.020063429543200652,0.057506503158677,0.20754366406540323,2.770413169625567
2022-05-03,2022-07-05,0.02801845624809141,0.19003041589231387,0.0826523354501835,0.0215463830033753,-0.01076080800453083,0.2108740796677365,3.0674716964783313
2022-05-04,2022-07-06,0.02825721801174223,0.1916497769607467,0.0826523354501835,0.02175260780850452,-0.09453819633460359,0.2190165124296861,3.1198202289346035
2022-05-05,2022-07-07,0.028974734678326102,0.1965162117619106,0.0826523354501835,0.022521309251729696,-0.06266882766072401,0.21735998559337294,3.23266480463571
2022-05-06,2022-07-08,0.02916145863250842,0.19778263523492903,0.0826523354501835,0.022734987329587696,-0.053612435965377125,0.2132132132132132,3.180127492658937
2022-05-09,2022-07-11,0.027101552188229922,0.18381166999546603,0.0826523354501835,0.021266894183363763,0.01102137767220901,0.2293586698337292,3.166021024951474
2022-05-10,2022-07-12,0.02855446325598273,0.19366579229310044,0.0826523354501835,0.02203722780919994,-0.02342519685039368,0.24330708661417322,3.1251605176165853
2022-05-11,2022-07-13,0.027254117698185084,0.1848464196280257,0.0826523354501835,0.020921430512225857,-0.07124918612222131,0.2299320993395963,3.0798761268144754
2022-05-12,2022-07-14,0.027241788045121385,0.18476279585237027,0.0826523354501835,0.020868024770420497,-0.07607487027427728,0.229058561897702,2.9541084140124454
2022-05-13,2022-07-15,0.027059789064029602,0.1835284187060132,0.0826523354501835,0.02080186251142026,-0.12749505484625057,0.24186297428520043,2.979610420989556
2022-05-16,2022-07-18,0.027598583710151434,0.18718270178915267,0.0826523354501835,0.021202124660509008,-0.11163728843286858,0.2359028325879154,3.0059694233163845
2022-05-17,2022-07-19,0.027410504684261518,0.18590708777266252,0.0826523354501835,0.0208817185808014,-0.07004066877541804,0.24310890194306362,2.9866117926506606
2022-05-18,2022-07-20,0.0270494143802109,0.18345805417688416,0.0826523354501835,0.02037355860840289,-0.04853009799346708,0.25104993000466624,2.948069375621655
2022-05-19,2022-07-21,0.027164167955735233,0.1842363507928337,0.0826523354501835,0.020588616086142767,-0.08857273978889402,0.2469022487379531,2.9287321043636663
2022-05-20,2022-07-22,0.027077147431663368,0.1836461488832738,0.0826523354501835,0.020430320993170315,-0.10503897045495747,0.24379191589632038,2.917809631123706
2022-05-23,2022-07-25,0.027145496069307263,0.18410971189767175,0.0826523354501835,0.02060449758407257,-0.09799675148890097,0.24273596823678031,2.9160656937789957
2022-05-24,2022-07-26,0.02713907965559721,0.18406619366258192,0.0826523354501835,0.0206218511271451,-0.10162162162162158,0.24234234234234225,2.915421514754881
2022-05-25,2022-07-27,0.027439443216289567,0.18610335844610398,0.0826523354501835,0.02109413012222,-0.08232445520581122,0.24123397004752928,2.9405896332715895
2022-05-26,2022-07-28,0.027116520714079755,0.18391319147714053,0.0826523354501835,0.020529078644510177,-0.10536431941289526,0.23501659968547958,2.939646163268189
2022-05-27,2022-07-29,0.027207578579616302,0.18453077596876843,0.0826523354501835,0.020707272661103962,-0.09816163718348936,0.23326396115157816,2.91684537754776
2022-05-30,2022-08-01,0.027539737856888017,0.1867835897941816,0.0826523354501835,0.021140446367140513,-0.15097706032285463,0.22854715378079857,2.9752336408072724
2022-05-31,2022-08-02,0.027513706612132816,0.18660703730238035,0.0826523354501835,0.02087102711093299,-0.14062096843553795,0.23135804592758227,2.9544675088532553
2022-06-01,2022-08-03,0.027764435837613972,0.18830756564600695,0.0826523354501835,0.021436386403938152,-0.16220880069025034,0.23209663503019837,2.9761220025249364
2022-06-02,2022-08-04,0.027927725777085306,0.1894150518984261,0.0826523354501835,0.02179859763953356,-0.2087243215825515,0.25648829148702346,3.0200381512130945
2022-06-03,2022-08-05,0.02770994177842216,0.18793796895444811,0.0826523354501835,0.02153079527061541,-0.21820284109679555,0.25057813016187647,3.071640264263293
2022-06-06,2022-08-08,0.02794577036266987,0.18953743623226937,0.0826523354501835,0.02176225389509338,-0.1955996333027752,0.25285440453371116,2.993971842102785
2022-06-07,2022-08-09,0.027885327508520134,0.18912749285030395,0.0826523354501835,0.021578286350276695,-0.20223140495867764,0.2507438016528926,2.9834616602632695
2022-06-08,2022-08-10,0.027588863426286508,0.1871167756164511,0.0826523354501835,0.02116647459870616,-0.21687913506535417,0.24479586896885594,2.980767336281628
2022-06-09,2022-08-11,0.027917084425176212,0.18934287873831207,0.0826523354501835,0.021511800624220215,-0.19149109249166196,0.23859106808752958,2.9690215779671894
2022-06-10,2022-08-12,0.027938509633582017,0.18948819157167746,0.0826523354501835,0.021616074123832422,-0.1952759780201755,0.23587304190929226,2.971191021620205
2022-06-13,2022-08-15,0.028869925567042563,0.19580536178394753,0.0826523354501835,0.022762248059120947,-0.24109186008499506,0.24109186008499509,3.0671984809821367
2022-06-14,2022-08-16,0.02843721795287565,0.19287059595845668,0.0826523354501835,0.022065335956045477,-0.21691457713557172,0.2169145771355717,3.068431478643515
2022-06-15,2022-08-17,0.02842897044180095,0.1928146586168086,0.0826523354501835,0.021808411562807835,-0.20195046172434628,0.20747389315612327,2.989234306495634
2022-06-16,2022-08-18,0.02901890774259529,0.19681580806015003,0.0826523354501835,0.022530177194531573,-0.1756047172247569,0.2069381079452527,3.017181235639591
2022-06-17,2022-08-19,0.02830949300311547,0.19200432320210506,0.0826523354501835,0.021592156114605115,-0.1400613275613276,0.1972402597402598,3.017492480448827
2022-06-20,2022-08-22,0.028327634364663935,0.19212736390246993,0.0826523354501835,0.021645383580936987,-0.13799910273665328,0.19623149394347245,2.9168785430289352
2022-06-21,2022-08-23,0.028768614840884672,0.19511823900831468,0.0826523354501835,0.02225658845029872,-0.11396138720057203,0.1954772971040401,2.9503684368301313
2022-06-22,2022-08-24,0.028189823649722407,0.19119268615852605,0.0826523354501835,0.021630411941217068,-0.057861282482707055,0.20443073471676954,2.959824098768738
2022-06-23,2022-08-25,0.028289662485970188,0.1918698260910897,0.0826523354501835,0.021877227052838094,-0.06826741996233521,0.20593220338983054,2.883088998611219
2022-06-24,2022-08-26,0.027985272000208318,0.18980534937292892,0.0826523354501835,0.02131219166009424,-0.09257730066978609,0.2006606110652354,2.8808037827631727
2022-06-27,2022-08-29,0.02848953652583023,0.19322543778448084,0.0826523354501835,0.02175596996932984,-0.07427389623235314,0.19665497707040738,2.9131403942346714
2022-06-28,2022-08-30,0.028885107350267898,0.19590832964751403,0.0826523354501835,0.0221940445837819,-0.1362280701754386,0.19184210526315792,2.969101020437873
2022-06-29,2022-08-31,0.029245661634819398,0.19835372778217195,0.0826523354501835,0.022666746723964126,-0.15440783615316123,0.1932324131789849,2.9856606580817906
2022-06-30,2022-09-01,0.029280592230407406,0.19859063860795692,0.0826523354501835,0.022707374587569613,-0.15595238095238095,0.19871794871794873,3.0034252185593466
2022-07-01,2022-09-02,0.029147137101592623,0.19768550188639458,0.0826523354501835,0.022514194260762205,-0.16325798349479725,0.19465374955148906,2.972950518022239
2022-07-04,2022-09-05,0.02914390028110605,0.19766354870175848,0.0826523354501835,0.02251038072477098,-0.16340156373539483,0.19063515769129405,2.967842504317704
2022-07-05,2022-09-06,0.026837911130761036,0.18202356934661196,0.0699599505807373,0.021236100612705564,-0.11402671755725191,0.143320610687023,2.968362160020822
2022-07-06,2022-09-07,0.02717061383208239,0.18428006885325052,0.0699599505807373,0.02141529575194781,-0.12114228456913834,0.19478957915831677,2.759145661723697
2022-07-07,2022-09-08,0.02638998864538068,0.17898561124390075,0.0699599505807373,0.020704740369557047,-0.1487992315081652,0.1867435158501442,2.6621448528191145
2022-07-08,2022-09-09,0.02676761846870722,0.18154682131717065,0.0699599505807373,0.02096725878999286,-0.13868408772748486,0.18142790480634635,2.6418665173797438
2022-07-11,2022-09-12,0.027001835344896793,0.18313535745910514,0.0699599505807373,0.021282613540040705,-0.11418099802650117,0.17573536321774272,2.619465179399596
2022-07-12,2022-09-13,0.025155771380266253,0.17061474248102432,0.05694936983542454,0.02013959253234979,-0.06742592219310617,0.1641806087482363,2.629592463051857
2022-07-13,2022-09-14,0.025212004382154055,0.1709961332557691,0.05694936983542454,0.02027105026504266,-0.06189283925888822,0.16314471707561348,2.412297750026437
2022-07-14,2022-09-15,0.025972761294162847,0.17615583766995613,0.05694936983542454,0.021212164519989845,-0.10079229766322328,0.16337378397352328,2.4819588161807586
2022-07-15,2022-09-16,0.025729113548485116,0.17450333825912517,0.05694936983542454,0.02074489426968645,-0.0703833470733719,0.16786892003297615,2.4831974478920102
2022-07-18,2022-09-19,0.024845473009022873,0.1685101965340254,0.05694936983542454,0.019836912827702915,-0.1076011846001973,0.16080947680157953,2.451953967934465
2022-07-19,2022-09-20,0.02470238079024639,0.16753969788826573,0.05694936983542454,0.01965397670554287,-0.12798833819241984,0.1583090379008747,2.3721981184217062
2022-07-20,2022-09-21,0.024698888120454187,0.16751600944921294,0.05694936983542454,0.019639380816390748,-0.12741539970573823,0.15978420794507117,2.36316755004067
2022-07-21,2022-09-22,0.024469333877823633,0.1659590968266661,0.05694936983542454,0.0191538118894871,-0.10010070493454182,0.16404833836858013,2.359749894632352
2022-07-22,2022-09-23,0.025214844579248427,0.17101539640968025,0.05694936983542454,0.020001253771537924,-0.13377215189873415,0.18693670886075944,2.3943647609952112
2022-07-25,2022-09-26,0.025494148571553202,0.17290972825109552,0.05694936983542454,0.020475564657162885,-0.17246898759503793,0.21288515406162467,2.428844330666068
2022-07-26,2022-09-27,0.025751580501895,0.1746557165508665,0.05694936983542454,0.02087684311516056,-0.1533293221018852,0.21339751303650223,2.435369358648393
2022-07-27,2022-09-28,0.02621631307573426,0.1778076862205515,0.05694936983542454,0.021205323743298234,-0.14072119613016698,0.20795465650346917,2.4891918541881273
2022-07-28,2022-09-29,0.02621067976340219,0.17776947923741737,0.05694936983542454,0.021309227518840297,-0.1458984375000001,0.2078125,2.460241681305881
2022-07-29,2022-09-30,0.026186973419785108,0.17760869499231297,0.05694936983542454,0.02145017429703687,-0.17721153846153848,0.20461538461538462,2.4759517274215477
2022-08-01,2022-10-03,0.026294025380253057,0.1783347567135471,0.05694936983542454,0.021368892922583725,-0.11207845491844293,0.20244170919643753,2.508338701905759
2022-08-02,2022-10-04,0.02682955865805057,0.18196692012051452,0.05694936983542454,0.02211285618741691,-0.08166533226581263,0.20246196957566057,2.4761343469908565
2022-08-03,2022-10-05,0.026744017615186813,0.18138675254071185,0.05694936983542454,0.02196292901363222,-0.03408856848609665,0.20834191555097842,2.4941579567147483
2022-08-04,2022-10-06,0.026248393486641222,0.17802526615331676,0.05694936983542454,0.021413266774365173,0.014102564102564275,0.2161324786324787,2.4648943887773562
2022-08-05,2022-10-07,0.026741816632351534,0.18137182474883579,0.05694936983542454,0.02197444971932109,0.04003803084724278,0.21371223325586314,2.465824229428122
2022-08-08,2022-10-10,0.026847139001519124,0.18208615581113494,0.05694936983542454,0.022085849638982386,-0.004662246166597606,0.20959386655615422,2.485759878570948
2022-08-09,2022-10-11,0.027073409446305242,0.1836207966331029,0.05694936983542454,0.02261256146520671,-0.02817776856935661,0.20957215373459032,2.4929557278198047
2022-08-10,2022-10-12,0.027139282403846443,0.18406756876811173,0.05694936983542454,0.022825022779014804,-0.04790851019987641,0.20842777663301054,2.501486514576624
2022-08-11,2022-10-13,0.027152676277637056,0.18415841043991202,0.05694936983542454,0.022839490314406265,-0.047288459603581856,0.2035416037830768,2.5227637536086784
2022-08-12,2022-10-14,0.027560208735520633,0.18692243004811251,0.05694936983542454,0.023332256097282882,-0.06818181818181812,0.2061761108846311,2.5450642769708294
2022-08-15,2022-10-17,0.026368916078454523,0.17884269014141607,0.05694936983542454,0.0222411288336591,-0.009476631488261833,0.21785483523583893,2.539461599904852
2022-08-16,2022-10-18,0.026756620925068378,0.18147223234720822,0.05694936983542454,0.022772672570638638,-0.03288830999674375,0.21958102680994251,2.455139241601621
2022-08-17,2022-10-19,0.026894100324155727,0.1824046629977004,0.05694936983542454,0.023093674442551244,-0.018816913593597828,0.218773656320969,2.4645248241183655
2022-08-18,2022-10-20,0.026358083868041036,0.17876922251594515,0.05694936983542454,0.022329138181621196,-0.05199958233267188,0.21123525112248098,2.464030808672441
2022-08-19,2022-10-21,0.02636988410206864,0.1788492555969985,0.05694936983542454,0.02234621099558765,-0.04289459884635538,0.21216570529627693,2.4165079907927525
2022-08-22,2022-10-24,0.026344351644799244,0.17867608604651739,0.05694936983542454,0.022234974124853608,-0.0476735713542209,0.21057562194233378,2.4159524181896734
2022-08-23,2022-10-25,0.025886491698030895,0.17557072880147828,0.05694936983542454,0.021569794195088827,-0.07838192272773126,0.20407545647130038,2.413695074578288
2022-08-24,2022-10-26,0.026177023071617803,0.17754120844759533,0.05694936983542454,0.021871587366696397,-0.06578033535072936,0.20071435658299439,2.4068240845381808
2022-08-25,2022-10-27,0.02607394729317664,0.17684211450493983,0.05694936983542454,0.021596271913745513,-0.04264780192016171,0.20444669024759984,2.395821543764315
2022-08-26,2022-10-28,0.026085888362537783,0.17692310277769852,0.05694936983542454,0.021726238600598982,-0.048230535894843385,0.20455005055611733,2.3820551959435674
2022-08-29,2022-10-31,0.025392639997441346,0.17222126360535236,0.05694936983542454,0.021138623554271912,-0.09810587663914527,0.19650315687226813,2.3895083176251983
2022-08-30,2022-11-01,0.024792091049887586,0.16814814247202417,0.05694936983542454,0.02060475945358971,-0.037574895907382944,0.15994719203818422,2.330946812666104
2022-08-31,2022-11-02,0.024237575253784345,0.1643872333619966,0.05694936983542454,0.019973349747009497,0.005897219882055715,0.16564869418702616,2.238130528112597
2022-09-01,2022-11-03,0.023867525273522632,0.16187743228561266,0.05694936983542454,0.01953512849569092,0.025930346099598545,0.17066290550070526,2.1820712139178
2022-09-02,2022-11-04,0.024625220771841743,0.1670163731819414,0.05694936983542454,0.02022583920463937,0.05831903945111483,0.17152658662092624,2.2289961671217573
2022-09-05,2022-11-07,0.024485189156311985,0.16606663255734846,0.05694936983542454,0.019944624245097194,0.028352409954846225,0.1680142812139032,2.226029317358407
2022-09-06,2022-11-08,0.02460091126146788,0.16685149806085767,0.05694936983542454,0.020045516209342196,0.02369413031771672,0.17232094776521273,2.247855983318135
2022-09-07,2022-11-09,0.023427615357411783,0.15889381807169994,0.04375322849374584,0.019391503576219226,0.05426975259377498,0.18241933644966368,2.252647717493892
2022-09-08,2022-11-10,0.02342070942125288,0.15884697973382786,0.04375322849374584,0.019372740750357036,0.05337997968626573,0.1805665274799684,2.125214567172394
2022-09-09,2022-11-11,0.022955544649692464,0.15569207875658003,0.04375322849374584,0.019037301761685346,0.03759887311734755,0.17336656192436883,2.1508698947978773
2022-09-12,2022-11-14,0.023328106201859003,0.15821891414239883,0.04375322849374584,0.019337641506423992,-0.018671758964566187,0.1697432633142372,2.2743078259014387
2022-09-13,2022-11-15,0.023168813598635585,0.15713853914346657,0.04375322849374584,0.018957206251155337,0.0010807305738678163,0.17291689181886954,2.1012056580428555
2022-09-14,2022-11-16,0.023169614503061486,0.15714397114156797,0.04375322849374584,0.018969998194910027,-0.023700224191309904,0.17081242660403545,2.108099288149317
2022-09-15,2022-11-17,0.022546654316571397,0.15291884959044294,0.04368905196218263,0.01855128945618036,-0.005130492973455247,0.17845192951148786,2.127412696824173
2022-09-16,2022-11-18,0.02273968882390768,0.15422807331732763,0.04368905196218263,0.0188887552553574,-0.03203635960536522,0.17736392861101874,2.0623171855738023
2022-09-19,2022-11-21,0.022737272408233495,0.1542116843888489,0.04368905196218263,0.018864892570492283,-0.033075221238938135,0.17699115044247787,2.0607649487297306
2022-09-20,2022-11-22,0.022720208218562,0.1540959494236022,0.04368905196218263,0.01876051063019634,-0.02318065307032202,0.17831271592555442,2.0608783479908266
2022-09-21,2022-11-23,0.023328757956700783,0.15822333455880389,0.04368905196218263,0.01939548034810168,-0.05069694244604306,0.1798561151079137,2.1118876781726335
2022-09-22,2022-11-24,0.023349585545107517,0.15836459413613108,0.04368905196218263,0.019463559289190205,-0.04778424350940014,0.17905102954341987,2.110944050089604
2022-09-23,2022-11-25,0.022553023564436264,0.15296204793120677,0.04305300649928967,0.018821564785335792,-0.019873743277998623,0.18704699555763385,2.1181534205631762
2022-09-26,2022-11-28,0.02238208839395478,0.15180270919927957,0.04305300649928967,0.018694761032957592,-0.014264990328820004,0.20768858800773685,2.0698666203615543
2022-09-27,2022-11-29,0.023014784812217325,0.1560938650870776,0.04305300649928967,0.01915833568571911,0.006514272178135716,0.20348217458249426,2.090148736126317
2022-09-28,2022-11-30,0.02238854345975409,0.1518464895855933,0.04305300649928967,0.01868561153675394,-0.014670760832480423,0.19538269077675413,2.089272288537848
2022-09-29,2022-12-01,0.022401868887929378,0.15193686703664452,0.04305300649928967,0.018724968594455986,-0.0022867596615594454,0.196432654927967,2.0266008165312726
2022-09-30,2022-12-02,0.022373464283065785,0.15174421763341936,0.04305300649928967,0.018694878952289547,-0.000934907093607551,0.20077129835222618,2.042159449551212
2022-10-03,2022-12-05,0.02210010866190212,0.1498902296079452,0.04305300649928967,0.0185432129779321,-0.06446523160148765,0.1936210977121604,2.0110817984358573
2022-10-04,2022-12-06,0.02218389180104589,0.15045847450464034,0.04305300649928967,0.018695705536787243,-0.13121185701830873,0.2070619006102877,2.108806586055561
2022-10-05,2022-12-07,0.022193812041856095,0.1505257568513272,0.04305300649928967,0.018868620078176003,-0.17485872694317095,0.2274229662010875,2.2236471216762643
2022-10-06,2022-12-08,0.022080971815181615,0.14976043719865023,0.04305300649928967,0.018856618544662484,-0.193952802359882,0.23398651495996622,2.2961787727704794
2022-10-07,2022-12-09,0.02123366247498246,0.14401370565563543,0.04305300649928967,0.018135045170360846,-0.21970543423057398,0.22559674961909593,2.5336680747571267
2022-10-10,2022-12-12,0.021258040163202267,0.1441790431813679,0.04305300649928967,0.017935677803633386,-0.18788383470386172,0.23118559383782653,2.4695594572804844
2022-10-11,2022-12-13,0.021652448680865858,0.14685405189631767,0.04305300649928967,0.018071654558690527,-0.14305511139537364,0.23675514337490666,1.955528395178098
2022-10-12,2022-12-14,0.022141033028643953,0.15016779216753876,0.04305300649928967,0.018412700387205442,-0.10323558056487381,0.24034195433394648,1.9613161064869733
2022-10-13,2022-12-15,0.0218359785476128,0.14809881201435446,0.04305300649928967,0.01819521544043449,-0.1375013200971591,0.23455486323793426,1.9584321590852036
2022-10-14,2022-12-16,0.021552672523394063,0.14617733707189567,0.04305300649928967,0.01796484606876267,-0.12851361697473473,0.2429180794050092,1.951547323669539
2022-10-17,2022-12-19,0.021606406410315117,0.1465417780242702,0.04305300649928967,0.01806737190422196,-0.12448358338769305,0.24146553598608386,1.8955760854294867
2022-10-18,2022-12-20,0.021163896685785222,0.1435405310517666,0.04305300649928967,0.017410168926197914,-0.09820426487093159,0.24927048260381587,1.894026651481373
2022-10-19,2022-12-21,0.021438631546019764,0.14540387353174505,0.04305300649928967,0.017639856890115435,-0.08883500495977081,0.2447922407142069,1.8772406901342342
2022-10-20,2022-12-22,0.021436027762782646,0.1453862138146264,0.04305300649928967,0.017708652732401377,-0.09285163564269194,0.24463046591034246,1.8623541670365127
2022-10-21,2022-12-23,0.021817992374936597,0.14797682385613095,0.04305300649928967,0.018177091956166045,-0.07352618891080442,0.2433705895244356,1.8901184687968529
2022-10-24,2022-12-27,0.021848889989192703,0.1481863816717072,0.04305300649928967,0.018280906700354985,-0.06918788938681819,0.24275877145043168,1.8909877796032153
2022-10-25,2022-12-28,0.021958396937775067,0.14892909393243792,0.04305300649928967,0.018615016946484247,-0.08307793345008763,0.2431042031523642,1.9017589112507773
2022-10-26,2022-12-29,0.021419682730879637,0.14527535641467548,0.04305300649928967,0.017962755915950184,-0.11108751062022082,0.23587510620220895,1.901690323621731
2022-10-27,2022-12-30,0.021826686874772593,0.1480357928230569,0.04305300649928967,0.01842846160466026,-0.09226221893803455,0.23445582180935282,1.8867944981531166
2022-10-28,2023-01-03,0.022594887536470747,0.15324598320394897,0.04305300649928967,0.019218767133898855,-0.12397747795601832,0.23595028152554973,1.955458914223818
2022-10-31,2023-01-04,0.0237868523901733,0.16133028217004733,0.05432327043311364,0.020121694971069956,-0.1588583737210555,0.23920301561658583,2.056512983711485
2022-11-01,2023-01-05,0.023597576986110366,0.16004655392200312,0.05432327043311364,0.019887695810299984,-0.16766909359501958,0.23435686398649355,2.0510617610949913
2022-11-02,2023-01-06,0.02352887182084384,0.1595805728196204,0.05432327043311364,0.019791546136900665,-0.17713567839195987,0.2325167504187604,2.0318512655254546
2022-11-03,2023-01-09,0.02368522425999594,0.16064100665561645,0.05432327043311364,0.019903784115436182,-0.15609137055837563,0.23487732656514376,2.0365401179878373
2022-11-04,2023-01-10,0.022612035797478593,0.15336228836874094,0.05432327043311364,0.018997232568420678,-0.19347649918962717,0.22497974068071308,2.031788674392912
2022-11-07,2023-01-11,0.023567872141254404,0.15984508586209245,0.05432327043311364,0.01971847128245582,-0.15337485959358732,0.2187276626161544,1.99681322198103
2022-11-08,2023-01-12,0.02332756238213401,0.1582152257775726,0.05432327043311364,0.019297717761801,-0.11814834297738042,0.20252498684902684,1.9979233784324557
2022-11-09,2023-01-13,0.023240064212771167,0.1576217843200344,0.05432327043311364,0.019108981835616805,-0.07613279982697085,0.20817562452687358,1.9666557356610985
2022-11-10,2023-01-16,0.02323927883021267,0.1576164575963597,0.05432327043311364,0.019196781596141153,-0.09685022498392981,0.2062352689093636,1.9366954149878046
2022-11-11,2023-01-17,0.023355742314627483,0.15840635137864553,0.05432327043311364,0.019287651802235215,-0.09314954051796154,0.2010233918128655,1.968397052558691
2022-11-14,2023-01-18,0.023042218186609904,0.1562799272847587,0.05432327043311364,0.019012174924164883,-0.08183783783783771,0.17427027027027017,1.9561647258813897
2022-11-15,2023-01-19,0.023236805684312443,0.15759968390476795,0.05432327043311364,0.019395716437035387,-0.06585339522832767,0.17402569361977752,1.9108107771537606
2022-11-16,2023-01-20,0.023270476658334757,0.1578280515614405,0.05432327043311364,0.01940166982709729,-0.04133406232914161,0.16336796063422632,1.9180934827832696
2022-11-17,2023-01-23,0.022999667849199143,0.1559913368555456,0.05432327043311364,0.018949244315229794,-0.012668161434977732,0.14226457399103137,1.9110968851284926
2022-11-18,2023-01-24,0.022931556004518686,0.15552937984916337,0.05432327043311364,0.018867894766218682,-0.009047182775996254,0.1323866239120475,1.8957303284646976
2022-11-21,2023-01-25,0.022935786128739904,0.15555806994750127,0.05432327043311364,0.018922180738302263,-0.013499599588147726,0.1322503146093123,1.8758771861162191
2022-11-22,2023-01-26,0.023035822354861735,0.15623654864332606,0.05432327043311364,0.019183612680059883,-0.0018254420992585008,0.13188819167142027,1.8850072079207132
2022-11-23,2023-01-27,0.02246172313678887,0.1523428183033017,0.05432327043311364,0.018684642741902218,0.020840734162226093,0.13688573120189446,1.8941006814064418
2022-11-24,2023-01-30,0.02260453729963377,0.15331143108197962,0.05432327043311364,0.01892529464199527,-0.005288518039722634,0.1358561523093194,1.8489438818581996
2022-11-25,2023-01-31,0.022546544919412978,0.15291810762281532,0.05432327043311364,0.018828870735194545,0.020157442748091503,0.13788167938931284,1.8511911558918415
2022-11-28,2023-02-01,0.022589001169996275,0.1532060599241175,0.05432327043311364,0.01886192473982695,0.01864115771400532,0.14177090998283035,1.8776500113752268
2022-11-29,2023-02-02,0.021792259935296085,0.14780229795921815,0.05432327043311364,0.018201991060908435,-0.03389032713579676,0.13603200753118366,1.852189069135785
2022-11-30,2023-02-03,0.021942656326975306,0.14882233591585797,0.05432327043311364,0.018397952146057887,-0.07871652816251162,0.13342566943674963,1.8128322783879418
2022-12-01,2023-02-06,0.022131904643640687,0.1501058804482336,0.05432327043311364,0.01867507677683963,-0.06715562686225074,0.13247765299106104,1.8112774737616881
2022-12-02,2023-02-07,0.02249957450955254,0.1525995388036992,0.05432327043311364,0.018942179514150535,-0.01637618434904653,0.13522049362498526,1.8519384673785795
2022-12-05,2023-02-08,0.022124941386932887,0.1500586533434841,0.05432327043311364,0.01853241377003141,0.024213950126490635,0.139260330080713,1.8385787280207595
2022-12-06,2023-02-09,0.021326021142896737,0.14464011261823193,0.05432327043311364,0.017880796197578035,0.05469141996989468,0.14500752634219755,1.8071735077065847
2022-12-07,2023-02-10,0.021182316561743762,0.14366546072876565,0.05432327043311364,0.01785732847433217,0.11797389843649042,0.14937330404445004,1.7776376605410655
2022-12-08,2023-02-13,0.021144888896321906,0.1434116139513766,0.05432327043311364,0.017794075140054755,0.12116063259704601,0.1510913606064565,1.747535531765408
2022-12-09,2023-02-14,0.021182577228671135,0.14366722865788278,0.05432327043311364,0.017841946056746088,0.10973704764384284,0.14644623795886488,1.7444632910763822
2022-12-12,2023-02-15,0.02109051480509286,0.1430428309221287,0.05432327043311364,0.01750531634770513,0.09305306331709828,0.12881312483978463,1.7438700091164054
2022-12-13,2023-02-16,0.020727596901467034,0.14058140194295426,0.05432327043311364,0.01705240373474446,0.050752581166811694,0.12402040054733174,1.738977085630465
2022-12-14,2023-02-17,0.020474122349142847,0.13886225388676668,0.05432327043311364,0.01682096053090245,-0.0008446965126102102,0.12030891758175453,1.7212097616148532
2022-12-15,2023-02-20,0.020390010970061007,0.1382917827584979,0.05432327043311364,0.016681236649211967,0.022284804701848904,0.1220766499326558,1.6849951619076455
2022-12-16,2023-02-21,0.020132396692191187,0.13654455771762025,0.05432327043311364,0.016408912489952274,0.034889558232931606,0.1251255020080321,1.682547886778961
2022-12-19,2023-02-22,0.020467018917571623,0.1388140760698381,0.05432327043311364,0.01676020156878055,-0.0027319011548491146,0.12380479324475349,1.6868216833157994
2022-12-20,2023-02-23,0.02074109825006938,0.1406729725443926,0.05432327043311364,0.017219277838087074,0.022650902302427056,0.12408214063472309,1.704367790477569
2022-12-21,2023-02-24,0.02034558034745548,0.1379904396146315,0.05432327043311364,0.016769873056940686,0.002177331559211293,0.12059997580742711,1.707107902654178
2022-12-22,2023-02-27,0.020387856056762764,0.1382771674254242,0.05432327043311364,0.016899298829241495,-0.0036425449247207142,0.12105390966488586,1.676536932774378
2022-12-23,2023-02-28,0.020095106204580392,0.13629164132541222,0.05432327043311364,0.01659865774848359,-0.01703134240094617,0.1179183914843288,1.6830491222261115
2022-12-27,2023-03-01,0.02020623512413506,0.13704535432850012,0.05432327043311364,0.016789079802612124,-0.008572099577266235,0.1170737435415688,1.6632106196201937
2022-12-28,2023-03-02,0.020057581354483208,0.13603713540948578,0.05432327043311364,0.016444437309942585,0.006923719708726184,0.11901635430344991,1.6608189441409285
2022-12-29,2023-03-03,0.020255653680141386,0.1373805272826246,0.05432327043311364,0.01685635990085908,0.027479091995221028,0.119115890083632,1.665983845633877
2022-12-30,2023-03-06,0.019865716777237852,0.13473584653453496,0.05432327043311364,0.016321042717094322,0.0030236073962088827,0.11594371438539365,1.6663596093959085
2023-01-03,2023-03-07,0.019665634046739624,0.13337881943237126,0.05432327043311364,0.016221673245083352,0.007518796992481258,0.12090710647586708,1.697411712502046
2023-01-04,2023-03-08,0.017908283509151628,0.12145988819042687,0.040490364555956164,0.015164785253344398,0.05659411011523696,0.12765685019206147,1.617756094906984
2023-01-05,2023-03-09,0.017958291668158165,0.12179906002665782,0.040490364555956164,0.015203987232190103,0.03397565922920909,0.12005578093306288,1.491280453605004
2023-01-06,2023-03-10,0.017963410882568753,0.1218337802280448,0.040490364555956164,0.015260781242158246,0.044020356234096836,0.12048346055979643,1.4886658748545694
2023-01-09,2023-03-13,0.018170518444783536,0.1232384520569861,0.040490364555956164,0.015433567178179779,0.005012531328320913,0.1058897243107768,1.5131524823303852
2023-01-10,2023-03-14,0.019057856263082623,0.12925666994719695,0.040490364555956164,0.016247864405041897,-0.031147952775684495,0.13727706606380297,1.5690387530891807
2023-01-11,2023-03-15,0.019062069300370438,0.12928524415631412,0.043856799709007625,0.01632267407510971,-0.10951634302255453,0.17175250271378598,1.6429711950688868
2023-01-12,2023-03-16,0.018996468995265074,0.12884032124009584,0.043856799709007625,0.01620914819308886,-0.11405392507754697,0.16988785492722497,1.5710083995015265
2023-01-13,2023-03-17,0.018955243052680943,0.1285607132936249,0.043856799709007625,0.016313245486326233,-0.1511178742830389,0.18202036755238202,1.5861534001147723
2023-01-16,2023-03-20,0.019077485810940403,0.12938980401818798,0.043856799709007625,0.01633376885729851,-0.12740213523131672,0.18446026097271645,1.575768273628427
2023-01-17,2023-03-21,0.018668482033225332,0.12661580543337955,0.043856799709007625,0.01603962640864442,-0.13887609396591438,0.17906494702901884,1.5772265145694417
2023-01-18,2023-03-22,0.018535055455583625,0.12571086235529438,0.043856799709007625,0.015749510842636337,-0.11138584716825628,0.18309195808312723,1.5354938307749155
2023-01-19,2023-03-23,0.018255875570526443,0.1238173722501856,0.043856799709007625,0.015429184693104423,-0.13151508147463298,0.17970646018721828,1.5101857069795146
2023-01-20,2023-03-24,0.01809959090833008,0.1227573980998686,0.043856799709007625,0.015298584220520288,-0.1489677198585605,0.17736968176114973,1.4937696696903966
2023-01-23,2023-03-27,0.019243949485384375,0.13051881558847053,0.043856799709007625,0.01611637147500666,-0.11706597025093668,0.17656409674122855,1.5706305850780473
2023-01-24,2023-03-28,0.01918003787414895,0.13008534595131865,0.043856799709007625,0.0159121727753018,-0.09372471975037555,0.1730035825725182,1.5405313877106628
2023-01-25,2023-03-29,0.019227530851582974,0.13040745899615733,0.043856799709007625,0.016088639641499657,-0.10089296068653608,0.17360547373303953,1.5461101260062724
2023-01-26,2023-03-30,0.019202967764160365,0.13024086403185284,0.043856799709007625,0.016059558522864163,-0.10206880786375583,0.17110526917361985,1.5482521702257348
2023-01-27,2023-03-31,0.019325320076625515,0.13107069778918992,0.043856799709007625,0.01611623111609478,-0.07284537756640741,0.16239415381046282,1.5441699613595712
2023-01-30,2023-04-03,0.021116360349232137,0.1432181239310747,0.05890841428656327,0.017016880053310753,0.0016540642722118193,0.16540642722117202,1.743442995414783
2023-01-31,2023-04-04,0.021075434388340156,0.14294055055942878,0.05890841428656327,0.01690989165175236,-0.0031567870922483143,0.16368525663509878,1.6867179347194803
2023-02-01,2023-04-05,0.02062298636832084,0.1398718987874461,0.05890841428656327,0.01635795751044689,0.02191187093667213,0.16855285335901757,1.6825388425001488
2023-02-02,2023-04-06,0.020542062424807345,0.1393230458990018,0.05890841428656327,0.0161153221512285,0.03459196102314266,0.17052375152253352,1.6426767656851242
2023-02-03,2023-04-10,0.0201164917837563,0.13643668538026346,0.05890841428656327,0.015654893842622856,0.05625156602355319,0.17539463793535456,1.6392011575101482
2023-02-06,2023-04-11,0.0200408484925907,0.13592364761856873,0.05890841428656327,0.015561943740274163,0.05184275184275178,0.17199017199017197,1.6159450055214029
2023-02-07,2023-04-12,0.019658476111513216,0.13333027195366792,0.05890841428656327,0.015253433226763388,0.03734094422642409,0.174931620882388,1.6165885981449253
2023-02-08,2023-04-13,0.019667671303086384,0.1333926367771752,0.05890841428656327,0.015244632629601691,0.015172900494001551,0.17301811338508596,1.5730391520598093
2023-02-09,2023-04-14,0.019597091931589247,0.13291394418968003,0.05890841428656327,0.015079808480902448,0.03032825880114176,0.1749524262607042,1.5677614891802014
2023-02-10,2023-04-17,0.01938829981770208,0.13149784717542298,0.05890841428656327,0.01491069842681896,-0.019533055940822885,0.17001849283402692,1.5840145750317591
2023-02-13,2023-04-18,0.019349611629102426,0.13123545111389073,0.05890841428656327,0.014730291719392708,-0.010608533457682423,0.17148519468407564,1.5426311514957871
2023-02-14,2023-04-19,0.019639954888257486,0.13320465490585642,0.05890841428656327,0.015119827998177253,-0.027800586510263958,0.17255131964809395,1.5664915104059502
2023-02-15,2023-04-20,0.02006064697173114,0.13605792743726322,0.05890841428656327,0.015742932128109642,-0.05534709193245779,0.1724906191369607,1.601498618821433
2023-02-16,2023-04-21,0.020115666391386563,0.13643108729684636,0.05890841428656327,0.015799552801502345,-0.034686871078489334,0.17414466674559026,1.6079976746684468
2023-02-17,2023-04-24,0.019959763565177514,0.13537370288419476,0.05890841428656327,0.015567375330091128,-0.005797101449275366,0.17765700483091798,1.6076752051385852
2023-02-20,2023-04-25,0.020153748928914188,0.13668937563295344,0.05890841428656327,0.015852189534502605,-0.03461492394298715,0.17618876512157156,1.608820794192469
2023-02-21,2023-04-26,0.020723699724401735,0.14055497000209474,0.05890841428656327,0.016362049121193305,-0.05651224836284252,0.17838952219257834,1.6578266285817655
2023-02-22,2023-04-27,0.020402621022081905,0.13837730829240802,0.05890841428656327,0.01592015348786258,-0.024903498941601265,0.18316523471547763,1.65256783061471
2023-02-23,2023-04-28,0.020447541028133457,0.1386819705962936,0.05890841428656327,0.01595792971748922,-0.023244493124011112,0.1790191067299502,1.647165549611237
2023-02-24,2023-05-01,0.020458528594506788,0.13875649189714903,0.05890841428656327,0.01601418582096045,-0.041641520820760225,0.1775497887748945,1.6291175258536383
2023-02-27,2023-05-02,0.021871249049834486,0.14833802819909248,0.05890841428656327,0.01700012412812552,-0.08323178162320255,0.1792590787228858,1.7383875587301665
2023-02-28,2023-05-03,0.02264718644988568,0.15360069169248794,0.05890841428656327,0.017714397886835972,-0.13452051498014672,0.18409337023222233,1.8014336078463349
2023-03-01,2023-05-04,0.02253645856374726,0.15284969863036327,0.05890841428656327,0.01755188572814748,-0.1408267203600616,0.1812152078645031,1.7970210857440425
2023-03-02,2023-05-05,0.023356804476822136,0.15841355531314527,0.05890841428656327,0.018381290268396168,-0.10646117368109054,0.18138707765263778,1.8345334675274425
2023-03-03,2023-05-08,0.023297506150400812,0.15801137449590877,0.05890841428656327,0.018313419410881063,-0.10918604651162789,0.177906976744186,1.8435834670553977
2023-03-06,2023-05-09,0.023343472378521204,0.15832313262310088,0.05890841428656327,0.018442415271271547,-0.10399999999999998,0.17739130434782605,1.8301294798574987
2023-03-07,2023-05-10,0.022764735681858297,0.15439794937298917,0.05890841428656327,0.017809584450809386,-0.07811747713047656,0.18415984593163212,1.8325843002141278
2023-03-08,2023-05-11,0.022840187458069632,0.15490968821706738,0.05890841428656327,0.017998431900833875,-0.08591856519631591,0.1854095976732913,1.7802143251525253
2023-03-09,2023-05-12,0.02290125986960844,0.1553239014649888,0.05890841428656327,0.01811273358128446,-0.0906081412457087,0.18759195684158897,1.787976145157472
2023-03-10,2023-05-15,0.023073586830549664,0.15649267977908132,0.05890841428656327,0.018389523482996828,-0.07921033390202292,0.1864489398001462,1.7941087165934293
2023-03-13,2023-05-16,0.022895586682615317,0.15528542403874546,0.05890841428656327,0.018119538110128865,-0.06795511221945139,0.1907730673316708,1.7965673791500523
2023-03-14,2023-05-17,0.02256032138715719,0.15301154417305846,0.05890841428656327,0.017850502892561505,-0.004666839512574517,0.1983406792844179,1.8005639213264852
2023-03-15,2023-05-18,0.02164406821235694,0.146797212793477,0.05890841428656327,0.017117439799713998,0.02871461465528924,0.20723283218203978,1.747412372624161
2023-03-16,2023-05-19,0.02164389219211131,0.14679601896608743,0.05890841428656327,0.01709397166771037,0.017910045785079376,0.20603285752760567,1.6787171603185054
2023-03-17,2023-05-22,0.021338619229466473,0.14472555699850387,0.05890841428656327,0.016631663843306888,0.045366795366795554,0.2109762824048538,1.6778331004731901
2023-03-20,2023-05-23,0.021442102994805298,0.14542741804292808,0.05890841428656327,0.016767883502055343,0.05179445350734091,0.2079934747145187,1.6739805463520825
2023-03-21,2023-05-24,0.021372380046268232,0.14495453399855324,0.05890841428656327,0.01665083566544092,0.04626905589729868,0.20460016047071405,1.6718708604174672
2023-03-22,2023-05-25,0.021733047363262304,0.14740069875653547,0.05890841428656327,0.01705133606598317,0.008877699748244261,0.2027295614151318,1.690758769721838
2023-03-23,2023-05-26,0.02180888750689457,0.14791507163661713,0.05890841428656327,0.017255512053035774,0.02687957418496345,0.20359281437125742,1.6945141666181383
2023-03-24,2023-05-29,0.02177855357791353,0.14770933692058302,0.05890841428656327,0.01711542161269505,0.03337354242058699,0.2050663449939686,1.6938886314194839
2023-03-27,2023-05-30,0.021822854811552245,0.1480098025057803,0.05890841428656327,0.01714750773180342,-0.050025720164609044,0.19675925925925922,1.7577604328037515
2023-03-28,2023-05-31,0.02202554400155097,0.14938450747636403,0.05890841428656327,0.01748939458320483,-0.0802091303238971,0.19510328997704662,1.7145940069578134
2023-03-29,2023-06-01,0.02246505785973608,0.152365435494732,0.05890841428656327,0.01790041701335336,-0.04140332774409916,0.19734296401393006,1.7420178205048646
2023-03-30,2023-06-02,0.022764851888951144,0.15439873752783925,0.05890841428656327,0.018220525810054455,-0.027494908350305436,0.19475560081466392,1.7639327355804055
2023-03-31,2023-06-05,0.02261056944496706,0.15335234308213613,0.05890841428656327,0.017894432320773417,-0.04166145377205066,0.19141749030401597,1.7576305690876293
2023-04-03,2023-06-06,0.02074033253740886,0.1406677792284567,0.05394828068095985,0.01672504609926305,-0.10214673271998109,0.18046709129511673,1.747418592990939
2023-04-04,2023-06-07,0.020773810088453484,0.14089483502666825,0.05394828068095985,0.01679722059510981,-0.09922589725545394,0.17945109078114,1.5975497542772503
2023-04-05,2023-06-08,0.020881481117679533,0.14162509547650204,0.05394828068095985,0.017071447290333025,-0.11027332704995285,0.1802544769085768,1.6061918235108288
2023-04-06,2023-06-09,0.020882684304723176,0.14163325588806344,0.05394828068095985,0.017197438102774767,-0.11655286084294791,0.180127148575465,1.6083504917609919
2023-04-10,2023-06-12,0.021578342324844846,0.1463514381359362,0.05394828068095985,0.017917081009858327,-0.14470406831929783,0.18147313485944724,1.6646902048912489
2023-04-11,2023-06-13,0.021914330691735547,0.1486302221106803,0.05394828068095985,0.018206374798537227,-0.13349684653118432,0.17869656622284508,1.6901530674185539
2023-04-12,2023-06-14,0.021676066831432927,0.14701423798705468,0.05394828068095985,0.017972837365972775,-0.1563682219419924,0.17539837211968357,1.6814092174487854
2023-04-13,2023-06-15,0.022127598468035508,0.15007667454431398,0.05394828068095985,0.018344860492992103,-0.12374000695168585,0.1703163017031629,1.691524910173991
2023-04-14,2023-06-16,0.02216854832384982,0.15035440997920804,0.05394828068095985,0.018446967490569816,-0.11970449036130659,0.1696871753434144,1.6886339990088715
2023-04-17,2023-06-19,0.02199878343588751,0.14920300848949938,0.05394828068095985,0.018032883359678203,-0.10314747141341507,0.1525403748673818,1.6881833560008401
2023-04-18,2023-06-20,0.022014441880105737,0.14930920922520974,0.05394828068095985,0.018218974601025693,-0.11146459290679878,0.15246848120655115,1.6701158512276137
2023-04-19,2023-06-21,0.022057841361084556,0.14960355882630447,0.05394828068095985,0.018166929707801285,-0.07046332046332038,0.13211872586872575,1.687308765331709
2023-04-20,2023-06-22,0.022247888859459716,0.15089252367275224,0.05394828068095985,0.018307882951797607,-0.07634061569016892,0.12897219463753706,1.7062500199076283
2023-04-21,2023-06-23,0.02215729446624891,0.15027808260337555,0.05394828068095985,0.018080955192259312,-0.08572479764532759,0.12742212411086565,1.6717375756197892
2023-04-24,2023-06-26,0.022089906241882572,0.14982103342874617,0.05394828068095985,0.017893250466781682,-0.09535957240038861,0.12621477162293473,1.6655231584413193
2023-04-25,2023-06-27,0.022090954958634845,0.14982814617181892,0.05394828068095985,0.017894475219915097,-0.09540942928039697,0.10756823821339935,1.677392515833403
2023-04-26,2023-06-28,0.0216179145640297,0.14661983012025903,0.05394828068095985,0.017387411462681725,-0.05102827763496143,0.10706940874035988,1.6636503865583216
2023-04-27,2023-06-29,0.02162652923587034,0.1466782576673786,0.05394828068095985,0.01741013354165229,-0.05005746392542465,0.10637211084152724,1.6137271198660899
2023-04-28,2023-06-30,0.02135428214828141,0.14483178808240568,0.05394828068095985,0.017101259388558096,-0.06316969847994025,0.10378769000747567,1.6162839827961792
2023-05-01,2023-07-03,0.02130967814996862,0.14452926904728156,0.05394828068095985,0.01692993958576006,-0.055919395465995114,0.09408060453400502,1.59392938035699
2023-05-02,2023-07-04,0.01990562156223488,0.13500649395429046,0.04485666369286534,0.016072342337245,0.011830386813771021,0.08387611325269158,1.5402082016233476
2023-05-03,2023-07-05,0.018717155610825733,0.1269459256981247,0.04279648902863726,0.015194900441712017,0.06395106353399127,0.0877241762824967,1.678632984202376
2023-05-04,2023-07-06,0.018688078764736698,0.12674871693308032,0.04279648902863726,0.01501304843288041,0.05472842569616754,0.08450510063413282,1.7945660732623774
2023-05-05,2023-07-07,0.018101907532037085,0.12277311020629625,0.04279648902863726,0.014639566365943886,0.03715005970545304,0.08133209499800975,1.408813098968805
2023-05-08,2023-07-10,0.017967497182368262,0.12186149486169504,0.04279648902863726,0.014385227595726227,0.015402688944002207,0.08001566375146842,1.3467690806228587
2023-05-09,2023-07-11,0.018157018415065222,0.12314689040065449,0.04279648902863726,0.01463296060413072,0.02678571428571419,0.09368530020703927,1.3539812470604253
2023-05-10,2023-07-12,0.0181579250877196,0.12315303975378317,0.04279648902863726,0.01467043611340384,0.04713409061235141,0.10562736649693176,1.356175889580058
2023-05-11,2023-07-13,0.01812974524363443,0.12296191475232453,0.04279648902863726,0.014699519145907752,0.08100225374519421,0.12501657165583993,1.366710586074081
2023-05-12,2023-07-14,0.018313137974336653,0.12420574476845342,0.04279648902863726,0.014851907434900667,0.07361466900364011,0.127140353242551,1.3849015033254333
2023-05-15,2023-07-17,0.01826252826894866,0.12386249304616329,0.04279648902863726,0.014739928664640682,0.03970354685018518,0.12480148226574916,1.3814225497180672
2023-05-16,2023-07-18,0.018279110055536438,0.12397495619451136,0.04279648902863726,0.014814997972810003,0.06595317725752525,0.12615384615384626,1.3760798131554413
2023-05-17,2023-07-19,0.017884586749127733,0.1212991689444139,0.04279648902863726,0.014292184867729592,0.034383954154727725,0.12281844230268307,1.3714234116103767
2023-05-18,2023-07-20,0.01779862547097402,0.12071615119020418,0.04279648902863726,0.01406743445549939,0.04647794601711652,0.12416063199473346,1.338392936388232
2023-05-19,2023-07-21,0.01789210589561691,0.12135016627709494,0.04279648902863726,0.01429210360055651,0.0672046567006217,0.12475195131631177,1.3442858132949587
2023-05-22,2023-07-24,0.01815401958639316,0.12312655135503771,0.04279648902863726,0.01472330591521496,0.08811502440311303,0.13692125049465764,1.3697794173420457
2023-05-23,2023-07-25,0.01794154882992353,0.12168550457289644,0.04279648902863726,0.014351334999324377,0.07005299211580729,0.13803799922450571,1.3701094846763164
2023-05-24,2023-07-26,0.017888912391788594,0.12132850688032894,0.04279648902863726,0.014148525710810987,0.055981595092024605,0.13650306748466268,1.3508974472710649
2023-05-25,2023-07-27,0.017407337373901058,0.11806230619738621,0.04279648902863726,0.013760723492436634,0.0957446808510638,0.14867349619122677,1.3500861486200257
2023-05-26,2023-07-28,0.017367283770902155,0.11779064944483456,0.04279648902863726,0.013690017883108791,0.09226383309576258,0.15783335493067263,1.320205023603466
2023-05-29,2023-07-31,0.017413230410434025,0.1181022747157554,0.04279648902863726,0.013916301230321844,0.10544747081712069,0.17016861219195856,1.3187444621767104
2023-05-30,2023-08-01,0.01603859153558481,0.10877902025889599,0.03982857376930116,0.013082289065358507,0.15987545688371463,0.1837010965209152,1.3203721478036616
2023-05-31,2023-08-02,0.016172592102986817,0.10968785632494242,0.03982857376930116,0.013157271480064672,0.15596839040621102,0.18813253847220307,1.2773333295513014
2023-06-01,2023-08-03,0.01592738224901909,0.10802476218021934,0.03982857376930116,0.012985484718308528,0.14706673842841766,0.1825888051668462,1.28132065022603
2023-06-02,2023-08-04,0.015536220784852691,0.10537177605356039,0.03982857376930116,0.012605467943717879,0.1276178010471205,0.18376963350785347,1.2470478181968685
2023-06-05,2023-08-07,0.015557051492004882,0.1055130567832484,0.03982857376930116,0.012609364515937947,0.12154046997389045,0.18328981723237608,1.2092676547686079
2023-06-06,2023-08-08,0.015500035463922965,0.1051263552664697,0.03982857376930116,0.01253940587636306,0.13215974776668427,0.18483972674724128,1.2095633419796061
2023-06-07,2023-08-09,0.015585184905007479,0.10570386687378355,0.03982857376930116,0.012682102379349058,0.13945312500000018,0.20052083333333343,1.2233107252185713
2023-06-08,2023-08-10,0.01550143765406122,0.10513586538268643,0.03982857376930116,0.012610297756769666,0.14314088983050843,0.20391949152542382,1.2315463944728737
2023-06-09,2023-08-11,0.015438684083628437,0.10471024996039201,0.03982857376930116,0.012571330319206495,0.15578358208955212,0.205223880597015,1.218428246268262
2023-06-12,2023-08-14,0.014085578438823507,0.09553304097529547,0.034734426080700376,0.011814733118380496,0.19581195395922912,0.2135626126750798,1.2186030847904803
2023-06-13,2023-08-15,0.013819109334753285,0.09372575958118348,0.034734426080700376,0.011481166793034507,0.14678528103517996,0.1967920204879365,1.152004868649134
2023-06-14,2023-08-16,0.014356965861276282,0.09737368002764002,0.034734426080700376,0.01186681817638727,0.12705530642750373,0.19839652126647653,1.1543914263443729
2023-06-15,2023-08-17,0.013884822308584583,0.09417144665387982,0.034734426080700376,0.011414035651646441,0.10432368107893697,0.19304508792807099,1.1541691911236995
2023-06-16,2023-08-18,0.013905268378119453,0.09431011864432323,0.034734426080700376,0.011454707640129267,0.1063467086283767,0.1914503015997903,1.121313282834407
2023-06-19,2023-08-21,0.013903633743280292,0.09429903201144213,0.034734426080700376,0.0114496543653666,0.10659831756046256,0.1919032597266037,1.1177743802831575
2023-06-20,2023-08-22,0.013881342396010635,0.09414784473849089,0.034734426080700376,0.011420002957336115,0.10807585200901748,0.1936082747646202,1.121313282834407
2023-06-21,2023-08-23,0.01369535301396296,0.09288640337608599,0.034734426080700376,0.011171992906430239,0.07359813084112132,0.18951194184839054,1.1239623233666827
2023-06-22,2023-08-24,0.012556101121758341,0.08515962110925442,0.027210953686842624,0.010416231508936662,0.11235049052546708,0.1962101868028492,1.0377777260548888
2023-06-23,2023-08-25,0.012773818704192,0.08663625359644776,0.027210953686842624,0.010781486804690614,0.13078470824949706,0.19584171696847766,1.0591434192821572
2023-06-26,2023-08-28,0.012819300753983421,0.08694472786644211,0.027210953686842624,0.010879219314621378,0.12582247885054398,0.19605210151738967,1.1197107545759521
2023-06-27,2023-08-29,0.012392289175934976,0.08404859443750251,0.027210953686842624,0.010698427057025329,0.164997942669044,0.2002468797147169,1.0660542852643284
2023-06-28,2023-08-30,0.01231610818954862,0.08353190984939027,0.027210953686842624,0.010511154616873285,0.15522145469321424,0.18529053230394157,1.042223793041884
2023-06-29,2023-08-31,0.012487354113738814,0.08469335621551342,0.027210953686842624,0.010738341825945581,0.16709235112246268,0.17636779136980782,1.057695402853484
2023-06-30,2023-09-01,0.012833664720041254,0.08704214902411275,0.027210953686842624,0.011049236821737533,0.1835350445537971,0.18659396196302702,1.1019390024939648
2023-07-03,2023-09-04,0.012804730240396562,0.08684590583527242,0.027210953686842624,0.010983653719595317,0.18729989327641428,0.1872998932764142,1.0956088241941904
2023-07-04,2023-09-05,0.012743086613310148,0.08642781841501565,0.027210953686842624,0.010903038106085162,0.18300052548607448,0.1830005254860745,1.1059729142056438
2023-07-05,2023-09-06,0.012747016567816478,0.08645447266329624,0.027210953686842624,0.010926336640548366,0.18424147393179147,0.18450280935580804,1.0960095604153008
2023-07-06,2023-09-07,0.01288706229005949,0.08740430896427345,0.027210953686842624,0.011134880478642471,0.17317997647366346,0.1845510390798587,1.1018334522611575
2023-07-07,2023-09-08,0.012617590434290619,0.08557666191728383,0.027210953686842624,0.010825607470795902,0.1569655878214149,0.16425738774465892,1.1063816858492417
2023-07-10,2023-09-11,0.01256023889050641,0.08518768482229767,0.027210953686842624,0.010759049266587987,0.16480267386553527,0.16505977632086372,1.0792610193211318
2023-07-11,2023-09-12,0.012434215577173027,0.08433295312570388,0.027210953686842624,0.010646461686749684,0.15891619407687463,0.1688720856962822,1.0960313784781424
2023-07-12,2023-09-13,0.012448512389133677,0.0844299188221277,0.027210953686842624,0.010530837548194592,0.14039900249376536,0.16708229426433904,1.0741579108265722
2023-07-13,2023-09-14,0.01255256151304472,0.08513561431494748,0.027210953686842624,0.010614767320930633,0.1447142506745156,0.1812607309296051,1.1022447451727189
2023-07-14,2023-09-15,0.011899253759647439,0.0807046655508729,0.027210953686842624,0.010095179828761985,0.1725480346603041,0.1859851814642723,1.084402259712496
2023-07-17,2023-09-18,0.011632199739137232,0.07889341706045237,0.027210953686842624,0.009794552223803255,0.18851832993890016,0.18851832993890022,1.0471970870521157
2023-07-18,2023-09-19,0.011555438950286958,0.07837280006070481,0.027210953686842624,0.009520472747673401,0.16967871485943764,0.1750753012048193,1.0355485838748557
2023-07-19,2023-09-20,0.011748000639400786,0.07967881697838276,0.027210953686842624,0.009721334874989239,0.15915386552505661,0.17564845127172,1.0360229139651647
2023-07-20,2023-09-21,0.011743600643477495,0.07964897475410661,0.027210953686842624,0.009747960332571403,0.1605435329642677,0.17476094614997484,1.035653542875013
2023-07-21,2023-09-22,0.011614649527040471,0.0787743857307383,0.027210953686842624,0.0094634355336962,0.14577910003718864,0.1574315110945829,1.0359945861869633
2023-07-24,2023-09-25,0.011298572296366443,0.07663064565215465,0.027210953686842624,0.009076104961277339,0.1150442477876108,0.13189477512425762,1.023182375685315
2023-07-25,2023-09-26,0.01131087145449293,0.07671406260108311,0.027210953686842624,0.009132719841936325,0.1178886338929821,0.12984659983089744,0.9909371936400068
2023-07-26,2023-09-27,0.011589163429267038,0.07860153060565668,0.027210953686842624,0.009538632191845574,0.1431856693294602,0.14318566932946014,1.028823726820862
2023-07-27,2023-09-28,0.011809510744345737,0.0800959988074161,0.027210953686842624,0.00963458891336974,0.11626513244636216,0.14071676854848386,1.0467703954877439
2023-07-28,2023-09-29,0.011912581008192886,0.08079505534827525,0.027210953686842624,0.009651423900881176,0.09277494364693317,0.13928105350575404,1.05075335293096
2023-07-31,2023-10-02,0.012181263305150215,0.0826173473468639,0.027210953686842624,0.009801744626824814,0.061598028863076415,0.13774492549571757,1.0704032153717884
2023-08-01,2023-10-03,0.012194662643351858,0.08270822608010295,0.027210953686842624,0.009836478645775045,0.06325863678804833,0.13702147525676947,1.065321955826134
2023-08-02,2023-10-04,0.014307672645494263,0.09703935717227696,0.05656454359604925,0.010488780643757413,0.032501798992564224,0.14080115135524118,1.2946671554798403
2023-08-03,2023-10-05,0.014331433146281923,0.09720050872918319,0.05656454359604925,0.010494475168567712,-0.01255131964809375,0.13771260997067458,1.2808081687814885
2023-08-04,2023-10-06,0.014248244348367835,0.09663629485083032,0.05656454359604925,0.010326999135871519,-0.019965177016831093,0.13627394080092872,1.2513227783638288
2023-08-07,2023-10-09,0.01569069846685991,0.10641949466796165,0.05656454359604925,0.011248358709383163,0.02723780700733336,0.13665463857525328,1.365806020984136
2023-08-08,2023-10-10,0.015715828891602706,0.10658993750118338,0.05656454359604925,0.011312489303294091,0.017869575307495777,0.13622650266883277,1.3675819663854174
2023-08-09,2023-10-11,0.015992115651952077,0.10846380547984147,0.05656454359604925,0.011531397756424693,-0.022511712947091755,0.13415609644612053,1.4042822706465286
2023-08-10,2023-10-12,0.01592071048413532,0.10797951206920778,0.05656454359604925,0.011415975047994159,-0.0008108421174561897,0.1359898065562378,1.3945694364367356
2023-08-11,2023-10-13,0.0176188145563275,0.11949661423250393,0.05656454359604925,0.01245309975774121,0.04692724547446092,0.13536261962412094,1.5370857519005394
2023-08-14,2023-10-16,0.0176309192052636,0.11957871195591843,0.05656454359604925,0.012481804560932222,0.04557578568943521,0.13614751246665904,1.5388497963258687
2023-08-15,2023-10-17,0.01752655553414886,0.11887088310016791,0.05656454359604925,0.012367537489155533,0.0685237423601317,0.1379877762106254,1.5410555388801006
2023-08-16,2023-10-18,0.017056599970950236,0.11568348939314936,0.05656454359604925,0.01192332282289241,0.10212201591511927,0.14154810706534857,1.5334721896799213
2023-08-17,2023-10-19,0.017041271999957905,0.1155795300359076,0.05656454359604925,0.011821882333899105,0.09710249042145591,0.14056513409961696,1.5010105291754772
2023-08-18,2023-10-20,0.017024564947009938,0.11546621728976894,0.05656454359604925,0.011698958439273505,0.0810714709019793,0.13914898660661382,1.499851441918859
2023-08-21,2023-10-23,0.017323291127788545,0.11749227682240819,0.05656454359604925,0.012101888613913479,0.06164627627984309,0.13944649008195759,1.5187659464183392
2023-08-22,2023-10-24,0.017695509872474913,0.12001678717477579,0.05656454359604925,0.01248114922736245,0.043681187170895086,0.14049784585926292,1.5518740424010753
2023-08-23,2023-10-25,0.0178631636701401,0.12115387055346521,0.05656454359604925,0.012727897416453747,0.07713698464514573,0.14194172409624,1.5736961476782567
2023-08-24,2023-10-26,0.018156806998545088,0.12314545650405105,0.05656454359604925,0.013165364589604957,0.054609157907454575,0.14111393016793533,1.5909895744746256
2023-08-25,2023-10-27,0.0182247957808726,0.12360657886094713,0.05656454359604925,0.013231865996027721,0.057769869513641714,0.1258600237247924,1.6149316851885966
2023-08-28,2023-10-30,0.018761324589255706,0.12724549428485432,0.05656454359604925,0.01376785889567279,0.032562022900763266,0.12655057251908397,1.6444061965130237
2023-08-29,2023-10-31,0.018745477992259927,0.12713801743491934,0.05656454359604925,0.013723404011194774,0.008005651047798601,0.12090887685425002,1.6489667383994802
2023-08-30,2023-11-01,0.01877825820827235,0.12736034367683374,0.05656454359604925,0.013819686632386002,-0.0045726345409778935,0.12041270957908307,1.6444015694893765
2023-08-31,2023-11-02,0.01893091649010136,0.12839572251885503,0.05656454359604925,0.013957338942502067,0.0016125316747293006,0.11829071642478688,1.6714202500190987
2023-09-01,2023-11-03,0.01878538194902559,0.12740865923733646,0.05656454359604925,0.01385528925986705,-0.04225193842004704,0.11540622541858632,1.6756549660408566
2023-09-04,2023-11-06,0.01878501161546469,0.1274061475129226,0.05656454359604925,0.013858007500555332,-0.04258426966292139,0.11539325842696625,1.6448285228452266
2023-09-05,2023-11-07,0.019798499314908714,0.13427995552439045,0.05656454359604925,0.01461116261975873,-0.09594669627984453,0.14480843975569135,1.7376339485433712
2023-09-06,2023-11-08,0.019946052785905416,0.13528071185484558,0.05656454359604925,0.014937448279788273,-0.12048990400529624,0.16263930265916374,1.748779698756422
2023-09-07,2023-11-09,0.019931812700168056,0.1351841308943868,0.05656454359604925,0.014767657661947431,-0.11018270944741537,0.1642156862745099,1.7468468487659332
2023-09-08,2023-11-10,0.020224851995789,0.13717162009531064,0.05656454359604925,0.015103357290864695,-0.09663865546218486,0.1629809818664309,1.7629015114663746
2023-09-11,2023-11-13,0.020328196863766353,0.13787253909199557,0.05656454359604925,0.015331972076186652,-0.08729720781370709,0.1626752014126477,1.766213094632742
2023-09-12,2023-11-14,0.020170800370339827,0.13680502413539009,0.05656454359604925,0.015092176329863911,-0.10428447150935183,0.16028708133971303,1.7667053591606467
2023-09-13,2023-11-15,0.02026408577102035,0.13743771650541342,0.05656454359604925,0.015324539269607694,-0.11360157445877983,0.1611633500984038,1.76588997146038
2023-09-14,2023-11-16,0.020923371827623025,0.1419092120945662,0.05656454359604925,0.015887503488384972,-0.17023784015427468,0.18212984786800943,1.8433151845425704
2023-09-15,2023-11-17,0.021911102041991558,0.14860832434271662,0.05656454359604925,0.01677178875176224,-0.13655349684052698,0.18207132912070256,1.8813374058851329
2023-09-18,2023-11-20,0.02212154725292515,0.15003563320663665,0.05656454359604925,0.017162501192808467,-0.1212380850380208,0.18207132912070256,1.893109932727441
2023-09-19,2023-11-21,0.02214695102137191,0.15020792994705748,0.05656454359604925,0.01721929226913965,-0.11577253218884132,0.18240343347639484,1.8938539037358832
2023-09-20,2023-11-22,0.022129223619974592,0.15008769686103757,0.05656454359604925,0.01717347133936972,-0.11394742559200532,0.18466217684119052,1.8977337743373968
2023-09-21,2023-11-23,0.02212183895173112,0.15003761160419443,0.05656454359604925,0.017252997337101006,-0.12055507372072849,0.18430182133564615,1.8914395254040932
2023-09-22,2023-11-24,0.022149765609851706,0.15022701941489416,0.05656454359604925,0.017474595903132745,-0.13285729741425945,0.1839229687330953,1.896653230894056
2023-09-25,2023-11-27,0.022149034151565012,0.15022205842342493,0.05656454359604925,0.017407769352394343,-0.1302457055881714,0.18482278756251358,1.8965752888000382
2023-09-26,2023-11-28,0.0223211033662228,0.15138908861717126,0.05656454359604925,0.017664196994559442,-0.12015126958400857,0.18368449486763913,1.9071051360635554
2023-09-27,2023-11-29,0.02220957697620873,0.1506326798382691,0.05656454359604925,0.017543075080336798,-0.12493382742191628,0.17998941238750663,1.9137250268157286
2023-09-28,2023-11-30,0.02246330797092933,0.15235356717141083,0.05656454359604925,0.0178574862952159,-0.1372275314077097,0.16836679909803492,1.923243410853472
2023-09-29,2023-12-01,0.0224552653488373,0.15229901945445312,0.05656454359604925,0.017832325998867627,-0.13625013570730649,0.15915752904136354,1.941899003329068
2023-10-02,2023-12-04,0.02244659041799879,0.15224018321092556,0.05656454359604925,0.017818706515361556,-0.13572060123784258,0.15671971706454457,1.9942455258546516
2023-10-03,2023-12-05,0.022464870680653153,0.15236416598442562,0.05656454359604925,0.018010601031795644,-0.15477497255762895,0.16059275521405045,1.9751714289937057
2023-10-04,2023-12-06,0.021575982526022806,0.14633543320163134,0.05129329438755048,0.017552804182309634,-0.13718201881751657,0.20153327912649546,2.1890304584052918
2023-10-05,2023-12-07,0.02140398443601921,0.1451688853987597,0.05129329438755048,0.017137838328207235,-0.11427892611071522,0.20610596341173668,2.3426058511651155
2023-10-06,2023-12-08,0.021539130082803597,0.14608548777103428,0.05129329438755048,0.017394457095274908,-0.1039914722255123,0.20549567689209988,2.32422029936923
2023-10-09,2023-12-11,0.020405263567952203,0.1383952309104959,0.05129329438755048,0.01654581964889574,-0.13756373937677058,0.1966005665722379,1.8505298888602726
2023-10-10,2023-12-12,0.021011898660673364,0.1425096302886746,0.05129329438755048,0.017241874472097463,-0.16415868673050626,0.2087323301413589,1.7538460841694516
2023-10-11,2023-12-13,0.020998992586862514,0.14242209703730288,0.05129329438755048,0.017073192784777085,-0.12765957446808507,0.21405190554126727,1.7625574304550111
2023-10-12,2023-12-14,0.021486270260447294,0.14572697501296444,0.05129329438755048,0.01754708672137918,-0.10885694412242064,0.21226524460932067,1.7644687585786263
2023-10-13,2023-12-15,0.01992130525591395,0.13511286594017619,0.045680412136738034,0.016482271881319545,-0.15055066079295154,0.20165198237885465,1.7616895299683193
2023-10-16,2023-12-18,0.0200728415561344,0.1361406351326932,0.045680412136738034,0.016625563760056753,-0.13287488908606915,0.2030834072759539,1.636899242603155
2023-10-17,2023-12-19,0.0201892859393953,0.13693039936465012,0.045680412136738034,0.016782773070500467,-0.12671873281267187,0.20140798592014084,1.6438865664875606
2023-10-18,2023-12-20,0.020148620756214486,0.1366545946734936,0.045680412136738034,0.016733783527921795,-0.1343397877693907,0.20030631221966966,1.6406109678488947
2023-10-19,2023-12-21,0.02013641451343283,0.13657180790709428,0.045680412136738034,0.01668317319448292,-0.13652733820801033,0.1998253846993343,1.6389544652400918
2023-10-20,2023-12-22,0.02013546850542917,0.1365653917686468,0.045680412136738034,0.016645773670536334,-0.1350729086722946,0.19614077403793445,1.6389843090211058
2023-10-23,2023-12-26,0.02030210477509001,0.13769557393664367,0.045680412136738034,0.016682945460076298,-0.09778473931528298,0.17968225553815176,1.6580141343080335
2023-10-24,2023-12-27,0.02014135590118519,0.13660532202940537,0.045680412136738034,0.016506337459218944,-0.09058594197913072,0.18174521270496513,1.6476234531828748
2023-10-25,2023-12-28,0.020062423670848307,0.13606997759695658,0.045680412136738034,0.01655114399394727,-0.13031765630261527,0.17790997867325187,1.6386268111095208
2023-10-26,2023-12-29,0.01989533652734264,0.13493673745376336,0.045680412136738034,0.016212584194110282,-0.11696643372665838,0.18157864589300043,1.6160882724491958
2023-10-27,2024-01-02,0.019620061122035168,0.1330697288187295,0.045680412136738034,0.01604093029469712,-0.1472468318941348,0.17775036447235626,1.6015054059282443
2023-10-30,2024-01-03,0.01986637107240407,0.1347402841802586,0.045680412136738034,0.016073889378892925,-0.09391244079935313,0.15756035578144856,1.61654018629697
2023-10-31,2024-01-04,0.019848227847429442,0.1346172308415226,0.045680412136738034,0.016027881409852618,-0.09203457136183146,0.15930857276337304,1.5738163253972666
2023-11-01,2024-01-05,0.019979812743071323,0.13550968302456093,0.045680412136738034,0.016169359077147134,-0.07067137809187274,0.16065959952885747,1.5768736267636059
2023-11-02,2024-01-08,0.020152349371003395,0.13667988336937195,0.045680412136738034,0.016389968014481116,-0.12293008279668816,0.156853725850966,1.6203790485159837
2023-11-03,2024-01-09,0.020168304874302042,0.13678809885779022,0.045680412136738034,0.016296067154946976,-0.09081309398099269,0.1397395283350934,1.6017904384455706
2023-11-06,2024-01-10,0.02019304170565874,0.13695587221078828,0.045680412136738034,0.016495400921810652,-0.09893205022884632,0.1395376129562258,1.5848117430375024
2023-11-07,2024-01-11,0.01941294291772896,0.13166498481161246,0.045680412136738034,0.015968266331376827,-0.035990664537525974,0.11521926053310416,1.6045079158963085
2023-11-08,2024-01-12,0.01917209222890171,0.130031455963323,0.045680412136738034,0.01554466077335012,-0.017438213524024637,0.11767657759377757,1.5036918335998186
2023-11-09,2024-01-15,0.019180279185100808,0.1300869826018227,0.045680412136738034,0.015590709953954349,-0.015400025040691157,0.11744084136722185,1.4834045740912305
2023-11-10,2024-01-16,0.018906719146093542,0.1282316081470788,0.045680412136738034,0.015297395154522102,-0.046511627906976716,0.11481028151774797,1.4872245817366456
2023-11-13,2024-01-17,0.01880359446847455,0.12753218255406337,0.045680412136738034,0.01510134169701554,-0.06118500604594923,0.11342200725513917,1.4630462562154654
2023-11-14,2024-01-18,0.01888579915608168,0.12808972187157466,0.045680412136738034,0.015254456380602754,-0.047104528347699515,0.11326939419691649,1.4609831412889187
2023-11-15,2024-01-19,0.018757147741462785,0.12721716552483345,0.045680412136738034,0.014977512932998585,-0.0351548044899469,0.11508572838287916,1.460715280413943
2023-11-16,2024-01-22,0.017628630913632863,0.11956319200698115,0.040114190826142065,0.014295125972753788,0.02517753389283417,0.1204648160103294,1.4584990796080033
2023-11-17,2024-01-23,0.016589973480710427,0.1125186745574754,0.03734623930779605,0.01343731013731413,-0.01662118580997274,0.11572810716943702,1.357444049611655
2023-11-20,2024-01-24,0.016408206416087,0.11128587034513526,0.03734623930779605,0.013203014184745149,-0.02693479585618519,0.11371115173674605,1.2771129125117913
2023-11-21,2024-01-25,0.01681519613587334,0.11404620892446592,0.03734623930779605,0.013655536815877821,-0.006916636330542292,0.11321441572624698,1.293645842268043
2023-11-22,2024-01-26,0.016877285561757164,0.11446731989927279,0.03734623930779605,0.01374598524962712,0.017776143189898175,0.11891626823587108,1.3042130727494021
2023-11-23,2024-01-29,0.016960385176594917,0.11503092890857305,0.03734623930779605,0.0138977694249832,0.010848126232741562,0.11957593688362922,1.3070003825554155
2023-11-24,2024-01-30,0.01687351988807695,0.11444177985776481,0.03734623930779605,0.01374667031995147,0.028446662507797926,0.1210230817217717,1.3068540053519178
2023-11-27,2024-01-31,0.017178613825629827,0.11651102761809945,0.03734623930779605,0.014179149255130152,0.008624999999999883,0.12125000000000004,1.3240960821566585
2023-11-28,2024-02-01,0.017316451343508305,0.11744588714840622,0.03734623930779605,0.014306499461539026,-0.03205206926194293,0.11912071718040036,1.3523168525035918
2023-11-29,2024-02-02,0.017273170952857943,0.11715234525721688,0.03734623930779605,0.014302646584812548,-0.060254083484573506,0.11736237144585604,1.3464978729055361
2023-11-30,2024-02-05,0.016803436999115188,0.11396645457865542,0.03734623930779605,0.013749739325710365,-0.030118232731798256,0.12072184194150595,1.3349792377476866
2023-12-01,2024-02-06,0.01682715018557437,0.11412728523417298,0.03734623930779605,0.013768419051532886,-0.009929612870789417,0.12192056309703372,1.2971155290305392
2023-12-04,2024-02-07,0.01667401559415445,0.11308867590333202,0.03734623930779605,0.013570688173650708,0.015728900255754574,0.12404092071611256,1.2955349742732611
2023-12-05,2024-02-08,0.017014055321184794,0.11539493753942365,0.03734623930779605,0.013866809361089385,0.06168831168831179,0.12597402597402602,1.324843715147269
2023-12-06,2024-02-09,0.016058743661296903,0.10891569862533683,0.03734623930779605,0.013097497714816386,0.10204631125471186,0.1305869682283253,1.3130763744799432
2023-12-07,2024-02-12,0.016057137906642347,0.10890480786739769,0.03734623930779605,0.013073530525157981,0.10085836909871237,0.13009656652360518,1.250754554867477
2023-12-08,2024-02-13,0.01596666067240684,0.10829116140885196,0.03734623930779605,0.012907489587471264,0.09266358228684712,0.12822207534699276,1.252994673641478
2023-12-11,2024-02-14,0.016144548498721874,0.10949765534690141,0.03734623930779605,0.01310320145939212,0.07003021941926146,0.12744711601629224,1.2555970344993173
2023-12-12,2024-02-15,0.015074385958008831,0.10223945986020581,0.03390155167568146,0.012468885315176433,0.12056737588652489,0.1322967812329515,1.2582501652139255
2023-12-13,2024-02-16,0.014928413732600128,0.10124942805911284,0.03390155167568146,0.012258809852251152,0.11002412221924418,0.11257035647279538,1.1932026687430988
2023-12-14,2024-02-19,0.01436295269476739,0.09741428470793073,0.03390155167568146,0.011665824931900036,0.07428125406530506,0.09080265383114335,1.178283571095279
2023-12-15,2024-02-20,0.014460677466573,0.098077086357842,0.03390155167568146,0.011812553096737436,0.06002852327239738,0.09049656424218838,1.1370642978263386
2023-12-18,2024-02-21,0.014357056072648124,0.09737429187093208,0.03390155167568146,0.011631344767578303,0.051419800460475784,0.08928114607316436,1.1382681352941788
2023-12-19,2024-02-22,0.014199840923064078,0.09630800684810668,0.03390155167568146,0.01136022187523178,0.03866985766469311,0.08792039299659894,1.1283423778885244
2023-12-20,2024-02-23,0.014548635463791537,0.09867364651963294,0.03390155167568146,0.01175300007656662,0.02047263995956028,0.08820927587514205,1.1423202931638359
2023-12-21,2024-02-26,0.014650626562075835,0.0993653838035384,0.03390155167568146,0.012020980826049289,0.03311425682507574,0.0882204246713851,1.1509702901012047
2023-12-22,2024-02-27,0.014664097205328753,0.09945674615116465,0.03390155167568146,0.01209991044465483,0.04284446697933819,0.08847762707567486,1.1536190690699153
2023-12-26,2024-02-28,0.01434155429390505,0.09726915369217116,0.03390155167568146,0.011726085781268937,0.015004960317460236,0.08655753968253956,1.1547821176007333
2023-12-27,2024-02-29,0.014113177171454506,0.09572022468711495,0.03390155167568146,0.01140262435724536,0.03416971378136413,0.0880090783003403,1.1258658503762682
2023-12-28,2024-03-01,0.013843074743285864,0.09388830089003183,0.03390155167568146,0.011270623682646698,0.07718120805369111,0.09576664945792446,1.1288037145965437
2023-12-29,2024-03-04,0.013872122062668423,0.0940853093952096,0.03390155167568146,0.01132130020805544,0.07472755578619616,0.09626362221069003,1.099887346010055
2024-01-02,2024-03-05,0.013780508763864321,0.0934639577718775,0.03390155167568146,0.011224240856477375,0.07943187795896889,0.09758022093634912,1.1040065374727668
2024-01-03,2024-03-06,0.013117237935065286,0.08896543614278146,0.03390155167568146,0.010757281234205177,0.0569862315145333,0.09166241713411521,1.1001333911216715
2024-01-04,2024-03-07,0.013039874961344016,0.08844073492652797,0.03390155167568146,0.01067836612249098,0.07229225623874469,0.09248777977874965,1.0437807532569114
2024-01-05,2024-03-08,0.013129657401697246,0.08904966906369384,0.03390155167568146,0.010701220745628875,0.03992395437262353,0.09112801013941695,1.0564717737335212
2024-01-08,2024-03-11,0.012047084830329235,0.08170730465399556,0.02878967913232206,0.010055924741047247,0.0810279271010883,0.09427035531663823,1.0442024208227894
2024-01-09,2024-03-12,0.0118627825236517,0.08045730559345736,0.02878967913232206,0.009727545790965193,0.06284681894438005,0.08620467157052514,0.9696222931143582
2024-01-10,2024-03-13,0.012036050743423954,0.08163246783554146,0.02878967913232206,0.009947919016759727,0.09338369367022659,0.09338369367022664,0.9812082170555799
2024-01-11,2024-03-14,0.011798623377278182,0.08002215709131652,0.02878967913232206,0.009771441032047721,0.08473496432212024,0.0954383282364933,0.9909997148246851
2024-01-12,2024-03-15,0.01178478537207757,0.07992830317373777,0.02878967913232206,0.009783443972261746,0.08975995914198154,0.09844228804902955,0.9593260768576704
2024-01-15,2024-03-18,0.011828450304577801,0.08022445315464523,0.02878967913232206,0.009894996326572331,0.09524415055951163,0.10796032553407928,0.9659068728177267
2024-01-16,2024-03-19,0.011705408536884976,0.07938994328444544,0.02878967913232206,0.009782723180549938,0.11052631578947358,0.11386392811296539,0.9663793925962935
2024-01-17,2024-03-20,0.011831151175171405,0.08024277135025278,0.02878967913232206,0.009943423990965348,0.10252447192168979,0.11424523441524993,0.9695292447996285
2024-01-18,2024-03-21,0.01182317439363269,0.0801886701856539,0.02878967913232206,0.009844701645807856,0.08357752579946487,0.11262581220537653,0.9721591836015686
2024-01-19,2024-03-22,0.011806267154694424,0.08007399971207105,0.02878967913232206,0.009796886871261002,0.08591153157760156,0.11301457427767839,0.9641835924760382
2024-01-22,2024-03-25,0.011758161592220956,0.07974773191335213,0.02878967913232206,0.009750090884342828,0.08362720403022661,0.11133501259445848,0.9769184025379964
2024-01-23,2024-03-26,0.011856005706054933,0.08041134298028063,0.02878967913232206,0.009916249404658687,0.07555499495459128,0.11150353178607471,0.9679819886933755
2024-01-24,2024-03-27,0.011839285031409982,0.0802979378472981,0.02878967913232206,0.009871613646176464,0.07339679358717444,0.11072144288577158,0.9698946603492118
2024-01-25,2024-03-28,0.011521170094562378,0.0781403773730366,0.02878967913232206,0.009674237592768182,0.06390518084066454,0.11485826001955023,0.9872590515070538
2024-01-26,2024-04-01,0.011406843777122862,0.07736497856240628,0.02878967913232206,0.009544183716098371,0.05769694049626595,0.1221392435557697,0.9484873540904826
2024-01-29,2024-04-02,0.011434733516463002,0.07755413597775444,0.02878967913232206,0.009635912615181189,0.08865853658536582,0.14146341463414627,0.9569210135047491
2024-01-30,2024-04-03,0.011425574122695006,0.07749201394677452,0.02878967913232206,0.009591759403590085,0.08649763435642366,0.14424360063083827,0.9459961393431654
2024-01-31,2024-04-04,0.011088091535338464,0.07520309567576355,0.02878967913232206,0.009494080304955495,0.12888833808402533,0.16631552856611725,0.9704526061944319
2024-02-01,2024-04-05,0.010399470741198822,0.07053264221666673,0.02878967913232206,0.009029197823442242,0.15275310834813505,0.1702613549860442,0.9365419742676867
2024-02-02,2024-04-08,0.010086626560142458,0.06841082974744188,0.02878967913232206,0.008761358529152542,0.166731041586198,0.172782284022145,0.895736277182558
2024-02-05,2024-04-09,0.010321719841063717,0.07000530995546543,0.02878967913232206,0.008941121355943465,0.14962145515205938,0.16886949826767605,0.8925561728760435
2024-02-06,2024-04-10,0.010339928763530869,0.07012880887627479,0.02878967913232206,0.008964254794423676,0.15081883965976917,0.15640472261013086,0.9053248276051309
2024-02-07,2024-04-11,0.010376790928349873,0.07037882024196963,0.02878967913232206,0.008889423532256437,0.13559108649125018,0.14679592093667373,0.8992641919683677
2024-02-08,2024-04-12,0.00961903050912911,0.06523943903066307,0.020955365175987995,0.008261974605299316,0.10275229357798166,0.1264831804281346,0.8940139090446058
2024-02-09,2024-04-15,0.00961875279224782,0.06523755546313229,0.020955365175987995,0.008296091712256082,0.10444661617395545,0.1263132176887369,0.9010139216219252
2024-02-12,2024-04-16,0.00965566063830084,0.06548787665403025,0.020955365175987995,0.008315242817316616,0.09758771929824572,0.12597465886939577,0.9150386069308287
2024-02-13,2024-04-17,0.010722743893509423,0.07272518741032233,0.03008508122818013,0.008827324007695578,0.05758528913622074,0.12509073312363905,1.0291247864505815
2024-02-14,2024-04-18,0.01070735045275666,0.07262078401556141,0.03008508122818013,0.008816940538853787,0.05807956777996082,0.12696463654223974,0.9600701967089151
2024-02-15,2024-04-19,0.010661287606145306,0.07230837058988113,0.03008508122818013,0.008729390169741436,0.053919182083739026,0.1258519961051607,0.9942289999531421
2024-02-16,2024-04-22,0.01064079854998042,0.07216940704992808,0.03008508122818013,0.008649221476412379,0.04068574188096097,0.12483399734395755,1.035047782975973
2024-02-19,2024-04-23,0.010794969083893952,0.07321504248460427,0.03008508122818013,0.008891815271312834,0.058488738193267054,0.1252119157180916,0.9303038306872137
2024-02-20,2024-04-24,0.010689684477369671,0.07250096754101308,0.03008508122818013,0.008754105542946167,0.06506849315068486,0.12646771037182,0.9235023127957667
2024-02-21,2024-04-25,0.010769611365315582,0.07304305806958653,0.03008508122818013,0.008881003831149023,0.07116788321167866,0.1257907542579076,0.9266571524899969
2024-02-22,2024-04-26,0.010768720194326875,0.07303701385386972,0.03008508122818013,0.008813349168232867,0.06791171477079816,0.12539413048750914,0.9243846366755232
2024-02-23,2024-04-29,0.01034947796653012,0.07019357472209158,0.03008508122818013,0.008545386804384075,0.0808668730650155,0.1280495356037152,0.9307220198646154
2024-02-26,2024-04-30,0.01053806255306318,0.07147261761769001,0.03008508122818013,0.00862359113173731,0.05113775385368258,0.11438708098850023,0.9180875680503991
2024-02-27,2024-05-01,0.011321253002198065,0.07678447368335489,0.03008508122818013,0.00909357625831681,0.01592317977391522,0.11231311535189023,0.9698520729875572
2024-02-28,2024-05-02,0.011292073620887418,0.07658656949060265,0.03008508122818013,0.009011720771916037,0.02260232131948703,0.11288943188759938,0.9668606751840683
2024-02-29,2024-05-03,0.011416416165366728,0.07742990165820275,0.03008508122818013,0.009211224661428794,0.009266032674957403,0.11058278468666188,0.9743637835062922
2024-03-01,2024-05-06,0.011223294204700604,0.07612008479397696,0.03008508122818013,0.009051479458614458,0.0020369039060628147,0.10831536065180933,0.982070793516568
2024-03-04,2024-05-07,0.011228552057710789,0.07615574528809481,0.03008508122818013,0.009059173988674224,0.0016900048285852787,0.10912602607436028,0.9636231448120121
2024-03-05,2024-05-08,0.01122426472860796,0.07612666720737317,0.03008508122818013,0.009064922392142493,0.020589668615984325,0.11013645224171548,0.9663231523577449
2024-03-06,2024-05-09,0.01114373817640286,0.07558050955791482,0.03008508122818013,0.008928707238976189,0.014352912797008788,0.10903389217223504,0.9610365780488412
2024-03-07,2024-05-10,0.011365284149191713,0.0770831074518013,0.03008508122818013,0.009159978011895884,-0.006957773512475951,0.10844529750479855,0.9728789638289389
2024-03-08,2024-05-13,0.011176803759911457,0.07580477125635471,0.03008508122818013,0.008987120307858124,0.017062766605728363,0.1101767215112737,0.9756280028781463
2024-03-11,2024-05-14,0.011221829468166461,0.07611015046746407,0.03008508122818013,0.009055501140916375,0.004123711340206171,0.10588235294117651,0.9612559718817152
2024-03-12,2024-05-15,0.011221826924303397,0.07611013321414534,0.03008508122818013,0.009060737010794502,0.006556580864497397,0.10599805730937353,0.9595821101328204
2024-03-13,2024-05-16,0.010896962757129086,0.07390679723267599,0.03008508122818013,0.008780098059401307,-0.006075044669446195,0.09898749255509234,0.9627880709508282
2024-03-14,2024-05-17,0.010739585691847848,0.07283941404416279,0.03008508122818013,0.008618561876698664,-0.013273816515916748,0.09761541172324684,0.9374537669759456
2024-03-15,2024-05-20,0.010766807744423321,0.07302404298754764,0.03008508122818013,0.008701863290836094,-0.02202694786174575,0.0973637961335677,0.9244763500161214
2024-03-18,2024-05-21,0.010819479123218654,0.07338127765920377,0.03008508122818013,0.008786408077204686,-0.04330662951352593,0.10089399744572156,0.937279829219038
2024-03-19,2024-05-22,0.01088917684356899,0.07385399059769132,0.03008508122818013,0.008935361237029062,-0.0580279736446655,0.11096983007744779,0.9398242203824028
2024-03-20,2024-05-23,0.010803929722896153,0.07327581649517685,0.03008508122818013,0.008771382242021933,-0.0510514018691588,0.11518691588785047,0.9389355675444401
2024-03-21,2024-05-24,0.010849700066632995,0.07358624606984118,0.03008508122818013,0.008797108963098725,-0.03762492651381544,0.1159318048206937,0.9337849580208957
2024-03-22,2024-05-27,0.011007907075618526,0.07465925821042432,0.03008508122818013,0.009030155192954982,-0.024958794443136423,0.11608194019307747,0.9411868086069053
2024-03-25,2024-05-28,0.0111743396241551,0.07578805867453187,0.03008508122818013,0.009145731103059976,-0.01987447698744782,0.11459786145978614,0.9670247962289998
2024-03-26,2024-05-29,0.011224522296451123,0.07612841411747855,0.03008508122818013,0.009203052968302695,-0.022399437082209372,0.11563269614166764,0.9639953093878301
2024-03-27,2024-05-30,0.011452489518458566,0.07767456304246939,0.03008508122818013,0.00947036718975696,-0.043757292882147025,0.11505250875145856,0.9796006284728213
2024-03-28,2024-05-31,0.011198928863672653,0.07595483101097403,0.03008508122818013,0.00927576903963436,-0.06546456873779705,0.11324221890432985,0.9812802196952792
2024-04-01,2024-06-03,0.012474325206694892,0.08460498986862207,0.04037659784108028,0.009984960179849919,-0.11001024940211812,0.1473636260107049,1.07121832305659
2024-04-02,2024-06-04,0.01222938147609768,0.08294370066041404,0.04037659784108028,0.009910463537676844,-0.1359919345804862,0.1563795227960122,1.0762071079167028
2024-04-03,2024-06-05,0.012654352790638847,0.08582599634899477,0.04037659784108028,0.010274889104754003,-0.12170611880303717,0.15587315765966958,1.0783189412833452
2024-04-04,2024-06-06,0.012661438778293585,0.08587405585552554,0.04037659784108028,0.010279391313626469,-0.12152815896366242,0.1532550225052147,1.105563991422674
2024-04-05,2024-06-07,0.012675115980515015,0.08596681915423722,0.04037659784108028,0.010376476714771795,-0.12535769315430334,0.1511116002641427,1.1002944269998625
2024-04-08,2024-06-10,0.013621011138282627,0.0923821922436575,0.04037659784108028,0.011003294722023925,-0.09556389318031355,0.1491944383138381,1.1461447666359408
2024-04-09,2024-06-11,0.01357283144544961,0.09205542166837836,0.04037659784108028,0.010822353454970592,-0.08215202589574733,0.15090969974327503,1.1361366650800109
2024-04-10,2024-06-12,0.013442149893890275,0.09116909626299616,0.04037659784108028,0.010639203646723347,-0.0896856039713183,0.14914506343077782,1.1267527409021167
2024-04-11,2024-06-13,0.013473131671700344,0.09137922490356791,0.04037659784108028,0.010726074565031928,-0.09323725055432364,0.14722838137472286,1.1210398899158793
2024-04-12,2024-06-14,0.013499869378354366,0.0915605688530875,0.04037659784108028,0.010797820171526331,-0.089295618413755,0.14731003882418192,1.120007763948244
2024-04-15,2024-06-17,0.013826570348475538,0.09377636263825644,0.04037659784108028,0.011149453057626378,-0.07477048999004521,0.1468864063709767,1.143062248675821
2024-04-16,2024-06-18,0.013948530820073702,0.09460353880153276,0.04037659784108028,0.01131372986374574,-0.06127206127206142,0.14385614385614393,1.1504441486358357
2024-04-17,2024-06-19,0.013261530971104682,0.08994407912746763,0.04037659784108028,0.010666203828216793,-0.033516357812857556,0.1250285975749257,1.149536768706723
2024-04-18,2024-06-20,0.01311503216103789,0.08895047585545947,0.04037659784108028,0.010427545127097036,-0.015898804688406654,0.12684228849947785,1.0809939065910383
2024-04-19,2024-06-21,0.013130450179866018,0.08905504594683786,0.04037659784108028,0.010482565865928111,-0.02783231320013857,0.1262270470031182,1.0690822964214386
2024-04-22,2024-06-24,0.013245443441532674,0.08983496819329699,0.04037659784108028,0.010647288864200598,-0.011716937354988466,0.1267981438515082,1.0776262157490242
2024-04-23,2024-06-25,0.01318452655396126,0.08942180976024272,0.04037659784108028,0.010610480430760263,-0.03729550394691672,0.12504290126987766,1.0869612608592325
2024-04-24,2024-06-26,0.013195222144066505,0.08949435078170075,0.04037659784108028,0.010613401388428851,-0.029857602204868994,0.12551676619200744,1.0733237689734982
2024-04-25,2024-06-27,0.013197307218499125,0.08950849244454215,0.04037659784108028,0.010615732691311238,-0.029755820556501833,0.12413401476433852,1.0813307019392906
2024-04-26,2024-06-28,0.013228804304553437,0.08972211607566938,0.04037659784108028,0.01076721340423686,-0.0365659777424483,0.12411991823756537,1.075355350772376
2024-04-29,2024-07-01,0.0135534335405517,0.09192385867637946,0.04037659784108028,0.011036044830758216,-0.007332722273143966,0.11629239230064167,1.1076198531673365
2024-04-30,2024-07-02,0.013349738434944042,0.09054233125420078,0.04037659784108028,0.01069731319431566,0.007914338919925434,0.1106843575418995,1.101648961685439
2024-05-01,2024-07-03,0.012693606165503432,0.08609222569027769,0.04037659784108028,0.010203984383901207,0.041756401052883474,0.11892797319932996,1.164816649128503
2024-05-02,2024-07-04,0.012711460934757309,0.08621332262713004,0.04037659784108028,0.010294272059805126,0.045997610513739406,0.12449223416965353,1.1586639607379874
2024-05-03,2024-07-05,0.012653598151940408,0.08582087814032391,0.04037659784108028,0.01022449295870161,0.04928726745590728,0.1258758154143513,1.2231321162953086
2024-05-06,2024-07-08,0.012756644915539744,0.0865197752947477,0.04037659784108028,0.010298841255430504,0.024632308980031103,0.1245964366854,1.0880666939277117
2024-05-07,2024-07-09,0.012753938089809092,0.08650141670943562,0.04037659784108028,0.010294656947844335,0.024825259098578023,0.12557242709086527,1.038783778815607
2024-05-08,2024-07-10,0.012699767646502833,0.08613401488760039,0.04037659784108028,0.010190975664886805,0.02005491225975886,0.12438820580159965,1.036118383365445
2024-05-09,2024-07-11,0.012690810915641913,0.08607326738333158,0.04037659784108028,0.01014517722887814,0.017954815695600645,0.12390011890606424,1.0298205837827314
2024-05-10,2024-07-12,0.012472753298440449,0.08459432866813724,0.04037659784108028,0.009882051125369698,0.030079729403237332,0.1258758154143513,1.0298912986119064
2024-05-13,2024-07-15,0.012445227517528279,0.08440763973894769,0.04037659784108028,0.009804785228946872,0.017136009586578682,0.12486518873576993,1.0129680882565277
2024-05-14,2024-07-16,0.012524282961123645,0.08494381984437381,0.04037659784108028,0.00989964383071088,0.012803478681000069,0.12586061118492572,1.019513950690314
2024-05-15,2024-07-17,0.012732544286902838,0.08635631687853146,0.04037659784108028,0.010222461315044137,0.027623642943304993,0.12569360675512667,1.0339119464652085
2024-05-16,2024-07-18,0.012717770472402037,0.08625611599347754,0.04037659784108028,0.010164427264584198,0.017018216682646248,0.12488015340364336,1.034929109103403
2024-05-17,2024-07-19,0.013323606609568286,0.09036509659144099,0.04037659784108028,0.01062639503992041,-0.017142857142857126,0.12404761904761907,1.0861579675327069
2024-05-20,2024-07-22,0.013302821319934696,0.09022412389835115,0.04037659784108028,0.01056663561659388,-0.014496226189049888,0.12483527015694264,1.0839180139058318
2024-05-21,2024-07-23,0.013223202778595042,0.08968412467821052,0.04037659784108028,0.01046439072694158,-0.00995145631067973,0.12645631067961166,1.0857365762667648
2024-05-22,2024-07-24,0.013241909194147713,0.08981099776129019,0.04037659784108028,0.010486176522353407,-0.010921585470609951,0.12786845011657874,1.0838879293904233
2024-05-23,2024-07-25,0.013321223063460985,0.09034893059521128,0.04037659784108028,0.010640101351086393,0.002339037301489544,0.1282777299027453,1.0823253950959313
2024-05-24,2024-07-26,0.013575552007551839,0.09207387341829526,0.04037659784108028,0.010903821387964837,-0.02443494196701279,0.12730604764813686,1.1061389959046144
2024-05-27,2024-07-29,0.013502251095056183,0.09157672244168553,0.04037659784108028,0.010843299848845776,-0.04455445544554448,0.12581502052644292,1.1074549750392246
2024-05-28,2024-07-30,0.013218593161856713,0.08965286073639542,0.04037659784108028,0.010599611559162283,-0.06830309498399156,0.12356219613423458,1.1012808748077807
2024-05-29,2024-07-31,0.014281776515164794,0.09686372107109649,0.04037659784108028,0.011158870877765452,-0.022192898272552664,0.12500000000000003,1.162392585032755
2024-05-30,2024-08-01,0.014312106442213823,0.09706942864470712,0.04037659784108028,0.01118420264611246,-0.02330689444783396,0.12715070164734596,1.1737453986574626
2024-05-31,2024-08-02,0.01499562940888964,0.10170530695574725,0.04037659784108028,0.011725803287441543,-0.04682315349637456,0.12805702347302447,1.2116777803848109
2024-06-03,2024-08-05,0.013786460655347058,0.0935043254639372,0.036735764918636074,0.010917543659786342,-0.011516314779270731,0.13333333333333336,1.209520206707926
2024-06-04,2024-08-06,0.01382467229564818,0.09376348941765587,0.036735764918636074,0.010955977139274712,-0.01322442629327103,0.14832101646570722,1.1250739106155772
2024-06-05,2024-08-07,0.014309516235351257,0.09705186100704065,0.036735764918636074,0.011220715925154138,-0.0013984235952199109,0.1454360539028731,1.1715801295686097
2024-06-06,2024-08-08,0.01409564820974316,0.09560133748452704,0.036735764918636074,0.010949846349768482,-0.013496625843539056,0.14296425893526615,1.1510939975972199
2024-06-07,2024-08-09,0.014095366268626265,0.09559942526683644,0.036735764918636074,0.01094248343142961,-0.00012583364791751706,0.14395369321756635,1.1360840446559135
2024-06-10,2024-08-12,0.01414977543774588,0.09596844620591334,0.036735764918636074,0.010966960129187747,0.0009760858955589757,0.1395802830649097,1.1729653985037065
2024-06-11,2024-08-13,0.014271947941720164,0.09679706044273162,0.036735764918636074,0.011185612171277786,-0.015322874863188729,0.13912197494831566,1.217758096917733
2024-06-12,2024-08-14,0.01435609188690207,0.09736775244503731,0.036735764918636074,0.011366871329029367,-0.03017450315075132,0.13863305865244788,1.156089736249255
2024-06-13,2024-08-15,0.014304399966544016,0.09701716078370756,0.036735764918636074,0.011191614093293863,-0.020540408362880624,0.13987039980437702,1.155358969249856
2024-06-14,2024-08-16,0.014481725805958905,0.09821984314115402,0.036735764918636074,0.011473939952220364,-0.040194884287454324,0.13934226552984164,1.1664373480631205
2024-06-17,2024-08-19,0.014458823827084688,0.09806451436316252,0.036735764918636074,0.011517043750611923,-0.07722653915122546,0.13676031081888818,1.1894691910771553
2024-06-18,2024-08-20,0.014363123030571448,0.0974154399815618,0.036735764918636074,0.011464797701248256,-0.09506917346576793,0.13527255527965,1.1713574436821441
2024-06-19,2024-08-21,0.01445589545010013,0.09804465314413827,0.036735764918636074,0.011741937998517544,-0.10628476742809789,0.14250207125103553,1.173156277813794
2024-06-20,2024-08-22,0.014600597760681644,0.09902607196382276,0.036735764918636074,0.011941294678688553,-0.09823113207547163,0.1419811320754716,1.18160539282276
2024-06-21,2024-08-23,0.015032453885769691,0.10195506270940373,0.036735764918636074,0.012281043185706365,-0.07080066524115003,0.14302684723212153,1.2085852311151115
2024-06-24,2024-08-26,0.015403684495991377,0.10447287120776415,0.036735764918636074,0.012565977522921223,-0.05880971945063962,0.14133114215283474,1.2392880143891891
2024-06-25,2024-08-27,0.01545826095356201,0.10484302675231823,0.036735764918636074,0.012633745893392355,-0.06167557932263823,0.14307783719548414,1.2433886027269627
2024-06-26,2024-08-28,0.015667757452038255,0.10626390113529341,0.036735764918636074,0.01298446479682764,-0.0835700757575758,0.14251893939393928,1.254614959121793
2024-06-27,2024-08-29,0.015803199338659236,0.10718251270389395,0.036735764918636074,0.013117300383846456,-0.07807561746459091,0.14093409809200505,1.2691438401365411
2024-06-28,2024-08-30,0.016064365484173598,0.10895382768319326,0.036735764918636074,0.01345108915135211,-0.09181989627534193,0.14191419141914183,1.2863412894887123
2024-07-01,2024-09-02,0.015703268292443562,0.1065047473729003,0.036735764918636074,0.013050781487838432,-0.10803324099722988,0.1389658356417358,1.2838444305051666
2024-07-02,2024-09-03,0.017019512213087822,0.11543194798099222,0.047161057102640104,0.01408854304291164,-0.14872979214780602,0.15969976905311778,1.361372389395606
2024-07-03,2024-09-04,0.01701782320175338,0.11542049254877679,0.047161057102640104,0.014253440006144393,-0.1641208223268633,0.1696336281153095,1.3683963956588674
2024-07-04,2024-09-05,0.016975659897454115,0.11513452710584025,0.047161057102640104,0.014155682972923665,-0.1677898343803541,0.16870359794403195,1.3666914985372225
2024-07-05,2024-09-06,0.017114447603458417,0.11607583112556241,0.047161057102640104,0.014407895833442444,-0.17718167165553766,0.17718167165553766,1.380159096059142
2024-07-08,2024-09-09,0.01712475064093384,0.11614570972554922,0.047161057102640104,0.014242919421372818,-0.16081223013187074,0.16594701832185785,1.3779324461260656
2024-07-09,2024-09-10,0.01758093974168961,0.11923973474158005,0.047161057102640104,0.014764189620678608,-0.1802681091251177,0.18697083725305744,1.4050468041097908
2024-07-10,2024-09-11,0.01774846670167829,0.12037595786529309,0.047161057102640104,0.01497696658297135,-0.17238150965476895,0.18607372732592165,1.409662309238267
2024-07-11,2024-09-12,0.017921557907352455,0.12154991953935229,0.047161057102640104,0.015238125701695764,-0.1625978273566172,0.18572596659268784,1.4156086415697535
2024-07-12,2024-09-13,0.01792217418641005,0.12155409934728259,0.047161057102640104,0.015214885069987262,-0.16172159024275823,0.18247918376920375,1.415750684266127
2024-07-15,2024-09-16,0.018079138147217167,0.1226186807249348,0.047161057102640104,0.015384924443045851,-0.14750235626767194,0.18237511781338367,1.4207996829709815
2024-07-16,2024-09-17,0.018130966931831603,0.12297020064481423,0.047161057102640104,0.015324512701559276,-0.12880143112701248,0.18461538461538468,1.4232762266655445
2024-07-17,2024-09-18,0.017964288968661025,0.12183973569767617,0.047161057102640104,0.01526924508180582,-0.15389130179598542,0.18171146848221628,1.42235949103563
2024-07-18,2024-09-19,0.018514863311551773,0.12557391257140357,0.047161057102640104,0.01577619145679147,-0.1276219655903842,0.17852934244638236,1.4376142676701222
2024-07-19,2024-09-20,0.018145207953884922,0.12306678795567681,0.047161057102640104,0.01519561765334863,-0.10453003875968991,0.15564437984496135,1.436866306449108
2024-07-22,2024-09-23,0.018146213137374804,0.12307360544179877,0.047161057102640104,0.015208098379729945,-0.10503282275711157,0.15256503768538793,1.3970232328216607
2024-07-23,2024-09-24,0.018238887853887595,0.12370215595028111,0.047161057102640104,0.015278738443259129,-0.0871537141456239,0.15113998529051254,1.401935773508717
2024-07-24,2024-09-25,0.018340364693558837,0.12439040536257617,0.047161057102640104,0.0154197544219369,-0.09292803970223318,0.15297766749379668,1.4126501459252445
2024-07-25,2024-09-26,0.018720258261670987,0.12696696889997966,0.047161057102640104,0.015880054041404634,-0.1293294030950627,0.15143699336772307,1.4428587263997235
2024-07-26,2024-09-27,0.01874438634814793,0.12713061354432764,0.047161057102640104,0.015786450805185682,-0.0985597996242954,0.1544145272385725,1.446738460784481
2024-07-29,2024-09-30,0.018720155428887476,0.1269662714541088,0.047161057102640104,0.015591339945746815,-0.09010489068621252,0.15581953746998625,1.4281022676813193
2024-07-30,2024-10-01,0.0194316978710003,0.13179218709351678,0.047161057102640104,0.01618307590737186,-0.05218276695939916,0.15693012600229111,1.4699778170464683
2024-07-31,2024-10-02,0.018583840103357528,0.12604173593460755,0.047161057102640104,0.015423350326155142,-0.08403876824929468,0.15126978284873036,1.467924444211298
2024-08-01,2024-10-03,0.01952063166060299,0.13239536540125205,0.047161057102640104,0.015957250428971316,-0.026986506746626837,0.15404797601199416,1.4806410186425876
2024-08-02,2024-10-04,0.018963900630553518,0.1286194318436113,0.047161057102640104,0.015331877757456733,0.007478081485301713,0.1589736977823622,1.4651932651864836
2024-08-05,2024-10-07,0.019739533689176286,0.13388003119301164,0.047161057102640104,0.016080078947562963,0.050355987055016094,0.15961165048543705,1.4861827379009571
2024-08-06,2024-10-08,0.02083718859857773,0.1413246889961697,0.047161057102640104,0.016786864754483523,0.017474707659965727,0.16200236499802934,1.5824849748582692
2024-08-07,2024-10-09,0.020338997047180382,0.1379457894997878,0.047161057102640104,0.016281621852405576,-0.022788033099936267,0.15697008274984103,1.5767240391559256
2024-08-08,2024-10-10,0.020902938571098897,0.1417706270061897,0.047161057102640104,0.01689499411836629,0.004560425639726473,0.15619457816062848,1.580153404770783
2024-08-09,2024-10-11,0.0209015497845161,0.14176120779730902,0.047161057102640104,0.016892468856843038,-0.008431915429146564,0.15517241379310362,1.5808961410211786
2024-08-12,2024-10-14,0.021425972486740455,0.14531801561443686,0.047161057102640104,0.017221683502397132,-0.08349585568015616,0.15029254022428098,1.6658611821700129
2024-08-13,2024-10-15,0.02140073408620665,0.1451468404537703,0.047161057102640104,0.01716765020640888,-0.0812646659256514,0.141163393849574,1.6261310445081127
2024-08-14,2024-10-16,0.021350791627327646,0.14480811421748424,0.047161057102640104,0.016976971353666263,-0.07334749468949153,0.14282144195926536,1.6188153209919478
2024-08-15,2024-10-17,0.021347688147493618,0.1447870653931539,0.047161057102640104,0.017020790062578336,-0.07701909873923363,0.14267881662713777,1.613197607777526
2024-08-16,2024-10-18,0.021331641726384167,0.1446782332701414,0.047161057102640104,0.01699663343454887,-0.07601522842639585,0.1450507614213199,1.6217355169559935
2024-08-19,2024-10-21,0.021233911121997257,0.1440153920617391,0.047161057102640104,0.01680788696536221,-0.0452131105065422,0.14807617567042372,1.615530603373017
2024-08-20,2024-10-22,0.021422552133524165,0.14529481765026514,0.047161057102640104,0.01705889462760239,-0.017640141121128883,0.1493531948255587,1.6128256327759465
2024-08-21,2024-10-23,0.021346362967812067,0.14477807758726666,0.047161057102640104,0.016879273418281705,-0.009667593696199184,0.15137067938021462,1.6109671683157627
2024-08-22,2024-10-24,0.021288432809254583,0.14438517613595503,0.047161057102640104,0.01678054685294174,-0.030077154439649534,0.14947038054138886,1.6064516664131983
2024-08-23,2024-10-25,0.0211719284023743,0.14359500480400467,0.047161057102640104,0.016660904553307584,-0.03528509332651497,0.14612631040654572,1.6114677349762754
2024-08-26,2024-10-28,0.022112998240753617,0.14997765098505955,0.051949137343653334,0.01726535787456671,-0.10651035170865564,0.14255425293090554,1.6874472616557727
2024-08-27,2024-10-29,0.02205078827599937,0.14955572247585766,0.051949137343653334,0.01712404649816806,-0.10081053698074971,0.14475683890577518,1.665193551878397
2024-08-28,2024-10-30,0.022208643870169655,0.15062635120520285,0.051949137343653334,0.017202991333979286,-0.061353655386205075,0.1476362696977526,1.673661048225663
2024-08-29,2024-10-31,0.022243375025254298,0.150861909359682,0.051949137343653334,0.017242698494768158,-0.05967496190959887,0.14512442864398178,1.670804284325887
2024-08-30,2024-11-01,0.022127046399659667,0.15007293023441579,0.051949137343653334,0.017093536230326657,-0.053341985723556085,0.14834523036988978,1.667279742313939
2024-09-02,2024-11-04,0.022610093639567834,0.15334911601291085,0.051949137343653334,0.017705389951151593,-0.026915113871635588,0.1479037267080746,1.681454468736749
2024-09-03,2024-11-05,0.021501547629517857,0.145830591171275,0.051949137343653334,0.016757612822837737,0.024688008681497564,0.15504612045577873,1.681859736694188
2024-09-04,2024-11-06,0.021424389900178246,0.1453072819901451,0.051949137343653334,0.016584506203314125,0.03270129156361623,0.15704863973619135,1.5988365335047747
2024-09-05,2024-11-07,0.021435672589655938,0.14538380491327993,0.051949137343653334,0.016680986316446576,0.037194619818830654,0.15687620093329682,1.5939648405919993
2024-09-06,2024-11-08,0.02150457369387061,0.14585111493826552,0.051949137343653334,0.016749531666000843,0.03400027983769416,0.15992724219952437,1.6128276546110745
2024-09-09,2024-11-11,0.021883549525773,0.14842145408585697,0.051949137343653334,0.017222842940326177,-0.00013906271728536534,0.15894868585732175,1.626704457270695
2024-09-10,2024-11-12,0.021378977927121158,0.1449992830036871,0.051949137343653334,0.016566387751937597,0.029837899870893914,0.1639649978482285,1.6254912300995148
2024-09-11,2024-11-13,0.02128310552319111,0.14434904472395804,0.051949137343653334,0.016320895962644244,0.018523755656108642,0.14734162895927605,1.5931906733781518
2024-09-12,2024-11-14,0.021203273729777868,0.14380759915788477,0.051949137343653334,0.016135092917401242,0.010043241735248953,0.14297670525875297,1.587204953752788
2024-09-13,2024-11-15,0.02146878187168047,0.14560836298947466,0.051949137343653334,0.016575856448731434,-0.009792949076664836,0.14493564633463904,1.5989133538261153
2024-09-16,2024-11-18,0.021807130622507248,0.1479031558669601,0.051949137343653334,0.016935371950822606,0.006357103372028661,0.14317302377003868,1.624487210061123
2024-09-17,2024-11-19,0.021764095028826168,0.1476112742695953,0.051949137343653334,0.016773245519520388,-0.0009582477754961349,0.14182067077344285,1.630832676086453
2024-09-18,2024-11-20,0.021675910344939625,0.1470131766440192,0.051949137343653334,0.016540226047357734,0.009572697003329633,0.1437291897891232,1.6148488958790344
2024-09-19,2024-11-21,0.0214234636760891,0.1453010000327342,0.051949137343653334,0.01627742213425768,-0.002296366337971145,0.13994326624341483,1.620413259151745
2024-09-20,2024-11-22,0.02149225228997657,0.1457675471112008,0.051949137343653334,0.016507610837186205,0.010821046936291046,0.14013255782496956,1.5998532541400807
2024-09-23,2024-11-25,0.021930652834547842,0.148740924269265,0.051949137343653334,0.017072136770383276,-0.014534093996196762,0.1407226297201847,1.6317555230353964
2024-09-24,2024-11-26,0.02185961870054507,0.14825914733239265,0.051949137343653334,0.016866096309349227,-0.027930710353162302,0.1391164227205586,1.6312858358549147
2024-09-25,2024-11-27,0.02169425772932368,0.14713761465923908,0.051949137343653334,0.016459584014951987,-0.009984954178634986,0.14170428122007933,1.6264652257072025
2024-09-26,2024-11-28,0.02120509544233483,0.1438199546135805,0.051949137343653334,0.015869317991010864,0.025391451544646504,0.14614191000141064,1.6147041726636462
2024-09-27,2024-11-29,0.021126238262873877,0.14328511920093778,0.051949137343653334,0.015714419375368598,0.001528202278410662,0.14392886913031397,1.583652904439331
2024-09-30,2024-12-02,0.02112881021888353,0.14330256305529732,0.051949137343653334,0.01575762155696975,-0.0009722222222221522,0.14388888888888887,1.575653763556161
2024-10-01,2024-12-03,0.020834476246509165,0.1413062929294103,0.051949137343653334,0.015545253561261838,-0.010474016382435947,0.1391164227205586,1.5975517954452785
2024-10-02,2024-12-04,0.0209630716803423,0.1421784695959898,0.051949137343653334,0.015850418653581735,-0.028931154567372053,0.13876238949906242,1.6135445723488766
2024-10-03,2024-12-05,0.01994629567190425,0.13528235918783796,0.051949137343653334,0.015013472159334759,-0.07331792501284018,0.13302516692347202,1.7265843385890147
2024-10-04,2024-12-06,0.020035951945102576,0.13589043761772623,0.051949137343653334,0.015286976235293574,-0.09073457896083958,0.1325825441515229,1.7535845276610338
2024-10-07,2024-12-09,0.01924295623068075,0.13051207900731324,0.051949137343653334,0.014714052724905018,-0.1138772491989154,0.12768055213211732,1.9733837635545872
2024-10-08,2024-12-10,0.018073505751372274,0.12258047995771915,0.051949137343653334,0.013726279964526496,-0.06947314049586772,0.11002066115702475,1.5545081705072865
2024-10-09,2024-12-11,0.01835992495271409,0.12452306949472255,0.051949137343653334,0.014012268391551107,-0.04064616988014591,0.11099531005732147,1.3518232454564907
2024-10-10,2024-12-12,0.017685617627295244,0.1199496947036933,0.051949137343653334,0.013488901010557157,-0.07969735182849924,0.1074401008827238,1.3516077383105158
2024-10-11,2024-12-13,0.017811230362807344,0.1208016417260194,0.051949137343653334,0.013641943946721977,-0.06130219571011564,0.10166264754410465,1.306701788939385
2024-10-14,2024-12-16,0.016466729650143598,0.11168279423018679,0.051949137343653334,0.012735256982362669,-0.022210400319191415,0.06370527995744105,1.3061485034418854
2024-10-15,2024-12-17,0.01642694845002159,0.11141298500383458,0.051949137343653334,0.012658330613411675,-0.018819733835192975,0.0643903750504099,1.195989675686134
2024-10-16,2024-12-18,0.01643850491829643,0.11149136478511408,0.051949137343653334,0.012708573295348118,-0.021035598705501646,0.0645900755124055,1.1915472221480328
2024-10-17,2024-12-19,0.01644628600892445,0.11154413870938189,0.051949137343653334,0.01274686725895128,-0.02272112523667824,0.0647822558831484,1.1921190486218036
2024-10-18,2024-12-20,0.016308159638893174,0.11060732008845851,0.051949137343653334,0.012508946170271056,-0.002884219200659399,0.06578766652932279,1.1927316109050565
2024-10-21,2024-12-23,0.016204592466098747,0.10990489334714736,0.051949137343653334,0.012254256779090403,-0.014246947082767969,0.06499321573948429,1.1810606876135046
2024-10-22,2024-12-24,0.015967776108261746,0.10829872666289495,0.051949137343653334,0.011989131092778077,-0.02593774940143656,0.06371375365788763,1.1768593059864692
2024-10-23,2024-12-26,0.015965199941013124,0.10828125424652307,0.051949137343653334,0.011980094932860815,-0.025541588660069503,0.06405456004279209,1.1576691349806962
2024-10-24,2024-12-27,0.016000938338014498,0.10852364384805432,0.051949137343653334,0.012025627876598223,-0.007415397060806184,0.06458136712956711,1.1614421320440176
2024-10-25,2024-12-30,0.015822554330853146,0.10731378464777386,0.051949137343653334,0.011795863919488347,-0.017625231910946226,0.06347733898754297,1.160393486485622
2024-10-28,2024-12-31,0.01384065344682621,0.0938718788584555,0.03051404557526001,0.010850295654599135,0.04452819653824669,0.06686208821887203,1.1493429124655443
2024-10-29,2025-01-02,0.013905866049679848,0.09431417225006736,0.03051404557526001,0.010981021316784004,0.06971830985915495,0.07281690140845073,1.0153977588588872
2024-10-30,2025-01-03,0.01357433224944071,0.092065600616286,0.03051404557526001,0.010679850764511932,0.05531856336865282,0.08132654465391491,1.0168739394318504
2024-10-31,2025-01-06,0.013341516018612255,0.09048656411337995,0.03051404557526001,0.010383758242077,0.02970564407237375,0.0798001620307858,0.9886475170876002
2024-11-01,2025-01-07,0.013241166529592676,0.08980596076521116,0.03051404557526001,0.01033175760304377,0.05908966273649585,0.08870304359747737,0.97812486977357
2024-11-04,2025-01-08,0.01265618925829907,0.08583845187866973,0.029605638612001946,0.009951957042085562,0.013563829787234027,0.08603723404255317,0.975972202027513
2024-11-05,2025-01-09,0.01277537502083712,0.0866468090494932,0.029605638612001946,0.010135612047785554,0.021975112523166418,0.08564998676198038,0.9286362136979701
2024-11-06,2025-01-10,0.013612927072241545,0.0923273634401615,0.03299872628945912,0.010756847237794727,0.061601915912719685,0.11987759446514111,1.0028361953891607
2024-11-07,2025-01-13,0.013724669826547067,0.09308523967308485,0.03299872628945912,0.010942968043503448,0.07053063384941138,0.13391557496360998,1.0145570890573479
2024-11-08,2025-01-14,0.013314904849953124,0.09030607838629712,0.03299872628945912,0.01060627064444911,0.08687415426251666,0.13694181326116378,1.0163585895778584
2024-11-11,2025-01-15,0.012561660556180876,0.08519732702802758,0.03299872628945912,0.010043553620783961,0.11947148817802478,0.14075104311543815,0.9863999100814509
2024-11-12,2025-01-16,0.012604292510587048,0.08548647101063579,0.03299872628945912,0.010248436387362912,0.1333054743000417,0.14737428611227188,0.9499908466378247
2024-11-13,2025-01-17,0.012699439757932505,0.08613179103911872,0.03299872628945912,0.010347013943374037,0.12078300708038325,0.1468832430931556,0.9543834795756658
2024-11-14,2025-01-20,0.013293169148759085,0.09015865968838455,0.03299872628945912,0.010770624068926695,0.08810937715785117,0.14611241541223585,0.9956972649747812
2024-11-15,2025-01-21,0.012802276432184458,0.08682926329826263,0.03299872628945912,0.010360772282152098,0.1083639446171234,0.14947725346142976,0.9953828190810499
2024-11-18,2025-01-22,0.012208448539335847,0.0828017265757794,0.03299872628945912,0.009814489048409565,0.07319417742378476,0.14158198297171112,0.9669461115329513
2024-11-19,2025-01-23,0.01238560197377429,0.08400323962578486,0.03299872628945912,0.010046144340342004,0.057412989860235575,0.14127158125513842,0.930265273059717
2024-11-20,2025-01-24,0.012376904352680853,0.08394424948946098,0.03299872628945912,0.01007406582160957,0.06486189363748807,0.14167926343273332,0.9311622004131508
2024-11-21,2025-01-27,0.01249442070127804,0.08474128414405908,0.03299872628945912,0.010119644671065535,0.031546168426753285,0.13958841050636342,0.950180760834942
2024-11-22,2025-01-28,0.012403646149486962,0.0841256211797417,0.03299872628945912,0.009975780024816696,0.024889602569249325,0.13796333467148403,0.938346139897676
2024-11-25,2025-01-29,0.011637289850057983,0.07892793987236761,0.03299872628945912,0.009516056764390548,0.04631288766368025,0.14210889042039976,0.934928502265187
2024-11-26,2025-01-30,0.01162908532235463,0.07887229405812778,0.03299872628945912,0.009522546226919804,0.05125017267578391,0.1424229866003592,0.878386613899745
2024-11-27,2025-01-31,0.011643283297381186,0.07896858940985006,0.03299872628945912,0.00963597568903972,0.0569218016026527,0.1424426637192595,0.8800481706183444
2024-11-28,2025-02-03,0.011824155988143296,0.08019532768353446,0.03299872628945912,0.009833404116074463,0.038657311872334565,0.14183519053514929,0.8923125792738965
2024-11-29,2025-02-04,0.01177934710888451,0.07989141907822736,0.03299872628945912,0.009810512502080378,0.05493133583021215,0.14301567485088088,0.8948232762127799
2024-12-02,2025-02-05,0.012107487541539922,0.08211697577330186,0.03299872628945912,0.010162132275393806,0.03837063812039476,0.14333379674683722,0.9127383548135934
2024-12-03,2025-02-06,0.011618164387144194,0.07879822467180628,0.03299872628945912,0.009750252981796636,0.007870810150631069,0.13991043560863078,0.9145324298336229
2024-12-04,2025-02-07,0.011375028266288686,0.07714919526934719,0.03299872628945912,0.009513776754452,0.03020689655172415,0.14220689655172417,0.879127531926571
2024-12-05,2025-02-10,0.011664503487577626,0.07911251174206699,0.03299872628945912,0.009836756224956417,0.05487044478315073,0.14285714285714288,0.8872196434097781
2024-12-06,2025-02-11,0.011438179209974034,0.07757750580816698,0.03299872628945912,0.009689690115146756,0.08121041520056282,0.14510907811400425,0.8917069610291409
2024-12-09,2025-02-12,0.01197895512280243,0.08124522649589494,0.03299872628945912,0.009976019434442889,0.042280945757997124,0.13157162726008334,0.919079170550138
2024-12-10,2025-02-13,0.011993087180310454,0.08134107477325486,0.03299872628945912,0.010039020986230981,0.04524007771301686,0.12905911740216483,0.9122166028059243
2024-12-11,2025-02-14,0.011752209054144652,0.07970735983588152,0.03299872628945912,0.009848071827895773,0.009505703422053369,0.12357414448669193,0.923288075069323
2024-12-12,2025-02-17,0.011735650273255308,0.07959505271977171,0.03299872628945912,0.009844427901465301,0.0276788161140038,0.12469169635516572,0.8986995435434558
2024-12-13,2025-02-18,0.011597487121290802,0.07865798463163975,0.03299872628945912,0.009657366319430767,0.01906435911303417,0.1230394808004326,0.8950795446798829
2024-12-16,2025-02-19,0.01157729378206646,0.07852102674155909,0.03299872628945912,0.009639459709451917,0.030467899891186256,0.12377584330794335,0.885209383238741
2024-12-17,2025-02-20,0.011536503478115367,0.0782443734400508,0.03299872628945912,0.009601537033646239,0.04370461707083173,0.12467461296067947,0.8849981576988927
2024-12-18,2025-02-21,0.012436042461753692,0.08434534365977103,0.03299872628945912,0.010172768776763546,0.017217630853994415,0.12534435261707982,0.9461156285616975
2024-12-19,2025-02-24,0.012462912983099147,0.08452758840235453,0.03299872628945912,0.01024826997768295,0.030307223913645043,0.12593412676446158,0.9485011058644516
2024-12-20,2025-02-25,0.013037181019451172,0.08842246372365534,0.03299872628945912,0.010715375693502524,-0.000550964187327696,0.12121212121212119,0.9873174019401836
2024-12-23,2025-02-26,0.013046514852704982,0.08848576886079014,0.03299872628945912,0.0107767735920465,-0.004679972470750249,0.12456985547143835,0.9867326407633564
2024-12-24,2025-02-27,0.013189812389113431,0.08945766003848114,0.03299872628945912,0.010938599432605195,0.002594565068960719,0.12358323091629109,1.00018585229468
2024-12-26,2025-02-28,0.013187473244496917,0.0894417951878137,0.03299872628945912,0.010932232880785079,0.0028818443804032867,0.12419376972691089,0.997783412936112
2024-12-27,2025-03-03,0.013487424553412267,0.09147616394374795,0.03299872628945912,0.01119350966883755,-0.02893235533822347,0.13406682966585173,1.0235785477813915
2024-12-30,2025-03-04,0.01345365278381534,0.09124711265822752,0.03299872628945912,0.011152283231406074,-0.04046944556859566,0.13800080938891143,1.018971134975395
2024-12-31,2025-03-05,0.01382554957038419,0.09376943938440137,0.03299872628945912,0.011503400805839377,-0.07309902445543226,0.16036349057864493,1.0491684077525818
2025-01-02,2025-03-06,0.01360559039251563,0.09227760365727984,0.03299872628945912,0.011192474650546905,-0.08597761685319294,0.15799868334430545,1.0441170599040175
2025-01-03,2025-03-07,0.013721430144746652,0.0930632670820741,0.03299872628945912,0.01130429987668164,-0.08136654061807269,0.15647411657321686,1.0421007211606175
2025-01-06,2025-03-10,0.013936166830315002,0.09451968214308128,0.03299872628945912,0.0115964562434341,-0.09336480461578811,0.16024127983215314,1.0542182349762894
2025-01-07,2025-03-11,0.013897925150718922,0.0942603144529517,0.03299872628945912,0.011559121476886642,-0.09488673139158577,0.15818770226537215,1.0585757453747244
2025-01-08,2025-03-12,0.013995508832174876,0.09492215918155417,0.03299872628945912,0.011573270713252965,-0.06966675413277357,0.16032537391760693,1.0585757453747244
2025-01-09,2025-03-13,0.013887908316581203,0.09419237697844346,0.03299872628945912,0.01152882847286228,-0.09132124352331605,0.1582901554404145,1.0536014839380792
2025-01-10,2025-03-14,0.012923479489662694,0.08765130242904373,0.03106295207306939,0.01095335239047578,-0.11455069557588671,0.15315202406316578,1.0462469157400909
2025-01-13,2025-03-17,0.012681313425882298,0.08600885227377052,0.03106295207306939,0.010709335280288909,-0.12917181705809644,0.1510506798516687,0.9745121410446762
2025-01-14,2025-03-18,0.012673797177734042,0.085957874598594,0.03106295207306939,0.010682320803760819,-0.12811254980079667,0.1521414342629482,0.9626650056190258
2025-01-15,2025-03-19,0.012710829062895215,0.08620903706365426,0.03106295207306939,0.010752437344524081,-0.12535718722822697,0.15182010187600944,0.9604097857278108
2025-01-16,2025-03-20,0.012943652244981615,0.08778812071228549,0.03106295207306939,0.010923240591097956,-0.11860865290068834,0.15019665683382497,0.9793187516796071
2025-01-17,2025-03-21,0.012925797979023322,0.08766702718894986,0.03106295207306939,0.01076289524788185,-0.11222593831289485,0.14356496965192622,0.9708994037354809
2025-01-20,2025-03-24,0.012645161472084105,0.08576365779357648,0.03106295207306939,0.01045676547126139,-0.08072090366797813,0.12247747176037574,0.9729203014859326
2025-01-21,2025-03-25,0.012647066230774495,0.08577657649555293,0.03106295207306939,0.010385194340099421,-0.07571701720841295,0.1186743148502231,0.9299976624561553
2025-01-22,2025-03-26,0.012792477226496202,0.08676280185171237,0.03106295207306939,0.010556007648853493,-0.06142034548944353,0.1152911068458094,0.936868047875705
2025-01-23,2025-03-27,0.012681484934903158,0.08601001550454508,0.03106295207306939,0.01027557928445407,-0.049501101464299646,0.10820266943112601,0.9358232832064522
2025-01-24,2025-03-28,0.012739728009555522,0.08640503925606921,0.03106295207306939,0.01043038496062934,-0.06387921022067344,0.10775583946315646,0.932282146133883
2025-01-27,2025-03-31,0.013311977000287908,0.09028622074372664,0.03106295207306939,0.01070943257934074,-0.019425121407008805,0.10080063000393744,0.9845259287331258
2025-01-28,2025-04-01,0.01328814399518846,0.09012457743865268,0.03106295207306939,0.01065263942346273,-0.027157592374983608,0.10027418723070887,0.9734229162666354
2025-01-29,2025-04-02,0.01341239930663625,0.09096731796304759,0.03106295207306939,0.010797086533394017,-0.033460677117639226,0.1011724410486101,1.001205794768617
2025-01-30,2025-04-03,0.015219222426561128,0.10322178858351803,0.049737866743592846,0.011846820531274678,-0.08265440210249664,0.1009198423127463,1.124666134034219
2025-01-31,2025-04-04,0.017082265659007025,0.11585756255879447,0.05521384601966641,0.012957295421381704,-0.13647058823529412,0.1406535947712417,1.2435459467744359
2025-02-03,2025-04-07,0.017352440727361026,0.11768997902558472,0.05521384601966641,0.013244251271625039,-0.1475496688741722,0.16503311258278136,1.285408918187718
2025-02-04,2025-04-08,0.018240645835879917,0.12371407916425743,0.05521384601966641,0.014049750527299213,-0.18974358974358974,0.1998685075608152,1.3296231895115829
2025-02-05,2025-04-09,0.020771977032920733,0.14088240263916774,0.06441680000054553,0.015080239319837414,-0.12009639844691389,0.2035078323738117,1.4480879447230313
2025-02-06,2025-04-10,0.021335165959505308,0.14470213578210644,0.06441680000054553,0.015753579742906677,-0.14635788339841116,0.2046586777972263,1.471412364983415
2025-02-07,2025-04-11,0.02154319409678998,0.14611305125494597,0.06441680000054553,0.016041504763205143,-0.13522559914312482,0.2035078323738117,1.4805419101889978
2025-02-10,2025-04-14,0.021280428989360292,0.14433089158830645,0.06441680000054553,0.01574134960377257,-0.1563115723105214,0.19965847891764082,1.480198282839748
2025-02-11,2025-04-15,0.021193084350468336,0.1437384914250843,0.06441680000054553,0.015613621584402498,-0.16662327518875286,0.19786513928664407,1.4652192297756492
2025-02-12,2025-04-16,0.02115536194224094,0.14348264560472793,0.06441680000054553,0.01541428160986074,-0.13210568454763805,0.19428876434480932,1.469399463253167
2025-02-13,2025-04-17,0.021634082210330204,0.1467294844325195,0.06441680000054553,0.0159351149533198,-0.11152416356877315,0.19330855018587376,1.469399463253167
2025-02-14,2025-04-21,0.021733345807641264,0.1474027229047952,0.06441680000054553,0.016090183662056105,-0.1177024482109228,0.19585687382297565,1.4813676113645795
2025-02-17,2025-04-22,0.021905638945697727,0.14857127182092228,0.06441680000054553,0.016316608319280633,-0.10866666666666669,0.19413333333333346,1.485962577795516
2025-02-18,2025-04-23,0.022128196025257584,0.1500807273745779,0.06441680000054553,0.016769440004157702,-0.13519968157091677,0.1931803104683562,1.5030780013894383
2025-02-19,2025-04-24,0.022139605944762067,0.1501581132137382,0.06441680000054553,0.01679748203789511,-0.13410770855332643,0.19218585005279842,1.503363619991199
2025-02-20,2025-04-25,0.022123847593068017,0.150051234872559,0.06441680000054553,0.016752403223608592,-0.1358624310842742,0.19112627986348132,1.5026462165705912
2025-02-21,2025-04-28,0.02187247222321758,0.1483463241646032,0.06441680000054553,0.016505347167141207,-0.12620176032498298,0.1772511848341232,1.5135554168909702
2025-02-24,2025-04-29,0.022018603920211717,0.14933743755461149,0.06441680000054553,0.01685523689694465,-0.15366017461383485,0.17582269979852244,1.490991791305079
2025-02-25,2025-04-30,0.02217051353987649,0.15036773872278905,0.06441680000054553,0.016989683644825223,-0.1587651598676958,0.18839581036383674,1.5164424902009814
2025-02-26,2025-05-01,0.022317572646117924,0.15136514210834193,0.06441680000054553,0.017213120288084673,-0.14437837090305639,0.18904715806942324,1.4956334996306377
2025-02-27,2025-05-02,0.0221430094726233,0.15018119706279984,0.06441680000054553,0.017025956458063023,-0.1630345954780713,0.1861890493053663,1.496461042651599
2025-02-28,2025-05-05,0.022264636183282942,0.15100610954925564,0.06441680000054553,0.01736105905989407,-0.17556102900930481,0.19786535303776676,1.4979703659923655
2025-03-03,2025-05-06,0.022638167388943232,0.15353952144503835,0.06441680000054553,0.01752282826448358,-0.13218631976500206,0.20226605119597138,1.520215945758736
2025-03-04,2025-05-07,0.022738685394306856,0.15422126772666,0.06441680000054553,0.017804541405544043,-0.14311823421903547,0.2032897511598481,1.5106045435376256
2025-03-05,2025-05-08,0.023184613661736325,0.15724570038517,0.06441680000054553,0.01802198505748184,-0.08996539792387548,0.20847750865051895,1.5432031904310326
2025-03-06,2025-05-09,0.02327371876496628,0.15785004059845598,0.06441680000054553,0.01826873992076715,-0.07980409104004604,0.20829732065687112,1.5250987138400316
2025-03-07,2025-05-12,0.02331614567254201,0.15813779388579816,0.06441680000054553,0.01832427015739819,-0.07750177430801997,0.20525195173882177,1.5338293936079228
2025-03-10,2025-05-13,0.023487081023036593,0.1592971338386336,0.06441680000054553,0.01845096708603986,-0.03673705525021709,0.20914087358981767,1.5446422126879051
2025-03-11,2025-05-14,0.023465126881205403,0.1591482336042381,0.06441680000054553,0.018453341586112122,-0.05820938215102989,0.20680778032036604,1.5365029464169022
2025-03-12,2025-05-15,0.023486919016037913,0.15929603505370896,0.06441680000054553,0.018559913404430178,-0.08870399097447457,0.20392046255817226,1.542888313464744
2025-03-13,2025-05-16,0.023525879195969518,0.15956027585020705,0.06441680000054553,0.018563285130849542,-0.06870990734141136,0.20612972202423369,1.5395312668923375
2025-03-14,2025-05-19,0.023510986660176647,0.1594592697581743,0.06441680000054553,0.018596763199199916,-0.08322717622080689,0.20467091295116763,1.537666215829802
2025-03-17,2025-05-20,0.023519445907034656,0.15951664316177402,0.06441680000054553,0.01858859347786042,-0.07835344215755846,0.20525195173882177,1.5360791419828532
2025-03-18,2025-05-21,0.023563695705697493,0.15981675989799224,0.06441680000054553,0.01873121518191289,-0.0842496073111525,0.20648293588462077,1.5403189957588812
2025-03-19,2025-05-22,0.023566228242630938,0.15983393639916932,0.06441680000054553,0.018833500198925227,-0.09801136363636376,0.20539772727272718,1.5418742124299627
2025-03-20,2025-05-23,0.02348718458780357,0.15929783624905786,0.06441680000054553,0.018733088886057663,-0.10207781341514421,0.2016455166643424,1.5464861994914105
2025-03-21,2025-05-26,0.023485876278616185,0.15928896286442903,0.06441680000054553,0.018793283285607122,-0.10450676712711027,0.20175805776475503,1.534689460161381
2025-03-24,2025-05-27,0.023411867423914316,0.1587870103901678,0.06441680000054553,0.018711749918742984,-0.11997790970592304,0.199641032721248,1.5360487141278787
2025-03-25,2025-05-28,0.023472669542529356,0.15919939042228812,0.06441680000054553,0.018891969280019693,-0.11281202592745831,0.19942076954902763,1.534423840318941
2025-03-26,2025-05-29,0.023444352264194425,0.1590073332963966,0.06441680000054553,0.018973642984714125,-0.1361963190184049,0.19713701431492836,1.5410294413574426
2025-03-27,2025-05-30,0.02347331950229547,0.15920379866389764,0.06441680000054553,0.019238259379135265,-0.1464212678936605,0.19713701431492836,1.540019762719042
2025-03-28,2025-06-02,0.02427380832471956,0.1646329780053812,0.06441680000054553,0.01986497807253152,-0.10228839261097322,0.19933829611248957,1.5838622305040895
2025-03-31,2025-06-03,0.023844881418682348,0.16172385418999585,0.06441680000054553,0.019376546595410358,-0.12180430999866143,0.19354838709677413,1.581004771326298
2025-04-01,2025-06-04,0.02387281696977089,0.16191332231573882,0.06441680000054553,0.019555342615173367,-0.1288417662058785,0.19138370688498194,1.5517283491530394
2025-04-02,2025-06-05,0.023833974889714792,0.1616498825115674,0.06441680000054553,0.019342431022138513,-0.11012675480441592,0.17881968106855667,1.5524594792723603
2025-04-03,2025-06-06,0.022982424399749478,0.1558743860913306,0.06441680000054553,0.0186952820150848,-0.0452657212433748,0.1369431313565392,1.5563055472887508
2025-04-04,2025-06-09,0.021493711599054263,0.14577744462691308,0.06441680000054553,0.017571907950332463,0.004238570996064173,0.10096881622767184,1.7333813399149123
2025-04-07,2025-06-10,0.021155236290089786,0.14348179339037573,0.06441680000054553,0.017137058186239507,0.024083281541329882,0.10363579863269114,1.5587997054590208
2025-04-08,2025-06-11,0.02172234281885433,0.1473280970040416,0.06441680000054553,0.017450935911941738,0.13307367737747477,0.15530671859785775,1.454819576442384
2025-04-09,2025-06-12,0.019679048073039492,0.1334697977851393,0.05763032661226133,0.01618878271276517,0.05432136335970794,0.1456177723676201,1.3997849213671913
2025-04-10,2025-06-13,0.02075839761308852,0.14079030253288627,0.06075195574133544,0.01674017213533069,0.16135646687697158,0.21104100946372234,1.415426652531189
2025-04-11,2025-06-16,0.021250449954447245,0.14412756388095055,0.06075195574133544,0.017029052865301323,0.10450534138411527,0.20715281003251268,1.414364198838657
2025-04-14,2025-06-17,0.02254847814809927,0.1529312194176986,0.06075195574133544,0.018108309296586536,0.17250505994083754,0.2344698738907053,1.5206148641971724
2025-04-15,2025-06-18,0.022606820496171173,0.1533269164743126,0.06075195574133544,0.018243054294405498,0.1654170571696345,0.23523898781630745,1.5231888746396756
2025-04-16,2025-06-19,0.02290139936804855,0.15532484758944173,0.06075195574133544,0.018580928276098602,0.18327183271832692,0.25691881918819176,1.561793840428369
2025-04-17,2025-06-20,0.022761499106546606,0.15437599785121003,0.06075195574133544,0.018291061384719233,0.1323968918111178,0.2497011356843992,1.5642417248983727
2025-04-21,2025-06-23,0.0258603224224731,0.17539324013922597,0.08320376435753536,0.019693931019042703,0.0631193779539565,0.25476444579966445,1.7792481313868143
2025-04-22,2025-06-24,0.026502392337059765,0.1797479701721898,0.08320376435753536,0.020211728336007557,-0.0001495886312639083,0.2499626028421839,1.8190208785282624
2025-04-23,2025-06-25,0.02624368946984986,0.17799336195919158,0.08320376435753536,0.01977957918999427,0.019484504449217566,0.2563669837373426,1.8104227226762817
2025-04-24,2025-06-26,0.02623496081098643,0.17793416131446965,0.08320376435753536,0.019733616203846404,0.017378048780487765,0.2547256097560975,1.7941099282882869
2025-04-25,2025-06-27,0.026247307999831087,0.1780179040235781,0.08320376435753536,0.019789426743281498,0.007747227707732174,0.2538356372474555,1.7940105665919228
2025-04-28,2025-06-30,0.02607731740827056,0.17686497173758792,0.08320376435753536,0.01944312593269266,0.03254300325430015,0.25894932589493247,1.7941995914370947
2025-04-29,2025-07-01,0.02584332943779763,0.17527798810975875,0.08320376435753536,0.019129154845947387,0.06776702110776078,0.2651960006348198,1.7865043593808976
2025-04-30,2025-07-02,0.025624137426781525,0.1737913555613827,0.08320376435753536,0.019032510078576547,0.13286369593709058,0.27375491480996056,1.793708812585761
2025-05-01,2025-07-03,0.02559306978727239,0.17358064457843494,0.08320376435753536,0.018828994753452274,0.11281719734928064,0.27008243090350725,1.774332697590597
2025-05-02,2025-07-04,0.02557969083140455,0.1734899040849096,0.08320376435753536,0.018787637678541216,0.11489015459723362,0.27192839707078914,1.7808949875053648
2025-05-05,2025-07-07,0.025431835713351437,0.17248710188457944,0.08320376435753536,0.018700161760414252,0.15518672199170114,0.2773443983402489,1.8107475035849485
2025-05-06,2025-07-08,0.02513173028476958,0.17045168783821008,0.08320376435753536,0.018186437057958225,0.1287878787878789,0.25805931656995473,1.7519448819997765
2025-05-07,2025-07-09,0.0249429715086788,0.16917146353155152,0.08320376435753536,0.017840085193660125,0.15143560295324043,0.26267432321575046,1.745869659958959
2025-05-08,2025-07-10,0.024673399836583253,0.16734313949729668,0.08320376435753536,0.01747816718088803,0.09125475285171092,0.22734474017743972,1.748991634951531
2025-05-09,2025-07-11,0.024866941870065707,0.16865580543397976,0.08320376435753536,0.01776973332515831,0.10566687539135877,0.22463994990607378,1.7387295461866987
2025-05-12,2025-07-14,0.02499925579614538,0.16955320214201497,0.08320376435753536,0.017860721333334016,0.06385597784274522,0.22080320049238336,1.7489673972152064
2025-05-13,2025-07-15,0.024766175288467498,0.1679723732263092,0.08320376435753536,0.017407094909845457,0.03393393393393396,0.2154654654654654,1.7417825701674492
2025-05-14,2025-07-16,0.024703769569823678,0.16754911704963274,0.08320376435753536,0.01720388512118634,0.04343204252088073,0.21791951404707663,1.7256725217068005
2025-05-15,2025-07-17,0.02458854271330228,0.1667676104857864,0.08320376435753536,0.017086829196517286,0.07783967811822956,0.22206747137109245,1.727693863783893
2025-05-16,2025-07-18,0.024573773630156923,0.16666744169034636,0.08320376435753536,0.016978407353841155,0.05969692331241405,0.2196540639828562,1.7192648833528912
2025-05-19,2025-07-21,0.02453397639919183,0.16639752373752645,0.08320376435753536,0.01683208461009443,0.06669754515979642,0.22155318820441555,1.7161990357865775
2025-05-20,2025-07-22,0.02455843876748964,0.16656343559149095,0.08320376435753536,0.01691275897770662,0.057600492838441264,0.22100723856460794,1.715329857997909
2025-05-21,2025-07-23,0.024473246329256616,0.16598563236332756,0.08320376435753536,0.01663725912527053,0.0707937002962733,0.22376422891002642,1.715167630291569
2025-05-22,2025-07-24,0.024442951814365108,0.16578016496665465,0.08320376435753536,0.01664004896032777,0.09228346456692904,0.22598425196850386,1.7141286289312523
2025-05-23,2025-07-25,0.02448703268335624,0.16607913596609541,0.08320376435753536,0.01664372188723523,0.06212144742972514,0.22286069265413874,1.7175747562997825
2025-05-26,2025-07-28,0.024811122676763265,0.16827722124561076,0.08320376435753536,0.017214831713582134,0.0969149267684637,0.22358990339669668,1.7380079801687998
2025-05-27,2025-07-29,0.025184826416938397,0.1708118033274066,0.08320376435753536,0.01779469313121334,0.14151239410103544,0.2251333542516472,1.7722277800406536
2025-05-28,2025-07-30,0.02517078832380448,0.17071659234743852,0.08320376435753536,0.017592996934871142,0.13088761075703403,0.2230685527747551,1.7710405931566595
2025-05-29,2025-07-31,0.02514410850924929,0.17053564104123664,0.08320376435753536,0.0175536565441023,0.13289141414141414,0.22648358585858577,1.7746751080494796
2025-05-30,2025-08-01,0.025575267761040053,0.173459905362159,0.08320376435753536,0.017999960255510594,0.11036575626896661,0.2291966139594313,1.8000144926952786
2025-06-02,2025-08-04,0.025041122866745476,0.1698371584302516,0.08320376435753536,0.017396620988639398,0.054668304668304746,0.1850429975429975,1.7814442113804367
2025-06-03,2025-08-05,0.025129907540518394,0.17043932538522366,0.08320376435753536,0.01755597474572397,0.03155006858710574,0.18366102728242642,1.8216410422903073
2025-06-04,2025-08-06,0.025129593585024628,0.17043719603546492,0.08320376435753536,0.01755528276362039,0.03158219072561996,0.1856416576798644,1.7703088652155776
2025-06-05,2025-08-07,0.02515125374793998,0.1705841024078451,0.08320376435753536,0.01760885139640778,0.0171542349517535,0.17874100168479073,1.769157254543627
2025-06-06,2025-08-08,0.02496621930462217,0.16932913775501982,0.08320376435753536,0.017180850847505716,-0.004951237809452502,0.16579144786196542,1.768319639608768
2025-06-09,2025-08-11,0.02497178382032906,0.16936687813674023,0.08320376435753536,0.017207547353918454,0.005577328911666957,0.1665661742538438,1.7578544234131106
2025-06-10,2025-08-12,0.024989497397540382,0.169487017462569,0.08320376435753536,0.01726381372995533,0.0030344409042635245,0.16765285996055224,1.7594854732093637
2025-06-11,2025-08-13,0.023443195820188074,0.15899948991153853,0.08320376435753536,0.0161078609854476,-0.058435978229733565,0.16069894013176741,1.759188918841268
2025-06-12,2025-08-14,0.023582897686511697,0.1599469940682038,0.08320376435753536,0.016323905537817453,-0.034637032760860276,0.16192812815702118,1.6706722156586882
2025-06-13,2025-08-15,0.02187293254553684,0.148349446222471,0.08320376435753536,0.015457484005219062,-0.11109602064375923,0.15632215129702556,1.6822952747078455
2025-06-16,2025-08-18,0.02147019064211076,0.14561791773540336,0.08320376435753536,0.014904257807884387,-0.07639472946453607,0.16134006167647869,1.5571950814651097
2025-06-17,2025-08-19,0.019755113506301013,0.1339856986538283,0.08320376435753536,0.013859878133061625,-0.13132386137299168,0.15323330235028537,1.52172813660625
2025-06-18,2025-08-20,0.019947860803574937,0.1352929744272956,0.08320376435753536,0.014026246355588756,-0.10829647500335071,0.15467095563597363,1.414147461716161
2025-06-19,2025-08-21,0.01937643139137235,0.13141735159167436,0.08320376435753536,0.013529998145418172,-0.1279885654885654,0.14994802494802487,1.412966352410233
2025-06-20,2025-08-22,0.01929997276231739,0.13089878393936621,0.08320376435753536,0.01323624795375105,-0.11243072050672998,0.1367115333861177,1.3700031735920084
2025-06-23,2025-08-25,0.015156173913856704,0.10279417276541136,0.04232893750572638,0.011695694491078991,-0.021941775419475174,0.10526315789473689,1.3659604042895817
2025-06-24,2025-08-26,0.0141870922262889,0.09622154097972262,0.03297309048592472,0.01125259695106733,-0.002244165170556589,0.1098144823459007,1.0581628871077342
2025-06-25,2025-08-27,0.014203612041138042,0.09633358381528963,0.03297309048592472,0.011291848335888453,0.011286681715575675,0.11045899172310013,0.9714914575918385
2025-06-26,2025-08-28,0.01422261161303926,0.0964624451814618,0.03297309048592472,0.011343390978637779,0.01363500149835195,0.10997902307461797,0.9720551961425997
2025-06-27,2025-08-29,0.014198858084609295,0.09630134091338624,0.03297309048592472,0.011272303982614924,0.016882725354235628,0.11064214651793794,0.9715183097023744
2025-06-30,2025-09-01,0.014263126309767263,0.09673722922383737,0.03297309048592472,0.011404774201104185,0.022962629446195315,0.11016058832357803,0.975203434740894
2025-07-01,2025-09-02,0.014323591250636737,0.0971473224052243,0.03297309048592472,0.01148376334531695,0.026605231866825063,0.10909631391200957,0.9834610577821143
2025-07-02,2025-09-03,0.014210900858026882,0.09638301897661633,0.03297309048592472,0.011421736716354306,-0.02545191612436737,0.10614605929139556,1.0096372572881556
2025-07-03,2025-09-04,0.014238121899967662,0.09656764106554319,0.03297309048592472,0.01149393309958933,-0.028612926652142323,0.10660856935366746,0.9741674260172347
2025-07-04,2025-09-05,0.014460919853569773,0.09807873030643774,0.03297309048592472,0.011789650064338415,-0.041453802364618375,0.10713764413954172,0.9893805703790018
2025-07-07,2025-09-08,0.014314929024617376,0.09708857232997258,0.03297309048592472,0.0116309270098619,-0.0482758620689655,0.10545977011494259,0.9916773230458984
2025-07-08,2025-09-09,0.014297173603760267,0.0969681492067304,0.03297309048592472,0.011591133884300551,-0.04997858060831073,0.10481222333285739,0.9795018698519568
2025-07-09,2025-09-10,0.014511020063946566,0.09841852646543714,0.03297309048592472,0.011898141902244539,-0.03676261043032225,0.10458820176688519,0.9900977114713834
2025-07-10,2025-09-11,0.014701371107803281,0.09970955005750573,0.03297309048592472,0.01203177732113345,-0.04253774680603939,0.10656213704994198,1.0193081626450282
2025-07-11,2025-09-12,0.014230431718171916,0.09651548371497422,0.03297309048592472,0.011642083603235123,-0.05918165085657645,0.10392184624097414,1.0038350375478509
2025-07-14,2025-09-15,0.013977942596342862,0.09480301917358006,0.03297309048592472,0.011358078008180847,-0.030662424067110283,0.10616141162857974,0.9737411047760253
2025-07-15,2025-09-16,0.014156097595921952,0.09601132516886898,0.03297309048592472,0.01160029412961872,-0.01205344176590184,0.1065930874237584,0.9602524577467615
2025-07-16,2025-09-17,0.014214238052575209,0.09640565293126097,0.03297309048592472,0.011755287476823804,-0.01892009896667146,0.10682578955028386,0.963709996068184
2025-07-17,2025-09-18,0.01408241747254331,0.09551160225891765,0.03297309048592472,0.011598857827058433,-0.038478104809763214,0.10538406317300794,0.965637883338848
2025-07-18,2025-09-19,0.014192322724917347,0.09625701594739702,0.03297309048592472,0.011771842747452745,-0.0459338437093747,0.10602340026000293,0.9652190560110985
2025-07-21,2025-09-22,0.014191687789330045,0.09625270960472593,0.03297309048592472,0.011740320371417725,-0.04457953394123604,0.10623823997684184,0.9632485795924933
2025-07-22,2025-09-23,0.014425940077097082,0.09784148591966398,0.03297309048592472,0.011991940231639393,-0.021843599825251192,0.10688801514489593,0.9780970877389819
2025-07-23,2025-09-24,0.014631785668869555,0.09923759864863659,0.03297309048592472,0.012349656324968011,-0.005970583952235264,0.10688801514489593,0.9892761956624384
2025-07-24,2025-09-25,0.014602497093787846,0.0990389538676969,0.03297309048592472,0.012302587249879912,-0.008073817762399127,0.10582468281430224,0.9924749476632292
2025-07-25,2025-09-26,0.014451299224340202,0.09801348002435747,0.03297309048592472,0.011996074762496681,0.006287468928205753,0.10732563240239806,0.987251344588248
2025-07-28,2025-09-29,0.01446207161981358,0.09808654196516667,0.03297309048592472,0.012024383083509229,-0.05156250000000018,0.10426136363636368,1.0225309605177684
2025-07-29,2025-09-30,0.01355837311421841,0.09195736049496303,0.03199140476232472,0.011498958568462293,-0.09084661902144031,0.10087960417811989,0.9829027551527947
2025-07-30,2025-10-01,0.013618931639511169,0.09236808839678996,0.03199140476232472,0.011742501254071343,-0.10075601374570442,0.10075601374570445,0.9255292258087182
2025-07-31,2025-10-02,0.013692499412711284,0.09286704931075687,0.03199140476232472,0.011821042963124374,-0.10392867093898028,0.10392867093898032,0.9396310561806317
2025-08-01,2025-10-03,0.012952188198276334,0.08784601436425082,0.03024052249955681,0.011123938351816529,-0.07422324510932099,0.07479861910241661,0.9287017586511497
2025-08-04,2025-10-06,0.013168434799126551,0.08931267016894617,0.03024052249955681,0.011250753296100304,-0.04601048340128144,0.06916132789749563,0.8835747550864531
2025-08-05,2025-10-07,0.013020296270223497,0.08830794578271092,0.03024052249955681,0.010995924007197283,-0.028812056737588687,0.07018321513002364,0.8753992877787126
2025-08-06,2025-10-08,0.012959495457405174,0.08789557460693483,0.03024052249955681,0.010876266180985939,-0.01314217443249699,0.0709378733572282,0.8644349750484159
2025-08-07,2025-10-09,0.013041829965891446,0.08845399441248715,0.03024052249955681,0.010980685398233058,-0.017768408372233035,0.07152537268483662,0.8669975678216716
2025-08-08,2025-10-10,0.014904655571078965,0.10108829236788393,0.04933454043120315,0.012046872147246843,-0.06378166465621216,0.10524728588661023,0.9795140765129181
2025-08-11,2025-10-13,0.015224467017470432,0.10325735912969143,0.04933454043120315,0.012377045903355487,-0.04976765102683245,0.1046319892070153,0.9980034416600052
2025-08-12,2025-10-14,0.015376397064642139,0.10428779884396173,0.04933454043120315,0.012568844302340827,-0.05793374678566021,0.10558160641355302,1.0096975440372136
2025-08-13,2025-10-15,0.015375731703946495,0.10428328614816608,0.04933454043120315,0.012511814111902324,-0.04974140553696371,0.10617584423486447,1.0062046641150868
2025-08-14,2025-10-16,0.015624954223794101,0.10597359551699853,0.04933454043120315,0.01275418568305235,-0.0920914934967858,0.12468231424727158,1.0369614893691959
2025-08-15,2025-10-17,0.015396755865386684,0.10442587894867195,0.04933454043120315,0.012427354224762792,-0.06554621848739506,0.12742551566080973,1.024967655905381
2025-08-18,2025-10-20,0.015359512620139818,0.10417328296976523,0.04933454043120315,0.01240965199184992,-0.07724996205797552,0.12657459402033686,1.00414034182825
2025-08-19,2025-10-21,0.015421043794701314,0.10459060769989058,0.04933454043120315,0.012454312108991896,-0.062060531947416675,0.12748394986242734,1.0054384723786576
2025-08-20,2025-10-22,0.01640165036097508,0.11124140501597866,0.04933454043120315,0.01297830646258507,-0.03968134676085977,0.125356981812716,1.0701655702862456
2025-08-21,2025-10-23,0.016666331156280887,0.11303655750993868,0.04933454043120315,0.013256891932242203,-0.02756668156757558,0.12427358068842194,1.0766948217254662
2025-08-22,2025-10-24,0.01667419734672562,0.11308990860924496,0.04933454043120315,0.013323356518393505,-0.03479036574487071,0.12399643175735943,1.0744634657029681
2025-08-25,2025-10-27,0.01653275079032211,0.11213057138873961,0.04933454043120315,0.013055975719635102,-0.04633431085043982,0.12228739002932545,1.0743815207708627
2025-08-26,2025-10-28,0.01642633685849033,0.1114088369882547,0.04933454043120315,0.012965303047362164,-0.042435147698305586,0.12505623031938817,1.0795168001189837
2025-08-27,2025-10-29,0.016417980407389437,0.11135216077940058,0.04933454043120315,0.012948596671185466,-0.043154761904761973,0.12410714285714279,1.058299497347965
2025-08-28,2025-10-30,0.016383561924784854,0.11111872327285785,0.04933454043120315,0.012893792240633683,-0.05351071692535114,0.1232815964523281,1.0563750569137669
2025-08-29,2025-10-31,0.016444589449411504,0.11153263208292909,0.04933454043120315,0.01302135928099202,-0.042691965609249816,0.1236288170767862,1.0574035057219369
2025-09-01,2025-11-03,0.016374486975277023,0.11105717397071553,0.04933454043120315,0.012881245473209575,-0.04870892018779338,0.12235915492957741,1.0577272599880074
2025-09-02,2025-11-04,0.016255796003479327,0.11025217263396575,0.04933454043120315,0.01275509352310999,-0.06833647024757494,0.12074706819168955,1.0551560774719946
2025-09-03,2025-11-05,0.015969626732412943,0.10831127820656311,0.04933454043120315,0.012485895573419252,-0.056981748033832935,0.12004748479002814,1.0532166051631084
2025-09-04,2025-11-06,0.015942906376852133,0.10813005193788325,0.04933454043120315,0.012324073198556471,-0.04949162679425834,0.12096291866028704,1.0236783632100208
2025-09-05,2025-11-07,0.01573770972120916,0.10673834050787889,0.04933454043120315,0.011963742822028372,-0.029998477234658094,0.12319171615654022,1.0210927650231432
2025-09-08,2025-11-10,0.01568984981845115,0.10641373885441377,0.04933454043120315,0.011855259959349586,-0.03472222222222221,0.12213164251207725,1.0060091191565246
2025-09-09,2025-11-11,0.015911910061392812,0.1079198246981771,0.04933454043120315,0.012154311521034225,-0.021644370960468895,0.12159927852096793,1.016730694111192
2025-09-10,2025-11-12,0.01663071191035993,0.11279497603035266,0.04933454043120315,0.012638167094397643,-0.07278106508875737,0.1196745562130177,1.0761858979546803
2025-09-11,2025-11-13,0.01630682546949337,0.11059827131133565,0.04933454043120315,0.012240960743791716,-0.04306292645943899,0.1226686884003032,1.0664457425200453
2025-09-12,2025-11-14,0.01651328009820187,0.1119985147297803,0.04933454043120315,0.012484782000714305,-0.032505643340857704,0.12174567343867564,1.052801645300684
2025-09-15,2025-11-17,0.01646034029457877,0.1116394595123666,0.04933454043120315,0.012385028166780407,-0.04461354819456875,0.12071023575052219,1.0509167840302691
2025-09-16,2025-11-18,0.016311593813762893,0.1106306117956447,0.04933454043120315,0.012166870312239664,-0.053946788181684524,0.11891812435690131,1.0486803301209624
2025-09-17,2025-11-19,0.016477309742735244,0.11175455190939534,0.04933454043120315,0.012381664162131198,-0.06304702566384812,0.12001186767541903,1.0530235969113777
2025-09-18,2025-11-20,0.016511008986367738,0.11198311129989265,0.04933454043120315,0.012462465648592904,-0.06644766313274597,0.12080035836941909,1.0532836853094858
2025-09-19,2025-11-21,0.016458601460709266,0.11162766616727779,0.04933454043120315,0.012380135934112486,-0.06298258894776676,0.1224829674489023,1.055379593774924
2025-09-22,2025-11-24,0.016604915604731322,0.11262001697323389,0.04933454043120315,0.01266625595832864,-0.049689440993788914,0.12255718830480224,1.0539284688209658
2025-09-23,2025-11-25,0.0164592788896367,0.11163226071380375,0.04933454043120315,0.012575125932551038,-0.07845764478189676,0.12044067291945804,1.0609931770464556
2025-09-24,2025-11-26,0.016315666793263434,0.11065823608663188,0.04933454043120315,0.012410430193815328,-0.08526223263990629,0.11851743334309985,1.050139742253797
2025-09-25,2025-11-27,0.016312720315534268,0.11063825210238475,0.04933454043120315,0.012405500884528858,-0.08546511627906972,0.11758720930232554,1.0401797503525434
2025-09-26,2025-11-28,0.01634698517489787,0.11087064768541406,0.04933454043120315,0.01261196802225215,-0.09444928799767505,0.11755303690787558,1.0408942643540788
2025-09-29,2025-12-01,0.01600389435296114,0.10854369251685751,0.04933454043120315,0.0122972174992808,-0.05152014377714542,0.09045978732963905,1.051488592838537
2025-09-30,2025-12-02,0.016088835166733775,0.10911978914489871,0.04933454043120315,0.012422220990321494,-0.0568405139833712,0.08193499622071063,1.0166013283827475
2025-10-01,2025-12-03,0.016052522947378585,0.10887350769081218,0.04933454043120315,0.01230348106673197,-0.04081320697034552,0.0817792723937634,1.0276059132972521
2025-10-02,2025-12-04,0.01594332798659736,0.10813291143429948,0.04933454043120315,0.012145138579709861,-0.014769900497512367,0.08317786069651745,1.0624950127760198
2025-10-03,2025-12-05,0.015986834442287812,0.10842798657318835,0.04933454043120315,0.012302492506326281,-0.007768800497203188,0.08312616532007461,1.0629460700459303
2025-10-06,2025-12-08,0.01604008363653386,0.10878914017990059,0.04933454043120315,0.012373239801588455,-0.045634920634920584,0.08165445665445668,1.0231133219566728
2025-10-07,2025-12-09,0.016047432590572463,0.10883898321122121,0.04933454043120315,0.012448316258656214,-0.05492164917085052,0.08139357979613572,1.0193145608265608
2025-10-08,2025-12-10,0.01605833254297459,0.1089129102852128,0.04933454043120315,0.01247293448833515,-0.05387409200968518,0.0809624697336562,1.0132395313182803
2025-10-09,2025-12-11,0.01610676845542711,0.10924141862649955,0.04933454043120315,0.01253271247762616,-0.05641575961980694,0.06944657366242539,1.0195352735011407
2025-10-10,2025-12-12,0.01445816503997763,0.09806004625161382,0.04040469755525127,0.011657724447441639,-0.01852150104686756,0.07295860847157365,1.0144660193164816
2025-10-13,2025-12-15,0.014235258731262307,0.0965482221105861,0.04040469755525127,0.011509394676162809,-0.05205868433506855,0.0815586054582742,0.9113224981597764
2025-10-14,2025-12-16,0.014473351988889039,0.09816304915056787,0.04040469755525127,0.011678586486359742,-0.059248554913294726,0.10709698137443804,0.9179774554397585
2025-10-15,2025-12-17,0.01515811118929867,0.10280731200672699,0.04040469755525127,0.012264922167127228,-0.0340963662558027,0.10677125020009608,0.9394008266142201
2025-10-16,2025-12-18,0.014756442202038835,0.10008306039114305,0.04040469755525127,0.011982345273066576,-0.021735550798616887,0.10983039683846538,0.9489422028489555
2025-10-17,2025-12-19,0.014828212191194566,0.10056982814048253,0.04040469755525127,0.012089554858972047,-0.017004578155657257,0.10905820797907133,0.9195828449333178
2025-10-20,2025-12-22,0.015208058097748063,0.10314606842146772,0.04040469755525127,0.012477137368313865,0.012171052631579027,0.10970394736842108,0.940982372888546
2025-10-21,2025-12-23,0.01517533092896809,0.10292410196338851,0.04040469755525127,0.01241019273055156,0.009126466753585527,0.1087027379400261,0.9411533165310494
2025-10-22,2025-12-24,0.013912752875891575,0.09436088097797173,0.03772851009647594,0.011541040007152756,-0.032086398497417346,0.10439818437940213,0.9375986904576117
2025-10-23,2025-12-26,0.013950642926865297,0.09461786380675295,0.03772851009647594,0.011618917235498835,-0.07554397793441625,0.1022065583818572,0.8885430184589694
2025-10-24,2025-12-29,0.014163281458625205,0.09606004849627592,0.03772851009647594,0.011842785245124943,-0.05637707948243997,0.10012322858903265,0.8760757362535365
2025-10-27,2025-12-30,0.014157572182195778,0.09602132629956665,0.03772851009647594,0.011809000832559209,-0.05781057810578116,0.09993849938499384,0.8746452697100059
2025-10-28,2025-12-31,0.013944492020039771,0.09457614632696677,0.03772851009647594,0.011536709335470838,-0.04619480112746632,0.10178515502662074,0.8761663034517763
2025-10-29,2026-01-02,0.013893573892841857,0.09423080278618778,0.03772851009647594,0.011424290044789374,-0.05443234836702959,0.1010886469673406,0.8588718586408679
2025-10-30,2026-01-05,0.014110793380323025,0.09570405702905041,0.03772851009647594,0.0116825147786299,-0.03529595502108385,0.10151491488364829,0.8682779058222848
2025-10-31,2026-01-06,0.014334312322582771,0.09722003625293513,0.03772851009647594,0.011950428718055664,-0.06302260761845768,0.10065035614741406,0.8870370807405392
2025-11-03,2026-01-07,0.014310750622043207,0.09706023302491222,0.03772851009647594,0.0119052549575462,-0.06863047501542263,0.10024676125848242,0.8834997108830525
2025-11-04,2026-01-08,0.015394648640585942,0.10441158705472468,0.03772851009647594,0.012570858435184545,-0.02564102564102555,0.10101010101010102,0.9460995443536
2025-11-05,2026-01-09,0.015309863332566032,0.10383654511801274,0.03772851009647594,0.012405986263708568,-0.008339889850511262,0.1022816679779701,0.9445162092654735
2025-11-06,2026-01-12,0.015599508569412258,0.10580101469234432,0.03772851009647594,0.01284582696596614,0.011483404121440888,0.10224948875255624,0.9559368270923067
2025-11-07,2026-01-13,0.015813080427167153,0.1072495295067471,0.03772851009647594,0.013197754437069702,0.027629513343798928,0.10784929356357913,0.9711120922180797
2025-11-10,2026-01-14,0.01580769405184779,0.10721299733191823,0.03772851009647594,0.01313796213587575,0.022677510165780568,0.10744447919924915,0.9709777680703913
2025-11-11,2026-01-15,0.015974544983628977,0.10834463540925016,0.03772851009647594,0.013264490803588776,-0.01874327853740987,0.10554616684590551,0.9958773715324778
2025-11-12,2026-01-16,0.014967883400596306,0.10151712437178732,0.03753791931906524,0.012540600426387482,0.02425015954052334,0.10960433950223342,0.9825421774330019
2025-11-13,2026-01-19,0.014938035685085593,0.10131468731595122,0.03753791931906524,0.01239559502429585,0.016954523847251046,0.10885755030898416,0.916043002597966
2025-11-14,2026-01-20,0.014783765066147843,0.10026837307161443,0.03753791931906524,0.012241643819799653,-0.013221340799502435,0.10685954269715336,0.9203366586295437
2025-11-17,2026-01-21,0.015026254293317257,0.10191301502763042,0.03753791931906524,0.012561132896396883,0.009214430735592805,0.10729345619240965,0.9203366586295436
2025-11-18,2026-01-22,0.015154588251789959,0.10278341828203298,0.03753791931906524,0.012762062355829855,-0.010099440646364144,0.10674331883157226,0.9292750797869517
2025-11-19,2026-01-23,0.015400358900540648,0.10445031592202693,0.03753791931906524,0.012939196209815491,0.036098796706776515,0.1087713742875236,0.9624176983446213
2025-11-20,2026-01-26,0.01537281587417907,0.10426351002850878,0.03753791931906524,0.012897004759821752,0.03806781829814465,0.10988483685220714,0.9493590515161552
2025-11-21,2026-01-27,0.01580009279395819,0.10716144309262411,0.03753791931906524,0.013299862210523625,0.07868799482953626,0.1320084020035547,0.9836599801362972
2025-11-24,2026-01-28,0.01580603777669717,0.10720176392730386,0.03753791931906524,0.013307710507623628,0.0790690259843776,0.1450661565439183,0.9888179152731904
2025-11-25,2026-01-29,0.01615520577350534,0.1095699365012037,0.03753791931906524,0.013665170475616726,0.12617124394184165,0.1796445880452341,1.0252444035236292
2025-11-26,2026-01-30,0.01612989130162784,0.10939824539958197,0.03753791931906524,0.013510370951237964,0.11835361947469569,0.18001281229980773,1.0180682901840434
2025-11-27,2026-02-02,0.017976082050845357,0.12191972027256842,0.05172300147716762,0.014489593594222895,0.05387794024157655,0.17863954227590584,1.1399475579089633
2025-11-28,2026-02-03,0.018171223800268005,0.12324323601063716,0.05172300147716762,0.01477703236509249,0.0882541720154042,0.18035943517329903,1.1593270161756701
2025-12-01,2026-02-04,0.01817911539505744,0.12329675941059223,0.05172300147716762,0.014786981666780764,0.08874151271119546,0.17748302542239058,1.1678920066215175
2025-12-02,2026-02-05,0.018410420437109568,0.12486554653255043,0.05172300147716762,0.014986317011471023,0.07901907356948223,0.18015707645455994,1.1830276192152438
2025-12-03,2026-02-06,0.018458262137621296,0.1251900247323748,0.05172300147716762,0.015114456387996874,0.08525896414342626,0.17912350597609553,1.1804963952212797
2025-12-04,2026-02-09,0.018526189901198413,0.12565073323997056,0.05172300147716762,0.015232772743874199,0.09105254852453837,0.17737099573930876,1.1892297470650275
2025-12-05,2026-02-10,0.018509980988395982,0.12554079904467674,0.05172300147716762,0.015080896238625097,0.08174130911368627,0.1760100219229564,1.1857441251951384
2025-12-08,2026-02-11,0.01820741404011237,0.1234886901594301,0.05172300147716762,0.01478941868237061,0.11354549816088277,0.1797537182152566,1.1863160001339923
2025-12-09,2026-02-12,0.018794449666161978,0.12747015948714907,0.05172300147716762,0.015317174265693439,0.08741146168705738,0.1809401159047005,1.209522004041626
2025-12-10,2026-02-13,0.018782364692624433,0.12738819520878011,0.05172300147716762,0.015233677411200432,0.08333333333333326,0.1797824696097248,1.2083018986415899
2025-12-11,2026-02-16,0.01859798076877677,0.1261376425936618,0.05172300147716762,0.014938630348176652,0.10300568643379382,0.18261575954508522,1.2070922662043841
2025-12-12,2026-02-17,0.018710578130019383,0.12690131505283836,0.05172300147716762,0.01507697676368901,0.09616015753199858,0.18444371512963564,1.2093161919754132
2025-12-15,2026-02-18,0.01942678761005419,0.131758884083477,0.05172300147716762,0.015686889945914103,0.15876185721417868,0.18705275420203019,1.276112472895027
2025-12-16,2026-02-19,0.019278312271347128,0.1307518753420094,0.05172300147716762,0.01575132218650726,0.22239289981225463,0.22239289981225466,1.303397733684509
2025-12-17,2026-02-20,0.018955983682791642,0.1285657364914311,0.05172300147716762,0.01521551565260966,0.18064302287040102,0.20235333112363288,1.2857183747346994
2025-12-18,2026-02-23,0.018751807487201406,0.127180946158239,0.05172300147716762,0.014904684504004593,0.1972731863322672,0.20552095606800216,1.2596661048278532
2025-12-19,2026-02-24,0.018731769824171917,0.12704504411548231,0.05172300147716762,0.014678206149211207,0.18113772455089827,0.19128409846972733,1.2523056995867234
2025-12-22,2026-02-25,0.01851219709812553,0.12555582943214136,0.05172300147716762,0.014203288246160442,0.1516087097822556,0.1834579135521613,1.2480933284501368
2025-12-23,2026-02-26,0.01851694295592043,0.12558801740575937,0.05172300147716762,0.014091590593904687,0.14324935400516803,0.18233204134366934,1.23046385739193
2025-12-24,2026-02-27,0.01904552830454444,0.1291730576643727,0.05172300147716762,0.014809845057685754,0.18386157826649407,0.20827943078913316,1.279927817258186
