trade_date,thscode,pre_close,open_price,high_price,low_price,close_price,log_return,return_pct,volatility_7d,volatility_14d,volatility_30d,is_event_window,ovx,ovx_change,abs_return,ovx_lag1,ovx_change_lag1,ovx_lag3,ovx_change_lag3,ovx_lag5,ovx_change_lag5,ovx_lag10,ovx_change_lag10
2017-09-01,BRN0W.ICE,,52.86,52.94,52.27,52.69,,,,,,False,28.97,,,,,,,,,,
2017-09-04,BRN0W.ICE,52.69,52.75,52.78,52.01,52.2,-0.0093431893326013,-0.0092996773581324,,,,False,28.97,0.0,0.0093431893326013,28.97,,,,,,,
2017-09-05,BRN0W.ICE,52.2,52.29,53.64,52.09,53.19,0.018787913865633,0.0189655172413791,,,,False,29.58,0.6099999999999994,0.018787913865633,28.97,0.0,,,,,,
2017-09-06,BRN0W.ICE,53.19,53.15,54.28,53.1,54.17,0.0182568409155813,0.0184245158864448,0.0160903836463925,,,False,30.07,0.490000000000002,0.0182568409155813,29.58,0.6099999999999994,28.97,,,,,
2017-09-07,BRN0W.ICE,54.17,54.18,54.66,53.91,54.5,0.0060734519993908,0.0060919328041351,0.0132324349337752,,,False,29.73,-0.33999999999999986,0.0060734519993908,30.07,0.490000000000002,28.97,0.0,,,,
2017-09-08,BRN0W.ICE,54.5,54.55,54.85,53.6,53.75,-0.0138570346614262,-0.0137614678899082,0.0151917095457005,0.0151917095457005,,False,29.49,-0.240000000000002,0.0138570346614262,29.73,-0.33999999999999986,29.58,0.6099999999999994,28.97,,,
2017-09-11,BRN0W.ICE,53.75,53.87,54.13,53.07,53.93,0.0033432423413633,0.0033488372093022,0.0135903926871298,0.0135903926871298,,False,27.73,-1.759999999999998,0.0033432423413633,29.49,-0.240000000000002,30.07,0.490000000000002,28.97,0.0,,
2017-09-12,BRN0W.ICE,53.93,53.65,54.18,53.29,54.03,0.0018525385068388,0.0018542555164102,0.0124298456081572,0.0124298456081572,,False,27.59,-0.14000000000000057,0.0018525385068388,27.73,-1.759999999999998,29.73,-0.33999999999999986,29.58,0.6099999999999994,,
2017-09-13,BRN0W.ICE,54.03,53.97,54.91,53.83,54.75,0.0132379208406357,0.0133259300388672,0.0114023559205959,0.0120029318860828,,False,26.62,-0.9699999999999989,0.0132379208406357,27.59,-0.14000000000000057,29.49,-0.240000000000002,30.07,0.490000000000002,,
2017-09-14,BRN0W.ICE,54.75,54.73,55.64,54.63,55.05,0.0054644944720787,0.0054794520547944,0.0101090545440892,0.0112299391998494,,False,26.09,-0.5300000000000011,0.0054644944720787,26.62,-0.9699999999999989,27.73,-1.759999999999998,29.73,-0.33999999999999986,,
2017-09-15,BRN0W.ICE,55.05,55.07,55.56,54.63,55.33,0.0050733937413294,0.005086285195277,0.0082686443484721,0.0105878865371743,0.0105878865371743,False,26.65,0.5599999999999987,0.0050733937413294,26.09,-0.5300000000000011,27.59,-0.14000000000000057,29.49,-0.240000000000002,28.97,
2017-09-18,BRN0W.ICE,55.33,55.36,55.73,54.65,55.19,-0.0025334794586085,-0.0025302729080065,0.0083792973466715,0.010290841674571,0.010290841674571,False,27.53,0.8800000000000026,0.0025334794586085,26.65,0.5599999999999987,26.62,-0.9699999999999989,27.73,-1.759999999999998,28.97,0.0
2017-09-19,BRN0W.ICE,55.19,55.19,55.63,54.67,55.15,-0.0007250317518983,-0.0007247689798876,0.0051306944927391,0.0099149893194745,0.0099149893194745,False,25.76,-1.7699999999999996,0.0007250317518983,27.53,0.8800000000000026,26.09,-0.5300000000000011,27.59,-0.14000000000000057,29.58,0.6099999999999994
2017-09-20,BRN0W.ICE,55.15,55.08,56.06,55.02,55.82,0.0120754824086646,0.0121486854034451,0.0060213342233033,0.0097662396578386,0.0097662396578386,False,26.99,1.2299999999999969,0.0120754824086646,25.76,-1.7699999999999996,26.65,0.5599999999999987,26.62,-0.9699999999999989,30.07,0.490000000000002
2017-09-21,BRN0W.ICE,55.82,55.85,56.18,55.49,56.1,0.0050035844204746,0.0050161232533143,0.0058696000909284,0.0093843128872438,0.0093843128872438,False,26.3,-0.6899999999999977,0.0050035844204746,26.99,1.2299999999999969,27.53,0.8800000000000026,26.09,-0.5300000000000011,29.73,-0.33999999999999986
2017-09-22,BRN0W.ICE,56.1,56.15,56.46,55.91,56.42,0.0056878930451995,0.0057040998217468,0.0047745953460727,0.0084993701387598,0.0090483329074078,False,26.39,0.08999999999999986,0.0056878930451995,26.3,-0.6899999999999977,25.76,-1.7699999999999996,26.65,0.5599999999999987,29.49,-0.240000000000002
2017-09-25,BRN0W.ICE,56.42,56.42,58.64,56.23,58.52,0.0365448705780733,0.0372208436724565,0.0131506285653885,0.0114419060979437,0.0118471176741777,False,26.93,0.5399999999999991,0.0365448705780733,26.39,0.08999999999999986,26.99,1.2299999999999969,27.53,0.8800000000000026,27.73,-1.759999999999998
2017-09-26,BRN0W.ICE,58.52,58.51,58.87,57.24,58.03,-0.0084084579494066,-0.0083732057416268,0.0146747446231548,0.0116100393020025,0.0120316194743841,False,27.8,0.870000000000001,0.0084084579494066,26.93,0.5399999999999991,26.3,-0.6899999999999977,25.76,-1.7699999999999996,27.59,-0.14000000000000057
2017-09-27,BRN0W.ICE,58.03,58.08,58.33,57.26,57.32,-0.0123105152425457,-0.0122350508357745,0.0161072254713196,0.0124764543009217,0.0124186396315547,False,27.29,-0.5100000000000016,0.0123105152425457,27.8,0.870000000000001,26.39,0.08999999999999986,26.99,1.2299999999999969,26.62,-0.9699999999999989
2017-09-28,BRN0W.ICE,57.32,57.41,58.22,56.64,57.27,-0.0008726765542051,-0.0008722958827633,0.0161166915469707,0.0115249846559505,0.0121357700051298,False,27.18,-0.10999999999999943,0.0008726765542051,27.29,-0.5100000000000016,26.93,0.5399999999999991,26.3,-0.6899999999999977,26.09,-0.5300000000000011
2017-09-29,BRN0W.ICE,57.27,57.28,57.43,56.44,56.53,-0.0130054557185665,-0.0129212502182644,0.0171379133797588,0.0124460431924506,0.0124358438394297,False,26.83,-0.3500000000000014,0.0130054557185665,27.18,-0.10999999999999943,27.8,0.870000000000001,26.39,0.08999999999999986,26.65,0.5599999999999987
2017-10-02,BRN0W.ICE,57.27,56.75,56.75,55.53,56.07,-0.0081705605516182,-0.0081372722448257,0.0174487405068962,0.0128222198474151,0.0123863933873546,False,27.72,0.8900000000000006,0.0081705605516182,26.83,-0.3500000000000014,27.29,-0.5100000000000016,26.93,0.5399999999999991,27.53,0.8800000000000026
2017-10-03,BRN0W.ICE,57.27,56.06,56.39,55.7,55.72,-0.0062617612239762,-0.0062421972534332,0.0173751899965484,0.0126411094390263,0.0122467546205857,False,27.95,0.23000000000000043,0.0062617612239762,27.72,0.8900000000000006,27.18,-0.10999999999999943,27.8,0.870000000000001,25.76,-1.7699999999999996
2017-10-04,BRN0W.ICE,57.27,55.66,56.15,55.47,55.74,0.0003588731421971,0.0003589375448671,0.0051615184201423,0.0125838256120119,0.0119738347266064,False,27.04,-0.9100000000000001,0.0003588731421971,27.95,0.23000000000000043,26.83,-0.3500000000000014,27.29,-0.5100000000000016,26.99,1.2299999999999969
2017-10-05,BRN0W.ICE,57.27,55.75,57.18,55.7,56.99,0.0221777917931059,0.0224255471833512,0.0120601470803373,0.0137934381824517,0.0123838906207016,False,26.45,-0.5899999999999999,0.0221777917931059,27.04,-0.9100000000000001,27.72,0.8900000000000006,27.18,-0.10999999999999943,26.3,-0.6899999999999977
2017-10-06,BRN0W.ICE,57.27,56.96,57.25,55.14,55.68,-0.023254797820744,-0.0229864888576943,0.0140727880414085,0.0153536981176523,0.0132329388574442,False,27.59,1.1400000000000006,0.023254797820744,26.45,-0.5899999999999999,27.95,0.23000000000000043,26.83,-0.3500000000000014,26.39,0.08999999999999986
2017-10-09,BRN0W.ICE,56.53,55.51,55.96,55.09,55.77,0.0016150743752982,0.0016163793103449,0.0142000942707349,0.0153505331297658,0.0129661003014208,False,27.32,-0.2699999999999996,0.0016150743752982,27.59,1.1400000000000006,27.04,-0.9100000000000001,27.72,0.8900000000000006,26.93,0.5399999999999991
2017-10-10,BRN0W.ICE,55.77,55.76,56.9,55.75,56.55,0.013889112160667,0.0139860139860139,0.0149121572352911,0.0154602817029198,0.0129122873062933,False,26.54,-0.7800000000000011,0.013889112160667,27.32,-0.2699999999999996,26.45,-0.5899999999999999,27.95,0.23000000000000043,27.8,0.870000000000001
2017-10-11,BRN0W.ICE,56.55,56.29,56.77,55.94,56.45,-0.0017699119664583,-0.0017683465959327,0.0145149900960803,0.0154288843928927,0.012698026420595,False,26.43,-0.10999999999999943,0.0017699119664583,26.54,-0.7800000000000011,27.59,1.1400000000000006,27.04,-0.9100000000000001,27.29,-0.5100000000000016
2017-10-12,BRN0W.ICE,56.45,56.7,56.81,55.89,56.4,-0.0008861320916579,-0.0008857395925598,0.0142078792127762,0.0153568908969424,0.0124847029046849,False,25.85,-0.5799999999999983,0.0008861320916579,26.43,-0.10999999999999943,27.32,-0.2699999999999996,26.45,-0.5899999999999999,27.18,-0.10999999999999943
2017-10-13,BRN0W.ICE,56.4,56.42,57.56,56.35,57.2,0.014084739881739,0.0141843971631205,0.0149161541365716,0.0120624188591138,0.0124533556174176,False,25.73,-0.120000000000001,0.014084739881739,25.85,-0.5799999999999983,26.54,-0.7800000000000011,27.59,1.1400000000000006,26.83,-0.3500000000000014
2017-10-16,BRN0W.ICE,57.2,57.22,58.47,57.18,57.92,0.0125088496917087,0.0125874125874125,0.0132767941852182,0.0124474791911249,0.0123611047406566,False,26.32,0.5899999999999999,0.0125088496917087,25.73,-0.120000000000001,26.43,-0.10999999999999943,27.32,-0.2699999999999996,27.72,0.8900000000000006
2017-10-17,BRN0W.ICE,57.92,57.81,58.31,57.22,58.11,0.0032750180095532,0.0032803867403314,0.0071219881422266,0.0119623364899585,0.0120177518534777,False,25.87,-0.4499999999999993,0.0032750180095532,26.32,0.5899999999999999,25.85,-0.5799999999999983,26.54,-0.7800000000000011,27.95,0.23000000000000043
2017-10-18,BRN0W.ICE,58.11,58.24,58.51,57.77,58.2,0.0015475886503779,0.001548786783686,0.0071291169880539,0.0119510211151782,0.0116658783434096,False,26.41,0.5399999999999991,0.0015475886503779,25.87,-0.4499999999999993,25.73,-0.120000000000001,26.43,-0.10999999999999943,27.04,-0.9100000000000001
2017-10-19,BRN0W.ICE,58.2,57.89,57.96,56.81,57.01,-0.0206586636939016,-0.020446735395189,0.011469480470505,0.0127936768913812,0.0123743968696323,False,26.3,-0.10999999999999943,0.0206586636939016,26.41,0.5399999999999991,26.32,0.5899999999999999,25.85,-0.5799999999999983,26.45,-0.5899999999999999
2017-10-20,BRN0W.ICE,57.01,57.05,57.73,56.4,57.73,0.0125502780293516,0.0126293632696017,0.0121190502698904,0.0128986315931432,0.0121819888863314,False,24.51,-1.7899999999999991,0.0125502780293516,26.3,-0.10999999999999943,25.87,-0.4499999999999993,25.73,-0.120000000000001,27.59,1.1400000000000006
2017-10-23,BRN0W.ICE,57.73,57.8,57.86,57.21,57.23,-0.0086987326518312,-0.0086610081413476,0.0128934123844508,0.0130356389360107,0.0123464755840163,False,25.08,0.5699999999999967,0.0086987326518312,24.51,-1.7899999999999991,26.41,0.5399999999999991,26.32,0.5899999999999999,27.32,-0.2699999999999996
2017-10-24,BRN0W.ICE,57.23,57.33,58.36,56.95,58.36,0.0195524872335739,0.0197448890442075,0.0138700334255965,0.013844194616456,0.0127562988858979,False,25.6,0.5200000000000031,0.0195524872335739,25.08,0.5699999999999967,26.3,-0.10999999999999943,25.87,-0.4499999999999993,26.54,-0.7800000000000011
2017-10-25,BRN0W.ICE,58.36,58.23,58.49,57.69,58.24,-0.0020583197661543,-0.002056202878684,0.0132619657262437,0.0127733531379404,0.0126201541374422,False,25.44,-0.16000000000000014,0.0020583197661543,25.6,0.5200000000000031,24.51,-1.7899999999999991,26.41,0.5399999999999991,26.43,-0.10999999999999943
2017-10-26,BRN0W.ICE,58.24,58.16,59.29,57.86,59.22,0.0166869187850147,0.0168269230769231,0.0145842156027019,0.0111664883899856,0.0128880353690748,False,25.22,-0.22000000000000242,0.0166869187850147,25.44,-0.16000000000000014,25.08,0.5699999999999967,26.3,-0.10999999999999943,25.85,-0.5799999999999983
2017-10-27,BRN0W.ICE,59.22,59.15,60.33,58.61,60.21,0.0165791288029112,0.0167173252279635,0.015465701201486,0.0115873770928311,0.0131380596130222,False,25.18,-0.03999999999999915,0.0165791288029112,25.22,-0.22000000000000242,25.6,0.5200000000000031,24.51,-1.7899999999999991,25.73,-0.120000000000001
2017-10-30,BRN0W.ICE,60.21,60.45,60.67,59.95,60.53,0.0053006584272394,0.0053147317721309,0.0107109460888445,0.0113319866668345,0.0131058527968654,False,25.33,0.14999999999999858,0.0053006584272394,25.18,-0.03999999999999915,25.44,-0.16000000000000014,25.08,0.5699999999999967,26.32,0.5899999999999999
2017-10-31,BRN0W.ICE,60.53,60.56,61.18,60.27,61.18,0.0106812288191614,0.0107384767883693,0.0106177555062784,0.0112601568905994,0.0131570540240907,False,25.31,-0.019999999999999574,0.0106812288191614,25.33,0.14999999999999858,25.22,-0.22000000000000242,25.6,0.5200000000000031,25.87,-0.4499999999999993
2017-11-01,BRN0W.ICE,61.18,61.08,61.69,60.03,60.44,-0.0121692013182186,-0.0120954560313828,0.0115806946898834,0.0121408227985333,0.0133526790663605,False,25.65,0.33999999999999986,0.0121692013182186,25.31,-0.019999999999999574,25.18,-0.03999999999999915,25.44,-0.16000000000000014,26.41,0.5399999999999991
2017-11-02,BRN0W.ICE,60.44,60.51,60.82,60.05,60.7,0.0042925606609137,0.0043017868960952,0.0103720094528731,0.0118521958943993,0.0133489891127436,False,25.65,0.0,0.0042925606609137,25.65,0.33999999999999986,25.33,0.14999999999999858,25.22,-0.22000000000000242,26.3,-0.10999999999999943
2017-11-03,BRN0W.ICE,60.7,60.9,62.21,60.63,62.09,0.0226412473113488,0.0228995057660625,0.0114693490597737,0.0126765220960108,0.0138331095538784,False,24.82,-0.8299999999999983,0.0226412473113488,25.65,0.0,25.31,-0.019999999999999574,25.18,-0.03999999999999915,24.51,-1.7899999999999991
2017-11-06,BRN0W.ICE,62.09,62.27,64.4,62.15,64.11,0.0320154126223643,0.0325334192301496,0.0142705740691485,0.0145677270598997,0.0134766520008687,False,26.85,2.030000000000001,0.0320154126223643,24.82,-0.8299999999999983,25.65,0.33999999999999986,25.33,0.14999999999999858,25.08,0.5699999999999967
2017-11-07,BRN0W.ICE,64.11,64.09,64.6,63.5,63.54,-0.0089307291577958,-0.0088909686476368,0.0158750380945075,0.0151288126489601,0.013492280688212,False,28.75,1.8999999999999986,0.0089307291577958,26.85,2.030000000000001,25.65,0.0,25.31,-0.019999999999999574,25.6,0.5200000000000031
2017-11-08,BRN0W.ICE,63.54,63.75,64.61,62.95,63.49,-0.0007872156590115,-0.000786905886056,0.0161913695402557,0.0132197013576685,0.0132015769142785,False,27.99,-0.7600000000000016,0.0007872156590115,28.75,1.8999999999999986,24.82,-0.8299999999999983,25.65,0.33999999999999986,25.44,-0.16000000000000014
2017-11-09,BRN0W.ICE,63.49,63.55,64.21,63.29,63.81,0.0050275046978969,0.0050401638053236,0.0161074806739988,0.0131596885601532,0.0131795405508699,False,28.37,0.38000000000000256,0.0050275046978969,27.99,-0.7600000000000016,26.85,2.030000000000001,25.65,0.0,25.22,-0.22000000000000242
2017-11-10,BRN0W.ICE,63.81,63.83,64.26,63.38,63.6,-0.003296447534179,-0.003291020216267,0.0147282949648621,0.0127313729082917,0.012873254781546,False,29.4,1.0299999999999976,0.003296447534179,28.37,0.38000000000000256,28.75,1.8999999999999986,24.82,-0.8299999999999983,25.18,-0.03999999999999915
2017-11-13,BRN0W.ICE,63.6,63.76,63.76,62.69,63.13,-0.0074173779665422,-0.0073899371069182,0.0157535340703025,0.0128137989229976,0.0128495584190271,False,30.22,0.8200000000000003,0.0074173779665422,29.4,1.0299999999999976,27.99,-0.7600000000000016,26.85,2.030000000000001,25.33,0.14999999999999858
2017-11-14,BRN0W.ICE,63.13,63.11,63.16,61.25,61.52,-0.0258337671821456,-0.0255029304609535,0.0175677579165733,0.015252065998481,0.0138444206723988,False,30.08,-0.14000000000000057,0.0258337671821456,30.22,0.8200000000000003,28.37,0.38000000000000256,28.75,1.8999999999999986,25.31,-0.019999999999999574
2017-11-15,BRN0W.ICE,61.52,61.34,61.95,61.18,61.79,0.0043792138754996,0.0043888166449934,0.0105199552290454,0.0148074046816754,0.0138344161313682,False,29.84,-0.23999999999999844,0.0043792138754996,30.08,-0.14000000000000057,29.4,1.0299999999999976,27.99,-0.7600000000000016,25.65,0.33999999999999986
2017-11-16,BRN0W.ICE,61.79,61.78,62.01,61.21,61.29,-0.0081248415752478,-0.0080919242595889,0.0104774835700889,0.0145386734550073,0.0135214482210356,False,28.42,-1.4199999999999982,0.0081248415752478,29.84,-0.23999999999999844,30.22,0.8200000000000003,28.37,0.38000000000000256,25.65,0.0
2017-11-17,BRN0W.ICE,61.29,61.32,62.71,61.01,62.45,0.0187495390739463,0.0189264154021864,0.0138823029858001,0.0152522919540671,0.0129325961366463,False,26.96,-1.4600000000000009,0.0187495390739463,28.42,-1.4199999999999982,30.08,-0.14000000000000057,29.4,1.0299999999999976,24.82,-0.8299999999999983
2017-11-20,BRN0W.ICE,62.45,60.95,61.07,60.06,60.62,-0.0297413649419297,-0.0293034427542034,0.016727300992493,0.0172276479441701,0.014311006284838,False,27.18,0.21999999999999886,0.0297413649419297,26.96,-1.4600000000000009,29.84,-0.23999999999999844,30.22,0.8200000000000003,26.85,2.030000000000001
2017-11-21,BRN0W.ICE,60.62,61.96,62.62,61.93,62.5,0.0305416851126987,0.0310128670405807,0.0221095573245077,0.0187469062086613,0.0150601206222186,False,26.64,-0.5399999999999991,0.0305416851126987,27.18,0.21999999999999886,28.42,-1.4199999999999982,30.08,-0.14000000000000057,28.75,1.8999999999999986
2017-11-22,BRN0W.ICE,62.5,62.48,63.07,62.35,62.92,0.0066975214477213,0.00672,0.0222288602694169,0.01877663694338,0.015040486914415,False,26.83,0.18999999999999773,0.0066975214477213,26.64,-0.5399999999999991,26.96,-1.4600000000000009,29.84,-0.23999999999999844,27.99,-0.7600000000000016
2017-11-23,BRN0W.ICE,62.92,62.88,63.27,62.58,63.12,0.0031735983475417,0.0031786395422759,0.0192129852310451,0.0178747353275256,0.0150168187390578,False,26.83,0.0,0.0031735983475417,26.83,0.18999999999999773,27.18,0.21999999999999886,28.42,-1.4199999999999982,28.37,0.38000000000000256
2017-11-24,BRN0W.ICE,63.12,63.06,63.53,62.93,63.34,0.0034793645728749,0.0034854245880862,0.0192104430140193,0.0155652610779358,0.0148894850799518,False,26.88,0.05000000000000071,0.0034793645728749,26.83,0.0,26.64,-0.5399999999999991,26.96,-1.4600000000000009,29.4,1.0299999999999976
2017-11-27,BRN0W.ICE,63.34,63.49,63.51,62.75,63.31,-0.0004737465544585,-0.0004736343542784,0.0186455331520638,0.0153912108433798,0.0148039962238935,False,28.36,1.4800000000000004,0.0004737465544585,26.88,0.05000000000000071,26.83,0.18999999999999773,27.18,0.21999999999999886,30.22,0.8200000000000003
2017-11-28,BRN0W.ICE,63.31,62.6,62.7,62.08,62.31,-0.0159213679999045,-0.0157952930026852,0.018874023814492,0.0159524092210285,0.0151997564912228,False,28.13,-0.23000000000000043,0.0159213679999045,28.36,1.4800000000000004,26.83,0.0,26.64,-0.5399999999999991,30.08,-0.14000000000000057
2017-11-29,BRN0W.ICE,62.31,61.91,62.39,60.93,61.57,-0.0119471876330118,-0.0118761033541967,0.0150650594080089,0.0160758212408113,0.015421655987792,False,28.02,-0.10999999999999943,0.0119471876330118,28.13,-0.23000000000000043,26.88,0.05000000000000071,26.83,0.18999999999999773,29.84,-0.23999999999999844
2017-11-30,BRN0W.ICE,61.57,61.77,62.53,61.42,61.81,0.0038904247480631,0.0038980022738346,0.0087655931803061,0.0161647408549922,0.0148244202286801,False,25.95,-2.0700000000000003,0.0038904247480631,28.02,-0.10999999999999943,28.36,1.4800000000000004,26.83,0.0,28.42,-1.4199999999999982
2017-12-01,BRN0W.ICE,61.81,62.42,64.0,62.31,63.44,0.0260294136554106,0.0263711373564148,0.0135500053450239,0.0177067971532382,0.015329104722279,False,23.73,-2.219999999999999,0.0260294136554106,25.95,-2.0700000000000003,28.13,-0.23000000000000043,26.88,0.05000000000000071,26.96,-1.4600000000000009
2017-12-04,BRN0W.ICE,63.44,63.48,63.68,62.34,62.47,-0.015408135821114,-0.0152900378310214,0.0148510674573257,0.0167121932585326,0.0155551210291327,False,23.68,-0.05000000000000071,0.015408135821114,23.73,-2.219999999999999,28.02,-0.10999999999999943,28.36,1.4800000000000004,27.18,0.21999999999999886
2017-12-05,BRN0W.ICE,62.47,61.51,62.1,61.24,61.72,-0.0120784140105184,-0.0120057627661277,0.01514660297019,0.0170390016608367,0.0154605967972102,False,23.13,-0.5500000000000007,0.0120784140105184,23.68,-0.05000000000000071,25.95,-2.0700000000000003,28.13,-0.23000000000000043,26.64,-0.5399999999999991
2017-12-06,BRN0W.ICE,61.72,62.64,62.91,61.15,61.2,-0.0084608379766796,-0.0084251458198314,0.0151637748776042,0.0170514352331148,0.0155605018142483,False,23.13,0.0,0.0084608379766796,23.13,-0.5500000000000007,23.73,-2.219999999999999,28.02,-0.10999999999999943,26.83,0.18999999999999773
2017-12-07,BRN0W.ICE,61.2,60.39,61.14,60.25,60.95,-0.0040933335909998,-0.0040849673202614,0.0143612300676625,0.0161790755894988,0.0153289605110603,False,23.13,0.0,0.0040933335909998,23.13,0.0,23.68,-0.05000000000000071,25.95,-2.0700000000000003,26.83,0.0
2017-12-08,BRN0W.ICE,60.95,62.07,63.59,62.02,63.39,0.0392522643687943,0.0400328137817882,0.0207517550268271,0.0174504213029142,0.0166293744742493,False,23.85,0.7200000000000024,0.0392522643687943,23.13,0.0,23.13,-0.5500000000000007,23.73,-2.219999999999999,26.88,0.05000000000000071
2017-12-11,BRN0W.ICE,63.39,63.22,64.85,63.0,64.75,0.021227580283572,0.0214544880896039,0.0217257362849828,0.0164779454796219,0.0169979271431159,False,22.96,-0.8900000000000006,0.021227580283572,23.85,0.7200000000000024,23.13,0.0,23.68,-0.05000000000000071,28.36,1.4800000000000004
2017-12-12,BRN0W.ICE,64.75,64.72,65.79,63.1,63.86,-0.0138405132930111,-0.0137451737451737,0.0210092435546546,0.0169844634349894,0.0171670887052376,False,22.84,-0.120000000000001,0.0138405132930111,22.96,-0.8900000000000006,23.13,0.0,23.13,-0.5500000000000007,28.13,-0.23000000000000043
2017-12-13,BRN0W.ICE,63.86,63.13,63.58,61.76,62.02,-0.029236273614333,-0.0288130284998433,0.0233253531169796,0.0187871762551355,0.01790039565455,False,23.49,0.6499999999999986,0.029236273614333,22.84,-0.120000000000001,23.85,0.7200000000000024,23.13,0.0,28.02,-0.10999999999999943
2017-12-14,BRN0W.ICE,62.02,62.07,62.86,61.47,62.76,0.0118610141925288,0.0119316349564655,0.023190537083,0.0190809296567523,0.0180034750632229,False,23.0,-0.48999999999999844,0.0118610141925288,23.49,0.6499999999999986,22.96,-0.8900000000000006,23.13,0.0,25.95,-2.0700000000000003
2017-12-15,BRN0W.ICE,62.76,62.7,63.05,62.53,62.69,-0.0011159825789546,-0.0011153601019757,0.0227804476463138,0.0190812270095404,0.0175403895857353,False,21.25,-1.75,0.0011159825789546,23.0,-0.48999999999999844,22.84,-0.120000000000001,23.85,0.7200000000000024,23.73,-2.219999999999999
2017-12-18,BRN0W.ICE,62.69,62.79,63.28,62.56,62.9,0.0033442184205176,0.0033498165576646,0.0225429294865392,0.0185875883855186,0.0165044097570844,False,18.43,-2.8200000000000003,0.0033442184205176,21.25,-1.75,23.49,0.6499999999999986,22.96,-0.8900000000000006,23.68,-0.05000000000000071
2017-12-19,BRN0W.ICE,62.9,62.89,63.5,62.8,63.5,0.0094937421922511,0.0095389507154213,0.0170281348061144,0.0183495390297766,0.0165278581731464,False,18.88,0.4499999999999993,0.0094937421922511,18.43,-2.8200000000000003,23.0,-0.48999999999999844,22.84,-0.120000000000001,23.13,-0.5500000000000007
2017-12-20,BRN0W.ICE,63.5,63.46,64.14,63.3,64.05,0.0086241224440971,0.0086614173228345,0.0149836603462251,0.0184264436960499,0.0166019641722601,False,19.46,0.5800000000000018,0.0086241224440971,18.88,0.4499999999999993,21.25,-1.75,23.49,0.6499999999999986,23.13,0.0
2017-12-21,BRN0W.ICE,64.05,64.13,64.45,63.79,64.15,0.0015600627189024,0.001561280249805,0.0139754562472701,0.0171430980475808,0.0165799197411575,False,17.86,-1.6000000000000014,0.0015600627189024,19.46,0.5800000000000018,18.43,-2.8200000000000003,23.0,-0.48999999999999844,23.13,0.0
2017-12-22,BRN0W.ICE,64.15,64.18,64.75,63.94,64.53,0.0059061408861029,0.0059236165237723,0.0046562257110833,0.0165288774920938,0.016598557432335,False,19.26,1.4000000000000021,0.0059061408861029,17.86,-1.6000000000000014,18.88,0.4499999999999993,21.25,-1.75,23.85,0.7200000000000024
2017-12-26,BRN0W.ICE,64.53,64.81,66.51,64.49,66.2,0.0255502309952142,0.025879435921277,0.0087585399784892,0.017058804304473,0.0171399047009092,False,20.99,1.7299999999999969,0.0255502309952142,19.26,1.4000000000000021,19.46,0.5800000000000018,18.43,-2.8200000000000003,22.96,-0.8900000000000006
2017-12-27,BRN0W.ICE,66.2,66.18,66.34,65.5,65.92,-0.0042385773417462,-0.0042296072507552,0.0093381632992372,0.0168383183080152,0.0163856416666409,False,20.64,-0.34999999999999787,0.0042385773417462,20.99,1.7299999999999969,17.86,-1.6000000000000014,18.88,0.4499999999999993,22.84,-0.120000000000001
2017-12-28,BRN0W.ICE,65.92,65.96,66.32,65.77,66.2,0.0042385773417462,0.004247572815534,0.0092829356649126,0.0166264318952905,0.0163850471892465,False,20.71,0.07000000000000028,0.0042385773417462,20.64,-0.34999999999999787,19.26,1.4000000000000021,19.46,0.5800000000000018,23.49,0.6499999999999986
2017-12-29,BRN0W.ICE,66.2,66.17,66.95,66.17,66.62,0.0063243698225711,0.006344410876133,0.0092355543706826,0.0135991590200068,0.016280135040123,False,21.32,0.6099999999999994,0.0063243698225711,20.71,0.07000000000000028,20.99,1.7299999999999969,17.86,-1.6000000000000014,23.0,-0.48999999999999844
2018-01-02,BRN0W.ICE,66.62,66.71,67.28,66.27,66.55,-0.0010512879244131,-0.0010507355148605,0.0096412613710824,0.0126412028407767,0.0160094895845524,False,22.73,1.4100000000000001,0.0010512879244131,21.32,0.6099999999999994,20.64,-0.34999999999999787,19.26,1.4000000000000021,21.25,-1.75
2018-01-03,BRN0W.ICE,66.55,66.55,68.01,66.42,67.98,0.0212599994268493,0.0214876033057851,0.0110779183242871,0.0127470408657644,0.0151968014581539,False,22.75,0.019999999999999574,0.0212599994268493,22.73,1.4100000000000001,20.71,0.07000000000000028,20.99,1.7299999999999969,18.43,-2.8200000000000003
2018-01-04,BRN0W.ICE,67.98,67.83,68.26,67.65,68.06,0.0011761248047897,0.0011768167107972,0.0113870916379733,0.0084182139358536,0.0143376949159972,False,22.12,-0.629999999999999,0.0011761248047897,22.75,0.019999999999999574,21.32,0.6099999999999994,20.64,-0.34999999999999787,18.88,0.4499999999999993
2018-01-05,BRN0W.ICE,68.06,68.06,68.11,67.29,67.79,-0.0039749776298853,-0.0039670878636496,0.0088103334809854,0.0087209147472286,0.0143710659038861,False,22.3,0.17999999999999972,0.0039749776298853,22.12,-0.629999999999999,22.73,1.4100000000000001,20.71,0.07000000000000028,19.46,0.5800000000000018
2018-01-08,BRN0W.ICE,67.79,67.87,67.97,67.46,67.92,0.0019158505602175,0.0019176869744799,0.0082086473471371,0.0085803129835613,0.0143708224574942,False,21.9,-0.40000000000000213,0.0019158505602175,22.3,0.17999999999999972,22.75,0.019999999999999574,21.32,0.6099999999999994,17.86,-1.6000000000000014
2018-01-09,BRN0W.ICE,67.92,68.18,69.29,67.71,69.16,0.0180921188119977,0.0182567726737337,0.0097290751245566,0.0091520063671248,0.014652051673133,False,22.96,1.0600000000000023,0.0180921188119977,21.9,-0.40000000000000213,22.12,-0.629999999999999,22.73,1.4100000000000001,19.26,1.4000000000000021
2018-01-10,BRN0W.ICE,69.16,69.15,69.35,68.75,69.1,-0.0008679300414655,-0.0008675534991324,0.0100927605942521,0.0093325857350492,0.0146553858277557,False,23.52,0.5599999999999987,0.0008679300414655,22.96,1.0600000000000023,22.3,0.17999999999999972,22.75,0.019999999999999574,20.99,1.7299999999999969
2018-01-11,BRN0W.ICE,69.1,69.17,69.99,69.0,69.11,0.0001447073296788,0.0001447178002895,0.0099783491966139,0.0094264331703928,0.0142306440585251,False,23.52,0.0,0.0001447073296788,23.52,0.5599999999999987,21.9,-0.40000000000000213,22.12,-0.629999999999999,20.64,-0.34999999999999787
2018-01-12,BRN0W.ICE,69.11,69.19,69.92,68.64,69.81,0.010077827879007,0.0101287802054694,0.007634476053544,0.0094322449394483,0.0139746032430281,False,23.52,0.0,0.010077827879007,23.52,0.0,22.96,1.0600000000000023,22.3,0.17999999999999972,20.71,0.07000000000000028
2018-01-15,BRN0W.ICE,69.81,69.89,70.28,69.55,70.22,0.0058559047579759,0.0058730840853744,0.0075715834750483,0.0094323091361702,0.013977773037093,False,23.52,0.0,0.0058559047579759,23.52,0.0,23.52,0.5599999999999987,21.9,-0.40000000000000213,21.32,0.6099999999999994
2018-01-16,BRN0W.ICE,70.22,70.02,70.13,68.9,69.32,-0.0128997058928809,-0.012816861293079,0.0096855996573501,0.0088957207028146,0.0136904147250661,False,26.41,2.8900000000000006,0.0128997058928809,23.52,0.0,23.52,0.0,22.96,1.0600000000000023,22.73,1.4100000000000001
2018-01-17,BRN0W.ICE,69.32,68.99,69.16,68.21,69.07,-0.0036129817465237,-0.003606462781304,0.0100261122298111,0.0088564811528085,0.0133089301731526,False,24.78,-1.629999999999999,0.0036129817465237,26.41,2.8900000000000006,23.52,0.0,23.52,0.5599999999999987,22.75,0.019999999999999574
2018-01-18,BRN0W.ICE,69.07,69.13,69.24,68.41,68.77,-0.0043528797691367,-0.0043434197191254,0.0074214055783437,0.0090837345801171,0.0130727987589963,False,24.38,-0.40000000000000213,0.0043528797691367,24.78,-1.629999999999999,23.52,0.0,23.52,0.0,22.12,-0.629999999999999
2018-01-19,BRN0W.ICE,68.77,68.57,68.65,67.93,68.27,-0.0072971719015558,-0.007270612185546,0.0078173528627532,0.0093922958305551,0.0130374407531063,False,21.2,-3.1799999999999997,0.0072971719015558,24.38,-0.40000000000000213,26.41,2.8900000000000006,23.52,0.0,22.3,0.17999999999999972
2018-01-22,BRN0W.ICE,68.27,68.34,69.1,68.04,68.86,0.0086050264801889,0.0086421561447196,0.0087528744728461,0.0095245802955488,0.0129835954102786,False,22.03,0.8300000000000018,0.0086050264801889,21.2,-3.1799999999999997,24.78,-1.629999999999999,23.52,0.0,21.9,-0.40000000000000213
2018-01-23,BRN0W.ICE,68.86,68.84,69.8,68.73,69.42,0.0080995525232624,0.0081324426372348,0.0083776445774914,0.0080609433393616,0.0111950909424449,False,22.34,0.3099999999999987,0.0080995525232624,22.03,0.8300000000000018,24.38,-0.40000000000000213,26.41,2.8900000000000006,22.96,1.0600000000000023
2018-01-24,BRN0W.ICE,69.42,69.55,70.42,69.14,70.26,0.0120276364040409,0.0121002592912706,0.0094509194397067,0.0085354436300417,0.0107983666201771,False,23.93,1.5899999999999999,0.0120276364040409,22.34,0.3099999999999987,21.2,-3.1799999999999997,24.78,-1.629999999999999,23.52,0.5599999999999987
2018-01-25,BRN0W.ICE,70.26,70.42,70.74,69.59,69.59,-0.0095817679809223,-0.0095360091090236,0.008748472330195,0.0089715147970786,0.0105992772760873,False,22.35,-1.5799999999999983,0.0095817679809223,23.93,1.5899999999999999,22.03,0.8300000000000018,24.38,-0.40000000000000213,23.52,0.0
2018-01-26,BRN0W.ICE,69.59,69.68,70.43,69.65,69.94,0.005016852778471,0.0050294582554963,0.0086708858233999,0.009010878542606,0.0086961666290763,False,22.29,-0.060000000000002274,0.005016852778471,22.35,-1.5799999999999983,22.34,0.3099999999999987,21.2,-3.1799999999999997,23.52,0.0
2018-01-29,BRN0W.ICE,69.94,70.12,70.25,68.83,69.16,-0.01121507082014,-0.0111524163568773,0.0097958355518416,0.0083911628402099,0.0089929223597785,False,22.73,0.4400000000000013,0.01121507082014,22.29,-0.060000000000002274,23.93,1.5899999999999999,22.03,0.8300000000000018,23.52,0.0
2018-01-30,BRN0W.ICE,69.16,69.03,69.09,68.0,68.11,-0.0152986155618627,-0.0151821862348178,0.0112570815216326,0.0093387970513708,0.0095830626966187,False,22.9,0.16999999999999815,0.0152986155618627,22.73,0.4400000000000013,22.35,-1.5799999999999983,22.34,0.3099999999999987,26.41,2.8900000000000006
2018-01-31,BRN0W.ICE,68.11,67.92,68.98,67.84,68.88,0.0112418148662483,0.0113052415210688,0.0116435796575386,0.0099003069457945,0.0097072211780058,False,22.23,-0.6699999999999982,0.0112418148662483,22.9,0.16999999999999815,22.29,-0.060000000000002274,23.93,1.5899999999999999,24.78,-1.629999999999999
2018-02-01,BRN0W.ICE,68.88,68.97,69.97,68.82,69.78,0.0129815756391528,0.0130662020905925,0.0123325199398707,0.0101600585664985,0.0098077049487686,False,22.24,0.00999999999999801,0.0129815756391528,22.23,-0.6699999999999982,22.73,0.4400000000000013,22.35,-1.5799999999999983,24.38,-0.40000000000000213
2018-02-02,BRN0W.ICE,69.78,69.92,69.99,68.0,68.23,-0.0224630849312957,-0.022212668386357,0.0138654233804115,0.0116130718784345,0.0108006906095316,False,23.8,1.5600000000000023,0.0224630849312957,22.24,0.00999999999999801,22.9,0.16999999999999815,22.29,-0.060000000000002274,21.2,-3.1799999999999997
2018-02-05,BRN0W.ICE,68.23,68.14,68.42,66.9,66.91,-0.0195359180326068,-0.01934632859446,0.0149766713219254,0.0122099390898446,0.0115015579298823,False,25.91,2.1099999999999994,0.0195359180326068,23.8,1.5600000000000023,22.23,-0.6699999999999982,22.73,0.4400000000000013,22.03,0.8300000000000018
2018-02-06,BRN0W.ICE,66.91,67.1,67.54,66.56,67.22,0.0046223895022339,0.0046330892243311,0.0149306920682745,0.0123511826562089,0.0114866090036937,False,26.59,0.6799999999999997,0.0046223895022339,25.91,2.1099999999999994,22.24,0.00999999999999801,22.9,0.16999999999999815,22.34,0.3099999999999987
2018-02-07,BRN0W.ICE,67.22,67.22,67.68,65.19,65.35,-0.0282133822267286,-0.0278191014578994,0.017194205885485,0.0142154037978036,0.0117730488269946,False,26.79,0.1999999999999993,0.0282133822267286,26.59,0.6799999999999997,23.8,1.5600000000000023,22.23,-0.6699999999999982,23.93,1.5899999999999999
2018-02-08,BRN0W.ICE,65.35,65.29,65.6,64.11,64.31,-0.016042299923459,-0.0159143075745982,0.017248346484571,0.0145758677613101,0.0120974661782266,False,29.5,2.710000000000001,0.016042299923459,26.79,0.1999999999999993,25.91,2.1099999999999994,22.24,0.00999999999999801,22.35,-1.5799999999999983
2018-02-09,BRN0W.ICE,64.31,64.37,64.64,61.88,62.71,-0.0251942155918423,-0.0248794899704556,0.0158435282791797,0.0150703569756581,0.0128432192264824,False,29.85,0.3500000000000014,0.0251942155918423,29.5,2.710000000000001,26.59,0.6799999999999997,23.8,1.5600000000000023,22.29,-0.060000000000002274
2018-02-12,BRN0W.ICE,62.71,62.71,64.31,62.59,62.66,-0.0007976390308838,-0.0007973210014352,0.0125275401197964,0.0145786260559617,0.0127532726691801,False,29.42,-0.4299999999999997,0.0007976390308838,29.85,0.3500000000000014,26.79,0.1999999999999993,25.91,2.1099999999999994,22.73,0.4400000000000013
2018-02-13,BRN0W.ICE,62.66,62.79,63.1,61.83,62.61,-0.0007982757668265,-0.0007979572294924,0.0131454571136477,0.0136423429149445,0.0127540345457345,False,30.39,0.9699999999999989,0.0007982757668265,29.42,-0.4299999999999997,29.5,2.710000000000001,26.59,0.6799999999999997,22.9,0.16999999999999815
2018-02-14,BRN0W.ICE,62.61,62.5,64.22,61.72,64.0,0.0219580736024527,0.0222009263695894,0.0178439686569228,0.0158312581945049,0.0127985584569329,False,27.73,-2.66,0.0219580736024527,30.39,0.9699999999999989,29.85,0.3500000000000014,26.79,0.1999999999999993,22.23,-0.6699999999999982
2018-02-15,BRN0W.ICE,62.61,64.17,64.81,62.83,64.2,0.0031201273362436,0.003125,0.0176984194110615,0.0157377383865285,0.0128201547278245,False,27.57,-0.16000000000000014,0.0031201273362436,27.73,-2.66,29.42,-0.4299999999999997,29.5,2.710000000000001,22.24,0.00999999999999801
2018-02-16,BRN0W.ICE,62.61,64.22,64.85,63.87,64.6,0.0062112000926404,0.0062305295950153,0.0153014925867314,0.0159905928803823,0.0128992162175277,False,26.97,-0.6000000000000014,0.0062112000926404,27.57,-0.16000000000000014,30.39,0.9699999999999989,29.85,0.3500000000000014,23.8,1.5600000000000023
2018-02-19,BRN0W.ICE,62.61,64.56,65.61,64.56,65.33,0.0112369380641028,0.0113003095975232,0.0144763397752806,0.0162304957730133,0.0130977199015456,False,26.97,0.0,0.0112369380641028,26.97,-0.6000000000000014,27.73,-2.66,29.42,-0.4299999999999997,25.91,2.1099999999999994
2018-02-20,BRN0W.ICE,62.61,65.4,65.51,64.58,64.91,-0.0064496538072817,-0.0064288994336445,0.0093964998974958,0.0157189710260927,0.0126020570686031,False,27.58,0.6099999999999994,0.0064496538072817,26.97,0.0,27.57,-0.16000000000000014,30.39,0.9699999999999989,26.59,0.6799999999999997
2018-02-21,BRN0W.ICE,62.61,64.56,65.21,64.23,64.83,-0.0012332358584728,-0.0012324757356338,0.0094420526118994,0.0149618366768961,0.0126009879357942,False,26.93,-0.6499999999999986,0.0012332358584728,27.58,0.6099999999999994,26.97,-0.6000000000000014,27.73,-2.66,26.79,0.1999999999999993
2018-02-22,BRN0W.ICE,64.0,64.68,66.25,64.37,65.91,0.0165217158777241,0.0166589541878758,0.0099658961537334,0.0151396936396096,0.0130495208541333,False,24.98,-1.9499999999999993,0.0165217158777241,26.93,-0.6499999999999986,26.97,0.0,27.57,-0.16000000000000014,29.5,2.710000000000001
2018-02-23,BRN0W.ICE,65.91,65.99,67.09,65.58,66.9,0.0149087920695544,0.0150204824761039,0.008489054385351,0.0149507788323524,0.013226945065232,False,24.37,-0.6099999999999994,0.0149087920695544,24.98,-1.9499999999999993,27.58,0.6099999999999994,26.97,-0.6000000000000014,29.85,0.3500000000000014
2018-02-26,BRN0W.ICE,66.9,67.03,67.64,66.5,67.35,0.0067039357221901,0.006726457399103,0.0083703840522806,0.0150106282012653,0.0132439244884345,False,24.36,-0.010000000000001563,0.0067039357221901,24.37,-0.6099999999999994,26.93,-0.6499999999999986,26.97,0.0,29.42,-0.4299999999999997
2018-02-27,BRN0W.ICE,67.35,67.4,67.42,66.26,66.33,-0.0152606193189082,-0.0151447661469932,0.0118510199928179,0.0134464151892077,0.0133214562853226,False,25.29,0.9299999999999997,0.0152606193189082,24.36,-0.010000000000001563,24.98,-1.9499999999999993,27.58,0.6099999999999994,30.39,0.9699999999999989
2018-02-28,BRN0W.ICE,66.33,66.29,66.78,64.51,64.75,-0.0241085829578174,-0.0238202924770088,0.0151989608965789,0.0143764019892423,0.0139460753646103,False,26.92,1.6300000000000026,0.0241085829578174,25.29,0.9299999999999997,24.37,-0.6099999999999994,26.93,-0.6499999999999986,27.73,-2.66
2018-03-01,BRN0W.ICE,64.75,64.57,65.01,63.19,64.2,-0.0085304898837316,-0.0084942084942084,0.0153367824858715,0.0126758608606309,0.0139895892066502,False,26.98,0.05999999999999872,0.0085304898837316,26.92,1.6300000000000026,24.36,-0.010000000000001563,24.98,-1.9499999999999993,27.57,-0.16000000000000014
2018-03-02,BRN0W.ICE,64.2,64.05,64.64,63.23,64.56,0.0055918132657779,0.005607476635514,0.0155769146232941,0.0126949074129708,0.0140284422758914,False,26.15,-0.8300000000000018,0.0055918132657779,26.98,0.05999999999999872,25.29,0.9299999999999997,24.37,-0.6099999999999994,26.97,-0.6000000000000014
2018-03-05,BRN0W.ICE,64.56,64.71,65.85,64.14,65.56,0.0153707299139355,0.0154894671623295,0.0153708173590644,0.0131354989743384,0.0142550753812493,False,26.3,0.15000000000000213,0.0153707299139355,26.15,-0.8300000000000018,26.92,1.6300000000000026,24.36,-0.010000000000001563,26.97,0.0
2018-03-06,BRN0W.ICE,65.56,65.77,66.15,65.32,65.53,-0.0004577008242234,-0.00045759609518,0.0137743745021897,0.0120020301624066,0.0141386699172227,False,25.55,-0.75,0.0004577008242234,26.3,0.15000000000000213,26.98,0.05999999999999872,25.29,0.9299999999999997,27.58,0.6099999999999994
2018-03-07,BRN0W.ICE,65.53,65.2,65.75,63.95,64.58,-0.0146032877212764,-0.0144971768655578,0.0136375406939688,0.0127506670355174,0.0140684628601664,False,26.94,1.3900000000000006,0.0146032877212764,25.55,-0.75,26.15,-0.8300000000000018,26.92,1.6300000000000026,26.93,-0.6499999999999986
2018-03-08,BRN0W.ICE,64.58,64.46,64.56,63.5,63.87,-0.0110549977566313,-0.0109941158253329,0.0132486479868608,0.0129805474892211,0.0140954612134919,False,26.16,-0.7800000000000011,0.0110549977566313,26.94,1.3900000000000006,26.3,0.15000000000000213,26.98,0.05999999999999872,24.98,-1.9499999999999993
2018-03-09,BRN0W.ICE,63.87,63.93,65.63,63.7,65.49,0.0250476916564644,0.0253640206669798,0.0146339471077136,0.0144124572892642,0.0149310601518522,False,26.23,0.07000000000000028,0.0250476916564644,26.16,-0.7800000000000011,25.55,-0.75,26.15,-0.8300000000000018,24.37,-0.6099999999999994
2018-03-12,BRN0W.ICE,65.49,65.3,65.61,64.08,64.82,-0.0102832615165609,-0.0102305695526034,0.0148500429224169,0.0145834029445443,0.0149125990456767,False,24.02,-2.210000000000001,0.0102832615165609,26.23,0.07000000000000028,26.94,1.3900000000000006,26.3,0.15000000000000213,24.36,-0.010000000000001563
2018-03-13,BRN0W.ICE,64.82,64.78,65.51,63.96,64.62,-0.0030902373170489,-0.0030854674483182,0.0148014438063329,0.0146029439420455,0.0147068639373392,False,25.5,1.4800000000000004,0.0030902373170489,24.02,-2.210000000000001,26.16,-0.7800000000000011,25.55,-0.75,25.29,0.9299999999999997
2018-03-14,BRN0W.ICE,64.62,64.64,65.04,63.98,64.75,0.0020097401832947,0.0020117610646857,0.013293607507756,0.0138161015895316,0.0145209828114566,False,25.21,-0.28999999999999915,0.0020097401832947,25.5,1.4800000000000004,26.23,0.07000000000000028,26.94,1.3900000000000006,26.92,1.6300000000000026
2018-03-15,BRN0W.ICE,64.75,64.79,65.18,64.48,64.82,0.0010804971337541,0.001081081081081,0.0133316895805774,0.0130433004402122,0.0142560045818729,False,25.07,-0.14000000000000057,0.0010804971337541,25.21,-0.28999999999999915,24.02,-2.210000000000001,26.16,-0.7800000000000011,26.98,0.05999999999999872
2018-03-16,BRN0W.ICE,64.82,64.94,66.24,64.76,65.86,0.015917079234817,0.0160444307312559,0.0133443261498863,0.0137437490555186,0.0141202934316092,False,24.53,-0.5399999999999991,0.015917079234817,25.07,-0.14000000000000057,25.5,1.4800000000000004,26.23,0.07000000000000028,26.15,-0.8300000000000018
2018-03-19,BRN0W.ICE,65.86,65.98,66.18,65.26,65.86,0.0,0.0,0.0120191690244026,0.0131699809209737,0.0136883637112576,False,25.28,0.75,0.0,24.53,-0.5399999999999991,25.21,-0.28999999999999915,24.02,-2.210000000000001,26.3,0.15000000000000213
2018-03-20,BRN0W.ICE,65.86,65.92,67.58,65.91,67.3,0.0216289597024638,0.0218645611904038,0.01107163802334,0.0125221560175003,0.0142496284305393,False,25.3,0.019999999999999574,0.0216289597024638,25.28,0.75,25.07,-0.14000000000000057,25.5,1.4800000000000004,25.55,-0.75
2018-03-21,BRN0W.ICE,67.3,67.32,69.44,67.17,69.42,0.0310147737829581,0.0315007429420506,0.0130787706457714,0.0141358470610308,0.0143031196515668,False,25.95,0.6499999999999986,0.0310147737829581,25.3,0.019999999999999574,24.53,-0.5399999999999991,25.21,-0.28999999999999915,26.94,1.3900000000000006
2018-03-22,BRN0W.ICE,69.42,69.22,69.3,68.15,68.3,-0.0162652438568958,-0.0161336790550273,0.0158882524731662,0.0152943953528995,0.0143128791982733,False,26.47,0.5199999999999996,0.0162652438568958,25.95,0.6499999999999986,25.28,0.75,25.07,-0.14000000000000057,26.16,-0.7800000000000011
2018-03-23,BRN0W.ICE,68.3,68.61,69.9,68.34,69.75,0.0210076541247307,0.0212298682284042,0.0163284464311989,0.0156853302084196,0.0137601487794542,False,27.56,1.0899999999999999,0.0210076541247307,26.47,0.5199999999999996,25.3,0.019999999999999574,24.53,-0.5399999999999991,26.23,0.07000000000000028
2018-03-26,BRN0W.ICE,69.75,69.85,70.4,69.12,69.52,-0.0033029397443384,-0.0032974910394265,0.0168318395588216,0.0157716574169714,0.0137949809108675,False,27.71,0.15000000000000213,0.0033029397443384,27.56,1.0899999999999999,25.95,0.6499999999999986,25.28,0.75,24.02,-2.210000000000001
2018-03-27,BRN0W.ICE,69.52,69.6,70.39,68.8,68.89,-0.0091034513520321,-0.0090621403912543,0.0179831614191962,0.0153289674378135,0.0139657242288621,False,27.38,-0.33000000000000185,0.0091034513520321,27.71,0.15000000000000213,26.47,0.5199999999999996,25.3,0.019999999999999574,25.5,1.4800000000000004
2018-03-28,BRN0W.ICE,68.89,69.05,69.38,68.03,69.0,0.0015954749921549,0.0015967484395413,0.0178980559439667,0.0146939248962424,0.0135092920225573,False,26.67,-0.7099999999999973,0.0015954749921549,27.38,-0.33000000000000185,27.56,1.0899999999999999,25.95,0.6499999999999986,25.21,-0.28999999999999915
2018-03-29,BRN0W.ICE,69.0,69.0,69.74,68.26,69.35,0.0050596421635811,0.0050724637681158,0.0166388178038379,0.0135791866830287,0.0135169639119152,False,25.07,-1.6000000000000014,0.0050596421635811,26.67,-0.7099999999999973,27.71,0.15000000000000213,26.47,0.5199999999999996,25.07,-0.14000000000000057
2018-04-02,BRN0W.ICE,69.35,69.44,70.02,67.49,67.57,-0.0260020491967573,-0.0256669069935111,0.0152735443909683,0.0153884015694651,0.0144642128205448,False,27.53,2.460000000000001,0.0260020491967573,25.07,-1.6000000000000014,27.38,-0.33000000000000185,27.56,1.0899999999999999,24.53,-0.5399999999999991
2018-04-03,BRN0W.ICE,67.57,67.68,68.35,67.63,68.18,0.0089871691456741,0.0090276750037001,0.0148306175416539,0.0153611665208402,0.0144177376392893,False,26.89,-0.6400000000000006,0.0089871691456741,27.53,2.460000000000001,26.67,-0.7099999999999973,27.71,0.15000000000000213,25.28,0.75
2018-04-04,BRN0W.ICE,68.18,68.19,68.28,66.73,68.28,0.0014656312164827,0.0014667057788206,0.0116628724638721,0.0153668148808267,0.0143409145997143,False,26.17,-0.7199999999999989,0.0014656312164827,26.89,-0.6400000000000006,25.07,-1.6000000000000014,27.38,-0.33000000000000185,25.3,0.019999999999999574
2018-04-05,BRN0W.ICE,68.18,68.36,68.87,67.75,68.5,0.0032168473419397,0.0032220269478617,0.0118966401285413,0.0153484176424179,0.0143326780217586,False,24.38,-1.7900000000000027,0.0032168473419397,26.17,-0.7199999999999989,27.53,2.460000000000001,26.67,-0.7099999999999973,25.95,0.6499999999999986
2018-04-06,BRN0W.ICE,68.18,68.05,68.59,66.89,66.93,-0.0231864481556286,-0.0229197080291969,0.0142367623573334,0.0165156499293306,0.0147568802024449,False,24.99,0.6099999999999994,0.0231864481556286,24.38,-1.7900000000000027,26.89,-0.6400000000000006,25.07,-1.6000000000000014,26.47,0.5199999999999996
2018-04-09,BRN0W.ICE,68.28,67.1,68.78,67.09,68.6,0.0246452376192885,0.0249514418048706,0.0179589446393153,0.0176574879585639,0.0151852779707301,False,25.64,0.6500000000000021,0.0246452376192885,24.99,0.6099999999999994,26.17,-0.7199999999999989,27.53,2.460000000000001,27.56,1.0899999999999999
2018-04-10,BRN0W.ICE,68.6,68.51,71.32,68.47,71.04,0.0349505639520753,0.0355685131195337,0.0225576991984354,0.0190479379104063,0.0163895854922212,False,28.05,2.41,0.0349505639520753,25.64,0.6500000000000021,24.38,-1.7900000000000027,26.89,-0.6400000000000006,27.71,0.15000000000000213
2018-04-11,BRN0W.ICE,71.04,71.05,73.04,70.58,71.95,0.012728334649462,0.0128096846846845,0.0185215171409042,0.0176159969208029,0.0161815338161964,False,29.42,1.370000000000001,0.012728334649462,28.05,2.41,24.99,0.6099999999999994,26.17,-0.7199999999999989,27.38,-0.33000000000000185
2018-04-12,BRN0W.ICE,71.95,72.0,72.47,71.14,72.2,0.0034686125654037,0.0034746351633079,0.018637870263981,0.0167629308516217,0.0153682997909265,False,28.73,-0.6900000000000013,0.0034686125654037,29.42,1.370000000000001,25.64,0.6500000000000021,24.38,-1.7900000000000027,26.67,-0.7099999999999973
2018-04-13,BRN0W.ICE,72.2,71.89,72.84,71.69,72.62,0.0058003200874092,0.0058171745152355,0.018448493684827,0.0160513303302072,0.0151990647297721,False,28.52,-0.21000000000000085,0.0058003200874092,28.73,-0.6900000000000013,28.05,2.41,24.99,0.6099999999999994,25.07,-1.6000000000000014
2018-04-16,BRN0W.ICE,72.62,72.68,72.68,71.14,71.57,-0.0145643742356837,-0.0144588267694851,0.0204603507845638,0.0166558173988915,0.0155721293140936,False,28.84,0.3200000000000003,0.0145643742356837,28.52,-0.21000000000000085,29.42,1.370000000000001,25.64,0.6500000000000021,27.53,2.460000000000001
2018-04-17,BRN0W.ICE,71.57,70.98,71.24,70.25,71.07,-0.0070106849117023,-0.0069861673885706,0.017239931110147,0.016556864513177,0.0155166700462951,False,27.88,-0.9600000000000009,0.0070106849117023,28.84,0.3200000000000003,28.73,-0.6900000000000013,28.05,2.41,26.89,-0.6400000000000006
2018-04-18,BRN0W.ICE,71.07,71.11,73.22,71.11,73.2,0.0295301141284623,0.0299704516673704,0.0180774100075359,0.018087615690438,0.016255241483848,False,29.42,1.5400000000000027,0.0295301141284623,27.88,-0.9600000000000009,28.52,-0.21000000000000085,29.42,1.370000000000001,26.17,-0.7199999999999989
2018-04-19,BRN0W.ICE,73.2,73.12,73.97,72.82,72.93,-0.0036953439711241,-0.0036885245901638,0.0144692176257549,0.0182073268775397,0.0159511056835175,False,29.36,-0.060000000000002274,0.0036953439711241,29.42,1.5400000000000027,28.84,0.3200000000000003,28.73,-0.6900000000000013,24.38,-1.7900000000000027
2018-04-20,BRN0W.ICE,72.93,73.17,73.46,72.23,73.02,0.0012332992313489,0.0012340600575893,0.0139225190025935,0.0161392537160681,0.0157056510365432,False,28.99,-0.370000000000001,0.0012332992313489,29.36,-0.060000000000002274,27.88,-0.9600000000000009,28.52,-0.21000000000000085,24.99,0.6099999999999994
2018-04-23,BRN0W.ICE,73.02,73.15,74.39,72.49,74.32,0.0176467182780921,0.01780334155026,0.0151320778642005,0.0164445537857567,0.0154268112891375,False,28.97,-0.019999999999999574,0.0176467182780921,28.99,-0.370000000000001,29.42,1.5400000000000027,28.84,0.3200000000000003,25.64,0.6500000000000021
2018-04-24,BRN0W.ICE,74.32,74.43,74.62,72.9,73.07,-0.0169622087024565,-0.0168191603875134,0.0170398867642574,0.0175495287547488,0.015689235117026,False,29.15,0.17999999999999972,0.0169622087024565,28.97,-0.019999999999999574,29.36,-0.060000000000002274,27.88,-0.9600000000000009,28.05,2.41
2018-04-25,BRN0W.ICE,73.07,73.22,73.38,72.44,73.28,0.0028698345627484,0.0028739564800877,0.0156208635035787,0.0175522469120572,0.0156340814570654,False,28.16,-0.9899999999999984,0.0028698345627484,29.15,0.17999999999999972,28.99,-0.370000000000001,29.42,1.5400000000000027,29.42,1.370000000000001
2018-04-26,BRN0W.ICE,73.28,73.5,74.14,73.32,73.9,0.0084251075882813,0.0084606986899564,0.0149873850006668,0.0155969255626436,0.0156470709201815,False,26.86,-1.3000000000000007,0.0084251075882813,28.16,-0.9899999999999984,28.97,-0.019999999999999574,29.36,-0.060000000000002274,28.73,-0.6900000000000013
2018-04-27,BRN0W.ICE,73.9,73.86,74.08,73.52,73.7,-0.0027100287588652,-0.0027063599458728,0.0107567217076186,0.0149256531998719,0.0156900954506953,False,25.59,-1.2699999999999996,0.0027100287588652,26.86,-1.3000000000000007,29.15,0.17999999999999972,28.99,-0.370000000000001,28.52,-0.21000000000000085
2018-05-01,BRN0W.ICE,73.9,74.68,74.95,72.76,73.38,-0.004351380268155,-0.0043419267299865,0.0108069098184316,0.0123592363313658,0.0156078713461794,False,28.07,2.4800000000000004,0.004351380268155,25.59,-1.2699999999999996,28.16,-0.9899999999999984,28.97,-0.019999999999999574,28.84,0.3200000000000003
2018-05-02,BRN0W.ICE,73.7,73.27,73.61,72.41,73.07,-0.0042335331240095,-0.0042245843554101,0.0109732721568788,0.0120882992318889,0.015660629874143,False,27.32,-0.75,0.0042335331240095,28.07,2.4800000000000004,26.86,-1.3000000000000007,29.15,0.17999999999999972,27.88,-0.9600000000000009
2018-05-03,BRN0W.ICE,73.07,73.09,74.05,72.5,73.68,0.0083135061439251,0.0083481592993022,0.0088465166714409,0.0122297439123673,0.0153128487605883,False,26.69,-0.629999999999999,0.0083135061439251,27.32,-0.75,25.59,-1.2699999999999996,28.16,-0.9899999999999984,29.42,1.5400000000000027
2018-05-04,BRN0W.ICE,73.68,73.8,75.03,73.25,75.0,0.017756721589259,0.017915309446254,0.0082738713052348,0.0129530329857915,0.0146541693356004,False,26.17,-0.5199999999999996,0.017756721589259,26.69,-0.629999999999999,28.07,2.4800000000000004,26.86,-1.3000000000000007,29.36,-0.060000000000002274
2018-05-07,BRN0W.ICE,75.0,75.0,76.3,74.83,75.56,0.0074389290969984,0.0074666666666667,0.0083748382538403,0.0120525241604308,0.014236269115992,False,28.86,2.6899999999999977,0.0074389290969984,26.17,-0.5199999999999996,27.32,-0.75,25.59,-1.2699999999999996,28.99,-0.370000000000001
2018-05-08,BRN0W.ICE,75.56,75.52,76.08,73.63,75.95,0.0051481864084731,0.0051614610905241,0.0082006231417684,0.0116387435767071,0.0138477845127515,False,26.76,-2.099999999999998,0.0051481864084731,28.86,2.6899999999999977,26.69,-0.629999999999999,28.07,2.4800000000000004,28.97,-0.019999999999999574
2018-05-09,BRN0W.ICE,75.95,76.14,77.42,76.14,77.38,0.0186531202305849,0.0188281764318629,0.0092365648486829,0.0101209480475797,0.0140900855450615,False,26.71,-0.05000000000000071,0.0186531202305849,26.76,-2.099999999999998,26.17,-0.5199999999999996,27.32,-0.75,29.15,0.17999999999999972
2018-05-10,BRN0W.ICE,77.38,77.43,77.95,76.52,77.53,0.0019366089585008,0.0019384853967434,0.0082007473531316,0.009902548544725,0.0138904127628463,False,26.61,-0.10000000000000142,0.0019366089585008,26.71,-0.05000000000000071,28.86,2.6899999999999977,26.69,-0.629999999999999,28.16,-0.9899999999999984
2018-05-11,BRN0W.ICE,77.53,77.5,77.58,76.96,77.18,-0.0045246021213949,-0.0045143815297303,0.0082727033960285,0.0101590452193096,0.0139707191551943,False,25.74,-0.870000000000001,0.0045246021213949,26.61,-0.10000000000000142,26.76,-2.099999999999998,26.17,-0.5199999999999996,26.86,-1.3000000000000007
2018-05-14,BRN0W.ICE,77.18,76.97,78.52,76.58,78.52,0.0172130132987875,0.0173620108836485,0.009012408033204,0.0101146550938842,0.0141850341073975,False,25.93,0.19000000000000128,0.0172130132987875,25.74,-0.870000000000001,26.71,-0.05000000000000071,28.86,2.6899999999999977,25.59,-1.2699999999999996
2018-05-15,BRN0W.ICE,78.52,78.14,79.18,77.71,77.96,-0.0071574947689002,-0.0071319409067753,0.0098951072255731,0.0088127015895245,0.0131863430601095,False,26.61,0.6799999999999997,0.0071574947689002,25.93,0.19000000000000128,26.61,-0.10000000000000142,26.76,-2.099999999999998,28.07,2.4800000000000004
2018-05-16,BRN0W.ICE,77.96,77.93,79.27,77.58,79.27,0.0166638722097044,0.0168034889687018,0.0107675964585867,0.0093555240771965,0.01334458415137,False,25.73,-0.879999999999999,0.0166638722097044,26.61,0.6799999999999997,25.74,-0.870000000000001,26.71,-0.05000000000000071,27.32,-0.75
2018-05-17,BRN0W.ICE,79.27,79.18,80.35,79.09,79.49,0.0027714807359567,0.0027753248391573,0.0108671235430168,0.0093467843931138,0.013334704365703,False,25.11,-0.620000000000001,0.0027714807359567,25.73,-0.879999999999999,25.93,0.19000000000000128,26.61,-0.10000000000000142,26.69,-0.629999999999999
2018-05-18,BRN0W.ICE,79.49,79.42,79.77,78.37,78.72,-0.0097339748410231,-0.0096867530506981,0.0108761655884416,0.0099721180050794,0.0136035930997571,False,25.23,0.120000000000001,0.0097339748410231,25.11,-0.620000000000001,26.61,0.6799999999999997,25.74,-0.870000000000001,26.17,-0.5199999999999996
2018-05-21,BRN0W.ICE,78.72,78.65,79.62,78.14,79.41,0.0087270521631216,0.008765243902439,0.0111224985649698,0.0096661839248796,0.0125607609268408,False,25.79,0.5599999999999987,0.0087270521631216,25.23,0.120000000000001,25.73,-0.879999999999999,25.93,0.19000000000000128,28.86,2.6899999999999977
2018-05-22,BRN0W.ICE,79.41,79.46,80.47,79.23,79.44,0.0003777148297975,0.000377786173026,0.010684399058936,0.0093781010166076,0.0120704052557295,False,25.89,0.10000000000000142,0.0003777148297975,25.79,0.5599999999999987,25.11,-0.620000000000001,26.61,0.6799999999999997,26.76,-2.099999999999998
2018-05-23,BRN0W.ICE,79.44,79.52,79.86,78.33,79.71,0.0033930287029145,0.0033987915407853,0.0090077814699844,0.009375731456658,0.0106521379537106,False,26.04,0.14999999999999858,0.0033930287029145,25.89,0.10000000000000142,25.23,0.120000000000001,25.73,-0.879999999999999,26.71,-0.05000000000000071
2018-05-24,BRN0W.ICE,79.71,79.77,79.82,78.66,78.88,-0.0104673381454518,-0.0104127462049931,0.0096422304400819,0.0095968469989467,0.0108250376020151,False,25.37,-0.6699999999999982,0.0104673381454518,26.04,0.14999999999999858,25.79,0.5599999999999987,25.11,-0.620000000000001,26.61,-0.10000000000000142
2018-05-25,BRN0W.ICE,78.88,78.84,78.94,76.06,76.45,-0.0312907779193085,-0.0308062880324542,0.0134875517828062,0.0132809842990935,0.0125095260411669,False,27.76,2.3900000000000006,0.0312907779193085,25.37,-0.6699999999999982,25.89,0.10000000000000142,25.23,0.120000000000001,25.74,-0.870000000000001
2018-05-28,BRN0W.ICE,76.45,76.12,76.12,74.56,75.34,-0.0146257301111762,-0.0145192936559842,0.0133817497731482,0.0138273884531679,0.0128417515818837,False,27.76,0.0,0.0146257301111762,27.76,2.3900000000000006,26.04,0.14999999999999858,25.79,0.5599999999999987,25.93,0.19000000000000128
2018-05-29,BRN0W.ICE,75.34,75.81,76.21,74.7,75.54,0.0026511150204157,0.0026546323334217,0.0138716272256088,0.01273372740173,0.012491698451931,False,29.04,1.2799999999999976,0.0026511150204157,27.76,0.0,25.37,-0.6699999999999982,25.89,0.10000000000000142,26.61,0.6799999999999997
2018-05-30,BRN0W.ICE,75.54,75.53,77.95,74.91,77.86,0.0302500248979988,0.030712205454064,0.0190649280063236,0.0153405347949645,0.0134045339847816,False,27.9,-1.1400000000000006,0.0302500248979988,29.04,1.2799999999999976,27.76,2.3900000000000006,26.04,0.14999999999999858,25.73,-0.879999999999999
2018-05-31,BRN0W.ICE,77.86,77.62,79.07,77.0,77.61,-0.0032160573162621,-0.0032108913434368,0.0190129084252175,0.0153128171820266,0.0124741601510535,False,27.61,-0.28999999999999915,0.0032160573162621,27.9,-1.1400000000000006,27.76,0.0,25.37,-0.6699999999999982,25.11,-0.620000000000001
2018-06-01,BRN0W.ICE,77.61,77.69,77.94,76.36,76.71,-0.0116642068948426,-0.0115964437572478,0.0189773274315396,0.0148100611032358,0.012681640127414,False,28.65,1.0399999999999991,0.0116642068948426,27.61,-0.28999999999999915,29.04,1.2799999999999976,27.76,2.3900000000000006,25.23,0.120000000000001
2018-06-04,BRN0W.ICE,76.71,76.51,76.91,75.21,75.37,-0.0176227601158262,-0.0174683874331897,0.0194768514416286,0.0153623805553679,0.0131629143812553,False,29.49,0.8399999999999999,0.0176227601158262,28.65,1.0399999999999991,27.9,-1.1400000000000006,27.76,0.0,25.79,0.5599999999999987
2018-06-05,BRN0W.ICE,75.37,75.47,75.73,73.82,74.96,-0.0054546799252119,-0.0054398301711557,0.0161625830053343,0.0143537743959677,0.0128303905815456,False,29.3,-0.18999999999999773,0.0054546799252119,29.49,0.8399999999999999,27.61,-0.28999999999999915,29.04,1.2799999999999976,25.89,0.10000000000000142
2018-06-06,BRN0W.ICE,74.96,75.23,76.24,74.57,75.86,0.0119348983305861,0.0120064034151547,0.0160441442434247,0.0148850647851442,0.0125729877841189,False,29.14,-0.16000000000000014,0.0119348983305861,29.3,-0.18999999999999773,28.65,1.0399999999999991,27.9,-1.1400000000000006,26.04,0.14999999999999858
2018-06-07,BRN0W.ICE,75.86,75.86,77.44,75.44,77.44,0.0206139067075687,0.0208278407592934,0.0177059142895154,0.016046540663832,0.0130598042410426,False,28.05,-1.0899999999999999,0.0206139067075687,29.14,-0.16000000000000014,29.49,0.8399999999999999,27.61,-0.28999999999999915,25.37,-0.6699999999999982
2018-06-08,BRN0W.ICE,77.44,77.52,77.58,76.21,76.34,-0.0143063956512378,-0.0142045454545454,0.0141611693758045,0.0161341996742044,0.0133214092055568,False,27.59,-0.46000000000000085,0.0143063956512378,28.05,-1.0899999999999999,29.3,-0.18999999999999773,28.65,1.0399999999999991,27.76,2.3900000000000006
2018-06-11,BRN0W.ICE,76.34,76.37,76.82,75.57,76.36,0.0002619515404631,0.0002619858527639,0.0142057573105035,0.01613246642602,0.0133032691470174,False,26.86,-0.7300000000000004,0.0002619515404631,27.59,-0.46000000000000085,29.14,-0.16000000000000014,29.49,0.8399999999999999,27.76,0.0
2018-06-12,BRN0W.ICE,76.36,76.52,77.07,75.43,75.43,-0.0122539249920072,-0.0121791513881612,0.0142720045547426,0.0162104022642228,0.0134934904321256,False,26.58,-0.28000000000000114,0.0122539249920072,26.86,-0.7300000000000004,28.05,-1.0899999999999999,29.3,-0.18999999999999773,29.04,1.2799999999999976
2018-06-13,BRN0W.ICE,75.43,75.16,76.57,75.05,76.27,0.0110746023106075,0.01113615272438,0.0132573640314505,0.0165619592489236,0.0135811066513559,False,27.08,0.5,0.0110746023106075,26.58,-0.28000000000000114,27.59,-0.46000000000000085,29.14,-0.16000000000000014,27.9,-1.1400000000000006
2018-06-14,BRN0W.ICE,76.27,76.3,76.58,75.46,75.63,-0.0084266463082091,-0.0083912416415367,0.0135684607301761,0.014492279448439,0.0136322821292996,False,26.69,-0.389999999999997,0.0084266463082091,27.08,0.5,26.86,-0.7300000000000004,28.05,-1.0899999999999999,27.61,-0.28999999999999915
2018-06-15,BRN0W.ICE,75.63,75.61,75.72,72.67,72.67,-0.0399243852393935,-0.0391379082374718,0.0195949930776451,0.0175974097653001,0.0151515725867266,False,27.64,0.9499999999999993,0.0399243852393935,26.69,-0.389999999999997,26.58,-0.28000000000000114,27.59,-0.46000000000000085,28.65,1.0399999999999991
2018-06-18,BRN0W.ICE,75.63,72.9,75.08,72.11,75.08,0.0326255670897634,0.0331636163478739,0.022620430239937,0.0199488298966253,0.0162930814619947,False,27.58,-0.060000000000002274,0.0326255670897634,27.64,0.9499999999999993,27.08,0.5,26.86,-0.7300000000000004,29.49,0.8399999999999999
2018-06-19,BRN0W.ICE,72.67,74.84,75.0,74.01,74.67,-0.0054758066706976,-0.0054608417687799,0.0222199628135814,0.0179014511019385,0.0162880062382348,False,28.01,0.43000000000000327,0.0054758066706976,27.58,-0.060000000000002274,26.69,-0.389999999999997,26.58,-0.28000000000000114,29.3,-0.18999999999999773
2018-06-20,BRN0W.ICE,74.67,74.74,75.33,73.75,73.91,-0.010230268250815,-0.0101781170483461,0.022304397277843,0.0180061691203247,0.0159631666921536,False,28.06,0.04999999999999716,0.010230268250815,28.01,0.43000000000000327,27.64,0.9499999999999993,27.08,0.5,29.14,-0.16000000000000014
2018-06-21,BRN0W.ICE,73.91,74.07,74.28,72.71,73.16,-0.0101993132741304,-0.0101474766608037,0.0222010686557338,0.0179592040031219,0.0160259534173167,False,27.78,-0.2799999999999976,0.0101993132741304,28.06,0.04999999999999716,27.58,-0.060000000000002274,26.69,-0.389999999999997,28.05,-1.0899999999999999
2018-06-22,BRN0W.ICE,73.16,73.06,75.6,73.06,75.33,0.0292296383149383,0.0296610169491524,0.0251676482493429,0.0194087382147893,0.0169934860229754,False,25.52,-2.2600000000000016,0.0292296383149383,27.78,-0.2799999999999976,28.01,0.43000000000000327,27.64,0.9499999999999993,27.59,-0.46000000000000085
2018-06-25,BRN0W.ICE,75.33,74.64,74.89,73.6,74.57,-0.0101401802818999,-0.0100889419885836,0.0252513601647254,0.0195492175768204,0.0167248847074269,False,26.1,0.5800000000000018,0.0101401802818999,25.52,-2.2600000000000016,28.06,0.04999999999999716,27.58,-0.060000000000002274,26.86,-0.7300000000000004
2018-06-26,BRN0W.ICE,74.57,74.71,76.53,74.0,76.48,0.0252909871874424,0.0256135175003353,0.0205218842512455,0.0204988519709478,0.0173968826026836,False,25.67,-0.4299999999999997,0.0252909871874424,26.1,0.5800000000000018,27.78,-0.2799999999999976,28.01,0.43000000000000327,26.58,-0.28000000000000114
2018-06-27,BRN0W.ICE,76.48,76.41,78.0,76.12,77.13,0.0084630412027617,0.0084989539748951,0.0173371233356842,0.0198318146189957,0.0171786877181339,False,27.69,2.0199999999999996,0.0084630412027617,25.67,-0.4299999999999997,25.52,-2.2600000000000016,28.06,0.04999999999999716,27.08,0.5
2018-06-28,BRN0W.ICE,77.13,77.28,78.17,77.12,77.55,0.00543057967664,0.0054453520031116,0.0168425402416633,0.0194564886428348,0.0172051896252782,False,27.35,-0.33999999999999986,0.00543057967664,27.69,2.0199999999999996,26.1,0.5800000000000018,27.78,-0.2799999999999976,26.69,-0.389999999999997
2018-06-29,BRN0W.ICE,77.55,77.53,79.51,77.18,79.12,0.0200427976919089,0.0202450032237266,0.0160251146458485,0.0200968274021739,0.0175292811081167,False,27.18,-0.1700000000000017,0.0200427976919089,27.35,-0.33999999999999986,25.67,-0.4299999999999997,25.52,-2.2600000000000016,27.64,0.9499999999999993
2018-07-02,BRN0W.ICE,79.12,78.32,78.93,77.23,77.49,-0.020816791538598,-0.0206016177957534,0.0185322837268832,0.020702748009283,0.0178586989060767,False,28.65,1.4699999999999989,0.020816791538598,27.18,-0.1700000000000017,27.69,2.0199999999999996,26.1,0.5800000000000018,27.58,-0.060000000000002274
2018-07-03,BRN0W.ICE,77.49,77.44,78.51,76.73,77.88,0.0050202847281402,0.0050329074719319,0.0160494174085921,0.0205596526107754,0.0178894864779022,False,28.58,-0.07000000000000028,0.0050202847281402,28.65,1.4699999999999989,27.35,-0.33999999999999986,25.67,-0.4299999999999997,28.01,0.43000000000000327
2018-07-04,BRN0W.ICE,77.88,77.83,78.27,77.64,78.16,0.0035888272305283,0.0035952747817153,0.0147085428991687,0.0203636051693379,0.0178910521931598,False,28.58,0.0,0.0035888272305283,28.58,-0.07000000000000028,27.18,-0.1700000000000017,27.69,2.0199999999999996,28.06,0.04999999999999716
2018-07-05,BRN0W.ICE,78.16,78.04,78.46,77.35,77.54,-0.007964075491744,-0.0079324462640735,0.012978249005487,0.0167264545211768,0.0178494975040553,False,28.77,0.19000000000000128,0.007964075491744,28.58,0.0,28.65,1.4699999999999989,27.35,-0.33999999999999986,27.78,-0.2799999999999976
2018-07-06,BRN0W.ICE,77.54,77.64,77.67,76.37,77.29,-0.0032293511240034,-0.0032241423781274,0.0127532245538282,0.0147374156131188,0.0168938402301496,False,28.13,-0.6400000000000006,0.0032293511240034,28.77,0.19000000000000128,28.58,-0.07000000000000028,27.18,-0.1700000000000017,25.52,-2.2600000000000016
2018-07-09,BRN0W.ICE,77.29,77.13,78.3,77.05,78.18,0.011449279246029,0.0115150731013067,0.0133461899606143,0.0147647849608241,0.0167663125589617,False,28.12,-0.00999999999999801,0.011449279246029,28.13,-0.6400000000000006,28.58,0.0,28.65,1.4699999999999989,26.1,0.5800000000000018
2018-07-10,BRN0W.ICE,78.18,78.3,79.48,78.17,78.86,0.0086602680846722,0.0086978766948067,0.011178964096281,0.0142905943992793,0.0168196440918584,False,26.9,-1.2200000000000024,0.0086602680846722,28.12,-0.00999999999999801,28.77,0.19000000000000128,28.58,-0.07000000000000028,25.67,-0.4299999999999997
2018-07-11,BRN0W.ICE,78.86,78.75,78.75,73.14,74.17,-0.0613143727010143,-0.059472482881055,0.0251778663242211,0.0225269833215271,0.0195038364298541,False,28.56,1.6600000000000001,0.0613143727010143,26.9,-1.2200000000000024,28.13,-0.6400000000000006,28.58,0.0,27.69,2.0199999999999996
2018-07-12,BRN0W.ICE,74.17,73.91,75.1,72.72,74.53,0.0048419731451357,0.0048537144398004,0.0251646436164611,0.0210702180611666,0.0195365345294015,False,27.81,-0.75,0.0048419731451357,28.56,1.6600000000000001,28.12,-0.00999999999999801,28.77,0.19000000000000128,27.35,-0.33999999999999986
2018-07-13,BRN0W.ICE,74.53,74.23,75.9,73.25,74.92,0.0052191486822853,0.0052327921642292,0.0252785026050324,0.020943872893099,0.0194722369951486,False,27.54,-0.2699999999999996,0.0052191486822853,27.81,-0.75,26.9,-1.2200000000000024,28.13,-0.6400000000000006,27.18,-0.1700000000000017
2018-07-16,BRN0W.ICE,74.92,74.93,75.35,71.55,71.87,-0.0415619460955364,-0.0407100907634809,0.0286656437174738,0.022387566731362,0.0206413721376858,False,29.01,1.4700000000000024,0.0415619460955364,27.54,-0.2699999999999996,28.56,1.6600000000000001,28.12,-0.00999999999999801,28.65,1.4699999999999989
2018-07-17,BRN0W.ICE,71.87,71.97,72.77,71.38,71.6,-0.0037638575137514,-0.0037567830805622,0.0286426703283278,0.022081863691864,0.0206327483359516,False,28.0,-1.0100000000000016,0.0037638575137514,29.01,1.4700000000000024,27.81,-0.75,26.9,-1.2200000000000024,28.58,-0.07000000000000028
2018-07-18,BRN0W.ICE,71.6,71.93,73.31,71.39,73.02,0.019638302260891,0.019832402234637,0.0298505432357412,0.0229240695314727,0.0208528452528915,False,27.24,-0.7600000000000016,0.019638302260891,28.0,-1.0100000000000016,27.54,-0.2699999999999996,28.56,1.6600000000000001,28.58,0.0
2018-07-19,BRN0W.ICE,73.02,73.04,73.79,71.94,72.7,-0.004391991688017,-0.004382360996987,0.0289011211833976,0.0218323943018037,0.0204436130917528,False,26.84,-0.3999999999999986,0.004391991688017,27.24,-0.7600000000000016,29.01,1.4700000000000024,27.81,-0.75,28.77,0.19000000000000128
2018-07-20,BRN0W.ICE,72.7,72.72,73.49,72.39,73.07,0.0050765012636525,0.0050894085281978,0.0191096631935673,0.0215800218089733,0.0203507946421147,False,26.01,-0.8299999999999983,0.0050765012636525,26.84,-0.3999999999999986,28.0,-1.0100000000000016,27.54,-0.2699999999999996,28.13,-0.6400000000000006
2018-07-23,BRN0W.ICE,73.07,73.01,74.6,72.81,73.26,0.002596871547542,0.002600246339127,0.0189915321365463,0.021510022061865,0.0203620662794713,False,26.15,0.13999999999999702,0.002596871547542,26.01,-0.8299999999999983,27.24,-0.7600000000000016,29.01,1.4700000000000024,28.12,-0.00999999999999801
2018-07-24,BRN0W.ICE,73.26,73.27,74.36,73.02,74.15,0.0120753112332727,0.012148512148512,0.0196196998161612,0.0218681075220239,0.0203985657658985,False,25.65,-0.5,0.0120753112332727,26.15,0.13999999999999702,26.84,-0.3999999999999986,28.0,-1.0100000000000016,26.9,-1.2200000000000024
2018-07-25,BRN0W.ICE,74.15,74.15,75.06,73.53,74.84,0.0092624328219477,0.0093054619015509,0.0086505540362715,0.022096928596882,0.0203655488069233,False,25.34,-0.3099999999999987,0.0092624328219477,25.65,-0.5,26.01,-0.8299999999999983,27.24,-0.7600000000000016,28.56,1.6600000000000001
2018-07-26,BRN0W.ICE,74.84,74.96,75.27,74.34,75.06,0.0029352923009858,0.0029396044895777,0.0077408459102104,0.0221433268432711,0.0203211736405768,False,24.88,-0.46000000000000085,0.0029352923009858,25.34,-0.3099999999999987,26.15,0.13999999999999702,26.84,-0.3999999999999986,27.81,-0.75
2018-07-27,BRN0W.ICE,75.06,75.07,75.37,74.42,74.92,-0.001866916130987,-0.001865174527045,0.005791478754841,0.0218002998691091,0.0188971781349731,False,24.97,0.08999999999999986,0.001866916130987,24.88,-0.46000000000000085,25.65,-0.5,26.01,-0.8299999999999983,27.54,-0.2699999999999996
2018-07-30,BRN0W.ICE,74.92,74.73,75.77,74.64,75.35,0.0057230474966166,0.0057394554191136,0.0045799851517163,0.0216928818922436,0.0179605751720425,False,25.83,0.8599999999999994,0.0057230474966166,24.97,0.08999999999999986,25.34,-0.3099999999999987,26.15,0.13999999999999702,29.01,1.4700000000000024
2018-07-31,BRN0W.ICE,75.35,75.5,75.62,73.87,74.19,-0.0155145548710699,-0.0153948241539482,0.0090447953634092,0.0145360822418337,0.0181608196198498,False,26.52,0.6900000000000013,0.0155145548710699,25.83,0.8599999999999994,24.88,-0.46000000000000085,25.65,-0.5,28.0,-1.0100000000000016
2018-08-01,BRN0W.ICE,74.19,74.08,74.08,72.18,72.62,-0.0213890042152446,-0.0211618816552094,0.0126731523525598,0.0155236237050961,0.0184844097435265,False,26.45,-0.07000000000000028,0.0213890042152446,26.52,0.6900000000000013,24.97,0.08999999999999986,25.34,-0.3099999999999987,27.24,-0.7600000000000016
2018-08-02,BRN0W.ICE,72.62,72.44,73.71,71.85,73.39,0.0105473205707816,0.0106031396309556,0.0124158595587165,0.0157736810846158,0.0185004703771659,False,25.73,-0.7199999999999989,0.0105473205707816,26.45,-0.07000000000000028,25.83,0.8599999999999994,24.88,-0.46000000000000085,26.84,-0.3999999999999986
2018-08-03,BRN0W.ICE,73.39,73.36,73.71,72.52,73.42,0.0004086915117168,0.000408775037471,0.0115616900883382,0.0107602458161415,0.0176653691623875,False,25.61,-0.120000000000001,0.0004086915117168,25.73,-0.7199999999999989,26.52,0.6900000000000013,24.97,0.08999999999999986,26.01,-0.8299999999999983
2018-08-06,BRN0W.ICE,73.42,73.23,74.41,73.08,73.67,0.003399282626034,0.0034050667393081,0.0116008907277792,0.0106592909876017,0.0175928036823116,False,25.42,-0.18999999999999773,0.003399282626034,25.61,-0.120000000000001,26.45,-0.07000000000000028,25.83,0.8599999999999994,26.15,0.13999999999999702
2018-08-07,BRN0W.ICE,73.67,73.64,74.89,73.58,74.46,0.0106664077498485,0.0107234966743585,0.0126640295007439,0.0097505628233449,0.0170504987587568,False,25.22,-0.20000000000000284,0.0106664077498485,25.42,-0.18999999999999773,25.73,-0.7199999999999989,26.52,0.6900000000000013,25.65,-0.5
2018-08-08,BRN0W.ICE,74.46,74.61,74.82,71.69,72.23,-0.0304065963818152,-0.0299489658877247,0.0163504284946944,0.0129063568229468,0.0177764664762214,False,26.41,1.1900000000000013,0.0304065963818152,25.22,-0.20000000000000284,25.61,-0.120000000000001,26.45,-0.07000000000000028,25.34,-0.3099999999999987
2018-08-09,BRN0W.ICE,72.23,72.21,72.87,71.88,72.03,-0.0027727731614839,-0.0027689325764918,0.0158206834047093,0.0128173752289788,0.017718233173695,False,25.4,-1.0100000000000016,0.0027727731614839,26.41,1.1900000000000013,25.42,-0.18999999999999773,25.73,-0.7199999999999989,24.88,-0.46000000000000085
2018-08-10,BRN0W.ICE,72.03,71.98,73.13,71.41,72.96,0.0128286468648043,0.012911286963765,0.0148909763892963,0.0133215052421739,0.0174491878158837,False,25.45,0.05000000000000071,0.0128286468648043,25.4,-1.0100000000000016,25.22,-0.20000000000000284,25.61,-0.120000000000001,24.97,0.08999999999999986
2018-08-13,BRN0W.ICE,72.96,72.96,73.08,71.07,72.83,-0.0017833875362521,-0.0017817982456139,0.0142426401895908,0.0128378557963125,0.0171105591735552,False,25.31,-0.14000000000000057,0.0017833875362521,25.45,0.05000000000000071,26.41,1.1900000000000013,25.42,-0.18999999999999773,25.83,0.8599999999999994
2018-08-14,BRN0W.ICE,72.83,73.11,74.24,72.48,72.55,-0.0038519788996268,-0.0038445695455169,0.0142587384257507,0.0124827434384785,0.0170604321357787,False,26.18,0.870000000000001,0.0038519788996268,25.31,-0.14000000000000057,25.4,-1.0100000000000016,25.22,-0.20000000000000284,26.52,0.6900000000000013
2018-08-15,BRN0W.ICE,72.55,72.54,72.76,70.67,71.16,-0.0193451165325624,-0.0191592005513439,0.0154444354862946,0.013176000345628,0.0172967237706521,False,27.26,1.0800000000000018,0.0193451165325624,26.18,0.870000000000001,25.45,0.05000000000000071,26.41,1.1900000000000013,26.45,-0.07000000000000028
2018-08-16,BRN0W.ICE,71.16,70.99,71.77,70.73,71.66,0.0070018490791733,0.007026419336706,0.0148785310067823,0.0134862167497087,0.0173680943804301,False,26.33,-0.9300000000000033,0.0070018490791733,27.26,1.0800000000000018,25.31,-0.14000000000000057,25.4,-1.0100000000000016,25.73,-0.7199999999999989
2018-08-17,BRN0W.ICE,71.66,71.69,72.74,71.57,72.03,0.0051499870244639,0.0051632710019537,0.0103195940653636,0.0134579634048466,0.0174253850097256,False,25.71,-0.6199999999999974,0.0051499870244639,26.33,-0.9300000000000033,26.18,0.870000000000001,25.45,0.05000000000000071,25.61,-0.120000000000001
2018-08-20,BRN0W.ICE,72.03,72.03,72.95,71.67,72.44,0.005675934113941,0.0056920727474663,0.0104879938758425,0.0131569484425917,0.0172991615034487,False,25.26,-0.4499999999999993,0.005675934113941,25.71,-0.6199999999999974,27.26,1.0800000000000018,25.31,-0.14000000000000057,25.42,-0.18999999999999773
2018-08-21,BRN0W.ICE,72.44,72.55,73.3,72.46,73.1,0.00906973374052,0.0091109884041964,0.0098467533197173,0.0121298744603991,0.0173084636503704,False,25.08,-0.18000000000000327,0.00906973374052,25.26,-0.4499999999999993,26.33,-0.9300000000000033,26.18,0.870000000000001,25.22,-0.20000000000000284
2018-08-22,BRN0W.ICE,73.1,73.07,75.28,72.97,75.24,0.0288546376770967,0.0292749658002735,0.0144929955054262,0.014122852735146,0.0143189727731181,False,24.72,-0.35999999999999943,0.0288546376770967,25.08,-0.18000000000000327,25.71,-0.6199999999999974,27.26,1.0800000000000018,26.41,1.1900000000000013
2018-08-23,BRN0W.ICE,75.24,75.09,75.18,74.6,75.07,-0.0022619928479187,-0.0022594364699628,0.0143492744824584,0.014160760887976,0.0143030375502565,False,24.35,-0.36999999999999744,0.0022619928479187,24.72,-0.35999999999999943,25.26,-0.4499999999999993,26.33,-0.9300000000000033,25.4,-1.0100000000000016
2018-08-24,BRN0W.ICE,75.07,75.14,76.67,75.06,75.75,0.0090174328045675,0.0090582123351539,0.0095818775866127,0.0142950234258796,0.0143653021084098,False,23.31,-1.0400000000000027,0.0090174328045675,24.35,-0.36999999999999744,25.08,-0.18000000000000327,25.71,-0.6199999999999974,25.45,0.05000000000000071
2018-08-27,BRN0W.ICE,75.75,75.95,76.64,75.71,76.56,0.0106363027552203,0.0106930693069307,0.0095584469338423,0.0142936198591653,0.0120931286502249,False,23.68,0.370000000000001,0.0106363027552203,23.31,-1.0400000000000027,24.72,-0.35999999999999943,25.26,-0.4499999999999993,25.31,-0.14000000000000057
2018-08-28,BRN0W.ICE,76.56,76.63,77.2,76.08,76.27,-0.0037950709685517,-0.0037878787878788,0.0107523199359188,0.0110576185869847,0.0120936525234389,False,24.5,0.8200000000000003,0.0037950709685517,23.68,0.370000000000001,24.35,-0.36999999999999744,25.08,-0.18000000000000327,26.18,0.870000000000001
2018-08-29,BRN0W.ICE,76.27,76.44,77.75,76.02,77.69,0.0184468727861822,0.0186180673921594,0.0113265399334078,0.0115191419308675,0.0120359118660329,False,24.32,-0.17999999999999972,0.0184468727861822,24.5,0.8200000000000003,23.31,-1.0400000000000027,24.72,-0.35999999999999943,27.26,1.0800000000000018
2018-08-30,BRN0W.ICE,77.69,76.73,77.33,76.64,76.79,-0.0116521256198771,-0.0115845025099754,0.0140009525103286,0.0121462688771958,0.0122414822797229,False,24.89,0.5700000000000003,0.0116521256198771,24.32,-0.17999999999999972,23.68,0.370000000000001,24.35,-0.36999999999999744,26.33,-0.9300000000000033
2018-08-31,BRN0W.ICE,76.79,77.79,78.19,77.26,77.71,0.0119095258786984,0.0119807266571165,0.0106677864928867,0.0122257487932864,0.0123670021888632,False,25.02,0.129999999999999,0.0119095258786984,24.89,0.5700000000000003,24.5,0.8200000000000003,23.31,-1.0400000000000027,25.71,-0.6199999999999974
2018-09-03,BRN0W.ICE,77.71,77.76,78.43,77.3,78.01,0.0038530743790709,0.0038605070132544,0.0102531506567404,0.0119854899681593,0.012371036008307,False,25.02,0.0,0.0038530743790709,25.02,0.129999999999999,24.32,-0.17999999999999972,23.68,0.370000000000001,25.26,-0.4499999999999993
2018-09-04,BRN0W.ICE,78.01,78.14,79.69,77.47,77.86,-0.0019246814179121,-0.0019228304063582,0.0104574479961035,0.0099795640420197,0.0122449503184528,False,26.7,1.6799999999999997,0.0019246814179121,25.02,0.0,24.89,0.5700000000000003,24.5,0.8200000000000003,25.08,-0.18000000000000327
2018-09-05,BRN0W.ICE,77.86,77.88,78.08,76.91,77.12,-0.0095496918800194,-0.0095042383765733,0.0110638907081136,0.0108488086242811,0.0123219217405773,False,26.62,-0.0799999999999983,0.0095496918800194,26.7,1.6799999999999997,25.02,0.129999999999999,24.32,-0.17999999999999972,24.72,-0.35999999999999943
2018-09-06,BRN0W.ICE,77.12,77.0,77.75,75.67,76.63,-0.0063740053199773,-0.0063537344398341,0.0112923523062985,0.0112849890135595,0.0123885528856491,False,26.16,-0.46000000000000085,0.0063740053199773,26.62,-0.0799999999999983,25.02,0.0,24.89,0.5700000000000003,24.35,-0.36999999999999744
2018-09-07,BRN0W.ICE,76.63,76.68,77.1,75.9,77.1,0.0061146355869707,0.006133368132585,0.0087280268337256,0.0112893474213203,0.012417418144666,False,26.07,-0.08999999999999986,0.0061146355869707,26.16,-0.46000000000000085,26.7,1.6799999999999997,25.02,0.129999999999999,23.31,-1.0400000000000027
2018-09-10,BRN0W.ICE,77.1,77.09,77.89,76.9,77.36,0.003366570575755,0.0033722438391698,0.0074511891535768,0.0112125846618709,0.0123936542643847,False,26.13,0.05999999999999872,0.003366570575755,26.07,-0.08999999999999986,26.62,-0.0799999999999983,25.02,0.0,23.68,0.370000000000001
2018-09-11,BRN0W.ICE,77.36,76.93,79.0,76.93,78.98,0.0207248047134646,0.0209410548086868,0.0099253399134451,0.009970636893805,0.01250643247748,False,27.14,1.0100000000000016,0.0207248047134646,26.13,0.05999999999999872,26.16,-0.46000000000000085,26.7,1.6799999999999997,24.5,0.8200000000000003
2018-09-12,BRN0W.ICE,78.98,78.89,79.6,78.31,79.29,0.0039173614258042,0.0039250443150165,0.0099270289992061,0.0098334361641488,0.0116956675752663,False,26.94,-0.1999999999999993,0.0039173614258042,27.14,1.0100000000000016,26.07,-0.08999999999999986,26.62,-0.0799999999999983,24.32,-0.17999999999999972
2018-09-13,BRN0W.ICE,79.29,79.24,79.25,77.49,78.02,-0.0161468132057972,-0.0160171522260059,0.0121485795995081,0.0110517539445622,0.0121043861834171,False,26.7,-0.240000000000002,0.0161468132057972,26.94,-0.1999999999999993,26.13,0.05999999999999872,26.16,-0.46000000000000085,24.89,0.5700000000000003
2018-09-14,BRN0W.ICE,78.02,78.03,78.39,76.96,77.62,-0.0051400781377501,-0.0051268905408868,0.0116575262756091,0.0109189117705026,0.0121723634469125,False,26.4,-0.3000000000000007,0.0051400781377501,26.7,-0.240000000000002,27.14,1.0100000000000016,26.07,-0.08999999999999986,25.02,0.129999999999999
2018-09-17,BRN0W.ICE,77.62,77.66,78.38,77.29,77.53,-0.0011601677098926,-0.0011594949755218,0.0112738278978613,0.0108527412952947,0.0121808690298347,False,26.49,0.08999999999999986,0.0011601677098926,26.4,-0.3000000000000007,26.94,-0.1999999999999993,26.13,0.05999999999999872,25.02,0.0
2018-09-18,BRN0W.ICE,77.53,77.28,79.2,77.05,78.39,0.0110314099697632,0.0110924803301948,0.0117405429080871,0.0100995079617927,0.0121903101093298,False,26.8,0.3100000000000023,0.0110314099697632,26.49,0.08999999999999986,26.7,-0.240000000000002,27.14,1.0100000000000016,26.7,1.6799999999999997
2018-09-19,BRN0W.ICE,78.39,78.46,78.95,77.99,78.85,0.0058509452084164,0.005868095420334,0.0118130012456594,0.0095278989591164,0.0105879451367548,False,26.35,-0.4499999999999993,0.0058509452084164,26.8,0.3100000000000023,26.4,-0.3000000000000007,26.94,-0.1999999999999993,26.62,-0.0799999999999983
2018-09-20,BRN0W.ICE,78.85,78.97,79.32,78.09,78.22,-0.0080219440816792,-0.0079898541534558,0.0092263427123746,0.0094040401987494,0.0107277677690886,False,26.07,-0.28000000000000114,0.0080219440816792,26.35,-0.4499999999999993,26.49,0.08999999999999986,26.7,-0.240000000000002,26.16,-0.46000000000000085
2018-09-21,BRN0W.ICE,78.22,78.16,79.49,77.74,78.22,0.0,0.0,0.0089665314856237,0.0093535746644813,0.0105665601008075,False,26.15,0.0799999999999983,0.0,26.07,-0.28000000000000114,26.8,0.3100000000000023,26.4,-0.3000000000000007,26.07,-0.08999999999999986
2018-09-24,BRN0W.ICE,78.22,78.96,80.78,78.95,80.73,0.0315848840795561,0.0320889798005625,0.0134107763503933,0.0125213244079446,0.0118035110425039,False,26.97,0.8200000000000003,0.0315848840795561,26.15,0.0799999999999983,26.35,-0.4499999999999993,26.49,0.08999999999999986,26.13,0.05999999999999872
2018-09-25,BRN0W.ICE,78.22,80.65,81.75,80.49,80.89,0.001979953622937,0.0019819150253932,0.0127794765760319,0.0120313483258164,0.0117271759575286,False,26.83,-0.14000000000000057,0.001979953622937,26.97,0.8200000000000003,26.07,-0.28000000000000114,26.8,0.3100000000000023,27.14,1.0100000000000016
2018-09-26,BRN0W.ICE,80.89,80.89,81.54,80.56,81.18,0.0035787043808904,0.0035851155890715,0.0124650960934893,0.0116982490036745,0.0108961145192205,False,26.53,-0.29999999999999716,0.0035787043808904,26.83,-0.14000000000000057,26.15,0.0799999999999983,26.35,-0.4499999999999993,26.94,-0.1999999999999993
2018-09-27,BRN0W.ICE,81.18,81.23,81.89,80.89,81.3,0.0014771051430132,0.0014781966001478,0.0124184173373608,0.0117030820836673,0.0108971584798323,False,26.45,-0.08000000000000185,0.0014771051430132,26.53,-0.29999999999999716,26.97,0.8200000000000003,26.07,-0.28000000000000114,26.7,-0.240000000000002
2018-09-28,BRN0W.ICE,81.3,81.45,83.34,81.29,82.95,0.0200920000826886,0.0202952029520295,0.013647197138309,0.012484277586911,0.0112766044216039,False,26.73,0.28000000000000114,0.0200920000826886,26.45,-0.08000000000000185,26.83,-0.14000000000000057,26.15,0.0799999999999983,26.4,-0.3000000000000007
2018-10-01,BRN0W.ICE,81.3,82.78,85.37,82.6,84.95,0.0238248314814874,0.0241109101868595,0.0130039743148604,0.0128082439087253,0.0118049256289726,False,27.95,1.2199999999999989,0.0238248314814874,26.73,0.28000000000000114,26.53,-0.29999999999999716,26.97,0.8200000000000003,26.49,0.08999999999999986
2018-10-02,BRN0W.ICE,81.3,85.03,85.32,84.34,84.64,-0.0036558800079517,-0.0036492054149499,0.0136154915307936,0.0130248961864929,0.0118934765444013,False,27.68,-0.2699999999999996,0.0036558800079517,27.95,1.2199999999999989,26.45,-0.08000000000000185,26.83,-0.14000000000000057,26.8,0.3100000000000023
2018-10-03,BRN0W.ICE,81.3,84.79,86.73,84.07,86.1,0.0171024433236957,0.0172495274102078,0.0108290870800315,0.011923111557095,0.0112530911342942,False,28.04,0.35999999999999943,0.0171024433236957,27.68,-0.2699999999999996,26.73,0.28000000000000114,26.53,-0.29999999999999716,26.35,-0.4499999999999993
2018-10-04,BRN0W.ICE,81.3,85.95,86.4,84.16,84.88,-0.0142709171279574,-0.0141695702671312,0.0139322077487439,0.012853951162665,0.0117061822820795,False,28.9,0.8599999999999994,0.0142709171279574,28.04,0.35999999999999943,27.95,1.2199999999999989,26.45,-0.08000000000000185,26.07,-0.28000000000000114
2018-10-05,BRN0W.ICE,81.3,84.96,85.11,83.97,84.11,-0.0091130283313817,-0.009071630537229,0.0152012223537422,0.013378170935132,0.01190947413132,False,28.84,-0.05999999999999872,0.0091130283313817,28.9,0.8599999999999994,27.68,-0.2699999999999996,26.73,0.28000000000000114,26.15,0.0799999999999983
2018-10-08,BRN0W.ICE,82.95,84.19,84.3,82.67,83.76,-0.0041698994120644,-0.0041612174533348,0.0155687739251374,0.0135384700152845,0.0119098854905803,False,28.86,0.019999999999999574,0.0041698994120644,28.84,-0.05999999999999872,28.04,0.35999999999999943,27.95,1.2199999999999989,26.97,0.8200000000000003
2018-10-09,BRN0W.ICE,83.76,83.99,85.4,83.73,84.86,0.0130472732118973,0.0131327602674307,0.0145703666164336,0.013719591133135,0.0119755049458482,False,27.9,-0.9600000000000009,0.0130472732118973,28.86,0.019999999999999574,28.9,0.8599999999999994,27.68,-0.2699999999999996,26.83,-0.14000000000000057
2018-10-10,BRN0W.ICE,84.86,84.93,85.15,82.36,82.6,-0.0269931592472464,-0.0266320999292953,0.0152555437370517,0.0158953355404034,0.0128677438040021,False,28.81,0.9100000000000001,0.0269931592472464,27.9,-0.9600000000000009,28.84,-0.05999999999999872,28.04,0.35999999999999943,26.53,-0.29999999999999716
2018-10-11,BRN0W.ICE,82.6,82.56,82.58,79.85,80.36,-0.0274931405801986,-0.0271186440677965,0.0176383259228735,0.0179753591589253,0.0137442669889236,False,29.29,0.4800000000000004,0.0274931405801986,28.81,0.9100000000000001,28.86,0.019999999999999574,28.9,0.8599999999999994,26.45,-0.08000000000000185
2018-10-12,BRN0W.ICE,80.36,80.28,81.46,79.26,80.6,0.0029821095658488,0.0029865604778496,0.0149734959905371,0.0158444746827073,0.0136074096216956,False,27.73,-1.5599999999999987,0.0029821095658488,29.29,0.4800000000000004,27.9,-0.9600000000000009,28.84,-0.05999999999999872,26.73,0.28000000000000114
2018-10-15,BRN0W.ICE,80.6,81.06,81.87,79.87,80.76,0.0019831439320542,0.0019851116625311,0.0153531773891568,0.0158445071552445,0.0135991992936751,False,28.59,0.8599999999999994,0.0019831439320542,27.73,-1.5599999999999987,28.81,0.9100000000000001,28.86,0.019999999999999574,27.95,1.2199999999999989
2018-10-16,BRN0W.ICE,80.76,80.92,81.74,79.81,81.56,0.0098571522616176,0.009905894006934,0.0165665863924561,0.0160446794450312,0.0136770995265961,False,28.59,0.0,0.0098571522616176,28.59,0.8599999999999994,29.29,0.4800000000000004,27.9,-0.9600000000000009,27.68,-0.2699999999999996
2018-10-17,BRN0W.ICE,81.56,81.37,81.44,78.94,79.92,-0.0203128113659563,-0.0201078960274644,0.0176196379146767,0.0169561966019276,0.014112471492256,False,28.13,-0.46000000000000085,0.0203128113659563,28.59,0.0,27.73,-1.5599999999999987,28.81,0.9100000000000001,28.04,0.35999999999999943
2018-10-18,BRN0W.ICE,79.92,79.75,79.87,78.28,78.77,-0.0144939206250652,-0.0143893893893894,0.0154105430291718,0.0161102465249012,0.0143385751132589,False,28.53,0.40000000000000213,0.0144939206250652,28.13,-0.46000000000000085,28.59,0.8599999999999994,29.29,0.4800000000000004,28.9,0.8599999999999994
2018-10-19,BRN0W.ICE,78.77,78.87,80.24,78.69,79.54,0.0097278260643117,0.0097752951631333,0.0151635540317131,0.0146305942397095,0.0143987778873043,False,27.42,-1.1099999999999994,0.0097278260643117,28.53,0.40000000000000213,28.59,0.0,27.73,-1.5599999999999987,28.84,-0.05999999999999872
2018-10-22,BRN0W.ICE,79.54,79.53,79.85,78.63,79.57,0.0003770976098986,0.0003771687201405,0.0116440464287184,0.0146923117359253,0.0143924541144094,False,27.76,0.33999999999999986,0.0003770976098986,27.42,-1.1099999999999994,28.13,-0.46000000000000085,28.59,0.8599999999999994,28.86,0.019999999999999574
2018-10-23,BRN0W.ICE,79.57,79.69,79.69,75.71,75.91,-0.0470887093607666,-0.0459972351388714,0.0205039304393283,0.0172544844917921,0.0163675675605075,False,29.38,1.6199999999999974,0.0470887093607666,27.76,0.33999999999999986,28.53,0.40000000000000213,28.59,0.0,27.9,-0.9600000000000009
2018-10-24,BRN0W.ICE,75.91,76.05,77.39,75.19,75.82,-0.0011863179404881,-0.0011856145435384,0.020265808013869,0.0173011629944151,0.0163377336709003,False,29.8,0.4200000000000017,0.0011863179404881,29.38,1.6199999999999974,27.42,-1.1099999999999994,28.13,-0.46000000000000085,28.81,0.9100000000000001
2018-10-25,BRN0W.ICE,75.82,75.49,77.03,75.43,76.7,0.0115395982850218,0.0116064362964918,0.0205351483629481,0.0180681814776519,0.0162631525895297,False,28.5,-1.3000000000000007,0.0115395982850218,29.8,0.4200000000000017,27.76,0.33999999999999986,28.53,0.40000000000000213,29.29,0.4800000000000004
2018-10-26,BRN0W.ICE,76.7,76.54,77.94,75.81,77.82,0.0144967591831969,0.0146023468057365,0.0214694683043806,0.0189285668869036,0.0164667210365802,False,29.09,0.5899999999999999,0.0144967591831969,28.5,-1.3000000000000007,29.38,1.6199999999999974,27.42,-1.1099999999999994,27.73,-1.5599999999999987
2018-10-29,BRN0W.ICE,77.82,77.67,78.0,76.6,76.87,-0.0122827841953667,-0.0122076586995629,0.0213015849850732,0.0182428325049945,0.0166202404099145,False,29.46,0.370000000000001,0.0122827841953667,29.09,0.5899999999999999,29.8,0.4200000000000017,27.76,0.33999999999999986,28.59,0.8599999999999994
2018-10-30,BRN0W.ICE,76.87,76.78,77.36,75.34,76.18,-0.0090167223105825,-0.0089761935735657,0.0205274490838044,0.0173425863359064,0.0165524501461251,False,29.9,0.4399999999999977,0.0090167223105825,29.46,0.370000000000001,28.5,-1.3000000000000007,29.38,1.6199999999999974,28.59,0.0
2018-10-31,BRN0W.ICE,76.18,76.27,77.08,74.58,74.59,-0.0210925110833861,-0.0208716198477291,0.0209857177487347,0.0168020755511003,0.0168978872100981,False,30.12,0.22000000000000242,0.0210925110833861,29.9,0.4399999999999977,29.09,0.5899999999999999,29.8,0.4200000000000017,28.13,-0.46000000000000085
2018-11-01,BRN0W.ICE,74.59,74.68,74.95,72.61,72.75,-0.02497754391547,-0.0246681860839255,0.0152063181880147,0.0173904521761505,0.0173878478143185,False,31.54,1.4199999999999982,0.02497754391547,30.12,0.22000000000000242,29.46,0.370000000000001,28.5,-1.3000000000000007,28.53,0.40000000000000213
2018-11-02,BRN0W.ICE,72.75,72.73,73.48,72.26,72.62,-0.0017885400654121,-0.0017869415807559,0.0151757280762066,0.0172640126444002,0.017382341767727,False,32.21,0.6700000000000017,0.0017885400654121,31.54,1.4199999999999982,29.9,0.4399999999999977,29.09,0.5899999999999999,27.42,-1.1099999999999994
2018-11-05,BRN0W.ICE,72.62,72.6,74.09,72.26,72.71,0.0012385606757755,0.0012393280088127,0.0135899187840619,0.0167397666312248,0.0161727481769969,False,32.68,0.46999999999999886,0.0012385606757755,32.21,0.6700000000000017,30.12,0.22000000000000242,29.46,0.370000000000001,27.76,0.33999999999999986
2018-11-06,BRN0W.ICE,72.71,72.92,73.25,71.24,71.65,-0.0146857723877844,-0.0145784623848161,0.00954410126652,0.0164923964700483,0.0162644299180513,False,34.15,1.4699999999999989,0.0146857723877844,32.68,0.46999999999999886,31.54,1.4199999999999982,29.9,0.4399999999999977,29.38,1.6199999999999974
2018-11-07,BRN0W.ICE,71.65,71.77,73.52,71.39,72.0,0.0048729647418744,0.0048848569434751,0.0114183642721884,0.0166988815482051,0.0162870453675873,False,33.05,-1.1000000000000014,0.0048729647418744,34.15,1.4699999999999989,32.21,0.6700000000000017,30.12,0.22000000000000242,29.8,0.4200000000000017
2018-11-08,BRN0W.ICE,72.0,72.17,73.06,70.59,70.96,-0.0145497810147312,-0.0144444444444444,0.0115817964864682,0.0161444763273055,0.0163638602398428,False,32.23,-0.8200000000000003,0.0145497810147312,33.05,-1.1000000000000014,32.68,0.46999999999999886,31.54,1.4199999999999982,28.5,-1.3000000000000007
2018-11-09,BRN0W.ICE,70.96,70.83,70.99,69.16,69.88,-0.0153368527354681,-0.0152198421645997,0.0108562550116282,0.016051784300597,0.0157938229995308,False,35.1,2.8700000000000045,0.0153368527354681,32.23,-0.8200000000000003,34.15,1.4699999999999989,32.21,0.6700000000000017,29.09,0.5899999999999999
2018-11-12,BRN0W.ICE,69.88,70.81,71.86,68.9,68.97,-0.0131078578226559,-0.0130223239839725,0.0087193993636552,0.0119355642194438,0.0148213089247394,False,40.14,5.039999999999999,0.0131078578226559,35.1,2.8700000000000045,33.05,-1.1000000000000014,32.68,0.46999999999999886,29.46,0.370000000000001
2018-11-13,BRN0W.ICE,68.97,69.29,69.68,64.65,65.35,-0.0539141873729689,-0.0524865883717559,0.0190477529317136,0.0171789170247453,0.0171015388570803,False,55.71,15.57,0.0539141873729689,40.14,5.039999999999999,32.23,-0.8200000000000003,34.15,1.4699999999999989,29.9,0.4399999999999977
2018-11-14,BRN0W.ICE,65.35,65.56,67.59,65.03,65.86,0.0077738368779874,0.0078041315990819,0.0201107702015153,0.0168313135602439,0.0166977166919917,False,47.07,-8.64,0.0077738368779874,55.71,15.57,35.1,2.8700000000000045,33.05,-1.1000000000000014,30.12,0.22000000000000242
2018-11-15,BRN0W.ICE,65.86,66.5,67.61,66.11,66.89,0.0155182021820985,0.0156392347403584,0.023004943883809,0.0169515792688432,0.0172460522046788,False,43.87,-3.200000000000003,0.0155182021820985,47.07,-8.64,40.14,5.039999999999999,32.23,-0.8200000000000003,31.54,1.4199999999999982
2018-11-16,BRN0W.ICE,66.89,67.11,68.54,66.48,67.32,0.0064078901922883,0.0064284646434442,0.0231750257339955,0.0175520899805431,0.0174413379451793,False,40.56,-3.309999999999995,0.0064078901922883,43.87,-3.200000000000003,55.71,15.57,35.1,2.8700000000000045,32.21,0.6700000000000017
2018-11-19,BRN0W.ICE,67.32,67.3,67.87,65.6,67.3,-0.0002971326719231,-0.0002970885323826,0.023293596521071,0.0177234937484804,0.0174805286087364,False,43.45,2.8900000000000006,0.0002971326719231,40.56,-3.309999999999995,47.07,-8.64,40.14,5.039999999999999,32.68,0.46999999999999886
2018-11-20,BRN0W.ICE,67.3,67.05,67.14,62.1,62.58,-0.072714498409946,-0.0701337295690935,0.0340814557735796,0.0245290307321203,0.0207468679952448,False,56.56,13.11,0.072714498409946,43.45,2.8900000000000006,43.87,-3.200000000000003,55.71,15.57,34.15,1.4699999999999989
2018-11-21,BRN0W.ICE,62.58,62.86,64.78,62.86,63.75,0.0185234457977995,0.0186960690316395,0.0365029327747281,0.0255656564359046,0.0211335102892898,False,51.79,-4.770000000000003,0.0185234457977995,56.56,13.11,40.56,-3.309999999999995,47.07,-8.64,33.05,-1.1000000000000014
2018-11-22,BRN0W.ICE,63.75,63.92,64.06,62.7,62.76,-0.0156512561737037,-0.0155294117647059,0.0315812513085994,0.0255152185839235,0.0208781761972025,False,51.79,0.0,0.0156512561737037,51.79,-4.770000000000003,43.45,2.8900000000000006,43.87,-3.200000000000003,32.23,-0.8200000000000003
2018-11-23,BRN0W.ICE,62.76,62.87,63.06,58.71,59.42,-0.0546870578303702,-0.0532186105799872,0.0356732262287576,0.0278225820107377,0.0224081189181467,False,65.17,13.380000000000003,0.0546870578303702,51.79,0.0,56.56,13.11,40.56,-3.309999999999995,35.1,2.8700000000000045
2018-11-26,BRN0W.ICE,59.42,59.48,61.19,58.91,60.55,0.0188385999646396,0.0190171659373947,0.036160747000932,0.0292060088185464,0.0229284184573695,False,57.87,-7.300000000000004,0.0188385999646396,65.17,13.380000000000003,51.79,-4.770000000000003,43.45,2.8900000000000006,40.14,5.039999999999999
2018-11-27,BRN0W.ICE,60.55,60.48,61.43,59.2,61.04,0.0080599169771002,0.0080924855491328,0.0363228844042968,0.0293598464481197,0.022878119017966,False,54.64,-3.229999999999997,0.0080599169771002,57.87,-7.300000000000004,51.79,0.0,56.56,13.11,55.71,15.57
2018-11-28,BRN0W.ICE,61.04,60.74,61.41,58.9,58.96,-0.0346701390951203,-0.0340760157273918,0.0364863415466232,0.0299907101789032,0.0232556896911046,False,53.99,-0.6499999999999986,0.0346701390951203,54.64,-3.229999999999997,65.17,13.380000000000003,51.79,-4.770000000000003,47.07,-8.64
2018-11-29,BRN0W.ICE,58.96,59.66,60.68,57.84,59.7,0.0124727725174753,0.0125508819538671,0.0289801585097573,0.0307519292829288,0.0236001660046004,False,53.96,-0.030000000000001137,0.0124727725174753,53.99,-0.6499999999999986,57.87,-7.300000000000004,51.79,0.0,43.87,-3.200000000000003
2018-11-30,BRN0W.ICE,59.7,59.89,60.38,58.07,59.07,-0.0106088390794125,-0.0105527638190955,0.0267554792338907,0.0307475447779691,0.023327042367113,False,56.04,2.0799999999999983,0.0106088390794125,53.96,-0.030000000000001137,54.64,-3.229999999999997,65.17,13.380000000000003,40.56,-3.309999999999995
2018-12-03,BRN0W.ICE,59.07,60.45,62.59,60.45,61.9,0.0467969983714066,0.047909260199763,0.0342622914450632,0.0317179627869501,0.0254742206672889,False,49.61,-6.43,0.0467969983714066,56.04,2.0799999999999983,53.99,-0.6499999999999986,57.87,-7.300000000000004,43.45,2.8900000000000006
2018-12-04,BRN0W.ICE,61.9,61.69,63.57,61.24,61.31,-0.0095772179159538,-0.0095315024232632,0.0259217073311526,0.0315664456327769,0.0244064711842236,False,49.84,0.23000000000000398,0.0095772179159538,49.61,-6.43,53.96,-0.030000000000001137,54.64,-3.229999999999997,56.56,13.11
2018-12-05,BRN0W.ICE,61.31,61.53,63.27,60.83,61.61,0.0048812332518828,0.0048931658783233,0.0251581010311782,0.0311570132537007,0.0244823619054705,False,49.84,0.0,0.0048812332518828,49.84,0.23000000000000398,56.04,2.0799999999999983,53.99,-0.6499999999999986,51.79,-4.770000000000003
2018-12-06,BRN0W.ICE,61.61,61.42,61.94,58.46,60.31,-0.0213262675635838,-0.0211004707028079,0.0264882833231687,0.0311977584221137,0.0243629945451449,False,50.13,0.28999999999999915,0.0213262675635838,49.84,0.0,49.61,-6.43,53.96,-0.030000000000001137,51.79,0.0
2018-12-07,BRN0W.ICE,60.31,59.87,63.64,59.16,61.4,0.0179119076902013,0.0180732880119383,0.0227829069065162,0.0319085265854735,0.0244795027108904,False,41.83,-8.300000000000004,0.0179119076902013,50.13,0.28999999999999915,49.84,0.23000000000000398,56.04,2.0799999999999983,65.17,13.380000000000003
2018-12-10,BRN0W.ICE,61.4,61.43,62.29,59.62,59.81,-0.026236964096631,-0.0258957654723126,0.0254348722888799,0.0264457005674536,0.0246972642128094,False,45.06,3.230000000000004,0.026236964096631,41.83,-8.300000000000004,49.84,0.0,49.61,-6.43,57.87,-7.300000000000004
2018-12-11,BRN0W.ICE,59.81,60.11,61.09,59.6,60.46,0.0108091182948463,0.0108677478682495,0.025196191214778,0.0260346683392281,0.0249432468690491,False,41.46,-3.6000000000000014,0.0108091182948463,45.06,3.230000000000004,50.13,0.28999999999999915,49.84,0.23000000000000398,54.64,-3.229999999999997
2018-12-12,BRN0W.ICE,60.46,60.83,61.41,60.04,60.18,-0.0046419181494128,-0.0046311610982467,0.0163529451563972,0.0258140029762787,0.0248192788165369,False,39.9,-1.5600000000000023,0.0046419181494128,41.46,-3.6000000000000014,41.83,-8.300000000000004,49.84,0.0,53.99,-0.6499999999999986
2018-12-13,BRN0W.ICE,60.18,60.54,62.12,59.55,61.85,0.0273720276365977,0.0277500830840811,0.01985143904415,0.0222440764339534,0.0253575003532018,False,39.25,-0.6499999999999986,0.0273720276365977,39.9,-1.5600000000000023,45.06,3.230000000000004,50.13,0.28999999999999915,53.96,-0.030000000000001137
2018-12-14,BRN0W.ICE,61.85,61.51,61.64,60.09,60.36,-0.0243854649388488,-0.024090541632983,0.0219327237236859,0.0228476375569086,0.0255808314404953,False,42.38,3.1300000000000026,0.0243854649388488,39.25,-0.6499999999999986,41.46,-3.6000000000000014,41.83,-8.300000000000004,56.04,2.0799999999999983
2018-12-17,BRN0W.ICE,60.36,60.46,61.22,58.68,58.7,-0.0278869070655973,-0.0275016567263087,0.0229657906102075,0.0238431879202452,0.0258415674944936,False,46.59,4.210000000000001,0.0278869070655973,42.38,3.1300000000000026,39.9,-1.5600000000000023,45.06,3.230000000000004,49.61,-6.43
2018-12-18,BRN0W.ICE,58.7,59.25,59.25,55.88,56.0,-0.0470880360989015,-0.0459965928449744,0.0256740223647594,0.0253063909017766,0.0268264338734843,False,53.35,6.759999999999998,0.0470880360989015,46.59,4.210000000000001,39.25,-0.6499999999999986,41.46,-3.6000000000000014,49.84,0.23000000000000398
2018-12-19,BRN0W.ICE,56.0,56.65,58.04,56.1,56.77,0.0136563264474857,0.0137500000000001,0.0266926405799352,0.0253664048874539,0.0270214171736853,False,50.86,-2.490000000000002,0.0136563264474857,53.35,6.759999999999998,42.38,3.1300000000000026,39.9,-1.5600000000000023,49.84,0.0
2018-12-20,BRN0W.ICE,56.77,56.9,56.92,54.6,55.0,-0.031674831950164,-0.0311784393165405,0.0266783566689361,0.026417522216546,0.0273452061793379,False,52.89,2.030000000000001,0.031674831950164,50.86,-2.490000000000002,46.59,4.210000000000001,39.25,-0.6499999999999986,50.13,0.28999999999999915
2018-12-21,BRN0W.ICE,55.0,55.39,55.58,53.09,53.79,-0.0222456089473197,-0.022,0.026531145000115,0.0220711991818782,0.0274337803249607,False,51.76,-1.1300000000000026,0.0222456089473197,52.89,2.030000000000001,53.35,6.759999999999998,42.38,3.1300000000000026,41.83,-8.300000000000004
2018-12-24,BRN0W.ICE,53.79,53.8,54.81,50.65,50.68,-0.0595562208322128,-0.0578174381855363,0.0229261404090171,0.0257307387321571,0.0289581298341195,False,56.73,4.969999999999999,0.0595562208322128,51.76,-1.1300000000000026,50.86,-2.490000000000002,46.59,4.210000000000001,45.06,3.230000000000004
2018-12-26,BRN0W.ICE,50.68,50.9,55.55,50.23,55.18,0.0850692133362016,0.0887924230465666,0.0488419646038239,0.0367337811540557,0.0326210580123151,False,54.07,-2.6599999999999966,0.0850692133362016,56.73,4.969999999999999,52.89,2.030000000000001,53.35,6.759999999999998,41.46,-3.6000000000000014
2018-12-27,BRN0W.ICE,55.18,54.72,54.93,52.56,53.58,-0.0294247046726773,-0.0289960130482058,0.0489244278758122,0.0370245426677619,0.0328001435435947,False,57.16,3.0899999999999963,0.0294247046726773,54.07,-2.6599999999999966,51.76,-1.1300000000000026,50.86,-2.490000000000002,39.9,-1.5600000000000023
2018-12-28,BRN0W.ICE,53.58,54.02,54.37,52.1,52.8,-0.0146646734042469,-0.0145576707726764,0.0466451803555746,0.036255911756032,0.0325514328351025,False,53.11,-4.049999999999997,0.0146646734042469,57.16,3.0899999999999963,56.73,4.969999999999999,52.89,2.030000000000001,39.25,-0.6499999999999986
2018-12-31,BRN0W.ICE,53.58,53.13,54.79,52.68,54.15,0.0252467827347838,0.0255681818181818,0.0477514475053152,0.0371668919901102,0.0330150754949119,False,51.87,-1.240000000000002,0.0252467827347838,53.11,-4.049999999999997,54.07,-2.6599999999999966,51.76,-1.1300000000000026,42.38,3.1300000000000026
2019-01-02,BRN0W.ICE,52.8,54.1,56.49,52.58,54.68,0.0097400384087491,0.0097876269621421,0.0467026974851695,0.0371283414916156,0.0331386613436097,False,54.72,2.8500000000000014,0.0097400384087491,51.87,-1.240000000000002,57.16,3.0899999999999963,56.73,4.969999999999999,46.59,4.210000000000001
2019-01-03,BRN0W.ICE,54.68,54.26,56.26,53.99,55.55,0.0157855042298901,0.0159107534747622,0.0460035293401797,0.0376335982910854,0.0309464896375877,False,53.57,-1.1499999999999986,0.0157855042298901,54.72,2.8500000000000014,53.11,-4.049999999999997,54.07,-2.6599999999999966,53.35,6.759999999999998
2019-01-04,BRN0W.ICE,55.55,55.56,58.27,55.39,57.42,0.0331091586072789,0.0336633663366336,0.0368965019628496,0.0380505649065724,0.0314230035300569,False,51.52,-2.049999999999997,0.0331091586072789,53.57,-1.1499999999999986,51.87,-1.240000000000002,57.16,3.0899999999999963,50.86,-2.490000000000002
2019-01-07,BRN0W.ICE,57.42,57.34,58.87,57.27,57.57,0.0026089239948002,0.002612330198537,0.0220170538291466,0.0376917642760839,0.0313560120690667,False,50.42,-1.1000000000000014,0.0026089239948002,51.52,-2.049999999999997,54.72,2.8500000000000014,53.11,-4.049999999999997,52.89,2.030000000000001
2019-01-08,BRN0W.ICE,57.57,57.89,58.83,57.18,58.59,0.0175624348689791,0.0177175612298072,0.0156338394470873,0.037374592455767,0.0299840788466858,False,46.08,-4.340000000000003,0.0175624348689791,50.42,-1.1000000000000014,53.57,-1.1499999999999986,51.87,-1.240000000000002,51.76,-1.1300000000000026
2019-01-09,BRN0W.ICE,58.59,59.11,61.66,59.06,61.34,0.0458681251294083,0.0469363372589179,0.0146395463284277,0.0366411796619202,0.0309740110293744,False,44.36,-1.7199999999999989,0.0458681251294083,46.08,-4.340000000000003,51.52,-2.049999999999997,54.72,2.8500000000000014,56.73,4.969999999999999
2019-01-10,BRN0W.ICE,61.34,60.92,61.89,60.46,61.18,-0.0026118199633481,-0.0026084121291164,0.0170184157105319,0.0366549231859522,0.0309446540726663,False,42.99,-1.3699999999999974,0.0026118199633481,44.36,-1.7199999999999989,50.42,-1.1000000000000014,53.57,-1.1499999999999986,54.07,-2.6599999999999966
2019-01-11,BRN0W.ICE,61.18,61.33,62.45,60.16,60.59,-0.0096904757658596,-0.0096436744033997,0.0198347307478513,0.0353963437208546,0.030306963482734,False,40.99,-2.0,0.0096904757658596,42.99,-1.3699999999999974,46.08,-4.340000000000003,51.52,-2.049999999999997,57.16,3.0899999999999963
2019-01-14,BRN0W.ICE,60.59,60.87,61.04,58.95,59.32,-0.0211833456871664,-0.020960554546955,0.0239751984510317,0.0353301051317755,0.0304865394289372,False,40.81,-0.17999999999999972,0.0211833456871664,40.99,-2.0,44.36,-1.7199999999999989,50.42,-1.1000000000000014,53.11,-4.049999999999997
2019-01-15,BRN0W.ICE,59.32,59.64,60.82,59.14,60.53,0.0201925926338645,0.020397842211733,0.022281820533694,0.0297663421458475,0.030642614420734,False,39.75,-1.0600000000000023,0.0201925926338645,40.81,-0.17999999999999972,42.99,-1.3699999999999974,46.08,-4.340000000000003,51.87,-1.240000000000002
2019-01-16,BRN0W.ICE,60.53,60.24,61.44,60.07,61.3,0.0126407330385697,0.0127209648108375,0.0222347272952624,0.0213117192223408,0.0294879651623502,False,38.77,-0.9799999999999969,0.0126407330385697,39.75,-1.0600000000000023,40.99,-2.0,44.36,-1.7199999999999989,54.72,2.8500000000000014
2019-01-17,BRN0W.ICE,61.3,60.91,61.51,60.1,61.15,-0.0024499808089843,-0.0024469820554648,0.0222321222887898,0.0187849476862358,0.0294395211486305,False,37.03,-1.740000000000002,0.0024499808089843,38.77,-0.9799999999999969,40.81,-0.17999999999999972,42.99,-1.3699999999999974,53.57,-1.1499999999999986
2019-01-18,BRN0W.ICE,61.15,61.51,62.98,61.41,62.58,0.0231158761075546,0.0233851185609157,0.0163305217352053,0.0177405166031351,0.0297324200377673,False,35.63,-1.3999999999999986,0.0231158761075546,37.03,-1.740000000000002,39.75,-1.0600000000000023,40.99,-2.0,51.52,-2.049999999999997
2019-01-21,BRN0W.ICE,62.58,62.48,62.91,62.14,62.65,0.0011179431013412,0.0011185682326622,0.0161824448434671,0.01753997972395,0.0294447241997703,False,35.63,0.0,0.0011179431013412,35.63,-1.3999999999999986,38.77,-0.9799999999999969,40.81,-0.17999999999999972,50.42,-1.1000000000000014
2019-01-22,BRN0W.ICE,62.65,62.45,62.51,60.51,61.51,-0.0183639181218004,-0.0181963288108539,0.0176193518400031,0.0191568390644132,0.0294825208437101,False,38.26,2.6299999999999955,0.0183639181218004,35.63,0.0,37.03,-1.740000000000002,39.75,-1.0600000000000023,46.08,-4.340000000000003
2019-01-23,BRN0W.ICE,61.51,61.11,62.15,60.24,60.92,-0.0096382351933157,-0.009591936270525,0.0154814933198403,0.0196034358329894,0.0291255928976631,False,37.69,-0.5700000000000003,0.0096382351933157,38.26,2.6299999999999955,35.63,-1.3999999999999986,38.77,-0.9799999999999969,44.36,-1.7199999999999989
2019-01-24,BRN0W.ICE,60.92,60.93,61.45,60.35,61.2,0.0045856614913193,0.0045961917268548,0.01375518268246,0.0180566256430238,0.0290725811661695,False,36.75,-0.9399999999999977,0.0045856614913193,37.69,-0.5700000000000003,35.63,0.0,37.03,-1.740000000000002,42.99,-1.3699999999999974
2019-01-25,BRN0W.ICE,61.2,61.28,61.92,60.72,61.44,0.0039138993211363,0.0039215686274509,0.0129571631166613,0.0180491796745273,0.0290633235805022,False,35.21,-1.5399999999999991,0.0039138993211363,36.75,-0.9399999999999977,38.26,2.6299999999999955,35.63,-1.3999999999999986,40.99,-2.0
2019-01-28,BRN0W.ICE,61.44,61.44,61.62,59.43,59.95,-0.0245502073658934,-0.0242513020833332,0.0160658490297765,0.0192034616176171,0.0289654805376127,False,37.61,2.3999999999999986,0.0245502073658934,35.21,-1.5399999999999991,37.69,-0.5700000000000003,35.63,0.0,40.81,-0.17999999999999972
2019-01-29,BRN0W.ICE,59.95,59.76,61.62,59.64,61.16,0.0199824995873381,0.0201834862385319,0.0152451088464155,0.015507958177795,0.0288649017079939,False,37.13,-0.4799999999999969,0.0199824995873381,37.61,2.3999999999999986,36.75,-0.9399999999999977,38.26,2.6299999999999955,39.75,-1.0600000000000023
2019-01-30,BRN0W.ICE,61.16,61.25,62.46,60.99,61.66,0.0081420413971427,0.0081752779594506,0.0158036787424859,0.0156455536867593,0.0283913610660343,False,35.59,-1.5399999999999991,0.0081420413971427,37.13,-0.4799999999999969,35.21,-1.5399999999999991,37.69,-0.5700000000000003,38.77,-0.9799999999999969
2019-01-31,BRN0W.ICE,61.66,62.03,62.42,60.65,61.22,-0.0071614889407378,-0.0071359065844955,0.0144085895393491,0.0155323108662648,0.0269264199421438,False,34.97,-0.6200000000000045,0.0071614889407378,35.59,-1.5399999999999991,37.61,2.3999999999999986,36.75,-0.9399999999999977,37.03,-1.740000000000002
2019-02-01,BRN0W.ICE,61.22,61.23,62.94,60.48,62.9,0.0270722301891282,0.0274420124142436,0.0170425937278175,0.0156471164931322,0.0272198147402794,False,33.4,-1.5700000000000003,0.0270722301891282,34.97,-0.6200000000000045,37.13,-0.4799999999999969,35.21,-1.5399999999999991,35.63,-1.3999999999999986
2019-02-04,BRN0W.ICE,61.22,62.71,63.63,61.34,62.82,-0.0012726695958943,-0.0012718600953894,0.0171848998949747,0.014996104048784,0.0264225091398508,False,33.7,0.30000000000000426,0.0012726695958943,33.4,-1.5700000000000003,35.59,-1.5399999999999991,37.61,2.3999999999999986,35.63,0.0
2019-02-05,BRN0W.ICE,61.22,62.65,63.01,61.75,62.11,-0.0113664875392888,-0.0113021330786373,0.0181039142193635,0.0151380271544613,0.0261166396838393,False,34.57,0.8699999999999974,0.0113664875392888,33.7,0.30000000000000426,34.97,-0.6200000000000045,37.13,-0.4799999999999969,38.26,2.6299999999999955
2019-02-06,BRN0W.ICE,61.22,62.07,62.75,61.1,62.55,0.0070592303417084,0.0070842054419577,0.0139817814347379,0.015187588407201,0.0231163096992087,False,33.02,-1.5499999999999972,0.0070592303417084,34.57,0.8699999999999974,33.4,-1.5700000000000003,35.59,-1.5399999999999991,37.69,-0.5700000000000003
2019-02-07,BRN0W.ICE,61.22,62.52,62.89,60.63,61.68,-0.014006507657846,-0.0139088729016786,0.0142424088640631,0.0143635943920811,0.0181171410600391,False,34.34,1.3200000000000003,0.014006507657846,33.02,-1.5499999999999972,33.7,0.30000000000000426,34.97,-0.6200000000000045,36.75,-0.9399999999999977
2019-02-08,BRN0W.ICE,61.22,61.57,62.34,61.08,61.97,0.004690667718942,0.0047016861219195,0.0140204243802141,0.0144363358337353,0.0170018421122147,False,32.56,-1.7800000000000011,0.004690667718942,34.34,1.3200000000000003,34.57,0.8699999999999974,33.4,-1.5700000000000003,35.21,-1.5399999999999991
2019-02-11,BRN0W.ICE,62.9,62.11,62.29,60.96,61.58,-0.0063132544776618,-0.0062933677585929,0.0139444485875702,0.013644778426055,0.0167376320775701,False,33.34,0.7800000000000011,0.0063132544776618,32.56,-1.7800000000000011,33.02,-1.5499999999999972,33.7,0.30000000000000426,37.61,2.3999999999999986
2019-02-12,BRN0W.ICE,61.58,61.73,63.32,61.61,62.61,0.0165878672608647,0.0167262098083793,0.010884223133186,0.014003326572174,0.0164509273415787,False,32.69,-0.6500000000000057,0.0165878672608647,33.34,0.7800000000000011,34.34,1.3200000000000003,34.57,0.8699999999999974,37.13,-0.4799999999999969
2019-02-13,BRN0W.ICE,62.61,62.83,63.93,62.83,63.6,0.0156884605888573,0.0158121705797795,0.0124940194831532,0.0144704041762164,0.0165476007604204,False,32.26,-0.4299999999999997,0.0156884605888573,32.69,-0.6500000000000057,32.56,-1.7800000000000011,33.02,-1.5499999999999972,35.59,-1.5399999999999991
2019-02-14,BRN0W.ICE,63.6,63.67,64.78,63.37,64.56,0.0149815536156168,0.0150943396226415,0.0118306338151803,0.0148367107559247,0.0165302358164748,False,32.1,-0.1599999999999966,0.0149815536156168,32.26,-0.4299999999999997,33.34,0.7800000000000011,34.34,1.3200000000000003,34.97,-0.6200000000000045
2019-02-15,BRN0W.ICE,64.56,64.96,66.39,64.45,66.39,0.0279514187693745,0.0283457249070631,0.0145941842325667,0.0137891532947627,0.0162524007598617,False,29.46,-2.6400000000000006,0.0279514187693745,32.1,-0.1599999999999966,32.69,-0.6500000000000057,32.56,-1.7800000000000011,33.4,-1.5700000000000003
2019-02-18,BRN0W.ICE,66.39,66.34,66.77,65.96,66.45,0.0009033424281864,0.0009037505648441,0.011525394173127,0.0133746371732501,0.0162634482625148,False,29.46,0.0,0.0009033424281864,29.46,-2.6400000000000006,32.26,-0.4299999999999997,33.34,0.7800000000000011,33.7,0.30000000000000426
2019-02-19,BRN0W.ICE,66.45,66.33,66.63,65.68,66.47,0.000300932894236,0.0003009781790819,0.0120122840373963,0.0134386994103879,0.0161002116102032,False,31.0,1.5399999999999991,0.000300932894236,29.46,0.0,32.1,-0.1599999999999966,32.69,-0.6500000000000057,34.57,0.8699999999999974
2019-02-20,BRN0W.ICE,66.47,66.3,67.44,65.75,67.22,0.0112201042434691,0.0112832856927937,0.0096325548302002,0.0130118385765124,0.0141308562505953,False,30.76,-0.23999999999999844,0.0112201042434691,31.0,1.5399999999999991,29.46,-2.6400000000000006,32.26,-0.4299999999999997,33.02,-1.5499999999999972
2019-02-21,BRN0W.ICE,67.22,67.14,67.35,66.78,67.13,-0.0013397843462995,-0.0013388872359417,0.0106951390483737,0.0117398832419574,0.0141151772554104,False,30.16,-0.6000000000000014,0.0013397843462995,30.76,-0.23999999999999844,29.46,0.0,32.1,-0.1599999999999966,34.34,1.3200000000000003
2019-02-22,BRN0W.ICE,67.13,67.07,67.8,66.99,67.04,-0.0013415817768324,-0.0013406822583046,0.011103503495551,0.0117425711700414,0.0139355931214338,False,29.85,-0.3099999999999987,0.0013415817768324,30.16,-0.6000000000000014,31.0,1.5399999999999991,29.46,-2.6400000000000006,32.56,-1.7800000000000011
2019-02-25,BRN0W.ICE,67.04,67.12,67.58,64.72,64.92,-0.0321337135274372,-0.0316229116945108,0.0179806941704122,0.0148272165295023,0.0147221569932992,False,32.69,2.8399999999999963,0.0321337135274372,29.85,-0.3099999999999987,30.76,-0.23999999999999844,29.46,0.0,33.34,0.7800000000000011
2019-02-26,BRN0W.ICE,64.92,65.01,65.85,64.5,65.79,0.0133121084515161,0.0134011090573014,0.0148795472820373,0.015046244883835,0.0144970717195448,False,31.57,-1.1199999999999974,0.0133121084515161,32.69,2.8399999999999963,30.16,-0.6000000000000014,31.0,1.5399999999999991,32.69,-0.6500000000000057
2019-02-27,BRN0W.ICE,65.79,65.69,66.87,65.42,66.47,0.0102828669555838,0.0103359173126613,0.0155192802436447,0.0142376568218997,0.0144480639465513,False,31.01,-0.5599999999999987,0.0102828669555838,31.57,-1.1199999999999974,29.85,-0.3099999999999987,30.76,-0.23999999999999844,32.26,-0.4299999999999997
2019-02-28,BRN0W.ICE,66.47,66.57,66.77,65.92,66.36,-0.0016562527312467,-0.0016548819016097,0.0155314842794903,0.0143605173598723,0.0144390337565232,False,30.27,-0.740000000000002,0.0016562527312467,31.01,-0.5599999999999987,32.69,2.8399999999999963,30.16,-0.6000000000000014,32.1,-0.1599999999999966
2019-03-01,BRN0W.ICE,66.36,66.53,67.12,64.6,65.0,-0.0207071954266066,-0.0204942736588306,0.0162764091398134,0.0156789661674106,0.014521556402366,False,30.31,0.03999999999999915,0.0207071954266066,30.27,-0.740000000000002,31.57,-1.1199999999999974,29.85,-0.3099999999999987,29.46,-2.6400000000000006
2019-03-04,BRN0W.ICE,65.0,65.17,66.3,65.08,65.55,0.0084259403140717,0.0084615384615385,0.0170235683815982,0.0153168896084016,0.0145801870155574,False,30.2,-0.10999999999999943,0.0084259403140717,30.31,0.03999999999999915,31.01,-0.5599999999999987,32.69,2.8399999999999963,29.46,0.0
2019-03-05,BRN0W.ICE,65.55,65.54,66.18,65.06,65.57,0.000305064065819,0.0003051106025933,0.0170681122530516,0.0149043085370914,0.0140930382883674,False,30.21,0.010000000000001563,0.000305064065819,30.2,-0.10999999999999943,30.27,-0.740000000000002,31.57,-1.1199999999999974,31.0,1.5399999999999991
2019-03-06,BRN0W.ICE,65.57,65.46,66.14,65.24,65.93,0.0054752988496803,0.0054903156931525,0.0114127302678074,0.0144868721244074,0.0139269834440564,False,29.69,-0.5199999999999996,0.0054752988496803,30.21,0.010000000000001563,30.31,0.03999999999999915,31.01,-0.5599999999999987,30.76,-0.23999999999999844
2019-03-07,BRN0W.ICE,65.93,65.89,66.97,65.77,66.09,0.0024238763571532,0.0024268163203398,0.0103380776646134,0.0123504186077263,0.0139221310990195,False,30.43,0.7399999999999984,0.0024238763571532,29.69,-0.5199999999999996,30.2,-0.10999999999999943,30.27,-0.740000000000002,30.16,-0.6000000000000014
2019-03-08,BRN0W.ICE,66.09,66.05,66.09,64.03,65.81,-0.0042456470143337,-0.0042366469965199,0.0095067932365542,0.0123876840083092,0.0139744212511144,False,29.77,-0.6600000000000001,0.0042456470143337,30.43,0.7399999999999984,30.21,0.010000000000001563,30.31,0.03999999999999915,29.85,-0.3099999999999987
2019-03-11,BRN0W.ICE,65.81,65.73,66.73,65.66,66.63,0.0123831241064178,0.012460112444917,0.0108377695807042,0.012873466644013,0.0131296296147562,False,29.18,-0.5899999999999999,0.0123831241064178,29.77,-0.6600000000000001,29.69,-0.5199999999999996,30.2,-0.10999999999999943,32.69,2.8399999999999963
2019-03-12,BRN0W.ICE,66.63,66.63,67.24,66.33,66.7,0.0010500263471323,0.0010505778177998,0.0055406320710363,0.0124830863641621,0.0127609622363503,False,28.56,-0.620000000000001,0.0010500263471323,29.18,-0.5899999999999999,30.43,0.7399999999999984,30.21,0.010000000000001563,31.57,-1.1199999999999974
2019-03-13,BRN0W.ICE,66.7,66.85,67.64,66.63,67.54,0.0125150620358436,0.0125937031484257,0.0062884802029852,0.0129562816635789,0.0128477015545871,False,28.13,-0.4299999999999997,0.0125150620358436,28.56,-0.620000000000001,29.77,-0.6600000000000001,29.69,-0.5199999999999996,31.01,-0.5599999999999987
2019-03-14,BRN0W.ICE,67.54,67.5,68.02,66.96,67.09,-0.006685013382625,-0.0066627183891028,0.0074678744602341,0.0130906489488316,0.0128349485562586,False,27.22,-0.9100000000000001,0.006685013382625,28.13,-0.4299999999999997,29.18,-0.5899999999999999,30.43,0.7399999999999984,30.27,-0.740000000000002
2019-03-15,BRN0W.ICE,67.09,67.06,67.58,66.08,66.9,-0.0028360344406139,-0.0028320166939931,0.0077161125004098,0.0093594145205236,0.0120419153589603,False,26.27,-0.9499999999999993,0.0028360344406139,27.22,-0.9100000000000001,28.56,-0.620000000000001,29.77,-0.6600000000000001,30.31,0.03999999999999915
2019-03-18,BRN0W.ICE,66.9,66.99,67.51,66.59,67.23,0.0049206093467625,0.0049327354260089,0.0077916435602199,0.0088438073400657,0.0120359843480251,False,26.48,0.21000000000000085,0.0049206093467625,26.27,-0.9499999999999993,28.13,-0.4299999999999997,29.18,-0.5899999999999999,30.2,-0.10999999999999943
2019-03-19,BRN0W.ICE,67.23,67.27,67.97,66.96,67.52,0.0043042738067563,0.0043135504982894,0.0072173266470761,0.0085282191451384,0.0117610500477271,False,28.44,1.9600000000000009,0.0043042738067563,26.48,0.21000000000000085,27.22,-0.9100000000000001,28.56,-0.620000000000001,30.21,0.010000000000001563
2019-03-20,BRN0W.ICE,67.52,67.4,68.28,67.02,68.07,0.0081127371721582,0.0081457345971562,0.0065026498128802,0.008681902073873,0.0117758193502092,False,27.21,-1.2300000000000004,0.0081127371721582,28.44,1.9600000000000009,26.27,-0.9499999999999993,28.13,-0.4299999999999997,29.69,-0.5199999999999996
2019-03-21,BRN0W.ICE,68.07,68.14,68.46,67.43,67.55,-0.0076685230536521,-0.0076391949463786,0.0076791212852118,0.0065065957148826,0.0115175712864349,False,27.14,-0.07000000000000028,0.0076685230536521,27.21,-1.2300000000000004,26.48,0.21000000000000085,27.22,-0.9100000000000001,30.43,0.7399999999999984
2019-03-22,BRN0W.ICE,67.55,67.53,67.74,65.98,66.79,-0.011314695668663,-0.0112509252405623,0.0074196060779983,0.0072752227163264,0.0118051147841303,False,27.78,0.6400000000000006,0.011314695668663,27.14,-0.07000000000000028,28.44,1.9600000000000009,26.27,-0.9499999999999993,29.77,-0.6600000000000001
2019-03-25,BRN0W.ICE,66.79,66.74,67.21,66.06,66.9,0.0016455983966382,0.0016469531366971,0.0071295901010267,0.0072693931114795,0.0116891607647409,False,29.32,1.5399999999999991,0.0016455983966382,27.78,0.6400000000000006,27.21,-1.2300000000000004,26.48,0.21000000000000085,29.18,-0.5899999999999999
2019-03-26,BRN0W.ICE,66.9,66.93,67.74,66.86,67.44,0.0080393465594171,0.0080717488789237,0.0076756143245501,0.0074099734390532,0.0114420862823941,False,27.92,-1.3999999999999986,0.0080393465594171,29.32,1.5399999999999991,27.14,-0.07000000000000028,28.44,1.9600000000000009,28.56,-0.620000000000001
2019-03-27,BRN0W.ICE,67.44,67.32,67.69,66.65,67.3,-0.0020780770429179,-0.0020759193357058,0.0075572773117036,0.0074697306005222,0.0111917566702473,False,28.11,0.18999999999999773,0.0020780770429179,27.92,-1.3999999999999986,27.78,0.6400000000000006,27.21,-1.2300000000000004,28.13,-0.4299999999999997
2019-03-28,BRN0W.ICE,67.3,67.15,67.32,65.95,67.31,0.0001485773719396,0.000148588410104,0.007336421103695,0.0073095703201282,0.0109175048411212,False,28.52,0.41000000000000014,0.0001485773719396,28.11,0.18999999999999773,29.32,1.5399999999999991,27.14,-0.07000000000000028,27.22,-0.9100000000000001
2019-03-29,BRN0W.ICE,67.31,67.35,68.28,67.16,67.55,0.0035592503835861,0.0035655920368444,0.0066178486125083,0.0066608024605017,0.0097130412787288,False,26.75,-1.7699999999999996,0.0035592503835861,28.52,0.41000000000000014,27.92,-1.3999999999999986,27.78,0.6400000000000006,26.27,-0.9499999999999993
2019-04-01,BRN0W.ICE,67.55,67.75,69.22,67.73,69.16,0.0235545964088818,0.0238341968911917,0.010707702220948,0.0089880943387693,0.0105808793058617,False,26.23,-0.5199999999999996,0.0235545964088818,26.75,-1.7699999999999996,28.11,0.18999999999999773,29.32,1.5399999999999991,26.48,0.21000000000000085
2019-04-02,BRN0W.ICE,69.16,69.12,69.58,68.72,69.57,0.0059107791204601,0.0059282822440716,0.0085296609308908,0.0085915041494742,0.010611547858552,False,26.28,0.05000000000000071,0.0059107791204601,26.23,-0.5199999999999996,28.52,0.41000000000000014,27.92,-1.3999999999999986,28.44,1.9600000000000009
2019-04-03,BRN0W.ICE,69.57,69.46,69.95,68.81,69.52,-0.0007189589784133,-0.0007187005893344,0.0087663313105838,0.0082631108891924,0.0104579606355587,False,25.57,-0.7100000000000009,0.0007189589784133,26.28,0.05000000000000071,26.75,-1.7699999999999996,28.11,0.18999999999999773,27.21,-1.2300000000000004
2019-04-04,BRN0W.ICE,69.52,69.38,70.01,68.89,69.31,-0.0030252850272431,-0.0030207134637513,0.0092156304245303,0.0082727338978035,0.0104761508076827,False,25.22,-0.3500000000000014,0.0030252850272431,25.57,-0.7100000000000009,26.23,-0.5199999999999996,28.52,0.41000000000000014,27.14,-0.07000000000000028
2019-04-05,BRN0W.ICE,69.52,69.07,70.48,68.94,70.48,0.0167397856980308,0.016880680998413,0.0098980533759254,0.0090976363680386,0.0108464866581826,False,24.0,-1.2199999999999989,0.0167397856980308,25.22,-0.3500000000000014,26.28,0.05000000000000071,26.75,-1.7699999999999996,27.78,0.6400000000000006
2019-04-08,BRN0W.ICE,69.31,70.55,71.18,70.46,71.1,0.008758355181271,0.0087968217934164,0.0094899379951653,0.0092099301377075,0.0088351215189788,False,24.33,0.3299999999999983,0.008758355181271,24.0,-1.2199999999999989,25.57,-0.7100000000000009,26.23,-0.5199999999999996,29.32,1.5399999999999991
2019-04-09,BRN0W.ICE,71.1,71.15,71.32,70.31,70.83,-0.0038046970436638,-0.0037974683544302,0.0104056664607372,0.0093198205925846,0.0086999465117904,False,24.66,0.33000000000000185,0.0038046970436638,24.33,0.3299999999999983,25.22,-0.3500000000000014,26.28,0.05000000000000071,27.92,-1.3999999999999986
2019-04-10,BRN0W.ICE,70.83,70.83,71.78,70.57,71.57,0.0103933519849747,0.0104475504729633,0.0077073590676307,0.008997972193735,0.0087033947408145,False,24.68,0.019999999999999574,0.0103933519849747,24.66,0.33000000000000185,24.0,-1.2199999999999989,25.57,-0.7100000000000009,28.11,0.18999999999999773
2019-04-11,BRN0W.ICE,71.57,71.57,71.68,70.59,70.98,-0.0082778445321555,-0.0082436775185131,0.0091296718286229,0.0086259359291087,0.0088933816420195,False,25.7,1.0199999999999996,0.0082778445321555,24.68,0.019999999999999574,24.33,0.3299999999999983,25.22,-0.3500000000000014,28.52,0.41000000000000014
2019-04-12,BRN0W.ICE,70.98,71.0,71.86,70.9,71.55,0.0079983587841093,0.008030431107354,0.0091536143324092,0.0086400328733207,0.0078181804347301,False,25.7,0.0,0.0079983587841093,25.7,1.0199999999999996,24.66,0.33000000000000185,24.0,-1.2199999999999989,26.75,-1.7699999999999996
2019-04-15,BRN0W.ICE,71.55,71.56,71.57,70.81,71.3,-0.0035001785822096,-0.0034940600978337,0.0092168674325789,0.0088549692764783,0.007846463339459,False,25.51,-0.18999999999999773,0.0035001785822096,25.7,0.0,24.68,0.019999999999999574,24.33,0.3299999999999983,26.23,-0.5199999999999996
2019-04-16,BRN0W.ICE,71.3,71.21,71.94,70.79,71.86,0.0078234542651223,0.0078541374474052,0.0076533835462159,0.008728789212303,0.0078839145312461,False,25.57,0.05999999999999872,0.0078234542651223,25.51,-0.18999999999999773,25.7,1.0199999999999996,24.66,0.33000000000000185,26.28,0.05000000000000071
2019-04-17,BRN0W.ICE,71.86,71.88,72.26,71.47,71.64,-0.0030662044928616,-0.0030615084887281,0.007412545113547,0.0088978940771753,0.0079474110229114,False,25.19,-0.379999999999999,0.0030662044928616,25.57,0.05999999999999872,25.7,0.0,24.68,0.019999999999999574,25.57,-0.7100000000000009
2019-04-18,BRN0W.ICE,71.64,71.06,71.47,70.69,71.46,-0.0025157245972473,-0.0025125628140704,0.007285879863851,0.0090908804046697,0.0080057554881345,False,24.45,-0.740000000000002,0.0025157245972473,25.19,-0.379999999999999,25.51,-0.18999999999999773,25.7,1.0199999999999996,25.22,-0.3500000000000014
2019-04-22,BRN0W.ICE,71.46,71.55,73.84,71.52,73.65,0.0301862903133757,0.0306465155331656,0.0130105823573764,0.0102818584379368,0.0093458769191454,False,26.07,1.620000000000001,0.0301862903133757,24.45,-0.740000000000002,25.57,0.05999999999999872,25.7,0.0,24.0,-1.2199999999999989
2019-04-23,BRN0W.ICE,73.65,73.65,74.06,73.37,73.73,0.0010856290929198,0.0010862186014934,0.011966207127535,0.0103115047206777,0.0092127536438117,False,26.56,0.48999999999999844,0.0010856290929198,26.07,1.620000000000001,25.19,-0.379999999999999,25.51,-0.18999999999999773,24.33,0.3299999999999983
2019-04-24,BRN0W.ICE,73.73,73.6,74.01,73.4,73.74,0.0001356208044391,0.0001356300013561,0.0120536751343932,0.0102829653323509,0.0092222193464754,False,25.28,-1.2799999999999976,0.0001356208044391,26.56,0.48999999999999844,24.45,-0.740000000000002,25.57,0.05999999999999872,24.66,0.33000000000000185
2019-04-25,BRN0W.ICE,73.74,73.71,74.73,73.35,73.62,-0.0016286648551232,-0.0016273393002439,0.0118710170838196,0.0102139235081677,0.0090979358847369,False,25.57,0.28999999999999915,0.0016286648551232,25.28,-1.2799999999999976,26.07,1.620000000000001,25.19,-0.379999999999999,24.68,0.019999999999999574
2019-04-26,BRN0W.ICE,73.62,73.37,73.64,70.65,71.13,-0.0344075392054513,-0.0338223308883456,0.0187072942369776,0.0139057585523644,0.0112545441028954,False,31.24,5.669999999999998,0.0344075392054513,25.57,0.28999999999999915,26.56,0.48999999999999844,24.45,-0.740000000000002,25.7,1.0199999999999996
2019-04-29,BRN0W.ICE,71.13,71.15,71.99,70.65,71.42,0.0040687534208785,0.0040770420357092,0.0187992582872417,0.0137511870092912,0.0112238720273577,False,29.04,-2.1999999999999993,0.0040687534208785,31.24,5.669999999999998,25.28,-1.2799999999999976,26.07,1.620000000000001,25.7,0.0
2019-04-30,BRN0W.ICE,71.42,71.46,72.75,71.21,71.66,0.0033547697105053,0.0033604032483898,0.0188221224131264,0.0137190531337246,0.0112143212261714,False,29.31,0.2699999999999996,0.0033547697105053,29.04,-2.1999999999999993,25.57,0.28999999999999915,26.56,0.48999999999999844,25.51,-0.18999999999999773
2019-05-01,BRN0W.ICE,71.42,71.78,72.32,71.31,72.05,0.0054276105687234,0.0054423667317891,0.0140004812280747,0.0135155231905155,0.0112237129322627,False,29.41,0.10000000000000142,0.0054276105687234,29.31,0.2699999999999996,31.24,5.669999999999998,25.28,-1.2799999999999976,25.57,0.05999999999999872
2019-05-02,BRN0W.ICE,71.42,72.05,72.21,69.74,70.35,-0.023877538885133,-0.0235947258848022,0.0158080306655062,0.0148682158831807,0.0121227586467353,False,30.49,1.0799999999999983,0.023877538885133,29.41,0.10000000000000142,29.04,-2.1999999999999993,25.57,0.28999999999999915,25.19,-0.379999999999999
2019-05-03,BRN0W.ICE,71.42,70.49,71.51,69.98,70.78,0.0060936913569193,0.0061122956645345,0.0163874471330007,0.0147916409416615,0.0120396801925572,False,29.88,-0.6099999999999994,0.0060936913569193,30.49,1.0799999999999983,29.31,0.2699999999999996,31.24,5.669999999999998,24.45,-0.740000000000002
2019-05-06,BRN0W.ICE,71.66,69.76,71.78,68.9,70.98,0.0028216723010331,0.0028256569652445,0.0166626501924784,0.0147984719340449,0.0117926367875205,False,30.91,1.0300000000000011,0.0028216723010331,29.88,-0.6099999999999994,29.41,0.10000000000000142,29.04,-2.1999999999999993,26.07,1.620000000000001
2019-05-07,BRN0W.ICE,70.98,71.14,71.33,69.41,69.87,-0.015761774653991,-0.0156382079459002,0.0120782143146691,0.0151385149655272,0.0122321749719088,False,34.07,3.16,0.015761774653991,30.91,1.0300000000000011,30.49,1.0799999999999983,29.31,0.2699999999999996,26.56,0.48999999999999844
2019-05-08,BRN0W.ICE,69.87,69.93,70.67,69.34,70.32,0.0064198808125621,0.0064405324173464,0.0123232576334403,0.0152988519797919,0.0122056276995703,False,32.23,-1.8400000000000034,0.0064198808125621,34.07,3.16,29.88,-0.6099999999999994,29.41,0.10000000000000142,25.28,-1.2799999999999976
2019-05-09,BRN0W.ICE,70.32,70.2,70.61,69.41,70.32,0.0,0.0,0.0121342228390349,0.0152986074784526,0.0121911320714317,False,32.48,0.25,0.0,32.23,-1.8400000000000034,30.91,1.0300000000000011,30.49,1.0799999999999983,25.57,0.28999999999999915
2019-05-10,BRN0W.ICE,70.32,70.63,71.21,70.21,70.86,0.0076498460604045,0.0076791808873721,0.0124081762055691,0.012715440553159,0.0122400671177585,False,32.8,0.3200000000000003,0.0076498460604045,32.48,0.25,34.07,3.16,29.88,-0.6099999999999994,31.24,5.669999999999998
2019-05-13,BRN0W.ICE,70.86,70.86,72.54,69.74,69.95,-0.0129253983258356,-0.0128422241038667,0.0096236216748181,0.012939028361207,0.0125211297255273,False,34.6,1.8000000000000043,0.0129253983258356,32.8,0.3200000000000003,32.23,-1.8400000000000034,30.91,1.0300000000000011,29.04,-2.1999999999999993
2019-05-14,BRN0W.ICE,69.95,70.09,71.61,69.93,70.99,0.0147583209398042,0.0148677626876339,0.0111036820907863,0.013836674610401,0.012073717945877,False,32.13,-2.469999999999999,0.0147583209398042,34.6,1.8000000000000043,32.48,0.25,34.07,3.16,29.31,0.2699999999999996
2019-05-15,BRN0W.ICE,70.99,70.85,72.23,70.42,71.95,0.0134324112820823,0.0135230314128751,0.0121597219661718,0.014497333233687,0.0122586717698232,False,29.26,-2.870000000000001,0.0134324112820823,32.13,-2.469999999999999,32.8,0.3200000000000003,32.23,-1.8400000000000034,29.41,0.10000000000000142
2019-05-16,BRN0W.ICE,71.95,72.04,73.34,71.83,72.77,0.0113323490256182,0.0113968033356497,0.0096367195123348,0.0113587663953731,0.0123930105675778,False,29.42,0.16000000000000014,0.0113323490256182,29.26,-2.870000000000001,34.6,1.8000000000000043,32.48,0.25,30.49,1.0799999999999983
2019-05-17,BRN0W.ICE,72.77,72.81,73.23,71.82,72.17,-0.0082793352748131,-0.008245155970867,0.0109883120155001,0.011630834218424,0.0124961967789847,False,29.44,0.019999999999999574,0.0082793352748131,29.42,0.16000000000000014,32.13,-2.469999999999999,32.8,0.3200000000000003,29.88,-0.6099999999999994
2019-05-20,BRN0W.ICE,72.17,71.86,72.42,70.85,71.3,-0.0121281196639317,-0.0120548704447832,0.0125201214059902,0.0120907209520656,0.0123810257320811,False,27.63,-1.8100000000000023,0.0121281196639317,29.44,0.019999999999999574,29.26,-2.870000000000001,34.6,1.8000000000000043,30.91,1.0300000000000011
2019-05-21,BRN0W.ICE,71.3,71.36,71.66,70.85,71.11,-0.0026683535248236,-0.002664796633941,0.0123471495565304,0.011985781360656,0.0122899944294811,False,26.93,-0.6999999999999993,0.0026683535248236,27.63,-1.8100000000000023,29.42,0.16000000000000014,32.13,-2.469999999999999,34.07,3.16
2019-05-22,BRN0W.ICE,71.11,70.95,71.06,69.47,69.93,-0.0167332321796509,-0.0165940092813948,0.0130983969204474,0.0110494966458571,0.0126495875861394,False,28.19,1.2600000000000016,0.0167332321796509,26.93,-0.6999999999999993,29.44,0.019999999999999574,29.26,-2.870000000000001,32.23,-1.8400000000000034
2019-05-23,BRN0W.ICE,69.93,69.94,69.98,65.92,66.8,-0.0457916611731755,-0.0447590447590449,0.0199155379905202,0.016196520034722,0.0149436643011281,False,33.79,5.599999999999998,0.0457916611731755,28.19,1.2600000000000016,27.63,-1.8100000000000023,29.42,0.16000000000000014,32.48,0.25
2019-05-24,BRN0W.ICE,66.8,66.77,68.09,66.24,68.01,0.0179516726449473,0.0181137724550899,0.0208056064484471,0.0171717413554455,0.015343756802739,False,33.19,-0.6000000000000014,0.0179516726449473,33.79,5.599999999999998,26.93,-0.6999999999999993,29.44,0.019999999999999574,32.8,0.3200000000000003
2019-05-27,BRN0W.ICE,68.01,67.93,68.84,67.29,68.68,0.0098032828417273,0.009851492427584,0.0205750024829846,0.0170753658273133,0.0153854617561472,False,33.19,0.0,0.0098032828417273,33.19,-0.6000000000000014,28.19,1.2600000000000016,27.63,-1.8100000000000023,34.6,1.8000000000000043
2019-05-28,BRN0W.ICE,68.68,68.63,69.22,68.19,68.69,0.0001455921965153,0.0001456027955735,0.0208189017851197,0.0169410347298468,0.0153824100327395,False,34.36,1.1700000000000017,0.0001455921965153,33.19,0.0,33.79,5.599999999999998,26.93,-0.6999999999999993,32.13,-2.469999999999999
2019-05-29,BRN0W.ICE,68.69,68.6,68.61,66.69,68.17,-0.0075990428510962,-0.0075702431212694,0.0207052145473961,0.017004849272324,0.0153265659371667,False,36.43,2.0700000000000003,0.0075990428510962,34.36,1.1700000000000017,33.19,-0.6000000000000014,28.19,1.2600000000000016,29.26,-2.870000000000001
2019-05-30,BRN0W.ICE,68.17,68.05,68.31,64.97,65.21,-0.0443917539695831,-0.0434208596156668,0.0250063267051991,0.0200900765415255,0.0171918909229195,False,39.62,3.1899999999999977,0.0443917539695831,36.43,2.0700000000000003,33.19,0.0,33.79,5.599999999999998,29.42,0.16000000000000014
2019-05-31,BRN0W.ICE,65.21,64.82,64.86,61.44,61.76,-0.05435692568859,-0.0529059960128813,0.0297020531910899,0.0238909878559064,0.0195686437896009,False,46.91,7.289999999999999,0.05435692568859,39.62,3.1899999999999977,34.36,1.1700000000000017,33.19,-0.6000000000000014,29.44,0.019999999999999574
2019-06-03,BRN0W.ICE,61.76,61.58,62.83,60.62,60.9,-0.0140227310006693,-0.0139248704663211,0.0270078615658194,0.0229175756540723,0.0184721099270498,False,46.78,-0.12999999999999545,0.0140227310006693,46.91,7.289999999999999,36.43,2.0700000000000003,33.19,0.0,27.63,-1.8100000000000023
2019-06-04,BRN0W.ICE,60.9,61.0,62.07,60.26,61.4,0.0081766604372455,0.0082101806239738,0.0253286302446153,0.0225271601268222,0.0186151702487696,False,43.46,-3.3200000000000003,0.0081766604372455,46.78,-0.12999999999999545,39.62,3.1899999999999977,34.36,1.1700000000000017,26.93,-0.6999999999999993
2019-06-05,BRN0W.ICE,61.4,61.57,62.26,59.51,60.5,-0.014766470116301,-0.014657980456026,0.0229753138246665,0.0215673182574044,0.0186418464455353,False,45.19,1.7299999999999969,0.014766470116301,43.46,-3.3200000000000003,46.91,7.289999999999999,36.43,2.0700000000000003,28.19,1.2600000000000016
2019-06-06,BRN0W.ICE,60.5,60.47,62.41,60.28,62.23,0.0281938335443306,0.0285950413223139,0.0284778871726655,0.0242430452891045,0.0196820332699273,False,40.66,-4.530000000000001,0.0281938335443306,45.19,1.7299999999999969,46.78,-0.12999999999999545,39.62,3.1899999999999977,33.79,5.599999999999998
2019-06-07,BRN0W.ICE,60.5,62.35,63.54,61.78,63.24,0.0160998137601448,0.0162301140928813,0.0307026675543552,0.0252574432447882,0.0192893868222847,False,38.75,-1.9099999999999966,0.0160998137601448,40.66,-4.530000000000001,43.46,-3.3200000000000003,46.91,7.289999999999999,33.19,-0.6000000000000014
2019-06-10,BRN0W.ICE,62.23,63.8,64.09,62.08,62.32,-0.0146546107787784,-0.0145477545857052,0.0271155642423133,0.0252452067318067,0.0193248935527727,False,39.12,0.36999999999999744,0.0146546107787784,38.75,-1.9099999999999966,45.19,1.7299999999999969,46.78,-0.12999999999999545,33.19,0.0
2019-06-11,BRN0W.ICE,62.32,62.27,62.84,62.03,62.06,-0.0041807425422586,-0.0041720154043645,0.017148962085338,0.0251885129717669,0.0192675846207692,False,38.69,-0.4299999999999997,0.0041807425422586,39.12,0.36999999999999744,40.66,-4.530000000000001,43.46,-3.3200000000000003,34.36,1.1700000000000017
2019-06-12,BRN0W.ICE,62.06,61.66,61.69,59.62,59.78,-0.0374305021644423,-0.0367386400257815,0.022072079538457,0.0243212116924705,0.0200562620766588,False,43.06,4.3700000000000045,0.0374305021644423,38.69,-0.4299999999999997,38.75,-1.9099999999999966,45.19,1.7299999999999969,36.43,2.0700000000000003
2019-06-13,BRN0W.ICE,59.78,59.17,61.74,59.0,60.5,0.0119722081810039,0.0120441619270659,0.0224262033246651,0.0238802304233195,0.0200360851396087,False,41.56,-1.5,0.0119722081810039,43.06,4.3700000000000045,39.12,0.36999999999999744,40.66,-4.530000000000001,39.62,3.1899999999999977
2019-06-14,BRN0W.ICE,60.5,60.31,61.52,59.94,61.01,0.0083944201269652,0.0084297520661156,0.0219511139271107,0.0238006463980821,0.0200844676073673,False,42.89,1.3299999999999983,0.0083944201269652,41.56,-1.5,38.69,-0.4299999999999997,38.75,-1.9099999999999966,46.91,7.289999999999999
2019-06-17,BRN0W.ICE,61.01,60.96,61.34,59.79,59.94,-0.0176937232752439,-0.0175381085068021,0.019229020141348,0.0237820944969068,0.0201598017813787,False,46.15,3.259999999999998,0.0176937232752439,42.89,1.3299999999999983,43.06,4.3700000000000045,39.12,0.36999999999999744,46.78,-0.12999999999999545
2019-06-18,BRN0W.ICE,59.94,59.98,61.91,59.41,61.52,0.0260182633088715,0.0263596930263598,0.0213247637962154,0.0256387755004101,0.0208668304693168,False,43.43,-2.719999999999999,0.0260182633088715,46.15,3.259999999999998,41.56,-1.5,38.69,-0.4299999999999997,43.46,-3.3200000000000003
2019-06-19,BRN0W.ICE,61.52,61.62,61.75,60.72,61.5,-0.0003251503849163,-0.0003250975292587,0.0208061788097137,0.0233410142166103,0.0207841592350614,False,40.79,-2.6400000000000006,0.0003251503849163,43.43,-2.719999999999999,42.89,1.3299999999999983,43.06,4.3700000000000045,45.19,1.7299999999999969
2019-06-20,BRN0W.ICE,61.5,61.76,64.13,61.68,64.04,0.0404707133160419,0.0413008130081302,0.0261468209036262,0.0213340622974773,0.0223393340337505,False,41.66,0.8699999999999974,0.0404707133160419,40.79,-2.6400000000000006,46.15,3.259999999999998,41.56,-1.5,40.66,-4.530000000000001
2019-06-21,BRN0W.ICE,64.04,64.27,65.03,63.26,64.58,0.0083968772016151,0.0084322298563397,0.0185299876335733,0.0208265892920719,0.022352163522543,False,42.13,0.47000000000000597,0.0083968772016151,41.66,0.8699999999999974,43.43,-2.719999999999999,42.89,1.3299999999999983,38.75,-1.9099999999999966
2019-06-24,BRN0W.ICE,64.58,64.73,64.98,63.42,64.06,-0.008084621149117,-0.008052028491793,0.0198633283002364,0.021039561019794,0.0222961416087444,False,41.0,-1.1300000000000026,0.008084621149117,42.13,0.47000000000000597,40.79,-2.6400000000000006,46.15,3.259999999999998,39.12,0.36999999999999744
2019-06-25,BRN0W.ICE,64.06,64.25,65.15,63.51,65.04,0.0151823210585431,0.0152981579768967,0.0200411100877965,0.0206091097257108,0.0223078733465632,False,40.26,-0.740000000000002,0.0151823210585431,41.0,-1.1300000000000026,41.66,0.8699999999999974,43.43,-2.719999999999999,38.69,-0.4299999999999997
2019-06-26,BRN0W.ICE,65.04,65.05,65.95,64.79,65.53,0.0075055878118502,0.0075338253382533,0.0163395961814616,0.0195453808418517,0.0221839806061735,False,38.45,-1.8099999999999952,0.0075055878118502,40.26,-0.740000000000002,42.13,0.47000000000000597,40.79,-2.6400000000000006,43.06,4.3700000000000045
2019-06-27,BRN0W.ICE,65.53,65.04,65.91,64.89,65.43,-0.001527184169758,-0.001526018617427,0.0159196712675087,0.0192500431141055,0.0220188104627818,False,37.84,-0.6099999999999994,0.001527184169758,38.45,-1.8099999999999952,41.0,-1.1300000000000026,41.66,0.8699999999999974,41.56,-1.5
2019-06-28,BRN0W.ICE,65.43,65.6,65.89,64.02,64.55,-0.013540751588996,-0.0134494880024454,0.0178492582865352,0.0191761523436855,0.0220786995820981,False,39.46,1.6199999999999974,0.013540751588996,37.84,-0.6099999999999994,40.26,-0.740000000000002,42.13,0.47000000000000597,42.89,1.3299999999999983
2019-07-01,BRN0W.ICE,64.55,65.88,66.72,64.25,65.22,0.0103260530685216,0.0103795507358637,0.0105466695468078,0.0191786713301689,0.0221642502038284,False,35.92,-3.539999999999999,0.0103260530685216,39.46,1.6199999999999974,38.45,-1.8099999999999952,41.0,-1.1300000000000026,46.15,3.259999999999998
2019-07-02,BRN0W.ICE,65.22,64.89,65.48,62.35,62.82,-0.0374926762506725,-0.0367985280588776,0.0179867572443408,0.0191888945581308,0.0230423862427417,False,37.77,1.8500000000000014,0.0374926762506725,35.92,-3.539999999999999,37.84,-0.6099999999999994,40.26,-0.740000000000002,43.43,-2.719999999999999
2019-07-03,BRN0W.ICE,62.82,62.84,63.99,62.1,63.86,0.0164196931761354,0.0165552371856096,0.0193780743692432,0.0193750878174168,0.0232115659137765,False,36.72,-1.0500000000000043,0.0164196931761354,37.77,1.8500000000000014,39.46,1.6199999999999974,38.45,-1.8099999999999952,40.79,-2.6400000000000006
2019-07-04,BRN0W.ICE,63.86,63.88,64.04,62.97,63.18,-0.0107053919126968,-0.0106482931412464,0.0183407267199606,0.0197009985982182,0.021825020281831,False,36.72,0.0,0.0107053919126968,36.72,-1.0500000000000043,35.92,-3.539999999999999,37.84,-0.6099999999999994,41.66,0.8699999999999974
2019-07-05,BRN0W.ICE,63.18,63.34,64.5,62.92,64.44,0.0197467629348345,0.0199430199430199,0.0201327506846285,0.0192862752848694,0.0218835838965868,False,34.7,-2.019999999999996,0.0197467629348345,36.72,0.0,37.77,1.8500000000000014,39.46,1.6199999999999974,42.13,0.47000000000000597
2019-07-08,BRN0W.ICE,64.44,64.41,65.1,63.8,63.89,-0.0085717036945217,-0.0085350713842333,0.0202577476753268,0.0186140140492418,0.0218047044663064,False,34.0,-0.7000000000000028,0.0085717036945217,34.7,-2.019999999999996,36.72,-1.0500000000000043,35.92,-3.539999999999999,41.0,-1.1300000000000026
2019-07-09,BRN0W.ICE,63.89,63.81,64.72,63.77,64.54,0.0101223320095639,0.0101737361089373,0.0202583596377908,0.0186926600448628,0.0219207948931307,False,30.3,-3.6999999999999993,0.0101223320095639,34.0,-0.7000000000000028,36.72,0.0,37.77,1.8500000000000014,40.26,-0.740000000000002
2019-07-10,BRN0W.ICE,64.54,64.76,67.1,64.63,66.72,0.0332195714266755,0.03377750232414,0.0237538048024917,0.0176597906648573,0.0228148133518639,False,30.76,0.46000000000000085,0.0332195714266755,30.3,-3.6999999999999993,34.7,-2.019999999999996,36.72,-1.0500000000000043,38.45,-1.8099999999999952
2019-07-11,BRN0W.ICE,66.72,66.84,67.64,66.44,66.81,0.0013480118868947,0.0013489208633095,0.0158835546077069,0.0175922410670187,0.0212716154736018,False,29.86,-0.9000000000000021,0.0013480118868947,30.76,0.46000000000000085,34.0,-0.7000000000000028,36.72,0.0,37.84,-0.6099999999999994
2019-07-12,BRN0W.ICE,66.81,66.82,67.27,66.56,67.0,0.0028398494535801,0.0028438856458614,0.0156245667128203,0.0173305617041814,0.0185452640157316,False,30.39,0.5300000000000011,0.0028398494535801,29.86,-0.9000000000000021,30.3,-3.6999999999999993,34.7,-2.019999999999996,39.46,1.6199999999999974
2019-07-15,BRN0W.ICE,67.0,66.83,67.46,66.11,66.19,-0.0121632252601346,-0.012089552238806,0.0159048757611222,0.0174176122519785,0.0184904206710408,False,30.83,0.4399999999999977,0.0121632252601346,30.39,0.5300000000000011,30.76,0.46000000000000085,34.0,-0.7000000000000028,35.92,-3.539999999999999
2019-07-16,BRN0W.ICE,66.19,66.32,67.08,63.87,64.4,-0.0274157610205233,-0.0270433600241727,0.0191000455454939,0.0188913338845022,0.0192579231151611,False,32.06,1.230000000000004,0.0274157610205233,30.83,0.4399999999999977,29.86,-0.9000000000000021,30.3,-3.6999999999999993,37.77,1.8500000000000014
2019-07-17,BRN0W.ICE,64.4,64.43,65.27,63.24,63.6,-0.0125001627642314,-0.0124223602484472,0.0194454312656502,0.0191301751875751,0.0191958933034823,False,34.94,2.8799999999999955,0.0125001627642314,32.06,1.230000000000004,30.39,0.5300000000000011,30.76,0.46000000000000085,36.72,-1.0500000000000043
2019-07-18,BRN0W.ICE,63.6,63.07,63.99,60.99,62.24,-0.0216155904759402,-0.0213836477987421,0.020200527320124,0.019619511690954,0.0189750849592191,False,33.07,-1.8699999999999974,0.0216155904759402,34.94,2.8799999999999955,30.83,0.4399999999999977,29.86,-0.9000000000000021,36.72,0.0
2019-07-19,BRN0W.ICE,62.24,62.27,63.08,61.64,62.25,0.0001606554746808,0.0001606683804626,0.0118741876787052,0.0192895428964317,0.0187304708566903,False,34.84,1.7700000000000031,0.0001606554746808,33.07,-1.8699999999999974,32.06,1.230000000000004,30.39,0.5300000000000011,34.7,-2.019999999999996
2019-07-22,BRN0W.ICE,62.25,63.06,63.77,62.63,63.06,0.0129281187720978,0.0130120481927711,0.014268725613292,0.0169902306878097,0.0186899551238304,False,33.63,-1.2100000000000009,0.0129281187720978,34.84,1.7700000000000031,34.94,2.8799999999999955,30.83,0.4399999999999977,34.0,-0.7000000000000028
2019-07-23,BRN0W.ICE,63.06,62.99,64.19,62.56,64.1,0.0163577098097095,0.0164922296225815,0.0167236927660498,0.0169857067540805,0.0188916973577648,False,32.25,-1.3800000000000026,0.0163577098097095,33.63,-1.2100000000000009,33.07,-1.8699999999999974,32.06,1.230000000000004,30.3,-3.6999999999999993
2019-07-24,BRN0W.ICE,64.1,64.03,64.55,62.65,63.01,-0.0171509199726602,-0.0170046801872074,0.0171157398744359,0.0173885909500539,0.0177973913770389,False,32.86,0.6099999999999994,0.0171509199726602,32.25,-1.3800000000000026,34.84,1.7700000000000031,34.94,2.8799999999999955,30.76,0.46000000000000085
2019-07-25,BRN0W.ICE,63.01,63.04,64.08,62.93,62.95,-0.0009526834636078,-0.0009522298047928,0.0146013696336198,0.0164155672758884,0.0176976668588629,False,31.95,-0.9100000000000001,0.0009526834636078,32.86,0.6099999999999994,33.63,-1.2100000000000009,33.07,-1.8699999999999974,29.86,-0.9000000000000021
2019-07-26,BRN0W.ICE,62.95,63.23,63.77,62.95,63.27,0.0050705226684368,0.0050833995234313,0.0142529309352448,0.0163792914834921,0.0176622403204814,False,32.29,0.33999999999999986,0.0050705226684368,31.95,-0.9100000000000001,32.25,-1.3800000000000026,34.84,1.7700000000000031,30.39,0.5300000000000011
2019-07-29,BRN0W.ICE,63.27,63.25,63.82,62.87,63.74,0.0074010258303974,0.0074284811126916,0.0110247118843464,0.0162567124008038,0.0173270277208243,False,31.63,-0.6600000000000001,0.0074010258303974,32.29,0.33999999999999986,32.86,0.6099999999999994,33.63,-1.2100000000000009,30.83,0.4399999999999977
2019-07-30,BRN0W.ICE,63.74,63.84,65.01,63.81,64.96,0.018959386864232,0.0191402572952619,0.0123173636595588,0.0142818683667074,0.0170357885462471,False,30.07,-1.5599999999999987,0.018959386864232,31.63,-0.6600000000000001,31.95,-0.9100000000000001,32.25,-1.3800000000000026,32.06,1.230000000000004
2019-07-31,BRN0W.ICE,64.96,64.91,65.41,64.19,64.22,-0.0114570071920545,-0.0113916256157634,0.01345596018834,0.0144660459006534,0.017204379776922,False,30.77,0.6999999999999993,0.0114570071920545,30.07,-1.5599999999999987,32.29,0.33999999999999986,32.86,0.6099999999999994,34.94,2.8799999999999955
2019-08-01,BRN0W.ICE,64.22,64.05,64.53,60.04,61.05,-0.0506214881046541,-0.0493615696044845,0.0226909612486049,0.0191528628734851,0.0180942070541297,False,36.43,5.66,0.0506214881046541,30.77,0.6999999999999993,31.63,-0.6600000000000001,31.95,-0.9100000000000001,33.07,-1.8699999999999974
2019-08-02,BRN0W.ICE,61.05,61.07,62.86,61.03,61.17,0.0019636726977598,0.001965601965602,0.0224091879695956,0.0192116947636676,0.0180096446263323,False,35.56,-0.8699999999999974,0.0019636726977598,36.43,5.66,30.07,-1.5599999999999987,32.29,0.33999999999999986,34.84,1.7700000000000031
2019-08-05,BRN0W.ICE,61.17,61.24,61.55,59.68,60.05,-0.0184793247284809,-0.018309628903057,0.022953998637898,0.018570051030426,0.0182331657374342,False,37.04,1.4799999999999969,0.0184793247284809,35.56,-0.8699999999999974,30.77,0.6999999999999993,31.63,-0.6600000000000001,33.63,-1.2100000000000009
2019-08-06,BRN0W.ICE,60.05,59.26,60.55,58.55,58.63,-0.0239310375498687,-0.0236469608659449,0.0230844210471326,0.0191671017139608,0.0183487657274198,False,36.43,-0.6099999999999994,0.0239310375498687,37.04,1.4799999999999969,36.43,5.66,30.07,-1.5599999999999987,32.25,-1.3800000000000026
2019-08-07,BRN0W.ICE,58.63,58.63,59.17,55.92,57.44,-0.020505586236155,-0.0202967763943374,0.0217734807464791,0.0190988744678264,0.0184837998572733,False,38.1,1.6700000000000017,0.020505586236155,36.43,-0.6099999999999994,35.56,-0.8699999999999974,30.77,0.6999999999999993,32.86,0.6099999999999994
2019-08-08,BRN0W.ICE,57.44,57.45,58.0,56.79,57.75,0.0053824246619341,0.0053969359331476,0.0186367865178595,0.0192730125596711,0.0185636081937198,False,35.98,-2.1200000000000045,0.0053824246619341,38.1,1.6700000000000017,37.04,1.4799999999999969,36.43,5.66,31.95,-0.9100000000000001
2019-08-09,BRN0W.ICE,57.75,57.68,59.06,57.14,58.42,0.0115349475576919,0.0116017316017316,0.0215371755201559,0.0191746697011453,0.0186908499381296,False,35.14,-0.8399999999999963,0.0115349475576919,35.98,-2.1200000000000045,36.43,-0.6099999999999994,35.56,-0.8699999999999974,32.29,0.33999999999999986
2019-08-12,BRN0W.ICE,58.42,58.31,58.84,57.88,58.37,-0.0008562377438952,-0.0008558712769599,0.0142207942559342,0.0181949454925982,0.0185199240014235,False,34.43,-0.7100000000000009,0.0008562377438952,35.14,-0.8399999999999963,38.1,1.6700000000000017,37.04,1.4799999999999969,31.63,-0.6600000000000001
2019-08-13,BRN0W.ICE,58.37,57.92,60.67,57.32,60.03,0.0280423780480521,0.0284392667466164,0.0192926343366477,0.0201047896650962,0.0182595797419561,False,33.19,-1.240000000000002,0.0280423780480521,34.43,-0.7100000000000009,35.98,-2.1200000000000045,36.43,-0.6099999999999994,30.07,-1.5599999999999987
2019-08-14,BRN0W.ICE,60.03,60.24,60.24,57.49,58.11,-0.0325066711767375,-0.0319840079960019,0.0217750868471659,0.0215208255042133,0.0187800895317242,False,35.83,2.6400000000000006,0.0325066711767375,33.19,-1.240000000000002,35.14,-0.8399999999999963,38.1,1.6700000000000017,30.77,0.6999999999999993
2019-08-15,BRN0W.ICE,58.11,58.28,58.56,56.88,57.39,-0.012467693966743,-0.0123902942694889,0.0204795055031187,0.0213545444233633,0.0188072895425249,False,36.2,0.37000000000000455,0.012467693966743,35.83,2.6400000000000006,34.43,-0.7100000000000009,35.98,-2.1200000000000045,36.43,5.66
2019-08-16,BRN0W.ICE,57.39,57.95,58.97,57.81,58.21,0.0141870891633728,0.0142882035197768,0.0197366091578894,0.0217785788904049,0.0185995856763287,False,35.02,-1.1799999999999997,0.0141870891633728,36.2,0.37000000000000455,33.19,-1.240000000000002,35.14,-0.8399999999999963,35.56,-0.8699999999999974
2019-08-19,BRN0W.ICE,58.21,58.3,59.38,58.17,59.21,0.0170332852600407,0.0171791788352517,0.0205533681174003,0.0216109338393725,0.0189379760127542,False,32.99,-2.030000000000001,0.0170332852600407,35.02,-1.1799999999999997,35.83,2.6400000000000006,34.43,-0.7100000000000009,37.04,1.4799999999999969
2019-08-20,BRN0W.ICE,59.21,59.09,59.82,58.55,59.62,0.0069006417062406,0.0069245059956088,0.020327321483037,0.021850479181294,0.0188727440945264,False,32.34,-0.6499999999999986,0.0069006417062406,32.99,-2.030000000000001,36.2,0.37000000000000455,33.19,-1.240000000000002,36.43,-0.6099999999999994
2019-08-21,BRN0W.ICE,59.62,59.69,60.89,59.63,59.95,0.0055197932235979,0.0055350553505535,0.0202734907715513,0.0176409815460692,0.0176987797084947,False,32.39,0.04999999999999716,0.0055197932235979,32.34,-0.6499999999999986,35.02,-1.1799999999999997,35.83,2.6400000000000006,38.1,1.6700000000000017
2019-08-22,BRN0W.ICE,59.95,60.11,60.45,59.11,59.64,-0.0051843915769856,-0.0051709758131777,0.0173321914733204,0.0176427373420294,0.0176764020732522,False,32.39,0.0,0.0051843915769856,32.39,0.04999999999999716,32.99,-2.030000000000001,36.2,0.37000000000000455,35.98,-2.1200000000000045
2019-08-23,BRN0W.ICE,59.64,59.76,59.84,57.95,58.39,-0.0211818476010913,-0.0209590878604962,0.0141255347390319,0.0178526974247765,0.0179085468411048,False,35.2,2.8100000000000023,0.0211818476010913,32.39,0.0,32.34,-0.6499999999999986,35.02,-1.1799999999999997,35.14,-0.8399999999999963
2019-08-26,BRN0W.ICE,58.39,57.99,59.54,57.74,58.26,-0.0022288907641577,-0.002226408631615,0.0130235101041178,0.0167076371676544,0.0178553538398772,False,35.42,0.21999999999999886,0.0022288907641577,35.2,2.8100000000000023,32.39,0.04999999999999716,32.99,-2.030000000000001,34.43,-0.7100000000000009
2019-08-27,BRN0W.ICE,58.26,58.26,59.7,58.08,59.59,0.022572023227599,0.022828698935805,0.0146048216148476,0.0166971082708507,0.0179515158374584,False,33.73,-1.6900000000000048,0.022572023227599,35.42,0.21999999999999886,32.39,0.0,32.34,-0.6499999999999986,33.19,-1.240000000000002
2019-08-28,BRN0W.ICE,59.59,59.58,60.42,59.34,59.84,0.0041865589073343,0.0041953347877161,0.0133518060729537,0.0166849699928114,0.0178922031708308,False,32.72,-1.009999999999998,0.0041865589073343,33.73,-1.6900000000000048,35.2,2.8100000000000023,32.39,0.04999999999999716,35.83,2.6400000000000006
2019-08-29,BRN0W.ICE,59.84,59.89,60.55,59.43,60.37,0.0088179591421129,0.0088569518716576,0.0134996224380535,0.0165878078721973,0.01760396310977,False,31.82,-0.8999999999999986,0.0088179591421129,32.72,-1.009999999999998,35.42,0.21999999999999886,32.39,0.0,36.2,0.37000000000000455
2019-08-30,BRN0W.ICE,60.37,60.32,60.61,58.51,59.19,-0.0197396841057011,-0.01954613218486,0.0155547324919107,0.0176047319111216,0.0179299817262342,False,32.16,0.3399999999999963,0.0197396841057011,31.82,-0.8999999999999986,33.73,-1.6900000000000048,35.2,2.8100000000000023,35.02,-1.1799999999999997
2019-09-02,BRN0W.ICE,59.19,58.77,59.24,58.17,58.61,-0.0098472782142957,-0.0097989525257644,0.0158202710951427,0.0159629534178478,0.0177715879147978,False,32.16,0.0,0.0098472782142957,32.16,0.3399999999999963,32.72,-1.009999999999998,35.42,0.21999999999999886,32.99,-2.030000000000001
2019-09-03,BRN0W.ICE,58.61,58.46,58.86,57.24,58.27,-0.0058179493333549,-0.0058010578399589,0.0137211260421165,0.0133881855063683,0.0174205022260623,False,35.73,3.5700000000000003,0.0058179493333549,32.16,0.0,31.82,-0.8999999999999986,33.73,-1.6900000000000048,32.34,-0.6499999999999986
2019-09-04,BRN0W.ICE,58.27,58.16,60.93,58.16,60.43,0.0363982892184842,0.0370688175733653,0.01940376527127,0.0159561897360332,0.0186402048909746,False,34.56,-1.1699999999999946,0.0363982892184842,35.73,3.5700000000000003,32.16,0.3399999999999963,32.72,-1.009999999999998,32.39,0.04999999999999716
2019-09-05,BRN0W.ICE,60.43,60.54,62.33,60.27,60.8,0.0061041185986541,0.0061227866953499,0.0178891245820813,0.0156910580963105,0.0186904191155283,False,33.5,-1.0600000000000023,0.0061041185986541,34.56,-1.1699999999999946,32.16,0.0,31.82,-0.8999999999999986,32.39,0.0
2019-09-06,BRN0W.ICE,60.8,60.84,61.87,59.53,61.78,0.0159898985183144,0.0161184210526317,0.0185767770513964,0.0156221637616756,0.0189208065775888,False,33.21,-0.28999999999999915,0.0159898985183144,33.5,-1.0600000000000023,35.73,3.5700000000000003,32.16,0.3399999999999963,35.2,2.8100000000000023
2019-09-09,BRN0W.ICE,61.78,61.78,62.98,61.59,62.71,0.0149412370644937,0.0150534153447716,0.018951204897713,0.0159201716117118,0.019082814647603,False,33.28,0.07000000000000028,0.0149412370644937,33.21,-0.28999999999999915,34.56,-1.1699999999999946,32.16,0.0,35.42,0.21999999999999886
2019-09-10,BRN0W.ICE,62.71,63.06,63.72,62.19,62.71,0.0,0.0,0.0157854933653774,0.0159375577589506,0.0187252629391685,False,33.55,0.269999999999996,0.0,33.28,0.07000000000000028,33.5,-1.0600000000000023,35.73,3.5700000000000003,33.73,-1.6900000000000048
2019-09-11,BRN0W.ICE,62.71,62.87,63.23,60.58,61.02,-0.0273192452664058,-0.026949449848509,0.0199550829774618,0.017821483692647,0.0192424125174107,False,34.94,1.3900000000000006,0.0273192452664058,33.55,0.269999999999996,33.21,-0.28999999999999915,34.56,-1.1699999999999946,32.72,-1.009999999999998
2019-09-12,BRN0W.ICE,61.02,60.42,60.52,58.22,59.55,-0.0243853834872145,-0.0240904621435595,0.0227835900048072,0.0181544244481159,0.0174557673435406,False,35.58,0.6400000000000006,0.0243853834872145,34.94,1.3900000000000006,33.28,0.07000000000000028,33.5,-1.0600000000000023,31.82,-0.8999999999999986
2019-09-13,BRN0W.ICE,61.02,59.47,59.73,58.75,59.15,-0.0067397053769132,-0.0067170445004197,0.0174981475948089,0.0182635816511935,0.0174800566600141,False,35.48,-0.10000000000000142,0.0067397053769132,35.58,0.6400000000000006,33.55,0.269999999999996,33.21,-0.28999999999999915,32.16,0.3399999999999963
2019-09-16,BRN0W.ICE,59.55,70.04,70.04,63.58,66.83,0.1220754910985829,0.1298393913778528,0.0508106324367009,0.0370098434628479,0.0282098633307137,False,48.58,13.100000000000001,0.1220754910985829,35.48,-0.10000000000000142,34.94,1.3900000000000006,33.28,0.07000000000000028,32.16,0.0
2019-09-17,BRN0W.ICE,66.83,66.88,67.77,62.66,63.21,-0.0556895650387713,-0.054167290139159,0.0570651704275206,0.0407761210667545,0.0298268558046176,False,44.89,-3.6899999999999977,0.0556895650387713,48.58,13.100000000000001,35.58,0.6400000000000006,33.55,0.269999999999996,35.73,3.5700000000000003
2019-09-18,BRN0W.ICE,63.21,63.37,63.97,62.19,62.68,-0.0084200989963872,-0.0083847492485366,0.0569517782232328,0.0408767693348378,0.0295859632279646,False,40.44,-4.450000000000003,0.0084200989963872,44.89,-3.6899999999999977,35.48,-0.10000000000000142,34.94,1.3900000000000006,34.56,-1.1699999999999946
2019-09-19,BRN0W.ICE,62.68,62.56,64.47,62.56,63.7,0.0161421450902975,0.0162731333758774,0.0572808605005725,0.0404858014356182,0.0296820298823063,False,41.15,0.7100000000000009,0.0161421450902975,40.44,-4.450000000000003,48.58,13.100000000000001,35.58,0.6400000000000006,33.5,-1.0600000000000023
2019-09-20,BRN0W.ICE,63.7,63.9,64.2,63.07,63.75,0.0007846214604179,0.0007849293563579,0.0558304724597393,0.0402801178171187,0.0296436605267533,False,38.99,-2.1599999999999966,0.0007846214604179,41.15,0.7100000000000009,44.89,-3.6899999999999977,35.48,-0.10000000000000142,33.21,-0.28999999999999915
2019-09-23,BRN0W.ICE,63.75,64.19,64.2,62.6,63.3,-0.007083854888405,-0.0070588235294117,0.0546178619956479,0.0403101084879232,0.029692711289727,False,39.06,0.07000000000000028,0.007083854888405,38.99,-2.1599999999999966,40.44,-4.450000000000003,48.58,13.100000000000001,33.28,0.07000000000000028
2019-09-24,BRN0W.ICE,63.3,63.37,63.53,61.34,61.39,-0.0306383737107255,-0.030173775671406,0.0564614176443653,0.0403918993423511,0.0298979942702427,False,38.74,-0.3200000000000003,0.0306383737107255,39.06,0.07000000000000028,41.15,0.7100000000000009,44.89,-3.6899999999999977,33.55,0.269999999999996
2019-09-25,BRN0W.ICE,61.39,61.5,61.8,60.36,61.56,0.0027653535312735,0.0027691806483141,0.0240350418952329,0.0403700957517955,0.0292313164339599,False,38.37,-0.37000000000000455,0.0027653535312735,38.74,-0.3200000000000003,38.99,-2.1599999999999966,40.44,-4.450000000000003,34.94,1.3900000000000006
2019-09-26,BRN0W.ICE,61.56,61.66,61.83,60.56,61.61,0.0008118860558007,0.0008122157244963,0.0143490793425667,0.0401364432088242,0.0291061694476283,False,37.52,-0.8499999999999943,0.0008118860558007,38.37,-0.37000000000000455,39.06,0.07000000000000028,41.15,0.7100000000000009,35.58,0.6400000000000006
2019-09-27,BRN0W.ICE,61.61,61.47,61.78,59.9,61.18,-0.0070038563037219,-0.0069793864632364,0.0142806406207995,0.0399277412788353,0.0290664843486503,False,38.9,1.3799999999999955,0.0070038563037219,37.52,-0.8499999999999943,38.74,-0.3200000000000003,38.99,-2.1599999999999966,35.48,-0.10000000000000142
2019-09-30,BRN0W.ICE,61.18,61.46,61.46,59.23,59.43,-0.0290211893441881,-0.0286041189931349,0.0141499948421426,0.040577166016154,0.0294402602565674,False,38.75,-0.14999999999999858,0.0290211893441881,38.9,1.3799999999999955,38.37,-0.37000000000000455,39.06,0.07000000000000028,48.58,13.100000000000001
2019-10-01,BRN0W.ICE,61.18,59.49,60.07,58.41,59.2,-0.0038776074886092,-0.0038700992764596,0.0136639624991447,0.0400133928845464,0.0294204645595947,False,38.88,0.13000000000000256,0.0038776074886092,38.75,-0.14999999999999858,37.52,-0.8499999999999943,38.74,-0.3200000000000003,44.89,-3.6899999999999977
2019-10-02,BRN0W.ICE,61.18,59.3,59.47,57.24,57.52,-0.0287888284771687,-0.0283783783783784,0.0151235876882953,0.0402182961562507,0.0298526675466159,False,39.62,0.7399999999999949,0.0287888284771687,38.88,0.13000000000000256,38.9,1.3799999999999955,38.37,-0.37000000000000455,40.44,-4.450000000000003
2019-10-03,BRN0W.ICE,61.18,57.45,57.97,56.24,57.61,0.0015634503315003,0.0015646731571625,0.0139577281207761,0.0402118278054091,0.0298484297133041,False,40.4,0.7800000000000011,0.0015634503315003,39.62,0.7399999999999949,38.75,-0.14999999999999858,37.52,-0.8499999999999943,41.15,0.7100000000000009
2019-10-04,BRN0W.ICE,61.18,57.78,58.91,57.72,58.43,0.0141332928220538,0.0142336399930567,0.0160673699667528,0.0197662550794092,0.0297274823019157,False,39.31,-1.0899999999999963,0.0141332928220538,40.4,0.7800000000000011,38.88,0.13000000000000256,38.9,1.3799999999999955,38.99,-2.1599999999999966
2019-10-07,BRN0W.ICE,61.18,58.17,59.64,58.03,58.44,0.0001711303161531,0.0001711449597809,0.0160141628204414,0.0147462785159995,0.0297244429043463,False,39.42,0.10999999999999943,0.0001711303161531,39.31,-1.0899999999999963,39.62,0.7399999999999949,38.75,-0.14999999999999858,39.06,0.07000000000000028
2019-10-08,BRN0W.ICE,59.43,58.54,58.9,57.41,58.12,-0.0054907481804166,-0.0054757015742642,0.0160329048607065,0.0147240187065337,0.0294330950174503,False,39.49,0.07000000000000028,0.0054907481804166,39.42,0.10999999999999943,40.4,0.7800000000000011,38.88,0.13000000000000256,38.74,-0.3200000000000003
2019-10-09,BRN0W.ICE,58.12,58.03,59.32,57.93,58.32,0.0034352489983206,0.0034411562284928,0.0131480234900227,0.0136464822677384,0.0294289964640008,False,38.0,-1.490000000000002,0.0034352489983206,39.49,0.07000000000000028,39.31,-1.0899999999999963,39.62,0.7399999999999949,38.37,-0.37000000000000455
2019-10-10,BRN0W.ICE,58.32,57.86,59.56,57.82,59.53,0.0205352994648959,0.0207475994513031,0.0157599368367008,0.015350102763564,0.0296388452553743,False,39.52,1.5200000000000031,0.0205352994648959,38.0,-1.490000000000002,39.42,0.10999999999999943,40.4,0.7800000000000011,37.52,-0.8499999999999943
2019-10-11,BRN0W.ICE,59.53,59.51,60.69,59.23,60.68,0.0191337673150327,0.0193179909289433,0.0101928343764086,0.0166097106832251,0.0296169571953772,False,39.65,0.12999999999999545,0.0191337673150327,39.52,1.5200000000000031,39.49,0.07000000000000028,39.31,-1.0899999999999963,38.9,1.3799999999999955
2019-10-14,BRN0W.ICE,60.68,60.67,60.69,58.58,59.16,-0.0253685166377325,-0.025049439683586,0.0161884390187129,0.0159835580693351,0.0299436530437942,False,40.21,0.5600000000000023,0.0253685166377325,39.65,0.12999999999999545,38.0,-1.490000000000002,39.42,0.10999999999999943,38.75,-0.14999999999999858
2019-10-15,BRN0W.ICE,59.16,59.25,59.65,58.05,58.9,-0.0044045471850579,-0.0043948613928329,0.0157245578435032,0.0159116434585254,0.0299347872679317,False,39.47,-0.740000000000002,0.0044045471850579,40.21,0.5600000000000023,39.52,1.5200000000000031,39.49,0.07000000000000028,38.88,0.13000000000000256
2019-10-16,BRN0W.ICE,58.9,58.92,59.73,58.39,59.06,0.0027127856582357,0.002716468590832,0.0157276795882898,0.0159561469254387,0.0291580134835033,False,39.47,0.0,0.0027127856582357,39.47,-0.740000000000002,39.65,0.12999999999999545,38.0,-1.490000000000002,39.62,0.7399999999999949
2019-10-17,BRN0W.ICE,59.06,58.64,59.56,58.43,59.5,0.0074224362358074,0.0074500507958008,0.0155260320961515,0.0161437531787474,0.029169713005862,False,37.71,-1.759999999999998,0.0074224362358074,39.47,0.0,40.21,0.5600000000000023,39.52,1.5200000000000031,40.4,0.7800000000000011
2019-10-18,BRN0W.ICE,59.5,59.36,59.81,58.67,59.06,-0.0074224362358074,-0.0073949579831932,0.0160498905676968,0.0142869627995783,0.0290200300683695,False,36.43,-1.2800000000000011,0.0074224362358074,37.71,-1.759999999999998,39.47,-0.740000000000002,39.65,0.12999999999999545,39.31,-1.0899999999999963
2019-10-21,BRN0W.ICE,59.06,58.86,59.21,58.0,58.8,-0.0044120214111955,-0.0044023027429733,0.0138101683531767,0.0142975465277923,0.0288565713227128,False,36.66,0.22999999999999687,0.0044120214111955,36.43,-1.2800000000000011,39.47,0.0,40.21,0.5600000000000023,39.42,0.10999999999999943
2019-10-22,BRN0W.ICE,58.8,58.71,59.88,58.48,59.36,0.0094787439545437,0.0095238095238094,0.0116955558654977,0.0119324073209064,0.0289326706089747,False,35.52,-1.1399999999999935,0.0094787439545437,36.66,0.22999999999999687,37.71,-1.759999999999998,39.47,-0.740000000000002,39.49,0.07000000000000028
2019-10-23,BRN0W.ICE,59.36,59.26,60.96,58.71,60.84,0.0246268685319672,0.0249326145552561,0.0111109922898864,0.013339556306926,0.0289090143440593,False,35.66,0.13999999999999346,0.0246268685319672,35.52,-1.1399999999999935,36.43,-1.2800000000000011,39.47,0.0,38.0,-1.490000000000002
2019-10-24,BRN0W.ICE,60.84,60.68,61.59,60.39,61.1,0.0042643987864575,0.0042735042735042,0.0104834636162594,0.013013767773771,0.0285500302173259,False,35.95,0.29000000000000625,0.0042643987864575,35.66,0.13999999999999346,36.66,0.22999999999999687,37.71,-1.759999999999998,39.52,1.5200000000000031
2019-10-25,BRN0W.ICE,61.1,61.23,61.77,60.72,61.65,0.0089613634328036,0.0090016366612111,0.0104985589536864,0.0130687640978198,0.0285498903693403,False,34.64,-1.3100000000000023,0.0089613634328036,35.95,0.29000000000000625,35.52,-1.1399999999999935,36.43,-1.2800000000000011,39.65,0.12999999999999545
2019-10-28,BRN0W.ICE,61.65,61.72,62.05,60.95,61.27,-0.00618290287279,-0.0061638280616381,0.011437135257485,0.0131079448087918,0.0171998572905364,False,35.64,1.0,0.00618290287279,34.64,-1.3100000000000023,35.66,0.13999999999999346,36.66,0.22999999999999687,40.21,0.5600000000000023
2019-10-29,BRN0W.ICE,61.27,61.34,61.61,60.34,61.25,-0.0003264773127269,-0.0003264240248083,0.010513780211315,0.0131538102019618,0.0140152911330586,False,35.7,0.060000000000002274,0.0003264773127269,35.64,1.0,35.95,0.29000000000000625,35.52,-1.1399999999999935,39.47,-0.740000000000002
2019-10-30,BRN0W.ICE,61.25,61.27,61.54,60.03,60.21,-0.0171253979484799,-0.0169795918367346,0.0132048988279611,0.0132528452599157,0.0142611093296094,False,34.36,-1.3400000000000034,0.0171253979484799,35.7,0.060000000000002274,34.64,-1.3100000000000023,35.66,0.13999999999999346,39.47,0.0
2019-10-31,BRN0W.ICE,60.21,60.2,60.8,59.22,59.6,-0.0101828774050523,-0.0101312074406244,0.0137716680608943,0.0124253492543102,0.0139549297142107,False,35.84,1.480000000000004,0.0101828774050523,34.36,-1.3400000000000034,35.64,1.0,35.95,0.29000000000000625,37.71,-1.759999999999998
2019-11-01,BRN0W.ICE,59.6,59.45,61.8,59.42,61.55,0.0321942785591583,0.032718120805369,0.0160781272889559,0.0133329322973775,0.0153012760418333,False,34.37,-1.470000000000006,0.0321942785591583,35.84,1.480000000000004,35.7,0.060000000000002274,34.64,-1.3100000000000023,36.43,-1.2800000000000011
2019-11-04,BRN0W.ICE,61.55,61.82,62.75,61.28,62.11,0.009057153940749,0.0090982940698618,0.0163080485075437,0.0132563398979704,0.0153698089652172,False,35.63,1.2600000000000051,0.009057153940749,34.37,-1.470000000000006,34.36,-1.3400000000000034,35.64,1.0,36.66,0.22999999999999687
2019-11-05,BRN0W.ICE,62.11,61.99,63.12,61.96,62.97,0.0137514159294396,0.0138464015456447,0.0167271940025681,0.0135131091236141,0.0144932474565584,False,33.77,-1.8599999999999994,0.0137514159294396,35.63,1.2600000000000051,35.84,1.480000000000004,35.7,0.060000000000002274,35.52,-1.1399999999999935
2019-11-06,BRN0W.ICE,62.97,62.78,63.22,61.61,61.79,-0.0189168834277631,-0.0187390821025885,0.0184947158148586,0.0148538138223515,0.0149283748741472,False,33.22,-0.5500000000000043,0.0189168834277631,33.77,-1.8599999999999994,34.37,-1.470000000000006,34.36,-1.3400000000000034,35.66,0.13999999999999346
2019-11-07,BRN0W.ICE,61.79,61.77,62.81,61.65,62.38,0.009503172106769,0.0095484706263149,0.0187305127183427,0.0146542357610008,0.015026192420127,False,31.45,-1.7699999999999996,0.009503172106769,33.22,-0.5500000000000043,35.63,1.2600000000000051,35.84,1.480000000000004,35.95,0.29000000000000625
2019-11-08,BRN0W.ICE,62.38,62.24,62.69,60.73,62.61,0.0036802985775618,0.0036870791920486,0.0166069669462082,0.0144591790069426,0.0149708291163688,False,31.45,0.0,0.0036802985775618,31.45,-1.7699999999999996,33.77,-1.8599999999999994,34.37,-1.470000000000006,34.64,-1.3100000000000023
2019-11-11,BRN0W.ICE,62.61,62.53,62.75,61.59,62.3,-0.0049635839638115,-0.0049512857371026,0.0158824630035335,0.0145900589298412,0.0139280234261572,False,34.22,2.7699999999999996,0.0049635839638115,31.45,0.0,33.22,-0.5500000000000043,35.63,1.2600000000000051,35.64,1.0
2019-11-12,BRN0W.ICE,62.3,62.16,62.84,61.9,62.0,-0.0048270407483158,-0.0048154093097912,0.011351899192763,0.0133749549480248,0.0139419051505525,False,33.74,-0.4799999999999969,0.0048270407483158,34.22,2.7699999999999996,31.45,-1.7699999999999996,33.77,-1.8599999999999994,35.7,0.060000000000002274
2019-11-13,BRN0W.ICE,62.0,61.94,62.7,61.23,62.63,0.01011001149223,0.0101612903225807,0.011482046282484,0.0135628924332515,0.0127847720397479,False,35.15,1.4099999999999966,0.01011001149223,33.74,-0.4799999999999969,31.45,0.0,33.22,-0.5500000000000043,34.36,-1.3400000000000034
2019-11-14,BRN0W.ICE,62.63,62.51,63.18,62.19,62.41,-0.0035188775913699,-0.0035126935973176,0.0101064017530969,0.013463406505934,0.0128358016376007,False,33.94,-1.2100000000000009,0.0035188775913699,35.15,1.4099999999999966,34.22,2.7699999999999996,31.45,-1.7699999999999996,35.84,1.480000000000004
2019-11-15,BRN0W.ICE,62.41,62.54,63.62,61.73,63.45,0.0165266752144451,0.0166639961544625,0.0085548823521842,0.0139083237753385,0.0129167053044633,False,32.42,-1.519999999999996,0.0165266752144451,33.94,-1.2100000000000009,33.74,-0.4799999999999969,31.45,0.0,34.37,-1.470000000000006
2019-11-18,BRN0W.ICE,63.45,62.48,62.6,61.05,61.37,-0.033331077759391,-0.0327817178881009,0.0159274552153559,0.0168993151339914,0.0144985192778275,False,33.68,1.259999999999998,0.033331077759391,32.42,-1.519999999999996,35.15,1.4099999999999966,34.22,2.7699999999999996,35.63,1.2600000000000051
2019-11-19,BRN0W.ICE,61.37,61.31,61.62,59.83,59.96,-0.0232434431666086,-0.0229753951442072,0.0174149906985442,0.0174502469230463,0.0151469889130841,False,32.94,-0.740000000000002,0.0232434431666086,33.68,1.259999999999998,33.94,-1.2100000000000009,33.74,-0.4799999999999969,33.77,-1.8599999999999994
2019-11-20,BRN0W.ICE,59.96,60.13,61.85,59.46,61.53,0.0258471875180018,0.0261841227484989,0.0212454944060133,0.0185051358484019,0.0158075398298985,False,32.2,-0.7399999999999949,0.0258471875180018,32.94,-0.740000000000002,32.42,-1.519999999999996,35.15,1.4099999999999966,33.22,-0.5500000000000043
2019-11-21,BRN0W.ICE,61.53,61.29,62.98,61.03,62.63,0.0177195357849225,0.0178774581504956,0.0223845240795885,0.0170523299543026,0.0157003713487314,False,31.59,-0.610000000000003,0.0177195357849225,32.2,-0.7399999999999949,33.68,1.259999999999998,33.94,-1.2100000000000009,31.45,-1.7699999999999996
2019-11-22,BRN0W.ICE,62.63,62.61,63.19,61.99,62.51,-0.0019178525936005,-0.001916014689446,0.0220678636874189,0.0169171740461757,0.0153607170417398,False,32.38,0.7900000000000027,0.0019178525936005,31.59,-0.610000000000003,32.94,-0.740000000000002,32.42,-1.519999999999996,31.45,0.0
2019-11-25,BRN0W.ICE,62.51,62.52,62.74,61.92,62.58,0.001119194297015,0.0011198208286673,0.0220237830130629,0.0164849999647814,0.0145322874760297,False,31.9,-0.480000000000004,0.001119194297015,32.38,0.7900000000000027,32.2,-0.7399999999999949,33.68,1.259999999999998,34.22,2.7699999999999996
2019-11-26,BRN0W.ICE,62.58,62.6,63.26,62.46,63.03,0.0071650652842827,0.0071907957813999,0.0211472819689401,0.0156914122346862,0.014513445253507,False,31.25,-0.6499999999999986,0.0071650652842827,31.9,-0.480000000000004,31.59,-0.610000000000003,32.94,-0.740000000000002,33.74,-0.4799999999999969
2019-11-27,BRN0W.ICE,63.03,62.93,63.55,62.48,63.09,0.0009514748576994,0.0009519276534983,0.0156543030816194,0.0155180056255294,0.0145151086093997,False,30.82,-0.4299999999999997,0.0009514748576994,31.25,-0.6499999999999986,32.38,0.7900000000000027,32.2,-0.7399999999999949,35.15,1.4099999999999966
2019-11-28,BRN0W.ICE,63.09,62.75,63.34,62.53,63.28,0.0030070450766803,0.0030115707719131,0.0102743545382857,0.0155094619776053,0.0144826805709845,False,30.82,0.0,0.0030070450766803,30.82,-0.4299999999999997,31.9,-0.480000000000004,31.59,-0.610000000000003,33.94,-1.2100000000000009
2019-11-29,BRN0W.ICE,63.28,63.12,63.2,60.38,60.73,-0.0411315135499145,-0.0402970922882428,0.0184731003688076,0.0191266810069687,0.0164211190915501,False,36.73,5.909999999999997,0.0411315135499145,30.82,0.0,31.25,-0.6499999999999986,32.38,0.7900000000000027,32.42,-1.519999999999996
2019-12-02,BRN0W.ICE,60.73,60.87,62.09,60.78,60.89,0.0026311477109988,0.0026346122180143,0.0165908256593171,0.0191404379645682,0.0163924416224062,False,34.97,-1.759999999999998,0.0026311477109988,36.73,5.909999999999997,30.82,-0.4299999999999997,31.9,-0.480000000000004,33.68,1.259999999999998
2019-12-03,BRN0W.ICE,60.89,61.07,61.39,60.31,61.16,0.0044244234403787,0.0044342256528164,0.0168954634236389,0.0189392017588996,0.0163298947108138,False,35.05,0.0799999999999983,0.0044244234403787,34.97,-1.759999999999998,30.82,0.0,31.25,-0.6499999999999986,32.94,-0.740000000000002
2019-12-04,BRN0W.ICE,61.16,61.06,63.45,61.01,63.03,0.0301174224641572,0.0305755395683453,0.0211317721529362,0.0207383035892628,0.0166318508774826,False,32.21,-2.8399999999999963,0.0301174224641572,35.05,0.0799999999999983,36.73,5.909999999999997,30.82,-0.4299999999999997,32.2,-0.7399999999999949
2019-12-05,BRN0W.ICE,63.03,62.91,63.87,62.75,63.28,0.0039585199343797,0.0039663652229098,0.0210108620881408,0.0202674592180663,0.0166299876993027,False,30.41,-1.8000000000000007,0.0039585199343797,32.21,-2.8399999999999963,34.97,-1.759999999999998,30.82,0.0,31.59,-0.610000000000003
2019-12-06,BRN0W.ICE,63.28,63.4,64.71,62.85,64.27,0.0155236359237962,0.0156447534766117,0.0217638818293315,0.0182256606435836,0.0167785196421034,False,30.02,-0.39000000000000057,0.0155236359237962,30.41,-1.8000000000000007,35.05,0.0799999999999983,36.73,5.909999999999997,32.38,0.7900000000000027
2019-12-09,BRN0W.ICE,64.27,64.39,64.5,63.62,64.04,-0.0035850712546807,-0.0035786525595143,0.0218879858970541,0.0167184752649353,0.0167447720512142,False,30.02,0.0,0.0035850712546807,30.02,-0.39000000000000057,32.21,-2.8399999999999963,34.97,-1.759999999999998,31.9,-0.480000000000004
2019-12-10,BRN0W.ICE,64.04,64.07,64.55,63.8,64.18,0.0021837475531967,0.0021861336664583,0.0113408662720489,0.0155732252899598,0.016741736747687,False,27.94,-2.0799999999999983,0.0021837475531967,30.02,0.0,30.41,-1.8000000000000007,35.05,0.0799999999999983,31.25,-0.6499999999999986
2019-12-11,BRN0W.ICE,64.18,64.0,64.24,63.05,63.95,-0.0035901076568591,-0.003583670925522,0.0120439613920997,0.0150580063179524,0.0163997735501713,False,27.81,-0.13000000000000256,0.0035901076568591,27.94,-2.0799999999999983,30.02,-0.39000000000000057,32.21,-2.8399999999999963,30.82,-0.4299999999999997
2019-12-12,BRN0W.ICE,63.95,62.98,63.82,62.92,63.56,-0.0061171863563364,-0.0060985144644253,0.0130383539418393,0.015172497156079,0.0163121157787831,False,27.44,-0.36999999999999744,0.0061171863563364,27.81,-0.13000000000000256,30.02,0.0,30.41,-1.8000000000000007,30.82,0.0
2019-12-13,BRN0W.ICE,63.56,63.75,64.62,63.6,64.02,0.0072111928732016,0.0072372561359344,0.0075485881091693,0.0152574357334793,0.0153334603319496,False,26.76,-0.6799999999999997,0.0072111928732016,27.44,-0.36999999999999744,27.94,-2.0799999999999983,30.02,-0.39000000000000057,36.73,5.909999999999997
2019-12-16,BRN0W.ICE,64.02,64.04,64.69,63.94,64.37,0.0054521515228076,0.0054670415495159,0.007626419566917,0.0152164046748963,0.0152847139881961,False,26.51,-0.25,0.0054521515228076,26.76,-0.6799999999999997,27.81,-0.13000000000000256,30.02,0.0,34.97,-1.759999999999998
2019-12-17,BRN0W.ICE,64.37,64.39,65.24,64.25,64.8,0.0066579172937044,0.0066801304955723,0.005543015012964,0.01527681457651,0.0151378754244343,False,26.33,-0.18000000000000327,0.0066579172937044,26.51,-0.25,27.44,-0.36999999999999744,27.94,-2.0799999999999983,35.05,0.0799999999999983
2019-12-18,BRN0W.ICE,64.8,64.92,65.45,64.64,65.23,0.0066138824497757,0.0066358024691359,0.0054229366852707,0.015327064754478,0.0146933148803262,False,26.77,0.4400000000000013,0.0066138824497757,26.33,-0.18000000000000327,26.76,-0.6799999999999997,27.81,-0.13000000000000256,32.21,-2.8399999999999963
2019-12-19,BRN0W.ICE,65.23,65.3,65.82,65.14,65.62,0.0059610417249508,0.0059788440901424,0.0055573697086496,0.008923132288043,0.0146434765616208,False,24.8,-1.9699999999999989,0.0059610417249508,26.77,0.4400000000000013,26.51,-0.25,27.44,-0.36999999999999744,30.41,-1.8000000000000007
2019-12-20,BRN0W.ICE,65.62,65.66,65.73,64.95,65.25,-0.0056544813301528,-0.0056385248399878,0.0060120587787218,0.0093927232333795,0.0146987523978518,False,25.54,0.7399999999999984,0.0056544813301528,24.8,-1.9699999999999989,26.33,-0.18000000000000327,26.76,-0.6799999999999997,30.02,-0.39000000000000057
2019-12-23,BRN0W.ICE,65.25,65.14,65.64,64.9,65.6,0.0053496497472404,0.0053639846743294,0.0045341502667023,0.0093920730863405,0.0146659187575895,False,25.11,-0.4299999999999997,0.0053496497472404,25.54,0.7399999999999984,26.77,0.4400000000000013,26.51,-0.25,30.02,0.0
2019-12-24,BRN0W.ICE,65.6,65.51,66.19,65.39,66.19,0.0089536981807881,0.0089939024390244,0.004749679468796,0.0062001617822426,0.0146695853096214,False,25.46,0.3500000000000014,0.0089536981807881,25.11,-0.4299999999999997,24.8,-1.9699999999999989,26.33,-0.18000000000000327,27.94,-2.0799999999999983
2019-12-26,BRN0W.ICE,66.19,66.25,66.84,66.12,66.81,0.0093233758065546,0.0093669738631214,0.0050587517350368,0.0063938317843223,0.0146556180929663,False,24.08,-1.3800000000000026,0.0093233758065546,25.46,0.3500000000000014,25.54,0.7399999999999984,26.77,0.4400000000000013,27.81,-0.13000000000000256
2019-12-27,BRN0W.ICE,66.81,66.74,67.06,66.39,66.81,0.0,0.0,0.0053798887934298,0.0055027272381685,0.0146226975933318,False,25.16,1.0800000000000018,0.0,24.08,-1.3800000000000026,25.11,-0.4299999999999997,24.8,-1.9699999999999989,27.44,-0.36999999999999744
2019-12-30,BRN0W.ICE,66.81,66.87,67.51,66.14,66.67,-0.0020976933074173,-0.0020954946864242,0.0057663825348069,0.0053836923860446,0.0143900957530441,False,25.86,0.6999999999999993,0.0020976933074173,25.16,1.0800000000000018,25.46,0.3500000000000014,25.54,0.7399999999999984,26.76,-0.6799999999999997
2019-12-31,BRN0W.ICE,66.67,66.6,66.92,65.73,66.03,-0.0096458924234886,-0.0095995200239987,0.0072982555883229,0.006343308360759,0.0129859181695808,False,28.3,2.4400000000000013,0.0096458924234886,25.86,0.6999999999999993,24.08,-1.3800000000000026,25.11,-0.4299999999999997,26.51,-0.25
2020-01-02,BRN0W.ICE,66.03,66.37,66.56,65.78,66.34,0.0046838493124264,0.0046948356807512,0.0067809230771201,0.006162283624318,0.012048476916336,False,28.75,0.4499999999999993,0.0046838493124264,28.3,2.4400000000000013,25.16,1.0800000000000018,25.46,0.3500000000000014,26.33,-0.18000000000000327
2020-01-03,BRN0W.ICE,66.34,66.3,69.36,66.3,68.7,0.0349561657093973,0.0355743141392825,0.014164740421878,0.010161688397399,0.0127299468794391,False,31.92,3.1700000000000017,0.0349561657093973,28.75,0.4499999999999993,25.86,0.6999999999999993,24.08,-1.3800000000000026,26.77,0.4400000000000013
2020-01-06,BRN0W.ICE,68.7,69.39,70.73,68.25,68.55,-0.0021857932199803,-0.0021834061135371,0.0144780193611985,0.0103524113268161,0.0124891032964077,False,32.32,0.3999999999999986,0.0021857932199803,31.92,3.1700000000000017,28.3,2.4400000000000013,25.16,1.0800000000000018,24.8,-1.9699999999999989
2020-01-07,BRN0W.ICE,68.55,68.69,68.74,67.7,68.51,-0.0005836859935156,-0.0005835156819838,0.0144697333642598,0.010452106929653,0.0124733137993855,False,31.8,-0.5199999999999996,0.0005836859935156,32.32,0.3999999999999986,28.75,0.4499999999999993,25.86,0.6999999999999993,25.54,0.7399999999999984
2020-01-08,BRN0W.ICE,68.51,71.13,71.13,65.01,65.77,-0.0408159127015481,-0.0399941614362867,0.0222755818117439,0.0159411587187839,0.014825680462188,False,32.6,0.8000000000000007,0.0408159127015481,31.8,-0.5199999999999996,31.92,3.1700000000000017,28.3,2.4400000000000013,25.11,-0.4299999999999997
2020-01-09,BRN0W.ICE,65.77,65.97,66.08,64.57,65.32,-0.0068655392109953,-0.0068420252394709,0.0223432500755253,0.015986995801648,0.0148671864371064,False,33.22,0.6199999999999974,0.0068655392109953,32.6,0.8000000000000007,32.32,0.3999999999999986,28.75,0.4499999999999993,25.46,0.3500000000000014
2020-01-10,BRN0W.ICE,65.32,65.36,65.65,64.89,65.1,-0.0033737188877408,-0.0033680342927128,0.0221536425684213,0.015918192168099,0.014890528334942,False,30.38,-2.84,0.0033737188877408,33.22,0.6199999999999974,31.8,-0.5199999999999996,31.92,3.1700000000000017,24.08,-1.3800000000000026
2020-01-13,BRN0W.ICE,65.1,64.85,65.26,63.95,64.23,-0.0134541579448222,-0.0133640552995389,0.0222982516073716,0.0162430717353931,0.0151173162205184,False,34.25,3.870000000000001,0.0134541579448222,30.38,-2.84,32.6,0.8000000000000007,32.32,0.3999999999999986,25.16,1.0800000000000018
2020-01-14,BRN0W.ICE,64.23,64.33,65.02,63.95,64.46,0.0035744851175904,0.0035808812081579,0.0149644988237453,0.016195496721627,0.0129153847849625,False,33.62,-0.6300000000000026,0.0035744851175904,34.25,3.870000000000001,33.22,0.6199999999999974,31.8,-0.5199999999999996,25.86,0.6999999999999993
2020-01-15,BRN0W.ICE,64.46,64.44,64.6,63.59,64.27,-0.0029519170040968,-0.0029475643810114,0.0149081925116496,0.0159287538303959,0.0129459694470687,False,33.38,-0.23999999999999488,0.0029519170040968,33.62,-0.6300000000000026,30.38,-2.84,32.6,0.8000000000000007,28.3,2.4400000000000013
2020-01-16,BRN0W.ICE,64.27,64.28,64.94,63.91,64.67,0.0062044560753066,0.0062237435817644,0.015759312361556,0.0157777520842285,0.0129624774029878,False,29.79,-3.5900000000000034,0.0062044560753066,33.38,-0.23999999999999488,34.25,3.870000000000001,33.22,0.6199999999999974,28.75,0.4499999999999993
2020-01-17,BRN0W.ICE,64.67,64.62,65.35,64.49,65.35,0.0104600246117293,0.0105149219112414,0.0081962089244254,0.0161398481315127,0.0119414550827552,False,28.6,-1.1899999999999977,0.0104600246117293,29.79,-3.5900000000000034,33.62,-0.6300000000000026,30.38,-2.84,31.92,3.1700000000000017
2020-01-20,BRN0W.ICE,65.35,64.84,65.1,64.12,64.35,-0.0154205060280952,-0.0153022188217291,0.0097263314398966,0.0165601264470977,0.0123059491458557,False,28.6,0.0,0.0154205060280952,28.6,-1.1899999999999977,33.38,-0.23999999999999488,34.25,3.870000000000001,32.32,0.3999999999999986
2020-01-21,BRN0W.ICE,64.35,64.47,64.47,63.25,63.78,-0.0088972724602239,-0.0088578088578087,0.0100616329498438,0.0165365730971864,0.0120876863228498,False,27.66,-0.9400000000000013,0.0088972724602239,28.6,0.0,29.79,-3.5900000000000034,33.62,-0.6300000000000026,31.8,-0.5199999999999996
2020-01-22,BRN0W.ICE,63.78,63.79,63.79,61.86,61.87,-0.0304042520390141,-0.0299466917529006,0.014204302849672,0.017965163561641,0.0132758000875148,False,30.7,3.039999999999999,0.0304042520390141,27.66,-0.9400000000000013,28.6,-1.1899999999999977,33.38,-0.23999999999999488,32.6,0.8000000000000007
2020-01-23,BRN0W.ICE,61.87,61.82,61.86,60.55,61.28,-0.0095818841105614,-0.0095361241312428,0.0136879815174302,0.0138121031750158,0.0133475417066236,False,31.95,1.25,0.0095818841105614,30.7,3.039999999999999,28.6,0.0,29.79,-3.5900000000000034,33.22,0.6199999999999974
2020-01-24,BRN0W.ICE,61.87,61.32,61.67,59.51,59.85,-0.0236120934283537,-0.0233355091383812,0.0147950923563411,0.0142779503883442,0.0139408974779917,False,34.55,2.599999999999998,0.0236120934283537,31.95,1.25,27.66,-0.9400000000000013,28.6,-1.1899999999999977,30.38,-2.84
2020-01-27,BRN0W.ICE,61.87,59.09,59.09,57.74,58.15,-0.0288155530393087,-0.0284043441938178,0.0142424635597043,0.0148734633127018,0.0147526571792155,False,37.72,3.1700000000000017,0.0288155530393087,34.55,2.599999999999998,30.7,3.039999999999999,28.6,0.0,34.25,3.870000000000001
2020-01-28,BRN0W.ICE,61.87,58.31,59.37,57.91,59.3,0.0195834270390062,0.0197764402407565,0.0171090168935121,0.0145378168148485,0.0152127069802546,False,36.42,-1.2999999999999972,0.0195834270390062,37.72,3.1700000000000017,31.95,1.25,27.66,-0.9400000000000013,33.62,-0.6300000000000026
2020-01-29,BRN0W.ICE,61.87,59.12,59.83,58.39,58.68,-0.0105103527288987,-0.0104553119730185,0.0171358845808476,0.0145601906219878,0.0152022171665924,False,35.73,-0.6900000000000048,0.0105103527288987,36.42,-1.2999999999999972,34.55,2.599999999999998,30.7,3.039999999999999,33.38,-0.23999999999999488
2020-01-30,BRN0W.ICE,61.87,58.7,58.74,56.76,58.09,-0.0101054212703397,-0.0100545330606679,0.017091623701203,0.0145189508083027,0.0151397069919176,False,37.49,1.7600000000000051,0.0101054212703397,35.73,-0.6900000000000048,37.72,3.1700000000000017,31.95,1.25,29.79,-3.5900000000000034
2020-01-31,BRN0W.ICE,61.87,58.38,58.52,55.95,56.66,-0.0249250376020707,-0.0246169736615597,0.0162869103933671,0.0151519107237225,0.015493746684553,False,40.35,2.8599999999999994,0.0249250376020707,37.49,1.7600000000000051,36.42,-1.2999999999999972,34.55,2.599999999999998,28.6,-1.1899999999999977
2020-02-03,BRN0W.ICE,61.28,55.9,56.75,54.08,54.2,-0.0443875859567698,-0.0434168725732437,0.0200921949855,0.0173615298333253,0.016957428189654,False,41.81,1.4600000000000009,0.0443875859567698,40.35,2.8599999999999994,35.73,-0.6900000000000048,37.72,3.1700000000000017,28.6,0.0
2020-02-04,BRN0W.ICE,54.2,54.31,55.62,53.71,53.83,-0.0068499758727346,-0.0068265682656827,0.0202460299211944,0.0172293977801807,0.0169570853703241,False,39.44,-2.3700000000000045,0.0068499758727346,41.81,1.4600000000000009,37.49,1.7600000000000051,36.42,-1.2999999999999972,27.66,-0.9400000000000013
2020-02-05,BRN0W.ICE,53.83,54.2,56.45,54.13,55.58,0.0319924917414917,0.0325097529258777,0.0257104391700161,0.0204744395198464,0.0182432880103147,False,37.88,-1.5599999999999952,0.0319924917414917,39.44,-2.3700000000000045,40.35,2.8599999999999994,35.73,-0.6900000000000048,30.7,3.039999999999999
2020-02-06,BRN0W.ICE,55.58,55.55,56.57,54.3,55.12,-0.0083107976089545,-0.008276358402303,0.0230228505720002,0.0195683026812866,0.0180419999378465,False,36.44,-1.4400000000000048,0.0083107976089545,37.88,-1.5599999999999952,41.81,1.4600000000000009,37.49,1.7600000000000051,31.95,1.25
2020-02-07,BRN0W.ICE,55.12,55.24,55.38,54.22,54.5,-0.0113119250362046,-0.0112481857764875,0.0230252382771355,0.0195464447267588,0.0178257522072296,False,37.51,1.0700000000000003,0.0113119250362046,36.44,-1.4400000000000048,39.44,-2.3700000000000045,40.35,2.8599999999999994,34.55,2.599999999999998
2020-02-10,BRN0W.ICE,54.5,54.07,54.67,53.12,53.4,-0.0203899557030492,-0.0201834862385321,0.0233178924306118,0.019653176492695,0.0179463062359476,False,39.01,1.5,0.0203899557030492,37.51,1.0700000000000003,37.88,-1.5599999999999952,41.81,1.4600000000000009,37.72,3.1700000000000017
2020-02-11,BRN0W.ICE,53.4,53.85,54.65,53.69,54.25,0.0157922464544197,0.0159176029962546,0.0246068452313002,0.0203167553185473,0.0184218388683868,False,37.52,-1.4899999999999949,0.0157922464544197,39.01,1.5,36.44,-1.4400000000000048,39.44,-2.3700000000000045,36.42,-1.2999999999999972
2020-02-12,BRN0W.ICE,54.25,54.44,56.36,54.44,56.36,0.0381566946099105,0.0388940092165899,0.0229868983264666,0.0239610206520304,0.0201590694286682,False,35.58,-1.9400000000000048,0.0381566946099105,37.52,-1.4899999999999949,37.51,1.0700000000000003,37.88,-1.5599999999999952,35.73,-0.6900000000000048
2020-02-13,BRN0W.ICE,56.36,55.86,56.73,55.15,56.48,0.002126906154507,0.0021291696238465,0.0224211369860297,0.0234866746205361,0.0201208666513493,False,35.84,0.2600000000000051,0.002126906154507,35.58,-1.9400000000000048,39.01,1.5,36.44,-1.4400000000000048,37.49,1.7600000000000051
2020-02-14,BRN0W.ICE,56.48,56.42,57.39,56.16,57.1,0.010917523476978,0.0109773371104817,0.0197392577247081,0.0226616615843381,0.0189015243557777,False,35.93,0.0899999999999963,0.010917523476978,35.84,0.2600000000000051,37.52,-1.4899999999999949,37.51,1.0700000000000003,40.35,2.8599999999999994
2020-02-17,BRN0W.ICE,57.1,57.36,57.52,56.76,57.37,0.004717401951815,0.0047285464098072,0.0190014701246463,0.0219447234550132,0.0189934316401895,False,35.93,0.0,0.004717401951815,35.93,0.0899999999999963,35.58,-1.9400000000000048,39.01,1.5,41.81,1.4600000000000009
2020-02-18,BRN0W.ICE,57.37,57.1,57.56,56.17,57.42,0.0008711560791382,0.0008715356458079,0.0176949351426863,0.0218302165134741,0.0190094157963204,False,33.47,-2.460000000000001,0.0008711560791382,35.93,0.0,35.84,0.2600000000000051,37.52,-1.4899999999999949,39.44,-2.3700000000000045
2020-02-19,BRN0W.ICE,57.42,57.43,59.01,57.24,58.96,0.0264665731881632,0.0268199233716475,0.0138505212067511,0.0228901860867613,0.0187129890416952,False,32.27,-1.1999999999999957,0.0264665731881632,33.47,-2.460000000000001,35.93,0.0899999999999963,35.58,-1.9400000000000048,37.88,-1.5599999999999952
2020-02-20,BRN0W.ICE,58.96,58.84,59.55,58.47,58.6,-0.0061245512981142,-0.0061058344640434,0.0157625708650823,0.0217725436813637,0.0187090781600469,False,33.16,0.8899999999999935,0.0061245512981142,32.27,-1.1999999999999957,35.93,0.0,35.84,0.2600000000000051,36.44,-1.4400000000000048
2020-02-21,BRN0W.ICE,58.6,58.44,58.69,57.25,57.82,-0.0133999599947669,-0.0133105802047781,0.0127203049238034,0.017876170132731,0.0187939086101017,False,35.87,2.710000000000001,0.0133999599947669,33.16,0.8899999999999935,33.47,-2.460000000000001,35.93,0.0899999999999963,37.51,1.0700000000000003
2020-02-24,BRN0W.ICE,57.82,57.0,57.02,54.61,55.67,-0.0378933343927836,-0.0371843652715323,0.0202725157936375,0.0210514372666256,0.0197264783674573,False,39.53,3.6600000000000037,0.0378933343927836,35.87,2.710000000000001,32.27,-1.1999999999999957,35.93,0.0,39.01,1.5
2020-02-25,BRN0W.ICE,55.67,55.94,56.36,53.96,54.27,-0.0254698141201029,-0.025148194718879,0.0210398131807782,0.0204306799337864,0.0200135771509768,False,42.5,2.969999999999999,0.0254698141201029,39.53,3.6600000000000037,33.16,0.8899999999999935,33.47,-2.460000000000001,37.52,-1.4899999999999949
2020-02-26,BRN0W.ICE,54.27,54.38,54.77,52.41,52.86,-0.0263246788991704,-0.0259812050856828,0.021363038386528,0.0214219963830622,0.020353512233052,False,43.4,0.8999999999999986,0.0263246788991704,42.5,2.969999999999999,35.87,2.710000000000001,32.27,-1.1999999999999957,35.58,-1.9400000000000048
2020-02-27,BRN0W.ICE,52.86,52.6,52.63,50.41,50.95,-0.0368021495074092,-0.0361331819901625,0.0223900264438026,0.0231936669916766,0.0209330494858456,False,49.42,6.020000000000003,0.0368021495074092,43.4,0.8999999999999986,39.53,3.6600000000000037,33.16,0.8899999999999935,35.84,0.2600000000000051
2020-02-28,BRN0W.ICE,50.95,51.0,51.1,48.96,50.09,-0.0170233722992083,-0.0168792934249263,0.0118429483918561,0.0230366430480527,0.0206997336173047,False,51.25,1.8299999999999983,0.0170233722992083,49.42,6.020000000000003,42.5,2.969999999999999,35.87,2.710000000000001,35.93,0.0899999999999963
2020-03-02,BRN0W.ICE,50.09,48.65,53.19,48.43,53.06,0.057601961340068,0.0592932721102015,0.0329402991040886,0.0280450965352839,0.0239417121823076,False,48.33,-2.9200000000000017,0.057601961340068,51.25,1.8299999999999983,43.4,0.8999999999999986,39.53,3.6600000000000037,35.93,0.0
2020-03-03,BRN0W.ICE,53.06,53.7,53.76,51.24,51.6,-0.0279016762220765,-0.0275160196004523,0.0333361670198729,0.0263503410428422,0.0242585578263606,False,50.8,2.469999999999999,0.0279016762220765,48.33,-2.9200000000000017,49.42,6.020000000000003,42.5,2.969999999999999,33.47,-2.460000000000001
2020-03-04,BRN0W.ICE,51.6,52.3,53.0,51.09,51.51,-0.0017457089100232,-0.0017441860465117,0.0322069548418862,0.0262752628828663,0.0238688854959326,False,50.59,-0.20999999999999375,0.0017457089100232,50.8,2.469999999999999,51.25,1.8299999999999983,43.4,0.8999999999999986,32.27,-1.1999999999999957
2020-03-05,BRN0W.ICE,51.51,51.84,52.02,49.71,50.18,-0.0261594226392175,-0.0258202290817316,0.032259265247982,0.026244574468211,0.024142391422909,False,52.58,1.9899999999999949,0.0261594226392175,50.59,-0.20999999999999375,48.33,-2.9200000000000017,49.42,6.020000000000003,33.16,0.8899999999999935
2020-03-06,BRN0W.ICE,50.18,50.42,50.44,45.2,45.5,-0.0979042149813715,-0.0932642487046632,0.0461912660453935,0.034940546626803,0.0292178320922311,False,65.02,12.439999999999998,0.0979042149813715,52.58,1.9899999999999949,50.8,2.469999999999999,51.25,1.8299999999999983,35.87,2.710000000000001
2020-03-09,BRN0W.ICE,45.5,34.52,37.06,31.29,35.03,-0.2615074887475093,-0.2301098901098901,0.1024648924145699,0.073719948209077,0.0545373140766629,False,115.92,50.900000000000006,0.2615074887475093,65.02,12.439999999999998,50.59,-0.20999999999999375,48.33,-2.9200000000000017,39.53,3.6600000000000037
2020-03-10,BRN0W.ICE,35.03,36.19,38.18,35.02,37.78,0.0755750248639681,0.0785041393091636,0.1133599880297541,0.0779329179875016,0.0567422058968508,False,92.93,-22.989999999999995,0.0755750248639681,115.92,50.900000000000006,52.58,1.9899999999999949,50.8,2.469999999999999,42.5,2.969999999999999
2020-03-11,BRN0W.ICE,37.78,38.28,40.15,36.8,37.22,-0.0149336108592588,-0.0148226574907358,0.1059961972162684,0.0777450822372439,0.0567358096135627,False,105.25,12.319999999999993,0.0149336108592588,92.93,-22.989999999999995,65.02,12.439999999999998,50.59,-0.20999999999999375,43.4,0.8999999999999986
2020-03-12,BRN0W.ICE,37.22,37.42,37.76,34.29,34.66,-0.0712599669266447,-0.0687802256851155,0.1057115168028753,0.0781927872374285,0.0576388159256404,False,123.45,18.200000000000003,0.0712599669266447,105.25,12.319999999999993,115.92,50.900000000000006,52.58,1.9899999999999949,49.42,6.020000000000003
2020-03-13,BRN0W.ICE,34.66,34.67,37.4,34.31,36.35,0.0476079196920684,0.0487593768032315,0.1114871801985584,0.0813551673806011,0.0588134841982128,False,118.48,-4.969999999999999,0.0476079196920684,123.45,18.200000000000003,92.93,-22.989999999999995,65.02,12.439999999999998,51.25,1.8299999999999983
2020-03-16,BRN0W.ICE,36.35,35.35,35.35,31.23,31.44,-0.1451132364185225,-0.1350756533700137,0.1162477771759602,0.0868880414194447,0.0632675004317293,False,128.5,10.019999999999996,0.1451132364185225,118.48,-4.969999999999999,105.25,12.319999999999993,115.92,50.900000000000006,48.33,-2.9200000000000017
2020-03-17,BRN0W.ICE,31.44,31.76,32.84,30.18,30.5,-0.0303542839476399,-0.0298982188295166,0.1160380631643278,0.0868495163670539,0.0632682314002248,False,133.32,4.819999999999993,0.0303542839476399,128.5,10.019999999999996,123.45,18.200000000000003,92.93,-22.989999999999995,50.8,2.469999999999999
2020-03-18,BRN0W.ICE,30.5,30.17,30.9,26.36,28.2,-0.0784047056692981,-0.0754098360655738,0.0760327633265973,0.0874677414389565,0.0634142347428892,False,166.79,33.47,0.0784047056692981,133.32,4.819999999999993,118.48,-4.969999999999999,105.25,12.319999999999993,50.59,-0.20999999999999375
2020-03-19,BRN0W.ICE,28.2,28.6,30.82,26.75,29.97,0.0608749033845038,0.0627659574468084,0.0727304040349956,0.0915772280683135,0.0651857361036903,False,164.06,-2.7299999999999898,0.0608749033845038,166.79,33.47,128.5,10.019999999999996,123.45,18.200000000000003,52.58,1.9899999999999949
2020-03-20,BRN0W.ICE,29.97,30.53,32.82,28.92,29.35,-0.0209043350544662,-0.0206873540206872,0.0725167720930284,0.0876801148835233,0.0651635968339304,False,190.08,26.02000000000001,0.0209043350544662,164.06,-2.7299999999999898,133.32,4.819999999999993,118.48,-4.969999999999999,65.02,12.439999999999998
2020-03-23,BRN0W.ICE,29.35,28.11,29.81,26.97,29.81,0.0155513614158745,0.0156729131175468,0.0724930515846407,0.0889881594562828,0.0654977045598113,False,185.68,-4.400000000000006,0.0155513614158745,190.08,26.02000000000001,166.79,33.47,128.5,10.019999999999996,115.92,50.900000000000006
2020-03-24,BRN0W.ICE,29.81,30.09,30.92,29.25,30.27,0.0153132153436471,0.0154310634015431,0.0682636243346308,0.0896546302539732,0.0654888788555921,False,170.86,-14.819999999999993,0.0153132153436471,185.68,-4.400000000000006,164.06,-2.7299999999999898,133.32,4.819999999999993,92.93,-22.989999999999995
2020-03-25,BRN0W.ICE,30.27,30.2,30.87,28.49,30.05,-0.0072944620524106,-0.0072679220350181,0.0436823281821281,0.0899869941552414,0.0646303905143879,False,144.03,-26.830000000000013,0.0072944620524106,170.86,-14.819999999999993,190.08,26.02000000000001,166.79,33.47,105.25,12.319999999999993
2020-03-26,BRN0W.ICE,30.05,30.0,30.16,28.39,29.31,-0.0249339062584155,-0.0246256239600666,0.0432339051815927,0.0882613318807913,0.0644856936907465,False,150.06,6.030000000000001,0.0249339062584155,144.03,-26.830000000000013,185.68,-4.400000000000006,164.06,-2.7299999999999898,123.45,18.200000000000003
2020-03-27,BRN0W.ICE,29.31,29.13,29.32,27.22,28.25,-0.0368352971303511,-0.0361651313544865,0.0332926021789475,0.0586720027245622,0.0642374678417123,False,175.88,25.819999999999993,0.0368352971303511,150.06,6.030000000000001,170.86,-14.819999999999993,190.08,26.02000000000001,118.48,-4.969999999999999
2020-03-30,BRN0W.ICE,28.25,27.09,27.3,25.3,26.45,-0.0658372992881416,-0.063716814159292,0.0290103494636878,0.0537803215312093,0.0644615559083265,False,174.22,-1.6599999999999966,0.0658372992881416,175.88,25.819999999999993,144.03,-26.830000000000013,185.68,-4.400000000000006,128.5,10.019999999999996
2020-03-31,BRN0W.ICE,26.45,26.62,27.77,25.71,25.92,-0.0202412868202343,-0.0200378071833647,0.0289997901828692,0.053719036289853,0.0642752139990355,False,170.55,-3.6699999999999875,0.0202412868202343,174.22,-1.6599999999999966,150.06,6.030000000000001,170.86,-14.819999999999993,133.32,4.819999999999993
2020-04-01,BRN0W.ICE,25.92,26.0,26.24,24.59,25.6,-0.0124225199985572,-0.0123456790123457,0.0253420467943082,0.0521720038910001,0.0635580421468505,False,158.98,-11.570000000000022,0.0124225199985572,170.55,-3.6699999999999875,175.88,25.819999999999993,144.03,-26.830000000000013,166.79,33.47
2020-04-02,BRN0W.ICE,25.6,25.75,34.78,25.49,29.69,0.1482179372901515,0.1597656249999999,0.069336633116994,0.0672073938404403,0.0711652518043551,False,162.65,3.670000000000016,0.1482179372901515,158.98,-11.570000000000022,174.22,-1.6599999999999966,150.06,6.030000000000001,164.06,-2.7299999999999898
2020-04-03,BRN0W.ICE,29.69,29.74,34.99,28.27,34.65,0.1544874368602438,0.1670596160323341,0.0911169513022295,0.0700428101030372,0.0781747860573584,False,141.68,-20.97,0.1544874368602438,162.65,3.670000000000016,170.55,-3.6699999999999875,175.88,25.819999999999993,190.08,26.02000000000001
2020-04-06,BRN0W.ICE,29.69,30.69,34.22,30.69,33.27,-0.0406416356055267,-0.0398268398268396,0.0925993392430516,0.0705165615025621,0.0782016378250433,False,144.19,2.509999999999991,0.0406416356055267,141.68,-20.97,158.98,-11.570000000000022,174.22,-1.6599999999999966,185.68,-4.400000000000006
2020-04-07,BRN0W.ICE,34.65,33.82,34.18,31.77,32.4,-0.0264976672321017,-0.0261496844003608,0.0916547356727575,0.0670025140354037,0.0782056293515922,False,139.13,-5.060000000000002,0.0264976672321017,144.19,2.509999999999991,162.65,3.670000000000016,170.55,-3.6699999999999875,170.86,-14.819999999999993
2020-04-08,BRN0W.ICE,32.4,32.62,33.78,31.59,33.64,0.0375574123064636,0.0382716049382716,0.0835695913600102,0.0659194279331082,0.0788157566584084,False,141.46,2.3300000000000125,0.0375574123064636,139.13,-5.060000000000002,141.68,-20.97,158.98,-11.570000000000022,144.03,-26.830000000000013
2020-04-09,BRN0W.ICE,33.64,33.82,36.31,31.41,32.03,-0.0490428714836805,-0.047859690844233,0.0873298318448107,0.0672914677820207,0.0789637180868004,False,129.88,-11.580000000000013,0.0490428714836805,141.46,2.3300000000000125,144.19,2.509999999999991,162.65,3.670000000000016,150.06,6.030000000000001
2020-04-13,BRN0W.ICE,32.03,32.33,33.24,30.69,31.86,-0.0053216591391644,-0.0053075241960662,0.0867913008701733,0.0673005614619995,0.0789846912225534,False,114.44,-15.439999999999998,0.0053216591391644,129.88,-11.580000000000013,139.13,-5.060000000000002,141.68,-20.97,175.88,25.819999999999993
2020-04-14,BRN0W.ICE,31.86,32.18,32.3,29.42,30.09,-0.0571584138399486,-0.0555555555555555,0.0745048309289206,0.0691863406762839,0.0781173416834346,False,115.48,1.0400000000000063,0.0571584138399486,114.44,-15.439999999999998,141.46,2.3300000000000125,144.19,2.509999999999991,174.22,-1.6599999999999966
2020-04-15,BRN0W.ICE,30.09,30.27,30.3,27.21,28.0,-0.0719883804667499,-0.0694582917912928,0.0368790881229418,0.0717917890792684,0.0787048466688539,False,120.38,4.8999999999999915,0.0719883804667499,115.48,1.0400000000000063,129.88,-11.580000000000013,139.13,-5.060000000000002,170.55,-3.6699999999999875
2020-04-16,BRN0W.ICE,28.0,31.81,32.52,30.84,32.15,0.1382079405084244,0.1482142857142856,0.0729492252442026,0.0809692225616534,0.0838283052683703,False,115.1,-5.280000000000001,0.1382079405084244,120.38,4.8999999999999915,114.44,-15.439999999999998,141.46,2.3300000000000125,158.98,-11.570000000000022
2020-04-17,BRN0W.ICE,32.15,32.4,32.48,31.3,31.71,-0.0137803621333723,-0.0136858475894244,0.0724783063321567,0.0802489813329009,0.08380557046892,False,95.91,-19.189999999999998,0.0137803621333723,115.1,-5.280000000000001,115.48,1.0400000000000063,129.88,-11.580000000000013,162.65,3.670000000000016
2020-04-20,BRN0W.ICE,31.71,31.63,31.83,29.1,29.72,-0.0648118687006976,-0.0627562283191423,0.073237025285582,0.0801765911741826,0.0828936307752532,False,226.13,130.22,0.0648118687006976,95.91,-19.189999999999998,120.38,4.8999999999999915,114.44,-15.439999999999998,141.68,-20.97
2020-04-21,BRN0W.ICE,29.72,29.76,30.08,22.12,23.71,-0.2259233197722442,-0.2022207267833108,0.1080796315714456,0.1017548252581566,0.0794143592268898,False,325.15,99.01999999999998,0.2259233197722442,226.13,130.22,115.1,-5.280000000000001,115.48,1.0400000000000063,144.19,2.509999999999991
2020-04-22,BRN0W.ICE,23.71,24.39,25.83,19.99,24.22,0.0212818380476319,0.0215099114297763,0.1100734067000157,0.1019989173448212,0.077930762716792,False,236.8,-88.34999999999997,0.0212818380476319,325.15,99.01999999999998,95.91,-19.189999999999998,120.38,4.8999999999999915,139.13,-5.060000000000002
2020-04-23,BRN0W.ICE,24.22,24.62,26.92,23.86,25.02,0.0324967669138189,0.0330305532617671,0.1128130695622046,0.0930111690884695,0.0784080371945127,False,211.0,-25.80000000000001,0.0324967669138189,236.8,-88.34999999999997,226.13,130.22,115.1,-5.280000000000001,141.46,2.3300000000000125
2020-04-24,BRN0W.ICE,25.02,25.59,26.12,23.97,25.18,0.0063745235774361,0.0063948840927259,0.1114099218592822,0.0801202348700174,0.0777050449625388,False,173.53,-37.47,0.0063745235774361,211.0,-25.80000000000001,325.15,99.01999999999998,95.91,-19.189999999999998,129.88,-11.580000000000013
2020-04-27,BRN0W.ICE,25.18,24.95,25.11,22.52,23.0,-0.0905558126870514,-0.0865766481334392,0.0905146872654308,0.0820621263775665,0.078225681222981,False,185.47,11.939999999999998,0.0905558126870514,173.53,-37.47,236.8,-88.34999999999997,226.13,130.22,114.44,-15.439999999999998
2020-04-28,BRN0W.ICE,23.0,22.76,23.77,21.95,23.16,0.0069324367756448,0.0069565217391305,0.0921378950788976,0.0825430547252081,0.074351794296774,False,198.77,13.300000000000011,0.0069324367756448,185.47,11.939999999999998,211.0,-25.80000000000001,325.15,99.01999999999998,115.48,1.0400000000000063
2020-04-29,BRN0W.ICE,23.16,22.86,25.15,22.73,24.4,0.0521564795943617,0.0535405872193437,0.0983210338497376,0.0834673301698828,0.0751024104956869,False,195.59,-3.180000000000007,0.0521564795943617,198.77,13.300000000000011,173.53,-37.47,236.8,-88.34999999999997,120.38,4.8999999999999915
2020-04-30,BRN0W.ICE,24.4,24.61,26.96,24.43,26.66,0.0885811824514063,0.092622950819672,0.0553781067536694,0.0881303802195818,0.0758457516364422,False,104.98,-90.61,0.0885811824514063,195.59,-3.180000000000007,185.47,11.939999999999998,211.0,-25.80000000000001,115.1,-5.280000000000001
2020-05-01,BRN0W.ICE,24.4,27.07,27.85,25.77,26.6,-0.0022530989629092,-0.0022505626406601,0.0557703295551942,0.0881550463920956,0.0749148726609078,False,110.18,5.200000000000003,0.0022530989629092,104.98,-90.61,198.77,13.300000000000011,173.53,-37.47,95.91,-19.189999999999998
2020-05-04,BRN0W.ICE,24.4,26.08,28.06,25.5,27.97,0.0502212914262148,0.0515037593984961,0.0571672415913289,0.088676809812722,0.0754839746571865,False,97.42,-12.760000000000005,0.0502212914262148,110.18,5.200000000000003,195.59,-3.180000000000007,185.47,11.939999999999998,226.13,130.22
2020-05-05,BRN0W.ICE,24.4,28.07,31.98,27.79,31.98,0.1339782001919398,0.1433678941723275,0.0720283091982253,0.0936909327524628,0.0794068806111639,False,97.27,-0.15000000000000568,0.1339782001919398,97.42,-12.760000000000005,104.98,-90.61,198.77,13.300000000000011,325.15,99.01999999999998
2020-05-06,BRN0W.ICE,26.66,31.97,31.97,28.72,29.84,-0.069260932070248,-0.0669168230143839,0.0660881966657741,0.0880009300448885,0.080425263559969,False,115.39,18.120000000000005,0.069260932070248,97.27,-0.15000000000000568,110.18,5.200000000000003,195.59,-3.180000000000007,236.8,-88.34999999999997
2020-05-07,BRN0W.ICE,29.84,29.75,31.8,29.09,29.37,-0.0158760301250313,-0.0157506702412868,0.0683523108510508,0.0880181980944606,0.0804655991225451,False,110.62,-4.769999999999996,0.0158760301250313,115.39,18.120000000000005,97.42,-12.760000000000005,104.98,-90.61,211.0,-25.80000000000001
2020-05-08,BRN0W.ICE,29.37,29.69,31.01,29.44,30.86,0.049487101724486,0.0507320394960844,0.0682410673002695,0.0873897482862625,0.0808410285562029,False,98.7,-11.920000000000002,0.049487101724486,110.62,-4.769999999999996,97.27,-0.15000000000000568,110.18,5.200000000000003,173.53,-37.47
2020-05-11,BRN0W.ICE,30.86,30.58,31.43,29.42,30.18,-0.0222813935953119,-0.0220349967595593,0.066175100649258,0.058624308551751,0.0806451243479336,False,109.72,11.019999999999996,0.0222813935953119,98.7,-11.920000000000002,115.39,18.120000000000005,97.42,-12.760000000000005,185.47,11.939999999999998
2020-05-12,BRN0W.ICE,30.18,30.05,30.67,29.35,29.47,-0.0238066565900995,-0.0235255135851557,0.0677420154945274,0.0596149855915501,0.0797828068181458,False,86.86,-22.86,0.0238066565900995,109.72,11.019999999999996,110.62,-4.769999999999996,97.27,-0.15000000000000568,198.77,13.300000000000011
2020-05-13,BRN0W.ICE,29.47,29.49,30.47,28.89,29.5,0.0010174665961707,0.0010179843909059,0.0659637661581598,0.0594576844922198,0.0796580243330673,False,82.83,-4.030000000000001,0.0010174665961707,86.86,-22.86,98.7,-11.920000000000002,115.39,18.120000000000005,195.59,-3.180000000000007
2020-05-14,BRN0W.ICE,29.5,33.32,34.56,32.85,34.52,0.1571486028694532,0.1701694915254239,0.0735114141852308,0.0709502915775279,0.0843099688419588,False,80.05,-2.780000000000001,0.1571486028694532,82.83,-4.030000000000001,109.72,11.019999999999996,110.62,-4.769999999999996,104.98,-90.61
2020-05-15,BRN0W.ICE,34.52,34.44,35.46,34.08,35.31,0.0226273437250677,0.022885283893395,0.0644537962534413,0.0630852507995056,0.0802276113495707,False,76.39,-3.6599999999999966,0.0226273437250677,80.05,-2.780000000000001,86.86,-22.86,98.7,-11.920000000000002,110.18,5.200000000000003
2020-05-18,BRN0W.ICE,35.31,35.48,37.91,35.4,37.78,0.0676136521330685,0.069951854998584,0.0635537385634357,0.0634163406177624,0.0761385520302585,False,76.14,-0.25,0.0676136521330685,76.39,-3.6599999999999966,82.83,-4.030000000000001,109.72,11.019999999999996,97.42,-12.760000000000005
2020-05-19,BRN0W.ICE,37.78,37.93,38.01,36.62,36.9,-0.023568311026882,-0.023292747485442,0.066876078253621,0.0650446804362164,0.0758653217629887,False,73.22,-2.9200000000000017,0.023568311026882,76.14,-0.25,80.05,-2.780000000000001,86.86,-22.86,97.27,-0.15000000000000568
2020-05-20,BRN0W.ICE,36.9,34.74,36.63,34.72,36.11,-0.0216417157571151,-0.0214092140921409,0.0668002427275643,0.0640117345452265,0.075804374317331,False,73.62,0.4000000000000057,0.0216417157571151,73.22,-2.9200000000000017,76.39,-3.6599999999999966,82.83,-4.030000000000001,115.39,18.120000000000005
2020-05-21,BRN0W.ICE,36.11,36.11,37.16,36.08,36.29,0.0049723859356126,0.0049847687621158,0.064080978514963,0.0638328757023567,0.0755342056161669,False,89.06,15.439999999999998,0.0049723859356126,73.62,0.4000000000000057,76.14,-0.25,80.05,-2.780000000000001,110.62,-4.769999999999996
2020-05-22,BRN0W.ICE,36.29,36.61,36.63,33.98,35.64,-0.0180736186223703,-0.0179112703224028,0.065887864694023,0.0641346146195179,0.0750149411588388,False,84.98,-4.079999999999998,0.0180736186223703,89.06,15.439999999999998,73.22,-2.9200000000000017,76.39,-3.6599999999999966,98.7,-11.920000000000002
2020-05-25,BRN0W.ICE,35.64,35.5,36.48,35.0,36.14,0.0139316825614739,0.0140291806958474,0.0325382768662061,0.0546617166013223,0.0750186959847549,False,84.98,0.0,0.0139316825614739,84.98,-4.079999999999998,73.62,0.4000000000000057,76.14,-0.25,109.72,11.019999999999996
2020-05-26,BRN0W.ICE,36.14,36.35,37.2,35.88,36.66,0.0142859572474764,0.014388489208633,0.0319997088989912,0.0498394482414098,0.0741324147748228,False,75.47,-9.510000000000005,0.0142859572474764,84.98,0.0,89.06,15.439999999999998,73.22,-2.9200000000000017,86.86,-22.86
2020-05-27,BRN0W.ICE,36.66,36.6,36.71,34.72,35.01,-0.0460525074449846,-0.0450081833060556,0.0226049563137317,0.0518746301505615,0.0733314251198649,False,73.89,-1.5799999999999983,0.0460525074449846,75.47,-9.510000000000005,84.98,-4.079999999999998,73.62,0.4000000000000057,82.83,-4.030000000000001
2020-05-28,BRN0W.ICE,35.01,34.71,36.61,34.38,36.19,0.0331491026090768,0.033704655812625,0.0270299093148254,0.0511585153517985,0.0692675563646919,False,72.98,-0.9099999999999966,0.0331491026090768,73.89,-1.5799999999999983,84.98,0.0,89.06,15.439999999999998,80.05,-2.780000000000001
2020-05-29,BRN0W.ICE,36.19,35.87,37.93,34.85,37.61,0.038487134906594,0.0392373583862946,0.0294784487397558,0.0506583090908631,0.0694633798632606,False,69.23,-3.75,0.038487134906594,72.98,-0.9099999999999966,75.47,-9.510000000000005,84.98,-4.079999999999998,76.39,-3.6599999999999966
2020-06-01,BRN0W.ICE,37.61,37.45,38.67,37.23,38.61,0.0262413377938999,0.026588673225206,0.0304570857207455,0.0494047552897211,0.068255488084937,False,64.38,-4.8500000000000085,0.0262413377938999,69.23,-3.75,73.89,-1.5799999999999983,84.98,0.0,76.14,-0.25
2020-06-02,BRN0W.ICE,38.61,38.33,39.74,38.33,39.58,0.0248126298982745,0.025123025123025,0.028380590924878,0.0491361464187041,0.051931613958852,False,64.71,0.3299999999999983,0.0248126298982745,64.38,-4.8500000000000085,72.98,-0.9099999999999966,75.47,-9.510000000000005,73.22,-2.9200000000000017
2020-06-03,BRN0W.ICE,39.58,39.79,40.51,38.77,39.45,-0.0032898928825363,-0.0032844871147043,0.0292205571791919,0.0298716746469255,0.0520566929166949,False,65.73,1.0200000000000102,0.0032898928825363,64.71,0.3299999999999983,69.23,-3.75,73.89,-1.5799999999999983,73.62,0.4000000000000057
2020-06-04,BRN0W.ICE,39.45,39.71,40.08,39.07,39.89,0.0110916186254319,0.0111533586818757,0.0292133076434177,0.0296409763481414,0.0519731246395369,False,65.13,-0.6000000000000085,0.0110916186254319,65.73,1.0200000000000102,64.38,-4.8500000000000085,72.98,-0.9099999999999966,89.06,15.439999999999998
2020-06-05,BRN0W.ICE,39.89,39.86,42.42,39.73,42.07,0.0532092316851143,0.0546502882928052,0.0183874632340863,0.0276202240895303,0.0523897964883298,False,64.2,-0.9299999999999926,0.0532092316851143,65.13,-0.6000000000000085,64.71,0.3299999999999983,69.23,-3.75,84.98,-4.079999999999998
2020-06-08,BRN0W.ICE,42.07,42.36,43.41,40.7,40.8,-0.0306528161923135,-0.0301877822676491,0.0277984083197058,0.0282935116539591,0.0491885324532388,False,67.24,3.039999999999992,0.0306528161923135,64.2,-0.9299999999999926,65.73,1.0200000000000102,64.38,-4.8500000000000085,84.98,0.0
2020-06-09,BRN0W.ICE,40.8,41.2,41.43,39.85,40.87,0.0017142161660699,0.0017156862745097,0.026535312881972,0.0271281584059737,0.0492422630369209,False,67.76,0.5200000000000102,0.0017142161660699,67.24,3.039999999999992,65.13,-0.6000000000000085,64.71,0.3299999999999983,75.47,-9.510000000000005
2020-06-10,BRN0W.ICE,40.87,40.65,41.96,40.14,41.36,0.0119179326239878,0.0119892341570835,0.0257845044572824,0.0271154004600595,0.048852557627392,False,63.06,-4.700000000000003,0.0119179326239878,67.76,0.5200000000000102,64.2,-0.9299999999999926,65.73,1.0200000000000102,73.89,-1.5799999999999983
2020-06-11,BRN0W.ICE,41.36,41.09,41.2,38.17,38.63,-0.0682850535219837,-0.0660058027079303,0.0379213433825843,0.0335723420573645,0.0493843013568811,False,69.96,6.8999999999999915,0.0682850535219837,63.06,-4.700000000000003,67.24,3.039999999999992,65.13,-0.6000000000000085,72.98,-0.9099999999999966
2020-06-12,BRN0W.ICE,38.63,38.14,39.66,37.32,39.28,0.0166863068080752,0.0168263008024851,0.0386812491622146,0.0336319731221297,0.0493120266034885,False,70.22,0.2600000000000051,0.0166863068080752,69.96,6.8999999999999915,67.76,0.5200000000000102,64.2,-0.9299999999999926,69.23,-3.75
2020-06-15,BRN0W.ICE,39.28,38.57,40.1,37.52,40.1,0.0206608508262583,0.0208757637474541,0.0393276975250596,0.033796255268179,0.0488355276673871,False,68.11,-2.1099999999999994,0.0206608508262583,70.22,0.2600000000000051,63.06,-4.700000000000003,67.24,3.039999999999992,64.38,-4.8500000000000085
2020-06-16,BRN0W.ICE,40.1,40.11,41.76,39.2,40.8,0.0173057470975924,0.0174563591022443,0.0332114034814868,0.0302915959379015,0.04309571206804,False,66.63,-1.480000000000004,0.0173057470975924,68.11,-2.1099999999999994,69.96,6.8999999999999915,67.76,0.5200000000000102,64.71,0.3299999999999983
2020-06-17,BRN0W.ICE,40.8,40.67,41.54,40.18,40.59,-0.0051603505593095,-0.0051470588235292,0.0311861125820132,0.0298574647364841,0.0406463681776695,False,61.45,-5.179999999999993,0.0051603505593095,66.63,-1.480000000000004,70.22,0.2600000000000051,63.06,-4.700000000000003,65.73,1.0200000000000102
2020-06-18,BRN0W.ICE,40.59,40.38,41.54,40.1,41.36,0.0187924993493673,0.018970189701897,0.0320654912112787,0.0287644272346283,0.040369685616236,False,61.35,-0.10000000000000142,0.0187924993493673,61.45,-5.179999999999993,68.11,-2.1099999999999994,69.96,6.8999999999999915,65.13,-0.6000000000000085
2020-06-19,BRN0W.ICE,41.36,41.67,42.8,41.03,41.87,0.0122553498308781,0.0123307543520307,0.0320836553131952,0.0282755828717312,0.0397259476728299,False,58.73,-2.6200000000000045,0.0122553498308781,61.35,-0.10000000000000142,66.63,-1.480000000000004,70.22,0.2600000000000051,64.2,-0.9299999999999926
2020-06-22,BRN0W.ICE,41.87,41.73,43.14,41.57,42.98,0.0261653111833125,0.0265106281347027,0.0099399007316185,0.0283478043150582,0.0393441356789665,False,56.76,-1.9699999999999989,0.0261653111833125,58.73,-2.6200000000000045,61.45,-5.179999999999993,68.11,-2.1099999999999994,67.24,3.039999999999992
2020-06-23,BRN0W.ICE,42.98,43.25,43.95,42.25,42.54,-0.0102900814422731,-0.0102373196835736,0.0137764316932403,0.0285828747633735,0.0389983720846764,False,58.83,2.0700000000000003,0.0102900814422731,56.76,-1.9699999999999989,61.35,-0.10000000000000142,66.63,-1.480000000000004,67.76,0.5200000000000102
2020-06-24,BRN0W.ICE,42.54,42.6,42.95,39.94,40.56,-0.0476624504891633,-0.0465444287729195,0.0254070294083918,0.0318117248960615,0.0404663630204801,False,64.96,6.1299999999999955,0.0476624504891633,58.83,2.0700000000000003,58.73,-2.6200000000000045,61.45,-5.179999999999993,63.06,-4.700000000000003
2020-06-25,BRN0W.ICE,42.54,40.53,41.6,39.73,41.41,0.020740038274548,0.0209566074950688,0.0257904580816203,0.0287652309611078,0.029651957769121,False,62.69,-2.269999999999996,0.020740038274548,64.96,6.1299999999999955,56.76,-1.9699999999999989,61.35,-0.10000000000000142,69.96,6.8999999999999915
2020-06-26,BRN0W.ICE,42.54,41.4,41.81,40.31,40.64,-0.0187695942872493,-0.0185945423810672,0.0269190157541604,0.0279919769282843,0.0298174527814746,False,63.69,1.0,0.0187695942872493,62.69,-2.269999999999996,58.83,2.0700000000000003,58.73,-2.6200000000000045,70.22,0.2600000000000051
2020-06-29,BRN0W.ICE,40.56,40.37,41.96,40.02,41.85,0.0293389936652579,0.0297736220472442,0.0283896096304912,0.0290953279052483,0.0277814128442372,False,60.04,-3.6499999999999986,0.0293389936652579,63.69,1.0,64.96,6.1299999999999955,56.76,-1.9699999999999989,68.11,-2.1099999999999994
2020-06-30,BRN0W.ICE,41.85,41.68,41.94,41.06,41.63,-0.0052707357286002,-0.0052568697729987,0.0280728271719283,0.0289931294092865,0.0273664477400141,False,57.66,-2.3800000000000026,0.0052707357286002,60.04,-3.6499999999999986,62.69,-2.269999999999996,58.83,2.0700000000000003,66.63,-1.480000000000004
2020-07-01,BRN0W.ICE,41.63,41.52,42.61,41.05,42.09,0.0109891215755951,0.011049723756906,0.0261623481268069,0.0212370467432529,0.0269567235053053,False,53.43,-4.229999999999997,0.0109891215755951,57.66,-2.3800000000000026,63.69,1.0,64.96,6.1299999999999955,61.45,-5.179999999999993
2020-07-02,BRN0W.ICE,42.09,41.81,43.16,41.73,42.92,0.0195277349800184,0.019719648372535,0.0271830470427123,0.0213589484589195,0.0270848802528996,False,51.29,-2.1400000000000006,0.0195277349800184,53.43,-4.229999999999997,60.04,-3.6499999999999986,62.69,-2.269999999999996,61.35,-0.10000000000000142
2020-07-03,BRN0W.ICE,42.92,42.76,42.98,42.32,42.78,-0.0032672141082381,-0.0032618825722273,0.0172148580535593,0.0210795303417586,0.0267718410295886,False,51.29,0.0,0.0032672141082381,51.29,-2.1400000000000006,57.66,-2.3800000000000026,63.69,1.0,58.73,-2.6200000000000045
2020-07-06,BRN0W.ICE,42.78,42.8,43.69,42.79,43.12,0.007916222946482,0.0079476390836839,0.0162397568519809,0.0207923147867639,0.026733557849741,False,50.73,-0.5600000000000023,0.007916222946482,51.29,0.0,53.43,-4.229999999999997,60.04,-3.6499999999999986,56.76,-1.9699999999999989
2020-07-07,BRN0W.ICE,43.12,43.09,43.44,42.5,43.01,-0.0025542798050967,-0.0025510204081632,0.012984429950276,0.02071600060617,0.0267279033596269,False,51.39,0.6600000000000037,0.0025542798050967,50.73,-0.5600000000000023,51.29,-2.1400000000000006,57.66,-2.3800000000000026,58.83,2.0700000000000003
2020-07-08,BRN0W.ICE,43.01,42.76,43.43,42.76,43.37,0.0083353110516299,0.0083701464775634,0.0091048520810347,0.0203318725023601,0.0249052475432777,False,48.85,-2.539999999999999,0.0083353110516299,51.39,0.6600000000000037,51.29,0.0,53.43,-4.229999999999997,64.96,6.1299999999999955
2020-07-09,BRN0W.ICE,43.37,43.3,43.5,41.99,42.35,-0.0237995367492114,-0.0235185612174313,0.0139991049766596,0.0213789899907195,0.0250243303475603,False,53.77,4.920000000000002,0.0237995367492114,48.85,-2.539999999999999,50.73,-0.5600000000000023,51.29,-2.1400000000000006,62.69,-2.269999999999996
2020-07-10,BRN0W.ICE,42.35,42.43,43.38,41.33,43.17,0.0191773884693227,0.019362455726092,0.0151281553193208,0.0208157405856859,0.0243797029438879,False,49.71,-4.060000000000002,0.0191773884693227,53.77,4.920000000000002,51.39,0.6600000000000037,51.29,0.0,63.69,1.0
2020-07-13,BRN0W.ICE,43.17,43.15,43.31,42.15,42.21,-0.0224886497729788,-0.0222376650451703,0.0160702774635111,0.0215366362045922,0.0245108124709425,False,53.41,3.6999999999999957,0.0224886497729788,49.71,-4.060000000000002,48.85,-2.539999999999999,50.73,-0.5600000000000023,60.04,-3.6499999999999986
2020-07-14,BRN0W.ICE,42.21,42.18,43.16,41.81,43.1,0.0208658373152946,0.0210850509357971,0.0182849995157341,0.0173963361924396,0.0243998807577459,False,53.04,-0.36999999999999744,0.0208658373152946,53.41,3.6999999999999957,53.77,4.920000000000002,51.39,0.6600000000000037,57.66,-2.3800000000000026
2020-07-15,BRN0W.ICE,43.1,43.11,43.84,42.74,43.64,0.0124511638551679,0.0125290023201856,0.0186450094596453,0.0169299959858345,0.0244327449585584,False,47.05,-5.990000000000002,0.0124511638551679,53.04,-0.36999999999999744,49.71,-4.060000000000002,48.85,-2.539999999999999,53.43,-4.229999999999997
2020-07-16,BRN0W.ICE,43.64,43.81,43.93,43.27,43.53,-0.0025238054006639,-0.0025206232813932,0.0186438506827634,0.0157860955287657,0.0244107105197346,False,46.12,-0.9299999999999997,0.0025238054006639,47.05,-5.990000000000002,53.41,3.6999999999999957,53.77,4.920000000000002,51.29,-2.1400000000000006
2020-07-17,BRN0W.ICE,43.53,43.54,43.6,42.79,43.31,-0.0050668003376707,-0.0050539857569491,0.0185387542658101,0.0142979518293418,0.0225152134113629,False,40.22,-5.899999999999999,0.0050668003376707,46.12,-0.9299999999999997,53.04,-0.36999999999999744,49.71,-4.060000000000002,51.29,0.0
2020-07-20,BRN0W.ICE,43.31,43.27,43.59,42.66,43.37,0.0013844026207394,0.0013853613484182,0.0153675416890321,0.0141311943112874,0.0217090290428926,False,42.59,2.3700000000000045,0.0013844026207394,40.22,-5.899999999999999,47.05,-5.990000000000002,53.41,3.6999999999999957,50.73,-0.5600000000000023
2020-07-21,BRN0W.ICE,43.37,43.44,45.05,43.42,44.18,0.0185042401446963,0.0186765044961956,0.0152540447480809,0.0145961807731663,0.0219158833114583,False,41.1,-1.490000000000002,0.0185042401446963,42.59,2.3700000000000045,46.12,-0.9299999999999997,53.04,-0.36999999999999744,51.39,0.6600000000000037
2020-07-22,BRN0W.ICE,44.18,44.22,44.66,43.91,44.57,0.0087887889664933,0.0088275237664101,0.0101751150000291,0.0139550117069586,0.0218773991912134,False,41.3,0.19999999999999574,0.0087887889664933,41.1,-1.490000000000002,40.22,-5.899999999999999,47.05,-5.990000000000002,48.85,-2.539999999999999
2020-07-23,BRN0W.ICE,44.57,44.44,45.06,43.52,43.68,-0.0201706555218148,-0.0199685887368185,0.0128450292084305,0.0151873302914774,0.0179146230824189,False,43.83,2.530000000000001,0.0201706555218148,41.3,0.19999999999999574,42.59,2.3700000000000045,46.12,-0.9299999999999997,53.77,4.920000000000002
2020-07-24,BRN0W.ICE,43.68,43.68,44.2,43.26,43.89,0.004796172263493,0.0048076923076922,0.0121023785954715,0.0151084187433239,0.0177572955894669,False,42.35,-1.4799999999999969,0.004796172263493,43.83,2.530000000000001,41.1,-1.490000000000002,40.22,-5.899999999999999,49.71,-4.060000000000002
2020-07-27,BRN0W.ICE,43.89,43.79,44.18,42.95,43.95,0.0013661204310434,0.001367053998633,0.0120124359958416,0.0150684782050162,0.0174688437479446,False,41.37,-0.980000000000004,0.0013661204310434,42.35,-1.4799999999999969,41.3,0.19999999999999574,42.59,2.3700000000000045,53.41,3.6999999999999957
2020-07-28,BRN0W.ICE,43.95,44.03,44.33,43.42,43.65,-0.0068493418455748,-0.006825938566553,0.0121892659023656,0.0150885407891171,0.0173456345902669,False,41.09,-0.27999999999999403,0.0068493418455748,41.37,-0.980000000000004,43.83,2.530000000000001,41.1,-1.490000000000002,53.04,-0.36999999999999744
2020-07-29,BRN0W.ICE,43.65,43.71,44.26,43.56,44.1,0.010256500167189,0.0103092783505154,0.0126733411933039,0.0135426904162852,0.017346873371682,False,39.58,-1.5100000000000051,0.010256500167189,41.09,-0.27999999999999403,42.35,-1.4799999999999969,41.3,0.19999999999999574,47.05,-5.990000000000002
2020-07-30,BRN0W.ICE,44.1,44.11,44.21,41.82,43.6,-0.0114026320978116,-0.0113378684807256,0.0113000648614569,0.0131751508378426,0.017260610866396,False,42.06,2.480000000000004,0.0114026320978116,39.58,-1.5100000000000051,41.37,-0.980000000000004,43.83,2.530000000000001,46.12,-0.9299999999999997
2020-07-31,BRN0W.ICE,43.6,43.68,43.78,42.94,43.71,0.0025197585202344,0.0025229357798164,0.0105354213788812,0.0113582473131762,0.017147594949034,False,44.43,2.3699999999999974,0.0025197585202344,42.06,2.480000000000004,41.09,-0.27999999999999403,42.35,-1.4799999999999969,40.22,-5.899999999999999
2020-08-03,BRN0W.ICE,43.71,43.59,44.45,42.93,43.88,0.0038817265318062,0.0038892701898878,0.0073647187365696,0.0100801913682367,0.0165101256431176,False,41.56,-2.8699999999999974,0.0038817265318062,44.43,2.3699999999999974,39.58,-1.5100000000000051,41.37,-0.980000000000004,42.59,2.3700000000000045
2020-08-04,BRN0W.ICE,43.88,43.73,44.79,43.28,44.36,0.0108795270751366,0.0109389243391064,0.0082418486429358,0.0099541891141782,0.0164769803541637,False,40.28,-1.2800000000000011,0.0108795270751366,41.56,-2.8699999999999974,42.06,2.480000000000004,41.09,-0.27999999999999403,41.1,-1.490000000000002
2020-08-05,BRN0W.ICE,44.36,44.27,46.18,44.24,45.33,0.0216309024705915,0.0218665464382326,0.0112046100403705,0.0112711373916879,0.0140391586642502,False,37.12,-3.1600000000000037,0.0216309024705915,40.28,-1.2800000000000011,44.43,2.3699999999999974,39.58,-1.5100000000000051,41.3,0.19999999999999574
2020-08-06,BRN0W.ICE,45.33,45.16,45.68,44.86,45.12,-0.0046434577629544,-0.0046326935804102,0.0108606908472612,0.0112486818292101,0.013738857856522,False,37.59,0.47000000000000597,0.0046434577629544,37.12,-3.1600000000000037,41.56,-2.8699999999999974,42.06,2.480000000000004,43.83,2.530000000000001
2020-08-07,BRN0W.ICE,45.12,45.11,45.29,44.29,44.69,-0.0095758442444432,-0.0095301418439716,0.0117311807197306,0.0117349959153278,0.0133363925812111,False,37.43,-0.1600000000000037,0.0095758442444432,37.59,0.47000000000000597,40.28,-1.2800000000000011,44.43,2.3699999999999974,42.35,-1.4799999999999969
2020-08-10,BRN0W.ICE,44.69,44.53,45.26,44.53,44.96,0.0060234426400756,0.0060416200492281,0.0101852433816814,0.01083596886924,0.0124054588799699,False,35.74,-1.6899999999999977,0.0060234426400756,37.43,-0.1600000000000037,37.12,-3.1600000000000037,41.56,-2.8699999999999974,41.37,-0.980000000000004
2020-08-11,BRN0W.ICE,44.96,45.0,45.72,44.46,44.54,-0.009385543756214,-0.0093416370106761,0.0114630379477773,0.0109513878051962,0.0125153339897131,False,37.5,1.759999999999998,0.009385543756214,35.74,-1.6899999999999977,37.59,0.47000000000000597,40.28,-1.2800000000000011,41.09,-0.27999999999999403
2020-08-12,BRN0W.ICE,44.54,44.53,45.59,44.53,45.32,0.0173607743305841,0.0175123484508308,0.0127562925864455,0.0102156140789745,0.0127210871100838,False,34.74,-2.759999999999998,0.0173607743305841,37.5,1.759999999999998,37.43,-0.1600000000000037,37.12,-3.1600000000000037,39.58,-1.5100000000000051
2020-08-13,BRN0W.ICE,45.32,46.15,46.39,45.71,45.89,0.0124987922469366,0.0125772285966461,0.0129027150997406,0.0105432624105327,0.0124579891970447,False,34.87,0.12999999999999545,0.0124987922469366,34.74,-2.759999999999998,35.74,-1.6899999999999977,37.59,0.47000000000000597,42.06,2.480000000000004
2020-08-14,BRN0W.ICE,45.89,45.61,45.63,44.99,45.49,-0.0087547068248293,-0.0087164959686205,0.0113292867911404,0.0110138877647975,0.0125811674049201,False,35.1,0.23000000000000398,0.0087547068248293,34.87,0.12999999999999545,37.5,1.759999999999998,37.43,-0.1600000000000037,44.43,2.3699999999999974
2020-08-17,BRN0W.ICE,45.49,45.46,45.96,45.11,45.85,0.0078826771205611,0.0079138272147725,0.0113700365364166,0.0107568006837979,0.0125806292853226,False,32.43,-2.6700000000000017,0.0078826771205611,35.1,0.23000000000000398,34.74,-2.759999999999998,35.74,-1.6899999999999977,41.56,-2.8699999999999974
2020-08-18,BRN0W.ICE,45.85,45.84,46.07,45.34,45.59,-0.0056868044771237,-0.0056706652126499,0.010772767397505,0.0108315642000465,0.0126330206221721,False,31.7,-0.7300000000000004,0.0056868044771237,32.43,-2.6700000000000017,34.87,0.12999999999999545,37.5,1.759999999999998,40.28,-1.2800000000000011
2020-08-19,BRN0W.ICE,45.59,45.77,45.96,45.35,45.69,0.0021910613498299,0.0021934634788329,0.0106815101478495,0.0100852108889886,0.012575469499861,False,32.85,1.1500000000000021,0.0021910613498299,31.7,-0.7300000000000004,35.1,0.23000000000000398,34.74,-2.759999999999998,37.12,-3.1600000000000037
2020-08-20,BRN0W.ICE,45.69,45.66,45.69,44.6,45.42,-0.0059269188977676,-0.005909389363099,0.0101158552973547,0.0103864972468021,0.0117180998194714,False,32.83,-0.020000000000003126,0.0059269188977676,32.85,1.1500000000000021,32.43,-2.6700000000000017,34.87,0.12999999999999545,37.59,0.47000000000000597
2020-08-21,BRN0W.ICE,45.42,45.58,45.64,44.22,44.75,-0.0148610919565481,-0.0147512109202995,0.0097059825312847,0.0113878328925682,0.0116787036585648,False,33.68,0.8500000000000014,0.0148610919565481,32.83,-0.020000000000003126,31.7,-0.7300000000000004,35.1,0.23000000000000398,37.43,-0.1600000000000037
2020-08-24,BRN0W.ICE,44.75,44.99,45.67,44.86,45.54,0.0174996159147292,0.0176536312849162,0.0110284867542905,0.0119358875985085,0.0111521448224174,False,32.25,-1.4299999999999997,0.0174996159147292,33.68,0.8500000000000014,32.85,1.1500000000000021,32.43,-2.6700000000000017,35.74,-1.6899999999999977
2020-08-25,BRN0W.ICE,45.54,45.63,46.5,45.58,46.5,0.020861251957717,0.0210803689064558,0.0130881343199349,0.0118392777001497,0.0111518849002304,False,33.03,0.7800000000000011,0.020861251957717,32.25,-1.4299999999999997,32.83,-0.020000000000003126,31.7,-0.7300000000000004,37.5,1.759999999999998
2020-08-26,BRN0W.ICE,46.5,46.41,46.53,46.04,46.29,-0.0045263575501314,-0.004516129032258,0.0131783043133824,0.0118344002743863,0.0110615200730897,False,33.79,0.759999999999998,0.0045263575501314,33.03,0.7800000000000011,33.68,0.8500000000000014,32.85,1.1500000000000021,34.74,-2.759999999999998
2020-08-27,BRN0W.ICE,46.29,46.17,46.32,45.08,45.65,-0.0139223480022017,-0.0138258803197235,0.0142377557715723,0.0122077243353418,0.0114112595439297,False,33.74,-0.04999999999999716,0.0139223480022017,33.79,0.759999999999998,32.25,-1.4299999999999997,32.83,-0.020000000000003126,34.87,0.12999999999999545
2020-08-28,BRN0W.ICE,45.65,45.6,45.94,45.35,45.94,0.0063325902199746,0.0063526834611171,0.0144197577365327,0.0122167769021293,0.0113718461248444,False,32.06,-1.6799999999999997,0.0063325902199746,33.74,-0.04999999999999716,33.03,0.7800000000000011,33.68,0.8500000000000014,35.1,0.23000000000000398
2020-08-31,BRN0W.ICE,45.94,45.86,46.51,45.26,45.57,-0.008086591985161,-0.0080539834566826,0.0146090260245829,0.0121320553919423,0.0115190348154872,False,32.59,0.5300000000000011,0.008086591985161,32.06,-1.6799999999999997,33.79,0.759999999999998,32.25,-1.4299999999999997,32.43,-2.6700000000000017
2020-09-01,BRN0W.ICE,45.57,45.59,46.2,45.48,45.77,0.0043792493897595,0.0043888523151196,0.0129605712966713,0.0113054436776873,0.0110869173082312,False,31.74,-0.850000000000005,0.0043792493897595,32.59,0.5300000000000011,33.74,-0.04999999999999716,33.03,0.7800000000000011,31.7,-0.7300000000000004
2020-09-02,BRN0W.ICE,45.77,45.86,46.04,44.21,44.39,-0.0306146358196068,-0.0301507537688442,0.0164214615276901,0.0135041043284843,0.012409408744271,False,35.49,3.7500000000000036,0.0306146358196068,31.74,-0.850000000000005,32.06,-1.6799999999999997,33.79,0.759999999999998,32.85,1.1500000000000021
2020-09-03,BRN0W.ICE,44.39,44.51,44.57,43.19,44.0,-0.0088245849276827,-0.0087857625591349,0.0123682448503991,0.0135066568934464,0.0119418088719674,False,41.28,5.789999999999999,0.0088245849276827,35.49,3.7500000000000036,32.59,0.5300000000000011,33.74,-0.04999999999999716,32.83,-0.020000000000003126
2020-09-04,BRN0W.ICE,44.0,43.78,44.54,42.31,42.35,-0.0382212128201977,-0.0374999999999999,0.0166533418458848,0.0161701137275124,0.0138124194020023,False,44.02,2.740000000000002,0.0382212128201977,41.28,5.789999999999999,31.74,-0.850000000000005,32.06,-1.6799999999999997,33.68,0.8500000000000014
2020-09-07,BRN0W.ICE,42.35,42.22,42.41,41.53,42.04,-0.007346875089313,-0.0073199527744982,0.0167585598868242,0.0161763168420306,0.0138483626256932,False,44.02,0.0,0.007346875089313,44.02,2.740000000000002,35.49,3.7500000000000036,32.59,0.5300000000000011,32.25,-1.4299999999999997
2020-09-08,BRN0W.ICE,42.04,42.1,42.22,39.36,39.78,-0.0552572725829242,-0.0537583254043767,0.02123979434826,0.0206607635464734,0.0169649651860195,False,55.9,11.879999999999995,0.0552572725829242,44.02,0.0,41.28,5.789999999999999,31.74,-0.850000000000005,33.03,0.7800000000000011
2020-09-09,BRN0W.ICE,39.78,39.7,41.18,39.37,40.62,0.0208962827264124,0.0211161387631975,0.0263003156569643,0.0222402647215907,0.017360308538442,False,49.42,-6.479999999999997,0.0208962827264124,55.9,11.879999999999995,44.02,2.740000000000002,35.49,3.7500000000000036,33.79,0.759999999999998
2020-09-10,BRN0W.ICE,40.62,41.13,41.5,40.27,40.27,-0.0086537812888757,-0.0086164451009354,0.0250116528045559,0.0221541963180032,0.0173202180679709,False,52.16,2.739999999999995,0.0086537812888757,49.42,-6.479999999999997,44.02,0.0,41.28,5.789999999999999,33.74,-0.04999999999999716
2020-09-11,BRN0W.ICE,40.27,40.52,40.94,40.0,40.49,0.005448255180707,0.0054631239135833,0.0257527760923643,0.0213252784928333,0.0173585598872824,False,50.13,-2.029999999999994,0.005448255180707,52.16,2.739999999999995,55.9,11.879999999999995,44.02,2.740000000000002,32.06,-1.6799999999999997
2020-09-14,BRN0W.ICE,40.49,40.36,40.71,39.96,40.39,-0.0024728004687483,-0.0024697456162016,0.0260403463692651,0.0197137404571221,0.0173160798541564,False,49.41,-0.720000000000006,0.0024728004687483,50.13,-2.029999999999994,49.42,-6.479999999999997,44.02,0.0,32.59,0.5300000000000011
2020-09-15,BRN0W.ICE,40.39,40.34,41.4,40.04,41.3,0.0222802703916653,0.0225303292894278,0.0260161811446547,0.0215125529980503,0.0177455734875741,False,45.19,-4.219999999999999,0.0222802703916653,49.41,-0.720000000000006,52.16,2.739999999999995,55.9,11.879999999999995,31.74,-0.850000000000005
2020-09-16,BRN0W.ICE,41.3,41.33,42.98,41.22,42.89,0.037776198561802,0.0384987893462469,0.0301853101007959,0.0246529527093286,0.0187171737838755,False,41.13,-4.059999999999995,0.037776198561802,45.19,-4.219999999999999,50.13,-2.029999999999994,49.42,-6.479999999999997,35.49,3.7500000000000036
2020-09-17,BRN0W.ICE,42.89,42.85,44.01,42.07,43.77,0.020309952674015,0.0205176031709024,0.0162177393154983,0.0253952613007273,0.0191382154099889,False,38.73,-2.4000000000000057,0.020309952674015,41.13,-4.059999999999995,49.41,-0.720000000000006,52.16,2.739999999999995,41.28,5.789999999999999
2020-09-18,BRN0W.ICE,43.77,43.72,44.29,43.08,43.68,-0.0020583197661544,-0.0020562028786841,0.0168190624800441,0.0253617964020785,0.0190713248056469,False,39.07,0.3400000000000034,0.0020583197661544,38.73,-2.4000000000000057,45.19,-4.219999999999999,50.13,-2.029999999999994,44.02,2.740000000000002
2020-09-21,BRN0W.ICE,43.68,43.51,43.84,41.53,42.22,-0.033996289016475,-0.0334249084249084,0.0231383072253346,0.0265460771301614,0.0199593023448521,False,42.89,3.8200000000000003,0.033996289016475,39.07,0.3400000000000034,41.13,-4.059999999999995,49.41,-0.720000000000006,44.02,0.0
2020-09-22,BRN0W.ICE,42.22,42.36,42.71,41.7,42.28,0.0014201185818623,0.0014211274277593,0.0232261546949231,0.0256034222496038,0.0199206803941603,False,41.28,-1.6099999999999994,0.0014201185818623,42.89,3.8200000000000003,38.73,-2.4000000000000057,45.19,-4.219999999999999,55.9,11.879999999999995
2020-09-23,BRN0W.ICE,42.28,42.11,42.93,41.71,42.0,-0.0066445427186686,-0.0066225165562914,0.0235366249026933,0.0255750209612564,0.019606807938139,False,44.64,3.3599999999999994,0.0066445427186686,41.28,-1.6099999999999994,39.07,0.3400000000000034,41.13,-4.059999999999995,49.42,-6.479999999999997
2020-09-24,BRN0W.ICE,42.0,42.11,42.93,41.71,41.96,-0.0009528347552718,-0.0009523809523809,0.0224004685655803,0.0235201623731015,0.019403884751692,False,42.88,-1.759999999999998,0.0009528347552718,44.64,3.3599999999999994,42.89,3.8200000000000003,38.73,-2.4000000000000057,52.16,2.739999999999995
2020-09-25,BRN0W.ICE,41.96,42.42,42.78,42.01,42.26,0.0071242286598141,0.0071496663489036,0.0165278859895622,0.0235217091382523,0.0194575516411139,False,41.41,-1.470000000000006,0.0071242286598141,42.88,-1.759999999999998,41.28,-1.6099999999999994,39.07,0.3400000000000034,50.13,-2.029999999999994
2020-09-28,BRN0W.ICE,42.26,42.37,43.02,41.97,42.84,0.0136312333916374,0.0137245622337909,0.0151532902191562,0.0173972269389165,0.0195907187253481,False,40.64,-0.769999999999996,0.0136312333916374,41.41,-1.470000000000006,44.64,3.3599999999999994,42.89,3.8200000000000003,49.41,-0.720000000000006
2020-09-29,BRN0W.ICE,42.84,42.87,42.96,40.86,41.37,-0.0349162651062279,-0.0343137254901961,0.0193079733791508,0.0197785681608967,0.0204737854904446,False,46.13,5.490000000000002,0.0349162651062279,40.64,-0.769999999999996,42.88,-1.759999999999998,41.28,-1.6099999999999994,45.19,-4.219999999999999
2020-09-30,BRN0W.ICE,41.37,41.45,42.46,40.85,42.12,0.0179667067924545,0.0181290790427846,0.0174393450102799,0.020025394334714,0.0208177328933929,False,44.0,-2.1300000000000026,0.0179667067924545,46.13,5.490000000000002,41.41,-1.470000000000006,44.64,3.3599999999999994,41.13,-4.059999999999995
2020-10-01,BRN0W.ICE,41.37,42.2,42.56,39.96,40.71,-0.0340489247508872,-0.0334757834757833,0.0215187664671336,0.0223346310876256,0.0215864530603897,False,49.35,5.350000000000001,0.0340489247508872,44.0,-2.1300000000000026,40.64,-0.769999999999996,42.88,-1.759999999999998,38.73,-2.4000000000000057
2020-10-02,BRN0W.ICE,41.37,40.67,40.77,38.81,38.9,-0.0454795118904869,-0.044460820437239,0.0263542005146739,0.0254925554608453,0.0228232239079806,False,55.51,6.159999999999997,0.0454795118904869,49.35,5.350000000000001,46.13,5.490000000000002,41.41,-1.470000000000006,39.07,0.3400000000000034
2020-10-05,BRN0W.ICE,41.37,39.26,41.76,39.25,41.53,0.0654218070182617,0.0676092544987148,0.0393087851529275,0.0307978928760727,0.0258982733419019,False,49.44,-6.07,0.0654218070182617,55.51,6.159999999999997,44.0,-2.1300000000000026,40.64,-0.769999999999996,42.89,3.8200000000000003
2020-10-06,BRN0W.ICE,41.37,41.39,42.84,41.22,41.86,0.0079146593751914,0.007946063086925,0.0393387166678554,0.0289910208372139,0.025591756717309,False,46.6,-2.8399999999999963,0.0079146593751914,49.44,-6.07,49.35,5.350000000000001,46.13,5.490000000000002,41.28,-1.6099999999999994
2020-10-07,BRN0W.ICE,41.37,41.8,42.41,41.38,42.15,0.0069039674300108,0.0069278547539417,0.0389921302930835,0.0284226493755222,0.0256610056067557,False,45.5,-1.1000000000000014,0.0069039674300108,46.6,-2.8399999999999963,55.51,6.159999999999997,44.0,-2.1300000000000026,44.64,3.3599999999999994
2020-10-08,BRN0W.ICE,41.37,42.13,43.47,41.87,43.33,0.0276105513039535,0.0279952550415183,0.037410071059028,0.0295571020598254,0.0261735312728951,False,41.15,-4.350000000000001,0.0276105513039535,45.5,-1.1000000000000014,49.44,-6.07,49.35,5.350000000000001,42.88,-1.759999999999998
2020-10-09,BRN0W.ICE,42.12,43.37,43.56,42.64,42.82,-0.0118399525902812,-0.0117701361643203,0.0375982066936638,0.0281915511417358,0.0261905768514449,False,42.38,1.230000000000004,0.0118399525902812,41.15,-4.350000000000001,46.6,-2.8399999999999963,55.51,6.159999999999997,41.41,-1.470000000000006
2020-10-12,BRN0W.ICE,42.82,42.54,42.62,41.42,41.81,-0.023869737793063,-0.0235871088276505,0.036123507449211,0.0289628029592386,0.0264669658186475,False,44.04,1.6599999999999966,0.023869737793063,42.38,1.230000000000004,45.5,-1.1000000000000014,49.44,-6.07,40.64,-0.769999999999996
2020-10-13,BRN0W.ICE,41.81,41.81,42.67,41.67,42.47,0.0156623989567061,0.0157856972016263,0.0288864618193865,0.0292288218406913,0.0266530539307906,False,46.07,2.030000000000001,0.0156623989567061,44.04,1.6599999999999966,41.15,-4.350000000000001,46.6,-2.8399999999999963,46.13,5.490000000000002
2020-10-14,BRN0W.ICE,42.47,42.42,43.45,42.14,43.38,0.0212005610735485,0.0214268895691076,0.0182849000803167,0.0297224266844207,0.0264460277729013,False,43.53,-2.539999999999999,0.0212005610735485,46.07,2.030000000000001,42.38,1.230000000000004,45.5,-1.1000000000000014,44.0,-2.1300000000000026
2020-10-15,BRN0W.ICE,43.38,43.8,43.81,41.98,43.48,0.0023025568542801,0.0023052097740892,0.0183215201075828,0.0296911094452091,0.0264071266485971,False,43.83,0.29999999999999716,0.0023025568542801,43.53,-2.539999999999999,44.04,1.6599999999999966,41.15,-4.350000000000001,49.35,5.350000000000001
2020-10-16,BRN0W.ICE,43.48,43.53,43.54,42.63,43.16,-0.0073869218630748,-0.0073597056117755,0.0189157427394219,0.0295907486933975,0.025467495102856,False,44.06,0.23000000000000398,0.0073869218630748,43.83,0.29999999999999716,46.07,2.030000000000001,42.38,1.230000000000004,55.51,6.159999999999997
2020-10-19,BRN0W.ICE,43.16,43.13,43.55,42.75,42.86,-0.0069751503445028,-0.0069508804448562,0.0157916232115797,0.0279105697885726,0.0254635696052508,False,43.35,-0.7100000000000009,0.0069751503445028,44.06,0.23000000000000398,43.53,-2.539999999999999,44.04,1.6599999999999966,49.44,-6.07
2020-10-20,BRN0W.ICE,42.86,42.81,43.64,42.58,43.35,0.0113677131811198,0.0114325711619225,0.0157091643807668,0.0276845787169258,0.0232271408406685,False,43.85,0.5,0.0113677131811198,43.35,-0.7100000000000009,43.83,0.29999999999999716,46.07,2.030000000000001,46.6,-2.8399999999999963
2020-10-21,BRN0W.ICE,43.35,43.29,43.38,41.86,42.06,-0.0302095329519971,-0.029757785467128,0.0175121821333,0.0273159755689217,0.0237277763260184,False,47.58,3.729999999999997,0.0302095329519971,43.85,0.5,44.06,0.23000000000000398,43.53,-2.539999999999999,45.5,-1.1000000000000014
2020-10-22,BRN0W.ICE,42.06,41.95,43.09,41.81,42.67,0.0143989269253547,0.0145030908226342,0.0173397498119205,0.0237031176734748,0.0237721962191606,False,46.61,-0.9699999999999989,0.0143989269253547,47.58,3.729999999999997,43.35,-0.7100000000000009,43.83,0.29999999999999716,41.15,-4.350000000000001
2020-10-23,BRN0W.ICE,42.67,42.68,43.09,41.83,41.53,-0.0270800395572464,-0.0267166627607218,0.0174148998498859,0.0183311254036715,0.0243411908122681,False,46.32,-0.28999999999999915,0.0270800395572464,46.61,-0.9699999999999989,43.85,0.5,44.06,0.23000000000000398,42.38,1.230000000000004
2020-10-26,BRN0W.ICE,41.53,41.92,41.92,40.61,40.81,-0.0174889082249478,-0.0173368649169275,0.0174060778034668,0.0187401591321503,0.0245651370908702,False,53.05,6.729999999999997,0.0174889082249478,46.32,-0.28999999999999915,47.58,3.729999999999997,43.35,-0.7100000000000009,44.04,1.6599999999999966
2020-10-27,BRN0W.ICE,40.81,40.85,41.86,40.83,41.02,0.0051326032265202,0.0051457975986277,0.0182295730123753,0.0186826588403927,0.0242344089106243,False,50.22,-2.8299999999999983,0.0051326032265202,53.05,6.729999999999997,46.61,-0.9699999999999989,43.85,0.5,46.07,2.030000000000001
2020-10-28,BRN0W.ICE,41.02,41.01,41.09,39.31,39.54,-0.0367469349017637,-0.0360799609946368,0.0213556664512041,0.0187695415875578,0.0240231684234312,False,59.61,9.39,0.0367469349017637,50.22,-2.8299999999999983,46.32,-0.28999999999999915,47.58,3.729999999999997,43.53,-2.539999999999999
2020-10-29,BRN0W.ICE,39.54,39.75,39.96,37.27,38.11,-0.036836102856702,-0.0361659079413252,0.0205007765946998,0.0204282566783664,0.0243975580787032,False,63.38,3.770000000000003,0.036836102856702,59.61,9.39,53.05,6.729999999999997,46.61,-0.9699999999999989,43.83,0.29999999999999716
2020-10-30,BRN0W.ICE,38.11,39.75,39.96,37.27,37.86,-0.0065815691045921,-0.0065599580162687,0.0201756840060418,0.0199327269401235,0.0243951850382177,False,68.84,5.460000000000001,0.0065815691045921,63.38,3.770000000000003,50.22,-2.8299999999999983,46.32,-0.28999999999999915,44.06,0.23000000000000398
2020-11-02,BRN0W.ICE,37.86,37.04,39.34,35.81,39.24,0.0358014889159856,0.0364500792393027,0.0261235544509818,0.0222884212863578,0.0248357484059111,False,66.73,-2.1099999999999994,0.0358014889159856,68.84,5.460000000000001,59.61,9.39,53.05,6.729999999999997,43.35,-0.7100000000000009
2020-11-03,BRN0W.ICE,39.24,39.06,40.42,38.66,40.16,0.0231748406863113,0.0234454638124361,0.0281093984817086,0.0224768242552772,0.0252662086986281,False,63.63,-3.1000000000000014,0.0231748406863113,66.73,-2.1099999999999994,63.38,3.770000000000003,50.22,-2.8299999999999983,43.85,0.5
2020-11-04,BRN0W.ICE,40.16,40.01,41.32,39.43,41.2,0.0255667809720071,0.0258964143426296,0.0295422112765291,0.0239128666228615,0.0257296632694427,False,54.53,-9.100000000000001,0.0255667809720071,63.63,-3.1000000000000014,68.84,5.460000000000001,59.61,9.39,47.58,3.729999999999997
2020-11-05,BRN0W.ICE,41.2,40.94,41.51,40.37,40.8,-0.0097561749453647,-0.0097087378640777,0.0297603889509764,0.0239482008195408,0.0257834862063204,False,53.69,-0.8400000000000034,0.0097561749453647,54.53,-9.100000000000001,66.73,-2.1099999999999994,63.38,3.770000000000003,46.61,-0.9699999999999989
2020-11-06,BRN0W.ICE,40.8,40.28,40.64,39.37,40.09,-0.0175551547557002,-0.0174019607843135,0.0266107769527367,0.0242141990905521,0.0259108936055685,False,55.75,2.0600000000000023,0.0175551547557002,53.69,-0.8400000000000034,63.63,-3.1000000000000014,68.84,5.460000000000001,46.32,-0.28999999999999915
2020-11-09,BRN0W.ICE,40.09,39.62,43.44,39.47,42.02,0.0470187687624388,0.0481416812172612,0.0250572049063079,0.0276701522284629,0.0272757232066788,False,52.2,-3.549999999999997,0.0470187687624388,55.75,2.0600000000000023,54.53,-9.100000000000001,66.73,-2.1099999999999994,53.05,6.729999999999997
2020-11-10,BRN0W.ICE,42.02,41.78,44.05,41.78,44.05,0.047179656965334,0.0483103284150403,0.0259379345688319,0.0293300856977136,0.0278313139581131,False,49.64,-2.5600000000000023,0.047179656965334,52.2,-3.549999999999997,53.69,-0.8400000000000034,63.63,-3.1000000000000014,50.22,-2.8299999999999983
2020-11-11,BRN0W.ICE,44.05,43.66,45.3,43.6,43.77,-0.0063767011793844,-0.0063564131668557,0.0269762352262569,0.0292509126498673,0.0277071218730957,False,49.24,-0.3999999999999986,0.0063767011793844,49.64,-2.5600000000000023,55.75,2.0600000000000023,54.53,-9.100000000000001,59.61,9.39
2020-11-12,BRN0W.ICE,43.77,44.11,44.71,43.5,43.5,-0.0061877131081656,-0.0061686086360521,0.0278714326951793,0.0281763974770785,0.0269383486154187,False,50.9,1.6599999999999966,0.0061877131081656,49.24,-0.3999999999999986,52.2,-3.549999999999997,53.69,-0.8400000000000034,63.38,3.770000000000003
2020-11-13,BRN0W.ICE,43.5,43.36,43.54,42.8,42.8,-0.0162228355068873,-0.0160919540229885,0.0287947054607047,0.0281064509066359,0.025651199663425,False,48.24,-2.6599999999999966,0.0162228355068873,50.9,1.6599999999999966,49.64,-2.5600000000000023,55.75,2.0600000000000023,68.84,5.460000000000001
2020-11-16,BRN0W.ICE,42.8,43.01,44.78,42.9,44.02,0.0281059735105647,0.0285046728971964,0.0290190355652168,0.0288754521402065,0.0233287901492071,False,46.89,-1.3500000000000014,0.0281059735105647,48.24,-2.6599999999999966,49.24,-0.3999999999999986,52.2,-3.549999999999997,66.73,-2.1099999999999994
2020-11-17,BRN0W.ICE,44.02,44.11,44.42,43.28,43.99,-0.0006817407376872,-0.0006815084052703,0.0268887330655699,0.0263597166809255,0.0233056681000885,False,45.08,-1.8100000000000023,0.0006817407376872,46.89,-1.3500000000000014,50.9,1.6599999999999966,49.64,-2.5600000000000023,63.63,-3.1000000000000014
2020-11-18,BRN0W.ICE,43.99,43.84,45.04,43.69,44.31,0.0072480498507697,0.007274380541032,0.0223931886158573,0.0230684944678829,0.0233084251638424,False,46.06,0.980000000000004,0.0072480498507697,45.08,-1.8100000000000023,48.24,-2.6599999999999966,49.24,-0.3999999999999986,54.53,-9.100000000000001
2020-11-19,BRN0W.ICE,44.31,44.13,44.69,43.97,44.32,0.0002256572276302,0.0002256826901376,0.0140225521137933,0.022744165893291,0.0227877364731169,False,46.34,0.28000000000000114,0.0002256572276302,46.06,0.980000000000004,46.89,-1.3500000000000014,50.9,1.6599999999999966,53.69,-0.8400000000000034
2020-11-20,BRN0W.ICE,44.32,44.21,45.31,44.21,45.31,0.0220917162400185,0.0223375451263538,0.0156081783854732,0.0218848099887687,0.0229823958112368,False,43.94,-2.4000000000000057,0.0220917162400185,46.34,0.28000000000000114,45.08,-1.8100000000000023,48.24,-2.6599999999999966,55.75,2.0600000000000023
2020-11-23,BRN0W.ICE,45.31,45.2,46.1,45.03,45.81,0.0109746492196039,0.0110350915912602,0.0149008314451627,0.0215722449270147,0.0225116315516173,False,42.79,-1.1499999999999986,0.0109746492196039,43.94,-2.4000000000000057,46.06,0.980000000000004,46.89,-1.3500000000000014,52.2,-3.549999999999997
2020-11-24,BRN0W.ICE,45.81,45.97,48.0,45.93,47.84,0.0433597017437255,0.0443134686749617,0.0161302652684847,0.0230699725661551,0.0235890879429652,False,42.84,0.05000000000000426,0.0433597017437255,42.79,-1.1499999999999986,46.34,0.28000000000000114,45.08,-1.8100000000000023,49.64,-2.5600000000000023
2020-11-25,BRN0W.ICE,47.84,47.75,48.91,47.64,48.73,0.0184327472130383,0.0186036789297656,0.0153038164385816,0.0223692853145779,0.023524692734592,False,43.56,0.7199999999999989,0.0184327472130383,42.84,0.05000000000000426,43.94,-2.4000000000000057,46.06,0.980000000000004,49.24,-0.3999999999999986
2020-11-26,BRN0W.ICE,48.73,48.71,48.99,47.53,47.77,-0.0198970294535442,-0.01970038990355,0.0196043881467428,0.0226201775027925,0.023921712758339,False,43.56,0.0,0.0198970294535442,43.56,0.7199999999999989,42.79,-1.1499999999999986,46.34,0.28000000000000114,50.9,1.6599999999999966
2020-11-27,BRN0W.ICE,47.77,47.87,48.46,47.36,48.3,0.0110337332566563,0.0110948293908308,0.019510636907618,0.0203266484335701,0.023878653669307,False,46.21,2.6499999999999986,0.0110337332566563,43.56,0.0,42.84,0.05000000000000426,43.94,-2.4000000000000057,48.24,-2.6599999999999966
2020-11-30,BRN0W.ICE,48.3,47.97,48.24,47.08,47.76,-0.0112430915741803,-0.0111801242236024,0.0211111497970047,0.0179538400096669,0.0239573433094147,False,47.37,1.1599999999999966,0.0112430915741803,46.21,2.6499999999999986,43.56,0.7199999999999989,42.79,-1.1499999999999986,46.89,-1.3500000000000014
2020-12-01,BRN0W.ICE,47.76,47.82,48.29,46.98,47.25,-0.0107358151445948,-0.0106783919597989,0.0217886559448208,0.018216684851675,0.0240501881668918,False,47.81,0.44000000000000483,0.0107358151445948,47.37,1.1599999999999966,43.56,0.0,42.84,0.05000000000000426,45.08,-1.8100000000000023
2020-12-02,BRN0W.ICE,47.25,47.1,48.73,46.82,47.97,0.0151231615742208,0.0152380952380952,0.022002229193292,0.0180577960662827,0.0233128489056675,False,45.68,-2.1300000000000026,0.0151231615742208,47.81,0.44000000000000483,46.21,2.6499999999999986,43.56,0.7199999999999989,46.06,0.980000000000004
2020-12-03,BRN0W.ICE,47.97,47.97,48.91,47.69,48.82,0.0175642494508415,0.0177194079633105,0.01621489397599,0.0169405028753512,0.023366844890755,False,40.95,-4.729999999999997,0.0175642494508415,45.68,-2.1300000000000026,47.37,1.1599999999999966,43.56,0.0,46.34,0.28000000000000114
2020-12-04,BRN0W.ICE,48.82,48.87,49.87,48.87,49.03,0.0042922906983279,0.0043015157722245,0.014773598352005,0.0160920995427594,0.0225945944172811,False,38.34,-2.6099999999999994,0.0042922906983279,40.95,-4.729999999999997,47.81,0.44000000000000483,46.21,2.6499999999999986,43.94,-2.4000000000000057
2020-12-07,BRN0W.ICE,49.03,49.23,49.41,48.42,48.66,-0.0075750183077654,-0.0075464001631655,0.0124348071194311,0.0164692969670808,0.0223170520395771,False,37.68,-0.6600000000000037,0.0075750183077654,38.34,-2.6099999999999994,45.68,-2.1300000000000026,47.37,1.1599999999999966,42.79,-1.1499999999999986
2020-12-08,BRN0W.ICE,48.66,48.67,49.0,48.14,48.85,0.0038970411334153,0.0039046444718455,0.0119132568258209,0.0164929851548291,0.0223195889518347,False,37.7,0.020000000000003126,0.0038970411334153,37.68,-0.6600000000000037,40.95,-4.729999999999997,47.81,0.44000000000000483,42.84,0.05000000000000426
2020-12-09,BRN0W.ICE,48.85,48.79,49.53,48.48,48.98,0.0026576730352298,0.0026612077789149,0.0104851923042047,0.0164291984606133,0.0208383001375965,False,39.52,1.8200000000000003,0.0026576730352298,37.7,0.020000000000003126,38.34,-2.6099999999999994,45.68,-2.1300000000000026,43.56,0.7199999999999989
2020-12-10,BRN0W.ICE,48.98,49.03,51.04,48.88,50.43,0.0291741845646123,0.0296039199673336,0.0121129816592447,0.0170232728161707,0.0194755493617919,False,39.7,0.17999999999999972,0.0291741845646123,39.52,1.8200000000000003,37.68,-0.6600000000000037,40.95,-4.729999999999997,43.56,0.0
2020-12-11,BRN0W.ICE,50.43,50.53,50.74,49.83,50.07,-0.0071642097467805,-0.0071386079714456,0.0132083294199347,0.0174357992635395,0.0194922543519086,False,39.51,-0.19000000000000483,0.0071642097467805,39.7,0.17999999999999972,37.7,0.020000000000003126,38.34,-2.6099999999999994,46.21,2.6499999999999986
2020-12-14,BRN0W.ICE,50.07,49.97,50.69,49.17,50.31,0.0047818381613738,0.0047932893948472,0.0122083364729891,0.0138081296922044,0.0188511336002949,False,39.96,0.45000000000000284,0.0047818381613738,39.51,-0.19000000000000483,39.52,1.8200000000000003,37.68,-0.6600000000000037,47.37,1.1599999999999966
2020-12-15,BRN0W.ICE,50.31,50.26,50.81,49.81,50.64,0.0065379133326934,0.0065593321407273,0.0122377278441547,0.0131764753789837,0.018641502803051,False,39.34,-0.6199999999999974,0.0065379133326934,39.96,0.45000000000000284,39.7,0.17999999999999972,37.7,0.020000000000003126,47.81,0.44000000000000483
2020-12-16,BRN0W.ICE,50.64,50.61,51.16,50.36,51.12,0.0094340322333584,0.0094786729857818,0.0110442084802349,0.0115279376325814,0.01833943244218,False,38.68,-0.6600000000000037,0.0094340322333584,39.34,-0.6199999999999974,39.51,-0.19000000000000483,39.52,1.8200000000000003,45.68,-2.1300000000000026
2020-12-17,BRN0W.ICE,51.12,51.19,51.83,51.1,51.56,0.0085703680017072,0.0086071987480438,0.0109631178171324,0.0114446483974363,0.0180585255149181,False,36.86,-1.8200000000000003,0.0085703680017072,38.68,-0.6600000000000037,39.96,0.45000000000000284,39.7,0.17999999999999972,40.95,-4.729999999999997
2020-12-18,BRN0W.ICE,51.56,51.5,52.41,51.22,52.28,0.0138677106850345,0.0139643134212568,0.0109202346639979,0.0107033646268863,0.017437658139739,False,37.15,0.28999999999999915,0.0138677106850345,36.86,-1.8200000000000003,39.34,-0.6199999999999974,39.51,-0.19000000000000483,38.34,-2.6099999999999994
2020-12-21,BRN0W.ICE,52.28,51.89,51.89,49.31,50.86,-0.0275371287620477,-0.0271614384085693,0.0142577276835093,0.0133854592278222,0.0171201666583915,False,41.56,4.410000000000004,0.0275371287620477,37.15,0.28999999999999915,38.68,-0.6600000000000037,39.96,0.45000000000000284,37.68,-0.6600000000000037
2020-12-22,BRN0W.ICE,50.86,50.73,50.91,49.62,49.91,-0.0188553765124557,-0.0186787259142745,0.0159829653974686,0.0144938761694148,0.0158926318927278,False,42.06,0.5,0.0188553765124557,41.56,4.410000000000004,36.86,-1.8200000000000003,39.34,-0.6199999999999974,37.7,0.020000000000003126
2020-12-23,BRN0W.ICE,49.91,49.55,51.58,49.29,51.15,0.0245411089161176,0.0248447204968944,0.0185940172105187,0.015144721257853,0.0161853516119866,False,39.89,-2.1700000000000017,0.0245411089161176,42.06,0.5,37.15,0.28999999999999915,38.68,-0.6600000000000037,39.52,1.8200000000000003
2020-12-24,BRN0W.ICE,51.15,51.15,51.75,50.71,51.37,0.004291852081541,0.0043010752688172,0.0185292833693876,0.0151447191148798,0.0160437082609555,False,39.41,-0.480000000000004,0.004291852081541,39.89,-2.1700000000000017,41.56,4.410000000000004,36.86,-1.8200000000000003,39.7,0.17999999999999972
2020-12-28,BRN0W.ICE,51.37,51.03,52.04,50.61,50.95,-0.0082095848104425,-0.0081759781973913,0.0185565867325902,0.0151807741087021,0.0157325233478193,False,39.67,0.2600000000000051,0.0082095848104425,39.41,-0.480000000000004,42.06,0.5,37.15,0.28999999999999915,39.51,-0.19000000000000483
2020-12-29,BRN0W.ICE,50.95,51.16,51.69,50.96,51.29,0.0066510417324431,0.0066732090284591,0.0184142774250128,0.0152071380971253,0.0151613381617279,False,38.64,-1.0300000000000011,0.0066510417324431,39.67,0.2600000000000051,39.89,-2.1700000000000017,41.56,4.410000000000004,39.96,0.45000000000000284
2020-12-30,BRN0W.ICE,51.29,51.44,51.88,50.98,51.46,0.003309005452421,0.0033144862546305,0.0174230881005115,0.0152054199853285,0.0151263720223822,False,38.01,-0.6300000000000026,0.003309005452421,38.64,-1.0300000000000011,39.41,-0.480000000000004,42.06,0.5,39.34,-0.6199999999999974
2020-12-31,BRN0W.ICE,51.46,51.49,51.81,50.92,51.72,0.0050397470500585,0.0050524679362611,0.013441403026382,0.0133261411230171,0.0151215756277164,False,37.83,-0.17999999999999972,0.0050397470500585,38.01,-0.6300000000000026,39.67,0.2600000000000051,39.89,-2.1700000000000017,38.68,-0.6600000000000037
2021-01-04,BRN0W.ICE,51.72,51.42,53.27,50.58,50.67,-0.0205105344158382,-0.0203016241299303,0.0138847809618481,0.0144472765417596,0.0158127685176922,False,42.12,4.289999999999999,0.0205105344158382,37.83,-0.17999999999999972,38.64,-1.0300000000000011,39.41,-0.480000000000004,36.86,-1.8200000000000003
2021-01-05,BRN0W.ICE,50.67,50.93,53.84,50.72,53.57,0.0556551904050505,0.0572330767712649,0.0237322272754539,0.0205998648892383,0.0181217781384336,False,40.39,-1.7299999999999969,0.0556551904050505,42.12,4.289999999999999,38.01,-0.6300000000000026,39.67,0.2600000000000051,37.15,0.28999999999999915
2021-01-06,BRN0W.ICE,53.57,53.67,54.68,53.12,54.15,0.0107687635541306,0.0108269553854769,0.0237533168132219,0.0206632395653059,0.0181197043646202,False,39.31,-1.0799999999999983,0.0107687635541306,40.39,-1.7299999999999969,37.83,-0.17999999999999972,38.64,-1.0300000000000011,41.56,4.410000000000004
2021-01-07,BRN0W.ICE,54.15,54.25,54.89,53.95,54.52,0.0068096333813323,0.0068328716528163,0.0227519479812818,0.0206297145659867,0.0166616541452289,False,36.06,-3.25,0.0068096333813323,39.31,-1.0799999999999983,42.12,4.289999999999999,38.01,-0.6300000000000026,42.06,0.5
2021-01-08,BRN0W.ICE,54.52,54.5,56.36,54.4,56.36,0.0331920802021474,0.0337490829053557,0.024321456561374,0.021998385659866,0.0172973878876642,False,36.65,0.5899999999999963,0.0331920802021474,36.06,-3.25,40.39,-1.7299999999999969,37.83,-0.17999999999999972,39.89,-2.1700000000000017
2021-01-11,BRN0W.ICE,56.36,56.29,56.29,55.01,55.62,-0.0132168382246607,-0.0131298793470546,0.0262011543300707,0.0224729973872346,0.0170084284838968,False,35.31,-1.3399999999999963,0.0132168382246607,36.65,0.5899999999999963,39.31,-1.0799999999999983,42.12,4.289999999999999,39.41,-0.480000000000004
2021-01-12,BRN0W.ICE,55.62,55.7,56.79,55.52,56.78,0.0206413022390063,0.0208558072635742,0.0262626810332272,0.0208311920600879,0.0172137737570923,False,33.85,-1.4600000000000009,0.0206413022390063,35.31,-1.3399999999999963,36.06,-3.25,40.39,-1.7299999999999969,39.67,0.2600000000000051
2021-01-13,BRN0W.ICE,56.78,56.87,57.41,55.79,55.91,-0.0154408960062712,-0.015322296583304,0.0252231332393382,0.0205118279049171,0.0173700098536571,False,36.79,2.9399999999999977,0.0154408960062712,33.85,-1.4600000000000009,36.65,0.5899999999999963,39.31,-1.0799999999999983,38.64,-1.0300000000000011
2021-01-14,BRN0W.ICE,55.91,55.89,56.52,55.26,56.46,0.0097891677867894,0.0098372384188876,0.0173428676448441,0.0199746221355065,0.0171210098021004,False,37.95,1.1600000000000037,0.0097891677867894,36.79,2.9399999999999977,35.31,-1.3399999999999963,36.06,-3.25,38.01,-0.6300000000000026
2021-01-15,BRN0W.ICE,56.46,56.46,56.46,54.68,55.0,-0.0261992375928723,-0.0258590152320227,0.0213495795202279,0.0218713252749358,0.0179962555692638,False,40.39,2.4399999999999977,0.0261992375928723,37.95,1.1600000000000037,33.85,-1.4600000000000009,36.65,0.5899999999999963,37.83,-0.17999999999999972
2021-01-18,BRN0W.ICE,55.0,54.83,55.19,54.5,54.77,-0.0041905864368409,-0.0041818181818181,0.0213607210423931,0.0217121403483881,0.0178921249192486,False,40.39,0.0,0.0041905864368409,40.39,2.4399999999999977,36.79,2.9399999999999977,35.31,-1.3399999999999963,42.12,4.289999999999999
2021-01-19,BRN0W.ICE,54.77,55.02,55.99,54.89,55.92,0.0207794991299248,0.0209968961110096,0.0185381161170296,0.0221112435984411,0.0181579412314838,False,35.37,-5.020000000000003,0.0207794991299248,40.39,0.0,37.95,1.1600000000000037,33.85,-1.4600000000000009,40.39,-1.7299999999999969
2021-01-20,BRN0W.ICE,55.92,55.99,56.48,55.55,55.6,-0.0057388966690181,-0.005722460658083,0.017930316690388,0.0223325239185875,0.0181192984440234,False,35.67,0.30000000000000426,0.0057388966690181,35.37,-5.020000000000003,40.39,2.4399999999999977,36.79,2.9399999999999977,39.31,-1.0799999999999983
2021-01-21,BRN0W.ICE,55.6,55.8,56.11,55.41,56.06,0.0082393444801055,0.008273381294964,0.0160600640673841,0.0223435227092782,0.0181321162631748,False,35.05,-0.6200000000000045,0.0082393444801055,35.67,0.30000000000000426,40.39,0.0,37.95,1.1600000000000037,36.06,-3.25
2021-01-22,BRN0W.ICE,56.06,55.86,55.86,54.41,55.05,-0.0181806825679533,-0.018016410988227,0.0164752734596109,0.0221405949895654,0.0186017118889142,False,36.25,1.2000000000000028,0.0181806825679533,35.05,-0.6200000000000045,35.37,-5.020000000000003,40.39,2.4399999999999977,36.65,0.5899999999999963
2021-01-25,BRN0W.ICE,55.05,55.09,55.82,54.92,55.72,0.012097285742916,0.0121707538601272,0.0167759046182537,0.0171012808065891,0.0180546904057956,False,38.02,1.7700000000000031,0.012097285742916,36.25,1.2000000000000028,35.67,0.30000000000000426,40.39,0.0,35.31,-1.3399999999999963
2021-01-26,BRN0W.ICE,55.72,55.67,56.07,55.19,55.87,0.0026884145594525,0.0026920315865039,0.0129040807563495,0.0169477025660463,0.0179465946473142,False,37.13,-0.8900000000000006,0.0026884145594525,38.02,1.7700000000000031,35.05,-0.6200000000000045,35.37,-5.020000000000003,33.85,-1.4600000000000009
2021-01-27,BRN0W.ICE,55.87,55.78,56.14,54.95,55.3,-0.0102546549427682,-0.0102022552353677,0.0135930582624538,0.0172049529179492,0.0181230993309844,False,40.21,3.0799999999999983,0.0102546549427682,37.13,-0.8900000000000006,36.25,1.2000000000000028,35.67,0.30000000000000426,36.79,2.9399999999999977
2021-01-28,BRN0W.ICE,55.3,55.12,56.19,54.91,55.03,-0.0048944174566216,-0.004882459312839,0.0106244456377737,0.0145286281706246,0.0181695898488245,False,40.45,0.240000000000002,0.0048944174566216,40.21,3.0799999999999983,38.02,1.7700000000000031,35.05,-0.6200000000000045,37.95,1.1600000000000037
2021-01-29,BRN0W.ICE,55.03,55.13,55.99,54.92,54.91,-0.0021830097808862,-0.0021806287479557,0.0105166306421235,0.014150512626465,0.0181464718280224,False,40.2,-0.25,0.0021830097808862,40.45,0.240000000000002,37.13,-0.8900000000000006,36.25,1.2000000000000028,40.39,2.4399999999999977
2021-02-01,BRN0W.ICE,54.91,54.81,56.49,54.6,56.21,0.0233991957232023,0.0236751047168093,0.0139313210396708,0.0144888776555786,0.0185189339989097,False,39.16,-1.0400000000000063,0.0233991957232023,40.2,-0.25,40.21,3.0799999999999983,38.02,1.7700000000000031,40.39,0.0
2021-02-02,BRN0W.ICE,56.21,56.35,57.99,56.35,57.82,0.0282400595742162,0.0286425902864257,0.0146524887663732,0.0157255556634397,0.0189928691504257,False,38.62,-0.5399999999999991,0.0282400595742162,39.16,-1.0400000000000063,40.45,0.240000000000002,37.13,-0.8900000000000006,35.37,-5.020000000000003
2021-02-03,BRN0W.ICE,57.82,57.8,58.89,57.51,58.67,0.0145937863495685,0.0147007955724662,0.0148262111750613,0.0159500564286162,0.0181694740702349,False,37.11,-1.509999999999998,0.0145937863495685,38.62,-0.5399999999999991,40.2,-0.25,40.21,3.0799999999999983,35.67,0.30000000000000426
2021-02-04,BRN0W.ICE,58.67,58.52,59.11,58.06,59.11,0.0074715918985094,0.0074995738878471,0.014684031934208,0.013618455816407,0.0176168376370045,False,35.37,-1.740000000000002,0.0074715918985094,37.11,-1.509999999999998,39.16,-1.0400000000000063,40.45,0.240000000000002,35.05,-0.6200000000000045
2021-02-05,BRN0W.ICE,59.11,59.16,59.77,59.08,59.62,0.0085909734136472,0.0086279817289798,0.0123024305202774,0.0133704478088435,0.017263864557257,False,34.94,-0.4299999999999997,0.0085909734136472,35.37,-1.740000000000002,38.62,-0.5399999999999991,40.2,-0.25,36.25,1.2000000000000028
2021-02-08,BRN0W.ICE,59.62,59.59,60.7,59.59,60.66,0.0172934140105095,0.0174438108017442,0.0102959572832382,0.0131050708831301,0.0174052934664722,False,34.48,-0.46000000000000085,0.0172934140105095,34.94,-0.4299999999999997,37.11,-1.509999999999998,39.16,-1.0400000000000063,38.02,1.7700000000000031
2021-02-09,BRN0W.ICE,60.66,60.86,61.32,60.07,61.29,0.0103321952372054,0.0103857566765579,0.0078246576955593,0.0127135019204115,0.0172284846661463,False,33.54,-0.9399999999999977,0.0103321952372054,34.48,-0.46000000000000085,35.37,-1.740000000000002,38.62,-0.5399999999999991,37.13,-0.8900000000000006
2021-02-10,BRN0W.ICE,61.29,61.2,61.66,60.87,61.1,-0.0031048313200907,-0.0031000163158753,0.009673885935479,0.0129842866728509,0.0173107550685253,False,33.77,0.23000000000000398,0.0031048313200907,33.54,-0.9399999999999977,34.94,-0.4299999999999997,37.11,-1.509999999999998,40.21,3.0799999999999983
2021-02-11,BRN0W.ICE,61.29,60.65,61.1,60.33,60.45,-0.0106952891167479,-0.0106382978723403,0.0099145659196584,0.0120239599071447,0.0175680997885733,False,34.33,0.5599999999999952,0.0106952891167479,33.77,0.23000000000000398,34.48,-0.46000000000000085,35.37,-1.740000000000002,40.45,0.240000000000002
2021-02-12,BRN0W.ICE,61.29,60.37,62.26,59.93,62.11,0.0270904295104097,0.0274607113316789,0.0124470477105019,0.0131574713245844,0.0180096676288425,False,34.25,-0.0799999999999983,0.0270904295104097,34.33,0.5599999999999952,33.54,-0.9399999999999977,34.94,-0.4299999999999997,40.2,-0.25
2021-02-15,BRN0W.ICE,61.29,62.7,63.16,62.4,62.73,0.0099327955374401,0.009982289486395,0.0124597821845972,0.013085146444653,0.0173022278137446,False,34.25,0.0,0.0099327955374401,34.25,-0.0799999999999983,33.77,0.23000000000000398,34.48,-0.46000000000000085,39.16,-1.0400000000000063
2021-02-16,BRN0W.ICE,61.29,62.75,63.08,62.15,62.96,0.003659802000496,0.0036665072533079,0.0125919122143312,0.0120577817585604,0.0146775806710784,False,35.13,0.8800000000000026,0.003659802000496,34.25,0.0,34.33,0.5599999999999952,33.54,-0.9399999999999977,38.62,-0.5399999999999991
2021-02-17,BRN0W.ICE,61.29,62.53,64.11,62.17,64.03,0.016852119421563,0.016994917407878,0.0125373716071554,0.0114801343609106,0.014796087859689,False,36.9,1.769999999999996,0.016852119421563,35.13,0.8800000000000026,34.25,-0.0799999999999983,33.77,0.23000000000000398,37.11,-1.509999999999998
2021-02-18,BRN0W.ICE,61.1,64.24,64.63,62.47,62.75,-0.0201931455188175,-0.0199906293924723,0.016240678789386,0.0138199017474923,0.0155226076262604,False,37.9,1.0,0.0201931455188175,36.9,1.769999999999996,34.25,0.0,34.33,0.5599999999999952,35.37,-1.740000000000002
2021-02-19,BRN0W.ICE,62.75,62.39,63.1,61.41,62.04,-0.0113792397035552,-0.0113147410358566,0.0170698560964844,0.0142546242075699,0.0148171579375297,False,37.76,-0.14000000000000057,0.0113792397035552,37.9,1.0,35.13,0.8800000000000026,34.25,-0.0799999999999983,34.94,-0.4299999999999997
2021-02-22,BRN0W.ICE,62.04,62.19,64.97,62.19,64.94,0.0456844283663618,0.0467440361057382,0.0224385297282133,0.0167869650877538,0.0163860627435199,False,38.57,0.8100000000000023,0.0456844283663618,37.76,-0.14000000000000057,36.9,1.769999999999996,34.25,0.0,34.48,-0.46000000000000085
2021-02-23,BRN0W.ICE,64.94,64.56,65.78,63.63,64.22,-0.0111490780133319,-0.0110871573760393,0.0223055622097138,0.0174410812357174,0.016378573556419,False,39.75,1.1799999999999997,0.0111490780133319,38.57,0.8100000000000023,37.9,1.0,35.13,0.8800000000000026,33.54,-0.9399999999999977
2021-02-24,BRN0W.ICE,64.22,64.12,66.47,63.93,66.45,0.0341350964978865,0.0347243849268141,0.0249569029511283,0.0189509451597501,0.0168332342480461,False,39.58,-0.1700000000000017,0.0341350964978865,39.75,1.1799999999999997,37.76,-0.14000000000000057,36.9,1.769999999999996,33.77,0.23000000000000398
2021-02-25,BRN0W.ICE,66.45,66.41,66.8,65.67,66.05,-0.0060377541909201,-0.0060195635816404,0.0255157775563284,0.0193366425517312,0.0169501093019818,False,40.58,1.0,0.0060377541909201,39.58,-0.1700000000000017,38.57,0.8100000000000023,37.9,1.0,34.33,0.5599999999999952
2021-02-26,BRN0W.ICE,66.05,65.9,65.99,64.25,64.63,-0.0217333316935303,-0.0214988644965935,0.0271114633083727,0.020561877727097,0.0166820629421417,False,42.49,1.9100000000000037,0.0217333316935303,40.58,1.0,39.75,1.1799999999999997,37.76,-0.14000000000000057,34.25,-0.0799999999999983
2021-03-01,BRN0W.ICE,64.63,64.95,65.9,63.2,63.31,-0.0206354047187688,-0.0204239517252049,0.027170437583668,0.0215322640411143,0.0172672467689111,False,42.56,0.07000000000000028,0.0206354047187688,42.49,1.9100000000000037,39.58,-0.1700000000000017,38.57,0.8100000000000023,34.25,0.0
2021-03-02,BRN0W.ICE,63.31,63.1,64.1,62.38,62.62,-0.0109585786577756,-0.0108987521718528,0.0271382457596411,0.0217851842053623,0.017228578734716,False,40.96,-1.6000000000000014,0.0109585786577756,42.56,0.07000000000000028,40.58,1.0,39.75,1.1799999999999997,35.13,0.8800000000000026
2021-03-03,BRN0W.ICE,62.62,62.38,64.7,62.38,63.99,0.0216421052531093,0.021877994251038,0.0215312356950591,0.0220759283981712,0.0174314241772636,False,39.83,-1.1300000000000026,0.0216421052531093,40.96,-1.6000000000000014,42.49,1.9100000000000037,39.58,-0.1700000000000017,36.9,1.769999999999996
2021-03-04,BRN0W.ICE,63.99,64.1,67.75,63.33,67.26,0.0498388851607547,0.0511017346460385,0.0284798430421469,0.0245945891870425,0.0192804667380537,False,37.27,-2.559999999999995,0.0498388851607547,39.83,-1.1300000000000026,42.56,0.07000000000000028,40.58,1.0,37.9,1.0
2021-03-05,BRN0W.ICE,67.26,67.16,69.69,66.67,69.69,0.0354911291383038,0.0361284567350579,0.0287020385645963,0.0258502658570873,0.0194419438329406,False,36.61,-0.6600000000000037,0.0354911291383038,37.27,-2.559999999999995,40.96,-1.6000000000000014,42.49,1.9100000000000037,37.76,-0.14000000000000057
2021-03-08,BRN0W.ICE,69.69,69.97,71.38,67.8,68.12,-0.0227859796559398,-0.0225283397905007,0.0305868333275555,0.0270902038817412,0.0202078689953589,False,38.89,2.280000000000001,0.0227859796559398,36.61,-0.6600000000000037,39.83,-1.1300000000000026,42.56,0.07000000000000028,38.57,0.8100000000000023
2021-03-09,BRN0W.ICE,68.12,68.13,69.33,67.12,67.3,-0.0121106191438055,-0.0120375807398709,0.0294097091169676,0.0272722790353179,0.0204878096028919,False,37.97,-0.9200000000000017,0.0121106191438055,38.89,2.280000000000001,37.27,-2.559999999999995,40.96,-1.6000000000000014,39.75,1.1799999999999997
2021-03-10,BRN0W.ICE,67.3,67.46,68.42,66.5,68.18,0.012991030059075,0.0130757800891532,0.0270248974557201,0.0264797875429967,0.0202824067467243,False,37.56,-0.4099999999999966,0.012991030059075,37.97,-0.9200000000000017,36.61,-0.6600000000000037,39.83,-1.1300000000000026,39.58,-0.1700000000000017
2021-03-11,BRN0W.ICE,68.18,68.45,69.84,67.99,69.62,0.0209006156735358,0.021120563215019,0.0254271422536558,0.0262613149768121,0.0203084356428208,False,37.86,0.29999999999999716,0.0209006156735358,37.56,-0.4099999999999966,38.89,2.280000000000001,37.27,-2.559999999999995,40.58,1.0
2021-03-12,BRN0W.ICE,69.62,69.59,69.9,69.03,69.23,-0.0056175876933588,-0.0056018385521402,0.0263362287307561,0.0241260321781433,0.0203764492418518,False,37.51,-0.3500000000000014,0.0056175876933588,37.86,0.29999999999999716,37.97,-0.9200000000000017,36.61,-0.6600000000000037,42.49,1.9100000000000037
2021-03-15,BRN0W.ICE,69.23,69.08,70.03,67.82,68.79,-0.0063759091520111,-0.006355626173624,0.0205386868489162,0.0239196622977858,0.0203116850636758,False,39.38,1.8700000000000045,0.0063759091520111,37.51,-0.3500000000000014,37.56,-0.4099999999999966,38.89,2.280000000000001,42.56,0.07000000000000028
2021-03-16,BRN0W.ICE,68.79,68.3,68.39,66.88,67.95,-0.0122862449407701,-0.0122110771914523,0.0152932504639503,0.0227455116719235,0.0201791399135729,False,39.1,-0.28000000000000114,0.0122862449407701,39.38,1.8700000000000045,37.86,0.29999999999999716,37.97,-0.9200000000000017,40.96,-1.6000000000000014
2021-03-17,BRN0W.ICE,67.95,67.95,68.37,66.58,67.33,-0.0091662380399633,-0.0091243561442238,0.013165689016654,0.0228414277913005,0.020271156180126,False,37.4,-1.7000000000000028,0.0091662380399633,39.1,-0.28000000000000114,37.51,-0.3500000000000014,37.56,-0.4099999999999966,39.83,-1.1300000000000026
2021-03-18,BRN0W.ICE,67.33,67.49,67.76,61.25,62.69,-0.0714039572713124,-0.0689143026882519,0.0296985183100869,0.0295721510813404,0.0245483014571389,False,48.44,11.04,0.0714039572713124,37.4,-1.7000000000000028,39.38,1.8700000000000045,37.86,0.29999999999999716,37.27,-2.559999999999995
2021-03-19,BRN0W.ICE,62.69,62.79,64.75,61.98,64.36,0.0262903768383053,0.0266390173871431,0.0317773235114033,0.0299756827817634,0.0249229896648949,False,44.38,-4.059999999999995,0.0262903768383053,48.44,11.04,39.1,-0.28000000000000114,37.51,-0.3500000000000014,36.61,-0.6600000000000037
2021-03-22,BRN0W.ICE,64.36,64.38,64.97,63.3,64.23,-0.0020219308544812,-0.0020198881292727,0.0293636771991701,0.0297920144000941,0.0247780539717967,False,40.28,-4.100000000000001,0.0020219308544812,44.38,-4.059999999999995,37.4,-1.7000000000000028,39.38,1.8700000000000045,38.89,2.280000000000001
2021-03-23,BRN0W.ICE,64.23,64.29,64.29,60.33,60.44,-0.0608192538651623,-0.0590066946909544,0.0344831753233003,0.0334919936257282,0.0272278638236935,False,48.62,8.339999999999996,0.0608192538651623,40.28,-4.100000000000001,48.44,11.04,39.1,-0.28000000000000114,37.97,-0.9200000000000017
2021-03-24,BRN0W.ICE,60.44,60.55,64.39,60.54,64.1,0.0587932265220853,0.060555923229649,0.0455925063291422,0.0346657555137909,0.0292882588428174,False,64.91,16.29,0.0587932265220853,48.62,8.339999999999996,44.38,-4.059999999999995,37.4,-1.7000000000000028,37.56,-0.4099999999999966
2021-03-25,BRN0W.ICE,64.1,63.75,64.03,60.85,61.7,-0.038160433015282,-0.0374414976599062,0.0468324398847823,0.0338834021323154,0.0301036776915372,False,49.88,-15.029999999999994,0.038160433015282,64.91,16.29,40.28,-4.100000000000001,48.44,11.04,37.86,0.29999999999999716
2021-03-26,BRN0W.ICE,61.7,61.7,64.75,61.7,64.22,0.0400307577500257,0.0408427876823338,0.0511348029590782,0.0359693031127641,0.030583995371033,False,44.93,-4.950000000000003,0.0400307577500257,49.88,-15.029999999999994,48.62,8.339999999999996,44.38,-4.059999999999995,37.51,-0.3500000000000014
2021-03-29,BRN0W.ICE,64.22,64.43,65.34,63.01,65.19,0.0149913942750799,0.0151043288695109,0.0426533931945508,0.0362397472662648,0.0306481728674755,False,44.16,-0.7700000000000031,0.0149913942750799,44.93,-4.950000000000003,64.91,16.29,40.28,-4.100000000000001,39.38,1.8700000000000045
2021-03-30,BRN0W.ICE,65.19,65.39,65.39,63.5,64.02,-0.0181105483947309,-0.0179475379659457,0.0423617740722642,0.0361851559953518,0.0308470265364412,False,41.46,-2.6999999999999957,0.0181105483947309,44.16,-0.7700000000000031,49.88,-15.029999999999994,48.62,8.339999999999996,39.1,-0.28000000000000114
2021-03-31,BRN0W.ICE,64.02,63.95,64.83,62.53,63.07,-0.014950313866157,-0.014839112777257,0.0427065570923928,0.0355118504849511,0.0308141454395403,False,45.65,4.189999999999998,0.014950313866157,41.46,-2.6999999999999957,44.93,-4.950000000000003,64.91,16.29,37.4,-1.7000000000000028
2021-04-01,BRN0W.ICE,63.07,63.12,65.17,62.38,64.65,0.0247428845423067,0.0250515300459808,0.03477553575535,0.0365192765360081,0.0309160315979926,False,40.15,-5.5,0.0247428845423067,45.65,4.189999999999998,44.16,-0.7700000000000031,49.88,-15.029999999999994,48.44,11.04
2021-04-05,BRN0W.ICE,64.65,64.57,64.81,61.25,62.3,-0.0370266794244591,-0.0363495746326374,0.0308280566618229,0.0375203144911799,0.0316166663841568,False,42.0,1.8500000000000014,0.0370266794244591,40.15,-5.5,41.46,-2.6999999999999957,44.93,-4.950000000000003,44.38,-4.059999999999995
2021-04-06,BRN0W.ICE,64.65,62.32,64.28,62.08,62.65,0.0056022555486699,0.00561797752809,0.0269565234544787,0.0376337417155238,0.0304510545278385,False,42.41,0.4099999999999966,0.0056022555486699,42.0,1.8500000000000014,45.65,4.189999999999998,44.16,-0.7700000000000031,40.28,-4.100000000000001
2021-04-07,BRN0W.ICE,62.65,62.6,63.55,61.6,62.9,0.0039824823643175,0.0039904229848364,0.0213894744510029,0.0377072863705789,0.0304058047859184,False,41.27,-1.1399999999999935,0.0039824823643175,42.41,0.4099999999999966,40.15,-5.5,41.46,-2.6999999999999957,48.62,8.339999999999996
2021-04-08,BRN0W.ICE,62.9,63.02,63.43,62.38,63.37,0.0074443996290306,0.0074721780604132,0.0205053461027877,0.0325379768351464,0.0297346823572488,False,40.7,-0.5700000000000003,0.0074443996290306,41.27,-1.1399999999999935,42.0,1.8500000000000014,45.65,4.189999999999998,64.91,16.29
2021-04-09,BRN0W.ICE,63.37,63.28,63.49,62.57,63.05,-0.005062500924497,-0.0050497080637526,0.0195860973540238,0.0317149706362744,0.0297301757179727,False,39.19,-1.5100000000000051,0.005062500924497,40.7,-0.5700000000000003,42.41,0.4099999999999966,40.15,-5.5,49.88,-15.029999999999994
2021-04-12,BRN0W.ICE,63.05,63.03,64.31,62.41,63.2,0.0023762387418831,0.0023790642347343,0.0187817268562139,0.0317308501184897,0.0294906554986916,False,37.04,-2.1499999999999986,0.0023762387418831,39.19,-1.5100000000000051,41.27,-1.1399999999999935,42.0,1.8500000000000014,44.93,-4.950000000000003
2021-04-13,BRN0W.ICE,63.2,63.24,64.19,63.18,63.96,0.0119535868129418,0.0120253164556962,0.0164891628488434,0.0267793012141528,0.0293325414166037,False,35.2,-1.8399999999999963,0.0119535868129418,37.04,-2.1499999999999986,40.7,-0.5700000000000003,42.41,0.4099999999999966,44.16,-0.7700000000000031
2021-04-14,BRN0W.ICE,63.96,64.01,66.9,63.88,66.28,0.0356303045926087,0.0362726704190119,0.012900261232661,0.0236717390042898,0.0299406845704327,False,35.7,0.5,0.0356303045926087,35.2,-1.8399999999999963,39.19,-1.5100000000000051,41.27,-1.1399999999999935,41.46,-2.6999999999999957
2021-04-15,BRN0W.ICE,66.28,66.38,67.03,65.95,66.84,0.0084135111688309,0.0084490042245022,0.0128259681662699,0.0206093343331955,0.0297365221782943,False,34.2,-1.5,0.0084135111688309,35.7,0.5,37.04,-2.1499999999999986,40.7,-0.5700000000000003,45.65,4.189999999999998
2021-04-16,BRN0W.ICE,66.84,66.86,67.38,66.44,66.72,-0.0017969456767017,-0.0017953321364453,0.013394834581957,0.0181354239076195,0.0282988989122527,False,32.79,-1.4100000000000037,0.0017969456767017,34.2,-1.5,35.2,-1.8399999999999963,39.19,-1.5100000000000051,40.15,-5.5
2021-04-19,BRN0W.ICE,66.72,66.29,66.72,65.71,66.58,-0.0021005259036124,-0.0020983213429256,0.0139838886634248,0.0178188949366202,0.0274813344979807,False,35.07,2.280000000000001,0.0021005259036124,32.79,-1.4100000000000037,35.7,0.5,37.04,-2.1499999999999986,42.0,1.8500000000000014
2021-04-20,BRN0W.ICE,66.58,66.6,67.41,64.91,65.66,-0.0139143200734322,-0.013817963352358,0.0155726918339945,0.017495890282804,0.0272917023352863,False,35.68,0.6099999999999994,0.0139143200734322,35.07,2.280000000000001,34.2,-1.5,35.2,-1.8399999999999963,42.41,0.4099999999999966
2021-04-21,BRN0W.ICE,65.66,65.58,65.86,64.31,64.35,-0.0201529780313109,-0.0199512640877246,0.0184577552355589,0.0179290852330938,0.027441393693456,False,42.44,6.759999999999998,0.0201529780313109,35.68,0.6099999999999994,32.79,-1.4100000000000037,35.7,0.5,41.27,-1.1399999999999935
2021-04-22,BRN0W.ICE,64.35,64.48,65.21,63.98,65.1,0.0115876151723878,0.0116550116550115,0.0184272595908291,0.0169304847715603,0.0274170341875543,False,39.39,-3.049999999999997,0.0115876151723878,42.44,6.759999999999998,35.07,2.280000000000001,34.2,-1.5,40.7,-0.5700000000000003
2021-04-23,BRN0W.ICE,65.1,65.06,65.63,64.49,65.41,0.0047506027585977,0.0047619047619047,0.0116195211972032,0.0130439055107954,0.0271181239393862,False,38.7,-0.6899999999999977,0.0047506027585977,39.39,-3.049999999999997,35.68,0.6099999999999994,32.79,-1.4100000000000037,39.19,-1.5100000000000051
2021-04-26,BRN0W.ICE,65.41,65.37,65.57,63.93,65.17,-0.0036759116288322,-0.0036691637364316,0.0106949068217221,0.0131629170981262,0.0271117040883622,False,41.23,2.529999999999994,0.0036759116288322,38.7,-0.6899999999999977,42.44,6.759999999999998,35.07,2.280000000000001,37.04,-2.1499999999999986
2021-04-27,BRN0W.ICE,65.17,65.3,66.22,65.08,66.09,0.0140182091380724,0.0141169249654748,0.0126370366345796,0.0135002258527165,0.0272538845083554,False,38.44,-2.789999999999999,0.0140182091380724,41.23,2.529999999999994,39.39,-3.049999999999997,35.68,0.6099999999999994,35.2,-1.8399999999999963
2021-04-28,BRN0W.ICE,66.09,66.05,67.37,65.54,66.52,0.0064852048423652,0.0065062793160839,0.0129650565869177,0.0134812727530884,0.0272092284804984,False,36.42,-2.019999999999996,0.0064852048423652,38.44,-2.789999999999999,38.7,-0.6899999999999977,42.44,6.759999999999998,35.7,0.5
2021-04-29,BRN0W.ICE,66.52,66.67,68.44,66.64,68.02,0.0222991252543225,0.0225496091401082,0.0137488326089141,0.0141181920584883,0.027477117057854,False,36.37,-0.05000000000000426,0.0222991252543225,36.42,-2.019999999999996,41.23,2.529999999999994,39.39,-3.049999999999997,34.2,-1.5
2021-04-30,BRN0W.ICE,68.02,67.9,67.97,66.25,66.44,-0.0235024948339552,-0.0232284622169949,0.0147907516342339,0.0161020547229304,0.0243817089514968,False,38.39,2.020000000000003,0.0235024948339552,36.37,-0.05000000000000426,38.44,-2.789999999999999,38.7,-0.6899999999999977,32.79,-1.4100000000000037
2021-05-03,BRN0W.ICE,68.02,66.7,67.82,66.1,67.66,0.0181958786074683,0.0183624322697171,0.0155071456815337,0.0164350125714221,0.0241465622015964,False,40.15,1.759999999999998,0.0181958786074683,38.39,2.020000000000003,36.42,-2.019999999999996,41.23,2.529999999999994,35.07,2.280000000000001
2021-05-04,BRN0W.ICE,68.02,67.75,69.5,67.37,69.49,0.0266876939736734,0.0270469997044042,0.0174260131024967,0.0152423285773608,0.0245606942676572,False,37.15,-3.0,0.0266876939736734,40.15,1.759999999999998,36.37,-0.05000000000000426,38.44,-2.789999999999999,35.68,0.6099999999999994
2021-05-05,BRN0W.ICE,68.02,69.35,69.95,68.35,68.55,-0.0136194513179125,-0.0135271262052093,0.0189374010287011,0.0158093492531914,0.0217018747233898,False,38.33,1.1799999999999997,0.0136194513179125,37.15,-3.0,38.39,2.020000000000003,36.42,-2.019999999999996,42.44,6.759999999999998
2021-05-06,BRN0W.ICE,66.44,68.47,69.37,67.93,68.28,-0.0039465080820834,-0.0039387308533915,0.0190798576196364,0.015857381318963,0.0191298095126459,False,37.74,-0.5899999999999963,0.0039465080820834,38.33,1.1799999999999997,40.15,1.759999999999998,36.37,-0.05000000000000426,39.39,-3.049999999999997
2021-05-07,BRN0W.ICE,68.28,68.26,68.65,67.39,68.27,-0.000146466496051,-0.0001464557703574,0.0191385077975757,0.0158303986274101,0.0175657159462149,False,37.63,-0.10999999999999943,0.000146466496051,37.74,-0.5899999999999963,37.15,-3.0,38.39,2.020000000000003,38.7,-0.6899999999999977
2021-05-10,BRN0W.ICE,68.27,68.74,69.2,67.41,68.22,-0.0007326544396891,-0.0007323861139592,0.0173016446542005,0.0152040861077352,0.0161520192862492,False,37.99,0.35999999999999943,0.0007326544396891,37.63,-0.10999999999999943,38.33,1.1799999999999997,40.15,1.759999999999998,41.23,2.529999999999994
2021-05-11,BRN0W.ICE,68.22,68.29,68.75,67.13,68.65,0.0062833552234803,0.006303136909997,0.0137323600529682,0.013711605083914,0.0159881775757448,False,37.93,-0.060000000000002274,0.0062833552234803,37.99,0.35999999999999943,37.74,-0.5899999999999963,37.15,-3.0,38.44,-2.789999999999999
2021-05-12,BRN0W.ICE,68.65,68.78,69.9,68.18,69.0,0.0050853723832792,0.0050983248361251,0.0124113769088,0.0135668100426227,0.0155508010537309,False,36.94,-0.990000000000002,0.0050853723832792,37.93,-0.060000000000002274,37.63,-0.10999999999999943,38.33,1.1799999999999997,36.42,-2.019999999999996
2021-05-13,BRN0W.ICE,69.0,68.88,69.04,66.48,67.05,-0.0286678948695719,-0.0282608695652174,0.0122901774560095,0.0161484268599127,0.0162667053509077,False,37.94,1.0,0.0286678948695719,36.94,-0.990000000000002,37.99,0.35999999999999943,37.74,-0.5899999999999963,36.37,-0.05000000000000426
2021-05-14,BRN0W.ICE,67.05,67.0,68.89,66.5,68.83,0.0262010866825853,0.0265473527218493,0.0162657417648737,0.017306208253489,0.0163389024803299,False,36.46,-1.4799999999999969,0.0262010866825853,37.94,1.0,37.93,-0.060000000000002274,37.63,-0.10999999999999943,38.39,2.020000000000003
2021-05-17,BRN0W.ICE,68.83,68.92,69.62,68.18,69.6,0.0111248709301011,0.0111869824204562,0.0165611569402765,0.0171930270784496,0.0146407747200276,False,36.42,-0.03999999999999915,0.0111248709301011,36.46,-1.4799999999999969,36.94,-0.990000000000002,37.99,0.35999999999999943,40.15,1.759999999999998
2021-05-18,BRN0W.ICE,69.6,69.61,70.24,67.28,68.59,-0.0146178158291438,-0.0145114942528734,0.0178350908064854,0.0178425121279981,0.0150106241753844,False,37.01,0.5899999999999963,0.0146178158291438,36.42,-0.03999999999999915,37.94,1.0,37.93,-0.060000000000002274,37.15,-3.0
2021-05-19,BRN0W.ICE,68.59,68.23,68.25,65.21,66.56,-0.0300429549982769,-0.029596151042426,0.0213190787592498,0.0187645190582921,0.0161755983856738,False,38.82,1.8100000000000023,0.0300429549982769,37.01,0.5899999999999963,36.46,-1.4799999999999969,36.94,-0.990000000000002,38.33,1.1799999999999997
2021-05-20,BRN0W.ICE,66.56,66.46,67.02,64.76,64.99,-0.0238703846066957,-0.0235877403846155,0.0220424226590189,0.0187978543365695,0.0168027205998708,False,39.43,0.6099999999999994,0.0238703846066957,38.82,1.8100000000000023,36.42,-0.03999999999999915,37.94,1.0,37.74,-0.5899999999999963
2021-05-21,BRN0W.ICE,64.99,65.09,66.84,64.5,66.66,0.0253716609733361,0.0256962609632251,0.0251390605500988,0.0194644536729655,0.0173439967709581,False,39.34,-0.0899999999999963,0.0253716609733361,39.43,0.6099999999999994,37.01,0.5899999999999963,36.46,-1.4799999999999969,37.63,-0.10999999999999943
2021-05-24,BRN0W.ICE,66.66,66.66,68.55,66.39,68.37,0.0253290590461091,0.0256525652565258,0.024924220387339,0.0193182870386779,0.0178661400589622,False,35.54,-3.8000000000000043,0.0253290590461091,39.34,-0.0899999999999963,38.82,1.8100000000000023,36.42,-0.03999999999999915,37.99,0.35999999999999943
2021-05-25,BRN0W.ICE,68.37,68.48,68.78,67.75,68.45,0.0011694198087553,0.0011701038467164,0.0227012820509506,0.0189860987476447,0.0177801739991424,False,36.23,0.6899999999999977,0.0011694198087553,35.54,-3.8000000000000043,39.43,0.6099999999999994,37.01,0.5899999999999963,37.93,-0.060000000000002274
2021-05-26,BRN0W.ICE,68.45,68.39,68.95,67.88,68.69,0.0035000764913322,0.0035062089116142,0.0222119003597902,0.018974482991948,0.0166314509814955,False,33.89,-2.3399999999999963,0.0035000764913322,36.23,0.6899999999999977,39.34,-0.0899999999999963,38.82,1.8100000000000023,36.94,-0.990000000000002
2021-05-27,BRN0W.ICE,68.69,68.66,69.26,67.96,69.21,0.0075417326279816,0.0075702431212694,0.0216663516975906,0.0190676165294878,0.0166191524830136,False,33.63,-0.259999999999998,0.0075417326279816,33.89,-2.3399999999999963,35.54,-3.8000000000000043,39.43,0.6099999999999994,37.94,1.0
2021-05-28,BRN0W.ICE,69.21,69.47,69.74,68.57,69.02,-0.0027490431839146,-0.0027452680248518,0.0170536743416051,0.0190891253386729,0.0166259044804193,False,33.54,-0.09000000000000341,0.0027490431839146,33.63,-0.259999999999998,36.23,0.6899999999999977,39.34,-0.0899999999999963,36.46,-1.4799999999999969
2021-05-31,BRN0W.ICE,69.02,68.98,69.82,68.75,69.46,0.0063547296460705,0.0063749637786147,0.0113404359995673,0.0190907024856801,0.0166409170721407,False,33.54,0.0,0.0063547296460705,33.54,-0.09000000000000341,33.89,-2.3399999999999963,35.54,-3.8000000000000043,36.42,-0.03999999999999915
2021-06-01,BRN0W.ICE,69.46,69.39,71.34,69.29,70.63,0.0167039361049028,0.0168442268931758,0.0096689442725913,0.0195368743643283,0.0166074436896956,False,33.43,-0.10999999999999943,0.0167039361049028,33.54,0.0,33.63,-0.259999999999998,36.23,0.6899999999999977,37.01,0.5899999999999963
2021-06-02,BRN0W.ICE,70.63,70.55,71.48,70.35,71.2,0.0080378349970991,0.0080702251168058,0.0061517328475524,0.0175105534146368,0.0160744520819282,False,32.77,-0.6599999999999966,0.0080378349970991,33.43,-0.10999999999999943,33.54,-0.09000000000000341,33.89,-2.3399999999999963,38.82,1.8100000000000023
2021-06-03,BRN0W.ICE,71.2,71.27,71.99,70.66,71.39,0.0026649850964391,0.0026685393258427,0.005988142037342,0.0163354522750222,0.015999568522174,False,33.89,1.1199999999999974,0.0026649850964391,32.77,-0.6599999999999966,33.54,0.0,33.63,-0.259999999999998,39.43,0.6099999999999994
2021-06-04,BRN0W.ICE,71.39,71.25,72.17,70.73,71.82,0.0060051852835675,0.0060232525563803,0.0058873046920942,0.0161867634200296,0.0160057391321733,False,31.76,-2.129999999999999,0.0060051852835675,33.89,1.1199999999999974,33.43,-0.10999999999999943,33.54,-0.09000000000000341,39.34,-0.0899999999999963
2021-06-07,BRN0W.ICE,71.82,71.82,72.27,71.1,71.5,-0.0044655390979746,-0.0044555834029517,0.0071098125682726,0.0155897095128432,0.0160179384034399,False,31.7,-0.060000000000002274,0.0044655390979746,31.76,-2.129999999999999,32.77,-0.6599999999999966,33.54,0.0,35.54,-3.8000000000000043
2021-06-08,BRN0W.ICE,71.5,71.42,72.42,70.71,72.05,0.007662872745569,0.0076923076923076,0.0063526254483426,0.0123732998652623,0.0159100862373801,False,31.95,0.25,0.007662872745569,31.7,-0.060000000000002274,33.89,1.1199999999999974,33.43,-0.10999999999999943,36.23,0.6899999999999977
2021-06-09,BRN0W.ICE,72.05,72.17,72.87,71.82,72.02,-0.0004164642248019,-0.0004163775156141,0.0068129215882757,0.0092645465295366,0.0159060274848529,False,31.79,-0.16000000000000014,0.0004164642248019,31.95,0.25,31.76,-2.129999999999999,32.77,-0.6599999999999966,33.89,-2.3399999999999963
2021-06-10,BRN0W.ICE,72.02,72.03,72.93,70.95,72.4,0.0052624411709415,0.0052763121355179,0.0045967441441501,0.0076759487113431,0.0154786221796917,False,33.03,1.240000000000002,0.0052624411709415,31.79,-0.16000000000000014,31.7,-0.060000000000002274,33.89,1.1199999999999974,33.63,-0.259999999999998
2021-06-11,BRN0W.ICE,72.4,72.41,73.09,71.88,72.62,0.003034066594519,0.0030386740331491,0.0041470464833364,0.0052710153298523,0.0147051595780222,False,32.55,-0.480000000000004,0.003034066594519,33.03,1.240000000000002,31.95,0.25,31.76,-2.129999999999999,33.54,-0.09000000000000341
2021-06-14,BRN0W.ICE,72.4,72.7,73.64,72.59,73.07,0.0061775198169366,0.0061966400440649,0.0043333348425449,0.0052112590619144,0.014437174960624,False,33.13,0.5800000000000054,0.0061775198169366,32.55,-0.480000000000004,31.79,-0.16000000000000014,31.7,-0.060000000000002274,33.54,0.0
2021-06-15,BRN0W.ICE,72.62,72.39,73.6,72.19,73.55,0.0065475612443201,0.0065690433830574,0.004393717866744,0.0052224780997126,0.0137275554464693,False,31.56,-1.5700000000000038,0.0065475612443201,33.13,0.5800000000000054,33.03,1.240000000000002,31.95,0.25,33.43,-0.10999999999999943
2021-06-16,BRN0W.ICE,73.55,73.53,74.14,73.06,73.06,-0.0066844256803099,-0.0066621346023112,0.0050819235779163,0.0059925963743906,0.0135140590092975,False,33.83,2.2699999999999996,0.0066844256803099,31.56,-1.5700000000000038,32.55,-0.480000000000004,31.79,-0.16000000000000014,32.77,-0.6599999999999966
2021-06-17,BRN0W.ICE,73.06,72.99,73.67,71.24,72.22,-0.0115640055178247,-0.0114973993977552,0.0070204337489759,0.0071016598841908,0.0137023015220976,False,36.84,3.010000000000005,0.0115640055178247,33.83,2.2699999999999996,33.13,0.5800000000000054,33.03,1.240000000000002,33.89,1.1199999999999974
2021-06-18,BRN0W.ICE,72.22,72.11,72.95,71.42,72.4,0.0024892835423591,0.002492384381058,0.0070543045427627,0.0070460546502625,0.0136973754404191,False,33.95,-2.8900000000000006,0.0024892835423591,36.84,3.010000000000005,31.56,-1.5700000000000038,32.55,-0.480000000000004,31.76,-2.129999999999999
2021-06-21,BRN0W.ICE,72.4,72.55,74.11,72.17,74.0,0.021858793812499,0.022099447513812,0.0106801288644848,0.007902136400754,0.0141576352860399,False,35.01,1.0599999999999952,0.021858793812499,33.95,-2.8900000000000006,33.83,2.2699999999999996,33.13,0.5800000000000054,31.7,-0.060000000000002274
2021-06-22,BRN0W.ICE,74.0,74.0,74.43,73.52,74.02,0.00027023375384,0.0002702702702701,0.0107348985881366,0.0078183545024044,0.0141478763579064,False,34.28,-0.7299999999999969,0.00027023375384,35.01,1.0599999999999952,36.84,3.010000000000005,31.56,-1.5700000000000038,31.95,0.25
2021-06-23,BRN0W.ICE,74.02,74.03,75.26,73.99,74.71,0.0092786250296999,0.0093218049175898,0.0109625641152657,0.0080087187272632,0.0141948283676182,False,34.68,0.3999999999999986,0.0092786250296999,34.28,-0.7299999999999969,33.95,-2.8900000000000006,33.83,2.2699999999999996,31.79,-0.16000000000000014
2021-06-24,BRN0W.ICE,74.71,74.59,75.04,73.82,74.85,0.0018721588779275,0.0018739124615179,0.0108645346370745,0.0079753266443793,0.0129081515605636,False,32.05,-2.6300000000000026,0.0018721588779275,34.68,0.3999999999999986,35.01,1.0599999999999952,36.84,3.010000000000005,33.03,1.240000000000002
2021-06-25,BRN0W.ICE,74.85,74.83,75.41,74.17,75.31,0.0061268172476231,0.0061456245824984,0.0101119262861729,0.0077157614503309,0.0122007266699391,False,31.3,-0.7499999999999964,0.0061268172476231,32.05,-2.6300000000000026,34.28,-0.7299999999999969,33.95,-2.8900000000000006,32.55,-0.480000000000004
2021-06-28,BRN0W.ICE,75.31,75.41,75.77,73.93,74.01,-0.0174127089038852,-0.017261983800292,0.0117528871928857,0.0094440508699462,0.0126495767798078,False,31.86,0.5599999999999987,0.0174127089038852,31.3,-0.7499999999999964,34.68,0.3999999999999986,35.01,1.0599999999999952,33.13,0.5800000000000054
2021-06-29,BRN0W.ICE,74.01,74.08,74.99,73.36,74.67,0.0088781858382352,0.0089177138224563,0.0119085752488259,0.0095929102100668,0.0123048192843213,False,31.99,0.129999999999999,0.0088781858382352,31.86,0.5599999999999987,32.05,-2.6300000000000026,34.28,-0.7299999999999969,31.56,-1.5700000000000038
2021-06-30,BRN0W.ICE,74.67,74.6,75.35,73.93,74.67,0.0,0.0,0.0091070275793123,0.009582856468651,0.0106480969830241,False,32.74,0.7500000000000036,0.0,31.99,0.129999999999999,31.3,-0.7499999999999964,34.68,0.3999999999999986,33.83,2.2699999999999996
2021-07-01,BRN0W.ICE,74.67,74.69,76.74,74.55,75.61,0.0125101445225681,0.0125887237176911,0.0100094587441275,0.0099726417811562,0.009380485361965,False,32.47,-0.2700000000000031,0.0125101445225681,32.74,0.7500000000000036,31.86,0.5599999999999987,32.05,-2.6300000000000026,36.84,3.010000000000005
2021-07-02,BRN0W.ICE,75.61,75.64,76.43,75.21,75.97,0.0047499759449517,0.0047612749636292,0.0096796582703548,0.0099436100509126,0.0085592408005967,False,32.87,0.3999999999999986,0.0047499759449517,32.47,-0.2700000000000031,31.99,0.129999999999999,31.3,-0.7499999999999964,33.95,-2.8900000000000006
2021-07-05,BRN0W.ICE,75.97,76.23,77.26,75.7,77.1,0.0147647550541535,0.0148742924838751,0.0107340231737017,0.0104144722397799,0.007855040026646,False,32.87,0.0,0.0147647550541535,32.87,0.3999999999999986,32.74,0.7500000000000036,31.86,0.5599999999999987,35.01,1.0599999999999952
2021-07-06,BRN0W.ICE,77.1,77.06,77.84,74.13,74.93,-0.0285489361930642,-0.0281452658884563,0.0162812506801015,0.0132822739179168,0.0098465201083136,False,37.59,4.720000000000006,0.0285489361930642,32.87,0.0,32.47,-0.2700000000000031,31.99,0.129999999999999,34.28,-0.7299999999999969
2021-07-07,BRN0W.ICE,74.93,74.69,75.99,72.6,73.34,-0.0214481817330393,-0.0212198051514747,0.0170251670003127,0.0142732964688124,0.0108104848250317,False,42.01,4.419999999999995,0.0214481817330393,37.59,4.720000000000006,32.87,0.3999999999999986,32.74,0.7500000000000036,34.68,0.3999999999999986
2021-07-08,BRN0W.ICE,73.34,73.35,74.4,72.11,74.35,0.0136775102629839,0.0137714753204252,0.0175905730580815,0.0146649522724773,0.0109721883216758,False,38.8,-3.210000000000001,0.0136775102629839,42.01,4.419999999999995,32.87,0.0,32.47,-0.2700000000000031,32.05,-2.6300000000000026
2021-07-09,BRN0W.ICE,74.35,74.39,75.8,73.8,75.58,0.0164080250151789,0.0165433759246806,0.0187415141405032,0.0141578470816196,0.0112176270097789,False,37.02,-1.779999999999994,0.0164080250151789,38.8,-3.210000000000001,37.59,4.720000000000006,32.87,0.3999999999999986,31.3,-0.7499999999999964
2021-07-12,BRN0W.ICE,75.58,75.79,75.84,74.23,75.2,-0.0050404669655487,-0.0050277851283407,0.0182259289168336,0.0142643372883972,0.0112937124684899,False,38.73,1.7099999999999937,0.0050404669655487,37.02,-1.779999999999994,42.01,4.419999999999995,32.87,0.0,31.86,0.5599999999999987
2021-07-13,BRN0W.ICE,75.2,75.25,76.6,74.93,76.35,0.015176800708847,0.0152925531914891,0.0191552732296266,0.0146065270394185,0.0112314368135019,False,35.4,-3.3299999999999983,0.015176800708847,38.73,1.7099999999999937,38.8,-3.210000000000001,37.59,4.720000000000006,31.99,0.129999999999999
2021-07-14,BRN0W.ICE,76.35,76.28,76.72,73.79,74.54,-0.0239921376135288,-0.0237066142763586,0.0199993215317177,0.016120040705327,0.0121787171036668,False,38.2,2.8000000000000043,0.0239921376135288,35.4,-3.3299999999999983,37.02,-1.779999999999994,42.01,4.419999999999995,32.74,0.7500000000000036
2021-07-15,BRN0W.ICE,74.54,74.5,74.59,73.19,73.29,-0.0169117201133535,-0.0167695197209551,0.018091107903443,0.0165831724948037,0.0126317511854847,False,38.04,-0.1600000000000037,0.0169117201133535,38.2,2.8000000000000043,38.73,1.7099999999999937,38.8,-3.210000000000001,32.47,-0.2700000000000031
2021-07-16,BRN0W.ICE,73.29,73.18,74.09,72.34,73.3,0.0001364349548469,0.0001364442625186,0.0161948767589315,0.0159759478985715,0.0125949606920731,False,37.15,-0.8900000000000006,0.0001364349548469,38.04,-0.1600000000000037,35.4,-3.3299999999999983,37.02,-1.779999999999994,32.87,0.3999999999999986
2021-07-19,BRN0W.ICE,73.3,72.86,73.34,67.75,68.75,-0.0640838723459251,-0.0620736698499317,0.0277409400044254,0.0229802590211784,0.0172704181519307,False,46.36,9.21,0.0640838723459251,37.15,-0.8900000000000006,38.2,2.8000000000000043,38.73,1.7099999999999937,32.87,0.0
2021-07-20,BRN0W.ICE,68.75,68.46,69.13,66.91,68.02,-0.0106749569676313,-0.0106181818181818,0.0250045571756766,0.0229465063681719,0.0172665020066171,False,52.26,5.899999999999999,0.0106749569676313,46.36,9.21,38.04,-0.1600000000000037,35.4,-3.3299999999999983,37.59,4.720000000000006
2021-07-21,BRN0W.ICE,68.02,68.36,71.75,68.02,71.62,0.0515725849912373,0.0529256101146722,0.0356663438936583,0.0273998889483259,0.0198396916876753,False,42.91,-9.350000000000001,0.0515725849912373,52.26,5.899999999999999,37.15,-0.8900000000000006,38.2,2.8000000000000043,42.01,4.419999999999995
2021-07-22,BRN0W.ICE,71.62,71.59,73.28,71.11,73.0,0.0190850765781045,0.0192683607930745,0.0360987488241947,0.0280079991687759,0.0201289789208932,False,36.44,-6.469999999999999,0.0190850765781045,42.91,-9.350000000000001,46.36,9.21,38.04,-0.1600000000000037,38.8,-3.210000000000001
2021-07-23,BRN0W.ICE,73.0,72.93,73.55,72.69,73.36,0.0049193867998181,0.0049315068493149,0.0353989616309498,0.0276530896273426,0.0201408291647378,False,34.05,-2.3900000000000006,0.0049193867998181,36.44,-6.469999999999999,52.26,5.899999999999999,37.15,-0.8900000000000006,37.02,-1.779999999999994
2021-07-26,BRN0W.ICE,73.36,73.46,73.98,72.08,73.97,0.0082807776515668,0.0083151581243183,0.0349410803799501,0.0268317767974478,0.0201655026940342,False,35.59,1.5400000000000063,0.0082807776515668,34.05,-2.3900000000000006,42.91,-9.350000000000001,46.36,9.21,38.73,1.7099999999999937
2021-07-27,BRN0W.ICE,73.97,73.88,74.19,73.08,73.79,-0.0024363845295008,-0.0024334189536296,0.0349691178053226,0.0261863009709913,0.0201378734223393,False,35.14,-0.45000000000000284,0.0024363845295008,35.59,1.5400000000000063,36.44,-6.469999999999999,52.26,5.899999999999999,35.4,-3.3299999999999983
2021-07-28,BRN0W.ICE,73.79,73.8,74.34,73.52,73.9,0.0014896068838807,0.0014907168993087,0.0203855209701377,0.0259134291507318,0.0200980522115392,False,34.62,-0.5200000000000031,0.0014896068838807,35.14,-0.45000000000000284,34.05,-2.3900000000000006,42.91,-9.350000000000001,38.2,2.8000000000000043
2021-07-29,BRN0W.ICE,73.9,73.89,75.15,73.7,74.84,0.0126396734517327,0.0127198917456021,0.0181676560262773,0.0257440525186395,0.0200878082015722,False,33.36,-1.259999999999998,0.0126396734517327,34.62,-0.5200000000000031,35.59,1.5400000000000063,36.44,-6.469999999999999,38.04,-0.1600000000000037
2021-07-30,BRN0W.ICE,74.84,74.81,75.65,74.39,75.22,0.0050646516363013,0.005077498663816,0.0071528482933202,0.025754738837827,0.0200990614741138,False,32.85,-0.509999999999998,0.0050646516363013,33.36,-1.259999999999998,35.14,-0.45000000000000284,34.05,-2.3900000000000006,37.15,-0.8900000000000006
2021-08-02,BRN0W.ICE,75.22,75.39,75.39,72.31,73.24,-0.0266754332358804,-0.026322786492954,0.0128865451296755,0.0262835190510388,0.0203368904991546,False,36.23,3.3799999999999955,0.0266754332358804,32.85,-0.509999999999998,34.62,-0.5200000000000031,35.59,1.5400000000000063,46.36,9.21
2021-08-03,BRN0W.ICE,73.24,73.08,73.55,71.05,72.28,-0.0131942540822821,-0.0131075914800654,0.013640510196609,0.0257726607276661,0.0204709971269507,False,37.55,1.3200000000000003,0.0131942540822821,36.23,3.3799999999999955,33.36,-1.259999999999998,35.14,-0.45000000000000284,52.26,5.899999999999999
2021-08-04,BRN0W.ICE,72.28,72.33,72.83,70.11,70.31,-0.0276334295129578,-0.0272551189817377,0.0156788986976359,0.0263952527924745,0.0209484997467457,False,42.27,4.720000000000006,0.0276334295129578,37.55,1.3200000000000003,32.85,-0.509999999999998,34.62,-0.5200000000000031,42.91,-9.350000000000001
2021-08-05,BRN0W.ICE,70.31,70.27,71.5,69.75,71.18,0.0122978438709767,0.0123737732897171,0.0173343681443483,0.0267034905195352,0.0211012727532195,False,39.09,-3.1799999999999997,0.0122978438709767,42.27,4.720000000000006,36.23,3.3799999999999955,33.36,-1.259999999999998,36.44,-6.469999999999999
2021-08-06,BRN0W.ICE,71.18,71.2,72.43,70.28,70.49,-0.0097410242962625,-0.0096937341949987,0.0171366125185062,0.0201437929520139,0.0210978193502671,False,39.31,0.21999999999999886,0.0097410242962625,39.09,-3.1799999999999997,37.55,1.3200000000000003,32.85,-0.509999999999998,34.05,-2.3900000000000006
2021-08-09,BRN0W.ICE,70.49,70.26,70.26,67.6,69.2,-0.0184699931621602,-0.0183004681515107,0.015194255080687,0.020616870893893,0.0211249650873726,False,43.28,3.969999999999999,0.0184699931621602,39.31,0.21999999999999886,42.27,4.720000000000006,36.23,3.3799999999999955,35.59,1.5400000000000063
2021-08-10,BRN0W.ICE,69.2,69.35,71.24,68.94,70.86,0.0237052368137019,0.0239884393063583,0.0195325909235436,0.0162691927749009,0.0215629574784513,False,39.28,-4.0,0.0237052368137019,43.28,3.969999999999999,39.09,-3.1799999999999997,37.55,1.3200000000000003,35.14,-0.45000000000000284
2021-08-11,BRN0W.ICE,70.86,70.83,71.72,69.07,71.62,0.0106682651329607,0.0107253739768558,0.018838076868633,0.015622001831008,0.0216803893449802,False,38.32,-0.9600000000000009,0.0106682651329607,39.28,-4.0,39.31,0.21999999999999886,42.27,4.720000000000006,34.62,-0.5200000000000031
2021-08-12,BRN0W.ICE,71.62,71.57,71.9,70.67,71.15,-0.0065840400344253,-0.0065624127338732,0.0184142230633321,0.0155685679291741,0.0215380538483896,False,36.5,-1.8200000000000003,0.0065840400344253,38.32,-0.9600000000000009,43.28,3.969999999999999,39.09,-3.1799999999999997,33.36,-1.259999999999998
2021-08-13,BRN0W.ICE,71.15,71.12,71.38,70.0,70.25,-0.0127300163220062,-0.0126493323963458,0.0156434974566535,0.0154946168442616,0.0215847975049576,False,35.91,-0.5900000000000034,0.0127300163220062,36.5,-1.8200000000000003,39.28,-4.0,39.31,0.21999999999999886,32.85,-0.509999999999998
2021-08-16,BRN0W.ICE,70.25,69.67,70.02,67.8,69.07,-0.0169398251129737,-0.0167971530249111,0.0156779191012492,0.0158846032486871,0.0214807073171039,False,38.84,2.930000000000007,0.0169398251129737,35.91,-0.5900000000000034,38.32,-0.9600000000000009,43.28,3.969999999999999,36.23,3.3799999999999955
2021-08-17,BRN0W.ICE,69.07,69.41,69.59,68.41,68.7,-0.0053712838725777,-0.0053568843202547,0.0155112176745738,0.0157837512815103,0.020965528221806,False,39.5,0.6599999999999966,0.0053712838725777,38.84,2.930000000000007,36.5,-1.8200000000000003,39.28,-4.0,37.55,1.3200000000000003
2021-08-18,BRN0W.ICE,68.7,68.51,69.55,66.79,67.06,-0.0241614581902211,-0.0238719068413391,0.0165316277012409,0.0156459229947371,0.0210539964626546,False,40.86,1.3599999999999994,0.0241614581902211,39.5,0.6599999999999966,35.91,-0.5900000000000034,38.32,-0.9600000000000009,42.27,4.720000000000006
2021-08-19,BRN0W.ICE,67.06,67.12,67.21,65.13,66.14,-0.0138140334844357,-0.0137190575603937,0.0110364250217536,0.0152568332839054,0.0209015310491114,False,40.98,0.11999999999999744,0.0138140334844357,40.86,1.3599999999999994,38.84,2.930000000000007,36.5,-1.8200000000000003,39.09,-3.1799999999999997
2021-08-20,BRN0W.ICE,66.14,66.08,66.48,64.51,64.57,-0.0240238009152711,-0.0237375264590263,0.0075161361659938,0.0150379399213774,0.0208503531292984,False,40.67,-0.30999999999999517,0.0240238009152711,40.98,0.11999999999999744,39.5,0.6599999999999966,35.91,-0.5900000000000034,39.31,0.21999999999999886
2021-08-23,BRN0W.ICE,64.57,64.53,68.47,64.2,68.37,0.0571842252873271,0.0588508595322907,0.0284976988137072,0.0231195851956312,0.0237632452458713,False,38.67,-2.0,0.0571842252873271,40.67,-0.30999999999999517,40.86,1.3599999999999994,38.84,2.930000000000007,43.28,3.969999999999999
2021-08-24,BRN0W.ICE,68.37,68.25,70.59,68.13,70.47,0.0302529554132284,0.0307152259763052,0.0312288200583093,0.0237306699230536,0.0243176487007567,False,36.79,-1.8800000000000026,0.0302529554132284,38.67,-2.0,40.98,0.11999999999999744,39.5,0.6599999999999966,39.28,-4.0
2021-08-25,BRN0W.ICE,70.47,70.28,71.43,69.8,70.99,0.0073519347123634,0.0073790265361146,0.030310967623499,0.0235723987415968,0.0240417997560325,False,35.6,-1.1899999999999977,0.0073519347123634,36.79,-1.8800000000000026,40.67,-0.30999999999999517,40.86,1.3599999999999994,38.32,-0.9600000000000009
2021-08-26,BRN0W.ICE,70.99,70.99,71.13,69.77,70.52,-0.0066426645216249,-0.0066206507958866,0.0303796306871756,0.0234902411403733,0.023889289222535,False,36.33,0.7299999999999969,0.0066426645216249,35.6,-1.1899999999999977,38.67,-2.0,40.98,0.11999999999999744,36.5,-1.8200000000000003
2021-08-27,BRN0W.ICE,70.52,70.61,71.75,70.23,71.67,0.0161758924761584,0.0163074305161656,0.0279333349040333,0.0232146556099671,0.0241007290931411,False,34.93,-1.3999999999999986,0.0161758924761584,36.33,0.7299999999999969,36.79,-1.8800000000000026,40.67,-0.30999999999999517,35.91,-0.5900000000000034
2021-08-30,BRN0W.ICE,71.67,71.98,72.69,71.02,72.11,0.0061204809228402,0.00613924933724,0.0261177562493736,0.0224422349084584,0.0209401366838997,False,35.27,0.3400000000000034,0.0061204809228402,34.93,-1.3999999999999986,35.6,-1.1899999999999977,38.67,-2.0,38.84,2.930000000000007
2021-08-31,BRN0W.ICE,72.11,72.16,72.36,71.37,71.7,-0.0057019833230933,-0.0056857578699208,0.0225383023727172,0.0223399505923064,0.0208592199127618,False,34.28,-0.990000000000002,0.0057019833230933,35.27,0.3400000000000034,36.33,0.7299999999999969,36.79,-1.8800000000000026,39.5,0.6599999999999966
2021-09-01,BRN0W.ICE,71.7,71.68,72.38,70.42,71.31,-0.0054541775653624,-0.005439330543933,0.0136721550459304,0.0223160535397884,0.0186436931177038,False,36.13,1.8500000000000014,0.0054541775653624,34.28,-0.990000000000002,34.93,-1.3999999999999986,35.6,-1.1899999999999977,40.86,1.3599999999999994
2021-09-02,BRN0W.ICE,71.31,71.31,73.47,70.92,72.84,0.0212286848191949,0.0214556163230963,0.0112094018311344,0.0226502112360774,0.0187238692800763,False,31.35,-4.780000000000001,0.0212286848191949,36.13,1.8500000000000014,35.27,0.3400000000000034,36.33,0.7299999999999969,40.98,0.11999999999999744
2021-09-03,BRN0W.ICE,72.84,72.86,73.69,72.4,72.48,-0.0049545931246833,-0.0049423393739703,0.0116838435964103,0.022074624418339,0.0187198664195176,False,36.91,5.559999999999995,0.0049545931246833,31.35,-4.780000000000001,34.28,-0.990000000000002,34.93,-1.3999999999999986,40.67,-0.30999999999999517
2021-09-06,BRN0W.ICE,72.48,72.57,72.78,71.51,72.1,-0.0052566174438206,-0.0052428256070641,0.0115042017451822,0.0220711237727489,0.018666426781425,False,36.91,0.0,0.0052566174438206,36.91,5.559999999999995,36.13,1.8500000000000014,35.27,0.3400000000000034,38.67,-2.0
2021-09-07,BRN0W.ICE,72.1,72.29,72.81,71.1,71.53,-0.0079371021706108,-0.0079056865464631,0.0105278159170395,0.0209049288979821,0.0187094778385594,False,32.91,-4.0,0.0079371021706108,36.91,0.0,31.35,-4.780000000000001,34.28,-0.990000000000002,36.79,-1.8800000000000026
2021-09-08,BRN0W.ICE,71.53,71.64,72.95,71.55,72.66,0.0156740846727634,0.015797567454215,0.0120105824066669,0.0203849727444615,0.0189531716130347,False,31.91,-0.9999999999999964,0.0156740846727634,32.91,-4.0,36.91,5.559999999999995,36.13,1.8500000000000014,35.6,-1.1899999999999977
2021-09-09,BRN0W.ICE,72.66,72.61,73.2,70.88,71.37,-0.0179134138100797,-0.0177539223781997,0.0138991001096037,0.0197311235183807,0.0190398890159262,False,33.87,1.9599999999999973,0.0179134138100797,31.91,-0.9999999999999964,36.91,0.0,31.35,-4.780000000000001,36.33,0.7299999999999969
2021-09-10,BRN0W.ICE,71.37,71.37,73.15,70.94,72.95,0.0218966619858187,0.0221381532856943,0.0160104559437015,0.0143750862078402,0.0194853138774272,False,33.54,-0.3299999999999983,0.0218966619858187,33.87,1.9599999999999973,32.91,-4.0,36.91,5.559999999999995,34.93,-1.3999999999999986
2021-09-13,BRN0W.ICE,72.95,72.88,73.92,72.69,73.67,0.0098213857259276,0.0098697738176833,0.0143720134935412,0.0124869654864815,0.0189606528827821,False,32.74,-0.7999999999999972,0.0098213857259276,33.54,-0.3299999999999983,31.91,-0.9999999999999964,36.91,0.0,35.27,0.3400000000000034
2021-09-14,BRN0W.ICE,73.67,73.62,74.28,73.08,73.91,0.0032524761020731,0.0032577711415773,0.0140781660035554,0.0124293404508547,0.0187972297949498,False,33.63,0.8900000000000006,0.0032524761020731,32.74,-0.7999999999999972,33.87,1.9599999999999973,32.91,-4.0,34.28,-0.990000000000002
2021-09-15,BRN0W.ICE,73.91,73.27,75.42,73.13,74.81,0.0121034290875182,0.0121769719929645,0.0139527198663917,0.0123340337879649,0.0181164004456118,False,32.38,-1.25,0.0121034290875182,33.63,0.8900000000000006,33.54,-0.3299999999999983,31.91,-0.9999999999999964,36.13,1.8500000000000014
2021-09-16,BRN0W.ICE,74.81,74.7,75.18,73.84,74.9,0.0012023246388603,0.001203047720893,0.0128985555552699,0.0118573709418715,0.0180133180271485,False,33.16,0.779999999999994,0.0012023246388603,32.38,-1.25,32.74,-0.7999999999999972,33.87,1.9599999999999973,31.35,-4.780000000000001
2021-09-17,BRN0W.ICE,74.9,74.93,75.08,73.92,74.64,-0.0034773339840854,-0.0034712950600801,0.012676495163998,0.0119494349996513,0.017912173991228,False,32.32,-0.8399999999999963,0.0034773339840854,33.16,0.779999999999994,33.63,0.8900000000000006,33.54,-0.3299999999999983,36.91,5.559999999999995
2021-09-20,BRN0W.ICE,74.9,74.63,74.63,72.67,73.39,-0.016888869982117,-0.0167470525187567,0.0123860448474148,0.0128755844207894,0.0178523767713635,False,35.23,2.9099999999999966,0.016888869982117,32.32,-0.8399999999999963,32.38,-1.25,32.74,-0.7999999999999972,36.91,0.0
2021-09-21,BRN0W.ICE,74.9,73.55,74.36,72.51,73.84,0.0061129036376254,0.0061316255620658,0.0097353597919345,0.0127542287094177,0.0173965640949863,False,34.45,-0.779999999999994,0.0061129036376254,35.23,2.9099999999999966,33.16,0.779999999999994,33.63,0.8900000000000006,32.91,-4.0
2021-09-22,BRN0W.ICE,74.64,73.75,75.47,73.69,75.07,0.0165204213903142,0.0166576381365113,0.0109202196623019,0.0122752040839815,0.0175366334841506,False,32.43,-2.020000000000003,0.0165204213903142,34.45,-0.779999999999994,32.32,-0.8399999999999963,32.38,-1.25,31.91,-0.9999999999999964
2021-09-23,BRN0W.ICE,75.07,75.05,76.53,74.81,76.47,0.0184774954712229,0.0186492606900228,0.0124588762409482,0.0128169200421404,0.0177307448360358,False,32.3,-0.13000000000000256,0.0184774954712229,32.43,-2.020000000000003,35.23,2.9099999999999966,33.16,0.779999999999994,33.87,1.9599999999999973
2021-09-24,BRN0W.ICE,76.47,76.46,77.4,76.07,77.2,0.0095009499745968,0.0095462272786714,0.0122438267460914,0.0126176293938863,0.0175399759779142,False,34.01,1.7100000000000009,0.0095009499745968,32.3,-0.13000000000000256,34.45,-0.779999999999994,32.32,-0.8399999999999963,33.54,-0.3299999999999983
2021-09-27,BRN0W.ICE,77.2,77.61,79.05,77.35,78.63,0.018353848972694,0.018523316062176,0.0131577139314424,0.0125190871037611,0.0173287531968038,False,34.98,0.9699999999999989,0.018353848972694,34.01,1.7100000000000009,32.43,-2.020000000000003,35.23,2.9099999999999966,32.74,-0.7999999999999972
2021-09-28,BRN0W.ICE,78.63,78.61,79.95,77.35,77.43,-0.0153790036047923,-0.0152613506295306,0.0153199218599556,0.0135284268397114,0.0176157238835067,False,36.1,1.1200000000000045,0.0153790036047923,34.98,0.9699999999999989,32.3,-0.13000000000000256,34.45,-0.779999999999994,33.63,0.8900000000000006
2021-09-29,BRN0W.ICE,77.43,77.51,78.73,76.77,77.9,0.0060516504780703,0.0060699987085108,0.0118594163859012,0.0118849121243231,0.0167954910218367,False,35.26,-0.8400000000000034,0.0060516504780703,36.1,1.1200000000000045,34.01,1.7100000000000009,32.43,-2.020000000000003,32.38,-1.25
2021-09-30,BRN0W.ICE,77.9,77.82,79.3,76.51,78.36,0.0058876401996373,0.0059050064184851,0.0118673388384287,0.0110013364786923,0.0164155740378265,False,38.68,3.4200000000000017,0.0058876401996373,35.26,-0.8400000000000034,34.98,0.9699999999999989,32.3,-0.13000000000000256,33.16,0.779999999999994
2021-10-01,BRN0W.ICE,77.9,78.49,79.41,77.55,79.24,0.01116762875401,0.0112302194997446,0.0114277820928784,0.0110514553267547,0.0154509189836581,False,37.38,-1.2999999999999972,0.01116762875401,38.68,3.4200000000000017,36.1,1.1200000000000045,34.01,1.7100000000000009,32.32,-0.8399999999999963
2021-10-04,BRN0W.ICE,77.9,79.49,82.0,78.75,81.27,0.0252957229347632,0.0256183745583038,0.0127152598824019,0.0122562980922352,0.0127230126174199,False,37.27,-0.10999999999999943,0.0252957229347632,37.38,-1.2999999999999972,35.26,-0.8400000000000034,34.98,0.9699999999999989,35.23,2.9099999999999966
2021-10-05,BRN0W.ICE,77.9,81.27,83.13,81.19,82.56,0.0157483569681393,0.015873015873016,0.0129972277732113,0.0124157404343033,0.0120161780049378,False,37.2,-0.07000000000000028,0.0157483569681393,37.27,-0.10999999999999943,38.68,3.4200000000000017,36.1,1.1200000000000045,34.45,-0.779999999999994
2021-10-06,BRN0W.ICE,77.9,82.57,83.47,80.6,80.83,-0.0211771179874996,-0.020954457364341,0.0166337441591225,0.0144923186513553,0.0129397888376302,False,41.02,3.8200000000000003,0.0211771179874996,37.2,-0.07000000000000028,37.38,-1.2999999999999972,35.26,-0.8400000000000034,32.43,-2.020000000000003
2021-10-07,BRN0W.ICE,77.9,80.98,82.5,79.08,82.48,0.0202076559629515,0.0204132129159966,0.0151130978780341,0.0147510984511742,0.0130826784544349,False,46.15,5.1299999999999955,0.0202076559629515,41.02,3.8200000000000003,37.27,-0.10999999999999943,38.68,3.4200000000000017,32.3,-0.13000000000000256
2021-10-08,BRN0W.ICE,78.36,82.38,83.43,81.96,82.58,0.0012116807492395,0.0012124151309407,0.0153802041753093,0.013194692193055,0.0129350738369191,False,38.0,-8.149999999999999,0.0012116807492395,46.15,5.1299999999999955,37.2,-0.07000000000000028,37.38,-1.2999999999999972,34.01,1.7100000000000009
2021-10-11,BRN0W.ICE,82.58,82.65,84.6,82.54,83.69,0.0133519755868384,0.0134415112618067,0.01544092184896,0.0132387950254826,0.0130290504261305,False,38.51,0.509999999999998,0.0133519755868384,38.0,-8.149999999999999,41.02,3.8200000000000003,37.27,-0.10999999999999943,34.98,0.9699999999999989
2021-10-12,BRN0W.ICE,83.69,83.49,84.23,82.72,83.38,-0.0037110235921319,-0.0037041462540328,0.0161642972210084,0.013450688720828,0.0129778170161584,False,37.1,-1.4099999999999966,0.0037110235921319,38.51,0.509999999999998,46.15,5.1299999999999955,37.2,-0.07000000000000028,36.1,1.1200000000000045
2021-10-13,BRN0W.ICE,83.38,83.1,83.69,82.2,83.37,-0.0001199400301286,-0.0001199328376108,0.0141738176244397,0.013199048632989,0.0128652665662883,False,36.05,-1.0500000000000043,0.0001199400301286,37.1,-1.4099999999999966,38.0,-8.149999999999999,41.02,3.8200000000000003,35.26,-0.8400000000000034
2021-10-14,BRN0W.ICE,83.37,83.45,84.5,83.18,84.07,0.0083612527246834,0.0083963056255247,0.0133749243517455,0.0131804304714757,0.0125226819401037,False,36.98,0.9299999999999997,0.0083612527246834,36.05,-1.0500000000000043,38.51,0.509999999999998,46.15,5.1299999999999955,38.68,3.4200000000000017
2021-10-15,BRN0W.ICE,84.07,84.3,85.1,84.16,84.92,0.01005985168785,0.0101106221006306,0.008415373029444,0.0127666675009027,0.0124198463114502,False,34.05,-2.9299999999999997,0.01005985168785,36.98,0.9299999999999997,37.1,-1.4099999999999966,38.0,-8.149999999999999,37.38,-1.2999999999999972
2021-10-18,BRN0W.ICE,84.92,84.95,86.04,83.95,84.15,-0.0091087161982402,-0.0090673575129532,0.008064413856939,0.0120688855537344,0.0125517478531682,False,35.02,0.970000000000006,0.0091087161982402,34.05,-2.9299999999999997,36.05,-1.0500000000000043,38.51,0.509999999999998,37.27,-0.10999999999999943
2021-10-19,BRN0W.ICE,84.15,84.21,85.4,83.7,85.15,0.0118134864718822,0.011883541295306,0.0086749036369903,0.0121706241031618,0.0123580353294308,False,35.14,0.11999999999999744,0.0118134864718822,35.02,0.970000000000006,36.98,0.9299999999999997,37.1,-1.4099999999999966,37.2,-0.07000000000000028
2021-10-20,BRN0W.ICE,85.15,84.41,85.22,82.94,85.22,0.0008217409630685,0.0008220786846739,0.0077589957842404,0.0122606060025156,0.0122462338477719,False,35.16,0.01999999999999602,0.0008217409630685,35.14,0.11999999999999744,34.05,-2.9299999999999997,36.05,-1.0500000000000043,41.02,3.8200000000000003
2021-10-21,BRN0W.ICE,85.22,85.21,85.43,82.66,84.12,-0.0129917972372668,-0.0129077681295469,0.0095913287769442,0.0131448070586858,0.0119538060127923,False,36.55,1.3900000000000006,0.0129917972372668,35.16,0.01999999999999602,35.02,0.970000000000006,36.98,0.9299999999999997,46.15,5.1299999999999955
2021-10-22,BRN0W.ICE,84.12,83.95,85.02,83.15,84.81,0.0081691095391096,0.0082025677603423,0.0098989898817521,0.011761562706018,0.0115599239694099,False,36.87,0.3200000000000003,0.0081691095391096,36.55,1.3900000000000006,35.14,0.11999999999999744,34.05,-2.9299999999999997,38.0,-8.149999999999999
2021-10-25,BRN0W.ICE,84.81,84.76,85.77,84.51,85.17,0.0042357987793808,0.0042447824548992,0.0096066407718775,0.011193861686617,0.0115248752286222,False,36.07,-0.7999999999999972,0.0042357987793808,36.87,0.3200000000000003,35.16,0.01999999999999602,35.02,0.970000000000006,38.51,0.509999999999998
2021-10-26,BRN0W.ICE,85.17,85.21,85.74,84.56,85.42,0.002931006260331,0.0029353058588705,0.0089473729679706,0.0089457665909863,0.0115265468176651,False,35.5,-0.5700000000000003,0.002931006260331,36.07,-0.7999999999999972,36.55,1.3900000000000006,35.14,0.11999999999999744,37.1,-1.4099999999999966
2021-10-27,BRN0W.ICE,85.42,85.31,85.56,83.35,83.5,-0.0227336335565106,-0.0224771716225707,0.0123187925157213,0.0102128308191228,0.0124830704408227,False,37.63,2.1300000000000026,0.0227336335565106,35.5,-0.5700000000000003,36.87,0.3200000000000003,35.16,0.01999999999999602,36.05,-1.0500000000000043
2021-10-28,BRN0W.ICE,83.5,83.51,83.98,81.61,83.9,0.0047789816163508,0.0047904191616767,0.0113368271112043,0.0102661611045712,0.0124758349167546,False,37.23,-0.4000000000000057,0.0047789816163508,37.63,2.1300000000000026,36.07,-0.7999999999999972,36.55,1.3900000000000006,36.98,0.9299999999999997
2021-10-29,BRN0W.ICE,83.9,83.67,84.26,82.57,83.53,-0.0044197647053456,-0.0044100119189511,0.0112836820819802,0.0097234178735188,0.0124959157386904,False,37.92,0.6900000000000048,0.0044197647053456,37.23,-0.4000000000000057,35.5,-0.5700000000000003,36.87,0.3200000000000003,34.05,-2.9299999999999997
2021-11-01,BRN0W.ICE,83.53,83.63,85.12,83.03,84.55,0.0121372265767742,0.012211181611397,0.0115185114251658,0.0101867778297063,0.011954701164195,False,36.74,-1.1799999999999997,0.0121372265767742,37.92,0.6900000000000048,37.63,2.1300000000000026,36.07,-0.7999999999999972,35.02,0.970000000000006
2021-11-02,BRN0W.ICE,84.55,84.45,85.23,83.76,84.09,-0.0054554214997826,-0.0054405677114133,0.0111983150892294,0.0103305027235203,0.0120939358747039,False,35.56,-1.1799999999999997,0.0054554214997826,36.74,-1.1799999999999997,37.23,-0.4000000000000057,35.5,-0.5700000000000003,35.14,0.11999999999999744
2021-11-03,BRN0W.ICE,84.09,84.07,84.2,81.1,81.38,-0.0327581112712627,-0.0322273754310857,0.0159266195064999,0.0133597425363482,0.0136304642559944,False,39.44,3.8799999999999955,0.0327581112712627,35.56,-1.1799999999999997,37.92,0.6900000000000048,37.63,2.1300000000000026,35.16,0.01999999999999602
2021-11-04,BRN0W.ICE,81.38,81.58,84.49,80.2,80.95,-0.0052978624498996,-0.0052838535266649,0.0154095462007235,0.012886925144555,0.0133695863287566,False,38.56,-0.8799999999999955,0.0052978624498996,39.44,3.8799999999999955,36.74,-1.1799999999999997,37.23,-0.4000000000000057,36.55,1.3900000000000006
2021-11-05,BRN0W.ICE,80.95,81.25,83.16,80.26,82.55,0.0195724902424927,0.0197652872143296,0.016758013893618,0.0141325420648503,0.0136897085217185,False,37.84,-0.7199999999999989,0.0195724902424927,38.56,-0.8799999999999955,35.56,-1.1799999999999997,37.92,0.6900000000000048,36.87,0.3200000000000003
2021-11-08,BRN0W.ICE,82.55,82.58,84.0,82.53,83.68,0.0135958299504759,0.0136886735311934,0.0176291120251841,0.0142678303906033,0.0135230552021564,False,37.71,-0.13000000000000256,0.0135958299504759,37.84,-0.7199999999999989,39.44,3.8799999999999955,36.74,-1.1799999999999997,36.07,-0.7999999999999972
2021-11-09,BRN0W.ICE,83.68,83.47,85.3,83.16,85.2,0.0180014335186573,0.0181644359464627,0.0187715872495729,0.0151694448670202,0.0134102280202154,False,36.33,-1.3800000000000026,0.0180014335186573,37.71,-0.13000000000000256,38.56,-0.8799999999999955,35.56,-1.1799999999999997,35.5,-0.5700000000000003
2021-11-10,BRN0W.ICE,85.2,84.99,85.5,82.08,82.72,-0.029540023075151,-0.0291079812206572,0.0217068166239794,0.0168138399365857,0.0146638884890509,False,37.09,0.7600000000000051,0.029540023075151,36.33,-1.3800000000000026,37.84,-0.7199999999999989,39.44,3.8799999999999955,37.63,2.1300000000000026
2021-11-11,BRN0W.ICE,82.72,82.85,83.44,81.66,82.64,-0.0009675859487358,-0.0009671179883945,0.0216928183431618,0.016598195092155,0.014654647017405,False,36.2,-0.8900000000000006,0.0009675859487358,37.09,0.7600000000000051,37.71,-0.13000000000000256,38.56,-0.8799999999999955,37.23,-0.4000000000000057
2021-11-12,BRN0W.ICE,82.64,82.83,82.87,81.26,81.95,-0.0083845196215444,-0.0083494675701839,0.0175923169451523,0.0165848680809403,0.0146571886989388,False,36.1,-0.10000000000000142,0.0083845196215444,36.2,-0.8900000000000006,36.33,-1.3800000000000026,37.84,-0.7199999999999989,37.92,0.6900000000000048
2021-11-15,BRN0W.ICE,81.95,81.92,82.49,80.67,82.17,0.0026809667532577,0.0026845637583892,0.017373600060945,0.0165784097671641,0.013934734621985,False,36.42,0.3200000000000003,0.0026809667532577,36.1,-0.10000000000000142,37.09,0.7600000000000051,37.71,-0.13000000000000256,36.74,-1.1799999999999997
2021-11-16,BRN0W.ICE,82.17,80.99,82.12,80.57,81.21,-0.011751879648777,-0.0116830960204454,0.0161233740453736,0.0158028641075797,0.0137918097573129,False,34.69,-1.730000000000004,0.011751879648777,36.42,0.3200000000000003,36.2,-0.8900000000000006,36.33,-1.3800000000000026,35.56,-1.1799999999999997
2021-11-17,BRN0W.ICE,81.21,81.07,81.23,78.91,79.28,-0.0240525022725868,-0.0237655461150103,0.0162014861907623,0.0167062159036881,0.013949197241202,False,33.75,-0.9399999999999977,0.0240525022725868,34.69,-1.730000000000004,36.1,-0.10000000000000142,37.09,0.7600000000000051,39.44,3.8799999999999955
2021-11-18,BRN0W.ICE,79.28,79.14,80.52,78.37,80.18,0.0112882171926284,0.0113521695257317,0.0145388020108191,0.0171993605260845,0.0135795640433233,False,37.68,3.9299999999999997,0.0112882171926284,33.75,-0.9399999999999977,36.42,0.3200000000000003,36.2,-0.8900000000000006,38.56,-0.8799999999999955
2021-11-19,BRN0W.ICE,80.18,80.12,81.38,77.31,78.08,-0.026540165109524,-0.0261910700922924,0.0138491390919555,0.0176933002714873,0.0143510753796969,False,37.13,-0.5499999999999972,0.026540165109524,37.68,3.9299999999999997,34.69,-1.730000000000004,36.1,-0.10000000000000142,37.84,-0.7199999999999989
2021-11-22,BRN0W.ICE,78.08,77.84,79.33,76.82,78.9,0.0104472857469916,0.010502049180328,0.0154308089697018,0.0182121362025841,0.0142543232171396,False,36.61,-0.5200000000000031,0.0104472857469916,37.13,-0.5499999999999972,33.75,-0.9399999999999977,36.42,0.3200000000000003,37.71,-0.13000000000000256
2021-11-23,BRN0W.ICE,78.9,78.83,81.61,77.85,81.17,0.0283644929212557,0.0287705956907478,0.0202329992511697,0.0182561517200088,0.0152845380641737,False,35.1,-1.509999999999998,0.0283644929212557,36.61,-0.5200000000000031,37.68,3.9299999999999997,34.69,-1.730000000000004,36.33,-1.3800000000000026
2021-11-24,BRN0W.ICE,81.17,80.92,81.88,80.64,81.0,-0.0020965661006456,-0.0020943698410743,0.0201541496462183,0.0182071622823063,0.0152853402147998,False,34.79,-0.3100000000000023,0.0020965661006456,35.1,-1.509999999999998,37.13,-0.5499999999999972,33.75,-0.9399999999999977,37.09,0.7600000000000051
2021-11-25,BRN0W.ICE,81.0,81.06,81.4,80.52,80.98,-0.0002469440684236,-0.0002469135802468,0.019694858692814,0.0173209053229101,0.0151847668702653,False,34.79,0.0,0.0002469440684236,34.79,-0.3100000000000023,36.61,-0.5200000000000031,37.68,3.9299999999999997,36.2,-0.8900000000000006
2021-11-26,BRN0W.ICE,80.98,80.37,80.42,70.99,71.8,-0.1203177345498366,-0.1133613237836503,0.0497046197964711,0.0356731195319923,0.0263725268765108,False,65.72,30.93,0.1203177345498366,34.79,0.0,35.1,-1.509999999999998,37.13,-0.5499999999999972,36.1,-0.10000000000000142
2021-11-29,BRN0W.ICE,71.8,72.65,75.94,72.15,73.26,0.0201302812964898,0.0203342618384401,0.050563971334543,0.0358102343652365,0.026775370322028,False,63.34,-2.3799999999999955,0.0201302812964898,65.72,30.93,34.79,-0.3100000000000023,36.61,-0.5200000000000031,36.42,0.3200000000000003
2021-11-30,BRN0W.ICE,73.26,73.99,74.35,67.45,70.22,-0.0423815866103822,-0.0414960414960415,0.0516199814739851,0.0364856853049959,0.0274482067920345,False,75.23,11.89,0.0423815866103822,63.34,-2.3799999999999955,34.79,0.0,35.1,-1.509999999999998,34.69,-1.730000000000004
2021-12-01,BRN0W.ICE,70.22,69.8,72.87,68.14,68.94,-0.0183966096515668,-0.0182284249501566,0.0503715909484389,0.0363884593443669,0.027497442068583,False,78.18,2.950000000000003,0.0183966096515668,75.23,11.89,65.72,30.93,34.79,-0.3100000000000023,33.75,-0.9399999999999977
2021-12-02,BRN0W.ICE,68.94,69.72,70.7,65.72,70.47,0.0219505262502117,0.0221932114882505,0.0494096696690348,0.037565172016285,0.0279737319972873,False,57.27,-20.910000000000004,0.0219505262502117,78.18,2.950000000000003,63.34,-2.3799999999999955,34.79,0.0,37.68,3.9299999999999997
2021-12-03,BRN0W.ICE,70.47,70.22,72.62,69.24,70.14,-0.004693842626899,-0.0046828437633035,0.0492606441009058,0.0374132889155198,0.0278489221338024,False,64.55,7.279999999999994,0.004693842626899,57.27,-20.910000000000004,75.23,11.89,65.72,30.93,37.13,-0.5499999999999972
2021-12-06,BRN0W.ICE,70.14,70.24,73.8,70.24,73.6,0.0481517810227985,0.0493299116053607,0.0555790993767707,0.0406444499768377,0.0295271423267196,False,56.21,-8.339999999999996,0.0481517810227985,64.55,7.279999999999994,78.18,2.950000000000003,63.34,-2.3799999999999955,36.61,-0.5200000000000031
2021-12-07,BRN0W.ICE,73.6,73.6,76.27,73.2,75.33,0.0232334361027727,0.0235054347826086,0.0304768937169677,0.0410832604160161,0.0299417768724223,False,48.15,-8.060000000000002,0.0232334361027727,56.21,-8.339999999999996,57.27,-20.910000000000004,75.23,11.89,35.1,-1.509999999999998
2021-12-08,BRN0W.ICE,75.33,75.44,76.37,74.38,75.93,0.0079334013875391,0.0079649542015134,0.0299353622853736,0.0409991211018462,0.0298100627352255,False,45.22,-2.9299999999999997,0.0079334013875391,48.15,-8.060000000000002,64.55,7.279999999999994,78.18,2.950000000000003,34.79,-0.3100000000000023
2021-12-09,BRN0W.ICE,75.93,75.94,76.7,73.84,74.01,-0.0256116440157673,-0.0252864480442512,0.025899866068716,0.0409603951859697,0.0300461382390867,False,47.43,2.210000000000001,0.0256116440157673,45.22,-2.9299999999999997,56.21,-8.339999999999996,57.27,-20.910000000000004,34.79,0.0
2021-12-10,BRN0W.ICE,74.01,73.99,75.71,73.8,75.27,0.0168814298370655,0.0170247263883258,0.0233228355873264,0.0411684044076209,0.0302909910213637,False,46.23,-1.2000000000000028,0.0168814298370655,47.43,2.210000000000001,48.15,-8.060000000000002,64.55,7.279999999999994,65.72,30.93
2021-12-13,BRN0W.ICE,75.27,75.37,76.39,74.2,74.32,-0.0127015545408575,-0.0126212302378105,0.0246353822085255,0.0401850535321158,0.0301889512091263,False,45.88,-0.3499999999999943,0.0127015545408575,46.23,-1.2000000000000028,45.22,-2.9299999999999997,56.21,-8.339999999999996,63.34,-2.3799999999999955
2021-12-14,BRN0W.ICE,74.32,74.34,75.01,72.56,73.18,-0.0154579349145221,-0.015339074273412,0.025837209565559,0.0402362384625229,0.0302573243725057,False,54.76,8.879999999999995,0.0154579349145221,45.88,-0.3499999999999943,47.43,2.210000000000001,48.15,-8.060000000000002,75.23,11.89
2021-12-15,BRN0W.ICE,73.18,73.18,74.46,72.45,74.26,0.0146502891578731,0.0147581306367858,0.0189173335449801,0.0406307943727241,0.029974409789388,False,56.53,1.7700000000000031,0.0146502891578731,54.76,8.879999999999995,46.23,-1.2000000000000028,45.22,-2.9299999999999997,78.18,2.950000000000003
2021-12-16,BRN0W.ICE,74.26,74.36,75.47,73.89,74.53,0.0036292801446684,0.0036358739563695,0.0164097179823192,0.0239142612753753,0.0299956487870836,False,49.97,-6.560000000000002,0.0036292801446684,56.53,1.7700000000000031,45.88,-0.3499999999999943,47.43,2.210000000000001,57.27,-20.910000000000004
2021-12-17,BRN0W.ICE,74.53,74.41,74.86,72.67,72.85,-0.0227991962523887,-0.0225412585536026,0.0175302615028785,0.0242525014509027,0.0299055373304078,False,48.31,-1.6599999999999966,0.0227991962523887,49.97,-6.560000000000002,54.76,8.879999999999995,46.23,-1.2000000000000028,64.55,7.279999999999994
2021-12-20,BRN0W.ICE,72.85,72.74,72.86,69.31,72.2,-0.0089624867424331,-0.0089224433768014,0.0154143396164358,0.0212630713767673,0.029726582948694,False,60.24,11.93,0.0089624867424331,48.31,-1.6599999999999966,56.53,1.7700000000000031,45.88,-0.3499999999999943,56.21,-8.339999999999996
2021-12-21,BRN0W.ICE,72.2,71.97,74.25,71.3,73.98,0.0243547405055274,0.0246537396121884,0.0172175878437828,0.0211803255015827,0.0299175177333094,False,52.31,-7.93,0.0243547405055274,60.24,11.93,49.97,-6.560000000000002,54.76,8.879999999999995,48.15,-8.060000000000002
2021-12-22,BRN0W.ICE,73.98,74.0,75.63,73.55,75.62,0.0219260120584788,0.0221681535550148,0.0186986013827414,0.0211788208879118,0.0299200158967808,False,46.0,-6.310000000000002,0.0219260120584788,52.31,-7.93,48.31,-1.6599999999999966,56.53,1.7700000000000031,45.22,-2.9299999999999997
2021-12-23,BRN0W.ICE,75.62,75.43,76.8,74.75,76.51,0.0117006527809736,0.0117693731816979,0.0171068065373477,0.0210521907209355,0.0300387239332005,False,43.71,-2.289999999999999,0.0117006527809736,46.0,-6.310000000000002,60.24,11.93,49.97,-6.560000000000002,47.43,2.210000000000001
2021-12-24,BRN0W.ICE,76.51,76.62,76.62,75.39,75.59,-0.0120974519396752,-0.0120245719513789,0.0179138745534521,0.0177117871698085,0.0300711421649347,False,43.71,0.0,0.0120974519396752,43.71,-2.289999999999999,52.31,-7.93,48.31,-1.6599999999999966,46.23,-1.2000000000000028
2021-12-27,BRN0W.ICE,75.59,76.07,78.68,75.38,78.62,0.0393021206896289,0.0400846672840322,0.0227090484172616,0.0196182314488627,0.0310249786430777,False,43.58,-0.13000000000000256,0.0393021206896289,43.71,0.0,46.0,-6.310000000000002,60.24,11.93,45.88,-0.3499999999999943
2021-12-28,BRN0W.ICE,78.62,78.32,79.48,78.06,78.82,0.0025406517731432,0.0025438819638767,0.0187186932871259,0.0195679218298658,0.0309713715883994,False,41.23,-2.3500000000000014,0.0025406517731432,43.58,-0.13000000000000256,43.71,-2.289999999999999,52.31,-7.93,54.76,8.879999999999995
2021-12-29,BRN0W.ICE,78.82,78.93,80.03,78.1,79.2,0.0048095270535227,0.0048211113930476,0.0168726624661215,0.0177947230085969,0.0306773354412412,False,40.24,-0.9899999999999949,0.0048095270535227,41.23,-2.3500000000000014,43.71,0.0,46.0,-6.310000000000002,56.53,1.7700000000000031
2021-12-30,BRN0W.ICE,79.2,79.06,80.02,78.41,79.14,-0.0007578628631019,-0.0007575757575757,0.0167799479312293,0.0174986463385313,0.0306027783181681,False,40.2,-0.03999999999999915,0.0007578628631019,40.24,-0.9899999999999949,43.58,-0.13000000000000256,43.71,-2.289999999999999,49.97,-6.560000000000002
2021-12-31,BRN0W.ICE,79.14,78.81,79.68,77.55,77.94,-0.015279136046715,-0.0151630022744503,0.01807886430552,0.0176955964040113,0.0303394685154936,False,42.62,2.4199999999999946,0.015279136046715,40.2,-0.03999999999999915,41.23,-2.3500000000000014,43.71,0.0,48.31,-1.6599999999999966
2022-01-03,BRN0W.ICE,79.14,78.11,79.28,77.04,78.91,0.0123686626223804,0.0124454708750321,0.0181260369682616,0.0169624303119596,0.0303644313258321,False,37.57,-5.049999999999997,0.0123686626223804,42.62,2.4199999999999946,40.24,-0.9899999999999949,43.58,-0.13000000000000256,60.24,11.93
2022-01-04,BRN0W.ICE,77.94,78.91,80.55,78.62,80.16,0.0157166748036111,0.0158408313268281,0.0169116087332023,0.0170095671734655,0.0300431907647026,False,39.48,1.9099999999999966,0.0157166748036111,37.57,-5.049999999999997,40.2,-0.03999999999999915,41.23,-2.3500000000000014,52.31,-7.93
2022-01-05,BRN0W.ICE,80.16,80.07,81.5,79.51,80.24,0.0009975063171253,0.0009980039920158,0.0100430511857486,0.0170458703476273,0.0300425382846561,False,44.49,5.010000000000005,0.0009975063171253,39.48,1.9099999999999966,42.62,2.4199999999999946,40.24,-0.9899999999999949,46.0,-6.310000000000002
2022-01-06,BRN0W.ICE,80.24,80.22,82.83,79.61,81.98,0.0214531714225116,0.0216849451645066,0.0122314608125901,0.0154700336594554,0.030304311738542,False,36.86,-7.630000000000003,0.0214531714225116,44.49,5.010000000000005,37.57,-5.049999999999997,40.2,-0.03999999999999915,43.71,-2.289999999999999
2022-01-07,BRN0W.ICE,81.98,82.0,83.0,81.42,81.93,-0.0006100909224681,-0.0006099048548425,0.0124603653080817,0.0148980222499999,0.0199832631058172,False,37.0,0.14000000000000057,0.0006100909224681,36.86,-7.630000000000003,39.48,1.9099999999999966,42.62,2.4199999999999946,43.71,0.0
2022-01-10,BRN0W.ICE,81.93,81.76,82.3,80.5,81.0,-0.0114160694812846,-0.0113511534236544,0.0138340578041996,0.0151332235840261,0.0199569249356919,False,37.65,0.6499999999999986,0.0114160694812846,37.0,0.14000000000000057,44.49,5.010000000000005,37.57,-5.049999999999997,43.58,-0.13000000000000256
2022-01-11,BRN0W.ICE,81.0,81.08,83.98,80.89,83.75,0.0333870160327369,0.0339506172839505,0.0151006154671766,0.0162984688697824,0.0187266173483418,False,34.31,-3.3399999999999963,0.0333870160327369,37.65,0.6499999999999986,36.86,-7.630000000000003,39.48,1.9099999999999966,41.23,-2.3500000000000014
2022-01-12,BRN0W.ICE,83.75,83.78,85.21,83.52,84.84,0.0129309589913059,0.0130149253731344,0.0151151225095299,0.0163273480998636,0.0181924193371162,False,34.39,0.0799999999999983,0.0129309589913059,34.31,-3.3399999999999963,37.0,0.14000000000000057,44.49,5.010000000000005,40.24,-0.9899999999999949
2022-01-13,BRN0W.ICE,84.84,84.87,85.1,83.79,84.11,-0.0086416637221357,-0.0086044318717586,0.0164214606837542,0.0160336826022247,0.0181781135015324,False,37.11,2.719999999999999,0.0086416637221357,34.39,0.0799999999999983,37.65,0.6499999999999986,36.86,-7.630000000000003,40.2,-0.03999999999999915
2022-01-14,BRN0W.ICE,84.11,84.12,86.5,83.99,86.47,0.0276720669979929,0.0280584948282012,0.0178628854125541,0.014493754207975,0.0184856686914184,False,41.18,4.07,0.0276720669979929,37.11,2.719999999999999,34.31,-3.3399999999999963,37.0,0.14000000000000057,42.62,2.4199999999999946
2022-01-17,BRN0W.ICE,86.47,86.15,86.71,85.54,86.53,0.0006936416463086,0.000693882271308,0.0174961330075841,0.014543807011093,0.016793782262456,False,41.18,0.0,0.0006936416463086,41.18,4.07,34.39,0.0799999999999983,37.65,0.6499999999999986,37.57,-5.049999999999997
2022-01-18,BRN0W.ICE,86.53,86.47,88.66,86.44,88.57,0.0233020252028441,0.0235756385068761,0.0179284590293234,0.0151877312913468,0.0167962990253307,False,42.28,1.1000000000000014,0.0233020252028441,41.18,0.0,37.11,2.719999999999999,34.31,-3.3399999999999963,39.48,1.9099999999999966
2022-01-19,BRN0W.ICE,88.57,87.92,88.29,86.78,86.88,-0.0192653436358663,-0.0190809529185954,0.019728863168033,0.016734170158035,0.0173786448050762,False,42.75,0.46999999999999886,0.0192653436358663,42.28,1.1000000000000014,41.18,4.07,34.39,0.0799999999999983,44.49,5.010000000000005
2022-01-20,BRN0W.ICE,86.88,86.92,88.69,86.27,86.67,-0.0024200530393717,-0.0024171270718231,0.0171285087441437,0.0157616986208017,0.0164863458306406,False,41.15,-1.6000000000000014,0.0024200530393717,42.75,0.46999999999999886,41.18,0.0,37.11,2.719999999999999,36.86,-7.630000000000003
2022-01-21,BRN0W.ICE,86.67,85.99,87.41,84.95,87.07,0.0046045896942705,0.0046152071074188,0.016762727947963,0.0157169058053091,0.0163397382367409,False,42.57,1.4200000000000017,0.0046045896942705,41.15,-1.6000000000000014,42.28,1.1000000000000014,41.18,4.07,37.0,0.14000000000000057
2022-01-24,BRN0W.ICE,87.07,87.07,88.09,84.22,86.32,-0.0086510718906449,-0.0086137590444469,0.0167638833606995,0.01602700797251,0.0162058567677758,False,47.84,5.270000000000003,0.0086510718906449,42.57,1.4200000000000017,42.75,0.46999999999999886,41.18,0.0,37.65,0.6499999999999986
2022-01-25,BRN0W.ICE,86.32,85.99,87.36,85.28,87.1,0.008995562908578,0.0090361445783133,0.0134778260598988,0.0160048260188954,0.0157505212383507,False,47.63,-0.21000000000000085,0.008995562908578,47.84,5.270000000000003,41.15,-1.6000000000000014,42.28,1.1000000000000014,34.31,-3.3399999999999963
2022-01-26,BRN0W.ICE,87.1,86.98,89.27,86.71,88.53,0.0162845937645007,0.0164179104477613,0.0146489762505338,0.0156736453133855,0.0157849601453555,False,45.67,-1.9600000000000009,0.0162845937645007,47.63,-0.21000000000000085,42.57,1.4200000000000017,42.75,0.46999999999999886,34.39,0.0799999999999983
2022-01-27,BRN0W.ICE,88.53,88.5,89.74,87.79,88.88,0.0039456677084167,0.0039534621032417,0.0117826560550294,0.0155842829925344,0.0157835247041715,False,46.9,1.2299999999999969,0.0039456677084167,45.67,-1.9600000000000009,47.84,5.270000000000003,41.15,-1.6000000000000014,37.11,2.719999999999999
2022-01-28,BRN0W.ICE,88.88,88.81,90.27,88.15,88.88,0.0,0.0,0.0080578998073426,0.014896784306785,0.0148784725122999,False,47.74,0.8400000000000034,0.0,46.9,1.2299999999999969,47.63,-0.21000000000000085,42.57,1.4200000000000017,41.18,4.07
2022-01-31,BRN0W.ICE,88.88,89.2,89.8,88.09,89.31,0.0048263183644201,0.0048379837983798,0.0076636928402888,0.012752097542407,0.0145903882499847,False,42.35,-5.390000000000001,0.0048263183644201,47.74,0.8400000000000034,45.67,-1.9600000000000009,47.84,5.270000000000003,41.18,0.0
2022-02-01,BRN0W.ICE,88.88,89.62,89.96,87.72,89.29,-0.0002239641666696,-0.0002239390885678,0.007845441888045,0.0125737277610272,0.0142740971192557,False,41.31,-1.0399999999999991,0.0002239641666696,42.35,-5.390000000000001,46.9,1.2299999999999969,47.63,-0.21000000000000085,42.28,1.1000000000000014
2022-02-02,BRN0W.ICE,88.88,89.48,90.52,88.28,89.34,0.0005598163948475,0.0005599731212901,0.0060055514064821,0.01211378540959,0.0139963251545924,False,41.86,0.5499999999999972,0.0005598163948475,41.31,-1.0399999999999991,47.74,0.8400000000000034,45.67,-1.9600000000000009,42.75,0.46999999999999886
2022-02-03,BRN0W.ICE,88.88,89.07,91.3,88.02,91.07,0.0191791256557545,0.0193642265502573,0.0080462067460459,0.0110167786111956,0.0141749667286688,False,42.15,0.28999999999999915,0.0191791256557545,41.86,0.5499999999999972,42.35,-5.390000000000001,46.9,1.2299999999999969,41.15,-1.6000000000000014
2022-02-04,BRN0W.ICE,88.88,91.3,93.7,91.2,92.52,0.0157963957835113,0.0159218183814648,0.0079474294098573,0.011431158116046,0.0138716399331085,False,43.88,1.730000000000004,0.0157963957835113,42.15,0.28999999999999915,41.31,-1.0399999999999991,47.74,0.8400000000000034,42.57,1.4200000000000017
2022-02-07,BRN0W.ICE,88.88,92.75,94.0,92.13,92.95,0.0046368768042145,0.0046476437527021,0.0079175747230536,0.0101178993855154,0.0124347895257931,False,43.34,-0.5399999999999991,0.0046368768042145,43.88,1.730000000000004,41.86,0.5499999999999972,42.35,-5.390000000000001,47.84,5.270000000000003
2022-02-08,BRN0W.ICE,92.95,92.63,92.93,89.93,91.32,-0.0176918925058583,-0.0175363098440022,0.0120467419416017,0.0098514253714645,0.0131343743335914,False,41.26,-2.0800000000000054,0.0176918925058583,43.34,-0.5399999999999991,42.15,0.28999999999999915,41.31,-1.0399999999999991,47.63,-0.21000000000000085
2022-02-09,BRN0W.ICE,91.32,91.08,92.09,90.05,91.8,0.00524247596485,0.0052562417871222,0.0120532791090522,0.0097053958876351,0.0131345016582466,False,39.4,-1.8599999999999994,0.00524247596485,41.26,-2.0800000000000054,43.88,1.730000000000004,41.86,0.5499999999999972,45.67,-1.9600000000000009
2022-02-10,BRN0W.ICE,91.8,91.75,93.1,90.88,91.45,-0.0038199227895699,-0.0038126361655772,0.0123331285728336,0.0099307528918683,0.0131919277989298,False,43.81,4.410000000000004,0.0038199227895699,39.4,-1.8599999999999994,43.34,-0.5399999999999991,42.15,0.28999999999999915,46.9,1.2299999999999969
2022-02-11,BRN0W.ICE,91.45,91.17,95.66,90.51,95.1,0.0391365947144699,0.039912520503007,0.0181105155111033,0.0131286877701218,0.0140465081757417,False,47.44,3.6299999999999955,0.0391365947144699,43.81,4.410000000000004,41.26,-2.0800000000000054,43.88,1.730000000000004,47.74,0.8400000000000034
2022-02-14,BRN0W.ICE,95.1,95.2,96.78,93.44,95.85,0.0078554999403088,0.0078864353312302,0.0175387126106886,0.0131183491622325,0.0140070733269536,False,48.83,1.3900000000000006,0.0078554999403088,47.44,3.6299999999999955,39.4,-1.8599999999999994,43.34,-0.5399999999999991,42.35,-5.390000000000001
2022-02-15,BRN0W.ICE,95.85,93.71,94.04,90.09,91.28,-0.0488527639378332,-0.0476786645800729,0.0268655426503504,0.0195060218559649,0.0171479356179513,False,48.36,-0.46999999999999886,0.0488527639378332,48.83,1.3900000000000006,43.81,4.410000000000004,41.26,-2.0800000000000054,41.31,-1.0399999999999991
2022-02-16,BRN0W.ICE,91.28,91.25,93.5,89.11,89.93,-0.014900115627396,-0.0147896581945661,0.0270838535947871,0.020018715409284,0.0174965750613058,False,49.38,1.0200000000000031,0.014900115627396,48.36,-0.46999999999999886,47.44,3.6299999999999955,39.4,-1.8599999999999994,41.86,0.5499999999999972
2022-02-17,BRN0W.ICE,89.93,90.16,92.18,89.93,90.71,0.0086360147004284,0.0086734126542864,0.0268086644191004,0.0201236577307525,0.0172047093516697,False,53.14,3.759999999999998,0.0086360147004284,49.38,1.0200000000000031,48.83,1.3900000000000006,43.81,4.410000000000004,42.15,0.28999999999999915
2022-02-18,BRN0W.ICE,90.71,90.54,91.98,88.25,91.4,0.0075778738332516,0.0076066585822953,0.0269130095200892,0.0201724864058935,0.0172042883931902,False,52.01,-1.1300000000000026,0.0075778738332516,53.14,3.759999999999998,48.36,-0.46999999999999886,47.44,3.6299999999999955,43.88,1.730000000000004
2022-02-21,BRN0W.ICE,91.4,92.03,94.93,90.41,94.89,0.0374728475255627,0.0381838074398248,0.0303957719891436,0.0223058605838163,0.0180242715749669,False,52.01,0.0,0.0374728475255627,52.01,-1.1300000000000026,49.38,1.0200000000000031,48.83,1.3900000000000006,43.34,-0.5399999999999991
2022-02-22,BRN0W.ICE,94.89,94.01,96.49,92.93,93.48,-0.0149708163150099,-0.0148593107809041,0.0270446779703932,0.0228871988799439,0.0175804326132195,False,50.11,-1.8999999999999986,0.0149708163150099,52.01,0.0,53.14,3.759999999999998,48.36,-0.46999999999999886,41.26,-2.0800000000000054
2022-02-23,BRN0W.ICE,93.48,93.7,95.73,92.81,94.73,0.013283230216786,0.0133718442447583,0.0274640948104099,0.0226239934958639,0.0175869522982525,False,50.51,0.3999999999999986,0.013283230216786,50.11,-1.8999999999999986,52.01,-1.1300000000000026,49.38,1.0200000000000031,39.4,-1.8599999999999994
2022-02-24,BRN0W.ICE,94.73,95.37,102.26,94.12,95.89,0.0121709612781466,0.0122453288293042,0.0180745869532087,0.0224842861488616,0.0174945797185359,False,49.04,-1.4699999999999989,0.0121709612781466,50.51,0.3999999999999986,52.01,0.0,53.14,3.759999999999998,43.81,4.410000000000004
2022-02-25,BRN0W.ICE,95.89,97.15,98.36,92.75,94.56,-0.0139671475078017,-0.0138700594431119,0.0178883297784031,0.0228977726049793,0.0172318408259833,False,49.5,0.46000000000000085,0.0139671475078017,49.04,-1.4699999999999989,50.11,-1.8999999999999986,52.01,-1.1300000000000026,47.44,3.6299999999999955
2022-02-28,BRN0W.ICE,94.56,96.34,101.28,96.34,98.12,0.0369566657325006,0.0376480541455162,0.0211753217842297,0.0240534816899309,0.0183043400981393,False,52.5,3.0,0.0369566657325006,49.5,0.46000000000000085,50.51,0.3999999999999986,52.01,0.0,48.83,1.3900000000000006
2022-03-01,BRN0W.ICE,98.12,98.43,107.67,98.3,107.65,0.0926940044200835,0.0971259682022014,0.0371495787370715,0.033561155708186,0.0242285084177704,False,61.43,8.93,0.0926940044200835,52.5,3.0,49.04,-1.4699999999999989,50.11,-1.8999999999999986,48.36,-0.46999999999999886
2022-03-02,BRN0W.ICE,107.65,107.34,115.11,106.83,114.54,0.0620388831553391,0.0640037157454713,0.0397709638426151,0.0358076913721864,0.0257464211694876,False,61.53,0.10000000000000142,0.0620388831553391,61.43,8.93,49.5,0.46000000000000085,50.51,0.3999999999999986,49.38,1.0200000000000031
2022-03-03,BRN0W.ICE,114.54,115.27,119.84,109.4,110.44,-0.0364517199037576,-0.035795355334381,0.0441288942114219,0.0377119322213403,0.0269960505703946,False,64.37,2.8400000000000034,0.0364517199037576,61.53,0.10000000000000142,52.5,3.0,49.04,-1.4699999999999989,53.14,3.759999999999998
2022-03-04,BRN0W.ICE,110.44,114.23,118.98,109.62,118.05,0.0666358764695681,0.0689061934081853,0.0465473210073876,0.0405392101677906,0.0290204515362248,False,77.29,12.920000000000002,0.0666358764695681,64.37,2.8400000000000034,61.43,8.93,49.5,0.46000000000000085,52.01,-1.1300000000000026
2022-03-07,BRN0W.ICE,118.05,122.79,139.13,119.04,124.37,0.0521527301341277,0.0535366370182126,0.0462408640748332,0.0371723352771117,0.0297757978558447,False,78.91,1.6199999999999903,0.0521527301341277,77.29,12.920000000000002,61.53,0.10000000000000142,52.5,3.0,52.01,0.0
2022-03-08,BRN0W.ICE,124.37,124.56,133.15,121.31,129.47,0.0401882004049061,0.0410066736351208,0.0404278317905972,0.0358470443530261,0.0302025624315784,False,75.82,-3.0900000000000034,0.0401882004049061,78.91,1.6199999999999903,64.37,2.8400000000000034,61.43,8.93,50.11,-1.8999999999999986
2022-03-09,BRN0W.ICE,129.47,130.28,131.64,105.6,112.51,-0.1404070874875753,-0.1309955974356993,0.0812237302506958,0.0571887137209017,0.0411996651464822,False,73.25,-2.569999999999993,0.1404070874875753,75.82,-3.0900000000000034,77.29,12.920000000000002,61.53,0.10000000000000142,50.51,0.3999999999999986
2022-03-10,BRN0W.ICE,112.51,112.65,118.36,109.0,109.18,-0.0300442102293689,-0.0295973691227445,0.0758740644461713,0.0584536725267725,0.0417780240009041,False,67.34,-5.909999999999997,0.0300442102293689,73.25,-2.569999999999993,78.91,1.6199999999999903,64.37,2.8400000000000034,49.04,-1.4699999999999989
2022-03-11,BRN0W.ICE,109.18,106.35,109.93,103.03,108.5,-0.0062477233730974,-0.0062282469316725,0.0711110002719773,0.0581954954592178,0.0418289249438419,False,68.01,0.6700000000000017,0.0062477233730974,67.34,-5.909999999999997,75.82,-3.0900000000000034,77.29,12.920000000000002,49.5,0.46000000000000085
2022-03-14,BRN0W.ICE,108.5,109.36,109.38,100.66,102.7,-0.0549380560460016,-0.0534562211981566,0.0726809823495229,0.0604295769779774,0.0433154691141031,False,65.42,-2.5900000000000034,0.0549380560460016,68.01,0.6700000000000017,73.25,-2.569999999999993,78.91,1.6199999999999903,52.5,3.0
2022-03-15,BRN0W.ICE,102.7,102.07,102.44,94.75,96.54,-0.0618546867021656,-0.0599805258033105,0.0658973861320221,0.0630802423928022,0.0449842840667049,False,63.62,-1.8000000000000043,0.0618546867021656,65.42,-2.5900000000000034,67.34,-5.909999999999997,75.82,-3.0900000000000034,61.43,8.93
2022-03-16,BRN0W.ICE,96.54,96.91,101.18,94.61,95.51,-0.0107264761857006,-0.0106691526828257,0.0566735423892115,0.0630749899538147,0.0450491020593495,False,59.35,-4.269999999999996,0.0107264761857006,63.62,-1.8000000000000043,68.01,0.6700000000000017,73.25,-2.569999999999993,61.53,0.10000000000000142
2022-03-17,BRN0W.ICE,95.51,96.17,104.41,95.39,103.95,0.0846790602573757,0.0883677101874149,0.0681912524099918,0.0668271300106052,0.0474237354255536,False,67.78,8.43,0.0846790602573757,59.35,-4.269999999999996,65.42,-2.5900000000000034,67.34,-5.909999999999997,64.37,2.8400000000000034
2022-03-18,BRN0W.ICE,103.95,103.76,106.46,102.94,105.4,0.01385262180324,0.0139490139490139,0.0494209871087527,0.0663073869466891,0.047408967047002,False,69.09,1.3100000000000023,0.01385262180324,67.78,8.43,63.62,-1.8000000000000043,68.01,0.6700000000000017,77.29,12.920000000000002
2022-03-21,BRN0W.ICE,105.4,105.0,113.05,104.29,112.46,0.0648349667567936,0.0669829222011384,0.0554363473828037,0.0638492850488042,0.0486787147146977,False,70.78,1.6899999999999977,0.0648349667567936,69.09,1.3100000000000023,59.35,-4.269999999999996,65.42,-2.5900000000000034,78.91,1.6199999999999903
2022-03-22,BRN0W.ICE,112.46,113.89,115.5,109.31,110.93,-0.0136982311134872,-0.0136048372754755,0.0557416937449963,0.0616438604296475,0.0486161171295815,False,69.56,-1.2199999999999989,0.0136982311134872,70.78,1.6899999999999977,67.78,8.43,63.62,-1.8000000000000043,75.82,-3.0900000000000034
2022-03-23,BRN0W.ICE,110.93,110.93,118.2,110.78,117.66,0.0588997376857415,0.0606688902911745,0.0524755676171984,0.0628348329034989,0.0495469622066173,False,72.59,3.030000000000001,0.0588997376857415,69.56,-1.2199999999999989,69.09,1.3100000000000023,59.35,-4.269999999999996,73.25,-2.569999999999993
2022-03-24,BRN0W.ICE,117.66,117.7,119.74,113.41,114.6,-0.0263513051556707,-0.0260071392146864,0.0444053340630462,0.0606404736258468,0.0499060563264829,False,69.14,-3.450000000000003,0.0263513051556707,72.59,3.030000000000001,70.78,1.6899999999999977,67.78,8.43,67.34,-5.909999999999997
2022-03-25,BRN0W.ICE,114.6,115.22,117.62,111.88,116.83,0.0192720824484178,0.0194589877835951,0.041810987564791,0.0589911539732629,0.0496029899594753,False,68.91,-0.23000000000000398,0.0192720824484178,69.14,-3.450000000000003,69.56,-1.2199999999999989,69.09,1.3100000000000023,68.01,0.6700000000000017
2022-03-28,BRN0W.ICE,116.83,115.79,116.03,106.06,106.6,-0.0916363749973129,-0.0875631259094411,0.0538899945357814,0.0617703688588133,0.052759627968676,False,67.04,-1.8699999999999903,0.0916363749973129,68.91,-0.23000000000000398,72.59,3.030000000000001,70.78,1.6899999999999977,65.42,-2.5900000000000034
2022-03-29,BRN0W.ICE,106.6,107.21,111.8,102.19,108.56,0.0182195037948696,0.0183864915572233,0.0540535406389005,0.0502513035540354,0.0518764643026839,False,62.46,-4.580000000000005,0.0182195037948696,67.04,-1.8699999999999903,69.14,-3.450000000000003,69.56,-1.2199999999999989,63.62,-1.8000000000000043
2022-03-30,BRN0W.ICE,108.56,109.6,112.28,107.93,111.0,0.0222271857857203,0.0224760501105378,0.0481688947952354,0.0499927846009989,0.0518089410384806,False,61.04,-1.4200000000000017,0.0222271857857203,62.46,-4.580000000000005,68.91,-0.23000000000000398,72.59,3.030000000000001,59.35,-4.269999999999996
2022-03-31,BRN0W.ICE,111.0,110.99,111.16,104.06,105.65,-0.0493984572502683,-0.0481981981981981,0.0514111854740992,0.0517840982317879,0.0528199925106267,False,57.66,-3.3800000000000026,0.0493984572502683,61.04,-1.4200000000000017,67.04,-1.8699999999999903,69.14,-3.450000000000003,67.78,8.43
2022-04-01,BRN0W.ICE,105.65,105.25,106.24,102.35,104.75,-0.0085551852598186,-0.008518693800284,0.0425690767934433,0.0495661296140818,0.0528758039607594,False,54.36,-3.299999999999997,0.0085551852598186,57.66,-3.3800000000000026,62.46,-4.580000000000005,68.91,-0.23000000000000398,69.09,1.3100000000000023
2022-04-04,BRN0W.ICE,105.65,104.08,108.68,102.89,107.98,0.0303694659878938,0.030835322195704,0.0456883637212773,0.0465475792214049,0.0527389922155415,False,54.31,-0.04999999999999716,0.0303694659878938,54.36,-3.299999999999997,61.04,-1.4200000000000017,67.04,-1.8699999999999903,70.78,1.6899999999999977
2022-04-05,BRN0W.ICE,105.65,108.51,109.9,104.53,105.68,-0.0215303645760709,-0.0213002407853305,0.0441308779449561,0.0469695557678054,0.0528351849811388,False,53.8,-0.5100000000000051,0.0215303645760709,54.31,-0.04999999999999716,57.66,-3.3800000000000026,62.46,-4.580000000000005,69.56,-1.2199999999999989
2022-04-06,BRN0W.ICE,104.75,105.7,108.67,100.54,101.65,-0.0388801201397142,-0.0381339894019682,0.0313951930609878,0.042712348844344,0.0533777206747255,False,53.15,-0.6499999999999986,0.0388801201397142,53.8,-0.5100000000000051,54.36,-3.299999999999997,61.04,-1.4200000000000017,72.59,3.030000000000001
2022-04-07,BRN0W.ICE,101.65,101.78,103.59,98.41,101.41,-0.0023638344504507,-0.0023610427939007,0.0295731692148632,0.0424803637059958,0.053351463950762,False,54.23,1.0799999999999983,0.0023638344504507,53.15,-0.6499999999999986,54.31,-0.04999999999999716,57.66,-3.3800000000000026,69.14,-3.450000000000003
2022-04-08,BRN0W.ICE,101.41,101.42,103.3,99.65,102.4,0.0097150069815025,0.0097623508529731,0.0276340353887401,0.038058128178254,0.0532842804606095,False,53.14,-1.0899999999999963,0.0097150069815025,54.23,1.0799999999999983,53.8,-0.5100000000000051,54.36,-3.299999999999997,68.91,-0.23000000000000398
2022-04-11,BRN0W.ICE,102.4,103.21,103.3,97.57,99.35,-0.0302377436075816,-0.0297851562500001,0.0239617313240851,0.0385458723438622,0.0532048924404342,False,54.81,1.6700000000000017,0.0302377436075816,53.14,-1.0899999999999963,53.15,-0.6499999999999986,54.31,-0.04999999999999716,67.04,-1.8699999999999903
2022-04-12,BRN0W.ICE,99.35,99.35,105.6,98.9,104.93,0.0546444921719938,0.0561650729743332,0.033905295640314,0.0379916218193537,0.0513504661311346,False,55.25,0.4399999999999977,0.0546444921719938,54.81,1.6700000000000017,54.23,1.0799999999999983,53.8,-0.5100000000000051,62.46,-4.580000000000005
2022-04-13,BRN0W.ICE,104.93,104.97,108.31,103.55,108.11,0.0298557661348603,0.0303059182312017,0.0338296985792402,0.0388829323571275,0.0503170469683493,False,51.2,-4.049999999999997,0.0298557661348603,55.25,0.4399999999999977,53.14,-1.0899999999999963,53.15,-0.6499999999999986,61.04,-1.4200000000000017
2022-04-14,BRN0W.ICE,108.11,107.53,111.41,105.9,109.9,0.0164216341048957,0.0165572102488207,0.0327973392653822,0.038758034932167,0.0499909499261712,False,53.38,2.1799999999999997,0.0164216341048957,51.2,-4.049999999999997,54.81,1.6700000000000017,54.23,1.0799999999999983,57.66,-3.3800000000000026
2022-04-18,BRN0W.ICE,109.9,111.07,113.61,109.63,111.56,0.0149917013497125,0.0151046405823476,0.0262989515648893,0.0297105025550377,0.0484776480761521,False,50.94,-2.440000000000005,0.0149917013497125,53.38,2.1799999999999997,55.25,0.4399999999999977,53.14,-1.0899999999999963,54.36,-3.299999999999997
2022-04-19,BRN0W.ICE,111.56,111.73,112.87,106.15,107.02,-0.0415468298761297,-0.0406955898171388,0.0333978082534285,0.0316259735804141,0.0478909487772545,False,50.34,-0.5999999999999943,0.0415468298761297,50.94,-2.440000000000005,51.2,-4.049999999999997,54.81,1.6700000000000017,54.31,-0.04999999999999716
2022-04-20,BRN0W.ICE,107.02,107.6,108.43,104.33,106.75,-0.0025260807744246,-0.0025228929172117,0.0335941263990882,0.0309101346695231,0.0471298198618831,False,52.23,1.8899999999999935,0.0025260807744246,50.34,-0.5999999999999943,53.38,2.1799999999999997,55.25,0.4399999999999977,53.8,-0.5100000000000051
2022-04-21,BRN0W.ICE,106.75,106.64,109.37,106.35,108.4,0.0153384368968119,0.0154566744730679,0.0295912531170095,0.0281171150304159,0.0398840756285396,False,49.86,-2.3699999999999974,0.0153384368968119,52.23,1.8899999999999935,50.94,-2.440000000000005,51.2,-4.049999999999997,53.15,-0.6499999999999986
2022-04-22,BRN0W.ICE,108.4,107.86,108.4,105.04,105.72,-0.0250339992694574,-0.0247232472324724,0.0257301373521379,0.0289190430150138,0.0397696318857232,False,51.15,1.2899999999999991,0.0250339992694574,49.86,-2.3699999999999974,50.34,-0.5999999999999943,53.38,2.1799999999999997,54.23,1.0799999999999983
2022-04-25,BRN0W.ICE,105.72,105.01,105.37,99.25,102.38,-0.0321027087066512,-0.0315928868709799,0.024818772184002,0.0288014641036773,0.0401638212464288,False,52.86,1.7100000000000009,0.0321027087066512,51.15,1.2899999999999991,52.23,1.8899999999999935,50.94,-2.440000000000005,53.14,-1.0899999999999963
2022-04-26,BRN0W.ICE,102.38,102.3,105.81,100.91,104.87,0.0240301068168766,0.0243211564758742,0.0261843401040058,0.0292154499397741,0.0391451265263776,False,53.57,0.7100000000000009,0.0240301068168766,52.86,1.7100000000000009,49.86,-2.3699999999999974,50.34,-0.5999999999999943,54.81,1.6700000000000017
2022-04-27,BRN0W.ICE,104.87,105.06,105.98,103.0,104.94,0.0006672704122517,0.0006674930866785,0.024726366508504,0.0270563363880479,0.0373219345469699,False,53.38,-0.18999999999999773,0.0006672704122517,53.57,0.7100000000000009,51.15,1.2899999999999991,52.23,1.8899999999999935,55.25,0.4399999999999977
2022-04-28,BRN0W.ICE,104.94,104.77,107.71,102.9,107.12,0.0205609431243513,0.0207737754907566,0.0219827690398649,0.0274449054205217,0.0373685829500655,False,51.94,-1.4400000000000048,0.0205609431243513,53.38,-0.18999999999999773,52.86,1.7100000000000009,49.86,-2.3699999999999974,51.2,-4.049999999999997
2022-04-29,BRN0W.ICE,107.12,107.07,110.0,106.08,106.08,-0.0097561749453647,-0.0097087378640777,0.0222961740326796,0.0276210458525286,0.0341626556211243,False,53.1,1.1600000000000037,0.0097561749453647,51.94,-1.4400000000000048,53.57,0.7100000000000009,51.15,1.2899999999999991,53.38,2.1799999999999997
2022-05-02,BRN0W.ICE,107.12,106.3,108.46,103.1,107.64,0.0145987994211526,0.0147058823529411,0.0222079748304482,0.026087206077013,0.0341728498710826,False,54.15,1.0499999999999972,0.0145987994211526,53.1,1.1600000000000037,53.38,-0.18999999999999773,52.86,1.7100000000000009,50.94,-2.440000000000005
2022-05-03,BRN0W.ICE,107.12,107.61,108.32,104.62,105.94,-0.0159194297423244,-0.0157933853586027,0.0207859983375413,0.0224750903064916,0.0320621282404113,False,54.04,-0.10999999999999943,0.0159194297423244,54.15,1.0499999999999972,51.94,-1.4400000000000048,53.57,0.7100000000000009,50.34,-0.5999999999999943
2022-05-04,BRN0W.ICE,107.12,105.91,111.0,105.46,110.22,0.0396054723387085,0.0404002265433263,0.0198039757804898,0.0235727685324256,0.0328580546463461,False,53.15,-0.8900000000000006,0.0396054723387085,54.04,-0.10999999999999943,53.1,1.1600000000000037,53.38,-0.18999999999999773,52.23,1.8899999999999935
2022-05-05,BRN0W.ICE,106.08,110.55,114.0,109.2,111.06,0.0075922273583719,0.0076211213935766,0.0188914591996958,0.0232553790224344,0.0309552803041492,False,54.72,1.5700000000000003,0.0075922273583719,53.15,-0.8900000000000006,54.15,1.0499999999999972,51.94,-1.4400000000000048,49.86,-2.3699999999999974
2022-05-06,BRN0W.ICE,111.06,111.27,113.5,109.87,113.22,0.0192622327950527,0.019448946515397,0.0189641269051798,0.0234834453781281,0.0308340876824384,False,54.82,0.10000000000000142,0.0192622327950527,54.72,1.5700000000000003,54.04,-0.10999999999999943,53.1,1.1600000000000037,51.15,1.2899999999999991
2022-05-09,BRN0W.ICE,113.22,112.94,113.2,105.0,105.25,-0.0729943560460229,-0.0703939233350997,0.0361544677003475,0.0287788544710805,0.0333062904655989,False,57.9,3.0799999999999983,0.0729943560460229,54.82,0.10000000000000142,53.15,-0.8900000000000006,54.15,1.0499999999999972,52.86,1.7100000000000009
2022-05-10,BRN0W.ICE,105.25,105.5,106.96,101.54,101.6,-0.0352949374181093,-0.0346793349168647,0.0382355461933814,0.0301935716926915,0.0295394082851401,False,56.06,-1.8399999999999963,0.0352949374181093,57.9,3.0799999999999983,54.72,1.5700000000000003,54.04,-0.10999999999999943,53.57,0.7100000000000009
2022-05-11,BRN0W.ICE,101.6,101.51,108.29,101.3,107.51,0.0565403313527552,0.0581692913385827,0.0447608576726455,0.0339488265204386,0.031207514907279,False,53.43,-2.6300000000000026,0.0565403313527552,56.06,-1.8399999999999963,54.82,0.10000000000000142,53.15,-0.8900000000000006,53.38,-0.18999999999999773
2022-05-12,BRN0W.ICE,107.51,107.67,108.71,104.69,107.92,0.0038063454023637,0.0038135987350014,0.044221960039006,0.0332185520640383,0.0309284795214641,False,52.71,-0.7199999999999989,0.0038063454023637,53.43,-2.6300000000000026,57.9,3.0799999999999983,54.72,1.5700000000000003,51.94,-1.4400000000000048
2022-05-13,BRN0W.ICE,107.92,108.25,111.69,107.79,111.22,0.0301200098599174,0.0305782060785766,0.0430299178812078,0.0325365403815126,0.0300264054115109,False,51.22,-1.490000000000002,0.0301200098599174,52.71,-0.7199999999999989,56.06,-1.8399999999999963,54.82,0.10000000000000142,53.1,1.1600000000000037
2022-05-16,BRN0W.ICE,111.22,111.67,114.79,108.84,114.03,0.0249513499098492,0.0252652400647366,0.0439441440299889,0.0325769004035647,0.0302536140459239,False,51.89,0.6700000000000017,0.0249513499098492,51.22,-1.490000000000002,53.43,-2.6300000000000026,57.9,3.0799999999999983,54.15,1.0499999999999972
2022-05-17,BRN0W.ICE,114.03,112.12,113.43,109.12,110.65,-0.0300895051722083,-0.0296413224590019,0.0449908422811108,0.0339701340832303,0.030369291456014,False,50.34,-1.5499999999999972,0.0300895051722083,51.89,0.6700000000000017,52.71,-0.7199999999999989,56.06,-1.8399999999999963,54.04,-0.10999999999999943
2022-05-18,BRN0W.ICE,110.65,110.81,111.89,106.2,107.15,-0.0321423445774725,-0.0316312697695435,0.0362390105643221,0.034876153362501,0.0306985468220505,False,51.89,1.5499999999999972,0.0321423445774725,50.34,-1.5499999999999972,51.22,-1.490000000000002,53.43,-2.6300000000000026,53.15,-0.8900000000000006
2022-05-19,BRN0W.ICE,107.15,106.09,110.05,103.84,108.95,0.0166593394710428,0.0167988800746616,0.0323012138196623,0.0350208196449619,0.0299087825652408,False,51.16,-0.730000000000004,0.0166593394710428,51.89,1.5499999999999972,51.89,0.6700000000000017,52.71,-0.7199999999999989,54.72,1.5700000000000003
2022-05-20,BRN0W.ICE,108.95,109.25,110.73,108.28,110.34,0.0126774464536559,0.0127581459385039,0.0252474106811784,0.0349709856595533,0.0299537385685118,False,50.72,-0.4399999999999977,0.0126774464536559,51.16,-0.730000000000004,50.34,-1.5499999999999972,51.22,-1.490000000000002,54.82,0.10000000000000142
2022-05-23,BRN0W.ICE,110.34,110.29,111.59,109.3,110.82,0.0043407555949188,0.0043501903208265,0.0252485521612606,0.0345999087839749,0.0299270967504621,False,48.63,-2.0899999999999963,0.0043407555949188,50.72,-0.4399999999999977,51.89,1.5499999999999972,51.89,0.6700000000000017,57.9,3.0799999999999983
2022-05-24,BRN0W.ICE,110.82,110.42,111.91,109.08,111.0,0.0016229378731305,0.0016242555495398,0.0224360043855501,0.0329782565661738,0.0292786466021648,False,47.04,-1.5900000000000034,0.0016229378731305,48.63,-2.0899999999999963,51.16,-0.730000000000004,50.34,-1.5499999999999972,56.06,-1.8399999999999963
2022-05-25,BRN0W.ICE,111.0,111.35,112.38,110.18,111.51,0.0045840716649363,0.0045945945945946,0.0197817532410637,0.0329382944652333,0.0276564168094663,False,46.76,-0.28000000000000114,0.0045840716649363,47.04,-1.5900000000000034,50.72,-0.4399999999999977,51.89,1.5499999999999972,53.43,-2.6300000000000026
2022-05-26,BRN0W.ICE,111.51,111.44,114.77,110.88,114.46,0.0261111440036855,0.0264550264550262,0.0184026350544256,0.0332907441962289,0.0275346711794229,False,46.03,-0.7299999999999969,0.0261111440036855,46.76,-0.28000000000000114,48.63,-2.0899999999999963,51.16,-0.730000000000004,52.71,-0.7199999999999989
2022-05-27,BRN0W.ICE,114.46,114.37,115.8,113.12,115.32,0.0074854557892451,0.0075135418486806,0.0086333723676993,0.0256418186916245,0.0274202847126614,False,47.92,1.8900000000000006,0.0074854557892451,46.03,-0.7299999999999969,47.04,-1.5900000000000034,50.72,-0.4399999999999977,51.22,-1.490000000000002
2022-05-30,BRN0W.ICE,115.32,115.47,117.94,115.32,117.7,0.0204281414960297,0.0206382240721472,0.0091817973381778,0.0228202996829379,0.0275295538612551,False,47.92,0.0,0.0204281414960297,47.92,1.8900000000000006,46.76,-0.28000000000000114,48.63,-2.0899999999999963,51.89,0.6700000000000017
2022-05-31,BRN0W.ICE,117.7,118.2,120.8,115.15,116.27,-0.0122239415857142,-0.0121495327102804,0.0126198630030887,0.0192749549593095,0.026436849891837,False,49.82,1.8999999999999986,0.0122239415857142,47.92,0.0,46.03,-0.7299999999999969,47.04,-1.5900000000000034,50.34,-1.5499999999999972
2022-06-01,BRN0W.ICE,116.27,116.08,118.57,115.4,115.9,-0.0031873223348107,-0.0031822482153607,0.0132374593112356,0.0194149981431846,0.0264416871308168,False,49.14,-0.6799999999999997,0.0031873223348107,49.82,1.8999999999999986,47.92,1.8900000000000006,46.76,-0.28000000000000114,51.89,1.5499999999999972
2022-06-02,BRN0W.ICE,115.9,115.02,118.46,112.45,118.29,0.0204114862119395,0.0206212251941328,0.0139901363166677,0.0186090745927598,0.0265410623947149,False,47.8,-1.3400000000000034,0.0204114862119395,49.14,-0.6799999999999997,47.92,0.0,46.03,-0.7299999999999969,51.16,-0.730000000000004
2022-06-03,BRN0W.ICE,115.9,118.22,121.45,116.02,121.08,0.0233122475958722,0.0235861019528276,0.014755328044817,0.0184745137535675,0.0262519940091719,False,46.23,-1.5700000000000003,0.0233122475958722,47.8,-1.3400000000000034,49.82,1.8999999999999986,47.92,1.8900000000000006,50.72,-0.4399999999999977
2022-06-06,BRN0W.ICE,118.29,121.55,121.95,118.77,119.99,-0.0090430781772204,-0.0090023125206475,0.0150374987517247,0.016175459688735,0.0254685537494863,False,47.9,1.6700000000000017,0.0090430781772204,46.23,-1.5700000000000003,49.14,-0.6799999999999997,47.92,0.0,48.63,-2.0899999999999963
2022-06-07,BRN0W.ICE,119.99,119.94,121.37,118.55,121.0,0.0083821396204436,0.0084173681140096,0.0150487181156938,0.0119359909279091,0.0252306567727575,False,45.88,-2.019999999999996,0.0083821396204436,47.9,1.6700000000000017,47.8,-1.3400000000000034,49.82,1.8999999999999986,47.04,-1.5900000000000034
2022-06-08,BRN0W.ICE,121.0,120.65,124.4,120.45,123.94,0.0240070319372204,0.024297520661157,0.0156355308232693,0.0124635817278911,0.0254586318934864,False,44.37,-1.5100000000000051,0.0240070319372204,45.88,-2.019999999999996,46.23,-1.5700000000000003,49.14,-0.6799999999999997,46.76,-0.28000000000000114
2022-06-09,BRN0W.ICE,123.94,123.6,124.34,122.5,122.93,-0.0081824898547116,-0.0081491044053573,0.0148456718461055,0.0132396019867358,0.0254149391593723,False,43.87,-0.5,0.0081824898547116,44.37,-1.5100000000000051,47.9,1.6700000000000017,47.8,-1.3400000000000034,46.03,-0.7299999999999969
2022-06-10,BRN0W.ICE,122.93,122.89,124.33,119.81,121.93,-0.0081679781070762,-0.0081347108110306,0.0155704872060147,0.0138910814866253,0.0253856650409033,False,42.92,-0.9499999999999957,0.0081679781070762,43.87,-0.5,45.88,-2.019999999999996,46.23,-1.5700000000000003,47.92,1.8900000000000006
2022-06-13,BRN0W.ICE,121.93,121.94,123.7,118.93,122.36,0.0035204097105292,0.0035266136307716,0.0144592492323357,0.0138456111649223,0.0253163107054934,False,47.56,4.640000000000001,0.0035204097105292,42.92,-0.9499999999999957,44.37,-1.5100000000000051,47.9,1.6700000000000017,47.92,0.0
2022-06-14,BRN0W.ICE,122.36,118.72,121.66,115.71,117.65,-0.0392534041093311,-0.038492971559333,0.0195673644542918,0.0185738923439268,0.0262974979154342,False,46.63,-0.9299999999999997,0.0392534041093311,47.56,4.640000000000001,43.87,-0.5,45.88,-2.019999999999996,49.82,1.8999999999999986
2022-06-15,BRN0W.ICE,117.65,117.39,118.46,114.71,115.87,-0.0152452421644005,-0.0151296217594559,0.0199645996244465,0.0180384028055052,0.0255977539155843,False,47.04,0.4099999999999966,0.0152452421644005,46.63,-0.9299999999999997,42.92,-0.9499999999999957,44.37,-1.5100000000000051,49.14,-0.6799999999999997
2022-06-16,BRN0W.ICE,115.87,116.5,117.43,112.91,116.17,0.0025857625164123,0.0025891084836453,0.0194305343404718,0.0179475751563615,0.025574097192355,False,46.27,-0.769999999999996,0.0025857625164123,47.04,0.4099999999999966,47.56,4.640000000000001,43.87,-0.5,47.8,-1.3400000000000034
2022-06-17,BRN0W.ICE,116.17,116.14,118.12,109.09,110.88,-0.0466061000837903,-0.0455367134372041,0.0196930371985315,0.0209241782193719,0.0267948834491871,False,49.19,2.9199999999999946,0.0466061000837903,46.27,-0.769999999999996,46.63,-0.9299999999999997,42.92,-0.9499999999999957,46.23,-1.5700000000000003
2022-06-20,BRN0W.ICE,110.88,111.1,111.7,109.02,111.45,0.0051275243902848,0.0051406926406927,0.0211517120487969,0.0209302820329917,0.0230624764856609,False,49.19,0.0,0.0051275243902848,49.19,2.9199999999999946,47.04,0.4099999999999966,47.56,4.640000000000001,47.9,1.6700000000000017
2022-06-21,BRN0W.ICE,111.45,111.27,113.37,111.18,111.88,0.0038508085018811,0.0038582323912068,0.0221679443845136,0.0210104338366759,0.0219663531332979,False,46.56,-2.6299999999999955,0.0038508085018811,49.19,0.0,46.27,-0.769999999999996,46.63,-0.9299999999999997,45.88,-2.019999999999996
2022-06-22,BRN0W.ICE,111.88,111.56,111.57,104.35,106.98,-0.0447849672306549,-0.0437969252770825,0.023879038469961,0.0226942309056873,0.0212625847356026,False,48.99,2.4299999999999997,0.0447849672306549,46.56,-2.6299999999999955,49.19,2.9199999999999946,47.04,0.4099999999999966,44.37,-1.5100000000000051
2022-06-23,BRN0W.ICE,106.98,106.33,109.28,105.03,106.2,-0.0073177922952655,-0.0072910824453168,0.0224125054546169,0.0209370710451463,0.0212879273784676,False,48.58,-0.4100000000000037,0.0073177922952655,48.99,2.4299999999999997,49.19,0.0,46.27,-0.769999999999996,43.87,-0.5
2022-06-24,BRN0W.ICE,106.2,106.4,110.14,105.67,108.99,0.0259320260933817,0.0262711864406779,0.0271304340219078,0.0229668321683326,0.0210928034912868,False,46.99,-1.5899999999999963,0.0259320260933817,48.58,-0.4100000000000037,46.56,-2.6299999999999955,49.19,2.9199999999999946,42.92,-0.9499999999999957
2022-06-27,BRN0W.ICE,108.99,109.0,111.89,107.15,111.21,0.0201641709295303,0.0203688411780897,0.0290962838562616,0.0237704348585495,0.0209095593076904,False,46.99,0.0,0.0201641709295303,46.99,-1.5899999999999963,48.99,2.4299999999999997,49.19,0.0,47.56,4.640000000000001
2022-06-28,BRN0W.ICE,111.21,111.57,114.1,111.48,114.0,0.0247781425637449,0.025087671971945,0.0247769230114691,0.0238461525046765,0.020660562855885,False,46.59,-0.3999999999999986,0.0247781425637449,46.99,0.0,48.58,-0.4100000000000037,46.56,-2.6299999999999955,46.63,-0.9299999999999997
2022-06-29,BRN0W.ICE,114.0,113.93,116.24,111.74,112.3,-0.015024586650098,-0.0149122807017544,0.0257700852516784,0.023964773367547,0.0199375837405915,False,48.57,1.9799999999999969,0.015024586650098,46.59,-0.3999999999999986,46.99,-1.5899999999999963,48.99,2.4299999999999997,47.04,0.4099999999999966
2022-06-30,BRN0W.ICE,112.3,112.45,113.25,108.19,109.2,-0.0279927984335927,-0.0276046304541406,0.0279213735087257,0.0246493912441856,0.0204324425845991,False,48.9,0.3299999999999983,0.0279927984335927,48.57,1.9799999999999969,46.99,0.0,48.58,-0.4100000000000037,46.27,-0.769999999999996
2022-07-01,BRN0W.ICE,109.2,109.49,112.45,108.03,111.48,0.0206641393029427,0.0208791208791208,0.0221373798781805,0.0256640655265367,0.0206531278285602,False,49.4,0.5,0.0206641393029427,48.9,0.3299999999999983,46.59,-0.3999999999999986,46.99,-1.5899999999999963,49.19,2.9199999999999946
2022-07-04,BRN0W.ICE,111.48,111.65,114.0,110.4,113.83,0.0208609047233778,0.0210800143523501,0.0218968968548623,0.0248043286551717,0.0209810395700736,False,49.4,0.0,0.0208609047233778,49.4,0.5,48.57,1.9799999999999969,46.99,0.0,49.19,0.0
2022-07-05,BRN0W.ICE,113.83,113.54,114.75,101.1,104.8,-0.0826523354501835,-0.0793288236844417,0.0397993534163474,0.0327636030928732,0.0259366020955636,False,52.61,3.210000000000001,0.0826523354501835,49.4,0.0,48.9,0.3299999999999983,46.59,-0.3999999999999986,46.56,-2.6299999999999955
2022-07-06,BRN0W.ICE,104.8,104.88,105.85,98.5,99.8,-0.0488855885695235,-0.0477099236641221,0.0408913398853326,0.0344298836580911,0.0272770690697405,False,54.67,2.0600000000000023,0.0488855885695235,52.61,3.210000000000001,49.4,0.5,48.57,1.9799999999999969,48.99,2.4299999999999997
2022-07-07,BRN0W.ICE,99.8,100.14,106.35,98.5,104.1,0.0421837923035049,0.0430861723446893,0.0441459491650143,0.03549779477762,0.028030196609548,False,52.87,-1.8000000000000043,0.0421837923035049,54.67,2.0600000000000023,49.4,0.0,48.9,0.3299999999999983,48.58,-0.4100000000000037
2022-07-08,BRN0W.ICE,104.1,104.65,107.47,103.67,107.15,0.0288777462986628,0.0292987512007685,0.0468429377471888,0.03654568905474,0.0285771838084384,False,52.1,-0.769999999999996,0.0288777462986628,52.87,-1.8000000000000043,52.61,3.210000000000001,49.4,0.5,46.99,-1.5899999999999963
2022-07-11,BRN0W.ICE,107.15,107.0,107.7,103.64,106.41,-0.006930164465946,-0.0069062062529166,0.0459150009544501,0.0365080955995099,0.0282566777350771,False,53.1,1.0,0.006930164465946,52.1,-0.769999999999996,54.67,2.0600000000000023,49.4,0.0,46.99,0.0
2022-07-12,BRN0W.ICE,106.41,106.25,106.56,98.9,99.22,-0.0699599505807373,-0.0675688375152711,0.050453156459513,0.0392135041621327,0.0307383128650696,False,54.4,1.2999999999999972,0.0699599505807373,53.1,1.0,52.87,-1.8000000000000043,52.61,3.210000000000001,46.59,-0.3999999999999986
2022-07-13,BRN0W.ICE,99.22,98.5,101.21,98.28,99.85,0.0063294529889212,0.0063495263051802,0.0489287432067562,0.0393310448578644,0.0308097414690606,False,51.76,-2.6400000000000006,0.0063294529889212,54.4,1.2999999999999972,52.1,-0.769999999999996,54.67,2.0600000000000023,48.57,1.9799999999999969
2022-07-14,BRN0W.ICE,99.85,99.43,100.39,94.5,99.71,-0.0014030870211226,-0.0014021031547321,0.04006979739488,0.0383761412751204,0.0304453526800947,False,53.03,1.2700000000000031,0.0014030870211226,51.76,-2.6400000000000006,53.1,1.0,52.87,-1.8000000000000043,48.9,0.3299999999999983
2022-07-15,BRN0W.ICE,99.71,96.1,98.58,94.37,97.04,-0.0271427082049067,-0.0267776552000801,0.0370184999437439,0.0379415948549912,0.0301800997834992,False,51.77,-1.259999999999998,0.0271427082049067,53.03,1.2700000000000031,54.4,1.2999999999999972,52.1,-0.769999999999996,49.4,0.5
2022-07-18,BRN0W.ICE,97.04,96.86,102.09,95.49,101.3,0.0429631466188428,0.043899422918384,0.0371813881062197,0.0394935973142641,0.0315439360067109,False,49.66,-2.1100000000000065,0.0429631466188428,51.77,-1.259999999999998,51.76,-2.6400000000000006,53.1,1.0,49.4,0.0
2022-07-19,BRN0W.ICE,101.3,101.26,103.17,99.33,102.9,0.0156712315853662,0.0157946692991115,0.0355401184428708,0.0399491570948222,0.0316834632764671,False,48.77,-0.8899999999999935,0.0156712315853662,49.66,-2.1100000000000065,53.03,1.2700000000000031,54.4,1.2999999999999972,52.61,3.210000000000001
2022-07-20,BRN0W.ICE,102.9,102.62,102.99,100.77,101.95,-0.0092751458195397,-0.0092322643343051,0.0355637915680516,0.0394757083470751,0.0311971817295208,False,47.54,-1.230000000000004,0.0092751458195397,48.77,-0.8899999999999935,51.77,-1.259999999999998,51.76,-2.6400000000000006,54.67,2.0600000000000023
2022-07-21,BRN0W.ICE,101.95,101.88,102.25,97.29,99.3,-0.0263369259693372,-0.0259931338891613,0.0246635557939683,0.0391308181086838,0.0314061083938389,False,51.1,3.5600000000000023,0.0263369259693372,47.54,-1.230000000000004,49.66,-2.1100000000000065,53.03,1.2700000000000031,52.87,-1.8000000000000043
2022-07-22,BRN0W.ICE,99.3,99.24,101.02,97.5,98.75,-0.0055541672698955,-0.0055387713997985,0.024573342143067,0.038245262888242,0.0314067139714888,False,47.84,-3.259999999999998,0.0055541672698955,51.1,3.5600000000000023,48.77,-0.8899999999999935,51.77,-1.259999999999998,52.1,-0.769999999999996
2022-07-25,BRN0W.ICE,98.75,98.99,100.41,96.7,99.96,0.0121787021855202,0.0122531645569619,0.0251199848200212,0.0323620520735471,0.0315464667957754,False,47.96,0.11999999999999744,0.0121787021855202,47.84,-3.259999999999998,47.54,-1.230000000000004,49.66,-2.1100000000000065,53.1,1.0
2022-07-26,BRN0W.ICE,99.96,99.75,102.39,99.05,99.72,-0.0024038473113944,-0.0024009603841536,0.0221735716998549,0.0296006227076609,0.0309485774147407,False,47.81,-0.14999999999999858,0.0024038473113944,47.96,0.11999999999999744,51.1,3.5600000000000023,48.77,-0.8899999999999935,54.4,1.2999999999999972
2022-07-27,BRN0W.ICE,99.72,99.83,102.88,98.85,102.33,0.0258366264433068,0.0261732851985558,0.0176215226972763,0.0280900442073147,0.0314085034956961,False,48.99,1.1799999999999997,0.0258366264433068,47.81,-0.14999999999999858,47.84,-3.259999999999998,47.54,-1.230000000000004,51.76,-2.6400000000000006
2022-07-28,BRN0W.ICE,102.33,102.35,104.2,100.97,102.4,0.0006838275067435,0.0006840613700773,0.0164783671589453,0.0267443037443736,0.0313963720439725,False,47.17,-1.8200000000000003,0.0006838275067435,48.99,1.1799999999999997,47.96,0.11999999999999744,51.1,3.5600000000000023,53.03,1.2700000000000031
2022-07-29,BRN0W.ICE,102.4,102.69,106.5,101.64,104.0,0.0155041865359652,0.015625,0.0169820481650553,0.0271747534559228,0.0305401468487896,False,46.19,-0.980000000000004,0.0155041865359652,47.17,-1.8200000000000003,47.81,-0.14999999999999858,47.84,-3.259999999999998,51.77,-1.259999999999998
2022-08-01,BRN0W.ICE,104.0,103.92,104.43,99.09,99.93,-0.0399209582676745,-0.0391346153846152,0.0211395982599072,0.0220719397112399,0.0312695083596661,False,49.97,3.780000000000001,0.0399209582676745,46.19,-0.980000000000004,48.99,1.1799999999999997,47.96,0.11999999999999744,49.66,-2.1100000000000065
2022-08-02,BRN0W.ICE,99.93,99.87,102.41,98.49,99.92,-0.0001000750563757,-0.0001000700490343,0.0209616793136296,0.0220083223779733,0.0312451958827021,False,52.77,2.8000000000000043,0.0001000750563757,49.97,3.780000000000001,47.17,-1.8200000000000003,47.81,-0.14999999999999858,48.77,-0.8899999999999935
2022-08-03,BRN0W.ICE,99.92,99.73,102.41,96.5,97.1,-0.028628490520043,-0.0282225780624499,0.0231194706267538,0.0233108827683905,0.0306473688751944,False,50.12,-2.6500000000000057,0.028628490520043,52.77,2.8000000000000043,46.19,-0.980000000000004,48.99,1.1799999999999997,47.54,-1.230000000000004
2022-08-04,BRN0W.ICE,97.1,97.1,97.66,93.2,93.6,-0.0367109918137328,-0.0360453141091657,0.0261288382523063,0.0242302080842687,0.0312465404508425,False,55.14,5.020000000000003,0.0367109918137328,50.12,-2.6500000000000057,49.97,3.780000000000001,47.17,-1.8200000000000003,51.1,3.5600000000000023
2022-08-05,BRN0W.ICE,93.6,93.65,96.4,92.78,94.66,0.0112611409945555,0.0113247863247862,0.0233147751524383,0.0208991601725678,0.0308710826202527,False,48.76,-6.380000000000003,0.0112611409945555,55.14,5.020000000000003,52.77,2.8000000000000043,46.19,-0.980000000000004,47.84,-3.259999999999998
2022-08-08,BRN0W.ICE,94.66,94.51,96.82,93.01,96.52,0.0194587162787291,0.0196492710754279,0.025843200746368,0.0212073732987335,0.0308517535264111,False,46.4,-2.3599999999999994,0.0194587162787291,48.76,-6.380000000000003,50.12,-2.6500000000000057,49.97,3.780000000000001,47.96,0.11999999999999744
2022-08-09,BRN0W.ICE,96.52,96.36,98.4,94.9,96.53,0.0001036001036928,0.0001036054703689,0.024058138320945,0.0211955053362967,0.0303632077649024,False,46.23,-0.1700000000000017,0.0001036001036928,46.4,-2.3599999999999994,55.14,5.020000000000003,52.77,2.8000000000000043,47.81,-0.14999999999999858
2022-08-10,BRN0W.ICE,96.53,96.34,97.97,93.63,97.06,0.0054755031165463,0.005490521081529,0.0207422016699957,0.0202912818419871,0.030373184797528,False,46.56,0.3300000000000054,0.0054755031165463,46.23,-0.1700000000000017,48.76,-6.380000000000003,50.12,-2.6500000000000057,48.99,1.1799999999999997
2022-08-11,BRN0W.ICE,97.06,97.04,100.17,96.63,99.39,0.023722161002844,0.0240057696270348,0.023314639200398,0.0213373364933205,0.0304824423364984,False,45.37,-1.1900000000000048,0.023722161002844,46.56,0.3300000000000054,46.4,-2.3599999999999994,55.14,5.020000000000003,47.17,-1.8200000000000003
2022-08-12,BRN0W.ICE,99.39,99.33,100.38,96.94,98.12,-0.0128602855896255,-0.0127779454673507,0.020799325708073,0.0213290282400383,0.0301929090038991,False,44.0,-1.3699999999999974,0.0128602855896255,45.37,-1.1900000000000048,46.23,-0.1700000000000017,48.76,-6.380000000000003,46.19,-0.980000000000004
2022-08-15,BRN0W.ICE,98.12,96.67,96.87,91.85,92.86,-0.0550982367985129,-0.0536078271504281,0.026740699430515,0.0257292123801816,0.0311827872413187,False,46.63,2.6300000000000026,0.0550982367985129,44.0,-1.3699999999999974,46.56,0.3300000000000054,46.4,-2.3599999999999994,49.97,3.780000000000001
2022-08-16,BRN0W.ICE,92.86,93.13,95.16,91.1,92.13,-0.007892359470935,-0.00786129657549,0.026236174563538,0.0241405715168626,0.0277041057918282,False,50.25,3.6199999999999974,0.007892359470935,46.63,2.6300000000000026,45.37,-1.1900000000000048,46.23,-0.1700000000000017,52.77,2.8000000000000043
2022-08-17,BRN0W.ICE,92.13,91.97,93.83,90.95,92.47,0.0036836444687066,0.0036904374253772,0.0245197036428797,0.0242319410516394,0.0264191927311527,False,51.55,1.2999999999999972,0.0036836444687066,50.25,3.6199999999999974,44.0,-1.3699999999999974,46.56,0.3300000000000054,50.12,-2.6500000000000057
2022-08-18,BRN0W.ICE,92.47,92.68,96.53,92.49,95.77,0.0350652159439805,0.0356872499188924,0.0291273842871177,0.0261362232074731,0.0260327673485668,False,47.41,-4.140000000000001,0.0350652159439805,51.55,1.2999999999999972,46.63,2.6300000000000026,45.37,-1.1900000000000048,55.14,5.020000000000003
2022-08-19,BRN0W.ICE,95.77,95.93,97.11,93.6,95.35,-0.0043951514870998,-0.0043855069437193,0.0289929675456461,0.0242331836660956,0.0253369919880205,False,50.34,2.930000000000007,0.0043951514870998,47.41,-4.140000000000001,50.25,3.6199999999999974,44.0,-1.3699999999999974,48.76,-6.380000000000003
2022-08-22,BRN0W.ICE,95.35,95.36,96.66,92.0,96.07,0.007522760375219,0.0075511274252753,0.0271343738974611,0.0243969336615645,0.0254144634442822,False,50.64,0.29999999999999716,0.007522760375219,50.34,2.930000000000007,51.55,1.2999999999999972,46.63,2.6300000000000026,46.4,-2.3599999999999994
2022-08-23,BRN0W.ICE,96.07,96.0,99.41,95.81,99.13,0.031355027623159,0.0318517747475799,0.0299591621692021,0.0247774450864077,0.022869934823031,False,47.35,-3.289999999999999,0.031355027623159,50.64,0.29999999999999716,47.41,-4.140000000000001,50.25,3.6199999999999974,46.23,-0.1700000000000017
2022-08-24,BRN0W.ICE,99.13,99.3,100.89,98.27,100.79,0.0166070243219806,0.0167456874810856,0.0167379695511672,0.0224438155434372,0.0230447957788138,False,48.33,0.9799999999999969,0.0166070243219806,47.35,-3.289999999999999,50.34,2.930000000000007,51.55,1.2999999999999972,46.56,0.3300000000000054
2022-08-25,BRN0W.ICE,100.79,100.79,101.53,98.23,98.95,-0.0184244723182119,-0.0182557793431888,0.0191000586996915,0.0232246256984587,0.0232966502637301,False,48.78,0.45000000000000284,0.0184244723182119,48.33,0.9799999999999969,50.64,0.29999999999999716,47.41,-4.140000000000001,45.37,-1.1900000000000048
2022-08-26,BRN0W.ICE,98.95,98.95,100.1,96.96,98.9,-0.0005054334199082,-0.0005053057099544,0.0194015754242272,0.0227554514218595,0.0227374430566643,False,47.08,-1.7000000000000028,0.0005054334199082,48.78,0.45000000000000284,47.35,-3.289999999999999,50.34,2.930000000000007,44.0,-1.3699999999999974
2022-08-29,BRN0W.ICE,98.9,98.96,103.22,98.25,102.95,0.040134194845132,0.0409504550050556,0.0205697179967071,0.0249438121171076,0.0225610159211371,False,47.73,0.6499999999999986,0.040134194845132,47.08,-1.7000000000000028,48.33,0.9799999999999969,50.64,0.29999999999999716,46.63,2.6300000000000026
2022-08-30,BRN0W.ICE,102.95,102.88,103.48,96.63,98.47,-0.0444915002140878,-0.0435162700339971,0.0291472950033456,0.0281743441674198,0.0238088953221433,False,49.74,2.010000000000005,0.0444915002140878,47.73,0.6499999999999986,48.78,0.45000000000000284,47.35,-3.289999999999999,50.25,3.6199999999999974
2022-08-31,BRN0W.ICE,98.47,98.33,99.0,94.4,94.96,-0.0362961829582981,-0.0356453742256525,0.0328811346256972,0.0290097457751404,0.0246120352455634,False,52.11,2.3699999999999974,0.0362961829582981,49.74,2.010000000000005,47.08,-1.7000000000000028,48.33,0.9799999999999969,51.55,1.2999999999999972
2022-09-01,BRN0W.ICE,94.96,95.18,95.68,91.81,92.17,-0.0298210522958396,-0.029380791912384,0.0307012452656038,0.0297854289151383,0.0247369437507484,False,53.9,1.7899999999999991,0.0298210522958396,52.11,2.3699999999999974,47.73,0.6499999999999986,48.78,0.45000000000000284,47.41,-4.140000000000001
2022-09-02,BRN0W.ICE,92.17,92.66,95.32,92.65,93.28,0.0119710245966094,0.0120429640880981,0.0300649718731835,0.0261927631307904,0.0248685153379391,False,53.9,0.0,0.0119710245966094,53.9,1.7899999999999991,49.74,2.010000000000005,47.08,-1.7000000000000028,50.34,2.930000000000007
2022-09-05,BRN0W.ICE,93.28,93.02,96.99,93.02,95.23,0.0206892956037724,0.0209048027444254,0.0320384983296027,0.0266137208888153,0.0250822732806356,False,53.9,0.0,0.0206892956037724,53.9,0.0,52.11,2.3699999999999974,47.73,0.6499999999999986,50.64,0.29999999999999716
2022-09-06,BRN0W.ICE,95.23,95.19,95.94,92.3,92.85,-0.0253097304072399,-0.0249921243305681,0.0327608932787549,0.0276124485235743,0.0254529876962513,False,50.0,-3.8999999999999986,0.0253097304072399,53.9,0.0,53.9,1.7899999999999991,49.74,2.010000000000005,47.35,-3.289999999999999
2022-09-07,BRN0W.ICE,92.85,92.81,93.8,87.4,87.71,-0.0569493698354245,-0.0553581044695745,0.0287944779914275,0.0295799060641318,0.0267434009461342,False,53.32,3.3200000000000003,0.0569493698354245,50.0,-3.8999999999999986,53.9,0.0,52.11,2.3699999999999974,48.33,0.9799999999999969
2022-09-08,BRN0W.ICE,87.71,87.7,89.83,87.24,88.61,0.0102088000959207,0.0102610876752935,0.0293707337574421,0.0299071659142796,0.0268711477639817,False,51.29,-2.030000000000001,0.0102088000959207,53.32,3.3200000000000003,53.9,0.0,53.9,1.7899999999999991,48.78,0.45000000000000284
2022-09-09,BRN0W.ICE,88.61,88.62,93.12,88.6,92.29,0.0406910752182742,0.0415303013203927,0.0341278128117494,0.0322199855559424,0.0279018036909539,False,48.84,-2.4499999999999957,0.0406910752182742,51.29,-2.030000000000001,50.0,-3.8999999999999986,53.9,0.0,47.08,-1.7000000000000028
2022-09-12,BRN0W.ICE,88.61,92.54,95.17,91.21,94.26,0.0211211282180993,0.0213457579369378,0.0331396754121709,0.0314917015814816,0.0274120176837796,False,44.15,-4.690000000000005,0.0211211282180993,48.84,-2.4499999999999957,53.32,3.3200000000000003,53.9,0.0,47.73,0.6499999999999986
2022-09-13,BRN0W.ICE,92.29,93.19,94.36,90.16,92.53,-0.0185240052346459,-0.0183534903458519,0.0337929335083206,0.0311557189319107,0.0275751076196483,False,44.81,0.6600000000000037,0.0185240052346459,44.15,-4.690000000000005,51.29,-2.030000000000001,50.0,-3.8999999999999986,49.74,2.010000000000005
2022-09-14,BRN0W.ICE,92.53,92.47,94.66,91.07,93.67,0.0122450509601003,0.0123203285420945,0.0330252559869455,0.0313009600124681,0.0272505906633878,False,45.62,0.8099999999999952,0.0122450509601003,44.81,0.6600000000000037,48.84,-2.4499999999999957,53.32,3.3200000000000003,52.11,2.3699999999999974
2022-09-15,BRN0W.ICE,93.67,93.68,93.68,89.07,89.66,-0.0437532284937458,-0.0428098644176364,0.0357820609551677,0.0330249877446137,0.0275952000106873,False,46.63,1.0100000000000051,0.0437532284937458,45.62,0.8099999999999952,44.15,-4.690000000000005,51.29,-2.030000000000001,53.9,1.7899999999999991
2022-09-16,BRN0W.ICE,89.66,89.32,91.28,89.02,90.21,0.006115546941254,0.0061342850769574,0.0275017384973448,0.0304400547958183,0.0275294877969792,False,47.44,0.8099999999999952,0.006115546941254,46.63,1.0100000000000051,44.81,0.6600000000000037,48.84,-2.4499999999999957,53.9,0.0
2022-09-19,BRN0W.ICE,90.21,90.0,91.17,87.2,90.4,0.0021039817295835,0.0021061966522559,0.0273677945699643,0.0288163364796182,0.0272525504411656,False,46.75,-0.6899999999999977,0.0021039817295835,47.44,0.8099999999999952,45.62,0.8099999999999952,44.15,-4.690000000000005,53.9,0.0
2022-09-20,BRN0W.ICE,90.4,90.85,91.57,88.56,89.73,-0.0074391060881644,-0.0074115044247787,0.0217472088750258,0.0274925207083968,0.0272655127158133,False,48.23,1.4799999999999969,0.0074391060881644,46.75,-0.6899999999999977,46.63,1.0100000000000051,44.81,0.6600000000000037,50.0,-3.8999999999999986
2022-09-21,BRN0W.ICE,89.73,89.57,92.23,88.31,88.96,-0.0086183308076941,-0.0085812994539173,0.0187102759810931,0.0265306278446145,0.0272459265426603,False,48.65,0.4200000000000017,0.0086183308076941,48.23,1.4799999999999969,47.44,0.8099999999999952,45.62,0.8099999999999952,53.32,3.3200000000000003
2022-09-22,BRN0W.ICE,88.96,88.83,91.74,88.28,89.36,0.0044863242586731,0.0044964028776979,0.01862907913388,0.0262902184106504,0.0268207180211271,False,47.1,-1.5499999999999972,0.0044863242586731,48.65,0.4200000000000017,46.75,-0.6899999999999977,46.63,1.0100000000000051,51.29,-2.030000000000001
2022-09-23,BRN0W.ICE,89.36,89.57,89.88,84.55,85.54,-0.0436890519621826,-0.0427484333034914,0.0217447365428121,0.0274213297744712,0.0277639112118062,False,50.82,3.719999999999999,0.0436890519621826,47.1,-1.5499999999999972,48.23,1.4799999999999969,47.44,0.8099999999999952,48.84,-2.4499999999999957
2022-09-26,BRN0W.ICE,85.54,85.54,86.45,82.44,82.72,-0.0335226920386436,-0.032967032967033,0.0195655594982319,0.027911323653847,0.026667816803391,False,56.68,5.859999999999999,0.0335226920386436,50.82,3.719999999999999,48.65,0.4200000000000017,46.75,-0.6899999999999977,44.15,-4.690000000000005
2022-09-27,BRN0W.ICE,82.72,82.84,85.84,82.81,84.43,0.0204613779212897,0.0206721470019344,0.0222820856863101,0.0250422630726271,0.0270198869637393,False,55.89,-0.7899999999999991,0.0204613779212897,56.68,5.859999999999999,47.1,-1.5499999999999972,48.23,1.4799999999999969,44.81,0.6600000000000037
2022-09-28,BRN0W.ICE,84.43,84.83,88.22,82.94,87.93,0.0406182547095021,0.0414544593154091,0.0292720555059759,0.02745294728779,0.0281485349074217,False,55.02,-0.8699999999999974,0.0406182547095021,55.89,-0.7899999999999991,50.82,3.719999999999999,48.65,0.4200000000000017,45.62,0.8099999999999952
2022-09-29,BRN0W.ICE,87.93,87.62,88.74,86.15,87.46,-0.0053594974061364,-0.005345160923462,0.0292413691614563,0.0247579692279154,0.0272832330768881,False,54.41,-0.6100000000000065,0.0053594974061364,55.02,-0.8699999999999974,56.68,5.859999999999999,47.1,-1.5499999999999972,46.63,1.0100000000000051
2022-09-30,BRN0W.ICE,87.46,87.55,88.64,85.0,85.57,-0.021846791554811,-0.0216098788017379,0.0300319491513543,0.0240796578972296,0.0274986388805872,False,55.69,1.2800000000000011,0.021846791554811,54.41,-0.6100000000000065,55.89,-0.7899999999999991,50.82,3.719999999999999,47.44,0.8099999999999952
2022-10-03,BRN0W.ICE,87.46,86.35,89.82,86.35,88.73,0.036263296417283,0.0369288301974992,0.033948237342711,0.0263880718842328,0.0283860896255389,False,56.24,0.5500000000000043,0.036263296417283,55.69,1.2800000000000011,55.02,-0.8699999999999974,56.68,5.859999999999999,46.75,-0.6899999999999977
2022-10-04,BRN0W.ICE,87.46,88.81,92.4,88.78,91.76,0.0335784219738689,0.0341485405161727,0.0301025259171041,0.0279080319417449,0.0284806777866195,False,59.51,3.269999999999996,0.0335784219738689,56.24,0.5500000000000043,54.41,-0.6100000000000065,55.89,-0.7899999999999991,48.23,1.4799999999999969
2022-10-05,BRN0W.ICE,87.46,91.89,93.96,90.76,93.79,0.0218817676997318,0.0221229293809939,0.0232463505037515,0.025683100525427,0.0286191274312486,False,54.2,-5.309999999999995,0.0218817676997318,59.51,3.269999999999996,55.69,1.2800000000000011,55.02,-0.8699999999999974,48.65,0.4200000000000017
2022-10-06,BRN0W.ICE,87.46,93.71,94.98,92.72,94.92,0.0119761910467156,0.0120481927710842,0.0233142369127064,0.0257815583097949,0.0285703155382131,False,53.39,-0.8100000000000023,0.0119761910467156,54.2,-5.309999999999995,56.24,0.5500000000000043,54.41,-0.6100000000000065,47.1,-1.5499999999999972
2022-10-07,BRN0W.ICE,87.46,94.71,98.58,93.94,98.45,0.0365143735175717,0.037189211967973,0.0226557223398073,0.0272242337617958,0.0293971651658674,False,53.64,0.25,0.0365143735175717,53.39,-0.8100000000000023,59.51,3.269999999999996,55.69,1.2800000000000011,50.82,3.719999999999999
2022-10-10,BRN0W.ICE,85.57,98.75,98.75,95.6,96.07,-0.0244717126634875,-0.0241747079735907,0.0265039070880482,0.0282372279776903,0.0287023635692367,False,51.42,-2.219999999999999,0.0244717126634875,53.64,0.25,54.2,-5.309999999999995,56.24,0.5500000000000043,56.68,5.859999999999999
2022-10-11,BRN0W.ICE,96.07,95.93,96.46,93.11,93.81,-0.0238056322837874,-0.0235245133756635,0.0269449148810339,0.0290748563717323,0.0278909699751604,False,51.92,0.5,0.0238056322837874,51.42,-2.219999999999999,53.39,-0.8100000000000023,59.51,3.269999999999996,55.89,-0.7899999999999991
2022-10-12,BRN0W.ICE,93.81,93.72,95.17,91.56,92.41,-0.0150362622379106,-0.0149237821127812,0.0265794461114548,0.0295039799821132,0.0272419572798119,False,51.52,-0.3999999999999986,0.0150362622379106,51.92,0.5,53.64,0.25,54.2,-5.309999999999995,55.02,-0.8699999999999974
2022-10-13,BRN0W.ICE,92.41,92.49,94.92,91.08,94.69,0.0243732000954597,0.024672654474624,0.0251665032286115,0.026810448594426,0.0270547379445564,False,50.52,-1.0,0.0243732000954597,51.52,-0.3999999999999986,51.42,-2.219999999999999,53.39,-0.8100000000000023,54.41,-0.6100000000000065
2022-10-14,BRN0W.ICE,94.69,94.53,95.11,91.28,91.43,-0.0350347458190734,-0.0344281339106556,0.0276800058643881,0.0269898169598674,0.0277437852946401,False,50.3,-0.22000000000000597,0.0350347458190734,50.52,-1.0,51.92,0.5,53.64,0.25,55.69,1.2800000000000011
2022-10-17,BRN0W.ICE,91.43,91.71,93.21,90.83,91.98,0.0059975099354425,0.0060155310073279,0.027205999061708,0.0267165614058209,0.0274822317603802,False,50.27,-0.02999999999999403,0.0059975099354425,50.3,-0.22000000000000597,51.52,-0.3999999999999986,51.42,-2.219999999999999,56.24,0.5500000000000043
2022-10-18,BRN0W.ICE,91.98,90.53,91.22,87.52,89.1,-0.0318118276350142,-0.0313111545988259,0.0217506635787989,0.0265340341501906,0.0277040191507761,False,49.12,-1.1500000000000057,0.0318118276350142,50.27,-0.02999999999999403,50.52,-1.0,51.92,0.5,59.51,3.269999999999996
2022-10-19,BRN0W.ICE,89.1,89.31,90.95,87.9,90.73,0.018128728704774,0.018294051627385,0.0242338278633311,0.0268455422589449,0.0258388516827896,False,47.78,-1.3399999999999963,0.018128728704774,49.12,-1.1500000000000057,50.3,-0.22000000000000597,51.52,-0.3999999999999986,54.2,-5.309999999999995
2022-10-20,BRN0W.ICE,90.73,90.47,92.66,90.01,90.79,0.0006610842021282,0.0006613027664499,0.0233511654562232,0.0259256673737766,0.0257818885999082,False,47.98,0.19999999999999574,0.0006610842021282,47.78,-1.3399999999999963,50.27,-0.02999999999999403,50.52,-1.0,53.39,-0.8100000000000023
2022-10-21,BRN0W.ICE,90.79,90.48,91.72,89.17,91.26,0.0051634281155905,0.0051767815838748,0.0231040953480633,0.0242478411856167,0.0246792223721775,False,47.19,-0.7899999999999991,0.0051634281155905,47.98,0.19999999999999574,49.12,-1.1500000000000057,50.3,-0.22000000000000597,53.64,0.25
2022-10-24,BRN0W.ICE,91.26,91.23,92.3,89.01,91.49,0.0025171011921872,0.0025202717510408,0.0202839763875003,0.0224946413825061,0.0243520398026853,False,47.78,0.5900000000000034,0.0025171011921872,47.19,-0.7899999999999991,47.78,-1.3399999999999963,50.27,-0.02999999999999403,51.42,-2.219999999999999
2022-10-25,BRN0W.ICE,91.49,91.4,92.48,89.75,91.36,-0.0014219307837437,-0.0014209203191605,0.0153404976743277,0.0215776332993285,0.0241266588640219,False,47.3,-0.480000000000004,0.0014219307837437,47.78,0.5900000000000034,47.98,0.19999999999999574,49.12,-1.1500000000000057,51.92,0.5
2022-10-26,BRN0W.ICE,91.36,91.12,94.3,90.39,94.16,0.0301877170443212,0.0306479859894921,0.0191877206397416,0.0229802574213689,0.0246678777683584,False,48.58,1.2800000000000011,0.0301877170443212,47.3,-0.480000000000004,47.19,-0.7899999999999991,47.78,-1.3399999999999963,51.52,-0.3999999999999986
2022-10-27,BRN0W.ICE,94.16,94.15,95.3,93.18,94.73,0.006035276935422,0.0060535259133391,0.0113689429304598,0.0205069702784002,0.0232443936497877,False,49.02,0.44000000000000483,0.006035276935422,48.58,1.2800000000000011,47.78,0.5900000000000034,47.98,0.19999999999999574,50.52,-1.0
2022-10-28,BRN0W.ICE,94.73,94.61,94.9,93.02,94.13,-0.0063539343283142,-0.0063337907737781,0.0117629822457794,0.0195816267540634,0.0232766490236049,False,47.81,-1.2100000000000009,0.0063539343283142,49.02,0.44000000000000483,47.3,-0.480000000000004,47.19,-0.7899999999999991,50.3,-0.22000000000000597
2022-10-31,BRN0W.ICE,94.13,94.43,94.48,91.46,92.85,-0.013691517760414,-0.0135982152342505,0.013775946176165,0.0188672282796216,0.0234386771436997,False,47.41,-0.4000000000000057,0.013691517760414,47.81,-1.2100000000000009,48.58,1.2800000000000011,47.78,0.5900000000000034,50.27,-0.02999999999999403
2022-11-01,BRN0W.ICE,92.85,92.67,95.55,92.33,94.77,0.0204676156833886,0.0206785137318255,0.0152717489420966,0.0191805346239611,0.0236494872791557,False,47.04,-0.36999999999999744,0.0204676156833886,47.41,-0.4000000000000057,49.02,0.44000000000000483,47.3,-0.480000000000004,49.12,-1.1500000000000057
2022-11-02,BRN0W.ICE,94.77,94.85,96.5,94.01,95.52,0.0078827461621883,0.0079138968027856,0.0152380522549868,0.0181673333742822,0.0235901196770108,False,47.75,0.7100000000000009,0.0078827461621883,47.04,-0.36999999999999744,47.81,-1.2100000000000009,48.58,1.2800000000000011,47.78,-1.3399999999999963
2022-11-03,BRN0W.ICE,95.52,95.36,95.98,94.19,94.56,-0.0101010959865038,-0.0100502512562813,0.0162753959188574,0.0154167304478637,0.023695134400645,False,46.47,-1.2800000000000011,0.0101010959865038,47.75,0.7100000000000009,47.41,-0.4000000000000057,49.02,0.44000000000000483,47.98,0.19999999999999574
2022-11-04,BRN0W.ICE,94.56,94.58,98.81,94.33,98.72,0.0430530064992896,0.0439932318104907,0.0199223623509706,0.0188742920517336,0.0232299308310843,False,47.5,1.0300000000000011,0.0430530064992896,46.47,-1.2800000000000011,47.04,-0.36999999999999744,47.81,-1.2100000000000009,47.19,-0.7899999999999991
2022-11-07,BRN0W.ICE,98.72,97.31,99.56,96.5,97.93,-0.0080346224243744,-0.0080024311183143,0.0207017160929496,0.0161794753136203,0.022225248580263,False,45.11,-2.3900000000000006,0.0080346224243744,47.5,1.0300000000000011,47.75,0.7100000000000009,47.41,-0.4000000000000057,47.78,0.5900000000000034
2022-11-08,BRN0W.ICE,97.93,98.24,98.3,95.0,95.05,-0.029849868798265,-0.0294087613601553,0.0243795257567987,0.0184988291988873,0.0229534776863079,False,45.04,-0.07000000000000028,0.029849868798265,45.11,-2.3900000000000006,46.47,-1.2800000000000011,47.04,-0.36999999999999744,47.3,-0.480000000000004
2022-11-09,BRN0W.ICE,95.05,95.17,95.65,92.33,92.47,-0.0275188013448908,-0.0271436086270383,0.0262903851752879,0.020259979054416,0.0225678148125529,False,45.38,0.3400000000000034,0.0275188013448908,45.04,-0.07000000000000028,47.5,1.0300000000000011,47.75,0.7100000000000009,48.58,1.2800000000000011
2022-11-10,BRN0W.ICE,92.47,92.53,94.32,91.73,93.34,0.0093644729321222,0.0094084567967989,0.0251172417721436,0.020352349503982,0.02256959162575,False,43.48,-1.9000000000000057,0.0093644729321222,45.38,0.3400000000000034,45.11,-2.3900000000000006,46.47,-1.2800000000000011,49.02,0.44000000000000483
2022-11-11,BRN0W.ICE,93.34,93.84,96.92,93.69,95.76,0.0255963207280482,0.0259267195200343,0.0271121533533372,0.0213421263314946,0.0224908174423195,False,42.06,-1.4199999999999946,0.0255963207280482,43.48,-1.9000000000000057,45.04,-0.07000000000000028,47.5,1.0300000000000011,47.81,-1.2100000000000009
2022-11-14,BRN0W.ICE,95.76,95.87,96.95,92.5,92.5,-0.0346364167313383,-0.0340434419381788,0.0301099545069721,0.02362629501693,0.0226808148399064,False,44.42,2.3599999999999994,0.0346364167313383,42.06,-1.4199999999999946,45.38,0.3400000000000034,45.11,-2.3900000000000006,47.41,-0.4000000000000057
2022-11-15,BRN0W.ICE,92.5,91.32,94.56,90.48,92.63,0.0014044187475565,0.0014054054054053,0.0226501179541304,0.02208220999247,0.02185167070935,False,46.72,2.299999999999997,0.0014044187475565,44.42,2.3599999999999994,43.48,-1.9000000000000057,45.04,-0.07000000000000028,47.04,-0.36999999999999744
2022-11-16,BRN0W.ICE,92.63,92.82,93.55,90.6,91.45,-0.0128206884290613,-0.0127388535031846,0.0226849365598832,0.0221837289507432,0.0215875264702843,False,45.12,-1.6000000000000014,0.0128206884290613,46.72,2.299999999999997,42.06,-1.4199999999999946,45.38,0.3400000000000034,47.75,0.7100000000000009
2022-11-17,BRN0W.ICE,91.45,91.54,91.63,88.45,89.2,-0.0249113352509109,-0.0246036085292509,0.0220238975827674,0.0229710798852746,0.0218807692350272,False,45.34,0.22000000000000597,0.0249113352509109,45.12,-1.6000000000000014,44.42,2.3599999999999994,43.48,-1.9000000000000057,46.47,-1.2800000000000011
2022-11-18,BRN0W.ICE,89.2,89.2,89.76,85.33,87.32,-0.0213015079042207,-0.0210762331838566,0.0212685162213031,0.0233096101835551,0.0208886559643572,False,45.93,0.5899999999999963,0.0213015079042207,45.34,0.22000000000000597,46.72,2.299999999999997,42.06,-1.4199999999999946,47.5,1.0300000000000011
2022-11-21,BRN0W.ICE,87.32,87.33,87.57,82.3,87.41,0.0010301609106533,0.0010306917086577,0.0203350589509282,0.0222711161672722,0.0205428262225498,False,47.11,1.1799999999999997,0.0010301609106533,45.93,0.5899999999999963,45.12,-1.6000000000000014,44.42,2.3599999999999994,45.11,-2.3900000000000006
2022-11-22,BRN0W.ICE,87.41,87.37,89.15,86.97,87.65,0.002741918774847,0.0027456812721657,0.0148896204449907,0.0220700896422706,0.0201910982573828,False,46.3,-0.8100000000000023,0.002741918774847,47.11,1.1799999999999997,45.34,0.22000000000000597,46.72,2.299999999999997,45.04,-0.07000000000000028
2022-11-23,BRN0W.ICE,87.65,87.81,88.76,83.91,84.45,-0.0371919681134345,-0.0365088419851683,0.0155360804426035,0.0235799361006229,0.0210608338927454,False,51.56,5.260000000000005,0.0371919681134345,46.3,-0.8100000000000023,45.93,0.5899999999999963,45.12,-1.6000000000000014,45.38,0.3400000000000034
2022-11-24,BRN0W.ICE,84.45,84.85,85.34,84.0,85.09,0.0075498766076568,0.007578448786264,0.0166218717600002,0.0191513760736744,0.0205239069492012,False,51.56,0.0,0.0075498766076568,51.56,5.260000000000005,47.11,1.1799999999999997,45.34,0.22000000000000597,43.48,-1.9000000000000057
2022-11-25,BRN0W.ICE,85.09,85.45,86.88,83.66,83.84,-0.0147992992887338,-0.0146903278881184,0.0166523882745882,0.0191666576210983,0.0197727071046318,False,50.16,-1.4000000000000057,0.0147992992887338,51.56,0.0,46.3,-0.8100000000000023,45.93,0.5899999999999963,42.06,-1.4199999999999946
2022-11-28,BRN0W.ICE,83.84,84.0,84.0,81.09,81.54,-0.0278165231816246,-0.0274332061068701,0.0170473554415181,0.0190207630349996,0.020207673209744,False,50.53,0.37000000000000455,0.0278165231816246,50.16,-1.4000000000000057,51.56,5.260000000000005,47.11,1.1799999999999997,44.42,2.3599999999999994
2022-11-29,BRN0W.ICE,81.54,83.21,86.72,83.19,84.98,0.041322237295558,0.0421878832474857,0.025960608881351,0.0229090341479397,0.0211291599653187,False,47.91,-2.6200000000000045,0.041322237295558,50.53,0.37000000000000455,51.56,0.0,46.3,-0.8100000000000023,46.72,2.299999999999997
2022-11-30,BRN0W.ICE,84.98,84.9,87.39,84.45,86.64,0.0193456680060695,0.0195340080018826,0.0274199973720663,0.0235708386024986,0.02116942839785,False,46.15,-1.759999999999998,0.0193456680060695,47.91,-2.6200000000000045,50.16,-1.4000000000000057,51.56,5.260000000000005,45.12,-1.6000000000000014
2022-12-01,BRN0W.ICE,86.64,86.78,89.37,86.26,87.26,0.0071305650027284,0.0071560480147738,0.0275765828345856,0.0221835359325192,0.0212254753660829,False,45.61,-0.5399999999999991,0.0071305650027284,46.15,-1.759999999999998,50.53,0.37000000000000455,51.56,0.0,45.34,0.22000000000000597
2022-12-02,BRN0W.ICE,87.26,86.9,87.91,85.16,85.49,-0.0204927576573213,-0.0202842081136833,0.024430027284773,0.0211063549635186,0.0214706088917677,False,45.76,0.14999999999999858,0.0204927576573213,45.61,-0.5399999999999991,47.91,-2.6200000000000045,50.16,-1.4000000000000057,45.93,0.5899999999999963
2022-12-05,BRN0W.ICE,85.49,85.73,88.44,82.52,83.01,-0.029438327571198,-0.0290092408468826,0.0268467121259587,0.021910077576536,0.0220154527833565,False,45.41,-0.3500000000000014,0.029438327571198,45.76,0.14999999999999858,46.15,-1.759999999999998,50.53,0.37000000000000455,47.11,1.1799999999999997
2022-12-06,BRN0W.ICE,83.01,83.28,83.69,78.7,79.72,-0.0404405871223502,-0.0396337790627635,0.030181847082609,0.023574100541785,0.0230332413717741,False,46.36,0.9500000000000028,0.0404405871223502,45.41,-0.3500000000000014,45.61,-0.5399999999999991,47.91,-2.6200000000000045,46.3,-0.8100000000000023
2022-12-07,BRN0W.ICE,79.72,79.76,80.49,76.91,77.39,-0.0296629220622262,-0.0292272955343703,0.0303993519470047,0.0238410095240527,0.0225072949729201,False,47.91,1.5499999999999972,0.0296629220622262,46.36,0.9500000000000028,45.76,0.14999999999999858,46.15,-1.759999999999998,51.56,5.260000000000005
2022-12-08,BRN0W.ICE,77.39,77.46,79.17,75.74,76.51,-0.0114361220386072,-0.0113709781625532,0.0215365909023357,0.0236307440397573,0.0223965077749162,False,47.17,-0.7399999999999949,0.0114361220386072,47.91,1.5499999999999972,45.41,-0.3500000000000014,45.61,-0.5399999999999991,51.56,0.0
2022-12-09,BRN0W.ICE,76.51,76.63,77.48,75.11,76.82,0.0040435716739981,0.0040517579401384,0.0179469343847415,0.0237468861474988,0.0224890353091615,False,46.93,-0.240000000000002,0.0040435716739981,47.17,-0.7399999999999949,46.36,0.9500000000000028,45.76,0.14999999999999858,50.16,-1.4000000000000057
2022-12-12,BRN0W.ICE,76.82,76.88,78.59,75.26,78.02,0.0155001811607516,0.0156209320489455,0.0199984401727339,0.0244750750515615,0.0228086572276115,False,44.99,-1.9399999999999977,0.0155001811607516,46.93,-0.240000000000002,47.91,1.5499999999999972,45.41,-0.3500000000000014,50.53,0.37000000000000455
2022-12-13,BRN0W.ICE,78.02,78.13,81.28,78.1,80.39,0.029924586261359,0.0303768264547552,0.0262180806782942,0.0249519259715996,0.0232453928992107,False,43.37,-1.6200000000000045,0.029924586261359,44.99,-1.9399999999999977,47.17,-0.7399999999999949,46.36,0.9500000000000028,47.91,-2.6200000000000045
2022-12-14,BRN0W.ICE,80.39,80.53,83.22,80.31,82.87,0.0303833245210816,0.0308496081602189,0.0280503750586866,0.0264333728738759,0.0240409738666733,False,41.82,-1.5499999999999972,0.0303833245210816,43.37,-1.6200000000000045,46.93,-0.240000000000002,47.91,1.5499999999999972,46.15,-1.759999999999998
2022-12-15,BRN0W.ICE,82.87,82.84,83.18,80.92,81.67,-0.0145863774907668,-0.0144805116447448,0.0231489380352452,0.0264254330532326,0.0240893914423394,False,43.7,1.8800000000000026,0.0145863774907668,41.82,-1.5499999999999972,44.99,-1.9399999999999977,47.17,-0.7399999999999949,45.61,-0.5399999999999991
2022-12-16,BRN0W.ICE,81.67,81.44,81.87,78.76,79.68,-0.0246681240938414,-0.0243663523937798,0.0220068781229055,0.026200102145087,0.022567234636375,False,42.29,-1.4100000000000037,0.0246681240938414,43.7,1.8800000000000026,43.37,-1.6200000000000045,46.93,-0.240000000000002,45.76,0.14999999999999858
2022-12-19,BRN0W.ICE,79.68,79.49,81.19,79.02,80.53,0.0106111725311107,0.0106676706827308,0.0209542984277997,0.0234688874542651,0.0227974007296249,False,42.47,0.17999999999999972,0.0106111725311107,42.29,-1.4100000000000037,41.82,-1.5499999999999972,44.99,-1.9399999999999977,45.41,-0.3500000000000014
2022-12-20,BRN0W.ICE,80.53,80.6,81.19,79.0,80.35,-0.002237693623932,-0.0022351918539675,0.0212501651149515,0.0225181806626887,0.0223765629402981,False,41.79,-0.6799999999999997,0.002237693623932,42.47,0.17999999999999972,43.7,1.8800000000000026,43.37,-1.6200000000000045,46.36,0.9500000000000028
2022-12-21,BRN0W.ICE,80.35,80.53,82.92,80.06,82.67,0.0284646870810627,0.0288736776602365,0.0226898374403221,0.0240967267901328,0.0228157120874934,False,41.18,-0.6099999999999994,0.0284646870810627,41.79,-0.6799999999999997,42.29,-1.4100000000000037,41.82,-1.5499999999999972,47.91,1.5499999999999972
2022-12-22,BRN0W.ICE,82.67,82.93,84.21,81.35,82.36,-0.0037568971049955,-0.0037498487964194,0.0208272636059427,0.0236184799944275,0.0226813228591982,False,41.8,0.6199999999999974,0.0037568971049955,41.18,-0.6099999999999994,42.47,0.17999999999999972,43.7,1.8800000000000026,47.17,-0.7399999999999949
2022-12-23,BRN0W.ICE,82.36,82.32,84.7,81.83,84.55,0.0262431931850005,0.0265905779504613,0.0199766428374594,0.0234506906847581,0.022710886362356,False,41.21,-0.5899999999999963,0.0262431931850005,41.8,0.6199999999999974,41.79,-0.6799999999999997,42.29,-1.4100000000000037,46.93,-0.240000000000002
2022-12-27,BRN0W.ICE,84.55,85.0,86.1,84.19,85.16,0.0071887646806894,0.0072146658781786,0.0184423071349064,0.0201499696208231,0.0220489943563284,False,43.5,2.289999999999999,0.0071887646806894,41.21,-0.5899999999999963,41.18,-0.6099999999999994,42.47,0.17999999999999972,44.99,-1.9399999999999977
2022-12-28,BRN0W.ICE,85.16,84.92,85.15,82.51,83.77,-0.0164568918595606,-0.0163222170032879,0.0163055290363204,0.0186717071836864,0.0221735796158285,False,43.95,0.45000000000000284,0.0164568918595606,43.5,2.289999999999999,41.8,0.6199999999999974,41.79,-0.6799999999999997,43.37,-1.6200000000000045
2022-12-29,BRN0W.ICE,83.77,83.63,83.84,81.85,83.7,-0.0008359706702883,-0.0008356213441564,0.016473811592064,0.0181323192183322,0.022104945952879,False,42.6,-1.3500000000000014,0.0008359706702883,43.95,0.45000000000000284,41.21,-0.5899999999999963,41.18,-0.6099999999999994,41.82,-1.5499999999999972
2022-12-30,BRN0W.ICE,83.7,83.71,86.0,82.88,85.99,0.0269920329273753,0.0273596176821981,0.0178296973427847,0.0189215025804586,0.022356702022335,False,41.26,-1.3400000000000034,0.0269920329273753,42.6,-1.3500000000000014,43.5,2.289999999999999,41.8,0.6199999999999974,43.7,1.8800000000000026
2023-01-03,BRN0W.ICE,85.99,85.96,87.0,81.78,82.46,-0.0419176831440511,-0.0410512850331433,0.0241894046240392,0.0229725945322078,0.0232924730857182,False,44.14,2.8800000000000026,0.0419176831440511,41.26,-1.3400000000000034,43.95,0.45000000000000284,41.21,-0.5899999999999963,42.29,-1.4100000000000037
2023-01-04,BRN0W.ICE,82.46,82.31,82.72,77.72,78.1,-0.0543232704331136,-0.0528741207858355,0.0317428229911215,0.0264216064315538,0.0251684925115163,False,45.83,1.6899999999999977,0.0543232704331136,44.14,2.8800000000000026,42.6,-1.3500000000000014,43.5,2.289999999999999,42.47,0.17999999999999972
2023-01-05,BRN0W.ICE,78.1,78.16,79.97,77.61,78.88,0.0099376534487397,0.0099871959026889,0.0293549740626519,0.0250179284541521,0.0252666303917245,False,43.93,-1.8999999999999986,0.0099376534487397,45.83,1.6899999999999977,41.26,-1.3400000000000034,43.95,0.45000000000000284,41.79,-0.6799999999999997
2023-01-06,BRN0W.ICE,78.88,78.8,80.59,78.05,78.6,-0.0035560108592191,-0.0035496957403651,0.028582221408887,0.0248156381838448,0.0244538750319573,False,42.94,-0.990000000000002,0.0035560108592191,43.93,-1.8999999999999986,44.14,2.8800000000000026,42.6,-1.3500000000000014,41.18,-0.6099999999999994
2023-01-09,BRN0W.ICE,78.6,78.42,81.37,78.42,79.8,0.0151518050206022,0.0152671755725191,0.0301153586749356,0.0243868910520216,0.0245994113706364,False,42.75,-0.18999999999999773,0.0151518050206022,42.94,-0.990000000000002,45.83,1.6899999999999977,41.26,-1.3400000000000034,41.8,0.6199999999999974
2023-01-10,BRN0W.ICE,79.8,79.54,80.89,78.81,79.62,-0.0022581868835918,-0.0022556390977442,0.0300721128165336,0.0242023600656198,0.0244831412236651,False,41.6,-1.1499999999999986,0.0022581868835918,42.75,-0.18999999999999773,43.93,-1.8999999999999986,44.14,2.8800000000000026,41.21,-0.5899999999999963
2023-01-11,BRN0W.ICE,79.62,79.52,83.0,79.31,82.91,0.0404903645559561,0.0413212760612911,0.0329231277381717,0.0265854644673032,0.0251400662885621,False,41.19,-0.4100000000000037,0.0404903645559561,41.6,-1.1499999999999986,42.94,-0.990000000000002,45.83,1.6899999999999977,43.5,2.289999999999999
2023-01-12,BRN0W.ICE,82.91,82.88,84.62,82.37,83.82,0.0109159603687981,0.0109757568447714,0.0289179774346961,0.0256511809018137,0.0240281825607825,False,39.28,-1.9099999999999966,0.0109159603687981,41.19,-0.4100000000000037,42.75,-0.18999999999999773,43.93,-1.8999999999999986,43.95,0.45000000000000284
2023-01-13,BRN0W.ICE,83.82,83.91,85.5,83.5,85.43,0.0190256846666019,0.0192078262944406,0.0148158445499982,0.0260467112036132,0.0240191578387548,False,38.19,-1.0900000000000034,0.0190256846666019,39.28,-1.9099999999999966,41.6,-1.1499999999999986,42.94,-0.990000000000002,42.6,-1.3500000000000014
2023-01-16,BRN0W.ICE,85.43,85.71,85.88,84.09,84.3,-0.0133154621557176,-0.013227203558469,0.0178621975080719,0.0254244652630353,0.024086073878967,False,38.19,0.0,0.0133154621557176,38.19,-1.0900000000000034,41.19,-0.4100000000000037,42.75,-0.18999999999999773,41.26,-1.3400000000000034
2023-01-17,BRN0W.ICE,84.3,84.34,86.97,84.22,86.84,0.0296854800022812,0.0301304863582443,0.0182296531668732,0.0266113923776174,0.0244362789877611,False,40.1,1.9100000000000037,0.0296854800022812,38.19,0.0,39.28,-1.9099999999999966,41.6,-1.1499999999999986,44.14,2.8800000000000026
2023-01-18,BRN0W.ICE,86.84,86.59,88.07,84.65,84.93,-0.022239957218173,-0.0219944725932749,0.0228192525607802,0.026952518816514,0.0241657884669909,False,39.25,-0.8500000000000014,0.022239957218173,40.1,1.9100000000000037,38.19,-1.0900000000000034,41.19,-0.4100000000000037,45.83,1.6899999999999977
2023-01-19,BRN0W.ICE,84.93,84.59,87.0,84.06,86.53,0.0186637868267294,0.018839043918521,0.022481771126215,0.0273522122282286,0.0230755329014625,False,39.02,-0.22999999999999687,0.0186637868267294,39.25,-0.8500000000000014,38.19,0.0,39.28,-1.9099999999999966,43.93,-1.8999999999999986
2023-01-20,BRN0W.ICE,86.53,86.58,87.83,85.75,87.67,0.0130885909818467,0.0131746215185484,0.0187471696368541,0.0266326075657707,0.0223134417846216,False,37.81,-1.2100000000000009,0.0130885909818467,39.02,-0.22999999999999687,40.1,1.9100000000000037,38.19,-1.0900000000000034,42.94,-0.990000000000002
2023-01-23,BRN0W.ICE,86.53,87.8,89.0,87.01,88.07,0.0045521872168738,0.0045625641610584,0.0187350721762247,0.0235368473504557,0.0221182384553174,False,37.3,-0.5100000000000051,0.0045521872168738,37.81,-1.2100000000000009,39.25,-0.8500000000000014,38.19,0.0,42.75,-0.18999999999999773
2023-01-24,BRN0W.ICE,86.53,88.0,88.61,85.9,86.53,-0.0176407781987205,-0.0174860906097421,0.0199220537345429,0.017804349155972,0.0224912741427316,False,38.26,0.9600000000000009,0.0176407781987205,37.3,-0.5100000000000051,39.02,-0.22999999999999687,40.1,1.9100000000000037,41.6,-1.1499999999999986
2023-01-25,BRN0W.ICE,86.53,86.42,87.07,85.5,86.23,-0.0034730296544143,-0.0034670056627759,0.0190011964726314,0.0180123135223465,0.0224224531430383,False,38.54,0.28000000000000114,0.0034730296544143,38.26,0.9600000000000009,37.81,-1.2100000000000009,39.25,-0.8500000000000014,41.19,-0.4100000000000037
2023-01-26,BRN0W.ICE,86.53,86.45,87.99,85.77,87.49,0.01450635615394,0.0146120839614982,0.0161283159342754,0.0178936320881633,0.0219639970348007,False,38.12,-0.4200000000000017,0.01450635615394,38.54,0.28000000000000114,37.3,-0.5100000000000051,39.02,-0.22999999999999687,39.28,-1.9099999999999966
2023-01-27,BRN0W.ICE,86.53,87.49,88.63,85.52,86.21,-0.0147383208963395,-0.014630243456395,0.0144874401198351,0.0186954056705944,0.0215525777040342,False,38.6,0.480000000000004,0.0147383208963395,38.12,-0.4200000000000017,38.26,0.9600000000000009,37.81,-1.2100000000000009,38.19,-1.0900000000000034
2023-01-30,BRN0W.ICE,87.67,86.81,87.28,84.26,84.64,-0.0183792121118442,-0.0182113443916017,0.014207200956941,0.0196817083616747,0.0216599417136986,False,40.18,1.5799999999999983,0.0183792121118442,38.6,0.480000000000004,38.54,0.28000000000000114,37.3,-0.5100000000000051,38.19,0.0
2023-01-31,BRN0W.ICE,84.64,84.62,85.79,83.16,85.53,0.0104602234827011,0.0105151228733459,0.0137331782575471,0.016878835139549,0.0211574987926522,False,38.55,-1.6300000000000026,0.0104602234827011,40.18,1.5799999999999983,38.12,-0.4200000000000017,38.26,0.9600000000000009,40.1,1.9100000000000037
2023-02-01,BRN0W.ICE,85.53,85.56,86.21,82.37,83.06,-0.0293039533900828,-0.0288787559920495,0.0161596349598758,0.0186184588297008,0.0218640777820711,False,37.99,-0.5599999999999952,0.0293039533900828,38.55,-1.6300000000000026,38.6,0.480000000000004,38.54,0.28000000000000114,39.25,-0.8500000000000014
2023-02-02,BRN0W.ICE,83.06,83.34,83.61,81.25,82.1,-0.011625221744225,-0.0115579099446184,0.0157387304054433,0.0179155962756787,0.0219793470842191,False,38.49,0.5,0.011625221744225,37.99,-0.5599999999999952,40.18,1.5799999999999983,38.12,-0.4200000000000017,39.02,-0.22999999999999687
2023-02-03,BRN0W.ICE,82.1,82.27,84.2,79.62,79.82,-0.0281639168377947,-0.0277710109622412,0.0173664444429525,0.0189907067527736,0.021945916907404,False,39.48,0.9899999999999949,0.0281639168377947,38.49,0.5,38.55,-1.6300000000000026,38.6,0.480000000000004,37.81,-1.2100000000000009
2023-02-06,BRN0W.ICE,79.82,79.61,81.43,79.1,81.4,0.019601173387907,0.0197945377098474,0.0186729083856037,0.0177708836030872,0.0222630130761694,False,38.92,-0.5599999999999952,0.019601173387907,39.48,0.9899999999999949,37.99,-0.5599999999999952,40.18,1.5799999999999983,37.3,-0.5100000000000051
2023-02-07,BRN0W.ICE,81.4,81.26,84.13,81.19,84.09,0.032512380836312,0.0330466830466831,0.0244505757323044,0.0195325592015795,0.0225492187080505,False,37.31,-1.6099999999999994,0.032512380836312,38.92,-0.5599999999999952,38.49,0.5,38.55,-1.6300000000000026,38.26,0.9600000000000009
2023-02-08,BRN0W.ICE,84.09,84.11,85.15,83.51,85.02,0.0109988690858374,0.0110595790224758,0.0239995116222588,0.0190491855058696,0.0226028295970519,False,37.02,-0.28999999999999915,0.0109988690858374,37.31,-1.6099999999999994,39.48,0.9899999999999949,37.99,-0.5599999999999952,38.54,0.28000000000000114
2023-02-09,BRN0W.ICE,85.02,84.96,85.5,83.05,84.08,-0.0111177963619483,-0.0110562220653963,0.0239135587113699,0.0187429820683822,0.0224899677327044,False,35.75,-1.2700000000000031,0.0111177963619483,37.02,-0.28999999999999915,38.92,-0.5599999999999952,38.49,0.5,38.12,-0.4200000000000017
2023-02-10,BRN0W.ICE,84.08,84.22,86.9,83.93,86.52,0.0286068745161623,0.0290199809705042,0.0230745055301615,0.0205067924413441,0.0230813171488234,False,35.89,0.14000000000000057,0.0286068745161623,35.75,-1.2700000000000031,37.31,-1.6099999999999994,39.48,0.9899999999999949,38.6,0.480000000000004
2023-02-13,BRN0W.ICE,86.52,86.51,86.95,85.1,85.78,-0.0085897219961235,-0.0085529357374016,0.0227175485660532,0.0200893481165435,0.0226146765177102,False,37.77,1.8800000000000026,0.0085897219961235,35.89,0.14000000000000057,37.02,-0.28999999999999915,38.92,-0.5599999999999952,40.18,1.5799999999999983
2023-02-14,BRN0W.ICE,85.78,85.83,86.42,84.13,85.25,-0.0061977629251082,-0.0061785964094194,0.0182464916385587,0.0201322479878542,0.0212342408643951,False,36.67,-1.1000000000000014,0.0061977629251082,37.77,1.8800000000000026,35.75,-1.2700000000000031,37.31,-1.6099999999999994,38.55,-1.6300000000000026
2023-02-15,BRN0W.ICE,85.25,85.2,85.85,83.88,85.28,0.0003518442539083,0.0003519061583578,0.0179004432189547,0.0196532687825615,0.0184802505822732,False,35.7,-0.9699999999999989,0.0003518442539083,36.67,-1.1000000000000014,35.89,0.14000000000000057,37.02,-0.28999999999999915,37.99,-0.5599999999999952
2023-02-16,BRN0W.ICE,85.28,84.92,85.83,84.25,84.47,-0.0095435186781291,-0.0094981238273921,0.0145110748061896,0.019438626094601,0.0185676451292289,False,35.03,-0.6700000000000017,0.0095435186781291,35.7,-0.9699999999999989,37.77,1.8800000000000026,35.75,-1.2700000000000031,38.49,0.5
2023-02-17,BRN0W.ICE,84.47,84.26,84.53,81.53,82.8,-0.0199683803481912,-0.0197703326624837,0.0155138961475852,0.0195493730438574,0.0189827450412421,False,36.04,1.009999999999998,0.0199683803481912,35.03,-0.6700000000000017,36.67,-1.1000000000000014,35.89,0.14000000000000057,39.48,0.9899999999999949
2023-02-20,BRN0W.ICE,82.8,82.78,84.0,82.46,83.49,0.008298802814695,0.0083333333333333,0.0157176852026593,0.0194553679702799,0.0188565400454444,False,36.04,0.0,0.008298802814695,36.04,1.009999999999998,35.7,-0.9699999999999989,37.77,1.8800000000000026,38.92,-0.5599999999999952
2023-02-21,BRN0W.ICE,83.49,83.58,83.85,82.25,82.46,-0.0124135369271552,-0.01233680680321,0.009083895285965,0.018089292808516,0.0190169311930749,False,37.05,1.009999999999998,0.0124135369271552,36.04,0.0,35.03,-0.6700000000000017,36.67,-1.1000000000000014,37.31,-1.6099999999999994
2023-02-22,BRN0W.ICE,82.46,82.5,82.96,80.3,80.31,-0.026419181078383,-0.026073247635217,0.011754746543156,0.0191868644216282,0.0181500231266731,False,38.36,1.3100000000000023,0.026419181078383,37.05,1.009999999999998,36.04,1.009999999999998,35.7,-0.9699999999999989,37.02,-0.28999999999999915
2023-02-23,BRN0W.ICE,80.31,80.31,82.46,80.25,82.17,0.0228961257427256,0.0231602540156892,0.0170375580000063,0.0185873454095135,0.0185500387408001,False,36.69,-1.6700000000000017,0.0228961257427256,38.36,1.3100000000000023,36.04,0.0,35.03,-0.6700000000000017,35.75,-1.2700000000000031
2023-02-24,BRN0W.ICE,82.17,82.33,83.09,80.75,82.85,0.0082414719294752,0.0082755263478153,0.0177178111092411,0.0180020270314731,0.0182575341655236,False,37.25,0.5600000000000023,0.0082414719294752,36.69,-1.6700000000000017,37.05,1.009999999999998,36.04,1.009999999999998,35.89,0.14000000000000057
2023-02-27,BRN0W.ICE,82.85,82.85,83.25,81.4,82.06,-0.0095810568585318,-0.0095353047676522,0.0177197283521256,0.0157560823549183,0.0181834083462174,False,37.55,0.29999999999999716,0.0095810568585318,37.25,0.5600000000000023,38.36,1.3100000000000023,36.04,0.0,37.77,1.8800000000000026
2023-02-28,BRN0W.ICE,82.06,82.0,83.99,81.84,83.11,0.0127143445508948,0.0127955154764805,0.0171491000989881,0.0158690837653712,0.0174482583282025,False,35.42,-2.1299999999999955,0.0127143445508948,37.55,0.29999999999999716,36.69,-1.6700000000000017,37.05,1.009999999999998,36.67,-1.1000000000000014
2023-03-01,BRN0W.ICE,83.11,83.05,84.49,82.61,84.43,0.0157577571164735,0.0158825652749368,0.0179261197605518,0.016253062988405,0.0172662577214388,False,36.63,1.2100000000000009,0.0157577571164735,35.42,-2.1299999999999955,37.25,0.5600000000000023,38.36,1.3100000000000023,35.7,-0.9699999999999989
2023-03-02,BRN0W.ICE,84.43,84.31,85.1,83.83,84.35,-0.0009479796894313,-0.000947530498638,0.0169283839289263,0.0140652298707547,0.0168948135835843,False,35.61,-1.0200000000000031,0.0009479796894313,36.63,1.2100000000000009,37.55,0.29999999999999716,36.69,-1.6700000000000017,35.03,-0.6700000000000017
2023-03-03,BRN0W.ICE,84.35,84.61,86.0,82.36,86.0,0.0193724872615305,0.0195613515115591,0.0115520536216535,0.0149844176101437,0.0171111602400839,False,35.2,-0.4099999999999966,0.0193724872615305,35.61,-1.0200000000000031,35.42,-2.1299999999999955,37.25,0.5600000000000023,36.04,1.009999999999998
2023-03-06,BRN0W.ICE,86.0,85.83,86.35,84.34,86.25,0.0029027596579614,0.002906976744186,0.010155616283414,0.0148833775631635,0.017096541713781,False,33.03,-2.1700000000000017,0.0029027596579614,35.2,-0.4099999999999966,36.63,1.2100000000000009,37.55,0.29999999999999716,36.04,0.0
2023-03-07,BRN0W.ICE,86.25,86.23,86.75,82.83,83.08,-0.0374460569035575,-0.0367536231884058,0.0195255615480351,0.018065478670243,0.0181248772831698,False,33.76,0.7299999999999969,0.0374460569035575,33.03,-2.1700000000000017,35.61,-1.0200000000000031,35.42,-2.1299999999999955,37.05,1.009999999999998
2023-03-08,BRN0W.ICE,83.08,83.03,83.59,82.06,82.52,-0.0067633108048605,-0.0067404910929225,0.0193134881322403,0.0179897230369178,0.0181480680799162,False,33.39,-0.36999999999999744,0.0067633108048605,33.76,0.7299999999999969,35.2,-0.4099999999999966,36.63,1.2100000000000009,38.36,1.3100000000000023
2023-03-09,BRN0W.ICE,82.52,82.55,84.0,81.42,81.56,-0.0117017424967965,-0.0116335433834221,0.0190051463871587,0.0174710464192994,0.0179827331950037,False,34.86,1.4699999999999989,0.0117017424967965,33.39,-0.36999999999999744,33.03,-2.1700000000000017,35.61,-1.0200000000000031,36.69,-1.6700000000000017
2023-03-10,BRN0W.ICE,81.56,80.96,82.49,80.25,82.06,0.0061117413077856,0.0061304561059343,0.017753135865846,0.0173903470332172,0.0178896856791858,False,36.76,1.8999999999999986,0.0061117413077856,34.86,1.4699999999999989,33.76,0.7299999999999969,35.2,-0.4099999999999966,37.25,0.5600000000000023
2023-03-13,BRN0W.ICE,82.06,82.0,82.89,77.78,80.2,-0.0229271721415711,-0.0226663417011941,0.0190087225482192,0.0181218740510512,0.0180548939655409,False,38.13,1.3700000000000045,0.0229271721415711,36.76,1.8999999999999986,33.39,-0.36999999999999744,33.03,-2.1700000000000017,37.55,0.29999999999999716
2023-03-14,BRN0W.ICE,80.2,79.99,80.38,76.46,77.14,-0.0389015620923871,-0.0381546134663342,0.0181700466762143,0.0196584383151366,0.0191173991145079,False,47.41,9.279999999999994,0.0389015620923871,38.13,1.3700000000000045,34.86,1.4699999999999989,33.76,0.7299999999999969,35.42,-2.1299999999999955
2023-03-15,BRN0W.ICE,77.14,77.3,78.26,71.3,73.83,-0.0438567997090076,-0.0429089966295048,0.0188458157619367,0.0209775842740133,0.0199622434390872,False,49.78,2.3700000000000045,0.0438567997090076,47.41,9.279999999999994,36.76,1.8999999999999986,33.39,-0.36999999999999744,36.63,1.2100000000000009
2023-03-16,BRN0W.ICE,73.83,73.85,75.12,71.49,74.26,0.0058072956778599,0.0058241907083842,0.0200696270689206,0.0208454575056895,0.0199841264786349,False,48.65,-1.1300000000000026,0.0058072956778599,49.78,2.3700000000000045,38.13,1.3700000000000045,34.86,1.4699999999999989,35.61,-1.0200000000000031
2023-03-17,BRN0W.ICE,74.26,74.3,75.59,71.38,72.52,-0.0237100628622838,-0.0234311877188259,0.0197851779106838,0.0212749503283497,0.0198091711344096,False,51.48,2.8299999999999983,0.0237100628622838,48.65,-1.1300000000000026,47.41,9.279999999999994,36.76,1.8999999999999986,35.2,-0.4099999999999966
2023-03-20,BRN0W.ICE,72.52,72.97,73.65,70.06,73.56,0.0142390138494701,0.0143408714837287,0.0233660372097296,0.0213972559683142,0.0196196535887082,False,51.14,-0.3399999999999963,0.0142390138494701,51.48,2.8299999999999983,49.78,2.3700000000000045,38.13,1.3700000000000045,33.03,-2.1700000000000017
2023-03-21,BRN0W.ICE,73.56,73.44,75.12,72.62,74.78,0.0164490698128473,0.0165851005981512,0.0251618008333172,0.021458796022007,0.0188088904855754,False,48.12,-3.020000000000003,0.0164490698128473,51.14,-0.3399999999999963,48.65,-1.1300000000000026,47.41,9.279999999999994,33.76,0.7299999999999969
2023-03-22,BRN0W.ICE,74.78,74.9,76.79,74.26,75.47,0.0091847567478092,0.0092270660604438,0.0260206179263119,0.0219054909356128,0.0187621597879054,False,46.97,-1.1499999999999986,0.0091847567478092,48.12,-3.020000000000003,51.48,2.8299999999999983,49.78,2.3700000000000045,33.39,-0.36999999999999744
2023-03-23,BRN0W.ICE,75.47,75.58,77.06,74.67,75.15,-0.0042491100977934,-0.0042400954021464,0.0223512252264322,0.0205043773585905,0.018713795692975,False,46.9,-0.07000000000000028,0.0042491100977934,46.97,-1.1499999999999986,51.14,-0.3399999999999963,48.65,-1.1300000000000026,34.86,1.4699999999999989
2023-03-24,BRN0W.ICE,75.15,75.1,75.89,72.35,74.61,-0.0072115697155605,-0.007185628742515,0.0141883544688159,0.0202047128963502,0.0176935086512255,False,48.36,1.4600000000000009,0.0072115697155605,46.9,-0.07000000000000028,48.12,-3.020000000000003,51.48,2.8299999999999983,36.76,1.8999999999999986
2023-03-27,BRN0W.ICE,74.61,74.62,78.0,74.39,77.76,0.0413526136687606,0.0422195416164052,0.0208044201077725,0.0228764121133019,0.0195862039285857,False,45.41,-2.950000000000003,0.0413526136687606,48.36,1.4600000000000009,46.97,-1.1499999999999986,51.14,-0.3399999999999963,38.13,1.3700000000000045
2023-03-28,BRN0W.ICE,77.76,77.83,78.7,77.09,78.42,0.0084518367120018,0.0084876543209875,0.0159960315633691,0.023132211792815,0.0196930720014133,False,44.31,-1.0999999999999943,0.0084518367120018,45.41,-2.950000000000003,46.9,-0.07000000000000028,48.12,-3.020000000000003,47.41,9.279999999999994
2023-03-29,BRN0W.ICE,78.42,78.47,79.0,77.31,77.53,-0.0114140386333179,-0.0113491456261157,0.0179909322208819,0.023124625624027,0.0197455656390368,False,43.33,-0.980000000000004,0.0114140386333179,44.31,-1.0999999999999943,48.36,1.4600000000000009,46.97,-1.1499999999999986,49.78,2.3700000000000045
2023-03-30,BRN0W.ICE,77.53,77.48,78.85,77.18,78.56,0.0131977058153427,0.0132851799303495,0.0177621728309851,0.0234295406806129,0.0199283545216667,False,42.02,-1.3099999999999952,0.0131977058153427,43.33,-0.980000000000004,45.41,-2.950000000000003,46.9,-0.07000000000000028,48.65,-1.1300000000000026
2023-03-31,BRN0W.ICE,78.56,78.47,79.95,77.84,79.93,0.0172885875917173,0.0174389002036661,0.0181839947975094,0.0232782498409666,0.0199577908085851,False,40.34,-1.6799999999999997,0.0172885875917173,42.02,-1.3099999999999952,44.31,-1.0999999999999943,48.36,1.4600000000000009,51.48,2.8299999999999983
2023-04-03,BRN0W.ICE,79.93,86.0,86.44,83.5,84.78,0.0589084142865632,0.060678093331665,0.0252658556713975,0.0253666157601747,0.0227323750854023,False,39.49,-0.8500000000000014,0.0589084142865632,40.34,-1.6799999999999997,43.33,-0.980000000000004,45.41,-2.950000000000003,51.14,-0.3399999999999963
2023-04-04,BRN0W.ICE,84.78,84.89,86.04,83.82,85.26,0.0056457454125733,0.0056617126680822,0.0236061556541521,0.0208116523619837,0.022617137811129,False,39.42,-0.07000000000000028,0.0056457454125733,39.49,-0.8500000000000014,42.02,-1.3099999999999952,44.31,-1.0999999999999943,48.12,-3.020000000000003
2023-04-05,BRN0W.ICE,84.78,85.22,85.54,84.01,84.88,-0.0044669170313366,-0.0044569551958715,0.0227313383519498,0.0211597942659791,0.0220434999355568,False,39.14,-0.28000000000000114,0.0044669170313366,39.42,-0.07000000000000028,40.34,-1.6799999999999997,43.33,-0.980000000000004,46.97,-1.1499999999999986
2023-04-06,BRN0W.ICE,85.26,84.89,85.45,84.05,84.94,0.0007066305793975,0.0007068803016023,0.0231468321216591,0.0191152124854487,0.0216820965119036,False,34.76,-4.380000000000003,0.0007066305793975,39.14,-0.28000000000000114,39.49,-0.8500000000000014,42.02,-1.3099999999999952,46.9,-0.07000000000000028
2023-04-10,BRN0W.ICE,84.94,85.1,85.66,84.09,84.31,-0.0074446429505408,-0.0074170002354603,0.0225350444286307,0.0197267170943698,0.0216932028100874,False,34.31,-0.44999999999999574,0.0074446429505408,34.76,-4.380000000000003,39.42,-0.07000000000000028,40.34,-1.6799999999999997,48.36,1.4600000000000009
2023-04-11,BRN0W.ICE,84.31,84.24,85.67,83.75,85.62,0.0154184187822157,0.0155378958605147,0.0225707048375476,0.0197016720828743,0.021769356010035,False,34.23,-0.0800000000000054,0.0154184187822157,34.31,-0.44999999999999574,39.14,-0.28000000000000114,39.49,-0.8500000000000014,45.41,-2.950000000000003
2023-04-12,BRN0W.ICE,85.62,85.59,87.49,85.39,87.23,0.018629407728327,0.0188040177528614,0.0226257804071464,0.0198449878989803,0.0219016045465747,False,33.74,-0.4899999999999949,0.018629407728327,34.23,-0.0800000000000054,34.76,-4.380000000000003,39.42,-0.07000000000000028,44.31,-1.0999999999999943
2023-04-13,BRN0W.ICE,87.23,87.19,87.47,86.05,86.31,-0.0106028422135609,-0.0105468302189614,0.011249091021517,0.0202724352528251,0.0218432553270713,False,32.78,-0.9600000000000009,0.0106028422135609,33.74,-0.4899999999999949,34.31,-0.44999999999999574,39.14,-0.28000000000000114,43.33,-0.980000000000004
2023-04-14,BRN0W.ICE,86.31,86.18,86.87,85.53,86.63,0.0037007096704825,0.0037075657513612,0.0111838591211528,0.019767826006338,0.021847399776043,False,32.51,-0.2700000000000031,0.0037007096704825,32.78,-0.9600000000000009,34.23,-0.0800000000000054,34.76,-4.380000000000003,42.02,-1.3099999999999952
2023-04-17,BRN0W.ICE,86.63,86.43,86.52,84.34,84.83,-0.0209969220824054,-0.0207780214706221,0.0141870901225538,0.0193422432415142,0.0219128307724251,False,32.93,0.4200000000000017,0.0209969220824054,32.51,-0.2700000000000031,33.74,-0.4899999999999949,34.31,-0.44999999999999574,40.34,-1.6799999999999997
2023-04-18,BRN0W.ICE,84.83,84.74,85.41,83.81,84.87,0.0004714201619422,0.00047153129789,0.014185183378744,0.0193888168411226,0.0219044722968814,False,33.69,0.759999999999998,0.0004714201619422,32.93,0.4200000000000017,32.78,-0.9600000000000009,34.23,-0.0800000000000054,39.49,-0.8500000000000014
2023-04-19,BRN0W.ICE,84.87,84.9,85.15,82.39,82.88,-0.0237268954704127,-0.0234476257806057,0.0166990564260214,0.0204712364683238,0.0212405012786918,False,34.44,0.75,0.0237268954704127,33.69,0.759999999999998,32.51,-0.2700000000000031,33.74,-0.4899999999999949,39.42,-0.07000000000000028
2023-04-20,BRN0W.ICE,82.88,82.37,82.58,80.5,80.56,-0.0283915301008659,-0.0279922779922778,0.0170938004437666,0.0221059322074231,0.0218339159114323,False,36.41,1.9699999999999989,0.0283915301008659,34.44,0.75,32.93,0.4200000000000017,32.78,-0.9600000000000009,39.14,-0.28000000000000114
2023-04-21,BRN0W.ICE,80.56,80.54,81.81,80.21,81.54,0.0120914489808006,0.0121648460774579,0.0154512048308813,0.0218681055444893,0.0218564348181353,False,35.17,-1.2399999999999949,0.0120914489808006,36.41,1.9699999999999989,33.69,0.759999999999998,32.51,-0.2700000000000031,34.76,-4.380000000000003
2023-04-24,BRN0W.ICE,81.54,81.67,82.8,80.3,82.32,0.0095203941346865,0.0095658572479762,0.017032502333924,0.0146856675700799,0.021898166749315,False,34.28,-0.8900000000000006,0.0095203941346865,35.17,-1.2399999999999949,34.44,0.75,32.93,0.4200000000000017,34.31,-0.44999999999999574
2023-04-25,BRN0W.ICE,82.32,82.39,82.88,80.21,80.6,-0.0211154420132116,-0.0208940719144801,0.0170744989779185,0.0153270918474679,0.0218348635150419,False,36.64,2.3599999999999994,0.0211154420132116,34.28,-0.8900000000000006,36.41,1.9699999999999989,33.69,0.759999999999998,34.23,-0.0800000000000054
2023-04-26,BRN0W.ICE,80.6,80.71,81.36,77.5,77.8,-0.0353572183282366,-0.0347394540942928,0.0192916925671463,0.017470730425548,0.0216247652674718,False,39.25,2.6099999999999994,0.0353572183282366,36.64,2.3599999999999994,35.17,-1.2399999999999949,34.44,0.75,33.74,-0.4899999999999949
2023-04-27,BRN0W.ICE,77.8,77.88,78.55,77.36,78.31,0.0065338775785004,0.0065552699228792,0.0200834845173353,0.0177161711897257,0.0199717866154459,False,37.76,-1.490000000000002,0.0065338775785004,39.25,2.6099999999999994,34.28,-0.8900000000000006,36.41,1.9699999999999989,32.78,-0.9600000000000009
2023-04-28,BRN0W.ICE,78.31,78.27,80.53,77.51,80.26,0.0245960560759244,0.0249010343506577,0.0232349064580778,0.0194707300894892,0.0203867601378065,False,35.63,-2.1299999999999955,0.0245960560759244,37.76,-1.490000000000002,36.64,2.3599999999999994,35.17,-1.2399999999999949,32.51,-0.2700000000000031
2023-05-01,BRN0W.ICE,78.31,80.11,80.24,78.13,79.4,-0.0107729965856806,-0.0107151756790431,0.021081188363963,0.0187566493411473,0.019943262678644,False,35.94,0.30999999999999517,0.0107729965856806,35.63,-2.1299999999999955,39.25,2.6099999999999994,34.28,-0.8900000000000006,32.93,0.4200000000000017
2023-05-02,BRN0W.ICE,78.31,79.28,79.78,75.07,75.23,-0.0539482806809598,-0.0525188916876574,0.0274894263334307,0.0214452559268118,0.0223598908084212,False,39.48,3.539999999999999,0.0539482806809598,35.94,0.30999999999999517,37.76,-1.490000000000002,36.64,2.3599999999999994,33.69,0.759999999999998
2023-05-03,BRN0W.ICE,78.31,75.31,75.58,71.7,71.93,-0.0448566636928653,-0.0438654791971288,0.0282304051986838,0.0233211083189224,0.0236402595611934,False,43.23,3.75,0.0448566636928653,39.48,3.539999999999999,35.63,-2.1299999999999955,39.25,2.6099999999999994,34.44,0.75
2023-05-04,BRN0W.ICE,80.26,71.28,73.72,71.28,72.54,0.0084447099754914,0.0084804671208118,0.0300606726183495,0.0236153280870292,0.0236293303545735,False,43.75,0.5200000000000031,0.0084447099754914,43.23,3.75,35.94,0.30999999999999517,37.76,-1.490000000000002,36.41,1.9699999999999989
2023-05-05,BRN0W.ICE,72.54,72.69,75.75,72.41,75.37,0.038271184000622,0.0390129583677969,0.0343472516779836,0.0270693288505847,0.0246986111662773,False,37.35,-6.399999999999999,0.038271184000622,43.75,0.5200000000000031,39.48,3.539999999999999,35.63,-2.1299999999999955,35.17,-1.2399999999999949
2023-05-08,BRN0W.ICE,75.37,75.23,77.43,74.95,76.61,0.016318298673351,0.0164521692981292,0.035064297518132,0.0277925485953825,0.0248317510085347,False,35.54,-1.8100000000000023,0.016318298673351,37.35,-6.399999999999999,43.23,3.75,35.94,0.30999999999999517,34.28,-0.8900000000000006
2023-05-09,BRN0W.ICE,76.61,76.71,77.5,75.07,77.28,0.008707573375533,0.0087455945698995,0.0334469460547718,0.0276707098744811,0.0236859412280067,False,35.13,-0.4099999999999966,0.008707573375533,35.54,-1.8100000000000023,43.75,0.5200000000000031,39.48,3.539999999999999,36.64,2.3599999999999994
2023-05-10,BRN0W.ICE,77.28,77.36,77.6,75.68,76.59,-0.0089686699827603,-0.0089285714285713,0.0334056110045511,0.0268832402920642,0.0236798962376137,False,34.13,-1.0,0.0089686699827603,35.13,-0.4099999999999966,37.35,-6.399999999999999,43.23,3.75,39.25,2.6099999999999994
2023-05-11,BRN0W.ICE,76.59,76.62,77.41,74.61,75.43,-0.0152614460559626,-0.0151455803629716,0.0264655984834467,0.0266472798548114,0.0237497503972101,False,35.74,1.6099999999999994,0.0152614460559626,34.13,-1.0,35.54,-1.8100000000000023,43.75,0.5200000000000031,37.76,-1.490000000000002
2023-05-12,BRN0W.ICE,75.43,75.35,75.85,74.03,74.17,-0.0168453181170729,-0.0167042290865704,0.0197520994816795,0.0264300399546053,0.0237675302542369,False,37.32,1.5799999999999983,0.0168453181170729,35.74,1.6099999999999994,35.13,-0.4099999999999966,37.35,-6.399999999999999,35.63,-2.1299999999999955
2023-05-15,BRN0W.ICE,74.17,74.15,75.75,73.49,75.56,0.0185672868848421,0.0187407307536739,0.0204571644022908,0.0269736727371767,0.0238042778281651,False,35.16,-2.1600000000000037,0.0185672868848421,37.32,1.5799999999999983,34.13,-1.0,35.54,-1.8100000000000023,35.94,0.30999999999999517
2023-05-16,BRN0W.ICE,75.56,75.55,75.95,74.5,74.75,-0.0107778303625129,-0.01071995764955,0.0152226856233988,0.0255826498342694,0.0208901477984762,False,35.98,0.8200000000000003,0.0107778303625129,35.16,-2.1600000000000037,35.74,1.6099999999999994,35.13,-0.4099999999999966,39.48,3.539999999999999
2023-05-17,BRN0W.ICE,74.75,74.67,77.31,74.1,76.78,0.0267949773018558,0.0271571906354515,0.0175646901793398,0.026703280969491,0.0215792556586741,False,36.44,0.46000000000000085,0.0267949773018558,35.98,0.8200000000000003,37.32,1.5799999999999983,34.13,-1.0,43.23,3.75
2023-05-18,BRN0W.ICE,76.78,76.78,76.99,75.5,75.95,-0.0108689605308697,-0.0108101067986454,0.0175645086978527,0.0257102332752672,0.0216208442890172,False,36.02,-0.4199999999999946,0.0108689605308697,36.44,0.46000000000000085,35.16,-2.1600000000000037,35.74,1.6099999999999994,43.75,0.5200000000000031
2023-05-19,BRN0W.ICE,75.95,76.03,77.5,75.12,75.59,-0.0047512297376965,-0.0047399605003292,0.017376163856713,0.0256374402499908,0.0216053957737342,False,35.85,-0.1700000000000017,0.0047512297376965,36.02,-0.4199999999999946,35.98,0.8200000000000003,37.32,1.5799999999999983,37.35,-6.399999999999999
2023-05-22,BRN0W.ICE,75.59,75.66,76.33,74.43,75.81,0.0029062107641271,0.0029104378886095,0.0163716647545555,0.0211426603329982,0.0216292648949408,False,35.52,-0.3299999999999983,0.0029062107641271,35.85,-0.1700000000000017,36.44,0.46000000000000085,35.16,-2.1600000000000037,35.54,-1.8100000000000023
2023-05-23,BRN0W.ICE,75.81,76.01,77.62,75.52,77.37,0.0203688984931506,0.0205777601899486,0.0157482418810184,0.0171833598176015,0.021797143094242,False,35.11,-0.4100000000000037,0.0203688984931506,35.52,-0.3299999999999983,36.02,-0.4199999999999946,35.98,0.8200000000000003,35.13,-0.4099999999999966
2023-05-24,BRN0W.ICE,77.37,77.59,78.5,76.94,78.24,0.0111819171651986,0.0112446684761533,0.0149981743584039,0.0172385096845323,0.0215791840582572,False,35.86,0.75,0.0111819171651986,35.11,-0.4100000000000037,35.85,-0.1700000000000017,36.44,0.46000000000000085,34.13,-1.0
2023-05-25,BRN0W.ICE,78.24,78.21,78.39,75.05,76.14,-0.0272072747722105,-0.0268404907975459,0.0187029126556398,0.0165018338289551,0.0219736506665016,False,36.74,0.8800000000000026,0.0272072747722105,35.86,0.75,35.52,-0.3299999999999983,36.02,-0.4199999999999946,35.74,1.6099999999999994
2023-05-26,BRN0W.ICE,76.14,76.01,77.32,75.66,77.17,0.0134370295151604,0.0135277121092725,0.0163615617438183,0.016309257514105,0.0221651126193351,False,35.95,-0.7899999999999991,0.0134370295151604,36.74,0.8800000000000026,35.11,-0.4100000000000037,35.85,-0.1700000000000017,37.32,1.5799999999999983
2023-05-29,BRN0W.ICE,77.17,77.42,77.83,76.16,77.1,-0.000907499900228,-0.0009070882467281,0.0156007343349743,0.0161395277965014,0.0219315897031327,False,35.95,0.0,0.000907499900228,35.95,-0.7899999999999991,35.86,0.75,35.52,-0.3299999999999983,35.16,-2.1600000000000037
2023-05-30,BRN0W.ICE,77.1,77.04,77.59,73.32,73.87,-0.0427964890286372,-0.0418936446173798,0.0231870703907279,0.0196984825314123,0.0230757020426201,False,39.68,3.729999999999997,0.0427964890286372,35.95,0.0,36.74,0.8800000000000026,35.11,-0.4100000000000037,35.98,0.8200000000000003
2023-05-31,BRN0W.ICE,73.87,73.84,73.95,71.5,72.13,-0.0238367450250652,-0.0235548937322324,0.0241783148817694,0.0202486878868505,0.0230788458029679,False,40.68,1.0,0.0238367450250652,39.68,3.729999999999997,35.95,-0.7899999999999991,35.86,0.75,36.44,0.46000000000000085
2023-06-01,BRN0W.ICE,72.13,72.15,75.25,72.03,74.32,0.0299100479900018,0.0303618466657424,0.0261722115636981,0.0216326335477957,0.0234605721780024,False,40.5,-0.17999999999999972,0.0299100479900018,40.68,1.0,35.95,0.0,36.74,0.8800000000000026,36.02,-0.4199999999999946
2023-06-02,BRN0W.ICE,74.32,74.28,76.5,74.18,76.4,0.0276026016668918,0.0279870828848225,0.0285684819149177,0.022347502600539,0.0239630499193418,False,39.6,-0.8999999999999986,0.0276026016668918,40.5,-0.17999999999999972,39.68,3.729999999999997,35.95,-0.7899999999999991,35.85,-0.1700000000000017
2023-06-05,BRN0W.ICE,76.4,77.68,78.73,76.31,76.6,0.0026143805740706,0.0026178010471202,0.0265809263013196,0.0220995170758975,0.0238798972097569,False,37.45,-2.1499999999999986,0.0026143805740706,39.6,-0.8999999999999986,40.68,1.0,35.95,0.0,35.52,-0.3299999999999983
2023-06-06,BRN0W.ICE,76.6,76.55,76.75,74.72,76.12,-0.0062860343185967,-0.0062663185378588,0.0260659593264555,0.0209540981749806,0.0236313316041724,False,36.07,-1.3800000000000026,0.0062860343185967,37.45,-2.1499999999999986,40.5,-0.17999999999999972,39.68,3.729999999999997,35.11,-0.4100000000000037
2023-06-07,BRN0W.ICE,76.12,76.22,77.64,75.51,76.8,0.0088935977256776,0.0089332632685232,0.0263929233805164,0.0208758288961146,0.0228391328988206,False,34.13,-1.9399999999999977,0.0088935977256776,36.07,-1.3800000000000026,39.6,-0.8999999999999986,40.68,1.0,35.86,0.75
2023-06-08,BRN0W.ICE,76.8,76.8,77.68,73.58,75.52,-0.0168071183163812,-0.0166666666666667,0.0206676687321062,0.0213651300408419,0.0229907409024156,False,35.18,1.0499999999999972,0.0168071183163812,34.13,-1.9399999999999977,37.45,-2.1499999999999986,40.5,-0.17999999999999972,36.74,0.8800000000000026
2023-06-09,BRN0W.ICE,75.52,75.53,76.57,74.71,75.04,-0.0063762171392758,-0.0063559322033897,0.0177088656549623,0.0214097769658201,0.0224817611351328,False,33.7,-1.4799999999999969,0.0063762171392758,35.18,1.0499999999999972,36.07,-1.3800000000000026,39.6,-0.8999999999999986,35.95,-0.7899999999999991
2023-06-12,BRN0W.ICE,75.04,74.87,74.87,71.58,72.11,-0.0398285737693011,-0.039045842217484,0.0210816553549488,0.0228434694379368,0.0234662699397874,False,36.35,2.6499999999999986,0.0398285737693011,33.7,-1.4799999999999969,34.13,-1.9399999999999977,37.45,-2.1499999999999986,35.95,0.0
2023-06-13,BRN0W.ICE,72.11,72.11,74.66,71.94,74.19,0.0284366392727662,0.0288448204132574,0.0212933876947552,0.0242099840378245,0.0221049487620126,False,32.38,-3.969999999999999,0.0284366392727662,36.35,2.6499999999999986,35.18,1.0499999999999972,36.07,-1.3800000000000026,39.68,3.729999999999997
2023-06-14,BRN0W.ICE,74.19,74.0,75.37,73.01,73.59,-0.0081202232629268,-0.0080873433077233,0.0211071236053524,0.0233109626060508,0.020521779364269,False,33.66,1.279999999999994,0.0081202232629268,32.38,-3.969999999999999,33.7,-1.4799999999999969,34.13,-1.9399999999999977,40.68,1.0
2023-06-15,BRN0W.ICE,73.59,73.36,75.94,72.88,75.63,0.0273438829294305,0.0277211577660008,0.0245114162628958,0.0243139853330226,0.0210491065549292,False,33.07,-0.5899999999999963,0.0273438829294305,33.66,1.279999999999994,36.35,2.6499999999999986,35.18,1.0499999999999972,40.5,-0.17999999999999972
2023-06-16,BRN0W.ICE,75.63,75.64,76.7,75.14,76.26,0.0082955245614795,0.0083300277667592,0.0244725089953378,0.0244534922957038,0.0199191682777749,False,32.99,-0.0799999999999983,0.0082955245614795,33.07,-0.5899999999999963,32.38,-3.969999999999999,33.7,-1.4799999999999969,39.6,-0.8999999999999986
2023-06-19,BRN0W.ICE,76.26,76.34,76.9,75.34,76.08,-0.0023631361922828,-0.002360346184107,0.0235083059752031,0.0212931892968691,0.0196948351428488,False,32.99,0.0,0.0023631361922828,32.99,-0.0799999999999983,33.66,1.279999999999994,36.35,2.6499999999999986,37.45,-2.1499999999999986
2023-06-20,BRN0W.ICE,76.08,76.08,77.08,74.53,75.41,-0.0088455260225792,-0.0088065194532072,0.0236564688132513,0.0202390856213212,0.0196808472635129,False,34.75,1.759999999999998,0.0088455260225792,32.99,0.0,33.07,-0.5899999999999963,32.38,-3.969999999999999,36.07,-1.3800000000000026
2023-06-21,BRN0W.ICE,75.41,75.55,77.25,75.49,77.04,0.0213848752753144,0.0216151704018034,0.0163678889755382,0.0194871500818213,0.0200245274216692,False,33.26,-1.490000000000002,0.0213848752753144,34.75,1.759999999999998,32.99,-0.0799999999999983,33.66,1.279999999999994,34.13,-1.9399999999999977
2023-06-22,BRN0W.ICE,75.41,77.07,77.21,73.81,74.41,-0.0347344260807003,-0.0341381100726896,0.0209316753493447,0.0204259394941661,0.0208417710095612,False,34.93,1.6700000000000017,0.0347344260807003,33.26,-1.490000000000002,32.99,0.0,33.07,-0.5899999999999963,35.18,1.0499999999999972
2023-06-23,BRN0W.ICE,75.41,74.22,74.55,72.3,74.55,0.0018796998015774,0.0018814675446847,0.0205898846360942,0.0204144307796939,0.0206130857934578,False,35.36,0.4299999999999997,0.0018796998015774,34.93,1.6700000000000017,34.75,1.759999999999998,32.99,-0.0799999999999983,33.7,-1.4799999999999969
2023-06-26,BRN0W.ICE,77.04,74.6,75.0,73.61,74.47,-0.0010736814881932,-0.0010731052984573,0.0172578145226148,0.0203765214142922,0.020318431412883,False,36.67,1.3100000000000023,0.0010736814881932,35.36,0.4299999999999997,33.26,-1.490000000000002,32.99,0.0,36.35,2.6499999999999986
2023-06-27,BRN0W.ICE,74.47,74.45,75.08,72.33,72.91,-0.0211705559042152,-0.0209480327648717,0.0178521993472291,0.0207698905893069,0.0205868085951415,False,39.3,2.6299999999999955,0.0211705559042152,36.67,1.3100000000000023,34.93,1.6700000000000017,34.75,1.759999999999998,32.38,-3.969999999999999
2023-06-28,BRN0W.ICE,72.91,72.69,74.42,71.86,73.83,0.0125393492527351,0.0126182965299683,0.0192501305965581,0.0208275019851901,0.0200855821852179,False,36.86,-2.4399999999999977,0.0125393492527351,39.3,2.6299999999999955,35.36,0.4299999999999997,33.26,-1.490000000000002,33.66,1.279999999999994
2023-06-29,BRN0W.ICE,73.83,73.95,75.15,73.57,74.39,0.0075563711321759,0.0075849925504538,0.0195980929874005,0.0209152627137989,0.0200647757371454,False,35.42,-1.4399999999999977,0.0075563711321759,36.86,-2.4399999999999977,36.67,1.3100000000000023,34.93,1.6700000000000017,33.07,-0.5899999999999963
2023-06-30,BRN0W.ICE,74.39,74.33,75.84,74.28,75.19,0.0106967191866855,0.0107541336201102,0.0178125034044404,0.0177490675945406,0.0201550250378703,False,33.28,-2.1400000000000006,0.0106967191866855,35.42,-1.4399999999999977,39.3,2.6299999999999955,35.36,0.4299999999999997,32.99,-0.0799999999999983
2023-07-03,BRN0W.ICE,75.19,75.11,76.6,74.56,74.96,-0.0030636054597688,-0.00305891740923,0.0114256323882172,0.0162041438160261,0.0201530061321728,False,33.88,0.6000000000000014,0.0030636054597688,33.28,-2.1400000000000006,36.86,-2.4399999999999977,36.67,1.3100000000000023,32.99,0.0
2023-07-04,BRN0W.ICE,74.96,74.89,76.29,74.74,76.12,0.0153564044977821,0.0154749199573107,0.0126573711966118,0.0164301547450342,0.0199952474896251,False,33.88,0.0,0.0153564044977821,33.88,0.6000000000000014,35.42,-1.4399999999999977,39.3,2.6299999999999955,34.75,1.759999999999998
2023-07-05,BRN0W.ICE,76.12,76.03,76.95,75.3,76.53,0.005371778393881,0.005386232264845,0.0125475275179801,0.0148379292743035,0.0199057037016439,False,33.91,0.02999999999999403,0.005371778393881,33.88,0.0,33.28,-2.1400000000000006,36.86,-2.4399999999999977,33.26,-1.490000000000002
2023-07-06,BRN0W.ICE,76.53,76.7,77.09,75.03,76.51,-0.0002613695780691,-0.0002613354240166,0.0067212534830694,0.0146828454001063,0.0192678050376768,False,35.13,1.220000000000006,0.0002613695780691,33.91,0.02999999999999403,33.88,0.6000000000000014,35.42,-1.4399999999999977,34.93,1.6700000000000017
2023-07-07,BRN0W.ICE,76.51,76.52,78.54,76.03,78.17,0.0214644909884786,0.0216965102600967,0.0085660180842987,0.0157041458145014,0.0195127096596454,False,34.55,-0.5800000000000054,0.0214644909884786,35.13,1.220000000000006,33.88,0.0,33.28,-2.1400000000000006,35.36,0.4299999999999997
2023-07-10,BRN0W.ICE,78.17,78.6,78.77,77.36,77.79,-0.0048730540135562,-0.0048611999488293,0.0098968752601392,0.0155292757019004,0.0195354955734152,False,38.35,3.8000000000000043,0.0048730540135562,34.55,-0.5800000000000054,33.91,0.02999999999999403,33.88,0.6000000000000014,36.67,1.3100000000000023
2023-07-11,BRN0W.ICE,77.79,77.82,79.5,77.63,79.35,0.0198555587537352,0.0200539915156188,0.0110948930256805,0.0153888349886294,0.018063183606369,False,32.43,-5.920000000000002,0.0198555587537352,38.35,3.8000000000000043,35.13,1.220000000000006,33.88,0.0,39.3,2.6299999999999955
2023-07-12,BRN0W.ICE,79.35,79.32,80.55,79.21,80.2,0.0106550679000507,0.0107120352867045,0.0100396407187378,0.0112555496073099,0.0174229442420075,False,32.69,0.259999999999998,0.0106550679000507,32.43,-5.920000000000002,34.55,-0.5800000000000054,33.91,0.02999999999999403,36.86,-2.4399999999999977
2023-07-13,BRN0W.ICE,80.2,80.19,81.75,79.88,81.54,0.0165701825186386,0.016708229426434,0.0101642771235361,0.0115867996293287,0.0168886360215295,False,30.04,-2.6499999999999986,0.0165701825186386,32.69,0.259999999999998,38.35,3.8000000000000043,35.13,1.220000000000006,35.42,-1.4399999999999977
2023-07-14,BRN0W.ICE,81.54,81.64,81.7,79.53,79.63,-0.0237027911217539,-0.0234240863379937,0.0163475729503848,0.0140305236637507,0.0169185124798864,False,30.0,-0.03999999999999915,0.0237027911217539,30.04,-2.6499999999999986,32.43,-5.920000000000002,34.55,-0.5800000000000054,33.28,-2.1400000000000006
2023-07-17,BRN0W.ICE,79.63,79.36,80.64,78.25,78.56,-0.0135282422231429,-0.0134371468039682,0.0178501843514875,0.0130579475875153,0.0171332511512606,False,31.34,1.3399999999999999,0.0135282422231429,30.0,-0.03999999999999915,32.69,0.259999999999998,38.35,3.8000000000000043,33.88,0.6000000000000014
2023-07-18,BRN0W.ICE,78.56,78.39,79.83,78.1,79.68,0.0141559492301324,0.0142566191446029,0.0168276740093383,0.013133521514657,0.017246105162958,False,30.66,-0.6799999999999997,0.0141559492301324,31.34,1.3399999999999999,30.04,-2.6499999999999986,32.43,-5.920000000000002,33.88,0.0
2023-07-19,BRN0W.ICE,79.68,79.67,80.74,79.06,79.42,-0.0032683875732374,-0.0032630522088353,0.0167173545244367,0.0133171199186264,0.0172097923438673,False,31.06,0.3999999999999986,0.0032683875732374,30.66,-0.6799999999999997,30.0,-0.03999999999999915,32.69,0.259999999999998,33.91,0.02999999999999403
2023-07-20,BRN0W.ICE,79.42,79.22,80.16,78.58,79.48,0.0007551919805107,0.0007554772097708,0.0149677309886046,0.0132360459285126,0.0168744508858592,False,30.15,-0.9100000000000001,0.0007551919805107,31.06,0.3999999999999986,31.34,1.3399999999999999,30.04,-2.6499999999999986,35.13,1.220000000000006
2023-07-21,BRN0W.ICE,79.48,79.64,81.06,79.53,80.67,0.0148613412652668,0.0149723200805234,0.0155297133764468,0.0133703029035266,0.0169690124100938,False,29.65,-0.5,0.0148613412652668,30.15,-0.9100000000000001,30.66,-0.6799999999999997,30.0,-0.03999999999999915,34.55,-0.5800000000000054
2023-07-24,BRN0W.ICE,80.67,80.69,82.9,80.25,82.49,0.0223103149237573,0.0225610511962315,0.0166128516022056,0.0138938092692945,0.0153505061749642,False,30.11,0.46000000000000085,0.0223103149237573,29.65,-0.5,31.06,0.3999999999999986,31.34,1.3399999999999999,38.35,3.8000000000000043
2023-07-25,BRN0W.ICE,82.49,82.6,83.47,81.94,82.79,0.0036302072780743,0.003636804461147,0.0123159113821244,0.0139051558204228,0.0146686767516047,False,30.63,0.5199999999999996,0.0036302072780743,30.11,0.46000000000000085,30.15,-0.9100000000000001,30.66,-0.6799999999999997,32.43,-5.920000000000002
2023-07-26,BRN0W.ICE,82.79,82.8,83.43,82.2,82.62,-0.0020554991820959,-0.002053388090349,0.0098736463530615,0.0139715983395393,0.0145420304700685,False,29.97,-0.6600000000000001,0.0020554991820959,30.63,0.5199999999999996,29.65,-0.5,31.06,0.3999999999999986,32.69,0.259999999999998
2023-07-27,BRN0W.ICE,82.62,82.78,84.09,82.59,83.43,0.0097561749453646,0.0098039215686274,0.0094894945802367,0.0132747498349478,0.0139030420885483,False,29.12,-0.8499999999999979,0.0097561749453646,29.97,-0.6600000000000001,30.11,0.46000000000000085,30.15,-0.9100000000000001,30.04,-2.6499999999999986
2023-07-28,BRN0W.ICE,83.43,83.28,84.5,82.85,84.29,0.0102552770954076,0.0103080426705022,0.0084751195211269,0.0130536825834128,0.0139320342870819,False,29.41,0.28999999999999915,0.0102552770954076,29.12,-0.8499999999999979,30.63,0.5199999999999996,29.65,-0.5,30.0,-0.03999999999999915
2023-07-31,BRN0W.ICE,84.29,84.42,85.58,83.91,85.23,0.0110902505248155,0.0111519753232887,0.0077716984186211,0.0125236181458211,0.0139587197138617,False,28.48,-0.9299999999999997,0.0110902505248155,29.41,0.28999999999999915,29.97,-0.6600000000000001,30.11,0.46000000000000085,31.34,1.3399999999999999
2023-08-01,BRN0W.ICE,85.23,85.24,85.91,84.21,85.68,0.005265941605287,0.0052798310454065,0.0076114477092934,0.0124223523638137,0.0137546707374832,False,28.35,-0.129999999999999,0.005265941605287,28.48,-0.9299999999999997,29.12,-0.8499999999999979,30.63,0.5199999999999996,30.66,-0.6799999999999997
2023-08-02,BRN0W.ICE,85.68,85.86,85.99,82.74,83.38,-0.0272109536868426,-0.0268440709617181,0.0134936101717903,0.0145402305836838,0.0145087237200559,False,28.74,0.389999999999997,0.0272109536868426,28.35,-0.129999999999999,29.41,0.28999999999999915,29.97,-0.6600000000000001,31.06,0.3999999999999986
2023-08-03,BRN0W.ICE,83.38,83.46,85.41,82.36,85.25,0.0221796437109753,0.0224274406332454,0.0156268683438738,0.0135360368367859,0.0131069951718804,False,28.54,-0.1999999999999993,0.0221796437109753,28.74,0.389999999999997,28.48,-0.9299999999999997,29.12,-0.8499999999999979,30.15,-0.9100000000000001
2023-08-04,BRN0W.ICE,85.25,85.31,86.65,85.06,86.15,0.0105018468103126,0.0105571847507333,0.0155116994816211,0.0125079452603401,0.013141289188622,False,28.06,-0.4800000000000004,0.0105018468103126,28.54,-0.1999999999999993,28.35,-0.129999999999999,29.41,0.28999999999999915,29.65,-0.5
2023-08-07,BRN0W.ICE,86.15,86.23,86.73,85.03,85.91,-0.0027897263239736,-0.0027858386535114,0.0157255718159573,0.0125391031705217,0.013171530867815,False,27.73,-0.3299999999999983,0.0027897263239736,28.06,-0.4800000000000004,28.74,0.389999999999997,28.48,-0.9299999999999997,30.11,0.46000000000000085
2023-08-08,BRN0W.ICE,85.91,85.79,86.34,83.32,86.18,0.0031378955377268,0.0031428238854616,0.0154960616187427,0.0123142022226969,0.0122355615081481,False,27.14,-0.5899999999999999,0.0031378955377268,27.73,-0.3299999999999983,28.54,-0.1999999999999993,28.35,-0.129999999999999,30.63,0.5199999999999996
2023-08-09,BRN0W.ICE,86.18,86.0,87.65,85.91,87.51,0.0153149403600477,0.0154328150382918,0.0159321753900512,0.0124660825704024,0.0123003706823083,False,28.56,1.4199999999999982,0.0153149403600477,27.14,-0.5899999999999999,28.06,-0.4800000000000004,28.74,0.389999999999997,29.97,-0.6600000000000001
2023-08-10,BRN0W.ICE,87.51,87.39,88.1,86.2,86.33,-0.0135759103003085,-0.0134841732373444,0.0171803335797913,0.0133501013713735,0.0127839843737144,False,27.27,-1.2899999999999991,0.0135759103003085,28.56,1.4199999999999982,27.73,-0.3299999999999983,28.54,-0.1999999999999993,29.12,-0.8499999999999979
2023-08-11,BRN0W.ICE,86.33,86.37,87.35,85.84,86.73,0.0046226824489331,0.0046333835283216,0.0118209395681579,0.0123710075857012,0.0127380424064168,False,28.04,0.7699999999999996,0.0046226824489331,27.27,-1.2899999999999991,27.14,-0.5899999999999999,28.06,-0.4800000000000004,29.41,0.28999999999999915
2023-08-14,BRN0W.ICE,86.73,86.53,86.71,85.5,86.23,-0.0057816997321312,-0.0057650178715553,0.0098565044524595,0.0126212853527943,0.0128050946691534,False,27.55,-0.48999999999999844,0.0057816997321312,28.04,0.7699999999999996,28.56,1.4199999999999982,27.73,-0.3299999999999983,28.48,-0.9299999999999997
2023-08-15,BRN0W.ICE,86.23,86.12,86.68,84.29,85.08,-0.0134261546321967,-0.0133364258378755,0.0104021342722866,0.0133121988020876,0.0130525860282792,False,28.3,0.75,0.0134261546321967,27.55,-0.48999999999999844,27.27,-1.2899999999999991,27.14,-0.5899999999999999,28.35,-0.129999999999999
2023-08-16,BRN0W.ICE,85.08,84.49,84.82,82.69,82.94,-0.0254745355138011,-0.0251527973671837,0.0137591022522511,0.0149783689962175,0.0140907771042125,False,28.54,0.23999999999999844,0.0254745355138011,28.3,0.75,28.04,0.7699999999999996,28.56,1.4199999999999982,28.74,0.389999999999997
2023-08-17,BRN0W.ICE,82.94,82.75,84.43,82.61,83.52,0.0069686693160932,0.0069930069930068,0.0142068335795141,0.0148231222628547,0.0141005403047644,False,29.3,0.7600000000000016,0.0069686693160932,28.54,0.23999999999999844,27.55,-0.48999999999999844,27.27,-1.2899999999999991,28.54,-0.1999999999999993
2023-08-18,BRN0W.ICE,83.52,83.47,84.63,82.91,84.37,0.0101257640432068,0.0101772030651341,0.0130936273152261,0.0147664665207122,0.013733573371196,False,28.43,-0.870000000000001,0.0101257640432068,29.3,0.7600000000000016,28.3,0.75,28.04,0.7699999999999996,28.06,-0.4800000000000004
2023-08-21,BRN0W.ICE,84.37,84.36,85.44,83.94,84.19,-0.0021357388279627,-0.0021334597605784,0.0125807854144203,0.014667665691675,0.0136916240513824,False,28.9,0.46999999999999886,0.0021357388279627,28.43,-0.870000000000001,28.54,0.23999999999999844,27.55,-0.48999999999999844,27.73,-0.3299999999999983
2023-08-22,BRN0W.ICE,84.19,84.07,84.35,83.5,83.56,-0.0075112126612075,-0.0074830739992872,0.0120875429003983,0.0128136312417735,0.0134135983691319,False,28.56,-0.33999999999999986,0.0075112126612075,28.9,0.46999999999999886,29.3,0.7600000000000016,28.3,0.75,27.14,-0.5899999999999999
2023-08-23,BRN0W.ICE,83.56,83.61,83.93,81.64,82.71,-0.01022442298455,-0.0101723312589756,0.0122316470520052,0.0113748779985627,0.0134757129632739,False,28.47,-0.08999999999999986,0.01022442298455,28.56,-0.33999999999999986,28.43,-0.870000000000001,28.54,0.23999999999999844,28.56,1.4199999999999982
2023-08-24,BRN0W.ICE,82.71,82.59,83.23,81.61,82.77,0.0007251631934894,0.0007254261878855,0.0119571960936479,0.0108244944144042,0.0131521461611701,False,28.88,0.41000000000000014,0.0007251631934894,28.47,-0.08999999999999986,28.9,0.46999999999999886,29.3,0.7600000000000016,27.27,-1.2899999999999991
2023-08-25,BRN0W.ICE,82.77,82.77,84.41,82.18,84.3,0.0183161881105052,0.0184849583182311,0.0101228325334396,0.0122152675956949,0.012716072249775,False,28.81,-0.07000000000000028,0.0183161881105052,28.88,0.41000000000000014,28.56,-0.33999999999999986,28.43,-0.870000000000001,28.04,0.7699999999999996
2023-08-28,BRN0W.ICE,84.3,84.24,84.69,83.56,83.84,-0.0054716444350776,-0.0054567022538551,0.0102624559946336,0.0121885680298736,0.0124615381024532,False,28.66,-0.14999999999999858,0.0054716444350776,28.81,-0.07000000000000028,28.47,-0.08999999999999986,28.9,0.46999999999999886,27.55,-0.48999999999999844
2023-08-29,BRN0W.ICE,83.84,83.82,85.07,83.28,84.94,0.013034904312393,0.0131202290076335,0.010761800605655,0.0119528532428651,0.0124259813744611,False,27.63,-1.0300000000000011,0.013034904312393,28.66,-0.14999999999999858,28.88,0.41000000000000014,28.56,-0.33999999999999986,28.3,0.75
2023-08-30,BRN0W.ICE,84.94,85.04,85.68,84.59,85.29,0.0041120894458932,0.004120555686367,0.0107210857203646,0.0115788133707629,0.012388402128131,False,26.63,-1.0,0.0041120894458932,27.63,-1.0300000000000011,28.81,-0.07000000000000028,28.47,-0.08999999999999986,28.54,0.23999999999999844
2023-08-31,BRN0W.ICE,85.29,85.22,86.88,85.08,86.82,0.0177797955404291,0.0179387970453743,0.011285501315982,0.012551626970334,0.0126976250030853,False,26.56,-0.07000000000000028,0.0177797955404291,26.63,-1.0,28.66,-0.14999999999999858,28.88,0.41000000000000014,29.3,0.7600000000000016
2023-09-01,BRN0W.ICE,86.82,86.82,88.99,86.74,88.99,0.0246869939973234,0.0249942409583046,0.0109027267906797,0.0140144389955593,0.0131348047746068,False,27.48,0.9200000000000017,0.0246869939973234,26.56,-0.07000000000000028,27.63,-1.0300000000000011,28.81,-0.07000000000000028,28.43,-0.870000000000001
2023-09-04,BRN0W.ICE,88.99,88.95,89.22,88.26,89.0,0.000112365863369,0.0001123721766491,0.0109959322425106,0.0132983011526865,0.0126412933215381,False,27.48,0.0,0.000112365863369,27.48,0.9200000000000017,26.63,-1.0,28.66,-0.14999999999999858,28.9,0.46999999999999886
2023-09-05,BRN0W.ICE,89.0,88.91,91.15,88.06,90.05,0.0117287018898252,0.0117977528089887,0.0104716418623593,0.0105587390367928,0.0127515436088149,False,28.65,1.1699999999999982,0.0117287018898252,27.48,0.0,26.56,-0.07000000000000028,27.63,-1.0300000000000011,28.56,-0.33999999999999986
2023-09-06,BRN0W.ICE,90.05,90.12,91.1,89.25,90.63,0.0064202124447251,0.0064408661854524,0.0084144739024442,0.0105553853621166,0.0127340933767575,False,28.33,-0.3200000000000003,0.0064202124447251,28.65,1.1699999999999982,27.48,0.9200000000000017,26.63,-1.0,28.47,-0.08999999999999986
2023-09-07,BRN0W.ICE,90.63,90.81,90.89,89.46,89.76,-0.0096458422923039,-0.0095994703740481,0.0113952676928852,0.0112378453143097,0.0128754743844261,False,27.59,-0.7399999999999984,0.0096458422923039,28.33,-0.3200000000000003,27.48,0.0,26.56,-0.07000000000000028,28.88,0.41000000000000014
2023-09-08,BRN0W.ICE,89.76,89.79,91.02,89.3,90.44,0.0075472056353829,0.0075757575757575,0.0112790880141126,0.0111002356098255,0.0128281822653969,False,27.16,-0.4299999999999997,0.0075472056353829,27.59,-0.7399999999999984,28.65,1.1699999999999982,27.48,0.9200000000000017,28.81,-0.07000000000000028
2023-09-11,BRN0W.ICE,90.44,90.83,91.45,90.11,90.61,0.0018779348242001,0.0018796992481202,0.0106533610406435,0.01054863392849,0.0127215002437121,False,24.37,-2.789999999999999,0.0018779348242001,27.16,-0.4299999999999997,28.33,-0.3200000000000003,27.48,0.0,28.66,-0.14999999999999858
2023-09-12,BRN0W.ICE,90.61,90.62,92.4,90.52,91.96,0.0147891176610115,0.0148990177684582,0.0081350228439539,0.0097136091077532,0.0129219990338178,False,24.23,-0.14000000000000057,0.0147891176610115,24.37,-2.789999999999999,27.59,-0.7399999999999984,28.65,1.1699999999999982,27.63,-1.0300000000000011
2023-09-13,BRN0W.ICE,91.96,91.29,92.06,90.93,91.46,-0.0054519816650716,-0.0054371465854718,0.0088933778448069,0.0101777608876223,0.0117638591013097,False,25.06,0.8299999999999983,0.0054519816650716,24.23,-0.14000000000000057,27.16,-0.4299999999999997,28.33,-0.3200000000000003,26.63,-1.0
2023-09-14,BRN0W.ICE,91.46,91.34,93.41,91.32,93.34,0.0203470222917604,0.0205554340695386,0.0105927926198377,0.010362240049147,0.0116656231766451,False,26.56,1.5,0.0203470222917604,25.06,0.8299999999999983,24.37,-2.789999999999999,27.59,-0.7399999999999984,26.56,-0.07000000000000028
2023-09-15,BRN0W.ICE,93.34,93.16,93.83,91.92,93.37,0.0003213539741649,0.0003214056138847,0.0107186935900413,0.0099202724394683,0.0115883520822368,False,27.16,0.6000000000000014,0.0003213539741649,26.56,1.5,24.23,-0.14000000000000057,27.16,-0.4299999999999997,27.48,0.9200000000000017
2023-09-18,BRN0W.ICE,93.37,93.39,93.91,92.69,93.37,0.0,0.0,0.0091371287550233,0.0099914771133446,0.0115540668870996,False,27.91,0.75,0.0,27.16,0.6000000000000014,25.06,0.8299999999999983,24.37,-2.789999999999999,27.48,0.0
2023-09-19,BRN0W.ICE,93.37,93.44,94.57,92.97,93.2,-0.001822372804289,-0.001820713291207,0.0094894583296878,0.0102353173781474,0.0115841567720468,False,30.32,2.41,0.001822372804289,27.91,0.75,26.56,1.5,24.23,-0.14000000000000057,28.65,1.1699999999999982
2023-09-20,BRN0W.ICE,93.2,93.27,93.51,91.7,92.06,-0.0123071833024501,-0.0122317596566523,0.0114114556779843,0.0107909976607982,0.011637157696828,False,30.38,0.05999999999999872,0.0123071833024501,30.32,2.41,27.16,0.6000000000000014,25.06,0.8299999999999983,28.33,-0.3200000000000003
2023-09-21,BRN0W.ICE,92.06,91.92,93.44,91.12,92.24,0.001953337571708,0.0019552465783183,0.0100092593652055,0.0090365498847754,0.0112744377636388,False,31.35,0.9700000000000024,0.001953337571708,30.38,0.05999999999999872,27.91,0.75,26.56,1.5,27.59,-0.7399999999999984
2023-09-22,BRN0W.ICE,92.24,92.29,93.37,91.59,92.43,0.0020577253158827,0.0020598438855161,0.0096699030030148,0.0090109027507568,0.0112652105124307,False,30.61,-0.740000000000002,0.0020577253158827,31.35,0.9700000000000024,30.32,2.41,27.16,0.6000000000000014,27.16,-0.4299999999999997
2023-09-25,BRN0W.ICE,92.43,92.39,92.73,91.2,91.98,-0.0048804391649085,-0.0048685491723466,0.0050987517802867,0.0088223055988995,0.0112445897691313,False,30.96,0.3500000000000014,0.0048804391649085,30.61,-0.740000000000002,30.38,0.05999999999999872,27.91,0.75,24.37,-2.789999999999999
2023-09-26,BRN0W.ICE,91.98,91.87,92.7,90.41,92.55,0.0061778769077287,0.0061969993476842,0.0059680615807884,0.008812172398179,0.0108715231948686,False,31.3,0.33999999999999986,0.0061778769077287,30.96,0.3500000000000014,31.35,0.9700000000000024,30.32,2.41,24.23,-0.14000000000000057
2023-09-27,BRN0W.ICE,92.55,92.43,94.8,92.43,94.45,0.0203215549280122,0.0205294435440304,0.0101562255998491,0.0095092554245184,0.0099389119150116,False,32.48,1.1799999999999962,0.0203215549280122,31.3,0.33999999999999986,30.61,-0.740000000000002,30.38,0.05999999999999872,25.06,0.8299999999999983
2023-09-28,BRN0W.ICE,94.45,94.38,95.35,92.75,93.13,-0.0140742274139522,-0.0139756484912653,0.0117790081338925,0.010526829505255,0.0104745085844879,False,31.62,-0.8599999999999959,0.0140742274139522,32.48,1.1799999999999962,30.96,0.3500000000000014,31.35,0.9700000000000024,26.56,1.5
2023-09-29,BRN0W.ICE,94.45,93.07,94.13,91.96,92.11,-0.0110128515334222,-0.0109524320841833,0.0115637714717558,0.0110955488784581,0.0107303669229929,False,32.24,0.620000000000001,0.0110128515334222,31.62,-0.8599999999999959,31.3,0.33999999999999986,30.61,-0.740000000000002,27.16,0.6000000000000014
2023-10-02,BRN0W.ICE,94.45,92.18,93.33,90.35,90.48,-0.0178546831922791,-0.017696232765172,0.013318664163604,0.0114386990761614,0.0113518236428057,False,32.0,-0.240000000000002,0.0178546831922791,32.24,0.620000000000001,32.48,1.1799999999999962,30.96,0.3500000000000014,27.91,0.75
2023-10-03,BRN0W.ICE,94.45,90.4,91.56,89.5,91.1,0.0068289724580475,0.0068523430592395,0.0137218303897091,0.0115544627196607,0.0112211802487398,False,33.25,1.25,0.0068289724580475,32.0,-0.240000000000002,31.62,-0.8599999999999959,31.3,0.33999999999999986,30.32,2.41
2023-10-04,BRN0W.ICE,94.45,91.04,91.21,85.75,86.09,-0.0565645435960492,-0.0549945115257957,0.0248657252540847,0.0176619063740263,0.0154717287225046,False,35.35,2.1000000000000014,0.0565645435960492,33.25,1.25,32.24,0.620000000000001,32.48,1.1799999999999962,30.38,0.05999999999999872
2023-10-05,BRN0W.ICE,94.45,85.88,86.52,83.84,84.18,-0.0224358973274386,-0.0221860843303519,0.0242110051833366,0.0180994432771148,0.016069530005218,False,36.59,1.240000000000002,0.0224358973274386,35.35,2.1000000000000014,32.0,-0.240000000000002,31.62,-0.8599999999999959,31.35,0.9700000000000024
2023-10-06,BRN0W.ICE,94.45,84.49,84.95,83.44,84.43,0.0029654253389839,0.0029698265621287,0.0208157364032388,0.0182097339168806,0.0157254536302651,False,35.68,-0.9100000000000037,0.0029654253389839,36.59,1.240000000000002,33.25,1.25,32.24,0.620000000000001,30.61,-0.740000000000002
2023-10-09,BRN0W.ICE,93.13,86.45,89.0,86.0,88.25,0.0442509071319975,0.0452445813099608,0.0309373590308949,0.0228311098144211,0.0176284368349122,False,39.85,4.170000000000002,0.0442509071319975,35.68,-0.9100000000000037,35.35,2.1000000000000014,32.0,-0.240000000000002,30.96,0.3500000000000014
2023-10-10,BRN0W.ICE,88.25,88.17,88.49,86.91,87.72,-0.0060237722637186,-0.0060056657223795,0.0309054735801995,0.0227145509995699,0.0175494330082707,False,39.54,-0.3100000000000023,0.0060237722637186,39.85,4.170000000000002,36.59,1.240000000000002,33.25,1.25,31.3,0.33999999999999986
2023-10-11,BRN0W.ICE,87.72,87.72,88.26,85.21,85.54,-0.0251658207509247,-0.0248518011855903,0.0314530713530684,0.0233654015630881,0.018177468719366,False,38.94,-0.6000000000000014,0.0251658207509247,39.54,-0.3100000000000023,35.68,-0.9100000000000037,35.35,2.1000000000000014,32.48,1.1799999999999962
2023-10-12,BRN0W.ICE,85.54,85.53,87.64,85.18,86.26,0.0083818884209345,0.0084171148000935,0.031580483786985,0.0235805330482667,0.0179416827137521,False,38.52,-0.4199999999999946,0.0083818884209345,38.94,-0.6000000000000014,39.85,4.170000000000002,36.59,1.240000000000002,31.62,-0.8599999999999959
2023-10-13,BRN0W.ICE,86.26,86.35,91.0,86.28,90.8,0.0512932943875504,0.0526315789473683,0.0300994027778806,0.0279625173084119,0.0197786468276506,False,44.24,5.719999999999999,0.0512932943875504,38.52,-0.4199999999999946,39.54,-0.3100000000000023,35.68,-0.9100000000000037,32.24,0.620000000000001
2023-10-16,BRN0W.ICE,90.8,90.98,91.39,89.5,90.16,-0.0070734158757267,-0.0070484581497797,0.0280326992672974,0.0279279465299585,0.0198290943444112,False,40.7,-3.539999999999999,0.0070734158757267,44.24,5.719999999999999,38.94,-0.6000000000000014,39.85,4.170000000000002,32.0,-0.240000000000002
2023-10-17,BRN0W.ICE,90.16,89.91,91.0,88.88,90.91,0.0082841364022459,0.008318544809228,0.0278881553132253,0.0273719858532725,0.01977131251056,False,41.37,0.6699999999999946,0.0082841364022459,40.7,-3.539999999999999,38.52,-0.4199999999999946,39.54,-0.3100000000000023,33.25,1.25
2023-10-18,BRN0W.ICE,90.91,91.25,93.0,90.6,91.41,0.0054848755319604,0.0054999450005499,0.0236036364019847,0.0272472239378254,0.0197620913759447,False,44.4,3.030000000000001,0.0054848755319604,41.37,0.6699999999999946,44.24,5.719999999999999,38.94,-0.6000000000000014,35.35,2.1000000000000014
2023-10-19,BRN0W.ICE,91.41,90.01,92.05,88.45,91.63,0.0024038473113944,0.0024067388688326,0.0231567977436665,0.0271161507946345,0.0196755403197025,False,45.7,1.3000000000000043,0.0024038473113944,44.4,3.030000000000001,40.7,-3.539999999999999,38.52,-0.4199999999999946,36.59,1.240000000000002
2023-10-20,BRN0W.ICE,91.63,91.77,92.32,90.43,91.21,-0.0045941887850548,-0.0045836516424752,0.0195296364872495,0.0266867406652099,0.0196544300422415,False,43.79,-1.9100000000000037,0.0045941887850548,45.7,1.3000000000000043,41.37,0.6699999999999946,44.24,5.719999999999999,35.68,-0.9100000000000037
2023-10-23,BRN0W.ICE,91.21,90.98,91.15,88.56,89.38,-0.0202675966867616,-0.0200635895186931,0.0224983583438034,0.0271763039073229,0.0200051888399295,False,41.74,-2.049999999999997,0.0202675966867616,43.79,-1.9100000000000037,44.4,3.030000000000001,40.7,-3.539999999999999,39.85,4.170000000000002
2023-10-24,BRN0W.ICE,89.38,89.37,89.49,86.38,87.21,-0.0245779402664112,-0.0242783620496755,0.0126359457614484,0.023237427096589,0.0202602445988608,False,41.08,-0.6600000000000037,0.0245779402664112,41.74,-2.049999999999997,45.7,1.3000000000000043,41.37,0.6699999999999946,39.54,-0.3100000000000023
2023-10-25,BRN0W.ICE,87.21,87.16,89.31,85.77,89.09,0.0213280914936583,0.0215571608760465,0.0162017071538639,0.0227927355444101,0.0206779829054718,False,44.91,3.8299999999999983,0.0213280914936583,41.08,-0.6600000000000037,43.79,-1.9100000000000037,44.4,3.030000000000001,38.94,-0.6000000000000014
2023-10-26,BRN0W.ICE,89.09,88.83,89.27,86.5,87.29,-0.020411185985294,-0.020204287798855,0.0168693402340913,0.0237158176030406,0.0205742488186228,False,43.93,-0.9799999999999969,0.020411185985294,44.91,3.8299999999999983,41.74,-2.049999999999997,45.7,1.3000000000000043,38.52,-0.4199999999999946
2023-10-27,BRN0W.ICE,87.29,87.48,89.43,86.82,89.17,0.0213087513995295,0.0215374040554472,0.0194908836089658,0.0212661276046156,0.0210161929665505,False,46.64,2.710000000000001,0.0213087513995295,43.93,-0.9799999999999969,41.08,-0.6600000000000037,43.79,-1.9100000000000037,44.24,5.719999999999999
2023-10-30,BRN0W.ICE,89.17,88.94,88.94,85.81,86.57,-0.0295913249191057,-0.0291577884938881,0.0215104301250069,0.0227255031511726,0.0216272433760601,False,44.01,-2.6300000000000026,0.0295913249191057,46.64,2.710000000000001,44.91,3.8299999999999983,41.74,-2.049999999999997,40.7,-3.539999999999999
2023-10-31,BRN0W.ICE,86.57,86.66,87.39,84.77,85.62,-0.0110344345108822,-0.0109737784451887,0.0214724344007152,0.0218643501373679,0.0216823159376523,False,41.99,-2.019999999999996,0.0110344345108822,44.01,-2.6300000000000026,43.93,-0.9799999999999969,41.08,-0.6600000000000037,41.37,0.6699999999999946
2023-11-01,BRN0W.ICE,85.62,85.45,87.24,84.58,84.9,-0.0084448073994983,-0.0084092501751926,0.0208989774806751,0.0218345688649792,0.0216355035277184,False,40.52,-1.4699999999999989,0.0084448073994983,41.99,-2.019999999999996,46.64,2.710000000000001,44.91,3.8299999999999983,44.4,3.030000000000001
2023-11-02,BRN0W.ICE,84.9,85.0,87.05,84.64,86.96,0.0239741494956522,0.0242638398115428,0.0222406138785208,0.0175984164617427,0.0221658318468503,False,39.79,-0.730000000000004,0.0239741494956522,40.52,-1.4699999999999989,44.01,-2.6300000000000026,43.93,-0.9799999999999969,45.7,1.3000000000000043
2023-11-03,BRN0W.ICE,86.96,86.92,87.8,84.56,85.23,-0.0200947582787476,-0.0198942042318306,0.0209669729885912,0.0181604591189945,0.0223950067224269,False,38.53,-1.259999999999998,0.0200947582787476,39.79,-0.730000000000004,41.99,-2.019999999999996,46.64,2.710000000000001,43.79,-1.9100000000000037
2023-11-06,BRN0W.ICE,85.23,85.55,86.46,84.88,85.21,-0.0002346866943417,-0.0002346591575737,0.0200761318736195,0.0178567822805238,0.0223954951336134,False,36.31,-2.219999999999999,0.0002346866943417,38.53,-1.259999999999998,40.52,-1.4699999999999989,44.01,-2.6300000000000026,41.74,-2.049999999999997
2023-11-07,BRN0W.ICE,85.21,85.15,85.19,81.4,81.41,-0.0456206822539782,-0.0445957047294918,0.0221523905439614,0.0206381139922293,0.0236605475789831,False,38.72,2.4099999999999966,0.0456206822539782,36.31,-2.219999999999999,39.79,-0.730000000000004,41.99,-2.019999999999996,41.08,-0.6600000000000037
2023-11-08,BRN0W.ICE,81.41,81.4,81.96,79.2,79.71,-0.0211030671460546,-0.0208819555337183,0.021309536302952,0.0206586578975182,0.0233827335667852,False,40.44,1.7199999999999989,0.0211030671460546,38.72,2.4099999999999966,38.53,-1.259999999999998,40.52,-1.4699999999999989,44.91,3.8299999999999983
2023-11-09,BRN0W.ICE,79.71,79.7,81.48,79.44,79.87,0.0020052644894659,0.0020072763768663,0.0219474042434286,0.0208646455820826,0.0233673954644686,False,41.23,0.7899999999999991,0.0020052644894659,40.44,1.7199999999999989,36.31,-2.219999999999999,39.79,-0.730000000000004,43.93,-0.9799999999999969
2023-11-10,BRN0W.ICE,79.87,79.85,82.06,79.79,81.7,0.0226536889366596,0.0229122323776136,0.0252042956471222,0.0222645271941283,0.0238774760371785,False,39.29,-1.9399999999999977,0.0226536889366596,41.23,0.7899999999999991,38.72,2.4099999999999966,38.53,-1.259999999999998,46.64,2.710000000000001
2023-11-13,BRN0W.ICE,81.7,81.43,82.84,80.41,82.7,0.0121656001636883,0.0122399020807832,0.023220811045753,0.0221243054677714,0.0239057594619296,False,39.4,0.10999999999999943,0.0121656001636883,39.29,-1.9399999999999977,40.44,1.7199999999999989,36.31,-2.219999999999999,44.01,-2.6300000000000026
2023-11-14,BRN0W.ICE,82.7,82.71,83.97,82.06,82.37,-0.0039983090764882,-0.0039903264812575,0.0225144793438788,0.0209146061124202,0.0238339228698871,False,38.29,-1.1099999999999994,0.0039983090764882,39.4,0.10999999999999943,41.23,0.7899999999999991,38.72,2.4099999999999966,41.99,-2.019999999999996
2023-11-15,BRN0W.ICE,82.37,82.39,83.04,80.79,81.07,-0.0159083139535417,-0.0157824450649509,0.0227540667752189,0.0207028949353269,0.0217708184243719,False,39.51,1.2199999999999989,0.0159083139535417,38.29,-1.1099999999999994,39.29,-1.9399999999999977,40.44,1.7199999999999989,40.52,-1.4699999999999989
2023-11-16,BRN0W.ICE,81.07,80.98,81.17,76.6,77.45,-0.045680412136738,-0.0446527692117921,0.0227709180486106,0.021797305021399,0.0229070877149341,False,42.53,3.020000000000003,0.045680412136738,39.51,1.2199999999999989,39.4,0.10999999999999943,41.23,0.7899999999999991,39.79,-0.730000000000004
2023-11-17,BRN0W.ICE,77.45,77.55,80.81,77.28,80.62,0.040114190826142,0.0409296320206584,0.0277239759799898,0.0247545270150969,0.0241960525281068,False,40.43,-2.1000000000000014,0.040114190826142,42.53,3.020000000000003,38.29,-1.1099999999999994,39.29,-1.9399999999999977,38.53,-1.259999999999998
2023-11-20,BRN0W.ICE,80.62,80.17,82.85,79.5,82.05,0.0175820598470801,0.0177375341106424,0.0283773310751796,0.0253986680101126,0.0229115245896974,False,39.0,-1.4299999999999997,0.0175820598470801,40.43,-2.1000000000000014,39.51,1.2199999999999989,39.4,0.10999999999999943,36.31,-2.219999999999999
2023-11-21,BRN0W.ICE,82.05,82.23,82.56,81.5,82.41,0.0043779712391922,0.0043875685557586,0.0271738561782762,0.0254200485561907,0.0229339300800764,False,38.52,-0.4799999999999969,0.0043779712391922,39.0,-1.4299999999999997,42.53,3.020000000000003,38.29,-1.1099999999999994,38.72,2.4099999999999966
2023-11-22,BRN0W.ICE,82.41,82.49,82.68,78.48,81.57,-0.0102452414628032,-0.010192937750273,0.0269911378629823,0.0243395419588969,0.0225750300598297,False,42.76,4.239999999999995,0.0102452414628032,38.52,-0.4799999999999969,40.43,-2.1000000000000014,39.51,1.2199999999999989,40.44,1.7199999999999989
2023-11-23,BRN0W.ICE,81.57,81.46,81.48,80.1,81.12,-0.0055320074696158,-0.0055167340934165,0.0270166028082034,0.02393283242391,0.0225060449563545,False,42.76,0.0,0.0055320074696158,42.76,4.239999999999995,39.0,-1.4299999999999997,42.53,3.020000000000003,41.23,0.7899999999999991
2023-11-24,BRN0W.ICE,81.12,81.25,82.03,80.04,80.15,-0.012029660787311,-0.0119575936883629,0.0267264420565047,0.0240153594039032,0.0201800812385993,False,43.38,0.6200000000000045,0.012029660787311,42.76,0.0,38.52,-0.4799999999999969,40.43,-2.1000000000000014,39.29,-1.9399999999999977
2023-11-27,BRN0W.ICE,80.15,80.16,81.14,79.07,80.0,-0.0018732443816804,-0.0018714909544604,0.0185801095463577,0.0208764549526447,0.0201765145811397,False,43.9,0.519999999999996,0.0018732443816804,43.38,0.6200000000000045,42.76,4.239999999999995,39.0,-1.4299999999999997,39.4,0.10999999999999943
2023-11-28,BRN0W.ICE,80.0,80.17,81.97,79.7,81.43,0.0177171208051584,0.017875,0.0123268308638638,0.0206128203357256,0.0204460185701997,False,43.14,-0.759999999999998,0.0177171208051584,43.9,0.519999999999996,42.76,0.0,38.52,-0.4799999999999969,38.29,-1.1099999999999994
2023-11-29,BRN0W.ICE,81.43,81.64,82.99,80.72,82.65,0.0148710687879931,0.0149821932948543,0.0117644793905533,0.020920388451946,0.020661633452132,False,42.9,-0.240000000000002,0.0148710687879931,43.14,-0.759999999999998,43.38,0.6200000000000045,42.76,4.239999999999995,39.51,1.2199999999999989
2023-11-30,BRN0W.ICE,82.65,82.62,84.61,80.01,80.35,-0.0282227320835117,-0.0278281911675742,0.0159363830611762,0.0215491105560429,0.021118695316965,False,39.4,-3.5,0.0282227320835117,42.9,-0.240000000000002,43.9,0.519999999999996,42.76,0.0,42.53,3.020000000000003
2023-12-01,BRN0W.ICE,80.35,80.67,81.54,78.75,79.56,-0.00988063819775,-0.009831985065339,0.0159116831810811,0.0213021601921287,0.0211425953575941,False,35.7,-3.6999999999999957,0.00988063819775,39.4,-3.5,43.14,-0.759999999999998,43.38,0.6200000000000045,40.43,-2.1000000000000014
2023-12-04,BRN0W.ICE,79.56,79.5,79.72,77.52,78.2,-0.0172418064345059,-0.017094017094017,0.0167466604496463,0.0216523206769676,0.0210721548743306,False,38.08,2.3799999999999955,0.0172418064345059,35.7,-3.6999999999999957,42.9,-0.240000000000002,43.9,0.519999999999996,39.0,-1.4299999999999997
2023-12-05,BRN0W.ICE,78.2,78.1,79.09,77.0,77.0,-0.0154642256975815,-0.0153452685421995,0.0170268105742765,0.0216333938615107,0.0208364100187042,False,36.36,-1.7199999999999989,0.0154642256975815,38.08,2.3799999999999955,39.4,-3.5,43.14,-0.759999999999998,38.52,-0.4799999999999969
2023-12-06,BRN0W.ICE,77.0,77.12,77.65,74.11,74.28,-0.0359636853691787,-0.0353246753246753,0.0203010821988338,0.0202968148811773,0.0210451382368641,False,39.72,3.3599999999999994,0.0359636853691787,36.36,-1.7199999999999989,35.7,-3.6999999999999957,42.9,-0.240000000000002,42.76,4.239999999999995
2023-12-07,BRN0W.ICE,74.28,74.5,75.48,73.6,74.56,0.0037624338928307,0.003769520732364,0.0175568836359885,0.0162884645966207,0.0209392314237174,False,37.82,-1.8999999999999986,0.0037624338928307,39.72,3.3599999999999994,38.08,2.3799999999999955,39.4,-3.5,42.76,0.0
2023-12-08,BRN0W.ICE,74.56,74.59,76.36,74.2,75.65,0.0145132698570292,0.0146190987124463,0.017463880093684,0.0159703063991383,0.0206770833983825,False,36.24,-1.5799999999999983,0.0145132698570292,37.82,-1.8999999999999986,36.36,-1.7199999999999989,35.7,-3.6999999999999957,43.38,0.6200000000000045
2023-12-11,BRN0W.ICE,75.65,75.73,76.5,75.01,76.11,0.0060622220449352,0.0060806345009913,0.0171713032109863,0.0160589784461611,0.0202640080487696,False,35.3,-0.9400000000000048,0.0060622220449352,36.24,-1.5799999999999983,39.72,3.3599999999999994,38.08,2.3799999999999955,43.9,0.519999999999996
2023-12-12,BRN0W.ICE,76.11,76.17,76.66,72.86,73.32,-0.037346239307796,-0.0366574694521089,0.0205468931302841,0.0181489567930644,0.0211173175683403,False,36.38,1.0800000000000054,0.037346239307796,35.3,-0.9400000000000048,37.82,-1.8999999999999986,36.36,-1.7199999999999989,43.14,-0.759999999999998
2023-12-13,BRN0W.ICE,73.32,73.26,74.7,72.29,74.62,0.0175751448215077,0.0177304964539009,0.0230361636324122,0.0193631807337671,0.0215088723192689,False,36.6,0.21999999999999886,0.0175751448215077,36.38,1.0800000000000054,36.24,-1.5799999999999983,39.72,3.3599999999999994,42.9,-0.240000000000002
2023-12-14,BRN0W.ICE,74.62,74.92,77.53,74.68,76.87,0.0297071155680287,0.0301527740552129,0.0262699455825975,0.021457445393932,0.0217923601963377,False,33.98,-2.6200000000000045,0.0297071155680287,36.6,0.21999999999999886,35.3,-0.9400000000000048,37.82,-1.8999999999999986,39.4,-3.5
2023-12-15,BRN0W.ICE,76.87,76.87,77.49,75.56,77.13,0.0033766265848669,0.0033823338103289,0.0210419172610372,0.0215241310067394,0.0216193770227639,False,35.13,1.1500000000000057,0.0033766265848669,33.98,-2.6200000000000045,36.38,1.0800000000000054,36.24,-1.5799999999999983,35.7,-3.6999999999999957
2023-12-18,BRN0W.ICE,77.13,77.06,79.65,76.0,78.18,0.0135215504189009,0.0136133800077791,0.0212393602162684,0.0212467697804908,0.0218320997471314,False,37.09,1.9600000000000009,0.0135215504189009,35.13,1.1500000000000057,36.6,0.21999999999999886,35.3,-0.9400000000000048,38.08,2.3799999999999955
2023-12-19,BRN0W.ICE,78.18,78.2,79.77,77.54,79.39,0.0153585553722131,0.0154771041187002,0.0212930378364809,0.0212785264984456,0.0205135004810972,False,35.04,-2.0500000000000043,0.0153585553722131,37.09,1.9600000000000009,33.98,-2.6200000000000045,36.38,1.0800000000000054,36.36,-1.7199999999999989
2023-12-20,BRN0W.ICE,79.39,79.3,80.6,79.1,79.13,-0.00328034611592,-0.0032749716588991,0.0216437407041623,0.0199986083616441,0.0201614125820134,False,34.98,-0.060000000000002274,0.00328034611592,35.04,-2.0500000000000043,35.13,1.1500000000000057,36.6,0.21999999999999886,39.72,3.3599999999999994
2023-12-21,BRN0W.ICE,79.13,79.04,79.99,77.8,79.12,-0.0001263823066452,-0.0001263743207379,0.0115778297329047,0.0198381708111064,0.020156970010295,False,35.44,0.46000000000000085,0.0001263823066452,34.98,-0.060000000000002274,37.09,1.9600000000000009,33.98,-2.6200000000000045,37.82,-1.8999999999999986
2023-12-22,BRN0W.ICE,79.12,79.13,80.1,78.64,78.89,-0.0029112102074584,-0.002906976744186,0.012176009190445,0.0192634947310218,0.0196874020018461,False,33.32,-2.1199999999999974,0.0029112102074584,35.44,0.46000000000000085,35.04,-2.0500000000000043,35.13,1.1500000000000057,36.24,-1.5799999999999983
2023-12-26,BRN0W.ICE,78.89,78.74,81.45,78.37,80.64,0.0219403272160601,0.0221827861579413,0.0100271442214164,0.01945295528951,0.0199941532873747,False,34.53,1.2100000000000009,0.0219403272160601,33.32,-2.1199999999999974,34.98,-0.060000000000002274,37.09,1.9600000000000009,35.3,-0.9400000000000048
2023-12-27,BRN0W.ICE,80.64,80.57,81.02,79.23,79.31,-0.0166305802278302,-0.0164930555555555,0.0134470928519093,0.0169804178726704,0.0201949518158546,False,35.41,0.8799999999999955,0.0166305802278302,34.53,1.2100000000000009,35.44,0.46000000000000085,35.04,-2.0500000000000043,36.38,1.0800000000000054
2023-12-28,BRN0W.ICE,79.31,79.55,79.87,77.1,77.48,-0.0233443855564331,-0.0230740133652754,0.0160545707093075,0.0185646465389429,0.0204252394634024,False,36.45,1.0400000000000063,0.0233443855564331,35.41,0.8799999999999955,33.32,-2.1199999999999974,34.98,-0.060000000000002274,36.6,0.21999999999999886
2023-12-29,BRN0W.ICE,77.48,77.38,77.98,76.73,77.08,-0.0051759949926295,-0.005162622612287,0.0142851603554507,0.0183490064247998,0.0186679058613736,False,36.22,-0.23000000000000398,0.0051759949926295,36.45,1.0400000000000063,34.53,1.2100000000000009,35.44,0.46000000000000085,33.98,-2.6200000000000045
2024-01-02,BRN0W.ICE,77.08,77.39,79.06,75.6,76.04,-0.0135843259259371,-0.0134924753502853,0.0146973280097347,0.0187076492339538,0.0171889653130408,False,39.05,2.8299999999999983,0.0135843259259371,36.22,-0.23000000000000398,35.41,0.8799999999999955,33.32,-2.1199999999999974,35.13,1.1500000000000057
2024-01-03,BRN0W.ICE,76.04,76.06,78.67,74.79,78.44,0.0310744837079169,0.0315623356128351,0.0203211478390182,0.0170861622733761,0.0178802441826243,False,38.22,-0.8299999999999983,0.0310744837079169,39.05,2.8299999999999983,36.45,1.0400000000000063,34.53,1.2100000000000009,37.09,1.9600000000000009
2024-01-04,BRN0W.ICE,78.44,78.56,79.41,76.5,77.74,-0.0089640759040684,-0.0089240183579806,0.0205321389227619,0.017034480826987,0.0178949267024075,False,37.58,-0.6400000000000006,0.0089640759040684,38.22,-0.8299999999999983,36.22,-0.23000000000000398,35.41,0.8799999999999955,35.04,-2.0500000000000043
2024-01-05,BRN0W.ICE,77.74,77.71,79.26,77.66,78.9,0.0148113024277515,0.0149215333161822,0.0192796880505432,0.0156412513641143,0.0180779477854802,False,36.07,-1.509999999999998,0.0148113024277515,37.58,-0.6400000000000006,39.05,2.8299999999999983,36.45,1.0400000000000063,34.98,-0.060000000000002274
2024-01-08,BRN0W.ICE,78.9,78.7,78.95,75.26,76.27,-0.0339015516756814,-0.0333333333333334,0.0221837944279272,0.0183090908917431,0.0190339940177092,False,36.79,0.7199999999999989,0.0339015516756814,36.07,-1.509999999999998,38.22,-0.8299999999999983,36.22,-0.23000000000000398,35.44,0.46000000000000085
2024-01-09,BRN0W.ICE,76.27,76.3,78.19,75.95,77.49,0.0158692195997116,0.0159958043791792,0.0219006189657073,0.0184604840991519,0.0192105695934375,False,36.09,-0.6999999999999957,0.0158692195997116,36.79,0.7199999999999989,37.58,-0.6400000000000006,39.05,2.8299999999999983,33.32,-2.1199999999999974
2024-01-10,BRN0W.ICE,77.49,77.48,78.73,76.38,76.78,-0.0092047062032071,-0.0091624725771066,0.0221117927300434,0.0179848234119357,0.0192669658003112,False,36.35,0.259999999999998,0.0092047062032071,36.09,-0.6999999999999957,36.07,-1.509999999999998,38.22,-0.8299999999999983,34.53,1.2100000000000009
2024-01-11,BRN0W.ICE,76.78,76.7,79.1,76.66,78.48,0.021899625684456,0.0221411825996353,0.022687407441043,0.0191124029981222,0.0194243292661539,False,36.78,0.4299999999999997,0.021899625684456,36.35,0.259999999999998,36.79,0.7199999999999989,37.58,-0.6400000000000006,35.41,0.8799999999999955
2024-01-12,BRN0W.ICE,78.48,78.75,80.75,77.96,78.32,-0.0020408170348527,-0.0020387359836901,0.0194466234249433,0.0191156856246698,0.0191848645460891,False,40.64,3.8599999999999994,0.0020408170348527,36.78,0.4299999999999997,36.09,-0.6999999999999957,36.07,-1.509999999999998,36.45,1.0400000000000063
2024-01-15,BRN0W.ICE,78.32,78.14,78.9,76.85,78.64,0.0040774776166563,0.0040858018386109,0.0190905974104469,0.0191454572388993,0.0185462272262553,False,40.64,0.0,0.0040774776166563,40.64,3.8599999999999994,36.35,0.259999999999998,36.79,0.7199999999999989,36.22,-0.23000000000000398
2024-01-16,BRN0W.ICE,78.64,78.43,79.4,77.6,77.9,-0.0094545229622084,-0.00940996948118,0.0184950618914654,0.0181627324069304,0.0185391290029459,False,38.34,-2.299999999999997,0.0094545229622084,40.64,0.0,36.78,0.4299999999999997,36.09,-0.6999999999999957,39.05,2.8299999999999983
2024-01-17,BRN0W.ICE,77.9,77.34,77.75,76.13,77.64,-0.0033431945758931,-0.0033376123234917,0.0121944627536738,0.0177072589644153,0.0182834720114018,False,37.06,-1.2800000000000011,0.0033431945758931,38.34,-2.299999999999997,40.64,3.8599999999999994,36.35,0.259999999999998,38.22,-0.8299999999999983
2024-01-18,BRN0W.ICE,77.64,77.68,78.84,76.92,78.49,0.0108884698379127,0.010947964966512,0.0114072144638253,0.0168021940739931,0.0181594176720933,False,35.98,-1.0800000000000054,0.0108884698379127,37.06,-1.2800000000000011,40.64,0.0,36.78,0.4299999999999997,37.58,-0.6400000000000006
2024-01-19,BRN0W.ICE,78.49,78.65,79.26,77.87,78.22,-0.0034458588113541,-0.0034399286533315,0.0106619193409304,0.0167601784120866,0.0168204111167946,False,35.79,-0.18999999999999773,0.0034458588113541,35.98,-1.0800000000000054,38.34,-2.299999999999997,40.64,3.8599999999999994,36.07,-1.509999999999998
2024-01-22,BRN0W.ICE,78.22,78.37,80.06,77.46,79.4,0.0149729989257221,0.0150856558424956,0.0087232929656055,0.0165790804952654,0.0169909503173842,False,35.71,-0.0799999999999983,0.0149729989257221,35.79,-0.18999999999999773,37.06,-1.2800000000000011,40.64,0.0,36.79,0.7199999999999989
2024-01-23,BRN0W.ICE,79.4,79.48,79.97,78.27,79.28,-0.0015124782313575,-0.0015113350125944,0.0086881002820104,0.0145055934344913,0.0168383452593334,False,34.99,-0.7199999999999989,0.0015124782313575,35.71,-0.0799999999999983,35.98,-1.0800000000000054,38.34,-2.299999999999997,36.09,-0.6999999999999957
2024-01-24,BRN0W.ICE,79.28,79.25,80.33,78.6,79.84,0.007038741981476,0.0070635721493441,0.0088905962557459,0.0143095039572493,0.0168482851157593,False,33.99,-1.0,0.007038741981476,34.99,-0.7199999999999989,35.79,-0.18999999999999773,37.06,-1.2800000000000011,36.35,0.259999999999998
2024-01-25,BRN0W.ICE,79.84,79.93,82.07,79.66,81.84,0.0247414896401625,0.0250501002004008,0.0106614121988258,0.0152159217844613,0.0156722257195319,False,35.1,1.1099999999999994,0.0247414896401625,33.99,-1.0,35.71,-0.0799999999999983,35.98,-1.0800000000000054,36.78,0.4299999999999997
2024-01-26,BRN0W.ICE,81.84,81.91,83.19,80.79,83.02,0.0143154209815216,0.0144183773216031,0.0098511000974233,0.0112570224951945,0.0155835042051979,False,34.78,-0.3200000000000003,0.0143154209815216,35.1,1.1099999999999994,34.99,-0.7199999999999989,35.79,-0.18999999999999773,40.64,3.8599999999999994
2024-01-29,BRN0W.ICE,83.02,83.53,84.17,81.46,82.0,-0.0123622953606395,-0.0122861960973259,0.0128087360377337,0.0118757792112699,0.0150321718939749,False,36.32,1.5399999999999991,0.0123622953606395,34.78,-0.3200000000000003,33.99,-1.0,35.71,-0.0799999999999983,40.64,0.0
2024-01-30,BRN0W.ICE,82.0,82.08,82.86,80.83,82.43,0.0052302010608831,0.0052439024390245,0.0121151702748406,0.0112473360250354,0.0150411794145906,False,36.19,-0.13000000000000256,0.0052302010608831,36.32,1.5399999999999991,35.1,1.1099999999999994,34.99,-0.7199999999999989,38.34,-2.299999999999997
2024-01-31,BRN0W.ICE,82.43,82.64,82.65,80.27,80.69,-0.021334796464721,-0.021108819604513,0.015637316553752,0.0121691633819897,0.015477623286853,False,37.25,1.0600000000000023,0.021334796464721,36.19,-0.13000000000000256,34.78,-0.3200000000000003,33.99,-1.0,37.06,-1.2800000000000011
2024-02-01,BRN0W.ICE,80.69,80.57,81.55,78.57,78.82,-0.0234478800935576,-0.0231751146362623,0.0184704132727068,0.0139311039487236,0.0158577969553618,False,35.38,-1.8699999999999974,0.0234478800935576,37.25,1.0600000000000023,36.32,1.5399999999999991,35.1,1.1099999999999994,35.98,-1.0800000000000054
2024-02-02,BRN0W.ICE,78.82,79.15,79.44,76.85,77.67,-0.0146976893353015,-0.0145902055315908,0.0187517999760707,0.0144495659496881,0.0160688750262227,False,34.85,-0.5300000000000011,0.0146976893353015,35.38,-1.8699999999999974,36.19,-0.13000000000000256,34.78,-0.3200000000000003,35.79,-0.18999999999999773
2024-02-05,BRN0W.ICE,77.67,77.9,78.33,76.62,77.93,0.0033419054239136,0.0033474958156303,0.0145768508929553,0.0142695000633812,0.0160850229948026,False,34.43,-0.4200000000000017,0.0033419054239136,34.85,-0.5300000000000011,37.25,1.0600000000000023,36.32,1.5399999999999991,35.71,-0.0799999999999983
2024-02-06,BRN0W.ICE,77.93,77.95,79.08,77.63,78.77,0.0107212258597633,0.0107789041447452,0.0137404680725965,0.0145070465637218,0.0162068086702506,False,33.01,-1.4200000000000017,0.0107212258597633,34.43,-0.4200000000000017,35.38,-1.8699999999999974,36.19,-0.13000000000000256,34.99,-0.7199999999999989
2024-02-07,BRN0W.ICE,78.77,78.7,79.5,78.49,79.43,0.0083439169298079,0.0083788244255429,0.0147152573515476,0.0143895244442066,0.0157544299868081,False,31.21,-1.7999999999999972,0.0083439169298079,33.01,-1.4200000000000017,34.85,-0.5300000000000011,37.25,1.0600000000000023,33.99,-1.0
2024-02-08,BRN0W.ICE,79.43,79.3,81.9,79.03,81.75,0.028789679132322,0.0292081077678458,0.0193036076772512,0.016123762932669,0.0163233936505568,False,31.64,0.4299999999999997,0.028789679132322,31.21,-1.7999999999999972,34.43,-0.4200000000000017,35.38,-1.8699999999999974,35.1,1.1099999999999994
2024-02-09,BRN0W.ICE,79.43,81.72,82.45,81.21,81.86,0.001344661286894,0.0013455657492353,0.0171396577079659,0.015762596038877,0.015662163081264,False,32.44,0.7999999999999972,0.001344661286894,31.64,0.4299999999999997,33.01,-1.4200000000000017,34.85,-0.5300000000000011,34.78,-0.3200000000000003
2024-02-12,BRN0W.ICE,79.43,81.94,82.19,80.77,82.08,0.0026839103582023,0.002687515269973,0.0130062301098888,0.0157268488476931,0.0156065146155619,False,32.69,0.25,0.0026839103582023,32.44,0.7999999999999972,31.21,-1.7999999999999972,34.43,-0.4200000000000017,36.32,1.5399999999999991
2024-02-13,BRN0W.ICE,79.43,82.0,83.24,81.96,82.66,0.0070414276611268,0.0070662768031188,0.0093923274520634,0.0157269087592198,0.0153440767823013,False,32.37,-0.3200000000000003,0.0070414276611268,32.69,0.25,31.64,0.4299999999999997,33.01,-1.4200000000000017,36.19,-0.13000000000000256
2024-02-14,BRN0W.ICE,79.43,82.6,83.6,81.39,81.44,-0.0148692562813736,-0.0147592547786111,0.0130117180038376,0.0149580546529144,0.0147023001741638,False,32.76,0.39000000000000057,0.0148692562813736,32.37,-0.3200000000000003,32.44,0.7999999999999972,31.21,-1.7999999999999972,37.25,1.0600000000000023
2024-02-15,BRN0W.ICE,79.43,80.81,82.56,80.17,82.16,0.0088020128180901,0.0088408644400785,0.0129227905896296,0.014610791666364,0.0146342973966503,False,32.02,-0.7399999999999949,0.0088020128180901,32.76,0.39000000000000057,32.69,0.25,31.64,0.4299999999999997,35.38,-1.8699999999999974
2024-02-16,BRN0W.ICE,79.43,82.05,82.87,81.22,82.83,0.00812174898987,0.0081548198636807,0.0129164015619944,0.0143816516499895,0.0144800399503701,False,30.84,-1.1800000000000033,0.00812174898987,32.02,-0.7399999999999949,32.37,-0.3200000000000003,32.44,0.7999999999999972,34.85,-0.5300000000000011
2024-02-19,BRN0W.ICE,81.75,82.6,82.81,81.86,82.58,-0.0030227941522285,-0.0030182301098635,0.0083435174571848,0.0143516433778061,0.0128766670760874,False,30.84,0.0,0.0030227941522285,30.84,-1.1800000000000033,32.76,0.39000000000000057,32.69,0.25,34.43,-0.4200000000000017
2024-02-20,BRN0W.ICE,82.58,82.45,82.79,81.27,81.76,-0.0099793940025498,-0.0099297650762896,0.009397076136647,0.0133297261719466,0.0128263055117031,False,31.81,0.9699999999999989,0.0099793940025498,30.84,0.0,32.02,-0.7399999999999949,32.37,-0.3200000000000003,33.01,-1.4200000000000017
2024-02-21,BRN0W.ICE,81.76,81.69,82.22,80.87,82.2,0.0053671756067399,0.0053816046966732,0.0095859444576048,0.0113521561652362,0.0126706325451166,False,31.05,-0.759999999999998,0.0053671756067399,31.81,0.9699999999999989,30.84,-1.1800000000000033,32.76,0.39000000000000057,31.21,-1.7999999999999972
2024-02-22,BRN0W.ICE,82.2,82.25,82.9,81.39,82.46,0.0031580252166196,0.0031630170316301,0.0092303842429102,0.0101504131845783,0.0121196618585995,False,30.55,-0.5,0.0031580252166196,31.05,-0.759999999999998,30.84,0.0,32.02,-0.7399999999999949,31.64,0.4299999999999997
2024-02-23,BRN0W.ICE,82.46,82.43,82.54,80.64,80.75,-0.0209553651759879,-0.02073732718894,0.0109523859663013,0.0121936737820511,0.0127915873831699,False,31.31,0.759999999999998,0.0209553651759879,30.55,-0.5,31.81,0.9699999999999989,30.84,-1.1800000000000033,32.44,0.7999999999999972
2024-02-26,BRN0W.ICE,80.75,80.64,82.14,80.19,81.74,0.0121855160333652,0.0122600619195045,0.0115277192271089,0.0122752626117589,0.012943204987776,False,31.71,0.40000000000000213,0.0121855160333652,31.31,0.759999999999998,31.05,-0.759999999999998,30.84,0.0,32.69,0.25
2024-02-27,BRN0W.ICE,81.74,81.77,82.75,81.25,82.27,0.0064630430447077,0.0064839735747492,0.0113307551800944,0.0122182367193143,0.0128132196505823,False,31.35,-0.35999999999999943,0.0064630430447077,31.71,0.40000000000000213,30.55,-0.5,31.81,0.9699999999999989,32.37,-0.3200000000000003
2024-02-28,BRN0W.ICE,82.27,82.35,83.13,81.56,81.85,-0.005118217363695,-0.0051051416069041,0.0114213709048688,0.00971163439069,0.0128419467527165,False,31.21,-0.14000000000000057,0.005118217363695,31.35,-0.35999999999999943,31.31,0.759999999999998,31.05,-0.759999999999998,32.76,0.39000000000000057
2024-02-29,BRN0W.ICE,81.85,81.83,82.84,81.51,82.02,0.0020748161467692,0.002076970067196,0.0107798089110029,0.0097208622002837,0.0127262101950343,False,31.5,0.28999999999999915,0.0020748161467692,31.21,-0.14000000000000057,31.71,0.40000000000000213,30.55,-0.5,32.02,-0.7399999999999949
2024-03-01,BRN0W.ICE,82.02,82.07,84.34,81.81,83.46,0.0174043551994932,0.0175566934893927,0.0125147391021232,0.0107580420016527,0.0130147576502094,False,31.08,-0.4200000000000017,0.0174043551994932,31.5,0.28999999999999915,31.35,-0.35999999999999943,31.31,0.759999999999998,30.84,-1.1800000000000033
2024-03-04,BRN0W.ICE,83.46,83.5,84.08,82.57,82.84,-0.007456438636023,-0.0074287083632876,0.0130088192964956,0.0108489505225772,0.0128971129796113,False,30.47,-0.6099999999999994,0.007456438636023,31.08,-0.4200000000000017,31.21,-0.14000000000000057,31.71,0.40000000000000213,30.84,0.0
2024-03-05,BRN0W.ICE,82.84,82.74,83.14,81.72,82.08,-0.009216655104924,-0.0091743119266055,0.0102151032956664,0.0103400252920476,0.0130333715997713,False,30.19,-0.2799999999999976,0.009216655104924,30.47,-0.6099999999999994,31.5,0.28999999999999915,31.35,-0.35999999999999943,31.81,0.9699999999999989
2024-03-06,BRN0W.ICE,82.08,82.01,84.05,81.85,82.91,0.0100613007056679,0.0101120857699805,0.0099003640318349,0.0104223962145229,0.0130919584953499,False,29.57,-0.620000000000001,0.0100613007056679,30.19,-0.2799999999999976,31.08,-0.4200000000000017,31.21,-0.14000000000000057,31.05,-0.759999999999998
2024-03-07,BRN0W.ICE,82.91,82.92,83.53,82.07,83.36,0.0054128958769295,0.0054275720660958,0.0098297039527467,0.0102973913087509,0.0123510520707096,False,29.57,0.0,0.0054128958769295,29.57,-0.620000000000001,30.47,-0.6099999999999994,31.5,0.28999999999999915,30.55,-0.5
2024-03-08,BRN0W.ICE,83.36,83.18,83.84,81.71,82.05,-0.0158397604689568,-0.015714971209213,0.0117497376093275,0.0111637355063949,0.0124243323453748,False,29.64,0.07000000000000028,0.0158397604689568,29.57,0.0,30.19,-0.2799999999999976,31.08,-0.4200000000000017,31.31,0.759999999999998
2024-03-11,BRN0W.ICE,82.05,82.0,82.75,81.08,82.45,0.0048632314695081,0.0048750761730653,0.0118647171414611,0.0108916202448507,0.0122488387898621,False,29.11,-0.5300000000000011,0.0048632314695081,29.64,0.07000000000000028,29.57,-0.620000000000001,30.47,-0.6099999999999994,31.71,0.40000000000000213
2024-03-12,BRN0W.ICE,82.45,82.45,83.01,81.69,82.36,-0.0010921668460192,-0.0010915706488781,0.0093244238350575,0.0108106676426171,0.0122133330917968,False,29.36,0.25,0.0010921668460192,29.11,-0.5300000000000011,29.57,0.0,30.19,-0.2799999999999976,31.35,-0.35999999999999943
2024-03-13,BRN0W.ICE,82.36,82.45,84.24,81.96,83.95,0.0191215013639611,0.0193054881010199,0.0117724274329125,0.0119368167055567,0.012011477572836,False,29.52,0.16000000000000014,0.0191215013639611,29.36,0.25,29.64,0.07000000000000028,29.57,-0.620000000000001,31.21,-0.14000000000000057
2024-03-14,BRN0W.ICE,83.95,84.04,85.69,83.98,85.13,0.0139581163724157,0.0140559857057771,0.0113766254080838,0.0104941504174288,0.0112703597216737,False,31.51,1.990000000000002,0.0139581163724157,29.52,0.16000000000000014,29.11,-0.5300000000000011,29.57,0.0,31.5,0.28999999999999915
2024-03-15,BRN0W.ICE,85.13,85.15,85.55,84.6,85.35,0.0025809493444839,0.0025842828615059,0.011195096169831,0.010212037813044,0.0107888593270439,False,29.77,-1.740000000000002,0.0025809493444839,31.51,1.990000000000002,29.36,0.25,29.64,0.07000000000000028,31.08,-0.4200000000000017
2024-03-18,BRN0W.ICE,85.35,84.77,86.44,84.66,86.13,0.0090973335606326,0.0091388400702987,0.0113502613191967,0.0103028952775369,0.0108435503109355,False,29.81,0.03999999999999915,0.0090973335606326,29.77,-1.740000000000002,29.52,0.16000000000000014,29.11,-0.5300000000000011,30.47,-0.6099999999999994
2024-03-19,BRN0W.ICE,86.13,86.19,86.92,85.8,86.51,0.0044022313912007,0.0044119354464182,0.006998363893636,0.0100165021185742,0.0107561453606031,False,29.22,-0.5899999999999999,0.0044022313912007,29.81,0.03999999999999915,31.51,1.990000000000002,29.36,0.25,30.19,-0.2799999999999976
2024-03-20,BRN0W.ICE,86.51,86.42,86.61,84.98,85.6,-0.0105747310445866,-0.0105190151427582,0.0098442930884597,0.0107433192635442,0.0109915833901742,False,28.82,-0.3999999999999986,0.0105747310445866,29.22,-0.5899999999999999,29.77,-1.740000000000002,29.52,0.16000000000000014,29.57,-0.620000000000001
2024-03-21,BRN0W.ICE,85.6,85.72,85.99,84.54,85.05,-0.0064459643058256,-0.0064252336448598,0.0106071932885513,0.0101678826411324,0.0099146043060908,False,27.53,-1.2899999999999991,0.0064459643058256,28.82,-0.3999999999999986,29.81,0.03999999999999915,31.51,1.990000000000002,29.57,0.0
2024-03-22,BRN0W.ICE,85.05,85.12,85.58,84.58,84.94,-0.0012941939567456,-0.0012933568489124,0.008554205622842,0.0098869249220875,0.0099260691263984,False,26.92,-0.6099999999999994,0.0012941939567456,27.53,-1.2899999999999991,29.22,-0.5899999999999999,29.77,-1.740000000000002,29.64,0.07000000000000028
2024-03-25,BRN0W.ICE,84.94,84.83,86.51,84.79,86.04,0.0128671795144042,0.0129503178714387,0.0082992582471515,0.009756932379229,0.0101490759460081,False,27.49,0.5699999999999967,0.0128671795144042,26.92,-0.6099999999999994,28.82,-0.3999999999999986,29.81,0.03999999999999915,29.11,-0.5300000000000011
2024-03-26,BRN0W.ICE,86.04,86.16,86.42,85.19,85.27,-0.0089896116455711,-0.0089493258949326,0.009160087782306,0.0100745831805624,0.0102723769074286,False,27.25,-0.23999999999999844,0.0089896116455711,27.49,0.5699999999999967,27.53,-1.2899999999999991,29.22,-0.5899999999999999,29.36,0.25
2024-03-27,BRN0W.ICE,85.27,85.27,85.7,84.58,85.7,0.005030132849776,0.0050428052069897,0.0085880839986254,0.0100651378055205,0.0098434248269371,False,26.6,-0.6499999999999986,0.005030132849776,27.25,-0.23999999999999844,26.92,-0.6099999999999994,28.82,-0.3999999999999986,29.52,0.16000000000000014
2024-03-28,BRN0W.ICE,85.7,85.69,87.07,85.5,87.07,0.0158595672367899,0.0159859976662775,0.0105854323444284,0.0092838843093822,0.0101000141206213,False,26.27,-0.33000000000000185,0.0158595672367899,26.6,-0.6499999999999986,27.49,0.5699999999999967,27.53,-1.2899999999999991,31.51,1.990000000000002
2024-04-01,BRN0W.ICE,87.07,86.98,87.98,86.4,87.81,0.00846299653138,0.0084989089238545,0.0095326845802173,0.0093520222717788,0.0101074117671359,False,27.65,1.379999999999999,0.00846299653138,26.27,-0.33000000000000185,27.25,-0.23999999999999844,26.92,-0.6099999999999994,29.77,-1.740000000000002
2024-04-02,BRN0W.ICE,87.81,87.62,89.32,87.62,89.27,0.0164900958193664,0.0166268078806512,0.0094287916725332,0.0097168962280696,0.010400226871043,False,29.04,1.3900000000000006,0.0164900958193664,27.65,1.379999999999999,26.6,-0.6499999999999986,27.49,0.5699999999999967,29.81,0.03999999999999915
2024-04-03,BRN0W.ICE,89.27,89.22,89.99,88.67,89.56,0.0032433065392835,0.0032485717486279,0.0089119248598584,0.0089316285422197,0.0101254399508258,False,29.08,0.03999999999999915,0.0032433065392835,29.04,1.3900000000000006,26.27,-0.33000000000000185,27.25,-0.23999999999999844,29.22,-0.5899999999999999
2024-04-04,BRN0W.ICE,89.27,89.48,91.3,88.72,91.09,0.0169392370261645,0.0170835194283163,0.0094332633941953,0.009202788400652,0.0104330079410537,False,32.17,3.0900000000000034,0.0169392370261645,29.08,0.03999999999999915,27.65,1.379999999999999,26.6,-0.6499999999999986,28.82,-0.3999999999999986
2024-04-05,BRN0W.ICE,89.27,91.21,91.91,90.57,90.86,-0.0025281684254612,-0.0025249752991547,0.0076183744611207,0.0093982093800407,0.0104894880943,False,32.36,0.18999999999999773,0.0025281684254612,32.17,3.0900000000000034,29.04,1.3900000000000006,26.27,-0.33000000000000185,27.53,-1.2899999999999991
2024-04-08,BRN0W.ICE,89.56,90.09,91.1,88.78,90.62,-0.002644921092265,-0.0026414263702398,0.0087631533155965,0.0094769727110135,0.0095215336224133,False,30.57,-1.7899999999999991,0.002644921092265,32.36,0.18999999999999773,29.08,0.03999999999999915,27.65,1.379999999999999,26.92,-0.6099999999999994
2024-04-09,BRN0W.ICE,90.62,90.63,90.94,89.25,89.59,-0.0114312326295051,-0.011366144338998,0.0105575552997854,0.0102877823968803,0.0097808466279927,False,28.96,-1.6099999999999994,0.0114312326295051,30.57,-1.7899999999999991,32.17,3.0900000000000034,29.04,1.3900000000000006,27.49,0.5699999999999967
2024-04-10,BRN0W.ICE,89.59,89.55,90.71,88.83,90.65,0.0117622305913729,0.0118316776425939,0.0108554893967348,0.0098260010895686,0.009891708785582,False,30.08,1.1199999999999974,0.0117622305913729,28.96,-1.6099999999999994,32.36,0.18999999999999773,29.08,0.03999999999999915,27.25,-0.23999999999999844
2024-04-11,BRN0W.ICE,90.65,90.52,90.92,89.38,90.2,-0.0049765101322821,-0.0049641478212907,0.0099103343564746,0.0097119354027142,0.0098876161575656,False,31.27,1.1900000000000013,0.0049765101322821,30.08,1.1199999999999974,30.57,-1.7899999999999991,32.17,3.0900000000000034,26.6,-0.6499999999999986
2024-04-12,BRN0W.ICE,90.2,90.13,92.18,90.01,90.15,-0.0005544774192516,-0.0005543237250553,0.00990170049504,0.0096817147628364,0.0099099102101126,False,32.19,0.9199999999999982,0.0005544774192516,31.27,1.1900000000000013,28.96,-1.6099999999999994,32.36,0.18999999999999773,26.27,-0.33000000000000185
2024-04-15,BRN0W.ICE,90.15,90.95,91.05,88.73,90.41,0.0028799310999486,0.002884082085413,0.0071618951679503,0.0093607281768544,0.0095373116238522,False,35.59,3.4000000000000057,0.0028799310999486,32.19,0.9199999999999982,30.08,1.1199999999999974,30.57,-1.7899999999999991,27.65,1.379999999999999
2024-04-16,BRN0W.ICE,90.41,90.43,90.84,89.41,90.09,-0.0035457100859263,-0.0035394314788186,0.0072066001165621,0.008902094931031,0.0094201891253184,False,33.61,-1.980000000000004,0.0035457100859263,35.59,3.4000000000000057,31.27,1.1900000000000013,28.96,-1.6099999999999994,29.04,1.3900000000000006
2024-04-17,BRN0W.ICE,90.09,90.11,90.17,87.13,87.42,-0.0300850812281801,-0.0296370296370296,0.0131366964676934,0.012703073831574,0.0109793370296473,False,33.0,-0.6099999999999994,0.0300850812281801,33.61,-1.980000000000004,32.19,0.9199999999999982,30.08,1.1199999999999974,29.08,0.03999999999999915
2024-04-18,BRN0W.ICE,87.42,86.76,87.07,85.55,86.17,-0.014402000183493,-0.0142987874628232,0.0134189279647732,0.01263137217161,0.0112722777459816,False,31.4,-1.6000000000000014,0.014402000183493,33.0,-0.6099999999999994,35.59,3.4000000000000057,31.27,1.1900000000000013,32.17,3.0900000000000034
2024-04-19,BRN0W.ICE,86.17,86.33,89.84,85.51,86.59,0.0048622462080343,0.0048740861088545,0.0121254877800188,0.012465085539068,0.011265771753861,False,31.86,0.46000000000000085,0.0048622462080343,31.4,-1.6000000000000014,33.61,-1.980000000000004,32.19,0.9199999999999982,32.36,0.18999999999999773
2024-04-22,BRN0W.ICE,86.59,86.3,86.36,85.03,86.2,-0.0045141577900624,-0.0045039842937983,0.0121367157597951,0.01141819931322,0.0108550184248319,False,29.7,-2.16,0.0045141577900624,31.86,0.46000000000000085,33.0,-0.6099999999999994,35.59,3.4000000000000057,30.57,-1.7899999999999991
2024-04-23,BRN0W.ICE,86.2,86.26,87.48,85.15,87.41,0.013939514922749,0.0140371229698375,0.0143505519610008,0.0121654347371334,0.0110721282138101,False,28.86,-0.8399999999999999,0.013939514922749,29.7,-2.16,31.4,-1.6000000000000014,33.61,-1.980000000000004,28.96,-1.6099999999999994
2024-04-24,BRN0W.ICE,87.41,87.42,87.8,86.66,87.08,-0.0037824562260498,-0.0037753117492277,0.01400326590357,0.0109148410999103,0.011108429420478,False,29.04,0.17999999999999972,0.0037824562260498,28.86,-0.8399999999999999,31.86,0.46000000000000085,33.0,-0.6099999999999994,30.08,1.1199999999999974
2024-04-25,BRN0W.ICE,87.08,86.88,88.06,86.23,88.05,0.0110775985758685,0.0111391823610473,0.015345655938783,0.011567008153392,0.0107692535620396,False,28.34,-0.6999999999999993,0.0110775985758685,29.04,0.17999999999999972,29.7,-2.16,31.4,-1.6000000000000014,31.27,1.1900000000000013
2024-04-26,BRN0W.ICE,88.05,87.99,88.64,87.62,88.06,0.0001135653853926,0.0001135718341851,0.0097909721240297,0.0115831352343326,0.010514576214062,False,27.81,-0.5300000000000011,0.0001135653853926,28.34,-0.6999999999999993,28.86,-0.8399999999999999,31.86,0.46000000000000085,32.19,0.9199999999999982
2024-04-29,BRN0W.ICE,88.06,87.96,88.22,86.95,87.28,-0.0088970588027924,-0.0088575970928912,0.008476603810373,0.0114441705745702,0.0106675975507778,False,27.84,0.030000000000001137,0.0088970588027924,27.81,-0.5300000000000011,29.04,0.17999999999999972,29.7,-2.16,35.59,3.4000000000000057
2024-04-30,BRN0W.ICE,87.28,87.1,87.8,85.45,85.92,-0.0157047107642607,-0.0155820348304307,0.0105585411680671,0.0112813567159558,0.0109552007687317,False,27.87,0.030000000000001137,0.0157047107642607,27.84,0.030000000000001137,28.34,-0.6999999999999993,28.86,-0.8399999999999999,33.61,-1.980000000000004
2024-05-01,BRN0W.ICE,87.28,85.8,85.89,83.29,83.58,-0.0276123737407852,-0.0272346368715084,0.0146257831431879,0.0129563897310459,0.0120117258357224,False,28.7,0.8299999999999983,0.0276123737407852,27.87,0.030000000000001137,27.81,-0.5300000000000011,29.04,0.17999999999999972,33.0,-0.6099999999999994
2024-05-02,BRN0W.ICE,87.28,83.59,84.44,83.05,83.7,0.0014347204756603,0.0014357501794688,0.0126399714837683,0.0130248690738699,0.0118862096382457,False,27.65,-1.0500000000000007,0.0014347204756603,28.7,0.8299999999999983,27.84,0.030000000000001137,28.34,-0.6999999999999993,31.4,-1.6000000000000014
2024-05-03,BRN0W.ICE,87.28,83.9,84.39,82.78,82.78,-0.0110524911748433,-0.0109916367980884,0.0127071224759049,0.0128830744694963,0.0119916405879173,False,28.09,0.4400000000000013,0.0110524911748433,27.65,-1.0500000000000007,27.87,0.030000000000001137,27.81,-0.5300000000000011,31.86,0.46000000000000085
2024-05-06,BRN0W.ICE,85.92,82.99,83.83,82.77,83.63,0.010215821072848,0.0102681807199807,0.0125026704567616,0.0136134940840528,0.0121615767045705,False,28.58,0.48999999999999844,0.010215821072848,28.09,0.4400000000000013,28.7,0.8299999999999983,27.84,0.030000000000001137,29.7,-2.16
2024-05-07,BRN0W.ICE,83.63,83.72,83.88,82.41,82.98,-0.0078026924887124,-0.0077723305034077,0.0120646140908172,0.0116566618401837,0.0119609607332604,False,27.83,-0.75,0.0078026924887124,28.58,0.48999999999999844,27.65,-1.0500000000000007,27.87,0.030000000000001137,28.86,-0.8399999999999999
2024-05-08,BRN0W.ICE,82.98,83.02,83.82,81.71,83.77,0.0094753332609962,0.009520366353338,0.0138301447858876,0.0117206293613392,0.0120216101956186,False,27.91,0.08000000000000185,0.0094753332609962,27.83,-0.75,28.09,0.4400000000000013,28.7,0.8299999999999983,29.04,0.17999999999999972
2024-05-09,BRN0W.ICE,83.77,83.79,84.33,83.45,84.1,0.0039316188131841,0.0039393577653097,0.0134886331178716,0.0116811812636956,0.0120055585712633,False,27.95,0.03999999999999915,0.0039316188131841,27.91,0.08000000000000185,28.58,0.48999999999999844,27.65,-1.0500000000000007,28.34,-0.6999999999999993
2024-05-10,BRN0W.ICE,84.1,84.21,84.53,82.7,82.78,-0.0158200806583158,-0.0156956004756241,0.0102612621975806,0.0122395671584588,0.0118980765593417,False,27.88,-0.07000000000000028,0.0158200806583158,27.95,0.03999999999999915,27.83,-0.75,28.09,0.4400000000000013,27.81,-0.5300000000000011
2024-05-13,BRN0W.ICE,82.78,82.78,83.84,82.26,83.45,0.0080611637872576,0.008093742449867,0.010852197631607,0.0117069944917989,0.0118864798400246,False,28.04,0.16000000000000014,0.0080611637872576,27.88,-0.07000000000000028,27.91,0.08000000000000185,28.58,0.48999999999999844,27.84,0.030000000000001137
2024-05-14,BRN0W.ICE,83.45,83.41,83.62,82.1,82.79,-0.0079403689571295,-0.0079089275014978,0.0103986318450754,0.0117724172247377,0.0114253937923832,False,28.01,-0.029999999999997584,0.0079403689571295,28.04,0.16000000000000014,27.95,0.03999999999999915,27.83,-0.75,27.87,0.030000000000001137
2024-05-15,BRN0W.ICE,82.79,82.76,83.07,81.05,82.9,0.0013277809905348,0.0013286628819906,0.0094446695418748,0.0111063447520223,0.0113974397641168,False,28.07,0.05999999999999872,0.0013277809905348,28.01,-0.029999999999997584,27.88,-0.07000000000000028,27.91,0.08000000000000185,28.7,0.8299999999999983
2024-05-16,BRN0W.ICE,82.9,83.03,83.78,82.31,83.44,0.0064927485512675,0.0065138721351023,0.0093371951178618,0.0114277743735223,0.01093067782824,False,27.08,-0.990000000000002,0.0064927485512675,28.07,0.05999999999999872,28.04,0.16000000000000014,27.95,0.03999999999999915,27.65,-1.0500000000000007
2024-05-17,BRN0W.ICE,83.44,83.43,84.04,83.08,84.0,0.0066889881507967,0.0067114093959732,0.0089568575619211,0.0116551312331331,0.0110708267492742,False,28.06,0.9800000000000004,0.0066889881507967,27.08,-0.990000000000002,28.01,-0.029999999999997584,27.88,-0.07000000000000028,28.09,0.4400000000000013
2024-05-20,BRN0W.ICE,84.0,83.79,84.17,82.89,83.47,-0.0063295129806683,-0.0063095238095238,0.0091191535782889,0.0111092322299243,0.0110915688379119,False,27.89,-0.16999999999999815,0.0063295129806683,28.06,0.9800000000000004,28.07,0.05999999999999872,28.04,0.16000000000000014,28.58,0.48999999999999844
2024-05-21,BRN0W.ICE,83.47,83.51,83.53,81.93,82.4,-0.0129018489472191,-0.0128189768779201,0.0083684862597879,0.0090031962830529,0.0111344740345695,False,27.38,-0.5100000000000016,0.0129018489472191,27.89,-0.16999999999999815,27.08,-0.990000000000002,28.01,-0.029999999999997584,27.83,-0.75
2024-05-22,BRN0W.ICE,82.4,82.44,82.49,81.39,81.49,-0.0111051235832977,-0.0110436893203884,0.0081737076033266,0.0093574723262907,0.0108839106208396,False,27.71,0.33000000000000185,0.0111051235832977,27.38,-0.5100000000000016,28.06,0.9800000000000004,28.07,0.05999999999999872,27.91,0.08000000000000185
2024-05-23,BRN0W.ICE,81.49,81.39,82.7,80.7,81.23,-0.0031956762692658,-0.0031905755307398,0.0079269947980242,0.0089956795731606,0.0108807228234066,False,28.66,0.9499999999999993,0.0031956762692658,27.71,0.33000000000000185,27.89,-0.16999999999999815,27.08,-0.990000000000002,27.95,0.03999999999999915
2024-05-24,BRN0W.ICE,81.23,81.11,82.16,80.44,81.85,0.0076036667542813,0.0076326480364397,0.0087707776637771,0.0087613711686024,0.0110571738993034,False,27.56,-1.1000000000000014,0.0076036667542813,28.66,0.9499999999999993,27.38,-0.5100000000000016,28.06,0.9800000000000004,27.88,-0.07000000000000028
2024-05-27,BRN0W.ICE,81.85,81.94,82.96,81.84,82.82,0.0117812743002771,0.0118509468540011,0.0097763901850311,0.0092346019179244,0.0113422490026783,False,27.56,0.0,0.0117812743002771,27.56,-1.1000000000000014,27.71,0.33000000000000185,27.89,-0.16999999999999815,28.04,0.16000000000000014
2024-05-28,BRN0W.ICE,82.82,82.79,84.35,82.76,84.33,0.018068095469129,0.0182323110359816,0.0119786659229086,0.0101616992096623,0.011970382166257,False,27.53,-0.029999999999997584,0.018068095469129,27.56,0.0,28.66,0.9499999999999993,27.38,-0.5100000000000016,28.01,-0.029999999999997584
2024-05-29,BRN0W.ICE,84.33,84.32,84.72,83.14,83.36,-0.0115690955814934,-0.0115024309261235,0.0126270847412548,0.010591577235405,0.0109138852122121,False,26.77,-0.7600000000000016,0.0115690955814934,27.53,-0.029999999999997584,27.56,-1.1000000000000014,27.71,0.33000000000000185,28.07,0.05999999999999872
2024-05-30,BRN0W.ICE,83.36,83.35,83.58,81.83,81.95,-0.0170592728152181,-0.0169145873320537,0.0133989124038614,0.0107325141979166,0.0110316396091282,False,29.24,2.469999999999999,0.0170592728152181,26.77,-0.7600000000000016,27.56,0.0,28.66,0.9499999999999993,27.08,-0.990000000000002
2024-05-31,BRN0W.ICE,81.95,81.83,82.69,80.75,81.37,-0.0071026504812727,-0.0070774862721171,0.0129632992188897,0.0105416401923272,0.011003442455852,False,30.34,1.1000000000000014,0.0071026504812727,29.24,2.469999999999999,27.53,-0.029999999999997584,27.56,-1.1000000000000014,28.06,0.9800000000000004
2024-06-03,BRN0W.ICE,81.37,81.15,81.65,78.09,78.15,-0.0403765978410802,-0.0395723239523165,0.0200632188720282,0.014727654474494,0.0130378255446572,False,30.84,0.5,0.0403765978410802,30.34,1.1000000000000014,26.77,-0.7600000000000016,27.56,0.0,27.89,-0.16999999999999815
2024-06-04,BRN0W.ICE,78.15,78.14,78.22,76.76,77.13,-0.0131377469215779,-0.0130518234165069,0.0193194699275824,0.0148231890175656,0.0127393441599829,False,30.59,-0.25,0.0131377469215779,30.84,0.5,29.24,2.469999999999999,27.53,-0.029999999999997584,27.38,-0.5100000000000016
2024-06-05,BRN0W.ICE,77.13,77.29,78.66,77.18,78.66,0.0196424570577557,0.0198366394399067,0.020860878037717,0.0159886779876446,0.013461381520158,False,29.18,-1.4100000000000001,0.0196424570577557,30.59,-0.25,30.34,1.1000000000000014,26.77,-0.7600000000000016,27.71,0.33000000000000185
2024-06-06,BRN0W.ICE,78.66,78.7,80.08,78.38,80.02,0.0171418364254255,0.0172896008136282,0.0206747948770472,0.016762319149132,0.0137289914763328,False,27.71,-1.4699999999999989,0.0171418364254255,29.18,-1.4100000000000001,30.84,0.5,29.24,2.469999999999999,28.66,0.9499999999999993
2024-06-07,BRN0W.ICE,80.02,80.05,80.38,79.32,79.47,-0.0068970114770009,-0.0068732816795801,0.0205965960386959,0.0167704577219142,0.0137305281075183,False,26.42,-1.2899999999999991,0.0068970114770009,27.71,-1.4699999999999989,30.59,-0.25,30.34,1.1000000000000014,27.56,-1.1000000000000014
2024-06-10,BRN0W.ICE,80.02,79.38,82.17,79.34,81.96,0.0308517314186109,0.0313325783314457,0.0242637670147526,0.0188349225157888,0.0150393568248606,False,25.69,-0.7300000000000004,0.0308517314186109,26.42,-1.2899999999999991,29.18,-1.4100000000000001,30.84,0.5,27.56,0.0
2024-06-11,BRN0W.ICE,79.47,81.97,82.36,81.19,82.23,0.0032888756121051,0.003294289897511,0.0240726776841158,0.018595924725646,0.0148452624612385,False,25.54,-0.15000000000000213,0.0032888756121051,25.69,-0.7300000000000004,27.71,-1.4699999999999989,30.59,-0.25,27.53,-0.029999999999997584
2024-06-12,BRN0W.ICE,82.23,82.08,83.34,81.96,82.52,0.0035204892202469,0.0035266934208926,0.0155560638964193,0.018575823105369,0.014019472874427,False,24.8,-0.7399999999999984,0.0035204892202469,25.54,-0.15000000000000213,26.42,-1.2899999999999991,29.18,-1.4100000000000001,26.77,-0.7600000000000016
2024-06-13,BRN0W.ICE,82.52,81.96,82.6,81.4,81.79,-0.0088857014561682,-0.0088463402811438,0.0146607034133414,0.0186560560418773,0.0140986526300324,False,24.45,-0.3500000000000014,0.0088857014561682,24.8,-0.7399999999999984,25.69,-0.7300000000000004,27.71,-1.4699999999999989,29.24,2.469999999999999
2024-06-14,BRN0W.ICE,81.79,81.71,82.92,81.55,82.1,0.0037830297114997,0.0037901944002933,0.0138322512021425,0.0183863141531255,0.0139852587069497,False,24.71,0.26000000000000156,0.0037830297114997,24.45,-0.3500000000000014,25.54,-0.15000000000000213,26.42,-1.2899999999999991,30.34,1.1000000000000014
2024-06-17,BRN0W.ICE,82.1,82.07,83.79,81.54,83.65,0.0187034109744506,0.0188794153471378,0.0140506015942269,0.018436711442329,0.0142873913020895,False,24.17,-0.5399999999999991,0.0187034109744506,24.71,0.26000000000000156,24.8,-0.7399999999999984,25.69,-0.7300000000000004,30.84,0.5
2024-06-18,BRN0W.ICE,83.65,83.62,84.7,82.97,84.57,0.0109381663612978,0.0109982068141063,0.0128132515191211,0.0183858385571079,0.0143437026299429,False,23.73,-0.4400000000000013,0.0109381663612978,24.17,-0.5399999999999991,24.45,-0.3500000000000014,25.54,-0.15000000000000213,30.59,-0.25
2024-06-19,BRN0W.ICE,84.57,84.61,84.98,84.17,84.49,-0.0009464096293774,-0.0009459619250324,0.0087062744420158,0.0176562655253302,0.0142480399614766,False,23.73,0.0,0.0009464096293774,23.73,-0.4400000000000013,24.71,0.26000000000000156,24.8,-0.7399999999999984,29.18,-1.4100000000000001
2024-06-20,BRN0W.ICE,84.49,84.4,85.14,84.19,84.8,0.003662358633104,0.0036690732631081,0.0086998789595748,0.0174541477364371,0.0142457484199363,False,24.23,0.5,0.003662358633104,23.73,0.0,24.17,-0.5399999999999991,24.45,-0.3500000000000014,27.71,-1.4699999999999989
2024-06-21,BRN0W.ICE,84.8,84.78,85.3,83.95,84.18,-0.0073381794554326,-0.0073113207547168,0.0097827893288257,0.0127434828545758,0.0139972754070033,False,24.74,0.509999999999998,0.0073381794554326,24.23,0.5,23.73,-0.4400000000000013,24.71,0.26000000000000156,26.42,-1.2899999999999991
2024-06-24,BRN0W.ICE,84.18,84.16,85.28,83.89,85.19,0.0119266927123243,0.011998099311,0.0087292251864159,0.0116677927184956,0.0140862264822123,False,25.42,0.6800000000000033,0.0119266927123243,24.74,0.509999999999998,23.73,0.0,24.17,-0.5399999999999991,25.69,-0.7300000000000004
2024-06-25,BRN0W.ICE,85.19,85.18,85.39,83.94,84.15,-0.0122831354179339,-0.012208005634464,0.0111343746979125,0.0121381090635631,0.0141998098910869,False,25.75,0.3299999999999983,0.0122831354179339,25.42,0.6800000000000033,24.23,0.5,23.73,-0.4400000000000013,25.54,-0.15000000000000213
2024-06-26,BRN0W.ICE,84.15,84.1,85.03,83.72,84.48,0.0039138993211363,0.0039215686274509,0.0089658117042099,0.0116083747615768,0.0142125817831033,False,26.24,0.48999999999999844,0.0039138993211363,25.75,0.3299999999999983,24.74,0.509999999999998,23.73,0.0,24.8,-0.7399999999999984
2024-06-27,BRN0W.ICE,84.48,84.27,85.58,84.1,85.43,0.0111825072055759,0.0112452651515151,0.0090094566448032,0.0113200055006959,0.0143047902947238,False,26.28,0.0400000000000027,0.0111825072055759,26.24,0.48999999999999844,25.42,0.6800000000000033,24.23,0.5,24.45,-0.3500000000000014
2024-06-28,BRN0W.ICE,85.43,85.37,86.18,84.52,84.84,-0.0069301974670456,-0.0069062390261033,0.0095423312796783,0.0089889580153577,0.0143270733723791,False,26.54,0.259999999999998,0.0069301974670456,26.28,0.0400000000000027,25.75,0.3299999999999983,24.74,0.509999999999998,24.71,0.26000000000000156
2024-07-01,BRN0W.ICE,84.84,84.9,86.88,84.85,86.64,0.0209944729962534,0.0212164073550211,0.0123173692501075,0.0102680350624907,0.0147512464533434,False,27.29,0.75,0.0209944729962534,26.54,0.259999999999998,26.24,0.48999999999999844,25.42,0.6800000000000033,24.17,-0.5399999999999991
2024-07-02,BRN0W.ICE,86.64,86.71,87.46,86.16,86.6,-0.0004617871243458,-0.0004616805170822,0.0116027360246796,0.0103293073780339,0.0145128515405766,False,25.82,-1.4699999999999989,0.0004617871243458,27.29,0.75,26.28,0.0400000000000027,25.75,0.3299999999999983,23.73,-0.4400000000000013
2024-07-03,BRN0W.ICE,86.6,86.44,87.39,85.89,87.07,0.0054125772721348,0.0054272517321016,0.0111166483514258,0.0097040532189649,0.0143240769029739,False,24.62,-1.1999999999999993,0.0054125772721348,25.82,-1.4699999999999989,26.54,0.259999999999998,26.24,0.48999999999999844,23.73,0.0
2024-07-04,BRN0W.ICE,87.07,87.09,87.59,86.51,87.55,0.0054976658913367,0.0055128057884461,0.0088012302062349,0.0097055580442767,0.0142989073966961,False,24.62,0.0,0.0054976658913367,24.62,-1.1999999999999993,27.29,0.75,26.28,0.0400000000000027,24.23,0.5
2024-07-05,BRN0W.ICE,87.55,87.45,87.95,86.49,86.86,-0.007912431625185,-0.0078812107367218,0.0102136750578537,0.0093279568859371,0.0143881812444499,False,23.78,-0.8399999999999999,0.007912431625185,24.62,0.0,25.82,-1.4699999999999989,26.54,0.259999999999998,24.74,0.509999999999998
2024-07-08,BRN0W.ICE,86.86,86.74,86.92,85.56,85.69,-0.0135614944256484,-0.0134699516463274,0.0115016710209769,0.0099395551853732,0.0145361064347857,False,23.81,0.029999999999997584,0.0135614944256484,23.78,-0.8399999999999999,24.62,-1.1999999999999993,27.29,0.75,25.42,0.6800000000000033
2024-07-09,BRN0W.ICE,85.69,85.67,85.85,84.53,85.04,-0.0076143986473348,-0.0075854825533899,0.0115773429282896,0.0101934061642207,0.0142581102955152,False,24.19,0.38000000000000256,0.0076143986473348,23.81,0.029999999999997584,24.62,0.0,25.82,-1.4699999999999989,25.75,0.3299999999999983
2024-07-10,BRN0W.ICE,85.04,84.92,85.66,84.0,85.45,0.0048096755279074,0.0048212605832549,0.0077464123882344,0.0102256633221454,0.0141014913953809,False,24.01,-0.17999999999999972,0.0048096755279074,24.19,0.38000000000000256,23.78,-0.8399999999999999,24.62,-1.1999999999999993,26.24,0.48999999999999844
2024-07-11,BRN0W.ICE,85.45,85.45,85.89,84.64,85.61,0.0018706891927942,0.0018724400234053,0.0078715436411728,0.0099725867122887,0.0136911688173357,False,24.01,0.0,0.0018706891927942,24.01,-0.17999999999999972,23.81,0.029999999999997584,24.62,0.0,26.28,0.0400000000000027
2024-07-12,BRN0W.ICE,85.61,85.69,86.35,84.95,85.27,-0.003979406000436,-0.0039714986566989,0.0072439893776377,0.0095542039244699,0.0136356028978606,False,24.12,0.10999999999999943,0.003979406000436,24.01,0.0,24.19,0.38000000000000256,23.78,-0.8399999999999999,26.54,0.259999999999998
2024-07-15,BRN0W.ICE,85.27,85.1,85.37,84.42,84.88,-0.0045841984482305,-0.0045737070481998,0.0062041492090917,0.008993800579965,0.0111854150676889,False,23.83,-0.2900000000000027,0.0045841984482305,24.12,0.10999999999999943,24.01,-0.17999999999999972,23.81,0.029999999999997584,27.29,0.75
2024-07-16,BRN0W.ICE,84.88,84.78,84.86,83.3,83.85,-0.0122090060365098,-0.0121347785108388,0.0067914697833146,0.0095539682424018,0.01114111318992,False,24.41,0.5800000000000018,0.0122090060365098,23.83,-0.2900000000000027,24.01,0.0,24.19,0.38000000000000256,25.82,-1.4699999999999989
2024-07-17,BRN0W.ICE,83.85,83.66,85.2,83.43,85.19,0.0158545677855313,0.0159809183064998,0.0092825716531477,0.0100627787376659,0.0109635224736502,False,25.28,0.870000000000001,0.0158545677855313,24.41,0.5800000000000018,24.12,0.10999999999999943,24.01,-0.17999999999999972,24.62,-1.1999999999999993
2024-07-18,BRN0W.ICE,85.19,85.23,85.81,84.22,84.86,-0.0038812162805702,-0.003873694095551,0.0089287233558912,0.0099381597986776,0.0106738909385716,False,25.68,0.3999999999999986,0.0038812162805702,25.28,0.870000000000001,23.83,-0.2900000000000027,24.01,0.0,24.62,0.0
2024-07-19,BRN0W.ICE,84.86,84.72,85.35,82.56,82.56,-0.0274775380409262,-0.0271034645298138,0.0131766500872424,0.0104955179623102,0.0118582557741002,False,26.83,1.1499999999999986,0.0274775380409262,25.68,0.3999999999999986,24.41,0.5800000000000018,24.12,0.10999999999999943,23.78,-0.8399999999999999
2024-07-22,BRN0W.ICE,82.56,82.8,83.22,81.6,82.26,-0.0036403389309745,-0.0036337209302325,0.0128645722038683,0.0104603307251198,0.0104838292708706,False,26.83,0.0,0.0036403389309745,26.83,1.1499999999999986,25.28,0.870000000000001,23.83,-0.2900000000000027,23.81,0.029999999999997584
2024-07-23,BRN0W.ICE,82.26,82.25,82.79,80.51,81.58,-0.0083008289128656,-0.0082664721614393,0.0128717921823515,0.0101825308706856,0.0105762294720015,False,26.74,-0.08999999999999986,0.0083008289128656,26.83,0.0,25.68,0.3999999999999986,24.41,0.5800000000000018,24.19,0.38000000000000256
2024-07-24,BRN0W.ICE,81.58,80.53,81.29,80.09,80.6,-0.0120854843768298,-0.0120127482226036,0.0130146752141565,0.0099152101743421,0.010765738233855,False,26.85,0.11000000000000298,0.0120854843768298,26.74,-0.08999999999999986,26.83,1.1499999999999986,25.28,0.870000000000001,24.01,-0.17999999999999972
2024-07-25,BRN0W.ICE,80.6,80.68,81.56,79.28,81.42,0.0101222935622502,0.0101736972704715,0.014309495996044,0.0107694972144454,0.0108316691005201,False,26.49,-0.360000000000003,0.0101222935622502,26.85,0.11000000000000298,26.83,0.0,25.68,0.3999999999999986,24.01,0.0
2024-07-26,BRN0W.ICE,81.42,81.43,81.72,79.42,79.85,-0.0194710684138114,-0.0192827315155982,0.0121190768213284,0.0112519369906591,0.0113596134160251,False,29.77,3.280000000000001,0.0194710684138114,26.49,-0.360000000000003,26.74,-0.08999999999999986,26.83,1.1499999999999986,24.12,0.10999999999999943
2024-07-29,BRN0W.ICE,79.85,80.6,80.86,78.64,79.13,-0.0090578050399194,-0.0090169067000626,0.0118928583708729,0.0112838895271787,0.0108234923257716,False,30.82,1.0500000000000007,0.0090578050399194,29.77,3.280000000000001,26.85,0.11000000000000298,26.83,0.0,23.83,-0.2900000000000027
2024-07-30,BRN0W.ICE,79.13,78.89,79.21,77.95,78.57,-0.0071021224333717,-0.0070769619613294,0.0090530488510345,0.0109187220481487,0.0105869656787713,False,31.49,0.6699999999999982,0.0071021224333717,30.82,1.0500000000000007,26.49,-0.360000000000003,26.74,-0.08999999999999986,24.41,0.5800000000000018
2024-07-31,BRN0W.ICE,78.57,78.56,81.59,78.46,81.51,0.036735764918636,0.0374188621611304,0.019002464188564,0.0157556339158507,0.0127800875248285,False,33.69,2.1999999999999993,0.036735764918636,31.49,0.6699999999999982,29.77,3.280000000000001,26.85,0.11000000000000298,25.28,0.870000000000001
2024-08-01,BRN0W.ICE,81.51,81.44,81.8,79.43,80.04,-0.0181992023908334,-0.0180345969819654,0.0199539841965579,0.0162394545822169,0.0131124089068985,False,33.42,-0.269999999999996,0.0181992023908334,33.69,2.1999999999999993,30.82,1.0500000000000007,26.49,-0.360000000000003,25.68,0.3999999999999986
2024-08-02,BRN0W.ICE,80.04,79.98,80.46,76.42,77.56,-0.0314746793410816,-0.0309845077461269,0.0226358297257194,0.0177659940985568,0.0141549968552964,False,38.83,5.409999999999997,0.0314746793410816,33.42,-0.269999999999996,31.49,0.6699999999999982,29.77,3.280000000000001,26.83,1.1499999999999986
2024-08-05,BRN0W.ICE,77.56,77.61,77.74,75.05,77.25,-0.0040049145965962,-0.0039969056214543,0.0216185393448432,0.0176963032028413,0.0138823809141761,False,43.63,4.800000000000004,0.0040049145965962,38.83,5.409999999999997,33.69,2.1999999999999993,30.82,1.0500000000000007,26.83,0.0
2024-08-06,BRN0W.ICE,77.25,77.45,77.85,75.58,76.11,-0.0148672534985546,-0.014757281553398,0.0212611026139572,0.0166722077872927,0.0139481513660193,False,40.42,-3.210000000000001,0.0148672534985546,43.63,4.800000000000004,33.42,-0.269999999999996,31.49,0.6699999999999982,26.74,-0.08999999999999986
2024-08-07,BRN0W.ICE,76.11,76.16,78.87,75.95,78.55,0.0315557024223298,0.0320588621731703,0.0256480288736843,0.0197582885883799,0.0152925569202117,False,38.01,-2.4100000000000037,0.0315557024223298,40.42,-3.210000000000001,38.83,5.409999999999997,33.69,2.1999999999999993,26.85,0.11000000000000298
2024-08-08,BRN0W.ICE,78.55,78.55,79.37,77.63,78.94,0.0049527055330709,0.0049649904519415,0.0255786234061268,0.018866805880967,0.0151429589759132,False,34.77,-3.239999999999995,0.0049527055330709,38.01,-2.4100000000000037,43.63,4.800000000000004,33.42,-0.269999999999996,26.49,-0.360000000000003
2024-08-09,BRN0W.ICE,78.94,79.03,79.83,78.77,79.46,0.0065656801517517,0.0065872814796046,0.0205331118260654,0.0190449295214625,0.0152112286518003,False,33.37,-1.4000000000000057,0.0065656801517517,34.77,-3.239999999999995,40.42,-3.210000000000001,38.83,5.409999999999997,29.77,3.280000000000001
2024-08-12,BRN0W.ICE,79.46,79.56,82.4,79.46,82.04,0.031953182817727,0.0324691668764158,0.0231844706928486,0.0210324493943548,0.015902895559885,False,35.17,1.8000000000000043,0.031953182817727,33.37,-1.4000000000000057,38.01,-2.4100000000000037,43.63,4.800000000000004,30.82,1.0500000000000007
2024-08-13,BRN0W.ICE,82.04,81.88,82.3,80.55,80.97,-0.013128217506157,-0.0130424183325208,0.0192758791070626,0.021081859024538,0.0160332433735451,False,33.26,-1.9100000000000037,0.013128217506157,35.17,1.8000000000000043,34.77,-3.239999999999995,40.42,-3.210000000000001,31.49,0.6699999999999982
2024-08-14,BRN0W.ICE,80.97,81.0,81.44,79.6,80.03,-0.0116771513190681,-0.0116092379893787,0.020147714617923,0.0211077755651893,0.0160555291279585,False,31.51,-1.7499999999999964,0.0116771513190681,33.26,-1.9100000000000037,33.37,-1.4000000000000057,38.01,-2.4100000000000037,33.69,2.1999999999999993
2024-08-15,BRN0W.ICE,80.03,79.19,80.56,78.86,80.11,0.0009991258480705,0.0009996251405721,0.0183453482078576,0.0204456059543944,0.0159961576953049,False,31.14,-0.370000000000001,0.0009991258480705,31.51,-1.7499999999999964,35.17,1.8000000000000043,34.77,-3.239999999999995,33.42,-0.269999999999996
2024-08-16,BRN0W.ICE,80.11,79.99,80.12,77.88,78.8,-0.016487693363192,-0.0163525152914743,0.016677075607098,0.0207986760031658,0.0161634433765458,False,31.0,-0.14000000000000057,0.016487693363192,31.14,-0.370000000000001,33.26,-1.9100000000000037,33.37,-1.4000000000000057,38.83,5.409999999999997
2024-08-19,BRN0W.ICE,78.8,78.79,79.02,76.9,77.19,-0.0206430819020709,-0.0204314720812183,0.0182574317303739,0.0214442382953367,0.0163696790459358,False,32.03,1.0300000000000011,0.0206430819020709,31.0,-0.14000000000000057,31.51,-1.7499999999999964,35.17,1.8000000000000043,43.63,4.800000000000004
2024-08-20,BRN0W.ICE,77.19,77.12,77.74,76.1,76.53,-0.0085870941399327,-0.0085503303536726,0.0177987622023017,0.0184825984192192,0.016379106430574,False,32.05,0.01999999999999602,0.0085870941399327,32.03,1.0300000000000011,31.14,-0.370000000000001,33.26,-1.9100000000000037,40.42,-3.210000000000001
2024-08-21,BRN0W.ICE,76.53,76.52,77.53,75.1,75.51,-0.0134177230064954,-0.0133281066248529,0.0068153569402781,0.0182527925628759,0.0163977303592084,False,32.7,0.6500000000000057,0.0134177230064954,32.05,0.01999999999999602,31.0,-0.14000000000000057,31.51,-1.7499999999999964,38.01,-2.4100000000000037
2024-08-22,BRN0W.ICE,75.51,75.41,77.01,75.21,76.47,0.0126334092407994,0.0127135478744535,0.0114136552780085,0.0169347923969485,0.0166491751956216,False,31.73,-0.9700000000000024,0.0126334092407994,32.7,0.6500000000000057,32.03,1.0300000000000011,31.14,-0.370000000000001,34.77,-3.239999999999995
2024-08-23,BRN0W.ICE,76.47,76.56,78.37,76.38,78.22,0.0226268622712343,0.0228847914214724,0.016070524126414,0.0180327802483666,0.0173319136209832,False,30.54,-1.1900000000000013,0.0226268622712343,31.73,-0.9700000000000024,32.05,0.01999999999999602,31.0,-0.14000000000000057,33.37,-1.4000000000000057
2024-08-26,BRN0W.ICE,78.22,78.4,80.53,78.31,80.18,0.0247487378869929,0.0250575300434672,0.0193033818797921,0.0184726348796232,0.0180449850096036,False,30.99,0.4499999999999993,0.0247487378869929,30.54,-1.1900000000000013,32.7,0.6500000000000057,32.03,1.0300000000000011,35.17,1.8000000000000043
2024-08-27,BRN0W.ICE,80.18,80.16,80.46,78.56,78.96,-0.0153327120891349,-0.0152157645298081,0.0191419806873047,0.0172478225851992,0.0181154033804761,False,31.25,0.26000000000000156,0.0153327120891349,30.99,0.4499999999999993,31.73,-0.9700000000000024,32.05,0.01999999999999602,33.26,-1.9100000000000037
2024-08-28,BRN0W.ICE,78.96,78.93,79.11,77.14,77.42,-0.019696249975724,-0.0195035460992907,0.0189720020959854,0.0179864969019619,0.0180696941448921,False,32.12,0.8699999999999974,0.019696249975724,31.25,0.26000000000000156,30.54,-1.1900000000000013,32.7,0.6500000000000057,31.51,-1.7499999999999964
2024-08-29,BRN0W.ICE,77.42,77.47,79.57,77.01,78.76,0.0171601086214227,0.0173081890984241,0.0194240524089119,0.0185606147969337,0.018446293978172,False,31.81,-0.3099999999999987,0.0171601086214227,32.12,0.8699999999999974,30.99,0.4499999999999993,31.73,-0.9700000000000024,31.14,-0.370000000000001
2024-08-30,BRN0W.ICE,78.76,78.66,79.52,76.7,77.05,-0.0219506920048001,-0.021711528694769,0.0209172331121764,0.0167873517163563,0.0182142352668302,False,33.36,1.5500000000000007,0.0219506920048001,31.81,-0.3099999999999987,31.25,0.26000000000000156,30.54,-1.1900000000000013,31.0,-0.14000000000000057
2024-09-02,BRN0W.ICE,77.05,76.95,77.63,76.21,77.28,0.0029806281381379,0.0029850746268658,0.0204810292590648,0.0167010035632537,0.0182375617828294,False,33.36,0.0,0.0029806281381379,33.36,1.5500000000000007,32.12,0.8699999999999974,30.99,0.4499999999999993,32.03,1.0300000000000011
2024-09-03,BRN0W.ICE,77.28,77.16,77.55,73.51,73.72,-0.0471610571026401,-0.0460662525879917,0.0249778440063531,0.0203572645917878,0.0199903320948228,False,35.36,2.0,0.0471610571026401,33.36,0.0,31.81,-0.3099999999999987,31.25,0.26000000000000156,32.05,0.01999999999999602
2024-09-04,BRN0W.ICE,73.72,73.67,74.8,72.35,72.78,-0.0128329406176087,-0.0127509495387954,0.0202383882007314,0.020334079506836,0.0200020226824758,False,37.95,2.5900000000000034,0.0128329406176087,35.36,2.0,33.36,1.5500000000000007,32.12,0.8699999999999974,32.7,0.6500000000000057
2024-09-05,BRN0W.ICE,72.78,72.76,74.2,72.37,72.86,0.0010985993964039,0.0010992030777685,0.0209749729539206,0.0202361549552739,0.0198589705286649,False,36.61,-1.3400000000000034,0.0010985993964039,37.95,2.5900000000000034,33.36,0.0,31.81,-0.3099999999999987,31.73,-0.9700000000000024
2024-09-06,BRN0W.ICE,72.86,72.81,73.53,70.61,71.47,-0.0192620103485301,-0.0190776832281086,0.0209472674744353,0.0201603957972438,0.0198532824044115,False,37.58,0.9699999999999989,0.0192620103485301,36.61,-1.3400000000000034,35.36,2.0,33.36,1.5500000000000007,30.54,-1.1900000000000013
2024-09-09,BRN0W.ICE,71.47,71.66,72.21,70.65,71.91,0.0061375558825151,0.0061564292710227,0.0187382425511672,0.0203699240293381,0.0199055329944433,False,37.0,-0.5799999999999983,0.0061375558825151,37.58,0.9699999999999989,37.95,2.5900000000000034,33.36,0.0,30.99,0.4499999999999993
2024-09-10,BRN0W.ICE,71.91,71.92,72.28,68.68,69.71,-0.0310715576160953,-0.0305937978028091,0.0197540657197686,0.0214838892534582,0.0205389786506172,False,40.23,3.229999999999997,0.0310715576160953,37.0,-0.5799999999999983,36.61,-1.3400000000000034,35.36,2.0,31.25,0.26000000000000156
2024-09-11,BRN0W.ICE,69.71,69.68,71.09,69.0,70.72,0.0143846388310807,0.0144885956103859,0.0217829574918297,0.0216036634765093,0.0193836999479929,False,37.76,-2.469999999999999,0.0143846388310807,40.23,3.229999999999997,37.58,0.9699999999999989,37.95,2.5900000000000034,32.12,0.8699999999999974
2024-09-12,BRN0W.ICE,70.72,70.15,72.25,70.14,71.69,0.0136228495353929,0.0137160633484163,0.0174219387908508,0.0208190087527269,0.0194917897827501,False,36.07,-1.6899999999999977,0.0136228495353929,37.76,-2.469999999999999,37.0,-0.5799999999999983,36.61,-1.3400000000000034,31.81,-0.3099999999999987
2024-09-13,BRN0W.ICE,71.69,71.74,72.57,70.9,71.48,-0.0029335775735534,-0.0029292788394474,0.016980588570866,0.0188745532213939,0.0187712163549265,False,35.22,-0.8500000000000014,0.0029335775735534,36.07,-1.6899999999999977,40.23,3.229999999999997,37.58,0.9699999999999989,33.36,1.5500000000000007
2024-09-16,BRN0W.ICE,71.69,71.42,72.72,70.92,72.36,0.012235970235867,0.0123111359820928,0.0178800956462483,0.019501324102344,0.0189660978236594,False,34.71,-0.509999999999998,0.012235970235867,35.22,-0.8500000000000014,37.76,-2.469999999999999,37.0,-0.5799999999999983,33.36,0.0
2024-09-17,BRN0W.ICE,71.69,72.31,73.55,71.62,73.05,0.0094904776696139,0.0095356550580429,0.0162054506949286,0.0195116331946562,0.0189255521421765,False,35.29,0.5799999999999983,0.0094904776696139,34.71,-0.509999999999998,36.07,-1.6899999999999977,40.23,3.229999999999997,35.36,2.0
2024-09-18,BRN0W.ICE,71.48,73.02,73.33,71.65,72.08,-0.0133675248966259,-0.0132785763175906,0.0172444666092153,0.0186329331004716,0.0179845538474569,False,36.19,0.8999999999999986,0.0133675248966259,35.29,0.5799999999999983,35.22,-0.8500000000000014,37.76,-2.469999999999999,37.95,2.5900000000000034
2024-09-19,BRN0W.ICE,72.08,72.41,74.35,72.16,74.03,0.0266938031549244,0.0270532741398445,0.0130107955134639,0.0199827341898059,0.0187329180118894,False,33.72,-2.469999999999999,0.0266938031549244,36.19,0.8999999999999986,34.71,-0.509999999999998,36.07,-1.6899999999999977,36.61,-1.3400000000000034
2024-09-20,BRN0W.ICE,74.03,73.89,74.16,73.2,73.93,-0.0013517168859981,-0.0013508037282181,0.0132007161858184,0.0199188382919967,0.0186616682546338,False,32.22,-1.5,0.0013517168859981,33.72,-2.469999999999999,35.29,0.5799999999999983,35.22,-0.8500000000000014,37.58,0.9699999999999989
2024-09-23,BRN0W.ICE,73.93,73.94,74.44,72.41,73.62,-0.0042019716181336,-0.0041931556878128,0.0132810008223657,0.0154210730706172,0.0174974729597961,False,34.39,2.1700000000000017,0.0042019716181336,32.22,-1.5,36.19,0.8999999999999986,34.71,-0.509999999999998,37.0,-0.5799999999999983
2024-09-24,BRN0W.ICE,73.62,73.43,75.12,73.26,74.47,0.011479631771679,0.0115457756044552,0.0131808610152059,0.0152444544028596,0.0176122849156158,False,33.76,-0.6300000000000026,0.011479631771679,34.39,2.1700000000000017,33.72,-2.469999999999999,35.29,0.5799999999999983,40.23,3.229999999999997
2024-09-25,BRN0W.ICE,74.47,74.44,74.67,72.5,73.11,-0.0184312034173295,-0.018262387538606,0.015583668591293,0.0161636269736264,0.0177722546013841,False,34.4,0.6400000000000006,0.0184312034173295,33.76,-0.6300000000000026,32.22,-1.5,36.19,0.8999999999999986,37.76,-2.469999999999999
2024-09-26,BRN0W.ICE,73.11,72.89,73.28,70.25,70.89,-0.0308357764382983,-0.0303652031185883,0.0191675589937608,0.0174803899428175,0.0184613923179855,False,39.76,5.359999999999999,0.0308357764382983,34.4,0.6400000000000006,34.39,2.1700000000000017,33.72,-2.469999999999999,36.07,-1.6899999999999977
2024-09-27,BRN0W.ICE,70.89,70.71,72.0,70.44,71.98,0.0152589227839585,0.0153759345464805,0.0199455029401674,0.0179146964593425,0.0186344536089518,False,39.62,-0.14000000000000057,0.0152589227839585,39.76,5.359999999999999,33.76,-0.6300000000000026,32.22,-1.5,35.22,-0.8500000000000014
2024-09-30,BRN0W.ICE,71.98,71.88,72.79,71.03,72.0,0.0002778163651705,0.0002778549597108,0.0161466821833899,0.0155223209433704,0.0183412584249829,False,39.86,0.240000000000002,0.0002778163651705,39.62,-0.14000000000000057,34.4,0.6400000000000006,34.39,2.1700000000000017,34.71,-0.509999999999998
2024-10-01,BRN0W.ICE,71.98,71.85,75.45,69.91,74.47,0.0337302407064988,0.0343055555555555,0.021614299239674,0.0174245691697726,0.0194371784337131,False,42.87,3.009999999999998,0.0337302407064988,39.86,0.240000000000002,39.76,5.359999999999999,33.76,-0.6300000000000026,35.29,0.5799999999999983
2024-10-02,BRN0W.ICE,71.98,74.47,76.14,73.59,74.66,0.0025481137638835,0.0025513629649522,0.0214917005290912,0.0171887646894741,0.0193009891941739,False,46.52,3.6500000000000057,0.0025481137638835,42.87,3.009999999999998,39.62,-0.14000000000000057,34.4,0.6400000000000006,36.19,0.8999999999999986
2024-10-03,BRN0W.ICE,71.98,74.59,77.99,74.31,77.88,0.0422247070175612,0.0431288507902491,0.0263446451468531,0.020014765330641,0.0206946476673861,False,54.5,7.979999999999997,0.0422247070175612,46.52,3.6500000000000057,39.86,0.240000000000002,39.76,5.359999999999999,33.72,-2.469999999999999
2024-10-04,BRN0W.ICE,71.98,77.79,79.3,77.39,78.14,0.0033329091229255,0.0033384694401643,0.0241162506581675,0.0199469927672213,0.0202824967466999,False,46.37,-8.130000000000003,0.0033329091229255,54.5,7.979999999999997,42.87,3.009999999999998,39.62,-0.14000000000000057,32.22,-1.5
2024-10-07,BRN0W.ICE,71.98,78.07,81.16,77.23,81.14,0.0376739681513765,0.0383926286153057,0.0181893915831276,0.0217248297689636,0.0209532743107129,False,48.32,1.9500000000000028,0.0376739681513765,46.37,-8.130000000000003,46.52,3.6500000000000057,39.86,0.240000000000002,34.39,2.1700000000000017
2024-10-08,BRN0W.ICE,72.0,80.96,81.14,76.36,77.44,-0.0466726148099796,-0.0456001971900419,0.0310169445974909,0.0256540996810186,0.0224894762774796,False,52.35,4.030000000000001,0.0466726148099796,48.32,1.9500000000000028,54.5,7.979999999999997,42.87,3.009999999999998,33.76,-0.6300000000000026
2024-10-09,BRN0W.ICE,77.44,77.49,78.02,75.15,76.76,-0.0088197718288223,-0.0087809917355371,0.0316971122715421,0.0251071027662674,0.0222582933303301,False,48.8,-3.5500000000000043,0.0088197718288223,52.35,4.030000000000001,46.37,-8.130000000000003,46.52,3.6500000000000057,34.4,0.6400000000000006
2024-10-10,BRN0W.ICE,76.76,76.76,79.72,76.72,79.3,0.0325544575013031,0.0330901511203751,0.0315478830780266,0.0263047342793472,0.0228440948640984,False,52.36,3.5600000000000023,0.0325544575013031,48.8,-3.5500000000000043,48.32,1.9500000000000028,54.5,7.979999999999997,39.76,5.359999999999999
2024-10-11,BRN0W.ICE,79.3,79.14,79.5,78.04,78.79,-0.0064520433832055,-0.0064312736443883,0.0320332474398223,0.0263721259702965,0.0224978592546493,False,52.68,0.3200000000000003,0.0064520433832055,52.36,3.5600000000000023,52.35,4.030000000000001,46.37,-8.130000000000003,39.62,-0.14000000000000057
2024-10-14,BRN0W.ICE,78.79,78.55,78.55,74.86,75.19,-0.0467678418676612,-0.0456910775479122,0.0336617920944836,0.0296378284572075,0.0241034911492818,False,51.62,-1.0600000000000023,0.0467678418676612,52.68,0.3200000000000003,48.8,-3.5500000000000043,48.32,1.9500000000000028,39.86,0.240000000000002
2024-10-15,BRN0W.ICE,75.19,74.94,75.25,73.05,74.39,-0.0106967191866855,-0.0106397127277563,0.0334987289617008,0.0293244679083735,0.0225609920950506,False,48.64,-2.979999999999997,0.0106967191866855,51.62,-1.0600000000000023,52.36,3.5600000000000023,52.35,4.030000000000001,42.87,3.009999999999998
2024-10-16,BRN0W.ICE,74.39,74.31,74.52,73.05,74.16,-0.0030966029456503,-0.0030918134157817,0.027425341051328,0.0278926802725005,0.0224352130169988,False,47.84,-0.7999999999999972,0.0030966029456503,48.64,-2.979999999999997,52.68,0.3200000000000003,48.8,-3.5500000000000043,46.52,3.6500000000000057
2024-10-17,BRN0W.ICE,74.16,74.1,74.48,72.83,73.94,-0.0029709677491138,-0.0029665587918015,0.0230712763874099,0.0277124188779062,0.0224445589006108,False,46.88,-0.9600000000000009,0.0029709677491138,47.84,-0.7999999999999972,51.62,-1.0600000000000023,52.36,3.5600000000000023,54.5,7.979999999999997
2024-10-18,BRN0W.ICE,73.94,74.07,74.48,72.13,72.81,-0.015400645101866,-0.0152826616175276,0.0233093215892548,0.0280979519753429,0.0223381987216019,False,47.22,0.3399999999999963,0.015400645101866,46.88,-0.9600000000000009,48.64,-2.979999999999997,52.68,0.3200000000000003,46.37,-8.130000000000003
2024-10-21,BRN0W.ICE,72.81,72.78,74.21,72.43,73.7,0.0121494907886711,0.0122235956599368,0.0181672019846786,0.0267100357410334,0.022416242038299,False,46.82,-0.3999999999999986,0.0121494907886711,47.22,0.3399999999999963,47.84,-0.7999999999999972,51.62,-1.0600000000000023,48.32,1.9500000000000028
2024-10-22,BRN0W.ICE,73.7,73.84,75.91,73.23,75.18,0.0198824389407411,0.0200814111261873,0.021548110729888,0.0272702031669453,0.0218395034120731,False,47.69,0.8699999999999974,0.0198824389407411,46.82,-0.3999999999999986,46.88,-0.9600000000000009,48.64,-2.979999999999997,52.35,4.030000000000001
2024-10-23,BRN0W.ICE,75.18,75.33,75.64,74.08,74.78,-0.0053347685870643,-0.0053205639797819,0.0124975037160119,0.0244929473206167,0.0217666640957781,False,47.78,0.09000000000000341,0.0053347685870643,47.69,0.8699999999999974,47.22,0.3399999999999963,47.84,-0.7999999999999972,48.8,-3.5500000000000043
2024-10-24,BRN0W.ICE,74.78,74.91,76.08,73.64,74.17,-0.0081907138005009,-0.0081572612998127,0.0121984382102883,0.0244609335411364,0.0217245019345311,False,46.66,-1.1200000000000045,0.0081907138005009,47.78,0.09000000000000341,46.82,-0.3999999999999986,46.88,-0.9600000000000009,52.36,3.5600000000000023
2024-10-25,BRN0W.ICE,74.17,74.3,75.73,73.81,75.46,0.0172429587876975,0.0173924767426181,0.0137759095276217,0.0223165538075483,0.0219058051207798,False,48.97,2.3100000000000023,0.0172429587876975,46.66,-1.1200000000000045,47.69,0.8699999999999974,47.22,0.3399999999999963,52.68,0.3200000000000003
2024-10-28,BRN0W.ICE,75.46,72.36,72.92,70.82,71.64,-0.0519491373436533,-0.0506228465412138,0.0249299906236305,0.0231018775167664,0.0238960337095271,False,42.96,-6.009999999999998,0.0519491373436533,48.97,2.3100000000000023,47.78,0.09000000000000341,46.82,-0.3999999999999986,51.62,-1.0600000000000023
2024-10-29,BRN0W.ICE,71.64,71.56,72.11,70.28,71.0,-0.0089737001511956,-0.0089335566722501,0.0245781069223917,0.0231035844860832,0.0238720560651007,False,42.47,-0.490000000000002,0.0089737001511956,42.96,-6.009999999999998,46.66,-1.1200000000000045,47.69,0.8699999999999974,48.64,-2.979999999999997
2024-10-30,BRN0W.ICE,71.0,70.96,72.74,70.71,72.67,0.0232487675872292,0.0235211267605635,0.0260756160364429,0.0220312942886636,0.0241496649413171,False,41.13,-1.3399999999999963,0.0232487675872292,42.47,-0.490000000000002,48.97,2.3100000000000023,47.78,0.09000000000000341,47.84,-0.7999999999999972
2024-10-31,BRN0W.ICE,72.67,72.51,74.28,71.82,74.06,0.018946930856922,0.0191275629558276,0.0259467867076966,0.0230350688489575,0.0238974965965968,False,48.79,7.659999999999997,0.018946930856922,41.13,-1.3399999999999963,42.96,-6.009999999999998,46.66,-1.1200000000000045,46.88,-0.9600000000000009
2024-11-01,BRN0W.ICE,74.06,74.11,74.94,72.89,72.94,-0.0152383901049324,-0.0151228733459357,0.0264155260909151,0.0199051884238491,0.0240587989897386,False,44.14,-4.649999999999999,0.0152383901049324,48.79,7.659999999999997,42.47,-0.490000000000002,48.97,2.3100000000000023,47.22,0.3399999999999963
2024-11-04,BRN0W.ICE,72.94,74.0,75.4,73.88,75.2,0.03051404557526,0.0309843707156567,0.0291895945325867,0.0215282531418693,0.0246984762232888,False,45.75,1.6099999999999994,0.03051404557526,44.14,-4.649999999999999,41.13,-1.3399999999999963,42.96,-6.009999999999998,46.82,-0.3999999999999986
2024-11-05,BRN0W.ICE,75.2,75.0,76.24,74.9,75.54,0.0045110863285167,0.0045212765957447,0.0284670469273979,0.0215190629321415,0.0246263394721705,False,45.61,-0.14000000000000057,0.0045110863285167,45.75,1.6099999999999994,48.79,7.659999999999997,42.47,-0.490000000000002,47.69,0.8699999999999974
2024-11-06,BRN0W.ICE,75.54,75.3,75.98,73.34,75.16,-0.0050431427390463,-0.0050304474450623,0.0176089284079022,0.0215579162059578,0.0243920971760844,False,44.74,-0.8699999999999974,0.0050431427390463,45.61,-0.14000000000000057,44.14,-4.649999999999999,41.13,-1.3399999999999963,47.78,0.09000000000000341
2024-11-07,BRN0W.ICE,75.16,74.99,76.08,74.02,75.57,0.0054402044873639,0.0054550292708888,0.0162393548138039,0.0210390420501417,0.0236513942983856,False,42.55,-2.190000000000005,0.0054402044873639,44.74,-0.8699999999999974,45.75,1.6099999999999994,48.79,7.659999999999997,46.66,-1.1200000000000045
2024-11-08,BRN0W.ICE,75.57,75.55,75.61,73.44,73.9,-0.0223465510784722,-0.0220987164218603,0.0185148811413586,0.0218464015378203,0.0239265645242637,False,38.76,-3.789999999999999,0.0223465510784722,42.55,-2.190000000000005,45.61,-0.14000000000000057,44.14,-4.649999999999999,48.97,2.3100000000000023
2024-11-11,BRN0W.ICE,73.9,73.85,74.13,71.57,71.9,-0.0274365632271551,-0.027063599458728,0.0198564346634123,0.0222231455206803,0.0244791656611024,False,37.74,-1.019999999999996,0.0274365632271551,38.76,-3.789999999999999,44.74,-0.8699999999999974,45.75,1.6099999999999994,42.96,-6.009999999999998
2024-11-12,BRN0W.ICE,71.9,71.97,72.82,71.55,71.79,-0.0015310741386093,-0.0015299026425591,0.0192565320895563,0.0222181100757064,0.0236333775456303,False,34.32,-3.4200000000000017,0.0015310741386093,37.74,-1.019999999999996,42.55,-2.190000000000005,45.61,-0.14000000000000057,42.47,-0.490000000000002
2024-11-13,BRN0W.ICE,71.79,71.78,72.63,70.72,72.03,0.0033375083128798,0.0033430839949852,0.0133916019495919,0.0222211567207007,0.0236381585243765,False,37.12,2.799999999999997,0.0033375083128798,34.32,-3.4200000000000017,38.76,-3.789999999999999,44.74,-0.8699999999999974,41.13,-1.3399999999999963
2024-11-14,BRN0W.ICE,72.03,72.12,73.22,71.79,72.41,0.0052617124994578,0.0052755796196028,0.0134938376071929,0.0216424424088509,0.0222175456288826,False,30.9,-6.219999999999999,0.0052617124994578,37.12,2.799999999999997,37.74,-1.019999999999996,42.55,-2.190000000000005,48.79,7.659999999999997
2024-11-15,BRN0W.ICE,72.41,71.99,72.2,70.58,70.78,-0.022767936483412,-0.0225107029415826,0.0148675199860172,0.017584905970473,0.0224935267721548,False,35.07,4.170000000000002,0.022767936483412,30.9,-6.219999999999999,34.32,-3.4200000000000017,38.76,-3.789999999999999,44.14,-4.649999999999999
2024-11-18,BRN0W.ICE,70.78,70.6,73.17,70.45,72.82,0.0284141678299699,0.0288217010454929,0.020094556625822,0.0190373565033833,0.0219693468405254,False,36.89,1.8200000000000003,0.0284141678299699,35.07,4.170000000000002,37.12,2.799999999999997,37.74,-1.019999999999996,45.75,1.6099999999999994
2024-11-19,BRN0W.ICE,72.82,72.86,73.6,72.36,72.98,0.0021947882610142,0.0021971985718209,0.0187175289882683,0.0180176184847457,0.0204233187569919,False,37.28,0.39000000000000057,0.0021947882610142,36.89,1.8200000000000003,30.9,-6.219999999999999,34.32,-3.4200000000000017,45.61,-0.14000000000000057
2024-11-20,BRN0W.ICE,72.98,73.05,73.6,72.39,72.77,-0.0028816486493065,-0.0028775006851192,0.0150519530565635,0.0172064537253436,0.0203834527041741,False,36.74,-0.5399999999999991,0.0028816486493065,37.28,0.39000000000000057,35.07,4.170000000000002,37.12,2.799999999999997,44.74,-0.8699999999999974
2024-11-21,BRN0W.ICE,72.77,72.76,73.99,72.58,73.86,0.0148676270654221,0.014978700013742,0.015723125600421,0.0172057177161492,0.0195967572467406,False,36.91,0.1699999999999946,0.0148676270654221,36.74,-0.5399999999999991,36.89,1.8200000000000003,30.9,-6.219999999999999,42.55,-2.190000000000005
2024-11-22,BRN0W.ICE,73.86,73.8,74.86,72.95,74.73,0.0117102085177817,0.011779041429732,0.01597536804139,0.0153495517059777,0.0197462412486345,False,35.74,-1.1699999999999946,0.0117102085177817,36.91,0.1699999999999946,37.28,0.39000000000000057,35.07,4.170000000000002,38.76,-3.789999999999999
2024-11-25,BRN0W.ICE,74.73,74.8,74.83,72.3,72.55,-0.0296056386120019,-0.0291716847317008,0.0207082955270676,0.0171090646755623,0.018613568007775,False,37.44,1.6999999999999957,0.0296056386120019,35.74,-1.1699999999999946,36.74,-0.5399999999999991,36.89,1.8200000000000003,37.74,-1.019999999999996
2024-11-26,BRN0W.ICE,72.55,72.28,73.8,71.63,72.39,-0.0022078110251467,-0.0022053756030323,0.0182014718927425,0.0170983276793935,0.0185284148989233,False,38.74,1.3000000000000043,0.0022078110251467,37.44,1.6999999999999957,36.91,0.1699999999999946,37.28,0.39000000000000057,34.32,-3.4200000000000017
2024-11-27,BRN0W.ICE,72.39,72.38,72.85,71.71,72.38,-0.0001381501694537,-0.0001381406271585,0.0144189479219415,0.0169589150051011,0.0185242396403427,False,37.0,-1.740000000000002,0.0001381501694537,38.74,1.3000000000000043,35.74,-1.1699999999999946,36.74,-0.5399999999999991,37.12,2.799999999999997
2024-11-28,BRN0W.ICE,72.38,72.3,72.96,71.85,72.69,0.0042738053609476,0.0042829510914617,0.0145135984469672,0.0161034135257156,0.0185423089819108,False,37.0,0.0,0.0042738053609476,37.0,-1.740000000000002,37.44,1.6999999999999957,36.91,0.1699999999999946,30.9,-6.219999999999999
2024-11-29,BRN0W.ICE,72.69,72.46,73.34,71.75,72.09,-0.0082884850800567,-0.008254230293025,0.0147982838415858,0.0144277062957186,0.0183909804423264,False,34.95,-2.049999999999997,0.0082884850800567,37.0,0.0,38.74,1.3000000000000043,35.74,-1.1699999999999946,35.07,4.170000000000002
2024-12-02,BRN0W.ICE,72.09,72.0,72.89,71.52,71.93,-0.0022219145372223,-0.0022194479123317,0.0129760216078863,0.0144352194747237,0.0182412353846297,False,34.71,-0.240000000000002,0.0022219145372223,34.95,-2.049999999999997,37.0,-1.740000000000002,37.44,1.6999999999999957,36.89,1.8200000000000003
2024-12-03,BRN0W.ICE,71.93,71.93,73.93,71.68,73.69,0.0241736808996429,0.0244682330043095,0.015966618403757,0.0157999528839078,0.018424995691957,False,34.55,-0.1600000000000037,0.0241736808996429,34.71,-0.240000000000002,37.0,0.0,38.74,1.3000000000000043,37.28,0.39000000000000057
2024-12-04,BRN0W.ICE,73.69,73.62,74.28,72.25,72.5,-0.0162805429182788,-0.0161487311711222,0.0125575332161453,0.0164542291684018,0.0186278699054091,False,33.82,-0.7299999999999969,0.0162805429182788,34.55,-0.1600000000000037,34.95,-2.049999999999997,37.0,-1.740000000000002,36.74,-0.5399999999999991
2024-12-05,BRN0W.ICE,72.5,72.52,72.92,71.8,72.17,-0.0045621147764472,-0.004551724137931,0.0126545956168434,0.0151788561042744,0.0185915304785366,False,29.45,-4.370000000000001,0.0045621147764472,33.82,-0.7299999999999969,34.71,-0.240000000000002,37.0,0.0,36.91,0.1699999999999946
2024-12-06,BRN0W.ICE,72.17,72.12,72.19,70.85,71.05,-0.0156405925410722,-0.0155189136760427,0.0138902128881846,0.0136331026591751,0.018453150309939,False,30.98,1.5300000000000011,0.0156405925410722,29.45,-4.370000000000001,34.55,-0.1600000000000037,34.95,-2.049999999999997,35.74,-1.1699999999999946
2024-12-09,BRN0W.ICE,71.05,70.92,72.65,70.92,71.9,0.0118924101838914,0.0119634060520761,0.0147922866713975,0.0140881397718665,0.0160152944767893,False,27.7,-3.280000000000001,0.0118924101838914,30.98,1.5300000000000011,33.82,-0.7299999999999969,34.71,-0.240000000000002,37.44,1.6999999999999957
2024-12-10,BRN0W.ICE,71.9,71.94,72.72,71.53,72.06,0.0022228405929461,0.0022253129346314,0.0145266797463415,0.014103550603651,0.0159262642855201,False,28.61,0.9100000000000001,0.0022228405929461,27.7,-3.280000000000001,29.45,-4.370000000000001,34.55,-0.1600000000000037,38.74,1.3000000000000043
2024-12-11,BRN0W.ICE,72.06,72.15,73.75,72.15,73.64,0.0216892510449299,0.0219261726339161,0.0165971843361187,0.0147841912092582,0.0158518018094988,False,31.99,3.379999999999999,0.0216892510449299,28.61,0.9100000000000001,30.98,1.5300000000000011,33.82,-0.7299999999999969,37.0,-1.740000000000002
2024-12-12,BRN0W.ICE,73.64,73.18,73.57,72.08,72.98,-0.0090029253565754,-0.0089625203693644,0.0142299750141412,0.0145334931928119,0.0155450876973743,False,33.64,1.6500000000000021,0.0090029253565754,31.99,3.379999999999999,27.7,-3.280000000000001,29.45,-4.370000000000001,37.0,0.0
2024-12-13,BRN0W.ICE,72.98,73.0,74.2,72.95,73.96,0.0133389755106222,0.013428336530556,0.0134438819693331,0.0125911120285038,0.0154856188863769,False,34.92,1.2800000000000011,0.0133389755106222,33.64,1.6500000000000021,28.61,0.9100000000000001,30.98,1.5300000000000011,34.95,-2.049999999999997
2024-12-16,BRN0W.ICE,73.96,74.2,74.2,73.34,73.52,-0.0059669284714925,-0.0059491617090319,0.0135827080571933,0.0127128841584168,0.0144416032270113,False,33.41,-1.5100000000000051,0.0059669284714925,34.92,1.2800000000000011,31.99,3.379999999999999,27.7,-3.280000000000001,34.71,-0.240000000000002
2024-12-17,BRN0W.ICE,73.52,73.53,73.79,72.17,72.99,-0.0072350325838907,-0.007208922742111,0.0119725745422183,0.0129063468358794,0.0144531840762457,False,30.71,-2.6999999999999957,0.0072350325838907,33.41,-1.5100000000000051,33.64,1.6500000000000021,28.61,0.9100000000000001,34.55,-0.1600000000000037
2024-12-18,BRN0W.ICE,72.99,72.92,73.81,72.43,72.6,-0.0053575236327905,-0.0053431976983148,0.0118151635922204,0.0129520363187561,0.0144562218136267,False,32.6,1.8900000000000006,0.0053575236327905,30.71,-2.6999999999999957,34.92,1.2800000000000011,31.99,3.379999999999999,33.82,-0.7299999999999969
2024-12-19,BRN0W.ICE,72.6,72.6,73.45,72.14,72.26,-0.004694196111256,-0.0046831955922863,0.0120207847819426,0.0128118575899939,0.014415139195095,False,30.5,-2.1000000000000014,0.004694196111256,32.6,1.8900000000000006,33.41,-1.5100000000000051,33.64,1.6500000000000021,29.45,-4.370000000000001
2024-12-20,BRN0W.ICE,72.26,72.17,72.89,71.59,72.6,0.004694196111256,0.0047052311098807,0.0080705638822854,0.0128458997753355,0.0139025250467144,False,29.27,-1.2300000000000004,0.004694196111256,30.5,-2.1000000000000014,30.71,-2.6999999999999957,34.92,1.2800000000000011,30.98,1.5300000000000011
2024-12-23,BRN0W.ICE,72.6,72.51,73.0,71.69,72.65,0.0006884681855417,0.0006887052341599,0.0074854525844284,0.0109299846220816,0.0129451694878901,False,30.16,0.8900000000000006,0.0006884681855417,29.27,-1.2300000000000004,32.6,1.8900000000000006,33.41,-1.5100000000000051,27.7,-3.280000000000001
2024-12-24,BRN0W.ICE,72.65,72.64,73.41,72.46,73.23,0.0079517830566865,0.0079834824501032,0.0059213301326804,0.0102224313252633,0.0130133536706492,False,30.35,0.19000000000000128,0.0079517830566865,30.16,0.8900000000000006,30.5,-2.1000000000000014,30.71,-2.6999999999999957,28.61,0.9100000000000001
2024-12-26,BRN0W.ICE,73.23,73.37,73.75,72.57,72.87,-0.0049281413907875,-0.0049160180253994,0.0058000730341933,0.0102374249826794,0.0130422229433915,False,30.01,-0.33999999999999986,0.0049281413907875,30.35,0.19000000000000128,29.27,-1.2300000000000004,32.6,1.8900000000000006,31.99,3.379999999999999
2024-12-27,BRN0W.ICE,72.87,72.78,73.93,72.63,73.62,0.0102396962686843,0.0102923013585838,0.0065200350586105,0.0093609544197307,0.0131377053976177,False,30.21,0.1999999999999993,0.0102396962686843,30.01,-0.33999999999999986,30.16,0.8900000000000006,30.5,-2.1000000000000014,33.64,1.6500000000000021
2024-12-30,BRN0W.ICE,73.62,73.59,74.5,73.35,74.13,0.0069035807177531,0.0069274653626729,0.0060887583827363,0.0090678352211172,0.0124187454747948,False,30.77,0.5599999999999987,0.0069035807177531,30.21,0.1999999999999993,30.35,0.19000000000000128,29.27,-1.2300000000000004,34.92,1.2800000000000011
2024-12-31,BRN0W.ICE,74.13,74.25,74.89,73.84,74.83,0.0093985654236387,0.0094428706326723,0.0054220055873154,0.0092708664278748,0.0114471356960633,False,30.02,-0.75,0.0093985654236387,30.77,0.5599999999999987,30.01,-0.33999999999999986,30.16,0.8900000000000006,33.41,-1.5100000000000051
2025-01-02,BRN0W.ICE,74.83,74.93,76.55,74.72,75.95,0.0148563549495147,0.0149672591206735,0.0065681155656737,0.0083256260564841,0.0117262414636554,False,29.54,-0.4800000000000004,0.0148563549495147,30.02,-0.75,30.21,0.1999999999999993,30.35,0.19000000000000128,30.71,-2.6999999999999957
2025-01-03,BRN0W.ICE,75.95,75.98,76.73,75.53,76.69,0.009696092734986,0.0097432521395655,0.0061195565264016,0.0078768756676598,0.0117951278451144,False,29.98,0.4400000000000013,0.009696092734986,29.54,-0.4800000000000004,30.77,0.5599999999999987,30.01,-0.33999999999999986,32.6,1.8900000000000006
2025-01-06,BRN0W.ICE,76.69,76.58,77.5,75.94,76.26,-0.00562276734735,-0.0056069891772068,0.0079230438559265,0.0076907124483406,0.011600939607225,False,29.31,-0.6700000000000017,0.00562276734735,29.98,0.4400000000000013,30.02,-0.75,30.21,0.1999999999999993,30.5,-2.1000000000000014
2025-01-07,BRN0W.ICE,76.26,76.18,77.3,75.91,77.25,0.0128983613484371,0.0129819040125884,0.006668734161719,0.0078039463808351,0.0116404925874764,False,31.09,1.7800000000000011,0.0128983613484371,29.31,-0.6700000000000017,29.54,-0.4800000000000004,30.77,0.5599999999999987,29.27,-1.2300000000000004
2025-01-08,BRN0W.ICE,77.25,77.3,77.89,76.04,76.22,-0.0134230203321406,-0.0133333333333333,0.0104625900501194,0.0085959104677604,0.0104859598606226,False,31.56,0.46999999999999886,0.0134230203321406,31.09,1.7800000000000011,29.98,0.4400000000000013,30.02,-0.75,30.16,0.8900000000000006
2025-01-09,BRN0W.ICE,76.22,76.18,77.27,75.68,77.2,0.0127755615850162,0.0128575177118865,0.010871951928298,0.0085907890323596,0.0106516458496913,False,31.56,0.0,0.0127755615850162,31.56,0.46999999999999886,29.31,-0.6700000000000017,29.54,-0.4800000000000004,30.35,0.19000000000000128
2025-01-10,BRN0W.ICE,77.2,77.26,80.75,77.03,79.79,0.0329987262894591,0.0335492227979274,0.0150365713769092,0.011073227074456,0.0120350758259997,False,33.91,2.349999999999998,0.0329987262894591,31.56,0.0,31.09,1.7800000000000011,29.98,0.4400000000000013,30.01,-0.33999999999999986
2025-01-13,BRN0W.ICE,79.79,79.76,81.68,79.76,80.9,0.0138156407442564,0.0139115177340518,0.0149759825081275,0.0111897508716128,0.0121882057239785,False,33.98,0.07000000000000028,0.0138156407442564,33.91,2.349999999999998,31.56,0.46999999999999886,29.31,-0.6700000000000017,30.21,0.1999999999999993
2025-01-14,BRN0W.ICE,80.9,80.92,81.15,79.87,80.32,-0.007195168121027,-0.0071693448702102,0.0161626568870093,0.0117555467580189,0.0121531183677258,False,33.51,-0.46999999999999886,0.007195168121027,33.98,0.07000000000000028,31.56,0.0,31.09,1.7800000000000011,30.77,0.5599999999999987
2025-01-15,BRN0W.ICE,80.32,80.29,80.64,79.62,80.49,0.0021142971622234,0.0021165338645419,0.0154351221763908,0.0118289412901196,0.0121071456457586,False,32.93,-0.5799999999999983,0.0021142971622234,33.51,-0.46999999999999886,33.91,2.349999999999998,31.56,0.46999999999999886,30.02,-0.75
2025-01-16,BRN0W.ICE,80.49,82.42,82.57,80.39,81.36,0.0107507986346621,0.0108087961237421,0.0153358801319446,0.011371408244954,0.0115620228958666,False,33.13,0.20000000000000284,0.0107507986346621,32.93,-0.5799999999999983,33.98,0.07000000000000028,31.56,0.0,29.54,-0.4800000000000004
2025-01-17,BRN0W.ICE,81.36,81.44,81.93,80.5,80.73,-0.0077734983333803,-0.0077433628318583,0.014160703538116,0.0120798992971684,0.0111626436218762,False,33.52,0.39000000000000057,0.0077734983333803,33.13,0.20000000000000284,33.51,-0.46999999999999886,33.91,2.349999999999998,29.98,0.4400000000000013
2025-01-20,BRN0W.ICE,80.73,79.72,79.99,78.43,78.79,-0.0243241681493274,-0.0240307196828936,0.0184586346131009,0.0146304406490152,0.0121952892753767,False,33.52,0.0,0.0243241681493274,33.52,0.39000000000000057,32.93,-0.5799999999999983,33.98,0.07000000000000028,29.31,-0.6700000000000017
2025-01-21,BRN0W.ICE,78.79,78.78,79.37,77.66,78.45,-0.0043246060785552,-0.0043152684350806,0.0128614935490462,0.0147259196641921,0.0117687864957174,False,35.1,1.5799999999999983,0.0043246060785552,33.52,0.0,33.13,0.20000000000000284,33.51,-0.46999999999999886,31.09,1.7800000000000011
2025-01-22,BRN0W.ICE,78.45,78.47,78.91,77.95,78.15,-0.0038314223115559,-0.0038240917782026,0.0106960459461249,0.0144494644105606,0.0117230887373885,False,34.68,-0.4200000000000017,0.0038314223115559,35.1,1.5799999999999983,33.52,0.39000000000000057,32.93,-0.5799999999999983,31.56,0.46999999999999886
2025-01-23,BRN0W.ICE,78.15,78.01,78.8,77.12,77.17,-0.012619276397974,-0.0125399872040947,0.011076319070384,0.0147672291293734,0.0120558071489716,False,34.18,-0.5,0.012619276397974,34.68,-0.4200000000000017,33.52,0.0,33.13,0.20000000000000284,31.56,0.0
2025-01-24,BRN0W.ICE,77.17,77.17,78.08,76.92,77.49,0.004138115306347,0.0041466891278993,0.0113380744602176,0.0146888929672183,0.0114944188109929,False,29.98,-4.199999999999999,0.004138115306347,34.18,-0.5,35.1,1.5799999999999983,33.52,0.39000000000000057,33.91,2.349999999999998
2025-01-27,BRN0W.ICE,77.49,77.39,77.96,75.5,76.19,-0.0169186752909405,-0.0167763582397728,0.0094191003067214,0.0150114086046406,0.0118343760642839,False,35.98,5.9999999999999964,0.0169186752909405,29.98,-4.199999999999999,34.68,-0.4200000000000017,33.52,0.0,33.98,0.07000000000000028
2025-01-28,BRN0W.ICE,77.49,76.12,77.17,75.9,76.59,0.0052362994365839,0.0052500328127051,0.0109481258494762,0.0146462206286788,0.0116442604369975,False,31.95,-4.029999999999998,0.0052362994365839,35.98,5.9999999999999964,34.18,-0.5,35.1,1.5799999999999983,33.51,-0.46999999999999886
2025-01-29,BRN0W.ICE,77.49,76.55,76.65,75.36,75.91,-0.0089180918928253,-0.0088784436610523,0.0082143476557806,0.0143750931208165,0.0117188143851048,False,33.02,1.0700000000000038,0.0089180918928253,31.95,-4.029999999999998,29.98,-4.199999999999999,34.68,-0.4200000000000017,32.93,-0.5799999999999983
2025-01-30,BRN0W.ICE,77.49,75.76,76.6,74.98,76.1,0.0024998368389632,0.0025029640363587,0.0087402729441087,0.0106114412833825,0.0116153442273974,False,31.05,-1.9700000000000024,0.0024998368389632,33.02,1.0700000000000038,35.98,5.9999999999999964,34.18,-0.5,33.13,0.20000000000000284
2025-01-31,BRN0W.ICE,77.49,76.12,76.5,75.16,76.5,0.00524247596485,0.0052562417871222,0.0094713893546042,0.0097554930039116,0.0115640932695091,False,29.96,-1.0899999999999999,0.00524247596485,31.05,-1.9700000000000024,31.95,-4.029999999999998,29.98,-4.199999999999999,33.52,0.39000000000000057
2025-02-03,BRN0W.ICE,77.49,76.79,77.34,75.04,75.5,-0.013158084577511,-0.0130718954248365,0.0095638711841711,0.0100322271582999,0.011826849154311,False,35.3,5.339999999999996,0.013158084577511,29.96,-1.0899999999999999,33.02,1.0700000000000038,35.98,5.9999999999999964,33.52,0.0
2025-02-04,BRN0W.ICE,77.49,75.4,76.66,74.15,76.05,0.0072583624503229,0.0072847682119205,0.0100206378733205,0.0103782093511137,0.0118602315753668,False,33.62,-1.6799999999999997,0.0072583624503229,35.3,5.339999999999996,31.05,-1.9700000000000024,31.95,-4.029999999999998,35.1,1.5799999999999983
2025-02-05,BRN0W.ICE,76.19,76.21,76.34,74.56,74.69,-0.0180448043363265,-0.0178829717291255,0.0102926831210018,0.0100674065133057,0.0123884145976548,False,34.25,0.6300000000000026,0.0180448043363265,33.62,-1.6799999999999997,29.96,-1.0899999999999999,33.02,1.0700000000000038,34.68,-0.4200000000000017
2025-02-06,BRN0W.ICE,74.69,74.71,75.4,74.1,74.27,-0.0056391126877702,-0.0056232427366448,0.0096724312381473,0.0100564296993559,0.0123710098829372,False,36.25,2.0,0.0056391126877702,34.25,0.6300000000000026,35.3,5.339999999999996,31.05,-1.9700000000000024,34.18,-0.5
2025-02-07,BRN0W.ICE,74.27,74.31,75.12,74.26,74.69,0.0056391126877702,0.0056550424128181,0.0100934320696363,0.0089774233521392,0.0123624443632427,False,29.66,-6.59,0.0056391126877702,36.25,2.0,33.62,-1.6799999999999997,29.96,-1.0899999999999999,29.98,-4.199999999999999
2025-02-10,BRN0W.ICE,74.69,74.59,76.23,74.51,76.13,0.0190961909491459,0.0192796893827822,0.0129560734353915,0.010860321658435,0.0126963257449057,False,32.09,2.4300000000000033,0.0190961909491459,29.66,-6.59,34.25,0.6300000000000026,35.3,5.339999999999996,35.98,5.9999999999999964
2025-02-11,BRN0W.ICE,76.13,75.94,77.29,75.9,76.82,0.0090226175996375,0.0090634441087613,0.0132829217837676,0.0112433068715774,0.0127354600210147,False,29.76,-2.330000000000002,0.0090226175996375,32.09,2.4300000000000033,36.25,2.0,33.62,-1.6799999999999997,31.95,-4.029999999999998
2025-02-12,BRN0W.ICE,76.82,76.82,76.91,74.92,74.94,-0.0247772295522174,-0.024472793543348,0.0157795395822747,0.0125809652914092,0.013482330692798,False,31.79,2.0299999999999976,0.0247772295522174,29.76,-2.330000000000002,29.66,-6.59,34.25,0.6300000000000026,33.02,1.0700000000000038
2025-02-13,BRN0W.ICE,74.94,74.97,75.37,74.06,75.32,0.0050579104234103,0.0050707232452629,0.0156071006629492,0.0126183626544274,0.0132275240551844,False,31.47,-0.3200000000000003,0.0050579104234103,31.79,2.0299999999999976,32.09,2.4300000000000033,36.25,2.0,31.05,-1.9700000000000024
2025-02-14,BRN0W.ICE,75.32,74.66,75.45,74.24,74.34,-0.0130965389198454,-0.0130111524163567,0.0148185270371846,0.0123089803452141,0.0132893344777483,False,28.46,-3.009999999999998,0.0130965389198454,31.47,-0.3200000000000003,29.76,-2.330000000000002,29.66,-6.59,29.96,-1.0899999999999999
2025-02-17,BRN0W.ICE,74.34,74.36,75.07,73.91,75.0,0.0088389486672042,0.0088781275221951,0.0150185704583498,0.0125025383762276,0.013379257441909,False,28.46,0.0,0.0088389486672042,28.46,-3.009999999999998,31.79,2.0299999999999976,32.09,2.4300000000000033,35.3,5.339999999999996
2025-02-18,BRN0W.ICE,75.0,74.95,75.67,74.59,75.37,0.0049212043190682,0.0049333333333334,0.014987194716807,0.0124175920650037,0.0131804459698981,False,27.47,-0.990000000000002,0.0049212043190682,28.46,0.0,31.47,-0.3200000000000003,29.76,-2.330000000000002,33.62,-1.6799999999999997
2025-02-19,BRN0W.ICE,75.37,75.44,76.4,75.38,75.76,0.0051611310224443,0.005174472601831,0.0130256939016697,0.0124873846620546,0.0130032788377797,False,28.36,0.8900000000000006,0.0051611310224443,27.47,-0.990000000000002,28.46,-3.009999999999998,31.79,2.0299999999999976,34.25,0.6300000000000026
2025-02-20,BRN0W.ICE,75.76,75.68,76.71,75.36,76.18,0.0055285121726352,0.0055438225976769,0.0126528071098531,0.0124974154452795,0.0128199019970744,False,29.3,0.9400000000000013,0.0055285121726352,28.36,0.8900000000000006,28.46,0.0,31.47,-0.3200000000000003,36.25,2.0
2025-02-21,BRN0W.ICE,76.18,76.21,76.32,73.8,73.85,-0.0310629520730693,-0.0305854555001314,0.0146679238490697,0.0146459790665844,0.0123853886241974,False,35.79,6.489999999999998,0.0310629520730693,29.3,0.9400000000000013,27.47,-0.990000000000002,28.46,-3.009999999999998,29.66,-6.59
2025-02-24,BRN0W.ICE,73.85,73.76,74.5,73.71,74.45,0.0080917501526292,0.008124576844956,0.0149564219907901,0.0146862961947045,0.0121662750968712,False,31.3,-4.489999999999998,0.0080917501526292,35.79,6.489999999999998,28.36,0.8900000000000006,28.46,0.0,32.09,2.4300000000000033
2025-02-25,BRN0W.ICE,74.45,74.26,74.76,72.21,72.56,-0.0257139533231368,-0.0253861652115513,0.0171621204735186,0.0154721344427953,0.0128492020602448,False,32.77,1.4700000000000024,0.0257139533231368,31.3,-4.489999999999998,29.3,0.9400000000000013,27.47,-0.990000000000002,29.76,-2.330000000000002
2025-02-26,BRN0W.ICE,72.56,72.63,72.81,71.92,72.31,-0.0034513736200206,-0.0034454244762954,0.0163009888096922,0.0154442998122278,0.0128071464989417,False,33.36,0.5899999999999963,0.0034513736200206,32.77,1.4700000000000024,35.79,6.489999999999998,28.36,0.8900000000000006,31.79,2.0299999999999976
2025-02-27,BRN0W.ICE,72.31,72.26,73.75,72.1,73.42,0.0152339458818277,0.0153505739178536,0.0177699084137172,0.0160076894077696,0.013004669284146,False,31.72,-1.6400000000000006,0.0152339458818277,33.36,0.5899999999999963,31.3,-4.489999999999998,29.3,0.9400000000000013,31.47,-0.3200000000000003
2025-02-28,BRN0W.ICE,73.42,73.33,73.37,72.32,73.08,-0.0046416465588823,-0.004630890765459,0.017331958282108,0.0149091450149157,0.0129810897449067,False,29.97,-1.75,0.0046416465588823,31.72,-1.6400000000000006,32.77,1.4700000000000024,35.79,6.489999999999998,28.46,-3.009999999999998
2025-03-03,BRN0W.ICE,73.08,73.04,73.67,71.17,71.49,-0.0219971517310455,-0.0217569786535304,0.0176267255806158,0.01529761426445,0.0128576095205004,False,38.52,8.550000000000004,0.0219971517310455,29.97,-1.75,33.36,0.5899999999999963,31.3,-4.489999999999998,28.46,0.0
2025-03-04,BRN0W.ICE,71.49,71.3,71.36,69.75,71.13,-0.0050483910333366,-0.005035669324381,0.0147218341394814,0.0142198630742057,0.012860391779629,False,37.52,-1.0,0.0050483910333366,38.52,8.550000000000004,31.72,-1.6400000000000006,32.77,1.4700000000000024,27.47,-0.990000000000002
2025-03-05,BRN0W.ICE,71.13,71.02,71.18,68.33,69.36,-0.0251988562731373,-0.0248840151834668,0.0150257372016019,0.0150566394020651,0.0134700839299288,False,35.04,-2.480000000000004,0.0251988562731373,37.52,-1.0,29.97,-1.75,33.36,0.5899999999999963,28.36,0.8900000000000006
2025-03-06,BRN0W.ICE,69.36,69.43,69.9,68.74,69.42,0.0008646779613537,0.0008650519031141,0.0137297691034428,0.0150047450959686,0.0133965419489263,False,37.14,2.1000000000000014,0.0008646779613537,35.04,-2.480000000000004,38.52,8.550000000000004,31.72,-1.6400000000000006,29.3,0.9400000000000013
2025-03-07,BRN0W.ICE,69.42,69.43,71.4,69.3,70.45,0.0147282279110489,0.0148372227023911,0.0159092111382483,0.0154938603790015,0.0137406167949385,False,29.75,-7.390000000000001,0.0147282279110489,37.14,2.1000000000000014,37.52,-1.0,29.97,-1.75,35.79,6.489999999999998
2025-03-10,BRN0W.ICE,70.45,70.49,70.88,69.05,69.14,-0.0187698038512107,-0.0185947480482612,0.0142624025883736,0.0156818344647911,0.0138084526303017,False,34.82,5.07,0.0187698038512107,29.75,-7.390000000000001,35.04,-2.480000000000004,38.52,8.550000000000004,31.3,-4.489999999999998
2025-03-11,BRN0W.ICE,69.14,69.05,70.44,68.63,69.92,0.0112182968538015,0.0112814579114839,0.0161298794294103,0.0160963605566296,0.0139771837249269,False,31.83,-2.990000000000002,0.0112182968538015,34.82,5.07,37.14,2.1000000000000014,37.52,-1.0,32.77,1.4700000000000024
2025-03-12,BRN0W.ICE,69.92,69.95,71.1,69.48,70.91,0.0140597359686252,0.0141590389016017,0.0160441525847385,0.0167053330798794,0.0142703060443957,False,31.09,-0.7399999999999984,0.0140597359686252,31.83,-2.990000000000002,29.75,-7.390000000000001,35.04,-2.480000000000004,33.36,0.5899999999999963
2025-03-13,BRN0W.ICE,70.91,70.95,71.25,69.66,70.15,-0.0107756607674352,-0.0107178113101112,0.0164169712247359,0.0150829993226692,0.0143229921090174,False,32.8,1.7099999999999973,0.0107756607674352,31.09,-0.7399999999999984,34.82,5.07,37.14,2.1000000000000014,31.72,-1.6400000000000006
2025-03-14,BRN0W.ICE,70.15,70.16,70.75,69.93,70.65,0.0071023025820666,0.0071275837491091,0.0129842595628481,0.015025850143629,0.0143625867407902,False,33.52,0.720000000000006,0.0071023025820666,32.8,1.7099999999999973,31.83,-2.990000000000002,29.75,-7.390000000000001,29.97,-1.75
2025-03-17,BRN0W.ICE,70.65,70.18,71.27,70.17,70.45,-0.0028348707858472,-0.0028308563340411,0.0131425389611849,0.0136318696953859,0.0142251977804429,False,30.9,-2.6200000000000045,0.0028348707858472,33.52,0.720000000000006,31.09,-0.7399999999999984,34.82,5.07,38.52,8.550000000000004
2025-03-18,BRN0W.ICE,70.45,70.44,71.68,69.85,70.03,-0.0059795166772629,-0.0059616749467708,0.0121179809416639,0.0136677337549151,0.0141231822224545,False,36.12,5.219999999999999,0.0059795166772629,30.9,-2.6200000000000045,32.8,1.7099999999999973,31.83,-2.990000000000002,37.52,-1.0
2025-03-19,BRN0W.ICE,70.03,70.05,70.77,69.51,70.4,0.0052695414965703,0.0052834499500213,0.0092650705201098,0.0129242958291264,0.0138920425731448,False,33.87,-2.25,0.0052695414965703,36.12,5.219999999999999,33.52,0.720000000000006,31.09,-0.7399999999999984,35.04,-2.480000000000004
2025-03-20,BRN0W.ICE,70.4,70.49,71.76,70.1,71.71,0.0184369447304865,0.0186079545454542,0.0106804177677292,0.0141157303864099,0.0143604109414458,False,29.72,-4.149999999999999,0.0184369447304865,33.87,-2.25,30.9,-2.6200000000000045,32.8,1.7099999999999973,37.14,2.1000000000000014
2025-03-21,BRN0W.ICE,71.71,71.8,71.97,71.01,71.67,-0.0005579578886555,-0.000557802259099,0.0096791266265137,0.0128058465691345,0.0143035571570738,False,28.43,-1.2899999999999991,0.0005579578886555,29.72,-4.149999999999999,36.12,5.219999999999999,33.52,0.720000000000006,29.75,-7.390000000000001
2025-03-24,BRN0W.ICE,71.67,71.7,72.57,71.26,72.43,0.0105483282014067,0.010604157946142,0.0084395383028964,0.0129931007380638,0.0139627677097242,False,29.67,1.240000000000002,0.0105483282014067,28.43,-1.2899999999999991,33.87,-2.25,30.9,-2.6200000000000045,34.82,5.07
2025-03-25,BRN0W.ICE,72.43,72.45,72.91,71.89,72.51,0.0011039051762666,0.0011045147038519,0.0084440020811044,0.010537237598848,0.0138280408657284,False,28.27,-1.4000000000000021,0.0011039051762666,29.67,1.240000000000002,29.72,-4.149999999999999,36.12,5.219999999999999,31.83,-2.990000000000002
2025-03-26,BRN0W.ICE,72.51,72.64,73.49,72.47,73.35,0.0115180212054891,0.0115846090194453,0.0083310701802539,0.0107404704459484,0.0133387983949986,False,28.84,0.5700000000000003,0.0115180212054891,28.27,-1.4000000000000021,28.43,-1.2899999999999991,33.87,-2.25,31.09,-0.7399999999999984
2025-03-27,BRN0W.ICE,73.35,73.19,73.37,72.53,73.35,0.0,0.0,0.0071491376212654,0.0103146607308592,0.0132952108389278,False,28.49,-0.3500000000000014,0.0,28.84,0.5700000000000003,29.67,1.240000000000002,29.72,-4.149999999999999,32.8,1.7099999999999973
2025-03-28,BRN0W.ICE,73.35,73.33,73.47,72.35,72.54,-0.0111043707342342,-0.0110429447852758,0.0098369254899111,0.0092225868072984,0.0132369540913785,False,28.7,0.21000000000000085,0.0111043707342342,28.49,-0.3500000000000014,28.27,-1.4000000000000021,28.43,-1.2899999999999991,33.52,0.720000000000006
2025-03-31,BRN0W.ICE,72.54,72.94,75.04,72.28,74.71,0.0294758181329534,0.0299145299145298,0.0128947043357058,0.0114343833256664,0.0142532688887341,False,30.88,2.1799999999999997,0.0294758181329534,28.7,0.21000000000000085,28.84,0.5700000000000003,29.67,1.240000000000002,30.9,-2.6200000000000045
2025-04-01,BRN0W.ICE,74.71,74.67,75.29,74.33,74.51,-0.0026806074220735,-0.0026770178021682,0.013094060612458,0.0112579667756757,0.0142279379400869,False,30.57,-0.3099999999999987,0.0026806074220735,30.88,2.1799999999999997,28.49,-0.3500000000000014,28.27,-1.4000000000000021,36.12,5.219999999999999
2025-04-02,BRN0W.ICE,74.51,74.52,75.47,73.1,73.37,-0.0154182118397332,-0.015299959736948,0.0149842608800812,0.0117687802651345,0.0144458737631729,False,29.98,-0.5899999999999999,0.0154182118397332,30.57,-0.3099999999999987,28.7,0.21000000000000085,28.84,0.5700000000000003,33.87,-2.25
2025-04-03,BRN0W.ICE,73.37,72.7,73.4,69.48,69.81,-0.0497378667435928,-0.0485211939484803,0.0246233120339224,0.0183085028198351,0.0168923446221377,False,35.45,5.470000000000002,0.0497378667435928,29.98,-0.5899999999999999,30.88,2.1799999999999997,28.49,-0.3500000000000014,29.72,-4.149999999999999
2025-04-04,BRN0W.ICE,73.37,70.0,70.11,64.03,66.06,-0.0552138460196664,-0.0537172324881821,0.0294224255339653,0.0233907953484298,0.0187532198399009,False,44.72,9.269999999999996,0.0552138460196664,35.45,5.470000000000002,30.57,-0.3099999999999987,28.7,0.21000000000000085,28.43,-1.2899999999999991
2025-04-07,BRN0W.ICE,69.81,64.9,67.43,62.51,64.36,-0.0260710978384611,-0.0257341810475325,0.0288586616368797,0.0240881793773015,0.0190464544184496,False,52.81,8.090000000000003,0.0260710978384611,44.72,9.269999999999996,29.98,-0.5899999999999999,30.88,2.1799999999999997,29.67,1.240000000000002
2025-04-08,BRN0W.ICE,64.36,64.59,65.21,61.34,61.62,-0.0435058289556606,-0.0425730267246737,0.0300165993139836,0.0257948601078995,0.0199728363600078,False,55.26,2.4499999999999957,0.0435058289556606,52.81,8.090000000000003,35.45,5.470000000000002,30.57,-0.3099999999999987,28.27,-1.4000000000000021
2025-04-09,BRN0W.ICE,61.62,61.13,66.02,58.4,65.72,0.0644168000005455,0.0665368386887375,0.0411117028123858,0.0318451066377429,0.0237021908151073,False,42.9,-12.36,0.0644168000005455,55.26,2.4499999999999957,44.72,9.269999999999996,29.98,-0.5899999999999999,28.84,0.5700000000000003
2025-04-10,BRN0W.ICE,65.72,65.9,66.08,62.0,63.4,-0.0359394317258871,-0.0353012781497261,0.0409250206600004,0.032751354846518,0.0241677294096842,False,49.0,6.100000000000001,0.0359394317258871,42.9,-12.36,52.81,8.090000000000003,35.45,5.470000000000002,28.49,-0.3500000000000014
2025-04-11,BRN0W.ICE,63.4,63.16,65.08,62.77,64.59,0.0185957386012012,0.0187697160883282,0.0438959945309389,0.0331840195069157,0.0245454291054186,False,50.88,1.8800000000000026,0.0185957386012012,49.0,6.100000000000001,55.26,2.4499999999999957,44.72,9.269999999999996,28.7,0.21000000000000085
2025-04-14,BRN0W.ICE,64.59,64.2,65.13,63.4,64.23,-0.0055892087746802,-0.0055736182071528,0.0417288910447239,0.0330880076340013,0.0243149889191284,False,47.76,-3.1200000000000045,0.0055892087746802,50.88,1.8800000000000026,42.9,-12.36,52.81,8.090000000000003,30.88,2.1799999999999997
2025-04-15,BRN0W.ICE,64.23,64.34,64.73,63.5,64.02,-0.0032748567279842,-0.0032695002335358,0.0371053188997153,0.0326270275261395,0.0243134254138193,False,42.31,-5.449999999999996,0.0032748567279842,47.76,-3.1200000000000045,49.0,6.100000000000001,55.26,2.4499999999999957,30.57,-0.3099999999999987
2025-04-16,BRN0W.ICE,64.02,64.03,65.43,63.0,65.04,0.0158069306978382,0.0159325210871603,0.0364137521587924,0.0332566039210941,0.0242044898264359,False,43.56,1.25,0.0158069306978382,42.31,-5.449999999999996,50.88,1.8800000000000026,42.9,-12.36,29.98,-0.5899999999999999
2025-04-17,BRN0W.ICE,65.04,65.36,67.18,65.05,66.92,0.028495410879068,0.0289052890528904,0.0314064485159396,0.0346797487834259,0.0248402571837718,False,41.27,-2.289999999999999,0.028495410879068,43.56,1.25,47.76,-3.1200000000000045,49.0,6.100000000000001,35.45,5.470000000000002
2025-04-21,BRN0W.ICE,66.92,66.87,66.87,64.76,65.59,-0.0200746308129791,-0.0198744769874477,0.0228899046362148,0.0333084348871388,0.0248822817880997,False,41.21,-0.060000000000002274,0.0200746308129791,41.27,-2.289999999999999,42.31,-5.449999999999996,50.88,1.8800000000000026,44.72,9.269999999999996
2025-04-22,BRN0W.ICE,65.59,65.8,67.08,65.58,66.85,0.019028058242308,0.0192102454642475,0.0173856989268108,0.0341353028247265,0.0249806605944676,False,43.15,1.9399999999999977,0.019028058242308,41.21,-0.060000000000002274,43.56,1.25,47.76,-3.1200000000000045,52.81,8.090000000000003
2025-04-23,BRN0W.ICE,66.85,67.01,67.64,64.39,65.18,-0.0252986301385364,-0.0249813014210917,0.0204004817451383,0.0344071224004397,0.0252468446768133,False,43.56,0.4100000000000037,0.0252986301385364,43.15,1.9399999999999977,41.27,-2.289999999999999,42.31,-5.449999999999996,55.26,2.4499999999999957
2025-04-24,BRN0W.ICE,65.18,65.13,66.11,64.91,65.6,0.0064230225406275,0.0064436943847803,0.0202289910845803,0.0324414050968611,0.0251139386644497,False,44.37,0.8099999999999952,0.0064230225406275,43.56,0.4100000000000037,41.21,-0.060000000000002274,43.56,1.25,42.9,-12.36
2025-04-25,BRN0W.ICE,65.6,65.68,66.19,64.65,65.83,0.0034999655297421,0.0035060975609757,0.0200390780637023,0.0289840190481197,0.0250888120950244,False,43.53,-0.8399999999999963,0.0034999655297421,44.37,0.8099999999999952,43.15,1.9399999999999977,41.27,-2.289999999999999,49.0,6.100000000000001
2025-04-28,BRN0W.ICE,65.83,66.18,66.5,64.23,64.53,-0.0199454295320369,-0.0197478353334346,0.0210536573081241,0.0286080187097076,0.0252316079980702,False,43.55,0.01999999999999602,0.0199454295320369,43.53,-0.8399999999999963,43.56,0.4100000000000037,41.21,-0.060000000000002274,50.88,1.8800000000000026
2025-04-29,BRN0W.ICE,64.53,64.76,64.81,62.93,63.01,-0.0238367879937842,-0.0235549356888269,0.0178269452044882,0.0267176591512796,0.0255160381607171,False,48.41,4.859999999999999,0.0238367879937842,43.55,0.01999999999999602,44.37,0.8099999999999952,43.15,1.9399999999999977,47.76,-3.1200000000000045
2025-04-30,BRN0W.ICE,63.01,63.16,63.34,60.76,61.04,-0.0317640569777624,-0.0312648785906998,0.0195455495751893,0.0210950159807845,0.0260239699599215,False,54.46,6.050000000000004,0.0317640569777624,48.41,4.859999999999999,43.53,-0.8399999999999963,43.56,0.4100000000000037,42.31,-5.449999999999996
2025-05-01,BRN0W.ICE,63.01,61.23,62.4,59.3,61.87,0.0135060225666958,0.0135976408912188,0.0182333571085601,0.0196565746226197,0.0261744740584567,False,51.96,-2.5,0.0135060225666958,54.46,6.050000000000004,43.55,0.01999999999999602,44.37,0.8099999999999952,43.56,1.25
2025-05-02,BRN0W.ICE,63.01,61.82,62.72,60.69,61.45,-0.0068115735308535,-0.0067884273476643,0.0171327962983154,0.0187878290852663,0.025821545218711,False,50.59,-1.3699999999999974,0.0068115735308535,51.96,-2.5,48.41,4.859999999999999,43.53,-0.8399999999999963,41.27,-2.289999999999999
2025-05-05,BRN0W.ICE,63.01,59.5,60.82,58.5,60.25,-0.0197212636412794,-0.0195280716029292,0.0161814535567676,0.0192784948608992,0.0259408658690408,False,42.58,-8.010000000000005,0.0197212636412794,50.59,-1.3699999999999974,54.46,6.050000000000004,43.55,0.01999999999999602,41.21,-0.060000000000002274
2025-05-06,BRN0W.ICE,61.04,60.28,62.8,60.18,62.04,0.0292767659375736,0.0297095435684646,0.0221643180188305,0.0213032463418744,0.0265653454033942,False,42.14,-0.4399999999999977,0.0292767659375736,42.58,-8.010000000000005,51.96,-2.5,48.41,4.859999999999999,43.15,1.9399999999999977
2025-05-07,BRN0W.ICE,62.04,62.5,63.25,60.83,60.95,-0.0177254823810574,-0.0175693101225015,0.0219879528286909,0.0210005335274736,0.0266345605094381,False,42.66,0.519999999999996,0.0177254823810574,42.14,-0.4399999999999977,50.59,-1.3699999999999974,54.46,6.050000000000004,43.56,0.4100000000000037
2025-05-08,BRN0W.ICE,60.95,61.06,63.38,61.0,63.12,0.0349838206103381,0.0356029532403607,0.0258890213787329,0.0218427339666357,0.0274911463491406,False,40.6,-2.059999999999995,0.0349838206103381,42.66,0.519999999999996,42.58,-8.010000000000005,51.96,-2.5,44.37,0.8099999999999952
2025-05-09,BRN0W.ICE,63.12,63.07,64.27,62.84,63.88,0.0119686468091928,0.0120405576679341,0.0218354685877635,0.0217271370256826,0.0276526822037171,False,39.82,-0.7800000000000011,0.0119686468091928,40.6,-2.059999999999995,42.14,-0.4399999999999977,50.59,-1.3699999999999974,43.53,-0.8399999999999963
2025-05-12,BRN0W.ICE,63.88,64.05,66.4,63.88,64.99,0.0172270885594456,0.0173763306199121,0.0220784913447531,0.0215987314493587,0.0279057894661601,False,37.5,-2.3200000000000003,0.0172270885594456,39.82,-0.7800000000000011,42.66,0.519999999999996,42.58,-8.010000000000005,43.55,0.01999999999999602
2025-05-13,BRN0W.ICE,64.99,64.93,66.81,64.63,66.6,0.0244711656400858,0.0247730420064624,0.0219760082047807,0.0215675724394801,0.0277151581197045,False,36.71,-0.7899999999999991,0.0244711656400858,37.5,-2.3200000000000003,40.6,-2.059999999999995,42.14,-0.4399999999999977,48.41,4.859999999999999
2025-05-14,BRN0W.ICE,66.6,66.56,66.59,65.68,65.85,-0.0113251493570534,-0.0112612612612612,0.0201406110549919,0.0217790127545292,0.0277477116295566,False,36.72,0.00999999999999801,0.0113251493570534,36.71,-0.7899999999999991,39.82,-0.7800000000000011,42.66,0.519999999999996,54.46,6.050000000000004
2025-05-15,BRN0W.ICE,65.85,65.42,65.42,63.44,64.62,-0.0188554677929376,-0.0186788154897492,0.0216931115567968,0.0223365159115116,0.027803020597331,False,37.4,0.6799999999999997,0.0188554677929376,36.72,0.00999999999999801,37.5,-2.3200000000000003,40.6,-2.059999999999995,51.96,-2.5
2025-05-16,BRN0W.ICE,64.62,64.7,65.54,64.18,65.33,0.0109273884563065,0.0109873104302071,0.0190522112160372,0.0218760258859949,0.0265574874985861,False,37.88,0.480000000000004,0.0109273884563065,37.4,0.6799999999999997,36.71,-0.7899999999999991,39.82,-0.7800000000000011,50.59,-1.3699999999999974
2025-05-19,BRN0W.ICE,65.33,64.73,65.28,63.84,64.77,-0.0086088156578333,-0.0085718659115261,0.0164369451803735,0.0209097668428597,0.0246443116725332,False,38.0,0.11999999999999744,0.0086088156578333,37.88,0.480000000000004,36.72,0.00999999999999801,37.5,-2.3200000000000003,42.58,-8.010000000000005
2025-05-20,BRN0W.ICE,64.77,64.91,65.27,64.23,64.93,0.0024672333255699,0.002470279450363,0.0160261932271689,0.0185276335881646,0.0241758486895902,False,34.62,-3.3800000000000026,0.0024672333255699,38.0,0.11999999999999744,37.4,0.6799999999999997,36.71,-0.7899999999999991,42.14,-0.4399999999999977
2025-05-21,BRN0W.ICE,64.93,65.45,65.93,64.03,64.13,-0.012397493359624,-0.0123209610349609,0.0153328614298223,0.0188404787302182,0.0228639716623075,False,39.12,4.5,0.012397493359624,34.62,-3.3800000000000026,37.88,0.480000000000004,36.72,0.00999999999999801,42.66,0.519999999999996
2025-05-22,BRN0W.ICE,64.13,64.14,64.5,63.07,63.5,-0.0098723672621255,-0.0098237954155621,0.0100829541347522,0.0189749057213477,0.0195834100287119,False,41.44,2.3200000000000003,0.0098723672621255,39.12,4.5,38.0,0.11999999999999744,37.4,0.6799999999999997,40.6,-2.059999999999995
2025-05-23,BRN0W.ICE,63.5,63.5,64.65,62.8,64.39,0.013918435651446,0.0140157480314959,0.0124378772399121,0.0180743598861051,0.0186207405523264,False,43.13,1.6900000000000048,0.013918435651446,41.44,2.3200000000000003,34.62,-3.3800000000000026,37.88,0.480000000000004,39.82,-0.7800000000000011
2025-05-26,BRN0W.ICE,64.39,64.42,64.81,63.89,64.18,-0.0032667058683812,-0.0032613759900604,0.0103962637127037,0.0167187679096488,0.0183140686333985,False,43.13,0.0,0.0032667058683812,43.13,1.6900000000000048,39.12,4.5,38.0,0.11999999999999744,37.5,-2.3200000000000003
2025-05-27,BRN0W.ICE,64.18,64.12,64.49,62.96,63.74,-0.0068793266925205,-0.006855718292303,0.0090953627145872,0.0159468052899477,0.0183286386924522,False,41.94,-1.1900000000000048,0.0068793266925205,43.13,0.0,41.44,2.3200000000000003,34.62,-3.3800000000000026,36.71,-0.7899999999999991
2025-05-28,BRN0W.ICE,63.74,63.86,65.05,63.51,64.33,0.0092137764337185,0.0092563539378724,0.0098929607867246,0.0132556917200556,0.0183993786903756,False,40.42,-1.519999999999996,0.0092137764337185,41.94,-1.1900000000000048,43.13,1.6900000000000048,39.12,4.5,36.72,0.00999999999999801
2025-05-29,BRN0W.ICE,64.33,64.6,65.5,63.11,63.36,-0.0151933379167386,-0.0150785014767604,0.0110530751044918,0.0135670557958939,0.0183608511043889,False,40.26,-0.1600000000000037,0.0151933379167386,40.42,-1.519999999999996,43.13,0.0,41.44,2.3200000000000003,37.4,0.6799999999999997
2025-05-30,BRN0W.ICE,63.36,63.27,64.09,62.09,62.61,-0.0119077377489513,-0.0118371212121212,0.0109887063238917,0.0128398897551683,0.01759840063449,False,40.71,0.45000000000000284,0.0119077377489513,40.26,-0.1600000000000037,41.94,-1.1900000000000048,43.13,1.6900000000000048,37.88,0.480000000000004
2025-06-02,BRN0W.ICE,63.36,63.2,65.76,63.0,65.12,0.0393067119370658,0.0400894425810574,0.0189894764079259,0.0155730160294891,0.0188180414719418,False,38.7,-2.009999999999998,0.0393067119370658,40.71,0.45000000000000284,40.42,-1.519999999999996,43.13,0.0,38.0,0.11999999999999744
2025-06-03,BRN0W.ICE,62.61,65.16,65.95,64.51,65.61,0.0074964016625011,0.0075245700245698,0.0185580454768702,0.0154815101317262,0.0185264113262731,False,37.75,-0.9500000000000028,0.0074964016625011,38.7,-2.009999999999998,40.26,-0.1600000000000037,41.94,-1.1900000000000048,34.62,-3.3800000000000026
2025-06-04,BRN0W.ICE,65.61,65.52,65.95,64.27,64.91,-0.0107264283114089,-0.010669105319311,0.0191609260926605,0.0148708562766041,0.0180418632485296,False,37.7,-0.04999999999999716,0.0107264283114089,37.75,-0.9500000000000028,40.71,0.45000000000000284,40.42,-1.519999999999996,39.12,4.5
2025-06-05,BRN0W.ICE,64.91,64.77,65.85,64.6,65.29,0.005837190153165,0.0058542597442614,0.0188210877026472,0.0146521751875557,0.0180348322618863,False,34.89,-2.8100000000000023,0.005837190153165,37.7,-0.04999999999999716,38.7,-2.009999999999998,40.26,-0.1600000000000037,41.44,2.3200000000000003
2025-06-06,BRN0W.ICE,65.29,65.26,66.67,64.8,66.65,0.0206161614261755,0.0208301424414152,0.0198690909155357,0.0154007628115109,0.0184211423010669,False,35.72,0.8299999999999983,0.0206161614261755,34.89,-2.8100000000000023,37.75,-0.9500000000000028,40.71,0.45000000000000284,43.13,1.6900000000000048
2025-06-09,BRN0W.ICE,66.65,65.85,66.39,65.38,66.34,-0.0046620131058113,-0.0046511627906976,0.0184261291218962,0.0155032079361649,0.018046234541919,False,34.42,-1.2999999999999972,0.0046620131058113,35.72,0.8299999999999983,37.7,-0.04999999999999716,38.7,-2.009999999999998,43.13,0.0
2025-06-10,BRN0W.ICE,66.34,66.33,67.17,65.75,65.91,-0.0065028584542779,-0.0064817606270727,0.017618545543769,0.0151722405691585,0.017495263449646,False,35.05,0.6299999999999955,0.0065028584542779,34.42,-1.2999999999999972,34.89,-2.8100000000000023,37.75,-0.9500000000000028,41.94,-1.1900000000000048
2025-06-11,BRN0W.ICE,65.91,65.93,69.89,65.73,69.82,0.0576303266122613,0.0593233196783491,0.0235295482541132,0.0208047077916949,0.0191673214046908,False,43.24,8.190000000000005,0.0576303266122613,35.05,0.6299999999999955,35.72,0.8299999999999983,37.7,-0.04999999999999716,40.42,-1.519999999999996
2025-06-12,BRN0W.ICE,69.82,69.39,69.41,67.58,69.29,-0.0076199060375998,-0.0075909481523916,0.0244678140183736,0.0210311295340624,0.0192122889777524,False,45.37,2.1299999999999955,0.0076199060375998,43.24,8.190000000000005,34.42,-1.2999999999999972,34.89,-2.8100000000000023,40.26,-0.1600000000000037
2025-06-13,BRN0W.ICE,69.29,69.6,75.3,69.42,73.63,0.0607519557413354,0.0626353009092219,0.0297864814902512,0.0255201922021878,0.0217242260396186,False,57.23,11.86,0.0607519557413354,45.37,2.1299999999999955,35.05,0.6299999999999955,35.72,0.8299999999999983,40.71,0.45000000000000284
2025-06-16,BRN0W.ICE,73.63,76.0,76.45,69.43,71.34,-0.0315953714498798,-0.0311014532120058,0.0352030935196071,0.0275387185470873,0.022309811253814,False,56.6,-0.6299999999999955,0.0315953714498798,57.23,11.86,43.24,8.190000000000005,34.42,-1.2999999999999972,38.7,-2.009999999999998
2025-06-17,BRN0W.ICE,71.34,72.5,75.53,71.46,75.31,0.0541557481825148,0.0556490047659097,0.0385863947516258,0.0301782177875988,0.0236416921817807,False,71.56,14.96,0.0541557481825148,56.6,-0.6299999999999955,45.37,2.1299999999999955,35.05,0.6299999999999955,37.75,-0.9500000000000028
2025-06-18,BRN0W.ICE,75.31,75.18,75.74,73.0,74.61,-0.0093383816298374,-0.0092949143540035,0.0390704958940781,0.029821949670021,0.0233941094914712,False,66.86,-4.700000000000003,0.0093383816298374,71.56,14.96,57.23,11.86,43.24,8.190000000000005,37.7,-0.04999999999999716
2025-06-19,BRN0W.ICE,74.61,74.95,77.18,74.17,76.96,0.0310112598740279,0.0314971183487466,0.0378993940584943,0.0294144839588567,0.0232394629438303,False,66.86,0.0,0.0310112598740279,66.86,-4.700000000000003,56.6,-0.6299999999999955,45.37,2.1299999999999955,34.89,-2.8100000000000023
2025-06-20,BRN0W.ICE,76.96,75.73,76.01,74.0,75.78,-0.0154514007669962,-0.0153326403326402,0.0365355298980544,0.0295369166362865,0.0235583940834665,False,64.67,-2.1899999999999977,0.0154514007669962,66.86,0.0,71.56,14.96,57.23,11.86,35.72,0.8299999999999983
2025-06-23,BRN0W.ICE,75.78,78.9,79.4,68.64,69.73,-0.0832037643575353,-0.0798363684349432,0.0513593618096959,0.0388141387709907,0.0284838627259106,False,53.65,-11.020000000000003,0.0832037643575353,64.67,-2.1899999999999977,66.86,-4.700000000000003,56.6,-0.6299999999999955,34.42,-1.2999999999999972
2025-06-24,BRN0W.ICE,69.73,68.12,69.37,65.93,66.84,-0.0423289375057263,-0.0414455757923418,0.0458187018986097,0.0406346618165899,0.0292941353785827,False,48.8,-4.850000000000001,0.0423289375057263,53.65,-11.020000000000003,66.86,0.0,71.56,14.96,35.05,0.6299999999999955
2025-06-25,BRN0W.ICE,66.84,66.9,67.51,66.2,66.45,-0.0058519185679386,-0.005834829443447,0.0451830570912863,0.0406718806818776,0.0292373872211843,False,42.75,-6.049999999999997,0.0058519185679386,48.8,-4.850000000000001,64.67,-2.1899999999999977,66.86,-4.700000000000003,43.24,8.190000000000005
2025-06-26,BRN0W.ICE,66.45,66.56,67.77,66.22,66.74,0.0043546881639735,0.0043641835966892,0.0364474698053396,0.0403070757999184,0.0290192339146462,False,41.86,-0.8900000000000006,0.0043546881639735,42.75,-6.049999999999997,53.65,-11.020000000000003,66.86,0.0,45.37,2.1299999999999955
2025-06-27,BRN0W.ICE,66.74,66.82,67.31,66.12,66.34,-0.0060114398043215,-0.0059934072520226,0.0365893750641549,0.0403209410989612,0.0289857162030976,False,41.23,-0.6300000000000026,0.0060114398043215,41.86,-0.8900000000000006,48.8,-4.850000000000001,64.67,-2.1899999999999977,57.23,11.86
2025-06-30,BRN0W.ICE,66.34,66.48,67.2,65.92,66.63,0.0043618930555393,0.0043714199577931,0.0318696563865895,0.0402906985801024,0.028941689790548,False,38.89,-2.3399999999999963,0.0043618930555393,41.23,-0.6300000000000026,42.75,-6.049999999999997,53.65,-11.020000000000003,56.6,-0.6299999999999955
2025-07-01,BRN0W.ICE,66.63,66.58,67.5,66.34,67.28,0.0097080890902468,0.009755365450998,0.033899844523937,0.0369893533234269,0.0289849936520927,False,38.0,-0.8900000000000006,0.0097080890902468,38.89,-2.3399999999999963,41.86,-0.8900000000000006,48.8,-4.850000000000001,71.56,14.96
2025-07-02,BRN0W.ICE,67.28,67.11,69.21,66.94,69.15,0.0274150424460747,0.027794292508918,0.0213540618901908,0.0378032137116915,0.0292518514770236,False,40.24,2.240000000000002,0.0274150424460747,38.0,-0.8900000000000006,41.23,-0.6300000000000026,42.75,-6.049999999999997,66.86,-4.700000000000003
2025-07-03,BRN0W.ICE,69.15,68.86,69.14,68.32,68.85,-0.0043478329361035,-0.0043383947939263,0.0118862661390697,0.0334947292320821,0.0291885185892897,False,37.75,-2.490000000000002,0.0043478329361035,40.24,2.240000000000002,38.89,-2.3399999999999963,41.86,-0.8900000000000006,66.86,0.0
2025-07-04,BRN0W.ICE,68.85,68.85,68.89,67.75,68.51,-0.0049505051598559,-0.004938271604938,0.0117630472327257,0.0325997686978706,0.0291416220693982,False,37.75,0.0,0.0049505051598559,37.75,-2.490000000000002,38.0,-0.8900000000000006,41.23,-0.6300000000000026,64.67,-2.1899999999999977
2025-07-07,BRN0W.ICE,68.51,67.64,69.94,67.22,69.6,0.0157848473255661,0.0159100861188146,0.0125302717955268,0.0288296783957462,0.0292288283004659,False,41.23,3.479999999999997,0.0157848473255661,37.75,0.0,40.24,2.240000000000002,38.89,-2.3399999999999963,53.65,-11.020000000000003
2025-07-08,BRN0W.ICE,69.6,69.5,70.68,69.03,70.03,0.0061591543270525,0.0061781609195403,0.0113781603441797,0.0289735877453796,0.0291783338561783,False,35.71,-5.519999999999996,0.0061591543270525,41.23,3.479999999999997,37.75,-2.490000000000002,38.0,-0.8900000000000006,48.8,-4.850000000000001
2025-07-09,BRN0W.ICE,70.03,69.92,70.71,69.61,70.18,0.0021396484876427,0.0021419391689276,0.0115180346736043,0.0272243413288739,0.0291561077099076,False,34.17,-1.5399999999999991,0.0021396484876427,35.71,-5.519999999999996,37.75,0.0,40.24,2.240000000000002,42.75,-6.049999999999997
2025-07-10,BRN0W.ICE,70.18,70.06,70.48,68.54,68.88,-0.0186975100355938,-0.0185237959532631,0.0150408073387864,0.0273193000621173,0.029238002462821,False,32.8,-1.3700000000000045,0.0186975100355938,34.17,-1.5399999999999991,41.23,3.479999999999997,37.75,-2.490000000000002,41.86,-0.8900000000000006
2025-07-11,BRN0W.ICE,68.88,68.84,70.71,68.55,70.63,0.0250891233013555,0.0254065040650406,0.0144342232284414,0.0176468382218324,0.0293768477260376,False,37.06,4.260000000000005,0.0250891233013555,32.8,-1.3700000000000045,35.71,-5.519999999999996,37.75,0.0,41.23,-0.6300000000000026
2025-07-14,BRN0W.ICE,70.63,70.5,71.53,69.02,69.14,-0.0213215489273524,-0.0210958516211241,0.0170652071462842,0.0142537510739633,0.0289477586000914,False,33.53,-3.530000000000001,0.0213215489273524,37.06,4.260000000000005,34.17,-1.5399999999999991,41.23,3.479999999999997,38.89,-2.3399999999999963
2025-07-15,BRN0W.ICE,69.14,69.15,69.41,68.6,68.86,-0.0040579765831008,-0.0040497541220712,0.017020094929979,0.014181582033194,0.0289489276368779,False,34.38,0.8500000000000014,0.0040579765831008,33.53,-3.530000000000001,32.8,-1.3700000000000045,35.71,-5.519999999999996,38.0,-0.8900000000000006
2025-07-16,BRN0W.ICE,68.86,68.98,69.09,67.71,68.71,-0.0021807088673932,-0.0021783328492595,0.0156723941739803,0.014224915828413,0.0288652593128737,False,33.16,-1.220000000000006,0.0021807088673932,34.38,0.8500000000000014,37.06,4.260000000000005,34.17,-1.5399999999999991,40.24,2.240000000000002
2025-07-17,BRN0W.ICE,68.71,68.79,69.67,68.27,69.65,0.0135879511828302,0.0136806869451318,0.0165321574082663,0.0143316043096749,0.0289363464209735,False,32.84,-0.3199999999999932,0.0135879511828302,33.16,-1.220000000000006,33.53,-3.530000000000001,32.8,-1.3700000000000045,37.75,-2.490000000000002
2025-07-18,BRN0W.ICE,69.65,69.55,70.77,69.14,69.23,-0.0060484055358807,-0.0060301507537688,0.016580971892242,0.0145506016528872,0.0287587003909654,False,32.17,-0.6700000000000017,0.0060484055358807,32.84,-0.3199999999999932,34.38,0.8500000000000014,37.06,4.260000000000005,37.75,0.0
2025-07-21,BRN0W.ICE,69.23,69.21,69.63,68.43,69.09,-0.0020242921892305,-0.0020222446916077,0.0148844705345845,0.0144556007937905,0.0287439801755391,False,31.38,-0.7900000000000027,0.0020242921892305,32.17,-0.6700000000000017,33.16,-1.220000000000006,33.53,-3.530000000000001,41.23,3.479999999999997
2025-07-22,BRN0W.ICE,69.09,69.08,69.12,68.12,68.67,-0.0060975798681185,-0.0060790273556231,0.0102076898307876,0.0125545152307858,0.0287402552710159,False,32.26,0.879999999999999,0.0060975798681185,31.38,-0.7900000000000027,32.84,-0.3199999999999932,34.38,0.8500000000000014,35.71,-5.519999999999996
2025-07-23,BRN0W.ICE,68.67,68.92,69.1,68.0,68.67,0.0,0.0,0.0067954633236849,0.0125056253842829,0.0267038104321878,False,32.39,0.13000000000000256,0.0,32.26,0.879999999999999,32.17,-0.6700000000000017,33.16,-1.220000000000006,34.17,-1.5399999999999991
2025-07-24,BRN0W.ICE,68.67,68.74,69.54,68.49,69.36,0.0099979098397012,0.0100480559196154,0.0077430606386891,0.0127042045350381,0.0267367542327629,False,32.37,-0.020000000000003126,0.0099979098397012,32.39,0.13000000000000256,31.38,-0.7900000000000027,32.84,-0.3199999999999932,32.8,-1.3700000000000045
2025-07-25,BRN0W.ICE,69.36,69.36,69.86,68.31,68.39,-0.0140837173622817,-0.0139850057670126,0.0096409724104864,0.0125153400010498,0.0242520358941169,False,32.88,0.5100000000000051,0.0140837173622817,32.37,-0.020000000000003126,32.26,0.879999999999999,32.17,-0.6700000000000017,37.06,4.260000000000005
2025-07-28,BRN0W.ICE,68.39,68.54,70.45,68.35,70.4,0.028966648053992,0.0293902617341716,0.0141353541483348,0.0148255409214186,0.0242638418040349,False,35.37,2.489999999999995,0.028966648053992,32.88,0.5100000000000051,32.39,0.13000000000000256,31.38,-0.7900000000000027,33.53,-3.530000000000001
2025-07-29,BRN0W.ICE,70.4,70.28,73.08,69.86,72.76,0.0329730904859247,0.0335227272727272,0.017853821003913,0.0172066285201357,0.0228895235448186,False,38.04,2.6700000000000017,0.0329730904859247,35.37,2.489999999999995,32.37,-0.020000000000003126,32.26,0.879999999999999,34.38,0.8500000000000014
2025-07-30,BRN0W.ICE,72.76,71.7,73.17,70.92,72.75,-0.0001374475983196,-0.0001374381528312,0.017706663557285,0.0161220742820633,0.0228375819622418,False,37.75,-0.28999999999999915,0.0001374475983196,38.04,2.6700000000000017,32.88,0.5100000000000051,32.39,0.13000000000000256,33.16,-1.220000000000006
2025-07-31,BRN0W.ICE,72.75,72.78,72.82,71.0,71.78,-0.0134230203321406,-0.0133333333333333,0.0188172087750931,0.0155030760661378,0.0221304753857145,False,36.78,-0.9699999999999989,0.0134230203321406,37.75,-0.28999999999999915,35.37,2.489999999999995,32.37,-0.020000000000003126,32.84,-0.3199999999999932
2025-08-01,BRN0W.ICE,71.78,71.83,72.0,69.4,69.52,-0.0319914047623247,-0.0314850933407635,0.0238279490851877,0.0168929154931143,0.0226683218687531,False,39.37,2.5899999999999963,0.0319914047623247,36.78,-0.9699999999999989,38.04,2.6700000000000017,32.88,0.5100000000000051,32.17,-0.6700000000000017
2025-08-04,BRN0W.ICE,69.52,69.11,69.98,68.0,68.68,-0.0121564449278616,-0.0120828538550056,0.0240215221842996,0.0171929909635751,0.0169855584425365,False,38.79,-0.5799999999999983,0.0121564449278616,39.37,2.5899999999999963,37.75,-0.28999999999999915,35.37,2.489999999999995,31.38,-0.7900000000000027
2025-08-05,BRN0W.ICE,68.68,68.75,68.87,67.52,67.68,-0.0146673207313069,-0.0145602795573674,0.0240738063232281,0.0176228767898143,0.0153045321635018,False,35.3,-3.490000000000002,0.0146673207313069,38.79,-0.5799999999999983,36.78,-0.9699999999999989,38.04,2.6700000000000017,32.26,0.879999999999999
2025-08-06,BRN0W.ICE,67.68,67.75,69.18,66.22,66.96,-0.0106952891167481,-0.0106382978723406,0.0200400757058803,0.0172595478722686,0.0153981944180104,False,36.67,1.3700000000000045,0.0106952891167481,35.3,-3.490000000000002,39.37,2.5899999999999963,37.75,-0.28999999999999915,32.39,0.13000000000000256
2025-08-07,BRN0W.ICE,66.96,66.88,67.68,66.27,66.41,-0.0082477786285975,-0.0082138590203105,0.009640798623747,0.0173012176121234,0.0154542923571065,False,35.01,-1.6600000000000037,0.0082477786285975,36.67,1.3700000000000045,38.79,-0.5799999999999983,36.78,-0.9699999999999989,32.37,-0.020000000000003126
2025-08-08,BRN0W.ICE,66.41,66.42,67.22,65.53,66.32,-0.0013561367255828,-0.0013552175877127,0.009376221182083,0.0173049495789855,0.0154168929819973,False,34.06,-0.9499999999999957,0.0013561367255828,35.01,-1.6600000000000037,35.3,-3.490000000000002,39.37,2.5899999999999963,32.88,0.5100000000000051
2025-08-11,BRN0W.ICE,66.32,66.25,67.13,65.81,66.71,0.0058633558943845,0.0058805790108564,0.0118213245539077,0.0174309492237935,0.0154340029379467,False,31.4,-2.6600000000000037,0.0058633558943845,34.06,-0.9499999999999957,36.67,1.3700000000000045,38.79,-0.5799999999999983,35.37,2.489999999999995
2025-08-12,BRN0W.ICE,66.71,66.8,67.06,65.98,66.11,-0.0090348453759371,-0.0089941538000298,0.0070923571867301,0.017515523704288,0.0154084793397854,False,30.31,-1.0899999999999999,0.0090348453759371,31.4,-2.6600000000000037,35.01,-1.6600000000000037,35.3,-3.490000000000002,38.04,2.6700000000000017
2025-08-13,BRN0W.ICE,66.11,66.14,66.33,65.01,65.74,-0.0056124531094135,-0.005596732718197,0.006750902675705,0.0171368403488517,0.0144915476542847,False,33.82,3.5100000000000016,0.0056124531094135,30.31,-1.0899999999999999,34.06,-0.9499999999999957,36.67,1.3700000000000045,37.75,-0.28999999999999915
2025-08-14,BRN0W.ICE,65.74,65.76,66.99,65.55,66.89,0.0173419108942433,0.017493154852449,0.0101061799680156,0.0177378774507736,0.0148897377717532,False,35.96,2.1400000000000006,0.0173419108942433,33.82,3.5100000000000016,31.4,-2.6600000000000037,35.01,-1.6600000000000037,36.78,-0.9699999999999989
2025-08-15,BRN0W.ICE,66.89,66.22,66.39,65.2,65.45,-0.0217629867744077,-0.0215278815966512,0.012365411188156,0.0161250877159389,0.0153541548643789,False,37.22,1.259999999999998,0.0217629867744077,35.96,2.1400000000000006,30.31,-1.0899999999999999,34.06,-0.9499999999999957,39.37,2.5899999999999963
2025-08-18,BRN0W.ICE,65.45,65.26,66.24,64.79,65.89,0.0067001925698195,0.0067226890756302,0.0126476634090682,0.0124497891595726,0.0150883129090838,False,32.15,-5.07,0.0067001925698195,37.22,1.259999999999998,33.82,3.5100000000000016,31.4,-2.6600000000000037,38.79,-0.5799999999999983
2025-08-19,BRN0W.ICE,65.89,65.98,66.01,65.14,65.42,-0.0071586628154906,-0.0071331006222491,0.0128539577032029,0.0122888013704441,0.0150411192130261,False,33.04,0.8900000000000006,0.0071586628154906,32.15,-5.07,35.96,2.1400000000000006,30.31,-1.0899999999999999,35.3,-3.490000000000002
2025-08-20,BRN0W.ICE,65.42,65.59,66.54,65.31,66.53,0.0168249516435583,0.0169672882910425,0.0145239610637808,0.0137551326196073,0.0154236742706492,False,32.51,-0.5300000000000011,0.0168249516435583,33.04,0.8900000000000006,37.22,1.259999999999998,33.82,3.5100000000000016,36.67,1.3700000000000045
2025-08-21,BRN0W.ICE,66.53,66.46,67.25,66.25,67.11,0.0086800904163516,0.0087178716368554,0.0143075290125508,0.0118798127077676,0.0151964696440164,False,31.54,-0.9699999999999989,0.0086800904163516,32.51,-0.5300000000000011,32.15,-5.07,35.96,2.1400000000000006,35.01,-1.6600000000000037
2025-08-22,BRN0W.ICE,67.11,67.05,67.45,66.89,67.26,0.0022326421419757,0.002235136343317,0.0139000844776826,0.0116011597922067,0.0144024504030992,False,30.35,-1.1899999999999977,0.0022326421419757,31.54,-0.9699999999999989,33.04,0.8900000000000006,37.22,1.259999999999998,34.06,-0.9499999999999957
2025-08-25,BRN0W.ICE,67.26,67.39,68.49,67.04,68.2,0.0138788585372927,0.0139756170086231,0.0133669899455041,0.0116160222844089,0.0141749255205783,False,31.24,0.889999999999997,0.0138788585372927,30.35,-1.1899999999999977,32.51,-0.5300000000000011,32.15,-5.07,31.4,-2.6600000000000037
2025-08-26,BRN0W.ICE,68.2,68.14,68.16,66.6,66.69,-0.0223895482052015,-0.0221407624633431,0.013559368069851,0.0128423477349554,0.0147201724165667,False,33.73,2.4899999999999984,0.0223895482052015,31.24,0.889999999999997,31.54,-0.9699999999999989,33.04,0.8900000000000006,30.31,-1.0899999999999999
2025-08-27,BRN0W.ICE,66.69,66.85,67.51,66.37,67.2,0.0076182308848891,0.0076473234367973,0.0136090675385402,0.0127858857838287,0.0148030983144678,False,31.94,-1.7899999999999956,0.0076182308848891,33.73,2.4899999999999984,30.35,-1.1899999999999977,32.51,-0.5300000000000011,33.82,3.5100000000000016
2025-08-28,BRN0W.ICE,67.2,67.15,68.06,66.81,67.65,0.0066741070876932,0.0066964285714286,0.0129060506938515,0.0128594707825729,0.0146250792925914,False,33.98,2.0399999999999956,0.0066741070876932,31.94,-1.7899999999999956,31.24,0.889999999999997,31.54,-0.9699999999999989,35.96,2.1400000000000006
2025-08-29,BRN0W.ICE,67.65,67.59,67.94,67.29,67.46,-0.002812524983293,-0.002808573540281,0.0119527212396237,0.0128378115725675,0.0145982505740146,False,32.63,-1.3499999999999943,0.002812524983293,33.98,2.0399999999999956,33.73,2.4899999999999984,30.35,-1.1899999999999977,37.22,1.259999999999998
2025-09-01,BRN0W.ICE,67.46,67.42,68.36,67.12,68.16,0.0103230528875561,0.0103765194189149,0.0121210884590701,0.0127393265714479,0.0147377813190358,False,32.63,0.0,0.0103230528875561,32.63,-1.3499999999999943,31.94,-1.7899999999999956,31.24,0.889999999999997,32.15,-5.07
2025-09-02,BRN0W.ICE,68.16,68.19,69.53,68.05,69.07,0.0132626005798211,0.013350938967136,0.0128201106758627,0.0128493687322884,0.0149049602808453,False,34.28,1.6499999999999986,0.0132626005798211,32.63,0.0,33.98,2.0399999999999956,33.73,2.4899999999999984,33.04,0.8900000000000006
2025-09-03,BRN0W.ICE,69.07,69.1,69.24,67.36,67.39,-0.0246238441427558,-0.0243231504271028,0.0157066107744284,0.014202964387124,0.015578759209778,False,35.22,0.9399999999999977,0.0246238441427558,34.28,1.6499999999999986,32.63,-1.3499999999999943,31.94,-1.7899999999999956,32.51,-0.5300000000000011
2025-09-04,BRN0W.ICE,67.39,67.41,67.41,66.35,66.88,-0.0075966701816795,-0.0075678884107435,0.0132654958879154,0.012940962099939,0.015495935230482,False,35.03,-0.18999999999999773,0.0075966701816795,35.22,0.9399999999999977,32.63,0.0,33.98,2.0399999999999956,31.54,-0.9699999999999989
2025-09-05,BRN0W.ICE,66.88,66.82,67.05,65.07,65.67,-0.0182577685735648,-0.0180921052631578,0.0144714063886763,0.0138622685887043,0.0156336050492775,False,33.33,-1.7000000000000028,0.0182577685735648,35.03,-0.18999999999999773,34.28,1.6499999999999986,32.63,-1.3499999999999943,30.35,-1.1899999999999977
2025-09-08,BRN0W.ICE,65.67,65.55,67.04,65.51,66.24,0.0086423098741228,0.0086797624486065,0.0147143546231733,0.0138987306077377,0.0146860736712393,False,35.03,1.7000000000000028,0.0086423098741228,33.33,-1.7000000000000028,35.22,0.9399999999999977,32.63,0.0,31.24,0.889999999999997
2025-09-09,BRN0W.ICE,66.24,66.23,67.38,66.12,66.53,0.0043684636767919,0.0043780193236715,0.0149782886421934,0.0131802850708441,0.0131872132196875,False,33.44,-1.5900000000000034,0.0043684636767919,35.03,1.7000000000000028,35.03,-0.18999999999999773,34.28,1.6499999999999986,33.73,2.4899999999999984
2025-09-10,BRN0W.ICE,66.53,66.69,67.78,66.66,67.6,0.0159550092951222,0.0160829700886817,0.0158739730627226,0.0136826586587286,0.0136269497862564,False,33.35,-0.0899999999999963,0.0159550092951222,33.44,-1.5900000000000034,33.33,-1.7000000000000028,35.22,0.9399999999999977,31.94,-1.7899999999999956
2025-09-11,BRN0W.ICE,67.6,67.25,67.28,65.81,65.95,-0.0247111038855947,-0.0244082840236685,0.016588809137697,0.0152305314595611,0.014088489765542,False,33.96,0.6099999999999994,0.0247111038855947,33.35,-0.0899999999999963,35.03,1.7000000000000028,35.03,-0.18999999999999773,33.98,2.0399999999999956
2025-09-12,BRN0W.ICE,65.95,65.88,67.71,65.36,66.45,0.0075529059959306,0.0075815011372251,0.0151596401838325,0.0148308113621878,0.0130791613463123,False,31.77,-2.1900000000000013,0.0075529059959306,33.96,0.6099999999999994,33.44,-1.5900000000000034,33.33,-1.7000000000000028,32.63,-1.3499999999999943
2025-09-15,BRN0W.ICE,66.45,66.79,67.41,66.35,67.02,0.00854129714991,0.0085778781038374,0.0153931562259509,0.0138051730253986,0.0130438049574711,False,30.98,-0.7899999999999991,0.00854129714991,31.77,-2.1900000000000013,33.35,-0.0899999999999963,35.03,1.7000000000000028,32.63,0.0
2025-09-16,BRN0W.ICE,67.02,67.05,68.22,66.64,68.03,0.0149577020478051,0.0150701283199046,0.0137515314238839,0.014234975050575,0.0130803283158573,False,33.17,2.1900000000000013,0.0149577020478051,30.98,-0.7899999999999991,33.96,0.6099999999999994,33.44,-1.5900000000000034,34.28,1.6499999999999986
2025-09-17,BRN0W.ICE,68.03,68.07,68.14,67.13,67.41,-0.0091554094916219,-0.00911362634132,0.0145947743848958,0.0143671307465282,0.0130391696755396,False,31.05,-2.120000000000001,0.0091554094916219,33.17,2.1900000000000013,31.77,-2.1900000000000013,33.35,-0.0899999999999963,35.22,0.9399999999999977
2025-09-18,BRN0W.ICE,67.41,67.51,67.88,66.69,66.97,-0.0065486169433886,-0.0065272214804924,0.0149411763601224,0.0144527559251383,0.013004749789711,False,31.88,0.8299999999999983,0.0065486169433886,31.05,-2.120000000000001,30.98,-0.7899999999999991,33.96,0.6099999999999994,35.03,-0.18999999999999773
2025-09-19,BRN0W.ICE,66.97,66.94,67.06,65.85,66.05,-0.0138327269536245,-0.0137374944004778,0.0141748444706151,0.0145004282543422,0.0132559457933442,False,30.53,-1.3499999999999979,0.0138327269536245,31.88,0.8299999999999983,33.17,2.1900000000000013,31.77,-2.1900000000000013,33.33,-1.7000000000000028
2025-09-22,BRN0W.ICE,66.05,65.98,66.67,65.35,66.01,-0.0006057852676547,-0.0006056018168053,0.0105832578378527,0.0138170557628592,0.0132075168329258,False,30.88,0.34999999999999787,0.0006057852676547,30.53,-1.3499999999999979,31.05,-2.120000000000001,30.98,-0.7899999999999991,35.03,1.7000000000000028
2025-09-23,BRN0W.ICE,66.01,65.99,67.42,65.49,67.17,0.0174204735780935,0.0175730949856081,0.0122609472608674,0.0133730177700336,0.0134879716616215,False,32.58,1.6999999999999993,0.0174204735780935,30.88,0.34999999999999787,31.88,0.8299999999999983,33.17,2.1900000000000013,33.44,-1.5900000000000034
2025-09-24,BRN0W.ICE,67.17,67.17,68.51,66.79,68.26,0.0160972241997878,0.0162274825070716,0.0132710850784747,0.0138599261882683,0.0137273006558513,False,34.08,1.5,0.0160972241997878,32.58,1.6999999999999993,30.53,-1.3499999999999979,31.05,-2.120000000000001,33.35,-0.0899999999999963
2025-09-25,BRN0W.ICE,68.26,68.25,68.83,67.67,68.8,0.0078798014607367,0.0079109288016405,0.0124164253436818,0.0127126631341367,0.0134508279623244,False,36.85,2.770000000000003,0.0078798014607367,34.08,1.5,30.88,0.34999999999999787,31.88,0.8299999999999983,33.96,0.6099999999999994
2025-09-26,BRN0W.ICE,68.8,68.75,69.87,68.28,68.82,0.0002906554300363,0.0002906976744185,0.0115336178949589,0.0126397375089767,0.0127518350120529,False,35.85,-1.0,0.0002906554300363,36.85,2.770000000000003,32.58,1.6999999999999993,30.53,-1.3499999999999979,31.77,-2.1900000000000013
2025-09-29,BRN0W.ICE,68.82,68.65,68.95,66.68,66.77,-0.0302405224995568,-0.0297878523684974,0.016978868636257,0.0153815161075661,0.0139746404928814,False,35.54,-0.3100000000000023,0.0302405224995568,35.85,-1.0,34.08,1.5,30.88,0.34999999999999787,30.98,-0.7899999999999991
2025-09-30,BRN0W.ICE,66.77,66.74,66.84,65.64,66.15,-0.0093289873088126,-0.0092856073086714,0.0164637404410319,0.0148725217606217,0.0140208869787579,False,35.58,0.03999999999999915,0.0093289873088126,35.54,-0.3100000000000023,36.85,2.770000000000003,32.58,1.6999999999999993,33.17,2.1900000000000013
2025-10-01,BRN0W.ICE,66.77,66.18,66.57,65.05,65.42,-0.0110968684507268,-0.0110355253212396,0.0170191728799,0.0136351602231751,0.01381616130935,False,36.39,0.8100000000000023,0.0110968684507268,35.58,0.03999999999999915,35.85,-1.0,34.08,1.5,31.05,-2.120000000000001
2025-10-02,BRN0W.ICE,66.77,65.45,66.15,64.0,64.32,-0.0169573972395271,-0.0168144298379702,0.0156256922424686,0.0140774552801455,0.0140163038639304,False,37.62,1.2299999999999969,0.0169573972395271,36.39,0.8100000000000023,35.54,-0.3100000000000023,36.85,2.770000000000003,31.88,0.8299999999999983
2025-10-03,BRN0W.ICE,66.77,64.38,65.02,64.2,64.36,0.0006216972534715,0.0006218905472636,0.012782304782542,0.0137627292924639,0.0140049270245979,False,36.5,-1.1199999999999974,0.0006216972534715,37.62,1.2299999999999969,35.58,0.03999999999999915,35.85,-1.0,30.53,-1.3499999999999979
2025-10-06,BRN0W.ICE,66.77,64.9,65.77,64.76,65.52,0.0178631174206315,0.0180236171535115,0.0152255016611308,0.0140710555907163,0.0141733689144727,False,32.44,-4.060000000000002,0.0178631174206315,36.5,-1.1199999999999974,36.39,0.8100000000000023,35.54,-0.3100000000000023,30.88,0.34999999999999787
2025-10-07,BRN0W.ICE,66.77,65.48,65.84,64.53,65.73,0.003200002730671,0.0032051282051284,0.0154943351110714,0.0140214089535035,0.0136219380583795,False,31.82,-0.6199999999999974,0.003200002730671,32.44,-4.060000000000002,37.62,1.2299999999999969,35.58,0.03999999999999915,32.58,1.6999999999999993
2025-10-08,BRN0W.ICE,66.77,65.8,66.54,65.76,66.08,0.0053106869372375,0.0053248136315227,0.0118337768936812,0.0140707816560529,0.0135810677036287,False,31.53,-0.28999999999999915,0.0053106869372375,31.82,-0.6199999999999974,36.5,-1.1199999999999974,36.39,0.8100000000000023,34.08,1.5
2025-10-09,BRN0W.ICE,66.15,65.82,66.58,64.96,65.23,-0.0129466434047179,-0.0128631961259079,0.0123031747088286,0.0140102663565156,0.0136926502508216,False,32.48,0.9499999999999957,0.0129466434047179,31.53,-0.28999999999999915,32.44,-4.060000000000002,37.62,1.2299999999999969,36.85,2.770000000000003
2025-10-10,BRN0W.ICE,65.23,65.27,65.36,62.0,62.09,-0.0493345404312031,-0.0481373601103786,0.0218215531065295,0.0190721261512675,0.0162714419980873,False,37.73,5.25,0.0493345404312031,32.48,0.9499999999999957,31.82,-0.6199999999999974,36.5,-1.1199999999999974,35.85,-1.0
2025-10-13,BRN0W.ICE,62.09,62.9,63.95,62.9,63.39,0.0207211749192736,0.0209373490095023,0.0236590253666288,0.0193801674074705,0.0166658168515374,False,35.92,-1.8099999999999952,0.0207211749192736,37.73,5.25,31.53,-0.28999999999999915,32.44,-4.060000000000002,35.54,-0.3100000000000023
2025-10-14,BRN0W.ICE,63.39,63.49,63.63,61.5,62.28,-0.0176657733302774,-0.0175106483672503,0.0243115698575502,0.0187593025353938,0.0166188900787158,False,37.9,1.9799999999999969,0.0176657733302774,35.92,-1.8099999999999952,32.48,0.9499999999999957,31.82,-0.6199999999999974,35.58,0.03999999999999915
2025-10-15,BRN0W.ICE,62.28,62.33,63.04,61.79,62.47,0.0030460945396808,0.0030507385998714,0.0226055382009437,0.018516223426086,0.0161648274969093,False,36.62,-1.2800000000000011,0.0030460945396808,37.9,1.9799999999999969,37.73,5.25,31.53,-0.28999999999999915,36.39,0.8100000000000023
2025-10-16,BRN0W.ICE,62.47,62.07,62.4,60.57,60.73,-0.0282486315959945,-0.0278533696174163,0.0233958608563177,0.0192219319260973,0.0168148451578807,False,38.26,1.6400000000000006,0.0282486315959945,36.62,-1.2800000000000011,35.92,-1.8099999999999952,32.48,0.9499999999999957,37.62,1.2299999999999969
2025-10-17,BRN0W.ICE,60.73,60.73,61.25,59.99,61.16,0.0070555711513775,0.0070805203359129,0.0236106746606283,0.0186166028007843,0.0166684638620294,False,37.24,-1.019999999999996,0.0070555711513775,38.26,1.6400000000000006,37.9,1.9799999999999969,37.73,5.25,36.5,-1.1199999999999974
2025-10-20,BRN0W.ICE,61.16,61.16,61.37,59.97,60.8,-0.0059035920887402,-0.0058862001308044,0.0236665425389005,0.0185957851106183,0.0165481618165193,False,36.77,-0.46999999999999886,0.0059035920887402,37.24,-1.019999999999996,36.62,-1.2800000000000011,35.92,-1.8099999999999952,32.44,-4.060000000000002
2025-10-21,BRN0W.ICE,60.8,60.78,61.82,60.2,61.36,0.0091683680868795,0.0092105263157895,0.0168197360640901,0.018955776653532,0.0166433557410646,False,35.87,-0.9000000000000057,0.0091683680868795,36.77,-0.46999999999999886,38.26,1.6400000000000006,37.9,1.9799999999999969,31.82,-0.6199999999999974
2025-10-22,BRN0W.ICE,61.36,61.34,64.04,61.09,63.89,0.0404046975552512,0.0412320730117341,0.0220293635223526,0.0220247448735251,0.0181211871713226,False,38.09,2.220000000000006,0.0404046975552512,35.87,-0.9000000000000057,37.24,-1.019999999999996,36.62,-1.2800000000000011,31.53,-0.28999999999999915
2025-10-23,BRN0W.ICE,63.89,63.8,65.66,63.37,65.26,0.0212164365509227,0.0214431053372985,0.0213953170218839,0.0227787885805919,0.0180659312290498,False,40.46,2.3699999999999974,0.0212164365509227,38.09,2.220000000000006,36.77,-0.46999999999999886,38.26,1.6400000000000006,32.48,0.9499999999999957
2025-10-24,BRN0W.ICE,65.26,65.12,65.95,64.73,64.92,-0.0052235485187841,-0.0052099295127183,0.0218526406514269,0.022293972537366,0.0180237368159532,False,38.7,-1.759999999999998,0.0052235485187841,40.46,2.3699999999999974,35.87,-0.9000000000000057,37.24,-1.019999999999996,37.73,5.25
2025-10-27,BRN0W.ICE,64.92,65.35,65.89,64.32,65.04,0.0018467225931647,0.0018484288354898,0.0163833128628931,0.022278890951243,0.0179456690048712,False,38.96,0.259999999999998,0.0018467225931647,38.7,-1.759999999999998,38.09,2.220000000000006,36.77,-0.46999999999999886,35.92,-1.8099999999999952
2025-10-28,BRN0W.ICE,65.04,64.88,65.01,63.43,63.86,-0.0183092779529193,-0.0181426814268144,0.0195827743924574,0.0226751373960685,0.0179534478550602,False,37.18,-1.7800000000000011,0.0183092779529193,38.96,0.259999999999998,40.46,2.3699999999999974,35.87,-0.9000000000000057,37.9,1.9799999999999969
2025-10-29,BRN0W.ICE,63.86,63.9,64.7,63.38,64.3,0.0068664439569377,0.0068900720325713,0.0188515767987374,0.0225871325078136,0.0179748838857129,False,37.14,-0.03999999999999915,0.0068664439569377,37.18,-1.7800000000000011,38.7,-1.759999999999998,38.09,2.220000000000006,36.62,-1.2800000000000011
2025-10-30,BRN0W.ICE,64.3,64.07,64.54,63.47,64.03,-0.0042079077128628,-0.0041990668740279,0.01938334197944,0.0178955213087934,0.0179576198796764,False,34.74,-2.3999999999999986,0.0042079077128628,37.14,-0.03999999999999915,38.96,0.259999999999998,40.46,2.3699999999999974,38.26,1.6400000000000006
2025-10-31,BRN0W.ICE,64.03,64.05,65.15,63.81,64.58,0.0085530417994183,0.0085897235670779,0.0125005843479146,0.0172089855469361,0.0178923129457774,False,36.2,1.4600000000000009,0.0085530417994183,34.74,-2.3999999999999986,37.18,-1.7800000000000011,38.7,-1.759999999999998,37.24,-1.019999999999996
2025-11-03,BRN0W.ICE,64.58,65.12,65.32,64.33,64.84,0.0040179315373461,0.0040260142458965,0.0092567359939498,0.0163208375642241,0.0179135019406723,False,34.31,-1.8900000000000006,0.0040179315373461,36.2,1.4600000000000009,37.14,-0.03999999999999915,38.96,0.259999999999998,36.77,-0.46999999999999886
2025-11-04,BRN0W.ICE,64.84,64.73,64.8,63.82,64.35,-0.0075857628253397,-0.0075570635410241,0.0094800358740995,0.0165580099050559,0.0176257323847902,False,34.27,-0.03999999999999915,0.0075857628253397,34.31,-1.8900000000000006,34.74,-2.3999999999999986,37.18,-1.7800000000000011,35.87,-0.9000000000000057
2025-11-05,BRN0W.ICE,64.35,64.18,64.95,63.44,63.55,-0.0125099364066726,-0.0124320124320124,0.0102200448766456,0.0147761092809967,0.017417419655904,False,33.69,-0.5800000000000054,0.0125099364066726,34.27,-0.03999999999999915,36.2,1.4600000000000009,37.14,-0.03999999999999915,38.09,2.220000000000006
2025-11-06,BRN0W.ICE,63.55,63.58,64.34,62.84,63.57,0.0003146633128544,0.0003147128245477,0.007803147578213,0.0147520942123746,0.0173181883624509,False,33.76,0.07000000000000028,0.0003146633128544,33.69,-0.5800000000000054,34.31,-1.8900000000000006,34.74,-2.3999999999999986,40.46,2.3699999999999974
2025-11-07,BRN0W.ICE,63.57,63.63,64.39,63.23,63.7,0.0020429016298003,0.0020449897750511,0.00721992110177,0.0145444999046257,0.0173313470899087,False,33.33,-0.4299999999999997,0.0020429016298003,33.76,0.07000000000000028,34.27,-0.03999999999999915,36.2,1.4600000000000009,38.7,-1.759999999999998
2025-11-10,BRN0W.ICE,63.7,63.8,64.34,63.32,63.94,0.0037605810535776,0.0037676609105179,0.007319749496944,0.014448962454823,0.0165542477314337,False,32.12,-1.2100000000000009,0.0037605810535776,33.33,-0.4299999999999997,33.69,-0.5800000000000054,34.31,-1.8900000000000006,38.96,0.259999999999998
2025-11-11,BRN0W.ICE,63.94,63.94,65.31,63.6,65.09,0.0178257839526006,0.0179856115107914,0.0096394984534557,0.0107263082260061,0.0168480042694328,False,32.02,-0.09999999999999432,0.0178257839526006,32.12,-1.2100000000000009,33.76,0.07000000000000028,34.27,-0.03999999999999915,37.18,-1.7800000000000011
2025-11-12,BRN0W.ICE,65.09,65.15,65.15,62.56,62.68,-0.0377285100964759,-0.037025656782916,0.0173669891829766,0.0135235273954287,0.0180800711948749,False,33.0,0.9799999999999969,0.0377285100964759,32.02,-0.09999999999999432,33.33,-0.4299999999999997,33.69,-0.5800000000000054,37.14,-0.03999999999999915
2025-11-13,BRN0W.ICE,62.68,62.56,63.45,62.34,63.11,0.006836818108328,0.0068602425015953,0.0178361433807106,0.0137451509152428,0.0178962208062081,False,32.63,-0.36999999999999744,0.006836818108328,33.0,0.9799999999999969,32.12,-1.2100000000000009,33.76,0.07000000000000028,34.74,-2.3999999999999986
2025-11-14,BRN0W.ICE,63.11,63.36,64.87,63.36,64.29,0.0185248625574472,0.0186975122801458,0.0188431201217835,0.014789138875636,0.0182348036259152,False,33.12,0.4899999999999949,0.0185248625574472,32.63,-0.36999999999999744,32.02,-0.09999999999999432,33.33,-0.4299999999999997,36.2,1.4600000000000009
2025-11-17,BRN0W.ICE,64.29,64.03,64.72,63.67,64.03,-0.0040523746228845,-0.0040441748327889,0.0189667357512075,0.0139604885650352,0.0179294258747961,False,32.38,-0.7399999999999949,0.0040523746228845,33.12,0.4899999999999949,33.0,0.9799999999999969,32.12,-1.2100000000000009,34.31,-1.8900000000000006
2025-11-18,BRN0W.ICE,64.03,63.58,64.64,63.2,64.36,0.0051405985934717,0.0051538341402468,0.0190303379194225,0.013904505471493,0.0179477222845362,False,33.33,0.9499999999999957,0.0051405985934717,32.38,-0.7399999999999949,32.63,-0.36999999999999744,32.02,-0.09999999999999432,34.27,-0.03999999999999915
2025-11-19,BRN0W.ICE,64.36,64.26,64.36,62.43,63.16,-0.0188211327367411,-0.0186451211932877,0.0204396378469776,0.0147715445520169,0.0182078378135145,False,34.12,0.7899999999999991,0.0188211327367411,33.33,0.9499999999999957,33.12,0.4899999999999949,33.0,0.9799999999999969,33.69,-0.5800000000000054
2025-11-20,BRN0W.ICE,63.16,63.23,63.85,62.41,62.52,-0.0101846838341653,-0.0101329955668143,0.0186294117028831,0.0146902769811895,0.0181549034691251,False,36.38,2.260000000000005,0.0101846838341653,34.12,0.7899999999999991,32.38,-0.7399999999999949,32.63,-0.36999999999999744,33.76,0.07000000000000028
2025-11-21,BRN0W.ICE,62.52,62.4,62.47,61.26,61.89,-0.0101278898020057,-0.0100767754318618,0.0127168811247142,0.0147076130554374,0.0158514265341466,False,35.97,-0.4100000000000037,0.0101278898020057,36.38,2.260000000000005,33.33,0.9499999999999957,33.12,0.4899999999999949,33.33,-0.4299999999999997
2025-11-24,BRN0W.ICE,61.89,61.9,62.92,61.34,62.73,0.0134811863573817,0.0135724672806591,0.0136814150519702,0.0153038845586375,0.0155761032490258,False,36.3,0.3299999999999983,0.0134811863573817,35.97,-0.4100000000000037,34.12,0.7899999999999991,32.38,-0.7399999999999949,32.12,-1.2100000000000009
2025-11-25,BRN0W.ICE,62.73,62.72,62.73,60.96,61.9,-0.0133196224181014,-0.013231308783676,0.0112361905587791,0.0153488492161284,0.015429003684962,False,37.57,1.2700000000000031,0.0133196224181014,36.3,0.3299999999999983,36.38,2.260000000000005,33.33,0.9499999999999957,32.02,-0.09999999999999432
2025-11-26,BRN0W.ICE,61.9,61.94,62.6,61.53,62.44,0.0086859159566809,0.0087237479806139,0.0124581542768379,0.015601858729965,0.0155041460393177,False,35.7,-1.8699999999999974,0.0086859159566809,37.57,1.2700000000000031,35.97,-0.4100000000000037,34.12,0.7899999999999991,33.0,0.9799999999999969
2025-11-27,BRN0W.ICE,62.44,62.44,62.96,62.14,62.92,0.0076579825428457,0.0076873798846892,0.0127843219763553,0.0157652007410708,0.0146096460486698,False,35.7,0.0,0.0076579825428457,35.7,-1.8699999999999974,36.3,0.3299999999999983,36.38,2.260000000000005,32.63,-0.36999999999999744
2025-11-28,BRN0W.ICE,62.92,62.88,63.39,62.12,62.32,-0.0095816766275843,-0.0095359186268277,0.0112970977343592,0.0158660451436178,0.0146944803792175,False,35.95,0.25,0.0095816766275843,35.7,0.0,37.57,1.2700000000000031,35.97,-0.4100000000000037,33.12,0.4899999999999949
2025-12-01,BRN0W.ICE,62.32,62.69,63.82,62.69,63.33,0.0160767489658461,0.016206675224647,0.0123990386355017,0.0157054147394299,0.0149041503063323,False,35.82,-0.13000000000000256,0.0160767489658461,35.95,0.25,35.7,-1.8699999999999974,36.3,0.3299999999999983,32.38,-0.7399999999999949
2025-12-02,BRN0W.ICE,63.33,63.33,63.35,62.17,62.39,-0.0149541444056439,-0.0148428864677088,0.0132783795390095,0.0125847965308335,0.0151174848502387,False,35.89,0.07000000000000028,0.0149541444056439,35.82,-0.13000000000000256,35.7,0.0,37.57,1.2700000000000031,33.33,0.9499999999999957
2025-12-03,BRN0W.ICE,62.39,62.56,63.37,62.18,62.75,0.0057535718891982,0.0057701554736335,0.0123726045885065,0.0125405876541314,0.0131655352353064,False,33.72,-2.1700000000000017,0.0057535718891982,35.89,0.07000000000000028,35.95,0.25,35.7,-1.8699999999999974,34.12,0.7899999999999991
2025-12-04,BRN0W.ICE,62.75,62.72,63.62,62.53,63.37,0.0098319853235322,0.0098804780876493,0.0112476964082564,0.0117193399889761,0.0126697497460035,False,33.3,-0.4200000000000017,0.0098319853235322,33.72,-2.1700000000000017,35.82,-0.13000000000000256,35.7,0.0,36.38,2.260000000000005
2025-12-05,BRN0W.ICE,63.37,63.26,64.09,63.06,63.86,0.0077026239512103,0.0077323654726211,0.0111759040380101,0.0119057232634581,0.0127400471090983,False,32.06,-1.2399999999999949,0.0077026239512103,33.3,-0.4200000000000017,35.89,0.07000000000000028,35.95,0.25,35.97,-0.4100000000000037
2025-12-08,BRN0W.ICE,63.86,63.75,63.96,62.34,62.53,-0.0210467457074293,-0.0208268086439085,0.0141447372409964,0.0130097926670732,0.0132663877856226,False,33.03,0.9699999999999989,0.0210467457074293,32.06,-1.2399999999999949,33.72,-2.1700000000000017,35.82,-0.13000000000000256,36.3,0.3299999999999983
2025-12-09,BRN0W.ICE,62.53,62.54,62.78,61.83,62.12,-0.0065784432987203,-0.0065568527106989,0.0138801753017821,0.0121816263023975,0.0129163783707102,False,30.82,-2.210000000000001,0.0065784432987203,33.03,0.9699999999999989,33.3,-0.4200000000000017,35.89,0.07000000000000028,37.57,1.2700000000000031
2025-12-10,BRN0W.ICE,62.12,62.11,62.73,61.35,62.52,0.0064185072727896,0.0064391500321958,0.0123591726463057,0.0120456060548994,0.0129073216529059,False,30.78,-0.03999999999999915,0.0064185072727896,30.82,-2.210000000000001,32.06,-1.2399999999999949,33.72,-2.1700000000000017,35.7,-1.8699999999999974
2025-12-11,BRN0W.ICE,62.52,62.42,62.63,60.77,61.55,-0.0156366529228133,-0.0155150351887396,0.0124819645103414,0.0124838951197584,0.0131731503253289,False,31.88,1.0999999999999979,0.0156366529228133,30.78,-0.03999999999999915,33.03,0.9699999999999989,33.3,-0.4200000000000017,35.7,0.0
2025-12-12,BRN0W.ICE,61.55,61.34,61.59,60.57,60.94,-0.0099600790728995,-0.009910641754671,0.0122798254690983,0.0120440955784783,0.0131284048425346,False,29.93,-1.9499999999999993,0.0099600790728995,31.88,1.0999999999999979,30.82,-2.210000000000001,32.06,-1.2399999999999949,35.95,0.25
2025-12-15,BRN0W.ICE,60.94,60.91,61.2,59.88,60.09,-0.0140463352117263,-0.0139481457170986,0.0109868102427591,0.0120977654890671,0.0132596189501456,False,32.85,2.9200000000000017,0.0140463352117263,29.93,-1.9499999999999993,30.78,-0.03999999999999915,33.03,0.9699999999999989,35.82,-0.13000000000000256
2025-12-16,BRN0W.ICE,60.09,60.12,60.13,58.53,58.59,-0.0252794047891393,-0.0249625561657513,0.0103902781698591,0.0131261044590873,0.0138713734980685,False,36.23,3.3799999999999955,0.0252794047891393,32.85,2.9200000000000017,31.88,1.0999999999999979,30.82,-2.210000000000001,35.89,0.07000000000000028
2025-12-17,BRN0W.ICE,58.59,59.07,60.41,59.01,60.34,0.0294312001742178,0.0298685782556751,0.0180238359056907,0.0157173950521556,0.0149635107338282,False,36.74,0.5100000000000051,0.0294312001742178,36.23,3.3799999999999955,29.93,-1.9499999999999993,30.78,-0.03999999999999915,33.72,-2.1700000000000017
2025-12-18,BRN0W.ICE,60.34,60.3,60.35,59.29,59.41,-0.015532671363265,-0.0154126615843553,0.0184593138214716,0.0159875092673406,0.0151672592745386,False,33.6,-3.1400000000000006,0.015532671363265,36.74,0.5100000000000051,32.85,2.9200000000000017,31.88,1.0999999999999979,33.3,-0.4200000000000017
2025-12-19,BRN0W.ICE,59.41,59.4,60.23,59.11,60.12,0.0118800025171237,0.0119508500252483,0.0191909580613899,0.0156292397574229,0.0153684031717717,False,33.62,0.01999999999999602,0.0118800025171237,33.6,-3.1400000000000006,36.23,3.3799999999999955,29.93,-1.9499999999999993,32.06,-1.2399999999999949
2025-12-22,BRN0W.ICE,60.12,60.25,61.66,60.11,61.54,0.023344805009122,0.0236194278110446,0.0213272949022555,0.0168174116804035,0.0160204817878173,False,33.03,-0.5899999999999963,0.023344805009122,33.62,0.01999999999999602,36.74,0.5100000000000051,32.85,2.9200000000000017,33.03,0.9699999999999989
2025-12-23,BRN0W.ICE,61.54,61.44,62.03,61.28,61.92,0.0061558593875759,0.0061748456288592,0.0209422112969975,0.0168301404685258,0.0156787263833262,False,33.02,-0.00999999999999801,0.0061558593875759,33.03,-0.5899999999999963,33.6,-3.1400000000000006,36.23,3.3799999999999955,30.82,-2.210000000000001
2025-12-24,BRN0W.ICE,61.92,61.97,62.22,61.55,61.84,-0.001292825002305,-0.0012919896640826,0.0198093453715195,0.0165420187459679,0.0141227463620449,False,31.71,-1.3100000000000023,0.001292825002305,33.02,-0.00999999999999801,33.62,0.01999999999999602,36.74,0.5100000000000051,30.78,-0.03999999999999915
2025-12-26,BRN0W.ICE,61.84,61.9,62.26,60.16,60.33,-0.0247209118264962,-0.0244178525226391,0.0196719379077872,0.0173666236712801,0.0147237866207926,False,32.22,0.509999999999998,0.0247209118264962,31.71,-1.3100000000000023,33.03,-0.5899999999999963,33.6,-3.1400000000000006,31.88,1.0999999999999979
2025-12-29,BRN0W.ICE,60.33,60.62,61.72,60.43,61.26,0.0152976089519588,0.0154152163102934,0.0172209857170252,0.0173487633888818,0.014583544757113,False,32.16,-0.060000000000002274,0.0152976089519588,32.22,0.509999999999998,33.02,-0.00999999999999801,33.62,0.01999999999999602,29.93,-1.9499999999999993
2025-12-30,BRN0W.ICE,61.26,61.2,61.88,60.95,61.28,0.0003264240277067,0.000326477309827,0.0154581239229734,0.0172902824681047,0.0145801615958293,False,30.76,-1.399999999999995,0.0003264240277067,32.16,-0.060000000000002274,31.71,-1.3100000000000023,33.03,-0.5899999999999963,32.85,2.9200000000000017
2025-12-31,BRN0W.ICE,61.28,61.33,61.92,60.63,60.91,-0.0060561605839426,-0.0060378590078329,0.0155033493594927,0.0172013020827755,0.0145485593896082,False,30.17,-0.5899999999999999,0.0060561605839426,30.76,-1.399999999999995,32.22,0.509999999999998,33.02,-0.00999999999999801,36.23,3.3799999999999955
2026-01-02,BRN0W.ICE,61.28,60.86,61.38,60.01,60.8,-0.0018075758762719,-0.0018059431948777,0.0122736162468983,0.0167404294969485,0.0141908556813739,False,28.4,-1.7700000000000031,0.0018075758762719,30.17,-0.5899999999999999,32.16,-0.060000000000002274,31.71,-1.3100000000000023,36.74,0.5100000000000051
2026-01-05,BRN0W.ICE,60.91,60.99,61.89,59.75,61.77,0.0158280207356865,0.0159539473684211,0.0137631666794243,0.0170793018852806,0.014420189718886,False,29.41,1.0100000000000016,0.0158280207356865,28.4,-1.7700000000000031,30.76,-1.399999999999995,32.22,0.509999999999998,33.6,-3.1400000000000006
2026-01-06,BRN0W.ICE,61.77,61.7,62.33,60.4,60.51,-0.0206091690735777,-0.0203982515784362,0.0157740620002986,0.0176050215712194,0.0147862739710335,False,30.06,0.6499999999999986,0.0206091690735777,29.41,1.0100000000000016,30.17,-0.5899999999999999,32.16,-0.060000000000002274,33.62,0.01999999999999602
2026-01-07,BRN0W.ICE,60.51,60.1,60.93,59.81,60.39,-0.0019851123144202,-0.0019831432821021,0.0126037785795035,0.0160099325119057,0.0145404985004177,False,32.98,2.919999999999998,0.0019851123144202,30.06,0.6499999999999986,28.4,-1.7700000000000031,30.76,-1.399999999999995,33.03,-0.5899999999999963
2026-01-08,BRN0W.ICE,60.39,60.29,63.02,59.96,62.7,0.0375379193190652,0.0382513661202186,0.0184897802793378,0.0171762251609242,0.0159802872225043,False,35.8,2.8200000000000003,0.0375379193190652,32.98,2.919999999999998,29.41,1.0100000000000016,30.17,-0.5899999999999999,33.02,-0.00999999999999801
2026-01-09,BRN0W.ICE,62.7,62.6,63.92,61.83,63.02,0.0050906886902535,0.005103668261563,0.0184488969113611,0.0163531505749777,0.0159296240514266,False,36.8,1.0,0.0050906886902535,35.8,2.8200000000000003,30.06,0.6499999999999986,28.4,-1.7700000000000031,31.71,-1.3100000000000023
2026-01-12,BRN0W.ICE,63.02,63.34,64.34,62.76,64.3,0.0201074949144451,0.0203110123770231,0.0187203775465796,0.0167918019394041,0.0162858740851621,False,38.85,2.0500000000000043,0.0201074949144451,36.8,1.0,32.98,2.919999999999998,29.41,1.0100000000000016,32.22,0.509999999999998
2026-01-13,BRN0W.ICE,64.3,64.11,65.92,63.84,65.46,0.0178796378294606,0.0180404354587868,0.0185252149327991,0.0163861737820739,0.0164575497631884,False,40.43,1.5799999999999983,0.0178796378294606,38.85,2.0500000000000043,35.8,2.8200000000000003,30.06,0.6499999999999986,32.16,-0.060000000000002274
2026-01-14,BRN0W.ICE,65.46,65.44,66.82,63.45,65.39,-0.0010699274998498,-0.0010693553315,0.0188214093959831,0.0164406892540081,0.0162350746091001,False,44.19,3.759999999999998,0.0010699274998498,40.43,1.5799999999999983,36.8,1.0,32.98,2.919999999999998,30.76,-1.399999999999995
2026-01-15,BRN0W.ICE,65.39,65.35,65.36,63.27,63.87,-0.0235195739996868,-0.0232451445175103,0.019579125259451,0.0179811796374571,0.0165978071760967,False,42.06,-2.1299999999999955,0.0235195739996868,44.19,3.759999999999998,38.85,2.0500000000000043,35.8,2.8200000000000003,30.17,-0.5899999999999999
2026-01-16,BRN0W.ICE,63.87,63.74,64.77,63.44,64.2,0.0051534431224177,0.0051667449506811,0.0191710229810589,0.0162126178648743,0.0165919686239133,False,43.19,1.1299999999999955,0.0051534431224177,42.06,-2.1299999999999955,40.43,1.5799999999999983,36.8,1.0,28.4,-1.7700000000000031
2026-01-19,BRN0W.ICE,64.2,63.63,64.39,63.26,64.18,-0.0003115750142046,-0.0003115264797507,0.0144517661111459,0.015943056765045,0.0165038731839329,False,43.19,0.0,0.0003115750142046,43.19,1.1299999999999955,44.19,3.759999999999998,38.85,2.0500000000000043,29.41,1.0100000000000016
2026-01-20,BRN0W.ICE,64.18,63.42,64.35,62.69,63.44,-0.0115970583551184,-0.0115300716734186,0.0154550508360451,0.0164267603727219,0.016586288761662,False,42.78,-0.4099999999999966,0.0115970583551184,43.19,0.0,42.06,-2.1299999999999955,40.43,1.5799999999999983,30.06,0.6499999999999986
2026-01-21,BRN0W.ICE,63.44,63.55,64.74,63.05,64.62,0.0184293830697596,0.0186002522068096,0.0151176766332923,0.0167489803429237,0.0164423142868562,False,45.45,2.6700000000000017,0.0184293830697596,42.78,-0.4099999999999966,43.19,1.1299999999999955,44.19,3.759999999999998,32.98,2.919999999999998
2026-01-22,BRN0W.ICE,64.62,64.45,64.67,62.9,63.71,-0.0141824242679554,-0.014082327452801,0.0138524792028554,0.0174054147765416,0.0166223217532766,False,44.7,-0.75,0.0141824242679554,45.45,2.6700000000000017,43.19,0.0,42.06,-2.1299999999999955,35.8,2.8200000000000003
2026-01-23,BRN0W.ICE,63.71,63.64,65.45,63.55,65.44,0.0267921561660947,0.0271542928896562,0.0181330116425952,0.0182373440396558,0.0172618818968107,False,47.64,2.9399999999999977,0.0267921561660947,44.7,-0.75,42.78,-0.4099999999999966,43.19,1.1299999999999955,36.8,1.0
2026-01-26,BRN0W.ICE,65.44,65.27,65.72,64.48,64.9,-0.0082860685844471,-0.0082518337408311,0.0155555299483865,0.017220912682257,0.0170609339133288,False,47.78,0.14000000000000057,0.0082860685844471,47.64,2.9399999999999977,45.45,2.6700000000000017,43.19,0.0,38.85,2.0500000000000043
2026-01-27,BRN0W.ICE,64.9,64.95,66.78,64.2,66.76,0.02825647508359,0.0286594761171032,0.0184475281031067,0.0181486511529526,0.0175741817650012,False,49.61,1.8299999999999983,0.02825647508359,47.78,0.14000000000000057,44.7,-0.75,42.78,-0.4099999999999966,40.43,1.5799999999999983
2026-01-28,BRN0W.ICE,66.76,66.62,67.71,66.14,67.69,0.0138343597268818,0.0139304973037746,0.0184686198654654,0.016085324683003,0.0173755096139648,False,50.39,0.7800000000000011,0.0138343597268818,49.61,1.8299999999999983,47.64,2.9399999999999977,45.45,2.6700000000000017,44.19,3.759999999999998
2026-01-29,BRN0W.ICE,67.69,67.7,70.58,67.53,69.71,0.0294053209777909,0.0298419264293099,0.0178548090337291,0.0173074620204728,0.0170669140316492,False,55.37,4.979999999999997,0.0294053209777909,50.39,0.7800000000000011,47.78,0.14000000000000057,44.7,-0.75,42.06,-2.1299999999999955
2026-01-30,BRN0W.ICE,69.71,69.51,70.21,67.79,69.83,0.0017199373596367,0.0017214173002439,0.0181941036260344,0.0169470790939671,0.0164833419928981,False,55.91,0.5399999999999991,0.0017199373596367,55.37,4.979999999999997,49.61,1.8299999999999983,47.64,2.9399999999999977,43.19,1.1299999999999955
2026-02-02,BRN0W.ICE,69.83,68.6,68.83,65.45,66.31,-0.0517230014771676,-0.0504081340398109,0.0291279773220898,0.02246972762462,0.0191384079542119,False,48.7,-7.209999999999994,0.0517230014771676,55.91,0.5399999999999991,50.39,0.7800000000000011,47.78,0.14000000000000057,43.19,0.0
2026-02-03,BRN0W.ICE,66.31,66.06,68.27,65.19,67.82,0.0225164213167161,0.0227718292866836,0.0286532627909538,0.0231818713433241,0.0193927206070508,False,52.34,3.6400000000000006,0.0225164213167161,48.7,-7.209999999999994,55.37,4.979999999999997,49.61,1.8299999999999983,42.78,-0.4099999999999966
2026-02-04,BRN0W.ICE,67.82,67.89,69.76,66.98,68.95,0.0165244675418183,0.016661751695665,0.0282526834063982,0.0221581864703854,0.0191973192934373,False,55.13,2.789999999999999,0.0165244675418183,52.34,3.6400000000000006,55.91,0.5399999999999991,50.39,0.7800000000000011,45.45,2.6700000000000017
2026-02-05,BRN0W.ICE,68.95,68.52,68.95,66.89,67.32,-0.0239242349167057,-0.0236403190717913,0.0290881923030961,0.0235112658114846,0.0198441205879875,False,54.97,-0.1600000000000037,0.0239242349167057,55.13,2.789999999999999,48.7,-7.209999999999994,55.37,4.979999999999997,44.7,-0.75
2026-02-06,BRN0W.ICE,67.32,67.2,68.83,66.56,68.1,0.0115198438328615,0.0115864527629234,0.0289332955106816,0.0235805312281587,0.0198911056531274,False,53.18,-1.7899999999999991,0.0115198438328615,54.97,-0.1600000000000037,52.34,3.6400000000000006,55.91,0.5399999999999991,47.64,2.9399999999999977
2026-02-09,BRN0W.ICE,68.1,67.25,69.45,67.02,69.14,0.0151562213380118,0.0152716593245227,0.0270290930291418,0.0232809771374996,0.0192830634083169,False,50.79,-2.3900000000000006,0.0151562213380118,53.18,-1.7899999999999991,55.13,2.789999999999999,48.7,-7.209999999999994,47.78,0.14000000000000057
2026-02-10,BRN0W.ICE,69.14,69.04,69.49,68.44,69.08,-0.0008681812150006,-0.0008678044547295,0.0270006130297269,0.0230680498351494,0.0191978650927956,False,48.02,-2.769999999999996,0.0008681812150006,50.79,-2.3900000000000006,54.97,-0.1600000000000037,52.34,3.6400000000000006,49.61,1.8299999999999983
2026-02-11,BRN0W.ICE,69.08,69.1,70.72,69.0,69.63,0.0079302556759775,0.0079617834394905,0.0154785157101167,0.0224186437410242,0.019197824177484,False,44.33,-3.690000000000005,0.0079302556759775,48.02,-2.769999999999996,53.18,-1.7899999999999991,55.13,2.789999999999999,50.39,0.7800000000000011
2026-02-12,BRN0W.ICE,69.63,69.68,69.85,67.09,67.55,-0.0303274445482474,-0.0298721815309492,0.0191004722239665,0.0235791203306049,0.0201359816124287,False,42.0,-2.3299999999999983,0.0303274445482474,44.33,-3.690000000000005,50.79,-2.3900000000000006,54.97,-0.1600000000000037,55.37,4.979999999999997
2026-02-13,BRN0W.ICE,67.55,67.58,68.05,66.89,67.73,0.0026611488206044,0.0026646928201332,0.0176999786635015,0.023382945067914,0.0201122695186221,False,42.18,0.17999999999999972,0.0026611488206044,42.0,-2.3299999999999983,48.02,-2.769999999999996,53.18,-1.7899999999999991,55.91,0.5399999999999991
2026-02-16,BRN0W.ICE,67.55,67.42,68.08,66.68,67.89,0.0023595350867433,0.0023623209803631,0.014990597621762,0.0222313813662956,0.0199797409215684,False,42.18,0.0,0.0023595350867433,42.18,0.17999999999999972,44.33,-3.690000000000005,50.79,-2.3900000000000006,48.7,-7.209999999999994
2026-02-17,BRN0W.ICE,67.55,67.88,68.38,66.21,66.8,-0.0161856677709557,-0.0160553837089409,0.0154631943620793,0.0223662574123674,0.0198139950795212,False,42.54,0.35999999999999943,0.0161856677709557,42.18,0.0,42.0,-2.3299999999999983,48.02,-2.769999999999996,52.34,3.6400000000000006
2026-02-18,BRN0W.ICE,67.55,66.86,70.09,66.8,69.63,0.0414924284118553,0.0423652694610778,0.0222580265025394,0.0238143624537918,0.0209706386583538,False,51.49,8.950000000000003,0.0414924284118553,42.54,0.35999999999999943,42.18,0.17999999999999972,44.33,-3.690000000000005,55.13,2.789999999999999
2026-02-19,BRN0W.ICE,67.55,69.75,71.7,69.61,71.62,0.0281788556158314,0.0285796352147065,0.0244495074314315,0.0249892821047809,0.0205309916255796,False,56.73,5.239999999999995,0.0281788556158314,51.49,8.950000000000003,42.18,0.0,42.0,-2.3299999999999983,54.97,-0.1600000000000037
2026-02-20,BRN0W.ICE,67.55,71.36,71.86,70.66,71.24,-0.0053199061488258,-0.005305780508238,0.0247106670839571,0.0199026078254144,0.020607344475079,False,56.12,-0.6099999999999994,0.0053199061488258,56.73,5.239999999999995,42.54,0.35999999999999943,42.18,0.17999999999999972,53.18,-1.7899999999999991
2026-02-23,BRN0W.ICE,67.55,70.8,72.04,70.28,71.13,-0.001545269676037,-0.0015440763615945,0.0201660254431888,0.0193152611431162,0.0204050735666179,False,59.05,2.9299999999999997,0.001545269676037,56.12,-0.6099999999999994,51.49,8.950000000000003,42.18,0.0,50.79,-2.3900000000000006
2026-02-24,BRN0W.ICE,67.73,71.12,71.9,70.51,71.01,-0.0016884765514213,-0.001687051876845,0.0204012050180713,0.0189738966025045,0.0202371648755831,False,58.82,-0.22999999999999687,0.0016884765514213,59.05,2.9299999999999997,56.73,5.239999999999995,42.54,0.35999999999999943,48.02,-2.769999999999996
2026-02-25,BRN0W.ICE,71.01,71.05,71.6,70.26,70.87,-0.0019734993718376,-0.0019715533023517,0.0206213783193649,0.0175080354464872,0.0202436600799546,False,58.97,0.14999999999999858,0.0019734993718376,58.82,-0.22999999999999687,56.12,-0.6099999999999994,51.49,8.950000000000003,44.33,-3.690000000000005
2026-02-26,BRN0W.ICE,70.87,71.01,72.36,69.16,70.79,-0.0011294650360667,-0.0011288274305065,0.0185901658893255,0.0173978571668557,0.0196483174442251,False,59.8,0.8299999999999983,0.0011294650360667,58.97,0.14999999999999858,59.05,2.9299999999999997,56.73,5.239999999999995,42.0,-2.3299999999999983
2026-02-27,BRN0W.ICE,70.79,70.78,73.54,70.42,73.21,0.0336142758724531,0.0341856194377734,0.0163482023508672,0.0190316131405642,0.0204069083532979,False,64.68,4.88000000000001,0.0336142758724531,59.8,0.8299999999999983,58.82,-0.22999999999999687,56.12,-0.6099999999999994,42.18,0.17999999999999972
2026-03-02,BRN0W.ICE,73.21,81.57,82.37,75.75,78.07,0.0642738364736482,0.0663843737194371,0.0265753298518253,0.02481253729936,0.02312137398682,True,68.9,4.219999999999999,0.0642738364736482,64.68,4.88000000000001,58.97,0.14999999999999858,59.05,2.9299999999999997,42.18,0.0
2026-03-03,BRN0W.ICE,78.07,79.0,85.12,78.38,81.96,0.0486254632384993,0.0498270782630971,0.0283690306742821,0.0269980347982643,0.0240873618680046,True,73.99,5.089999999999989,0.0486254632384993,68.9,4.219999999999999,59.8,0.8299999999999983,58.82,-0.22999999999999687,42.54,0.35999999999999943
2026-03-04,BRN0W.ICE,81.96,82.0,84.48,80.3,82.58,0.0075361970872451,0.0075646656905807,0.0274096040681633,0.0242239252897463,0.0240151069226366,True,75.2,1.210000000000008,0.0075361970872451,73.99,5.089999999999989,64.68,4.88000000000001,58.97,0.14999999999999858,51.49,8.950000000000003
2026-03-05,BRN0W.ICE,82.58,82.24,86.28,81.5,84.31,0.0207329614766401,0.0209493824170501,0.0255171128453425,0.0240338986670026,0.0237387085918746,True,83.83,8.629999999999995,0.0207329614766401,75.2,1.210000000000008,68.9,4.219999999999999,59.8,0.8299999999999983,56.73,5.239999999999995
2026-03-06,BRN0W.ICE,84.31,83.54,94.64,83.16,93.32,0.1015339652186449,0.1068675127505633,0.0356002465101661,0.0328257286809096,0.0289776400407132,True,103.6,19.769999999999996,0.1015339652186449,83.83,8.629999999999995,73.99,5.089999999999989,64.68,4.88000000000001,56.12,-0.6099999999999994
2026-03-09,BRN0W.ICE,93.32,99.75,119.5,83.66,89.79,-0.0385608366205118,-0.0378268324046291,0.0444087233607121,0.0353161647404865,0.0302035820657409,True,100.53,-3.069999999999993,0.0385608366205118,103.6,19.769999999999996,75.2,1.210000000000008,68.9,4.219999999999999,59.05,2.9299999999999997
2026-03-10,BRN0W.ICE,89.79,92.49,95.04,81.16,91.4,0.017771867927387,0.017930727252478,0.0448312616589002,0.0348295850842825,0.0300551713686661,True,108.19,7.659999999999997,0.017771867927387,100.53,-3.069999999999993,83.83,8.629999999999995,73.99,5.089999999999989,58.82,-0.22999999999999687
2026-03-11,BRN0W.ICE,91.4,87.24,91.0,83.96,90.93,-0.0051554987222827,-0.0051422319474835,0.044098296964014,0.035321574373217,0.0301816087203009,True,120.91,12.719999999999999,0.0051554987222827,108.19,7.659999999999997,103.6,19.769999999999996,75.2,1.210000000000008,58.97,0.14999999999999858
2026-03-12,BRN0W.ICE,90.93,96.84,101.85,95.2,101.75,0.1124288445848827,0.11899263169471,0.0556514452376996,0.0428100321136439,0.0353939064019281,True,120.22,-0.6899999999999977,0.1124288445848827,120.91,12.719999999999999,100.53,-3.069999999999993,83.83,8.629999999999995,59.8,0.8299999999999983
2026-03-13,BRN0W.ICE,101.75,101.68,103.95,97.6,103.89,0.0208138227597359,0.021031941031941,0.054944253861608,0.0421367739750173,0.0353630654072007,True,119.02,-1.2000000000000028,0.0208138227597359,120.22,-0.6899999999999977,108.19,7.659999999999997,103.6,19.769999999999996,64.68,4.88000000000001
2026-03-16,BRN0W.ICE,103.89,106.5,106.5,99.54,101.02,-0.0280141300425338,-0.0276253729906632,0.0596182537237826,0.0440617749911105,0.0341036509166295,True,101.97,-17.049999999999997,0.0280141300425338,119.02,-1.2000000000000028,120.91,12.719999999999999,100.53,-3.069999999999993,68.9,4.219999999999999
2026-03-17,BRN0W.ICE,101.02,101.44,104.98,100.86,103.5,0.0242530956655173,0.0245495941397744,0.0495721702120167,0.0433706910609723,0.0341200183759813,True,95.92,-6.049999999999997,0.0242530956655173,101.97,-17.049999999999997,120.22,-0.6899999999999977,108.19,7.659999999999997,73.99,5.089999999999989
2026-03-18,BRN0W.ICE,103.5,103.66,111.9,100.34,109.65,0.0577218621584733,0.0594202898550724,0.0454912068218767,0.0432811056345959,0.0350380545795428,True,97.28,1.3599999999999994,0.0577218621584733,95.92,-6.049999999999997,119.02,-1.2000000000000028,120.91,12.719999999999999,75.2,1.210000000000008
2026-03-19,BRN0W.ICE,109.65,105.17,112.12,99.51,103.07,-0.0618851058151959,-0.0600091199270407,0.0571137634259326,0.0499002517591613,0.0371324233645887,True,92.68,-4.599999999999994,0.0618851058151959,97.28,1.3599999999999994,101.97,-17.049999999999997,120.22,-0.6899999999999977,83.83,8.629999999999995
2026-03-20,BRN0W.ICE,103.07,102.6,107.37,100.47,104.41,0.0129170872533175,0.0130008731929756,0.056339789707123,0.0486174168682635,0.0371298240562378,True,91.85,-0.8300000000000125,0.0129170872533175,92.68,-4.599999999999994,95.92,-6.049999999999997,119.02,-1.2000000000000028,103.6,19.769999999999996
2026-03-23,BRN0W.ICE,104.41,107.5,109.78,91.7,96.07,-0.0832483638803719,-0.0798774063786994,0.0509796946864998,0.0551418128589544,0.0411730675572418,True,89.78,-2.069999999999993,0.0832483638803719,91.85,-0.8300000000000125,97.28,1.3599999999999994,101.97,-17.049999999999997,100.53,-3.069999999999993
2026-03-24,BRN0W.ICE,96.07,97.12,100.77,94.15,95.96,-0.0011456544501532,-0.0011449984386384,0.0495519715270259,0.0552366927660083,0.04117584844507,True,89.34,-0.4399999999999977,0.0011456544501532,89.78,-2.069999999999993,92.68,-4.599999999999994,95.92,-6.049999999999997,108.19,7.659999999999997
2026-03-25,BRN0W.ICE,95.96,96.6,98.42,93.45,98.06,0.0216480982515933,0.0218841183826594,0.0503165685133799,0.0552499858014489,0.041217242035981,True,90.16,0.8199999999999932,0.0216480982515933,89.34,-0.4399999999999977,91.85,-0.8300000000000125,97.28,1.3599999999999994,120.91,12.719999999999999
2026-03-26,BRN0W.ICE,98.06,97.93,102.49,97.11,100.1,0.0205901500980876,0.0208035896389964,0.0499887383813168,0.0488932079687826,0.0404809558416207,True,92.37,2.210000000000008,0.0205901500980876,90.16,0.8199999999999932,89.78,-2.069999999999993,92.68,-4.599999999999994,120.22,-0.6899999999999977
2026-03-27,BRN0W.ICE,100.1,100.64,106.95,99.01,106.29,0.0600015212243156,0.061838161838162,0.0504688456326354,0.0492317254258188,0.0413156723141989,True,96.64,4.269999999999996,0.0600015212243156,92.37,2.210000000000008,89.34,-0.4399999999999977,91.85,-0.8300000000000125,119.02,-1.2000000000000028
2026-03-30,BRN0W.ICE,106.29,107.75,109.46,106.1,108.89,0.0241669908124791,0.0244613792454604,0.044242199521205,0.0493184930843527,0.0412770393844844,True,95.84,-0.7999999999999972,0.0241669908124791,96.64,4.269999999999996,90.16,0.8199999999999932,89.78,-2.069999999999993,101.97,-17.049999999999997
2026-03-31,BRN0W.ICE,108.89,109.25,109.99,102.65,103.53,-0.0504767725799478,-0.0492239875103315,0.0492376775737541,0.0519824829083832,0.0426440004285373,True,89.39,-6.450000000000003,0.0504767725799478,95.84,-0.7999999999999972,92.37,2.210000000000008,89.34,-0.4399999999999977,95.92,-6.049999999999997
2026-04-01,BRN0W.ICE,103.53,103.63,105.94,98.35,100.24,-0.0322941151902088,-0.0317782285327924,0.0374411325832882,0.0436047985890125,0.0431644668893689,True,91.8,2.4099999999999966,0.0322941151902088,89.39,-6.450000000000003,96.64,4.269999999999996,90.16,0.8199999999999932,97.28,1.3599999999999994
2026-04-02,BRN0W.ICE,100.24,100.7,109.74,99.08,109.24,0.0859799860176913,0.0897845171588187,0.0477146975743704,0.0492350114048401,0.0451491916863483,True,93.14,1.3400000000000034,0.0859799860176913,91.8,2.4099999999999966,95.84,-0.7999999999999972,92.37,2.210000000000008,92.68,-4.599999999999994
2026-04-06,BRN0W.ICE,109.24,110.0,111.89,106.85,109.7,0.0042020706756804,0.0042109117539363,0.0479787650955562,0.0483900421211443,0.0450415037690129,True,96.14,3.0,0.0042020706756804,93.14,1.3400000000000034,89.39,-6.450000000000003,96.64,4.269999999999996,91.85,-0.8300000000000125
2026-04-07,BRN0W.ICE,109.24,110.25,111.8,102.71,103.42,-0.0589510003131091,-0.0572470373746581,0.0555403549341329,0.0510000463435891,0.0469219739534716,True,98.79,2.6500000000000057,0.0589510003131091,96.14,3.0,91.8,2.4099999999999966,95.84,-0.7999999999999972,89.78,-2.069999999999993
2026-04-08,BRN0W.ICE,103.42,95.0,97.22,90.4,96.7,-0.0671849645088268,-0.064977760587894,0.0552219792651978,0.0510406034674366,0.0490779680535818,True,83.91,-14.88000000000001,0.0671849645088268,98.79,2.6500000000000057,93.14,1.3400000000000034,89.39,-6.450000000000003,89.34,-0.4399999999999977
2026-04-09,BRN0W.ICE,96.7,97.1,99.5,94.22,96.41,-0.0030034717829596,-0.0029989658738366,0.0530444249755084,0.048718696647226,0.0490872044139417,True,81.74,-2.1700000000000017,0.0030034717829596,83.91,-14.88000000000001,96.14,3.0,91.8,2.4099999999999966,90.16,0.8199999999999932
2026-04-10,BRN0W.ICE,96.41,96.6,98.26,94.2,94.26,-0.0225530091807041,-0.0223005912249766,0.0511578985619377,0.0486503149659612,0.0494133434954643,True,78.01,-3.7299999999999898,0.0225530091807041,81.74,-2.1700000000000017,98.79,2.6500000000000057,93.14,1.3400000000000034,92.37,2.210000000000008
2026-04-13,BRN0W.ICE,94.26,100.94,103.87,97.59,98.0,0.038910557174987,0.0396774877997028,0.0537865862833582,0.0447829243828718,0.0495116676101306,True,80.55,2.539999999999992,0.038910557174987,78.01,-3.7299999999999898,83.91,-14.88000000000001,96.14,3.0,96.64,4.269999999999996
2026-04-14,BRN0W.ICE,98.0,97.5,99.45,94.42,95.34,-0.0275180288938923,-0.0271428571428571,0.0368545352285053,0.0454488905266429,0.0488561082637312,True,75.35,-5.200000000000003,0.0275180288938923,80.55,2.539999999999992,81.74,-2.1700000000000017,98.79,2.6500000000000057,95.84,-0.7999999999999972
2026-04-15,BRN0W.ICE,95.34,94.33,96.9,93.93,94.87,-0.0049419163718941,-0.0049297251940423,0.0360296087862173,0.0450072468177347,0.0482445892426548,True,72.23,-3.1199999999999903,0.0049419163718941,75.35,-5.200000000000003,78.01,-3.7299999999999898,83.91,-14.88000000000001,89.39,-6.450000000000003
2026-04-16,BRN0W.ICE,94.87,94.62,99.8,94.43,98.21,0.0346005097648972,0.0352060714662167,0.0368389992593282,0.045707172201054,0.0485481389658227,True,73.04,0.8100000000000023,0.0346005097648972,72.23,-3.1199999999999903,80.55,2.539999999999992,81.74,-2.1700000000000017,91.8,2.4099999999999966
2026-04-17,BRN0W.ICE,98.21,98.45,98.98,86.09,92.42,-0.0607646377275624,-0.0589552998676304,0.0351428606612753,0.0446184219195681,0.0499425916732042,True,69.01,-4.030000000000001,0.0607646377275624,73.04,0.8100000000000023,75.35,-5.200000000000003,78.01,-3.7299999999999898,93.14,1.3400000000000034
2026-04-20,BRN0W.ICE,92.42,96.12,97.5,92.75,93.8,0.0148214505700585,0.0149318329365937,0.036069242244403,0.0441354201082069,0.0464329082601912,True,73.79,4.780000000000001,0.0148214505700585,69.01,-4.030000000000001,72.23,-3.1199999999999903,80.55,2.539999999999992,96.14,3.0
2026-04-21,BRN0W.ICE,93.8,94.48,101.15,93.86,99.06,0.0545608711479128,0.0560767590618338,0.0408847348518244,0.0457438358015088,0.0468649856100967,True,85.57,11.779999999999987,0.0545608711479128,73.79,4.780000000000001,73.04,0.8100000000000023,75.35,-5.200000000000003,98.79,2.6500000000000057
2026-04-22,BRN0W.ICE,99.06,99.35,102.31,96.54,101.55,0.0248255608663019,0.0251362810417927,0.0393767839204186,0.045491315805129,0.0469578267954815,True,76.77,-8.799999999999997,0.0248255608663019,85.57,11.779999999999987,69.01,-4.030000000000001,72.23,-3.1199999999999903,83.91,-14.88000000000001
2026-04-23,BRN0W.ICE,101.55,101.73,107.4,101.25,106.01,0.0429821412586126,0.0439192516001969,0.0386579201985287,0.0404832164471295,0.0474711479588359,True,78.67,1.9000000000000057,0.0429821412586126,76.77,-8.799999999999997,73.79,4.780000000000001,73.04,0.8100000000000023,81.74,-2.1700000000000017
2026-04-24,BRN0W.ICE,106.01,106.02,107.48,103.41,105.88,-0.0012270519261058,-0.0012262994057165,0.0383604048587258,0.0404437358769216,0.0429294163100167,True,75.83,-2.8400000000000034,0.0012270519261058,78.67,1.9000000000000057,85.57,11.779999999999987,69.01,-4.030000000000001,78.01,-3.7299999999999898
2026-04-27,BRN0W.ICE,105.88,100.95,102.63,99.58,101.97,-0.0376277249827662,-0.0369285984132981,0.0419689953860774,0.0385108963553693,0.0433386458456418,True,73.11,-2.719999999999999,0.0376277249827662,75.83,-2.8400000000000034,76.77,-8.799999999999997,73.79,4.780000000000001,80.55,2.539999999999992
2026-04-28,BRN0W.ICE,101.97,101.85,105.83,101.61,104.48,0.0243170131519865,0.02461508286751,0.030331290373906,0.0339050502131269,0.0432511623022955,True,70.5,-2.6099999999999994,0.0243170131519865,73.11,-2.719999999999999,78.67,1.9000000000000057,85.57,11.779999999999987,75.35,-5.200000000000003
2026-04-29,BRN0W.ICE,104.48,103.9,113.81,103.3,112.49,0.0738686632766135,0.0766653905053598,0.0369448327443588,0.0383504629503954,0.0450762358314472,True,75.96,5.459999999999994,0.0738686632766135,70.5,-2.6099999999999994,75.83,-2.8400000000000034,76.77,-8.799999999999997,72.23,-3.1199999999999903
2026-04-30,BRN0W.ICE,112.49,111.59,114.7,107.07,110.86,-0.0145961848130758,-0.0144901769046137,0.0372663164887651,0.0378706330031618,0.0439563342937273,True,75.08,-0.8799999999999955,0.0145961848130758,75.96,5.459999999999994,73.11,-2.719999999999999,78.67,1.9000000000000057,73.04,0.8100000000000023
2026-05-01,BRN0W.ICE,112.49,111.34,112.45,106.23,109.2,-0.0150870806808539,-0.0149738408803896,0.0387293977555591,0.0376226333296166,0.0424764570621795,True,75.4,0.3200000000000074,0.0150870806808539,75.08,-0.8799999999999955,70.5,-2.6099999999999994,75.83,-2.8400000000000034,69.01,-4.030000000000001
2026-05-04,BRN0W.ICE,112.49,106.6,115.3,105.55,114.06,0.0435435624175881,0.0445054945054945,0.0388086751066084,0.0372936057932004,0.0431130027264247,True,78.63,3.2299999999999898,0.0435435624175881,75.4,0.3200000000000074,75.96,5.459999999999994,73.11,-2.719999999999999,73.79,4.780000000000001
2026-05-05,BRN0W.ICE,112.49,114.03,114.44,109.6,110.31,-0.0334300417471025,-0.0328774329300368,0.0421861265466595,0.0390712830001551,0.040562491022446,True,74.73,-3.8999999999999915,0.0334300417471025,78.63,3.2299999999999898,75.08,-0.8799999999999955,70.5,-2.6099999999999994,85.57,11.779999999999987
