sample_id,第180天价格,外推期最高价,外推期最低价,外推期均价,突破120,突破130,最终状态,缓和占比,维持占比,升级占比,第90天价格,第120天价格,第150天价格
1,96.45574558621453,120.65705573242036,90.05057305405334,104.8358713547772,True,False,维持,0.06896551724137931,0.7068965517241379,0.22413793103448276,116.83441966002168,102.44975176517259,96.19113061087774
2,90.18212948440761,120.5044212414777,88.49010217205684,100.8500097943566,True,False,维持,0.06896551724137931,0.8189655172413793,0.11206896551724138,111.71388784410607,93.6634703189904,91.70095019772002
3,90.68336781327731,114.92135959314481,88.66653085682475,100.66424502385881,False,False,维持,0.14655172413793102,0.7844827586206896,0.06896551724137931,103.48329158584698,96.9025686434733,98.69489003764309
4,91.97193098638022,126.80533689626529,88.78937393488631,104.07503963606014,True,False,维持,0.12931034482758622,0.6379310344827587,0.23275862068965517,113.50264615508553,98.56142849770308,97.96619277331641
5,91.77566410405022,111.7693259127874,90.46326692189265,101.27923469276467,False,False,维持,0.16379310344827586,0.7586206896551724,0.07758620689655173,109.94239634116026,103.16200390890523,93.06276118649089
6,90.2208524338814,122.67736904462762,87.12335974525213,102.7132871821607,True,False,维持,0.10344827586206896,0.7327586206896551,0.16379310344827586,112.29513141854427,94.64285655405827,93.67454430052543
7,88.32666539041001,124.9576290258747,87.98084685999058,101.59641836400736,True,False,维持,0.04310344827586207,0.8448275862068966,0.11206896551724138,103.5062780152865,101.57793295492652,93.84026895762095
8,89.98527713197547,112.40080006356561,86.51726297389261,97.56486293925643,False,False,维持,0.2672413793103448,0.7155172413793104,0.017241379310344827,102.8578638312512,98.51612495210523,95.21496358509688
9,90.11099433419054,131.4438054423485,87.92157765271664,103.39967924414864,True,True,维持,0.06896551724137931,0.8103448275862069,0.1206896551724138,108.41057308593906,98.27180128433076,95.83090346206494
10,87.90005307873159,110.69642065157052,86.44830656587511,98.49720630245658,False,False,维持,0.1810344827586207,0.7586206896551724,0.0603448275862069,103.91820447824391,94.88450731197102,101.81496605418567
11,91.0058317275471,116.31636382507486,88.17187932732446,98.96658977830961,False,False,缓和,0.13793103448275862,0.8017241379310345,0.0603448275862069,116.31636382507486,98.35392238793621,93.12182365118862
12,94.72347801664867,123.95718319134845,88.26685410908989,103.81680857646015,True,False,维持,0.12931034482758622,0.6810344827586207,0.1896551724137931,106.54966430080715,111.92436537358198,88.9820861778826
13,86.77817668375988,115.9780816626241,86.77817668375988,101.53241173111225,False,False,缓和,0.07758620689655173,0.7844827586206896,0.13793103448275862,112.17207080090358,100.00087158306899,100.45895094438913
14,93.2694555743049,122.25897379648586,91.22425929220978,103.11421905059325,True,False,缓和,0.08620689655172414,0.7327586206896551,0.1810344827586207,111.8117572671471,97.88694076038287,95.08125920613877
15,93.18331636290041,124.46696979203479,91.52919267502021,104.50492118950909,True,False,维持,0.06896551724137931,0.7413793103448276,0.1896551724137931,108.34402785251993,101.33377794114972,111.10452756245814
16,88.26945686472015,113.16830440027276,87.56073086478867,99.96600360334088,False,False,维持,0.1206896551724138,0.8275862068965517,0.05172413793103448,105.97633903720978,103.13766514193215,96.86813643003441
17,91.54255978307137,120.32968784002883,91.4945425680516,100.72972677226853,True,False,维持,0.13793103448275862,0.7672413793103449,0.09482758620689655,98.76423270928245,106.01845674310621,92.97519593971441
18,89.14806298859654,111.84899109789148,86.99290130952852,100.39498463063782,False,False,维持,0.14655172413793102,0.8017241379310345,0.05172413793103448,107.5191509726321,101.07035858707953,100.91776868969299
19,89.31491987878375,125.42150482367734,88.62589867581747,101.99540555122299,True,False,维持,0.15517241379310345,0.7068965517241379,0.13793103448275862,114.79227717162821,95.34632037250135,96.55016326548215
20,92.09974113660952,130.1143016286636,89.7250990049819,104.1099987290352,True,True,维持,0.05172413793103448,0.7413793103448276,0.20689655172413793,100.20763794831987,98.7524450575517,112.75349364739073
21,90.64622274121125,128.22913737432924,90.33358677475877,102.90219674731887,True,False,缓和,0.08620689655172414,0.7931034482758621,0.1206896551724138,109.79804003955591,106.82412581200545,92.9955813981763
22,91.1403420175709,111.91239768731106,91.1403420175709,100.59350916364959,False,False,维持,0.09482758620689655,0.8189655172413793,0.08620689655172414,105.00341074775106,100.13153351274732,94.25988786530907
23,89.46242592112351,128.16734149803557,88.82624874417823,102.66238982713512,True,False,维持,0.08620689655172414,0.7586206896551724,0.15517241379310345,113.21589098318924,113.66975400583692,92.46130390943831
24,86.92682986691877,111.10007438423888,86.92682986691877,101.75289463925674,False,False,维持,0.04310344827586207,0.8706896551724138,0.08620689655172414,108.20215815091065,100.7416136205981,95.7343085360993
25,92.33708596481574,126.03677556878702,88.24810455957143,102.8019330794435,True,False,维持,0.12931034482758622,0.7241379310344828,0.14655172413793102,112.29525341812815,99.68421804155741,88.24810455957143
26,93.4323742371484,116.84487923890197,91.42441618259636,103.41505753577772,False,False,维持,0.13793103448275862,0.6379310344827587,0.22413793103448276,109.4237984465944,110.60346509395049,112.22491122489214
27,91.7383262298608,118.32414723014334,89.16483990224121,101.73691702401058,False,False,维持,0.11206896551724138,0.7068965517241379,0.1810344827586207,105.38262347428952,101.2620927002228,102.91910585479356
28,94.61665708439463,120.22729973214568,92.94604251222171,100.77209566159976,True,False,维持,0.11206896551724138,0.8275862068965517,0.0603448275862069,108.41516750429228,101.85568740851774,95.22278140820022
29,92.07975330183356,114.95517468824869,91.58922792846028,103.0831625282302,False,False,缓和,0.07758620689655173,0.7758620689655172,0.14655172413793102,102.64486744771379,104.72283597392362,103.27050886460135
30,92.5092555089549,117.77926473185487,91.52055657738534,100.37112744435531,False,False,维持,0.06896551724137931,0.9051724137931034,0.02586206896551724,105.73041373030402,99.26015483062686,92.80070399308657
31,92.52332518035378,116.61038122832169,87.39997389264326,101.28687025328664,False,False,维持,0.13793103448275862,0.7241379310344828,0.13793103448275862,114.39573510602233,102.13725858156272,97.99926455293314
32,91.80195240535488,116.24862140328342,87.97605334438754,101.78948679757134,False,False,维持,0.12931034482758622,0.7327586206896551,0.13793103448275862,106.64786843854789,108.70349124209389,99.98605984721378
33,88.40798396902599,115.1671585493686,88.40798396902599,101.4808049005518,False,False,维持,0.034482758620689655,0.853448275862069,0.11206896551724138,102.4768551924264,103.9674960082218,96.79061735065007
34,87.95323845190505,116.84516785352756,87.95323845190505,101.78352187069083,False,False,缓和,0.22413793103448276,0.646551724137931,0.12931034482758622,108.73077492738561,97.60914724106684,109.42142026860344
35,93.72844444087997,125.01117626568907,88.7274168267456,101.89176103796177,True,False,维持,0.11206896551724138,0.8103448275862069,0.07758620689655173,114.42570501782531,101.84501312846135,99.60483193242631
36,88.25839953451458,131.0230657582317,87.82398441723824,102.30967475412089,True,True,维持,0.1206896551724138,0.7758620689655172,0.10344827586206896,114.27037641026672,99.22055489240306,94.16170145925604
37,90.03424483010335,118.9331866929706,86.33700419015875,100.38213077423592,False,False,维持,0.09482758620689655,0.8189655172413793,0.08620689655172414,102.3841609930303,101.97611149946836,93.98827688350771
38,94.32159968306604,113.59689976506404,87.73651610406918,99.67132163241519,False,False,升级,0.12931034482758622,0.8189655172413793,0.05172413793103448,106.01734684745519,101.70610625812645,90.58400215755677
39,90.71082637916739,112.72504345977441,88.45115547066123,99.09277211721341,False,False,维持,0.12931034482758622,0.8620689655172413,0.008620689655172414,103.60304451196556,102.24293332384113,93.82735481152973
40,89.8970084980003,121.43456022604772,89.8970084980003,102.32192456949365,True,False,维持,0.14655172413793102,0.7327586206896551,0.1206896551724138,119.34299247983391,99.57417033274142,92.62894162786635
41,85.6139058551608,113.13922564585391,85.6139058551608,100.0084827323729,False,False,维持,0.16379310344827586,0.6810344827586207,0.15517241379310345,102.33359783524664,108.11647974787414,94.5771037719489
42,87.25168007750096,117.46677761351691,86.06107803432371,101.10362705132711,False,False,维持,0.12931034482758622,0.7068965517241379,0.16379310344827586,105.8826957227023,108.11350384060673,94.95618612800588
43,86.7621707136941,118.13789065127189,85.76426423430014,101.07964563408561,False,False,维持,0.1810344827586207,0.7155172413793104,0.10344827586206896,103.52931203195759,105.46282689821201,92.8303245753973
44,89.52823431408186,114.79873102011064,89.46119099106059,100.4453307729937,False,False,维持,0.1206896551724138,0.8103448275862069,0.06896551724137931,103.64736562768245,108.27928055000577,92.13511550963877
45,93.05160034772015,113.19433307328069,89.5112923457093,98.82686510173976,False,False,维持,0.15517241379310345,0.8362068965517241,0.008620689655172414,107.55210667787155,94.96485232732604,96.35732214144785
46,92.08707664751212,123.76714834008509,91.2990428384374,102.55797606450406,True,False,缓和,0.10344827586206896,0.7586206896551724,0.13793103448275862,107.25821971657784,98.89343881185232,92.49668062671998
47,94.75283449366881,116.69136688313881,89.51844666225611,101.15367443609406,False,False,维持,0.13793103448275862,0.7155172413793104,0.14655172413793102,104.47433452285152,98.72765200557015,94.58479236522098
48,87.34207020460009,111.87373547198223,86.95210342520222,99.9034431273875,False,False,缓和,0.19827586206896552,0.7155172413793104,0.08620689655172414,111.87373547198223,98.7384736558958,103.56860200981777
49,88.00173719324559,127.71748376000029,87.99406383746967,102.02675233627441,True,False,维持,0.20689655172413793,0.6206896551724138,0.1724137931034483,105.39570432480159,99.20919161952963,91.29421398655916
50,91.46832184011862,125.49851657411708,86.31485881212033,102.5185626356828,True,False,维持,0.13793103448275862,0.7586206896551724,0.10344827586206896,117.9444409648017,101.2722341598498,100.31080384744072
51,97.42419284121927,126.8692795810459,89.61214728564975,103.15407610284687,True,False,升级,0.14655172413793102,0.6724137931034483,0.1810344827586207,113.5013745458925,109.76027170448249,93.55253322144162
52,93.61277938528706,119.75123954437944,92.8992918485959,103.80955368989561,False,False,维持,0.07758620689655173,0.7327586206896551,0.1896551724137931,112.37992476576008,105.47051605010986,93.59884317959978
53,88.69914686538549,124.81274418263301,88.69914686538549,101.67115459992993,True,False,缓和,0.1724137931034483,0.75,0.07758620689655173,105.85129558804397,99.93368193828182,97.88586411110707
54,89.73345940688726,122.95770146195615,86.78102057069796,99.50908077756782,True,False,维持,0.14655172413793102,0.7931034482758621,0.0603448275862069,105.73858822360957,96.81529191383345,95.16796100912681
55,89.28826685976549,129.56939492585644,88.19851737790293,103.21704434319672,True,False,维持,0.14655172413793102,0.7155172413793104,0.13793103448275862,115.58270413918656,102.41397389057619,92.87882192478844
56,96.58027968077138,116.91323302348732,90.01083273149895,102.6364178039268,False,False,维持,0.12931034482758622,0.7327586206896551,0.13793103448275862,109.36403386475372,109.8247023179137,94.22479477783097
57,91.68231898302544,107.84154248176378,89.79145395977055,99.0379057221662,False,False,维持,0.19827586206896552,0.7327586206896551,0.06896551724137931,101.99869698458804,95.31890919393234,94.58029725782782
58,92.53026479491766,114.68553383737017,89.55251644617657,99.45795280291287,False,False,维持,0.14655172413793102,0.7672413793103449,0.08620689655172414,102.60723015562796,100.83068489658291,91.83352893015649
59,90.5920179282766,124.90437514577572,89.84722149145318,101.91272925632026,True,False,维持,0.08620689655172414,0.8275862068965517,0.08620689655172414,116.55318981653365,101.31057843466539,95.87328290860874
60,90.58499243494589,114.30091537209456,88.32728903369023,99.43070682249335,False,False,缓和,0.1206896551724138,0.8189655172413793,0.0603448275862069,103.93998233377366,106.10671730683136,94.04123028627095
61,91.19054878424538,131.92922610934633,86.70028534619203,102.13538253142904,True,True,维持,0.09482758620689655,0.8103448275862069,0.09482758620689655,109.24157440561264,98.2054567414226,96.81488658236765
62,89.33810186787301,120.9956020545073,88.39657609436381,104.20264126221016,True,False,维持,0.1206896551724138,0.6293103448275862,0.25,114.08478191540456,115.11619826471657,98.43026259036603
63,94.62450400485405,121.1311504284177,92.05416204102548,101.48338193802257,True,False,维持,0.22413793103448276,0.6724137931034483,0.10344827586206896,104.8711633388269,95.01055547292378,92.14483167545072
64,89.56955307140761,121.7088893399156,89.56955307140761,101.75989504167659,True,False,维持,0.11206896551724138,0.7844827586206896,0.10344827586206896,109.41179334051066,100.5350097376843,94.21989691597526
65,88.34248829654206,130.09347830444995,87.09732900699831,101.46879935959224,True,True,维持,0.0603448275862069,0.8620689655172413,0.07758620689655173,106.6660963134462,102.22450763297353,92.3865159029542
66,90.30101987136433,117.98823862261159,87.1462103357524,100.50408661561283,False,False,缓和,0.16379310344827586,0.7155172413793104,0.1206896551724138,105.22015790809736,98.12592993530487,96.10892793848042
67,94.6448281529072,115.29208700416643,90.15888722653374,100.29362454869405,False,False,维持,0.15517241379310345,0.7155172413793104,0.12931034482758622,104.40979901385383,99.18940006686093,96.46222374553001
68,94.94390123975424,124.60224431643293,89.0236616162762,102.28586782072546,True,False,升级,0.08620689655172414,0.8189655172413793,0.09482758620689655,120.01681216993533,98.76493729634977,93.18347785490815
69,89.96119674788812,113.33049239598493,87.53895642374754,98.21985417587973,False,False,维持,0.1896551724137931,0.7758620689655172,0.034482758620689655,98.77604852543789,93.74502749888556,97.8299752587212
70,92.80779152015734,120.63331463124408,88.91804045043698,102.13071397026492,True,False,维持,0.10344827586206896,0.75,0.14655172413793102,107.55272789887466,100.57667556460791,98.58232864884461
71,89.51193452721579,118.02392894431374,85.98102407755967,99.26257489029635,False,False,维持,0.25,0.6982758620689655,0.05172413793103448,97.4870466059181,103.94530399225916,94.04322432162922
72,97.60734396631706,124.52535347262209,87.76267937260886,105.16249850201939,True,False,升级,0.13793103448275862,0.5344827586206896,0.3275862068965517,120.98406887194729,104.17326612613341,93.73843667894442
73,90.44971738010825,119.28209704991446,89.46822786126147,100.06411921777742,False,False,维持,0.13793103448275862,0.7931034482758621,0.06896551724137931,104.68314350011997,96.63364075123499,95.93904390955935
74,89.6645940270197,123.13844057217833,89.36761535105688,102.78341116231695,True,False,缓和,0.09482758620689655,0.75,0.15517241379310345,115.27404927517848,99.55012838703587,103.25179472246506
75,87.96356835810326,122.07375621960442,87.47982991130606,101.9057118060526,True,False,维持,0.21551724137931033,0.6810344827586207,0.10344827586206896,116.08942974632063,102.29956339396813,88.98292283475858
76,102.37475009304092,129.63291494941,90.72984032589925,102.83408250643394,True,False,升级,0.10344827586206896,0.6293103448275862,0.2672413793103448,97.59853563628617,104.64077800488978,104.27560225857582
77,100.51238599100792,121.91654629634536,87.35267914218679,101.4423091967168,True,False,升级,0.1724137931034483,0.7068965517241379,0.1206896551724138,106.25299869731451,101.486934417364,99.6060472203951
78,93.88194950996179,122.18381668473603,88.12144909946213,101.3175965143998,True,False,维持,0.08620689655172414,0.8362068965517241,0.07758620689655173,105.26601385438585,96.27896398162747,94.95886194604712
79,93.23388133854108,115.2121001024011,89.13044563311168,100.94215097874742,False,False,升级,0.1724137931034483,0.7413793103448276,0.08620689655172414,107.18859257106067,101.11826862265086,90.71382387969906
80,91.20072645932792,130.0149303495692,88.63747256433176,100.89800204113057,True,True,维持,0.16379310344827586,0.7068965517241379,0.12931034482758622,110.45529459569188,98.71340761653583,96.16131563774022
81,90.07971487055333,123.85457281664112,88.08498652567685,99.64912202381728,True,False,维持,0.19827586206896552,0.7413793103448276,0.0603448275862069,116.18709237123551,95.03448889053358,93.06715383467755
82,97.41336958414787,119.50333620105343,87.75982725869106,101.23604415261208,False,False,维持,0.07758620689655173,0.7413793103448276,0.1810344827586207,105.71989253145004,99.41160271790693,92.74662335840559
83,106.28547397868606,111.95547710471817,87.81093243478766,99.28710126986972,False,False,升级,0.06896551724137931,0.853448275862069,0.07758620689655173,100.52161916279647,98.73757303042856,94.70485846421597
84,91.03647813916595,130.2749047578736,91.03647813916595,103.63703403701426,True,True,维持,0.04310344827586207,0.6551724137931034,0.3017241379310345,113.29202984909998,101.44776694518386,96.83984853954672
85,93.53369778210211,123.68315664457853,91.84597086164906,102.16574011815156,True,False,维持,0.09482758620689655,0.7844827586206896,0.1206896551724138,103.47364673846891,98.71451524000113,98.61558749040302
86,95.32552293248993,126.61770877532105,88.52658253595891,103.4627993293487,True,False,维持,0.08620689655172414,0.75,0.16379310344827586,110.21077859024787,106.73970329710114,90.64711949343172
87,89.00979398032989,131.92522937145503,88.54872169129162,102.8663493698985,True,True,维持,0.10344827586206896,0.7413793103448276,0.15517241379310345,104.77961692924622,95.25933326953016,101.30654619956016
88,88.16853790674918,132.1476346113545,88.16853790674918,105.04610937489365,True,True,维持,0.15517241379310345,0.603448275862069,0.2413793103448276,124.21248727866903,110.87097662144582,91.55645304684975
89,98.491029172873,127.1519914554978,89.35635241634635,102.62401111348564,True,False,升级,0.09482758620689655,0.7758620689655172,0.12931034482758622,119.08321110862146,100.54140781921016,97.06395060569035
90,91.74777436238158,128.36256167329873,86.61026500501275,104.11635699974083,True,False,维持,0.10344827586206896,0.6206896551724138,0.27586206896551724,113.61752324902771,113.85585376528307,96.01343740690024
91,90.88661515808386,111.73059131937421,90.88661515808386,100.74315597452848,False,False,维持,0.07758620689655173,0.7931034482758621,0.12931034482758622,105.22642483943538,99.16178891747718,104.0998711361437
92,96.20215840804906,123.18988787091652,90.08812917716185,102.3766797939152,True,False,维持,0.1206896551724138,0.7413793103448276,0.13793103448275862,101.98378804386489,92.90402260617026,95.67984520312643
93,94.00337052112383,126.03456437833088,87.49579537133278,102.80216206332662,True,False,维持,0.11206896551724138,0.7327586206896551,0.15517241379310345,122.0890745726527,102.71751107879183,91.88029234983789
94,97.79887572922442,110.7537995920738,90.21050104624616,101.4700043162392,False,False,维持,0.06896551724137931,0.8448275862068966,0.08620689655172414,107.31060638383482,103.78128103363665,96.71533268910339
95,100.33287256884074,118.348838797165,89.50363328968577,101.44188156794903,False,False,维持,0.10344827586206896,0.7672413793103449,0.12931034482758622,105.6370815796663,99.63172476136947,97.87634356880649
96,94.24347498152467,124.12031757487243,91.85261246979447,103.32676611015901,True,False,维持,0.0603448275862069,0.7672413793103449,0.1724137931034483,120.37953974432682,98.33922246381499,93.56626001329877
97,94.68154766198953,121.06289555556727,88.01537678082688,102.50680337844072,True,False,维持,0.06896551724137931,0.7844827586206896,0.14655172413793102,112.75864153506663,101.37173471823795,93.26763290640622
98,92.01199017769534,125.28721806936004,90.01398108512147,100.81795042619981,True,False,维持,0.1206896551724138,0.7672413793103449,0.11206896551724138,117.42498541310542,98.9075208008728,98.82930616892455
99,90.54097667115232,119.06784004831901,88.21997450431414,101.08555801645936,False,False,维持,0.12931034482758622,0.8448275862068966,0.02586206896551724,106.51428176839165,101.22551626432366,94.52100664719653
100,91.05622777356615,126.63445637337672,90.41219186934332,104.81545307010097,True,False,缓和,0.07758620689655173,0.7241379310344828,0.19827586206896552,116.43968188808711,115.49016437424994,94.09028857390841
101,91.69192762658137,120.7043300725309,88.49184550420762,102.77346513258207,True,False,维持,0.13793103448275862,0.7413793103448276,0.1206896551724138,104.47698402346273,99.5848889688939,95.86628076857338
102,90.99911688050722,126.4357431050103,90.05285380809609,102.81876188747955,True,False,维持,0.06896551724137931,0.8189655172413793,0.11206896551724138,108.1521445837752,101.70475305230252,92.0784299867706
103,88.26081926757543,119.30128895232124,88.26081926757543,101.12013352195872,False,False,维持,0.07758620689655173,0.8017241379310345,0.1206896551724138,109.8664815154921,98.27369901341382,93.0937476510337
104,95.47758747514489,113.66089745509268,90.91096449631934,100.4651029185525,False,False,维持,0.09482758620689655,0.8620689655172413,0.04310344827586207,102.83855309549214,106.73827271605178,94.39618317463928
105,88.7136774089031,134.65114755500232,85.39431361573382,101.51958091408788,True,True,维持,0.10344827586206896,0.8017241379310345,0.09482758620689655,105.60449727508127,99.9412316610536,95.11418498349805
106,94.44837902607641,109.12912830744366,87.66302283279862,97.99442855626559,False,False,维持,0.16379310344827586,0.8275862068965517,0.008620689655172414,101.91405472107635,101.66158711329416,89.41743780557917
107,89.20403684982385,125.12718059470284,86.39389245362528,103.33608244913515,True,False,维持,0.08620689655172414,0.6724137931034483,0.2413793103448276,103.36702247359399,95.32844431349298,94.322927375078
108,91.24033315682316,120.14987644950153,87.58404662203425,99.52721463455967,True,False,维持,0.10344827586206896,0.853448275862069,0.04310344827586207,113.08311454015266,100.60392127547955,92.73205203889368
109,88.88205925326983,118.13676262179897,87.65796625168853,102.14720233905611,False,False,缓和,0.07758620689655173,0.7672413793103449,0.15517241379310345,108.85496262692457,104.62119771456877,95.0147750093384
110,91.43115034488547,111.04651114158258,91.13992231187012,99.20964874641899,False,False,维持,0.13793103448275862,0.8103448275862069,0.05172413793103448,106.92975811760492,98.53223080511549,92.88103927078208
111,92.98030898475294,115.1446468788936,90.76591028807141,102.24699972453223,False,False,缓和,0.1724137931034483,0.6896551724137931,0.13793103448275862,115.05307616554886,103.59616975212828,91.60864217466413
112,86.1318492487087,109.85472492712285,86.1318492487087,99.31565436144675,False,False,维持,0.13793103448275862,0.7931034482758621,0.06896551724137931,108.15167684137779,109.8508606948959,91.52808910635353
113,91.55359607007384,117.1878423786539,88.99814413112024,102.76031088115725,False,False,维持,0.0603448275862069,0.7758620689655172,0.16379310344827586,113.54567155353367,115.86797204391893,94.60213636317877
114,91.80509618477768,119.34035931139951,87.83121789058532,101.89884964516877,False,False,维持,0.21551724137931033,0.6551724137931034,0.12931034482758622,98.46132674100544,109.87159857260151,94.40839565036552
115,87.50960997607244,116.84411863631972,87.50960997607244,102.21386528687654,False,False,缓和,0.12931034482758622,0.7413793103448276,0.12931034482758622,109.83338986033036,107.71652794421405,91.94599340257433
116,90.26977572068928,120.1593928154116,87.84153651448659,103.59915016372518,True,False,维持,0.02586206896551724,0.7758620689655172,0.19827586206896552,110.00785842247112,105.84872974035703,99.6247964420798
117,104.32452524236598,122.47555693481911,86.67102232997847,101.62248763667858,True,False,维持,0.2413793103448276,0.603448275862069,0.15517241379310345,109.65344561801116,121.76936636405672,87.45934065778737
118,92.12890181316175,125.66115530715277,87.7987317938356,101.65178354112673,True,False,维持,0.19827586206896552,0.6206896551724138,0.1810344827586207,120.16781272712632,93.09457589070685,90.73491072396789
119,95.6336948936584,110.6122082943019,91.03649205929679,98.37441484275051,False,False,维持,0.11206896551724138,0.8706896551724138,0.017241379310344827,105.29357982925009,94.89827933988624,93.51295746175853
120,94.93135549746377,119.58184140687652,88.95543309296954,101.87809045618742,False,False,维持,0.1206896551724138,0.7068965517241379,0.1724137931034483,113.10050165407696,109.77496956885635,92.91122367312515
121,88.10210054800453,116.04668283006576,86.28148509331301,100.18060787419027,False,False,维持,0.12931034482758622,0.8103448275862069,0.0603448275862069,111.52092543771279,100.68361572751691,99.16841127037276
122,97.68019781644327,122.18085519470168,90.3101978870745,102.97364166622982,True,False,维持,0.08620689655172414,0.7672413793103449,0.14655172413793102,111.28622177049924,99.60535333388664,97.14667964792373
123,91.56626734272763,110.89433872586639,91.56626734272763,100.55185803094182,False,False,缓和,0.06896551724137931,0.896551724137931,0.034482758620689655,107.71685309542872,101.01441827051947,97.32554227165299
124,87.59913879581418,122.71218281857224,87.34878760825941,99.82372922227354,True,False,维持,0.09482758620689655,0.853448275862069,0.05172413793103448,104.49402232077983,98.48410272784292,94.09679966152676
125,89.59630032765023,117.90868168354146,86.12355220787897,101.07584199946191,False,False,维持,0.08620689655172414,0.8275862068965517,0.08620689655172414,113.69501087737135,101.55001118711372,90.99018455944787
126,89.65640479628034,121.60047839838269,89.12765551107326,102.19686176610941,True,False,维持,0.11206896551724138,0.7758620689655172,0.11206896551724138,119.2808697321035,108.98489149931035,94.31555885106309
127,90.56050355088544,123.79336403449203,89.84352918340134,101.9265686457649,True,False,维持,0.11206896551724138,0.7844827586206896,0.10344827586206896,122.50587553575521,98.26691227722432,95.39674113701243
128,89.30193027733658,113.54334814058686,88.15786691945858,99.67623285748074,False,False,维持,0.10344827586206896,0.8620689655172413,0.034482758620689655,101.41156561036951,104.03263929831317,93.35408740013852
129,93.5955299225254,114.69103779119206,88.8891265427388,99.54694526070156,False,False,维持,0.1724137931034483,0.7844827586206896,0.04310344827586207,102.23100928535482,94.63080182559258,94.1059472101341
130,90.14115536790666,111.52068419801358,89.57359589656302,99.98612522048556,False,False,缓和,0.10344827586206896,0.8448275862068966,0.05172413793103448,105.00632107326858,105.46085625617582,97.40326428539412
131,90.02273819119031,123.72584372344609,88.38995168097566,101.168165531126,True,False,维持,0.07758620689655173,0.7844827586206896,0.13793103448275862,107.51728837957467,96.69611949621354,91.81607633183853
132,90.09512899711007,129.0309171956711,88.55967368134289,101.97914061368711,True,False,缓和,0.11206896551724138,0.7586206896551724,0.12931034482758622,118.60171292702977,95.31808130168078,101.24592200697506
133,87.45149819194734,124.13133357100331,87.45149819194734,100.00711703399514,True,False,缓和,0.22413793103448276,0.6982758620689655,0.07758620689655173,103.55658037803856,101.34093946850241,101.38634045154306
134,91.4575089122814,127.89616239496192,89.12567450448637,100.56143203834968,True,False,缓和,0.22413793103448276,0.646551724137931,0.12931034482758622,103.67321393531245,104.40856174239681,89.81270419416187
135,93.55384367956182,113.43795825853157,88.62383915419845,100.11257434351434,False,False,维持,0.11206896551724138,0.8706896551724138,0.017241379310344827,108.39752573589368,97.25066189050858,90.35859879544111
136,93.24396980983263,110.69451648337626,90.31927447364781,99.3102924453133,False,False,维持,0.12931034482758622,0.7844827586206896,0.08620689655172414,104.8487199788238,96.67606551156749,95.27207098833972
137,88.46118503424327,127.30422284812302,86.2584937397728,103.6188027225174,True,False,缓和,0.22413793103448276,0.4827586206896552,0.29310344827586204,108.50150317244245,100.99801859814022,96.77312254490651
138,90.97781597540494,128.27501920552203,90.93993187060808,102.39949575242059,True,False,维持,0.11206896551724138,0.7672413793103449,0.1206896551724138,114.74677542630323,100.18344184878988,95.78618422691571
139,90.71523715027244,122.28596236761747,89.5904837733937,100.7198656807397,True,False,维持,0.10344827586206896,0.8448275862068966,0.05172413793103448,105.59754119107075,101.96163423205984,93.46283465428401
140,91.16498928482383,125.6158416511211,89.54389070973204,102.15543972445897,True,False,维持,0.11206896551724138,0.7413793103448276,0.14655172413793102,125.6158416511211,110.8194571658762,92.8080624516756
141,97.45649468856122,124.76319564596447,91.81963263221722,103.54394303345896,True,False,维持,0.0603448275862069,0.7241379310344828,0.21551724137931033,124.76319564596447,104.16908495343509,99.94893592961904
142,91.45358125757664,124.84233608606323,89.06800549957555,102.78595060401314,True,False,维持,0.1810344827586207,0.6120689655172413,0.20689655172413793,115.3034890798031,100.4704311018805,92.42618036154445
143,91.08159555240923,112.120708644432,90.29981292621653,98.87959815636397,False,False,维持,0.09482758620689655,0.853448275862069,0.05172413793103448,106.05888713827575,97.63298011431762,93.26605717776212
144,92.58960886646292,130.33053388162142,92.01860869612852,103.49437245917018,True,True,维持,0.12931034482758622,0.6810344827586207,0.1896551724137931,106.2861197770833,114.09844393795481,96.0520469954348
145,89.00659027526038,113.11387917773654,87.64975911610753,101.37813608511846,False,False,维持,0.09482758620689655,0.8620689655172413,0.04310344827586207,110.61943367629306,101.22086057515608,96.05176412627196
146,89.35719334206057,119.28252848493135,87.61750039527604,100.21629340270056,False,False,维持,0.21551724137931033,0.7327586206896551,0.05172413793103448,109.29613413039776,98.21996853589106,92.91457831375128
147,95.19373130547321,111.2365580014682,88.33543787149478,98.41706069892203,False,False,升级,0.1896551724137931,0.7844827586206896,0.02586206896551724,103.1591260028844,96.26842075998672,89.93341931286194
148,97.58718515292611,116.10136388976542,86.59658627358877,100.23077840376568,False,False,升级,0.15517241379310345,0.7844827586206896,0.0603448275862069,106.93501071576432,104.77392829112061,90.9995008990961
149,106.9146254341126,123.82287192958715,92.68669577383643,104.41144160783077,True,False,升级,0.0603448275862069,0.7413793103448276,0.19827586206896552,112.56700793246837,101.30936497559298,99.79152731225267
150,87.28563023888121,122.05304331396529,86.63956067457566,101.26917227726405,True,False,维持,0.16379310344827586,0.7155172413793104,0.1206896551724138,107.71881885357917,96.7723664367811,96.12206834671233
151,87.0569132056575,120.52385101891053,87.0569132056575,101.53092264913491,True,False,维持,0.10344827586206896,0.7758620689655172,0.1206896551724138,110.42306301093753,105.68836436833702,91.71350067014076
152,88.85413947645606,122.08032491359816,87.85179570152835,104.49597593898274,True,False,缓和,0.0603448275862069,0.7413793103448276,0.19827586206896552,102.6984215489582,104.65917621700001,104.22335136302169
153,91.03448505987427,111.33770875283975,90.46488620119246,99.61855234326563,False,False,维持,0.16379310344827586,0.7327586206896551,0.10344827586206896,102.48502117101225,97.89481293814698,93.73388244240688
154,91.65583868305863,118.36604166443497,88.87084246374589,100.48070441380939,False,False,维持,0.07758620689655173,0.8620689655172413,0.0603448275862069,107.61090114222911,100.480261761416,89.04335069442958
155,90.2494369645301,119.1615277688845,89.1118346118844,100.70406780905229,False,False,维持,0.14655172413793102,0.7327586206896551,0.1206896551724138,103.91476261160415,103.84063171984032,93.45291717870954
156,92.86000764237376,118.31457238078596,89.29298692643998,102.23114097429034,False,False,维持,0.12931034482758622,0.7844827586206896,0.08620689655172414,109.61365638335246,105.81044357181482,95.27387242120045
157,92.50940799853772,114.32788825090832,87.66671021210894,99.0499910956687,False,False,维持,0.25,0.6810344827586207,0.06896551724137931,100.94367761158865,100.91441118503447,93.3963677596914
158,92.5702754928233,118.87935656339785,89.44663058436706,102.2500804596405,False,False,维持,0.11206896551724138,0.7844827586206896,0.10344827586206896,109.44621146348088,98.53320581498944,93.09247372825105
159,91.38448116545634,132.20483770903496,90.87826456293017,102.83897328599296,True,True,维持,0.13793103448275862,0.6724137931034483,0.1896551724137931,107.1129535062486,102.74287051169081,93.0478531504657
160,93.49692891451743,126.15079819642474,91.42567084427384,105.01461831253542,True,False,维持,0.06896551724137931,0.6637931034482759,0.2672413793103448,121.1492811629524,101.7983988482562,92.05529023970227
161,105.61151293330855,121.88179893319415,90.7980766327402,99.98799229766593,True,False,升级,0.1206896551724138,0.7672413793103449,0.11206896551724138,103.34425428050777,94.06875609053874,91.97311229423435
162,89.14199404008392,110.636439345259,89.14199404008392,100.39528819389828,False,False,缓和,0.1810344827586207,0.7586206896551724,0.0603448275862069,98.28774233947095,101.45802008248103,91.1256254012543
163,89.8878718932999,129.5285607804562,89.8878718932999,103.96605526947788,True,False,缓和,0.14655172413793102,0.6293103448275862,0.22413793103448276,118.95951482605454,105.08317464533897,94.76019351718497
164,88.3948858956577,116.23448657468559,88.3948858956577,99.92540228805909,False,False,缓和,0.3103448275862069,0.646551724137931,0.04310344827586207,101.44168880533817,104.97282068712786,94.14751333544022
165,91.57864979769577,110.55276252119697,87.43680387595725,100.83653240576162,False,False,维持,0.13793103448275862,0.7413793103448276,0.1206896551724138,107.34974719033787,105.54143851833558,96.54327363573354
166,90.76947565486995,122.21442651105735,90.5107030637866,103.46496329806256,True,False,维持,0.13793103448275862,0.5948275862068966,0.2672413793103448,103.88953311010275,99.11428286697179,97.08664064082652
167,92.43714100181593,113.37001894385983,88.14775151311122,100.27807227970894,False,False,维持,0.1896551724137931,0.7068965517241379,0.10344827586206896,105.05700651858552,96.43484427952137,105.52702741117676
168,96.02906352956064,118.9167224371701,88.5643505974153,100.59446154978704,False,False,升级,0.11206896551724138,0.8017241379310345,0.08620689655172414,101.64054107119158,101.71380445354453,96.72479868309564
169,95.11271627706019,134.04881048953277,86.96836988566834,104.28280537839959,True,True,维持,0.10344827586206896,0.6206896551724138,0.27586206896551724,121.93294405731258,112.33655583470005,86.96836988566834
170,87.56392495908194,121.16802159629897,86.66080378575124,101.97386828705194,True,False,维持,0.13793103448275862,0.6551724137931034,0.20689655172413793,109.38260406844472,101.57986936834577,107.11258353796667
171,93.26439361003685,123.77741927205113,90.55477863389031,101.59562657919503,True,False,维持,0.1206896551724138,0.7672413793103449,0.11206896551724138,114.49753239560923,97.18976455812344,94.71221054072471
172,87.4490560166743,120.9139511097517,85.94007269183422,102.66245980337757,True,False,维持,0.034482758620689655,0.7586206896551724,0.20689655172413793,103.52818393665679,111.63418354205675,91.47319567254128
173,90.43892130349873,119.25131334632329,89.31534227248109,101.74814691923018,False,False,维持,0.1206896551724138,0.7672413793103449,0.11206896551724138,104.13479912027617,107.41396268747872,97.7435986307274
174,96.06341446745316,124.44884397329035,89.8737755564263,103.52086328445056,True,False,维持,0.21551724137931033,0.5948275862068966,0.1896551724137931,123.749381933421,99.11455221879068,94.37004620576434
175,87.49941968420734,110.23144013052494,87.49941968420734,98.21818340941485,False,False,维持,0.10344827586206896,0.8793103448275862,0.017241379310344827,102.57351344896821,100.42323971659975,93.45422680255112
176,90.51423642308835,118.02004204230752,89.76521328146713,101.52292905970236,False,False,维持,0.09482758620689655,0.8189655172413793,0.08620689655172414,114.05907997262388,100.7832714842521,94.1519522134733
177,94.67897576759557,125.02674826990668,91.51398170374054,103.98668966291395,True,False,维持,0.07758620689655173,0.7155172413793104,0.20689655172413793,123.12668745707062,107.0189619007105,97.76466074898396
178,94.08826252554864,122.25176494177623,89.87934601194021,102.92267386607949,True,False,缓和,0.10344827586206896,0.7413793103448276,0.15517241379310345,100.21545642646878,107.95705348215542,98.57066490553736
179,94.92666128535338,115.19347886644007,91.53814896021096,103.4246525268706,False,False,维持,0.13793103448275862,0.6810344827586207,0.1810344827586207,107.11305412493462,98.80222624933809,96.06224280086333
180,90.40707825769147,117.67222703347439,87.6572264086951,101.27748611830617,False,False,维持,0.1896551724137931,0.6896551724137931,0.1206896551724138,104.77660523954866,103.10918351628428,100.4020005613723
181,89.31506143283704,128.98516175258595,89.31506143283704,101.98686487463229,True,False,缓和,0.14655172413793102,0.7413793103448276,0.11206896551724138,105.31932907891478,98.05387293060541,92.78681594957006
182,97.73443009154313,123.88433750896542,89.26371105674627,101.82273120043138,True,False,维持,0.11206896551724138,0.75,0.13793103448275862,109.38162674740117,98.91312419427466,89.26371105674627
183,92.63664394241773,119.7478074831479,89.32513071427988,101.94375714260693,False,False,缓和,0.1206896551724138,0.6982758620689655,0.1810344827586207,100.98386382736437,97.73466195231383,95.73370876247526
184,91.07208149584774,113.45383788814367,87.8441014007998,101.97580307329287,False,False,维持,0.09482758620689655,0.7672413793103449,0.13793103448275862,107.9896100440313,99.50110219593752,98.08406281343382
185,98.89088455992463,112.99577432771108,91.16186454774962,100.25119003076158,False,False,维持,0.15517241379310345,0.7241379310344828,0.1206896551724138,104.94215275335273,99.52656265601603,97.01289743467214
186,95.31622675158437,118.25577374912672,90.9877477665146,102.53880542778175,False,False,维持,0.09482758620689655,0.7672413793103449,0.13793103448275862,109.83914950697596,94.92135399796483,92.64904811115295
187,91.7385551565724,112.46004775370297,91.18551875322946,100.31124914545184,False,False,维持,0.09482758620689655,0.8275862068965517,0.07758620689655173,106.11723462831323,101.12749759693473,93.38774852188183
188,88.63895390658176,120.02579683861026,88.63895390658176,101.91676015327405,True,False,维持,0.08620689655172414,0.75,0.16379310344827586,114.423471145933,107.39453002909222,100.06317424283534
189,91.98361361944804,120.25746270397941,90.23965505677336,98.47468079372857,True,False,缓和,0.20689655172413793,0.7413793103448276,0.05172413793103448,107.97270520961233,99.96599205975187,96.8982648637441
190,90.37455529613906,116.39595416131094,85.916151740695,98.9060488520655,False,False,维持,0.20689655172413793,0.7758620689655172,0.017241379310344827,107.24992009819874,98.0438564990034,92.88579635737041
191,96.93050460169685,115.62514358029414,86.8959588653035,99.15596525840316,False,False,维持,0.22413793103448276,0.6724137931034483,0.10344827586206896,108.26113457188754,98.44447538886493,89.2143351503789
192,91.09536543703344,119.67867657072864,87.94299365797089,98.02338075652929,False,False,维持,0.1896551724137931,0.7672413793103449,0.04310344827586207,104.63601852928412,93.82749758579118,93.67078228187876
193,95.64442748699969,113.89711085108745,91.2794385872606,100.85654825967751,False,False,维持,0.11206896551724138,0.8362068965517241,0.05172413793103448,103.86231315196974,101.44983632137784,102.41642949723919
194,90.47197979815363,113.73478687642874,88.39155564509824,99.57995789747865,False,False,缓和,0.23275862068965517,0.7327586206896551,0.034482758620689655,108.85921676211385,100.0472601520447,89.5921823462435
195,91.42313376281179,120.53139009644745,91.42313376281179,102.47910267894,True,False,维持,0.12931034482758622,0.7155172413793104,0.15517241379310345,107.36350392523356,99.33902487887748,92.98888770608771
196,89.49086194311876,115.52552421772816,86.47493904508438,98.47888498554583,False,False,维持,0.22413793103448276,0.7586206896551724,0.017241379310344827,108.26143558228745,103.68817088459514,90.19127445230711
197,90.72040430154902,135.66866733844492,90.69377156673141,106.21017560365087,True,True,缓和,0.11206896551724138,0.6637931034482759,0.22413793103448276,119.42360484509204,112.96070550515466,103.30119936231718
198,88.72554910072,115.914497507018,85.74446886997711,99.00807186197659,False,False,维持,0.21551724137931033,0.7068965517241379,0.07758620689655173,100.35712429851809,104.16817237343878,87.27799687420338
199,88.77486191667762,116.6205607009443,87.5891729481669,99.9580952590321,False,False,维持,0.15517241379310345,0.75,0.09482758620689655,109.18331774101472,96.08618736247168,96.87221321070845
200,96.67060733376641,124.98633095254404,92.97281820086899,103.62598320496191,True,False,缓和,0.05172413793103448,0.7758620689655172,0.1724137931034483,106.58729091676697,100.39457571555026,108.46850594056006
201,89.69325504722076,128.78378708466465,85.2284167042337,102.53676165373919,True,False,维持,0.08620689655172414,0.7155172413793104,0.19827586206896552,106.66549820109432,110.06200611464726,90.13715757411421
202,104.47081189777779,119.81077451416917,88.2597807445825,101.31832447996712,False,False,升级,0.0603448275862069,0.8448275862068966,0.09482758620689655,118.03356554173787,100.07385674326217,95.29538178310054
203,89.07224419814222,112.34485198364652,88.14135086947218,99.72914044583759,False,False,维持,0.09482758620689655,0.8879310344827587,0.017241379310344827,111.74102231272288,99.03819694783513,91.71160805356806
204,96.37104128576064,123.10215501483695,91.88332650975599,102.02257739572941,True,False,维持,0.1206896551724138,0.6982758620689655,0.1810344827586207,104.4683673871984,107.23739106641914,99.96561235172342
205,91.1842676400959,117.11687130649808,89.39219177131116,99.94590340036811,False,False,维持,0.11206896551724138,0.853448275862069,0.034482758620689655,104.08054633180276,101.00610811797812,96.11434675880263
206,90.75004197451557,121.38828655623733,89.79063420705694,101.2830119488323,True,False,维持,0.11206896551724138,0.7672413793103449,0.1206896551724138,111.43964922772227,105.52054604159504,90.68850132989085
207,92.33487731900809,117.60800886239414,86.66512601156663,100.15835592887275,False,False,缓和,0.15517241379310345,0.7758620689655172,0.06896551724137931,99.90298492301011,102.68884042395004,93.89284448354356
208,85.20535007424328,112.70286817839649,85.20535007424328,101.01944309160083,False,False,缓和,0.12931034482758622,0.8017241379310345,0.06896551724137931,108.60785063064907,102.65838556326484,95.85194231599328
209,89.51819665599625,115.73468185776335,88.28748699434117,100.80287325223702,False,False,缓和,0.20689655172413793,0.7672413793103449,0.02586206896551724,110.36955185112836,101.26566007241334,90.15042572953817
210,96.83393490998083,116.1839698025669,89.13703298189664,100.47373222398332,False,False,升级,0.15517241379310345,0.7758620689655172,0.06896551724137931,109.36168181142259,94.76259516620841,91.81803748180636
211,92.8856968483844,113.94543860795096,89.62806729219032,99.00851848699838,False,False,维持,0.11206896551724138,0.8706896551724138,0.017241379310344827,109.33865694047161,100.08678932984283,93.24769827681769
212,95.72765371732552,125.25833614391607,88.50587102019679,102.99268679383852,True,False,维持,0.1206896551724138,0.6810344827586207,0.19827586206896552,104.55317130065436,98.57267251537024,96.99908657679467
213,97.22921940627866,115.49550676188296,90.78269404011797,100.67467016153252,False,False,升级,0.02586206896551724,0.9051724137931034,0.06896551724137931,109.63641894198923,99.12223294313337,92.38713475349361
214,93.09657247466481,119.94130453735933,91.29054221428946,101.2217646671059,False,False,维持,0.09482758620689655,0.8103448275862069,0.09482758620689655,102.2860559315972,99.53630928993908,98.16933669030118
215,88.1017799138248,124.97703722005767,88.1017799138248,104.04514715115498,True,False,缓和,0.13793103448275862,0.7068965517241379,0.15517241379310345,102.92879633555391,107.54463173859658,96.01036221318337
216,95.54540334588128,125.67536854435967,87.13706917619382,103.0315850489911,True,False,维持,0.034482758620689655,0.7931034482758621,0.1724137931034483,119.37264965943139,94.93542193543117,92.77633675599114
217,91.38238310509529,113.2092417807108,90.92899827913797,101.0646144786191,False,False,维持,0.10344827586206896,0.7758620689655172,0.1206896551724138,101.38809802863241,101.96961275666816,103.26486057281399
218,90.15834800474629,115.53097359143636,89.20902907328335,98.57111069897384,False,False,维持,0.16379310344827586,0.8017241379310345,0.034482758620689655,102.03519620098781,98.2191500694576,90.7583427051363
219,91.54206881877359,119.0814944604612,87.19790337483295,100.99643458710275,False,False,缓和,0.12931034482758622,0.7672413793103449,0.10344827586206896,108.83226702116693,104.38121632936544,96.89065257514616
220,92.50571635343609,124.10415614353161,90.42478450846644,102.83408300779908,True,False,维持,0.1724137931034483,0.7241379310344828,0.10344827586206896,124.10415614353161,99.90223001978401,96.72762257106427
221,86.94313910414891,115.4049889425438,86.83542459482581,98.4713206488524,False,False,维持,0.21551724137931033,0.7672413793103449,0.017241379310344827,96.15721622903625,94.98413308483978,93.10207785773639
222,95.52361369506502,119.94208120085248,87.85987102017454,103.06765465382092,False,False,维持,0.09482758620689655,0.6637931034482759,0.2413793103448276,109.35194180920472,117.61316833879846,101.43663963248547
223,90.92978462037198,111.58824566374744,90.68135135761429,101.12746055620627,False,False,缓和,0.11206896551724138,0.8017241379310345,0.08620689655172414,109.00829595096276,101.906690201868,96.34356393395935
224,90.42738940085813,123.07784493424802,89.36532502092787,103.90154902121975,True,False,维持,0.04310344827586207,0.7844827586206896,0.1724137931034483,108.75530360509919,102.97340198343876,99.83679600384532
225,88.39637809364974,114.3125778602014,87.48731353323953,98.78996575310538,False,False,缓和,0.1810344827586207,0.7672413793103449,0.05172413793103448,113.27329281656162,98.19427874678092,95.70687084378052
226,89.75583285196815,126.74653885107175,88.95413842757226,102.4711454514516,True,False,维持,0.08620689655172414,0.7413793103448276,0.1724137931034483,111.4837403590706,98.4426053109536,92.75010602997773
227,86.74827527083706,124.90988458637912,86.0389611022125,103.09957785573988,True,False,维持,0.11206896551724138,0.7413793103448276,0.14655172413793102,110.00908329520222,103.09770231913097,90.68315882601631
228,93.5130167085804,131.79839409893424,89.95052468596216,104.89018400277692,True,True,维持,0.11206896551724138,0.6637931034482759,0.22413793103448276,104.9397291600439,107.40332790115454,90.857831039663
229,89.31226099873734,122.31209265643142,89.31226099873734,103.09712646633581,True,False,缓和,0.0603448275862069,0.7758620689655172,0.16379310344827586,106.24247064588144,103.39252467450163,96.37104195072729
230,98.0461597283523,129.03409195217338,89.91623550434456,104.42662986815712,True,False,缓和,0.19827586206896552,0.5086206896551724,0.29310344827586204,105.31969898144405,98.5396323882089,92.10945846203471
231,96.3431481664493,123.46038578055725,88.93503025677822,100.33616581502686,True,False,升级,0.16379310344827586,0.7327586206896551,0.10344827586206896,103.92473969198056,96.15435377871717,94.73079025042361
232,90.75846103477173,118.535398602529,87.08860571346982,101.02344363626467,False,False,维持,0.07758620689655173,0.7844827586206896,0.13793103448275862,99.68827187770714,106.27023469088651,95.52761650001857
233,92.337502576947,115.74441319386369,90.7096655082315,101.52248886367227,False,False,升级,0.16379310344827586,0.7844827586206896,0.05172413793103448,106.30765464613991,112.85335318583043,95.61633194353705
234,90.7542701588905,122.35052449957173,89.81572810281102,102.34542764316606,True,False,维持,0.12931034482758622,0.75,0.1206896551724138,113.13219133583594,106.0515256265529,94.02492373451149
235,88.90523708215962,123.76523459412604,88.90523708215962,103.05790292806014,True,False,缓和,0.12931034482758622,0.7155172413793104,0.15517241379310345,118.22247618401549,110.10346905073628,92.68599626595876
236,89.64600854644046,115.34209463701822,87.78080539835577,99.66169438769911,False,False,维持,0.1810344827586207,0.7931034482758621,0.02586206896551724,105.27761316423809,100.72109843512524,89.39556490357779
237,91.70170419895872,113.72382037336402,89.330518537589,100.71592638516756,False,False,维持,0.0603448275862069,0.8448275862068966,0.09482758620689655,106.17480535516265,108.2372691062404,91.47151069664942
238,90.5079804270947,125.9067631535844,88.64333389428724,105.67294392782141,True,False,缓和,0.09482758620689655,0.603448275862069,0.3017241379310345,118.18717807391337,107.95907311849338,95.36128064669991
239,90.2161377113148,118.73572416943388,89.6660950650881,100.30138074453507,False,False,维持,0.1206896551724138,0.8189655172413793,0.0603448275862069,102.15223777818096,104.32328734305807,91.67899785006321
240,89.06629352450312,117.3640299815104,89.06629352450312,100.46568673994568,False,False,维持,0.0603448275862069,0.8706896551724138,0.06896551724137931,109.72901418050715,104.66664959744534,93.00138634946472
241,90.13954101668742,111.40665978316105,90.13954101668742,99.79392759239937,False,False,维持,0.14655172413793102,0.8362068965517241,0.017241379310344827,105.87181396611834,106.01480273545309,94.94911814472195
242,89.34771876817948,123.00151396498606,88.69570544591386,103.45103733298372,True,False,缓和,0.06896551724137931,0.7413793103448276,0.1896551724137931,115.99494962295547,109.30876582650563,95.20130678970813
243,91.31969532123698,111.96392288278093,89.94448703441394,99.68190082652612,False,False,维持,0.1896551724137931,0.7586206896551724,0.05172413793103448,107.40080769674829,98.6517805154587,99.69288587171565
244,89.0968992939354,123.2923982681544,89.0968992939354,101.38072085079006,True,False,缓和,0.12931034482758622,0.7241379310344828,0.14655172413793102,101.76355091872207,96.7266986390909,97.33064103351006
245,93.90851045721564,121.73915449490228,88.79119675612337,104.32626240932217,True,False,维持,0.09482758620689655,0.7155172413793104,0.1896551724137931,109.70547930197952,109.88800667397884,88.79119675612337
246,92.01178569202769,119.76993626034783,90.40232669456728,98.48012682275292,False,False,维持,0.22413793103448276,0.75,0.02586206896551724,104.58658359475567,100.3572231807851,94.16514612174262
247,93.11844797175954,127.01563458890638,89.97455449895158,101.93141033212457,True,False,维持,0.11206896551724138,0.7413793103448276,0.14655172413793102,112.47344570518088,107.27785217654778,93.74236475050131
248,89.71724724036083,115.10101071765618,88.3980542843632,99.15833069722527,False,False,维持,0.12931034482758622,0.8103448275862069,0.0603448275862069,101.41897378741606,100.10316530782443,90.6101673895746
249,95.47735124483911,126.75664035375988,91.1125055426871,101.34215185727975,True,False,维持,0.07758620689655173,0.8275862068965517,0.09482758620689655,115.82739253185426,98.22917585201199,98.79988294250253
250,92.13892926105765,120.83138257480594,89.42720715909284,101.01442089972691,True,False,维持,0.1206896551724138,0.8189655172413793,0.0603448275862069,111.03184713789284,105.38972850846136,92.49600315529919
251,89.83144240602441,114.04920294668376,88.18567042939844,101.67854777852686,False,False,维持,0.034482758620689655,0.8189655172413793,0.14655172413793102,104.31634876570631,99.65455038991044,92.85627012685964
252,89.84440531424869,120.71407710953474,87.95576244166361,101.91011101008561,True,False,维持,0.1206896551724138,0.7241379310344828,0.15517241379310345,117.51743784136308,97.68020563227356,97.5060224349885
253,93.1255217379608,124.6784150768068,90.19815603570945,100.41744236865212,True,False,维持,0.12931034482758622,0.8017241379310345,0.06896551724137931,114.97880318605834,95.29505213829752,98.36072237698626
254,93.81541625415322,124.28746961594011,92.4026799143821,106.79572894655384,True,False,维持,0.04310344827586207,0.6551724137931034,0.3017241379310345,114.80643112996874,111.3432165851285,108.81261004198845
255,91.45945147514469,118.90856274844103,88.99428159388661,99.81389014018474,False,False,维持,0.1724137931034483,0.7758620689655172,0.05172413793103448,105.07221737832032,96.87804810948498,91.22717431738091
256,88.98829741022183,128.1112533983961,88.98829741022183,99.17074241572219,True,False,维持,0.1724137931034483,0.7672413793103449,0.0603448275862069,104.36891390104975,96.07810056819581,94.44223765082604
257,92.13570174859498,115.57542658106561,90.71157044829458,101.0929617961574,False,False,缓和,0.10344827586206896,0.8362068965517241,0.0603448275862069,114.23081593091995,103.19100238128384,93.60459695735229
258,93.64053349375743,132.38011189760255,91.41651924939815,103.02032978428402,True,True,维持,0.0603448275862069,0.7844827586206896,0.15517241379310345,109.14568795585771,98.76776165167311,101.60364748814457
259,90.0200484743301,109.59642120910453,86.8871377174798,98.97272375084069,False,False,缓和,0.19827586206896552,0.7155172413793104,0.08620689655172414,105.96147749376436,99.17203132727883,98.48921957850305
260,98.13090195813362,120.49712432019057,94.27218984952644,104.85198521196925,True,False,维持,0.0603448275862069,0.75,0.1896551724137931,119.64326611445917,104.15475962564174,102.96053382895457
261,93.86301344544565,115.86532000571792,89.11057316594061,101.5757455296448,False,False,维持,0.10344827586206896,0.7758620689655172,0.1206896551724138,106.54509408896772,101.36012106918953,96.70035654142275
262,93.99250352815525,113.24619211395147,90.41025973244896,101.17962295868438,False,False,维持,0.07758620689655173,0.853448275862069,0.06896551724137931,109.36154491875382,100.2440233837495,96.84565359784905
263,87.53769780057263,123.33395534188868,87.53769780057263,103.74872594383713,True,False,缓和,0.1206896551724138,0.7068965517241379,0.1724137931034483,116.20939061948057,100.44877182139261,101.82388217026345
264,93.7081358245083,121.51429436595811,87.60764068966127,100.93351568802476,True,False,维持,0.0603448275862069,0.7844827586206896,0.15517241379310345,121.51429436595811,93.59382516620445,98.93256875280257
265,90.8534061484331,117.81193615216434,90.16650004716992,102.0633367008366,False,False,维持,0.09482758620689655,0.7931034482758621,0.11206896551724138,106.11906460892978,103.27420781537954,92.92259716212324
266,87.47847444813597,112.76471815690265,87.47847444813597,99.03049638329911,False,False,维持,0.13793103448275862,0.8017241379310345,0.0603448275862069,108.30102778509577,97.98438667144546,92.73162419584328
267,93.58977321094514,119.83931214124655,87.87276619665792,103.7516628200427,False,False,维持,0.14655172413793102,0.5775862068965517,0.27586206896551724,109.50913912371576,103.57969832337692,89.07506633666988
268,86.51571341493342,120.42404979553113,86.51571341493342,101.62651316118745,True,False,维持,0.1206896551724138,0.7672413793103449,0.11206896551724138,109.33902692150258,109.59326083208734,96.10244962236777
269,97.50828585064914,119.19047147003522,89.09871484662985,99.98931497164276,False,False,升级,0.20689655172413793,0.6982758620689655,0.09482758620689655,105.04214338850048,104.58574054864893,92.61912383913311
270,90.45891289237268,122.61701028700975,90.34771884431414,103.9577167277451,True,False,维持,0.10344827586206896,0.6637931034482759,0.23275862068965517,110.51255564493754,105.634593464472,97.37039235860209
271,96.20271423028525,121.49827537157192,89.48446159024928,100.33454598411946,True,False,维持,0.16379310344827586,0.6982758620689655,0.13793103448275862,97.99733326960607,96.38127013908253,96.24682533499873
272,88.62889107547842,117.89689444100419,88.62889107547842,101.14741568125551,False,False,缓和,0.12931034482758622,0.7586206896551724,0.11206896551724138,109.88205340886486,104.32414894478845,94.3407087796064
273,89.7134328760967,112.3494891447607,88.72988379523119,98.65792180578968,False,False,维持,0.09482758620689655,0.8620689655172413,0.04310344827586207,102.08334760257078,103.58227134116001,90.6811674332912
274,93.08434857750056,116.87244891288903,93.08434857750056,102.23903812136695,False,False,维持,0.1810344827586207,0.6637931034482759,0.15517241379310345,111.68750513370595,101.08781988241248,96.86712799898208
275,89.94766410327043,115.4681371771627,87.97674983951528,100.3333055898857,False,False,维持,0.22413793103448276,0.5775862068965517,0.19827586206896552,100.09413255709994,96.40459487850836,96.03511642620012
276,87.41806664648351,111.4703656572584,87.36592448199141,101.0056321903123,False,False,缓和,0.12931034482758622,0.7758620689655172,0.09482758620689655,104.85397467523772,109.39280254154806,96.61596070205111
277,93.90091055586676,113.69178453357512,90.9944422928425,101.78835552709212,False,False,维持,0.11206896551724138,0.7672413793103449,0.1206896551724138,105.84676725004249,100.6680364303204,102.32738979181671
278,87.54905527976467,122.59002289473945,87.54905527976467,102.46061607495004,True,False,维持,0.1810344827586207,0.6551724137931034,0.16379310344827586,108.3806695106991,100.99014819718978,95.86003619201126
279,90.24737038841626,118.77026076722979,89.4285438395798,103.90621993801304,False,False,维持,0.05172413793103448,0.7844827586206896,0.16379310344827586,111.89981226359215,112.18232169000004,96.13477029006445
280,92.62874130107683,124.11918636316183,89.76071002552673,103.94526942517147,True,False,缓和,0.11206896551724138,0.7155172413793104,0.1724137931034483,117.13868816934244,103.2974323246389,96.61177390206763
281,92.60020807753494,118.34965670242723,88.27410484726761,104.60235185197962,False,False,维持,0.12931034482758622,0.6379310344827587,0.23275862068965517,107.18271078144306,101.98374346250225,100.60283221526102
282,96.74142839290069,126.83236497752677,89.21267241397534,102.01857719430024,True,False,维持,0.09482758620689655,0.7672413793103449,0.13793103448275862,109.20877956568627,99.1443664773519,93.75988060108153
283,91.87631775833937,125.06399217565814,89.97913702305786,103.29272876284276,True,False,缓和,0.0603448275862069,0.6896551724137931,0.25,104.94060225180382,117.50763747802077,94.82105621351242
284,91.9310542691801,114.03367932938184,88.79969189998558,99.02593519160504,False,False,维持,0.13793103448275862,0.8362068965517241,0.02586206896551724,101.90716508953764,98.85844753874173,92.58177638051153
285,92.17917159623421,131.0647323891652,89.08636609187887,102.1937208754682,True,True,维持,0.1810344827586207,0.6206896551724138,0.19827586206896552,101.85280348739204,100.81679968877879,93.45505185386486
286,92.46112215230855,112.6966325319875,90.9169253280608,100.13344903786982,False,False,维持,0.15517241379310345,0.7931034482758621,0.05172413793103448,105.90412890588722,94.95891937500751,95.11040635549095
287,92.0643191207427,122.26274132827574,91.44739859989473,103.16011677546203,True,False,维持,0.09482758620689655,0.7327586206896551,0.1724137931034483,117.69386282811689,102.97379970285091,95.94706789012635
288,90.59153429417678,126.834179164545,88.88858909492912,103.88104861796153,True,False,维持,0.12931034482758622,0.6637931034482759,0.20689655172413793,108.31559838934862,107.87826742079473,97.45520505901274
289,94.99738272388745,114.69285419858238,89.26285123999942,99.96789620876298,False,False,维持,0.1206896551724138,0.8189655172413793,0.0603448275862069,105.23723415318547,102.43288252343268,91.78558758359921
290,92.68984533752798,123.34831620933579,90.01129422818374,103.33428804449274,True,False,维持,0.1206896551724138,0.6637931034482759,0.21551724137931033,117.88649401022265,110.48689833145174,109.92195722745893
291,89.88970096701925,113.54982323751985,87.16469813578675,99.16921252600261,False,False,维持,0.16379310344827586,0.7672413793103449,0.06896551724137931,103.3829473842938,96.15453209233459,93.3884636063034
292,90.2708454566371,124.59956304051211,89.87253318971077,102.85318214939132,True,False,维持,0.10344827586206896,0.7586206896551724,0.13793103448275862,113.59266739678384,102.35067264139474,98.30442254251564
293,85.228255643735,126.58508502508184,85.228255643735,104.55672115860037,True,False,维持,0.14655172413793102,0.6379310344827587,0.21551724137931033,119.48907517764556,108.73572426488946,91.07813608671026
294,88.03926138913062,120.65676015349558,88.03926138913062,102.01304489010246,True,False,缓和,0.11206896551724138,0.7672413793103449,0.1206896551724138,110.07576714731862,99.19713581336555,97.47190645501567
295,92.2262378362227,121.20195657941696,90.60692663030795,100.96726833586898,True,False,维持,0.07758620689655173,0.8189655172413793,0.10344827586206896,117.5218235536784,98.67782796419945,92.66823358213104
296,93.16317304507531,124.12166274875158,89.34892497910124,102.10560659125544,True,False,维持,0.1810344827586207,0.646551724137931,0.1724137931034483,106.7303333740065,105.56361087840727,94.97413634451047
297,90.31859514147928,114.41838289918594,88.51470088482495,99.96217335625417,False,False,维持,0.09482758620689655,0.8793103448275862,0.02586206896551724,111.91861491911537,99.30289782226667,94.38888682340286
298,88.45177670697753,124.13654137591443,87.11985550725667,98.82204582422702,True,False,维持,0.1896551724137931,0.7758620689655172,0.034482758620689655,103.33820424846985,94.66151852664957,96.45870553900112
299,90.70651803465654,122.04682240778448,87.58734235946255,101.8154946137388,True,False,维持,0.1896551724137931,0.6637931034482759,0.14655172413793102,110.71672582974057,100.78549423717187,99.4272759607883
300,90.39249816333884,120.62988577789415,88.55846127743808,100.01394488709076,True,False,维持,0.15517241379310345,0.7241379310344828,0.1206896551724138,100.29853387314057,114.47228649288294,91.29207454043869
301,89.64610589571289,116.87216332857322,88.71098675465282,100.48460544395584,False,False,维持,0.19827586206896552,0.6637931034482759,0.13793103448275862,103.72526585704976,96.5410291752416,91.49457535180211
302,90.85602290638039,113.97698349537649,88.3274676505507,99.43399823062201,False,False,维持,0.16379310344827586,0.7844827586206896,0.05172413793103448,107.34512729608333,100.58158170623041,96.86993220667972
303,89.45613146579447,113.54358965060034,85.42687118022096,98.28210743726991,False,False,维持,0.1724137931034483,0.8017241379310345,0.02586206896551724,110.12039249401201,92.58270752271767,93.05884385985364
304,90.26235715743165,113.97712968571288,86.93523957658532,99.46004190443182,False,False,维持,0.14655172413793102,0.8275862068965517,0.02586206896551724,103.29951522939635,98.79040672843539,92.35310213377288
305,85.63847041618118,126.28719220348064,84.80281024692263,101.64658374853283,True,False,缓和,0.14655172413793102,0.6810344827586207,0.1724137931034483,113.91230245473642,105.9238276208974,96.57378747991154
306,91.47276662518134,128.84142518759762,90.07148170296308,103.71348241631541,True,False,维持,0.07758620689655173,0.6896551724137931,0.23275862068965517,102.38865497259326,107.50289036622426,97.36823181419146
307,95.92072966155689,119.75709402459641,86.69042898644219,100.97895513477681,False,False,维持,0.1206896551724138,0.8275862068965517,0.05172413793103448,108.59314707131996,97.24304950049819,93.75337299692178
308,91.56341897229453,118.49007966355094,90.95980793700313,102.02179190433638,False,False,维持,0.06896551724137931,0.8189655172413793,0.11206896551724138,112.41455702411338,102.86488504389389,95.17108436036195
309,89.20438506357691,111.37438034118786,86.49132935446077,100.02555846111868,False,False,维持,0.06896551724137931,0.8706896551724138,0.0603448275862069,108.65046789751636,105.22773845553634,97.88701764232636
310,92.0292709508077,130.58691564037383,88.19847458895295,102.89657314765469,True,True,维持,0.08620689655172414,0.7327586206896551,0.1810344827586207,107.01287508892844,94.37724351200013,94.80056707461249
311,88.09474401620697,117.60554355687276,88.09474401620697,102.66744903800924,False,False,维持,0.15517241379310345,0.7155172413793104,0.12931034482758622,106.37886283120775,100.10996994338662,97.9113257336443
312,89.71040084838644,127.75701337562612,89.71040084838644,106.61506617004935,True,False,维持,0.06896551724137931,0.6120689655172413,0.31896551724137934,111.36799322270797,104.00997139631143,101.29321683814405
313,91.63001885581265,114.98518780823298,89.2793099303696,101.81685734944281,False,False,维持,0.09482758620689655,0.7758620689655172,0.12931034482758622,99.28440093857573,100.86629272687742,94.38316236411912
314,88.43155289157838,120.48523088610176,88.43155289157838,102.03378613048078,True,False,维持,0.16379310344827586,0.7068965517241379,0.12931034482758622,108.1131568191821,110.95755045711316,97.30711822854003
315,87.78818153681564,120.58049014241085,87.78818153681564,100.73570889375779,True,False,缓和,0.16379310344827586,0.7672413793103449,0.06896551724137931,106.35932241146189,103.99370864891631,96.95837021735846
316,89.54524838699199,125.89629924392096,87.27769202997956,103.83965282256119,True,False,维持,0.07758620689655173,0.7413793103448276,0.1810344827586207,111.5986729392666,109.3302111591811,88.88733572411834
317,91.8118854385909,128.03292889485766,89.76398903977756,101.88879120919562,True,False,维持,0.16379310344827586,0.6896551724137931,0.14655172413793102,108.70281049461278,99.23632295776585,90.46633383965509
318,92.61858883135048,125.32753812463923,92.3904311916279,103.79260441448581,True,False,维持,0.05172413793103448,0.7586206896551724,0.1896551724137931,121.44317920388445,101.67490904372319,95.12437560872782
319,93.17124657523837,128.14863059883322,91.83555011703676,103.61452442776061,True,False,维持,0.15517241379310345,0.646551724137931,0.19827586206896552,120.80616572582557,95.20871326480498,98.83814936535819
320,91.59259229546264,120.52660067279886,88.28305672289572,100.29557630205016,True,False,维持,0.1896551724137931,0.6982758620689655,0.11206896551724138,119.33728747812931,95.70867072514658,93.77473356872778
321,94.85597190054774,117.1622288814701,91.9707818261071,103.86252627706541,False,False,维持,0.05172413793103448,0.6724137931034483,0.27586206896551724,103.92116697805221,107.04923458561551,104.39093882363757
322,88.29640421429869,115.16885070964031,88.29640421429869,100.47613874358454,False,False,维持,0.1810344827586207,0.6982758620689655,0.1206896551724138,106.72525800342544,101.90928922243535,96.5721456720522
323,87.73279907334751,111.14528851364486,84.81795220128295,98.77179790135266,False,False,维持,0.16379310344827586,0.8103448275862069,0.02586206896551724,104.5365047241964,109.65571306733749,92.41420458524857
324,91.43159621439317,129.2246147894111,90.02535509566465,100.95881454203176,True,False,维持,0.10344827586206896,0.8275862068965517,0.06896551724137931,117.14062123912281,95.47244915168706,92.28443564532873
325,88.6853212802376,124.57172827063432,86.65467256162408,104.43442815716998,True,False,维持,0.14655172413793102,0.7155172413793104,0.13793103448275862,113.671816299552,110.04256462973584,96.85780291429583
326,94.09153664593826,123.8186947174345,90.82935893602438,104.93681543836142,True,False,维持,0.08620689655172414,0.6724137931034483,0.2413793103448276,105.41766242076297,123.8186947174345,100.61349014858871
327,92.98266647952232,121.10611693301756,89.33898651491154,101.29863352962931,True,False,维持,0.12931034482758622,0.7586206896551724,0.11206896551724138,113.2386971105027,97.66714702616403,92.38050232411248
328,87.46184292264866,115.97730698672723,87.46184292264866,100.0006989401954,False,False,维持,0.1206896551724138,0.853448275862069,0.02586206896551724,105.96632267545792,110.82369900818846,92.90564279835631
329,89.62404448188978,127.55273239227645,87.79516805676865,103.67322665394595,True,False,维持,0.12931034482758622,0.6896551724137931,0.1810344827586207,104.90009776533964,107.76631057083335,95.48630233780959
330,90.22826199275833,121.85297505092082,89.12976267668401,101.49001559976656,True,False,维持,0.0603448275862069,0.7931034482758621,0.14655172413793102,115.80679261027592,99.77064631592438,90.52058352609296
331,93.28674365599744,120.04845634127986,89.43883430204708,101.35594273836058,True,False,维持,0.04310344827586207,0.8103448275862069,0.14655172413793102,110.63120306708292,107.55861439010886,93.26505028274529
332,92.29132037697119,117.79144908946273,90.73736398573105,99.94355140551264,False,False,维持,0.1206896551724138,0.7844827586206896,0.09482758620689655,102.53318265206316,96.18979564693278,92.71473409280259
333,87.36785206197537,124.6787776938899,87.36785206197537,101.98530715381357,True,False,维持,0.06896551724137931,0.8879310344827587,0.04310344827586207,114.7440778904941,97.50476563313325,95.86878746552651
334,85.93015227990242,114.81190543923276,85.93015227990242,98.88276019615351,False,False,维持,0.28448275862068967,0.5948275862068966,0.1206896551724138,99.96170160240106,98.50249160315387,98.49405728021034
335,89.69939258766044,111.57345390623357,89.30304938051505,99.78655170234413,False,False,维持,0.1206896551724138,0.8103448275862069,0.06896551724137931,104.3702628391437,100.73617327126709,95.33734378839773
336,89.78748019621935,115.32934991190845,88.53828126065406,99.72783968170572,False,False,维持,0.1896551724137931,0.7758620689655172,0.034482758620689655,107.78508679529781,95.3345577684719,94.1682859693151
337,85.80634276343277,111.70543632932778,85.80634276343277,101.25026406677034,False,False,维持,0.10344827586206896,0.8103448275862069,0.08620689655172414,102.41972931933171,101.01535773081416,96.62560446743302
338,93.8404765481892,111.94476218137248,89.6120736557582,100.21933893368202,False,False,维持,0.13793103448275862,0.8017241379310345,0.0603448275862069,105.60411078709626,103.02488882692309,104.38265791986258
339,92.28991946814745,120.24158948995698,87.59852441678748,101.29675174302507,True,False,缓和,0.1810344827586207,0.6724137931034483,0.14655172413793102,109.93147361577367,97.11098160052114,95.55354777214727
340,90.14465877955266,117.04227298074275,89.78271030581116,101.9261451989274,False,False,维持,0.06896551724137931,0.7586206896551724,0.1724137931034483,110.8032968855005,115.88779904533413,90.0771172425941
341,86.81333536562796,117.84780620662487,86.81333536562796,100.51168667530408,False,False,缓和,0.08620689655172414,0.8103448275862069,0.10344827586206896,101.66022692373367,101.98067231719833,95.237446940735
342,91.13358846216435,121.1144898337096,85.58398287617126,101.72003751944031,True,False,维持,0.08620689655172414,0.7844827586206896,0.12931034482758622,110.52049072681694,98.18184073771758,95.13011720736856
343,90.94894569715794,126.53969206094237,90.11120437807887,105.21384401448934,True,False,缓和,0.05172413793103448,0.6724137931034483,0.27586206896551724,122.27558619616806,109.38922176322158,95.76093068285071
344,91.56626851804857,120.75744279570343,89.32681297264686,100.52804520865094,True,False,维持,0.20689655172413793,0.7241379310344828,0.06896551724137931,102.60095829504307,98.8557685362947,94.5291125309409
345,91.98194233490432,112.21384145196575,88.99471757698481,99.78373253210128,False,False,维持,0.14655172413793102,0.8448275862068966,0.008620689655172414,106.07405838828895,97.73124961530272,93.91403120625233
346,98.55484226191075,119.94197636920521,91.44897360560182,102.53398553996655,False,False,维持,0.1896551724137931,0.5775862068965517,0.23275862068965517,102.29664240114516,119.0218454607595,94.62775438591119
347,92.2512374978909,118.0358303131781,89.55838348824037,101.48972293000449,False,False,维持,0.08620689655172414,0.8103448275862069,0.10344827586206896,105.83115848275514,99.3150585749734,90.27565298928268
348,88.671778567249,120.24552592933364,88.671778567249,101.64741137176897,True,False,维持,0.08620689655172414,0.8275862068965517,0.08620689655172414,117.56960375116797,112.24994889224423,94.1613995835996
349,91.15251957216122,120.78266860183584,89.11400810545749,102.05679270295454,True,False,维持,0.13793103448275862,0.6810344827586207,0.1810344827586207,112.99200472187522,100.73220625319853,98.13066015398356
350,92.3201990428634,117.67939013383348,87.7071699653059,99.74948428317404,False,False,维持,0.19827586206896552,0.7327586206896551,0.06896551724137931,97.28134081682559,104.53017959799331,93.79546866363606
351,93.61594960753742,121.84601212535281,89.67818409485498,101.42438770581086,True,False,维持,0.09482758620689655,0.7758620689655172,0.12931034482758622,100.99404846318906,97.51961048292964,93.96728380024356
352,87.34799691641174,114.78284175189911,87.08753846696571,101.18819032315587,False,False,维持,0.08620689655172414,0.8103448275862069,0.10344827586206896,114.12168173763108,104.64175618074891,97.11433344227429
353,92.27390767037721,116.58524593932951,90.22430672646325,100.3219918865737,False,False,维持,0.1206896551724138,0.8620689655172413,0.017241379310344827,111.13032614845318,98.95014353525283,94.33433216252158
354,93.20900568365734,118.90482459018405,87.28166553622054,101.27325088243178,False,False,维持,0.1206896551724138,0.7586206896551724,0.1206896551724138,104.0831104697122,99.22522420565257,91.35324727199541
355,92.66105031444499,113.07298022909826,90.06563843464049,99.63901972088841,False,False,维持,0.11206896551724138,0.8620689655172413,0.02586206896551724,100.53374657223753,99.88106511860272,94.87979410456573
356,96.88357160019109,121.0805190766609,92.81903947358872,103.63094409495733,True,False,升级,0.0603448275862069,0.7758620689655172,0.16379310344827586,108.78631142794764,113.92944716798549,95.72661976524584
357,86.88368054805655,125.13308985007177,86.88368054805655,104.90758199715158,True,False,缓和,0.0603448275862069,0.6982758620689655,0.2413793103448276,111.60478499688041,105.42848211986926,97.10543490817786
358,94.40935156476824,124.91020632607199,88.99749721598339,102.5494049566424,True,False,维持,0.09482758620689655,0.7586206896551724,0.14655172413793102,120.59899959977623,104.79292495176878,88.99749721598339
359,93.30238852700666,127.40081059073296,91.1069324637473,101.98639274738612,True,False,维持,0.14655172413793102,0.75,0.10344827586206896,108.4286870281576,97.1272629747313,95.63188415810339
360,91.39366893573037,113.28730591343746,90.03303216596437,100.16400038418539,False,False,缓和,0.2413793103448276,0.7068965517241379,0.05172413793103448,98.71248592499656,103.60656196385628,94.84048504330701
361,91.35426730372279,111.86715702612418,87.64628945303672,99.1436928233451,False,False,维持,0.06896551724137931,0.9051724137931034,0.02586206896551724,102.59707970496355,101.76798524607786,91.699662258318
362,90.83286338209092,122.75585864054757,88.91701325314716,100.62446893099217,True,False,维持,0.04310344827586207,0.9137931034482759,0.04310344827586207,105.8199188285811,99.74348909202598,94.01871244744426
363,89.65109496350276,126.92892018295053,88.79231031992038,106.0226667074197,True,False,维持,0.04310344827586207,0.6293103448275862,0.3275862068965517,116.04967872753558,115.05140327983918,91.93891935937975
364,105.39903677789711,117.0607096060575,88.82866557381406,99.5387212276006,False,False,升级,0.20689655172413793,0.7068965517241379,0.08620689655172414,105.5753524267989,99.34811416521902,94.5440256466116
365,97.06495025394621,115.9582431558577,88.30621096870715,100.84109067211892,False,False,升级,0.14655172413793102,0.7672413793103449,0.08620689655172414,104.57560749150826,99.09402673740112,93.67144676117941
366,89.3313293927252,127.53920493991733,89.31145875754535,103.1259271235391,True,False,维持,0.09482758620689655,0.7586206896551724,0.14655172413793102,105.3152610910153,99.15886224968125,101.56388058515674
367,92.2402021157716,118.53428280622677,88.96948084518876,100.60232716043672,False,False,维持,0.15517241379310345,0.6982758620689655,0.14655172413793102,114.30144635404265,99.03715253155,93.38238670212974
368,88.62418927135812,116.79303767351563,88.52993951986423,100.78160930539353,False,False,维持,0.1810344827586207,0.7672413793103449,0.05172413793103448,113.14677504098144,105.36020295379724,89.75492922345852
369,90.89271414635988,119.19291107748003,88.88853374900982,101.34207131046657,False,False,维持,0.1206896551724138,0.7844827586206896,0.09482758620689655,107.77394530326906,101.89221386140657,95.84432448368322
370,95.88684636488553,117.34783385113901,87.50632772024483,99.77610264692822,False,False,维持,0.11206896551724138,0.8620689655172413,0.02586206896551724,107.17070955421094,97.02145417455438,95.75652341666252
371,93.24041308149161,118.22557896485363,88.78424860053953,100.74548274857412,False,False,维持,0.05172413793103448,0.8793103448275862,0.06896551724137931,104.75186690137687,118.22557896485363,92.54548749709843
372,89.09872505060738,130.42575307773456,89.09872505060738,103.06310930117264,True,True,缓和,0.08620689655172414,0.7586206896551724,0.15517241379310345,102.44380628683199,98.96127791816761,103.51498413706977
373,93.25720142953874,117.32810618046183,87.23971227044964,101.16039235717473,False,False,维持,0.1206896551724138,0.8017241379310345,0.07758620689655173,104.44913920315878,100.44689985278224,94.32364840611723
374,93.18240802645164,130.6308690487879,89.12764959636618,105.448137908876,True,True,缓和,0.12931034482758622,0.6120689655172413,0.25862068965517243,123.37708718596795,108.06560518143094,94.74984609502731
375,88.19550372261996,126.04420437481198,87.81705610313128,105.87669385830819,True,False,维持,0.07758620689655173,0.7068965517241379,0.21551724137931033,118.39014640721189,104.4386263850612,91.95985465987619
376,89.78883871221645,110.1844650282584,88.329160985948,98.50154266309809,False,False,维持,0.10344827586206896,0.896551724137931,0.0,106.0007616091962,98.54312024047697,96.850860640264
377,92.21757631915031,124.19790672782295,88.99707226915224,100.3032852544707,True,False,维持,0.15517241379310345,0.8017241379310345,0.04310344827586207,99.31573410497812,103.43811303160955,93.94060591670635
378,87.17849009400368,127.87515935026514,86.8314816807372,102.157354444144,True,False,维持,0.27586206896551724,0.5775862068965517,0.14655172413793102,105.62219375304363,101.33166752147169,108.01397578807045
379,93.4465193273108,111.84804382849622,89.25924370216704,99.63777075494232,False,False,维持,0.09482758620689655,0.896551724137931,0.008620689655172414,103.13378377038012,99.8727219388895,94.93975008872106
380,96.62530014241636,120.93110016289167,89.2830613142579,101.71265307795103,True,False,维持,0.12931034482758622,0.7155172413793104,0.15517241379310345,107.53713962605104,98.19405820084582,99.30739335197673
381,95.76525470244972,113.7418301194971,89.00534178995566,101.40405942866164,False,False,维持,0.10344827586206896,0.7586206896551724,0.13793103448275862,106.27632960472543,104.39557032867197,92.58888412211434
382,90.8697191394575,123.69365950369844,89.80269935355938,103.81146969708239,True,False,维持,0.0603448275862069,0.7413793103448276,0.19827586206896552,113.10833033265023,96.62223411974472,102.81880891068091
383,96.94191588350283,115.28819669121668,91.54955855339229,102.20842822267832,False,False,维持,0.09482758620689655,0.7844827586206896,0.1206896551724138,110.46157011717882,111.54885616675996,93.20343240084738
384,89.33489298679608,115.32603627769345,87.23674852632207,99.83803774873087,False,False,维持,0.13793103448275862,0.7844827586206896,0.07758620689655173,107.22981292507181,100.30421653333889,98.80123567909081
385,90.79843993093594,127.76876996900621,88.6616322013777,103.00529404086639,True,False,维持,0.09482758620689655,0.7758620689655172,0.12931034482758622,110.55558389507331,103.13933259242476,90.68407107273467
386,86.75063290396011,124.64717648549525,86.67064353478898,101.91733661905627,True,False,缓和,0.12931034482758622,0.7586206896551724,0.11206896551724138,113.34204322172963,102.68511605195846,96.49900382614369
387,94.65231051770863,118.67557528021815,89.15845949813428,100.57841633311733,False,False,缓和,0.11206896551724138,0.7844827586206896,0.10344827586206896,105.12895277816177,98.14973103464601,95.69970344668404
388,89.92179040669615,127.84178582717996,87.34130671057052,103.87336896939333,True,False,维持,0.09482758620689655,0.603448275862069,0.3017241379310345,105.32711813810239,109.43711402730932,94.47052408569222
389,92.78948337264116,124.6609406047242,88.55051896290072,104.00656212768321,True,False,维持,0.12931034482758622,0.7155172413793104,0.15517241379310345,117.39187339671697,101.00723717011071,90.8072516830093
390,92.23873463615082,116.65849673596752,91.3050573759755,101.03934271762009,False,False,维持,0.0603448275862069,0.9137931034482759,0.02586206896551724,106.81906958730484,97.72937665979514,93.5134067665714
391,92.85257324529074,124.85469001123764,90.0132941873153,101.51250619500334,True,False,维持,0.09482758620689655,0.8275862068965517,0.07758620689655173,104.169678691955,105.75965452741612,91.71190628812522
392,88.74301917160435,117.66359173917986,88.25420500947692,100.18440205028051,False,False,维持,0.12931034482758622,0.8275862068965517,0.04310344827586207,106.81307331233522,102.42669711496838,95.70729886487058
393,93.62473408250224,123.13424972135928,91.48584678259641,102.49377421496169,True,False,维持,0.11206896551724138,0.75,0.13793103448275862,103.28631487058486,105.24378018655952,97.5794419927127
394,91.06781924344615,123.2248777987135,87.08103565121044,101.64147676997939,True,False,维持,0.1206896551724138,0.6982758620689655,0.1810344827586207,113.30099319434366,98.66301106024893,88.98325433889985
395,95.1020834748087,129.22151688962418,88.9968282964678,103.91864188551467,True,False,维持,0.13793103448275862,0.5948275862068966,0.2672413793103448,127.09403697218045,107.53633604821249,102.37678179384072
396,92.68923841708158,117.56441025074305,88.65225571703753,101.3163762469867,False,False,维持,0.12931034482758622,0.7241379310344828,0.14655172413793102,106.70032422388925,117.56441025074305,90.70809034365753
397,90.31117378076011,124.928136858979,88.22192778797451,105.02586712905746,True,False,维持,0.05172413793103448,0.6982758620689655,0.25,103.55785637545758,117.26943942662582,105.47248814308355
398,92.31508756904009,133.80062053495618,90.4891642595631,102.84452664918533,True,True,维持,0.12931034482758622,0.7068965517241379,0.16379310344827586,113.86349420163106,96.6772494046343,99.09012372809897
399,97.12765799880421,131.9918178453269,90.52693220774947,103.13489336433365,True,True,维持,0.13793103448275862,0.7068965517241379,0.15517241379310345,111.02122380162768,100.16598813093766,95.24284366237087
400,86.5258088082908,117.2795332466364,86.5258088082908,100.72268083842279,False,False,维持,0.12931034482758622,0.7241379310344828,0.14655172413793102,110.37523626706489,112.9128651706051,95.65229662222039
401,85.90668406635935,125.05240348340372,85.90668406635935,102.17170286353375,True,False,缓和,0.11206896551724138,0.7672413793103449,0.1206896551724138,107.1215259393199,101.33513708623744,93.4683091351535
402,88.24057117520523,116.22280703170509,87.62435169609437,101.83003066348985,False,False,维持,0.1206896551724138,0.6982758620689655,0.1810344827586207,109.46425776122302,113.7050267112451,96.65360606079105
403,96.15175368770079,109.96309894502335,88.77817367950732,99.43894023414704,False,False,升级,0.12931034482758622,0.8189655172413793,0.05172413793103448,105.24311085311304,99.21884384006422,95.15851513814191
404,90.0521765596798,127.88297371276958,89.85202747822056,103.23225677935424,True,False,缓和,0.08620689655172414,0.7586206896551724,0.15517241379310345,112.02253168385688,112.35145531064491,93.82747611494987
405,89.65404961601388,129.7512181841749,88.2895300840366,102.222982061249,True,False,维持,0.19827586206896552,0.6551724137931034,0.14655172413793102,116.59837297681914,92.97933647937927,101.94860777855996
406,91.83816194869117,120.93447212287485,89.39550809566401,102.65059258842216,True,False,维持,0.07758620689655173,0.7672413793103449,0.15517241379310345,110.13804826332023,110.82045529122387,93.19241366430946
407,88.32349198179375,131.8373982972081,87.7733817276328,102.6417312719897,True,True,维持,0.13793103448275862,0.5948275862068966,0.2672413793103448,106.48816307790675,97.54661456143651,92.76954782097299
408,93.32438876996068,122.0684450225807,90.59664642286582,101.91051614584333,True,False,维持,0.0603448275862069,0.8620689655172413,0.07758620689655173,105.33473812073748,102.53496949275917,92.00877101255345
409,92.13287561132178,113.97196717828022,88.35279108614581,101.99423504964862,False,False,维持,0.09482758620689655,0.7931034482758621,0.11206896551724138,103.77841013100397,102.17436417705906,101.65030905944445
410,90.2268093003051,118.59307125115433,88.90446401428595,100.72663530291065,False,False,维持,0.19827586206896552,0.7155172413793104,0.08620689655172414,105.45976776362562,101.87126165722863,94.47436744904728
411,93.57883624739587,119.78567150904829,88.21047275718331,100.51690192066508,False,False,维持,0.16379310344827586,0.7758620689655172,0.0603448275862069,106.74631753104933,98.99638220512131,91.23486360317352
412,89.76362269263896,118.15625862019616,86.52723026343425,100.59447584959845,False,False,维持,0.1724137931034483,0.7068965517241379,0.1206896551724138,104.76147901736591,101.70387262634264,97.98840855744004
413,90.38772519868412,116.31585127772442,89.11040862605768,99.7569980296431,False,False,维持,0.2413793103448276,0.6896551724137931,0.06896551724137931,104.38277326835053,100.5114228866632,93.56502648777048
414,92.54841726956585,116.81163879014206,91.49648368456,103.3142016040829,False,False,维持,0.15517241379310345,0.6724137931034483,0.1724137931034483,105.95734876047291,101.54958179498695,94.88978798551972
415,92.40081894501192,116.42479126781822,90.95441416221563,101.4947111690098,False,False,维持,0.10344827586206896,0.8793103448275862,0.017241379310344827,107.04175296184869,99.74489094359963,93.17599012238833
416,90.25274475431836,116.73907753784539,86.09021596164514,101.44684893609634,False,False,维持,0.1724137931034483,0.646551724137931,0.1810344827586207,111.84661838052551,104.04865192885156,109.49441870606701
417,91.22008877537718,117.73136852529582,88.6939980320326,100.51117001451742,False,False,维持,0.10344827586206896,0.8017241379310345,0.09482758620689655,104.35656093603544,99.95523628681327,96.28061131436095
418,87.60080851146179,114.71972503095054,87.60080851146179,101.01390106445805,False,False,缓和,0.11206896551724138,0.7844827586206896,0.10344827586206896,105.44424093817418,101.45960603082418,93.2112638642983
419,92.0622833040188,117.9073812736667,90.63903593429659,101.1052141110843,False,False,维持,0.20689655172413793,0.7068965517241379,0.08620689655172414,108.68366821750287,102.75477207728972,93.02119496995392
420,90.8632390546865,123.00897304154489,90.8632390546865,102.38229398592965,True,False,维持,0.11206896551724138,0.7844827586206896,0.10344827586206896,99.81288836319798,100.20329175701627,95.81788371975624
421,88.42433409570494,117.0510272866348,88.02061992037527,100.81124005523542,False,False,维持,0.22413793103448276,0.6551724137931034,0.1206896551724138,106.85306911269514,99.5414334380774,95.90984363394124
422,89.74510401442348,123.70557016083232,89.74510401442348,102.37468835104349,True,False,维持,0.14655172413793102,0.646551724137931,0.20689655172413793,119.90209890870453,102.48698060774659,110.21590508955686
423,87.23432379084096,126.38956866879522,87.23432379084096,101.31177529395971,True,False,缓和,0.1896551724137931,0.7155172413793104,0.09482758620689655,123.95286287683231,97.97488391568407,94.92735811924422
424,90.37206648428288,121.85637792278384,87.38666437183775,100.49362175179998,True,False,维持,0.14655172413793102,0.7327586206896551,0.1206896551724138,114.60102775007657,98.54819309755715,92.21526958082457
425,92.43904622675248,132.26792762426314,88.41731595913376,103.78856239647362,True,True,缓和,0.19827586206896552,0.603448275862069,0.19827586206896552,109.02680141428269,99.01997238204393,93.39290368809789
426,91.0031607033773,115.52319004520766,88.50036171050223,100.61597583124359,False,False,维持,0.09482758620689655,0.8189655172413793,0.08620689655172414,101.330729004385,113.96858883944971,92.88859275897737
427,103.34477428119827,122.72978219310956,88.08122268429653,102.53715288347406,True,False,升级,0.16379310344827586,0.6379310344827587,0.19827586206896552,108.36580851977246,105.4494235232634,94.03449718532656
428,93.76374462642418,133.71931228290754,88.86475454934907,103.55989414527144,True,True,维持,0.0603448275862069,0.7155172413793104,0.22413793103448276,108.88062217691167,105.34292905996304,90.3604839005736
429,92.01242405439577,110.65437560732755,83.89112220178076,98.5391054169917,False,False,缓和,0.1896551724137931,0.7758620689655172,0.034482758620689655,106.91478592995601,101.07398674345367,98.153267714151
430,90.75070910210422,122.69780489735729,89.80889880957659,102.45259868890052,True,False,缓和,0.19827586206896552,0.6379310344827587,0.16379310344827586,106.26728047466976,95.54403058433675,95.51370043301908
431,90.54649759185561,120.55537529958885,89.00258984405878,102.57906366402727,True,False,维持,0.08620689655172414,0.6896551724137931,0.22413793103448276,110.96396305662026,107.65194239117382,105.46122031965743
432,94.16975129468005,112.3198793339385,91.34318174821678,101.04628341070496,False,False,维持,0.13793103448275862,0.7844827586206896,0.07758620689655173,101.80425769898706,102.20419473766546,99.67504647517237
433,93.45965445511173,117.29287104673602,90.3841038583996,101.61217196382187,False,False,维持,0.06896551724137931,0.853448275862069,0.07758620689655173,104.10134064621897,102.56144770922215,97.95223192901999
434,89.9636169320965,121.55870724888959,88.085463799661,101.12361682371709,True,False,维持,0.11206896551724138,0.7844827586206896,0.10344827586206896,118.33942579493608,101.71132226739566,89.79751005037784
435,90.49727721090906,129.25116229722676,89.00221143319105,101.51486298042268,True,False,缓和,0.25862068965517243,0.6379310344827587,0.10344827586206896,125.80528593074807,103.30806267847014,99.04235888122854
436,91.62426641721592,130.79944178401624,91.62426641721592,103.13697972487205,True,True,维持,0.0603448275862069,0.7672413793103449,0.1724137931034483,108.65794160237223,105.14666550465358,95.99291434423186
437,87.3216748679227,112.91943422136082,87.16048018781666,98.71006069793874,False,False,维持,0.1724137931034483,0.7931034482758621,0.034482758620689655,104.7721186430147,95.63258990822436,91.5156774377347
438,90.86615849616462,129.3765806231527,90.86615849616462,105.7317124929817,True,False,缓和,0.09482758620689655,0.5948275862068966,0.3103448275862069,106.01538044903457,108.12869088466431,107.02669059083985
439,91.23041904034241,120.82585297289533,86.2878247073062,102.12194827829742,True,False,维持,0.16379310344827586,0.6724137931034483,0.16379310344827586,108.65087723758776,111.56228402238771,102.00704912951208
440,88.58643767257465,121.92434870876001,88.18504893760871,100.33123965676495,True,False,缓和,0.1810344827586207,0.7241379310344828,0.09482758620689655,112.91458652296085,99.32562264345863,94.90788275679846
441,93.15090020109838,112.0606903284743,89.30383353631905,99.30472936343855,False,False,维持,0.15517241379310345,0.7844827586206896,0.0603448275862069,102.71033854214004,107.37504295020268,92.08677720447655
442,89.90741665681084,120.70505532559056,89.90741665681084,102.82913095174365,True,False,缓和,0.1206896551724138,0.7068965517241379,0.1724137931034483,106.96586803102046,103.51964269408074,108.31597305267452
443,92.25229525536994,112.5176801992807,89.62119991946528,100.76843965409647,False,False,缓和,0.09482758620689655,0.7758620689655172,0.12931034482758622,100.24590270875859,110.29571288007718,99.25969888377541
444,92.66250238770023,113.22427441123097,90.19958804445534,100.682311669695,False,False,维持,0.13793103448275862,0.8103448275862069,0.05172413793103448,105.39684665296016,100.16589634396357,95.01323243484563
445,93.38597239792495,117.88976352369309,88.12907020447761,99.66206662851991,False,False,维持,0.1810344827586207,0.7241379310344828,0.09482758620689655,105.69956365957238,105.30196412789088,93.13146192064474
446,89.38517312896991,114.07646762442491,86.59457417256529,100.35677596912181,False,False,维持,0.11206896551724138,0.8362068965517241,0.05172413793103448,109.23314001346647,101.53049243050874,97.29057595986015
447,86.38847381503706,117.6590843036497,86.38847381503706,100.644328409111,False,False,缓和,0.11206896551724138,0.7672413793103449,0.1206896551724138,105.22020435862485,98.3802391651304,94.22065900653804
448,95.36833349308421,118.04173397426226,90.49535461375712,100.15546456913472,False,False,维持,0.16379310344827586,0.7413793103448276,0.09482758620689655,105.46427008646481,103.74295418584387,93.72217057141903
449,92.89764866865711,119.89591378927655,87.26243386877844,98.83457878209965,False,False,维持,0.1724137931034483,0.8017241379310345,0.02586206896551724,104.57337518098934,97.22990150192356,93.71169924488677
450,91.93769271213363,127.01630792959646,87.46195519650715,100.7748543823879,True,False,维持,0.11206896551724138,0.8275862068965517,0.0603448275862069,114.54435490720867,109.64073425671377,90.1756408295465
451,100.39344377334743,127.94663758256591,92.55231079573693,104.35025832741256,True,False,升级,0.10344827586206896,0.6637931034482759,0.23275862068965517,114.34744239058026,100.92723613585119,94.61657403884455
452,93.88781335073304,116.8652727516611,89.51974512251986,102.38940933473208,False,False,维持,0.10344827586206896,0.7155172413793104,0.1810344827586207,106.85339286941654,100.3064991175379,96.1459365847036
453,92.48925983876862,111.27664669602723,85.91780269582387,98.9203801937022,False,False,维持,0.14655172413793102,0.7672413793103449,0.08620689655172414,106.66657994390225,104.44445464428378,91.57804507351243
454,92.8269056860347,124.02569653906002,91.12885400336415,102.62310978850483,True,False,维持,0.0603448275862069,0.8362068965517241,0.10344827586206896,105.45833251553472,98.96557577791158,99.88363333625566
455,91.73203385322587,125.74445198600144,88.24139683016261,103.64532054320954,True,False,维持,0.11206896551724138,0.6379310344827587,0.25,124.14739719163998,111.92119395283169,94.69212296622088
456,89.28186821338164,121.24923389050163,88.9857475283923,103.21530930697874,True,False,维持,0.12931034482758622,0.6982758620689655,0.1724137931034483,107.25238407965735,115.66108019857225,93.47459315338597
457,88.17092747009237,124.1952127302834,88.17092747009237,100.79398134936694,True,False,维持,0.13793103448275862,0.7672413793103449,0.09482758620689655,111.43360135296315,96.53439544854142,94.4696495284177
458,87.73713365845593,128.44656449264332,86.07910217937132,102.02557811500755,True,False,缓和,0.14655172413793102,0.7586206896551724,0.09482758620689655,116.35649790162637,98.66111182868752,93.06228117511165
459,89.08613923439717,121.79149785221624,88.80613465067701,98.74350347924442,True,False,维持,0.14655172413793102,0.8017241379310345,0.05172413793103448,102.78860237046491,101.00684153415104,93.67427042532024
460,91.4756957938075,118.8946250935852,90.56851864288268,101.57573524770736,False,False,维持,0.14655172413793102,0.75,0.10344827586206896,108.86525745378178,98.44505853074291,93.29066445851947
461,92.32563583713858,124.90391182116456,88.56588879156864,100.07306264102807,True,False,维持,0.09482758620689655,0.8103448275862069,0.09482758620689655,103.99274438819621,97.58443226121173,90.26897677719026
462,91.55349353831946,125.64396558532042,89.62892831047694,101.00671196085331,True,False,维持,0.09482758620689655,0.8189655172413793,0.08620689655172414,113.190086841552,92.97448272967526,97.89970755069226
463,91.95746267359605,112.70221194684079,87.06853957532442,99.18767285106848,False,False,维持,0.23275862068965517,0.7155172413793104,0.05172413793103448,100.51443968844777,102.26995133977918,93.5189659054984
464,88.04817305735932,120.91798396641177,88.04817305735932,100.8437707421866,True,False,维持,0.1206896551724138,0.7931034482758621,0.08620689655172414,107.38382629648265,106.5806652058236,92.78507353545676
465,93.4617401068752,125.92606941403689,90.26491324249051,101.28378002765986,True,False,维持,0.08620689655172414,0.8189655172413793,0.09482758620689655,110.83377442371487,106.77212541276037,92.24414560020118
466,91.60791999050848,115.55435615344676,89.27037094953658,99.80223189441439,False,False,维持,0.13793103448275862,0.8275862068965517,0.034482758620689655,107.91856668574557,96.77364991744678,94.31336647295132
467,99.72902926537907,115.93486084603477,87.58587613596947,101.03553409613748,False,False,升级,0.10344827586206896,0.8017241379310345,0.09482758620689655,105.98604775204328,100.93617963547067,95.64672642175367
468,90.02523136346163,116.06572029678051,90.02523136346163,103.60440532577103,False,False,维持,0.05172413793103448,0.8448275862068966,0.10344827586206896,108.50989881031498,102.21042593151158,97.51166848528759
469,92.39276501432697,115.42318139559897,92.39276501432697,101.96627604735065,False,False,维持,0.07758620689655173,0.7586206896551724,0.16379310344827586,109.03513631666986,103.73115744242665,96.21821058720585
470,89.57188046344011,114.60641923859791,89.0071287150653,100.7714140810602,False,False,维持,0.14655172413793102,0.7844827586206896,0.06896551724137931,106.2709672398495,97.98264868415288,94.98289641501769
471,94.03081794448437,118.55738701172861,89.86049795405988,100.61398293643269,False,False,维持,0.09482758620689655,0.8362068965517241,0.06896551724137931,98.39186011915,100.3282261756029,94.14324745109192
472,89.81425792812898,121.4507782826409,86.9011592419793,99.88674447066587,True,False,维持,0.13793103448275862,0.8362068965517241,0.02586206896551724,113.68667089154388,99.85580928146533,91.25349004565724
473,93.05015216751194,112.84508456396968,88.63386229194107,100.44095381414674,False,False,维持,0.1206896551724138,0.7931034482758621,0.08620689655172414,107.27282776603424,99.51490134778852,91.69110846935241
474,89.07518394427538,123.47629288856587,89.07518394427538,102.30385705003582,True,False,维持,0.06896551724137931,0.8448275862068966,0.08620689655172414,122.69648021720867,103.40375760077762,97.34976470508703
475,94.70243196451902,118.26283041434687,86.87122809586474,102.89657781188815,False,False,维持,0.12931034482758622,0.6810344827586207,0.1896551724137931,113.36914373670002,101.42988390678602,95.4408523585125
476,92.49768239618619,127.24367551322827,91.25148997122218,102.21698603436607,True,False,维持,0.11206896551724138,0.7241379310344828,0.16379310344827586,121.57202389528943,100.52005611804202,101.60146601310696
477,96.32908599574701,112.67260982003621,90.67554420412134,101.55452841457105,False,False,升级,0.10344827586206896,0.8017241379310345,0.09482758620689655,106.63074269897302,100.40445905362559,96.78001147224217
478,92.19013374980389,115.62592387726997,90.48899680692512,101.00660030861704,False,False,维持,0.11206896551724138,0.7327586206896551,0.15517241379310345,101.59114803373387,114.51407181577632,94.72893749433281
479,92.53845943735527,119.52776078320257,90.13844064728619,102.43733635661874,False,False,缓和,0.12931034482758622,0.6724137931034483,0.19827586206896552,114.94037386528821,100.60433694772445,91.0227162170542
480,90.00321883970621,123.30211588664426,89.05677121848079,103.38987596729041,True,False,维持,0.1206896551724138,0.6551724137931034,0.22413793103448276,119.50094380284429,104.7952738994838,95.66413620242066
481,90.47506191646984,132.9711620950878,90.47506191646984,103.99187772701103,True,True,维持,0.04310344827586207,0.7758620689655172,0.1810344827586207,103.1549914874416,96.98067809070244,94.84044238547402
482,93.00184387861489,122.5145048287698,89.25549683881539,100.99394520531146,True,False,维持,0.1206896551724138,0.8017241379310345,0.07758620689655173,108.11182772346567,98.57737315626764,94.51127490733984
483,89.14695855341714,124.20040731029691,89.11080126262063,103.61007523108613,True,False,维持,0.1206896551724138,0.7413793103448276,0.13793103448275862,122.3321638908309,98.13257829724733,94.31287903928074
484,90.31376935567772,118.71105117341119,90.31376935567772,99.76705687694992,False,False,缓和,0.22413793103448276,0.6982758620689655,0.07758620689655173,100.72428108383771,97.49948629371735,94.672665748667
485,88.82923355811474,117.47795148410101,88.82923355811474,102.29946940069013,False,False,缓和,0.15517241379310345,0.7068965517241379,0.13793103448275862,114.93061300038443,107.06952694127857,94.6333393671893
486,90.68811224774213,111.51329756464018,88.50971196887578,100.9046405785927,False,False,维持,0.1206896551724138,0.7586206896551724,0.1206896551724138,99.5282577433646,99.77381313166947,95.18831639400317
487,94.53181782295346,121.03180644140778,90.00724000784588,104.3240832479516,True,False,缓和,0.12931034482758622,0.6982758620689655,0.1724137931034483,104.86776972936391,103.50586656859642,98.08170796388673
488,88.5113644224302,128.80941580269487,87.4462407567696,102.34340920785176,True,False,维持,0.12931034482758622,0.7241379310344828,0.14655172413793102,105.33834660084283,96.8395276023687,103.00314666245127
489,91.53791417979286,113.6795823933109,87.86581994015594,99.58981425864917,False,False,维持,0.07758620689655173,0.896551724137931,0.02586206896551724,103.19547122788761,101.27821765639266,96.83890212924727
490,87.82426529153086,123.45864197694165,87.82426529153086,101.30640749253007,True,False,维持,0.07758620689655173,0.7931034482758621,0.12931034482758622,105.63041144116038,99.7879909855729,92.57926060856609
491,88.16755860037519,119.25260035971652,86.68123314745448,103.4242265604157,False,False,维持,0.09482758620689655,0.7068965517241379,0.19827586206896552,110.90079221906512,94.01207726683029,97.58790716825659
492,89.31087422626362,120.34704489005583,87.27390939092193,104.01339364896302,True,False,维持,0.10344827586206896,0.6724137931034483,0.22413793103448276,105.96432955521115,120.24921006811363,110.97348718869154
493,90.46389223510393,122.19367361758322,87.15640036023566,101.4774017106346,True,False,维持,0.09482758620689655,0.7672413793103449,0.13793103448275862,106.51036723701343,105.59812311276484,94.28869899475897
494,90.19689098950667,116.61030227248797,88.51575502470298,101.69884190830986,False,False,维持,0.15517241379310345,0.6810344827586207,0.16379310344827586,116.61030227248797,107.5950493984878,93.62343581085106
495,101.44496494057977,112.2104249011197,87.22886756269888,99.32811551591826,False,False,维持,0.16379310344827586,0.7155172413793104,0.1206896551724138,103.94681480894445,95.92195085320833,93.35720075986603
496,95.92402112143287,117.26191627031747,88.13780908337584,102.27482488640761,False,False,维持,0.11206896551724138,0.7413793103448276,0.14655172413793102,100.47173402404732,107.8037847078085,96.83934187580208
497,87.15661300377056,117.77906078241517,87.15661300377056,99.82287352337515,False,False,缓和,0.20689655172413793,0.7586206896551724,0.034482758620689655,112.48196428012712,95.8383926125962,94.80083385521742
498,91.1944302382717,117.98541635218744,90.32367083843768,102.00694115295903,False,False,缓和,0.1206896551724138,0.75,0.12931034482758622,103.12658032312633,117.98541635218744,93.0560623728279
499,90.18784385930815,113.84511451522343,88.01227983558105,100.31550919732506,False,False,维持,0.14655172413793102,0.8189655172413793,0.034482758620689655,110.07520058480551,96.83446044134894,92.66242145071689
500,92.74817045602649,109.615483789388,88.39416796795344,99.33246119833228,False,False,维持,0.07758620689655173,0.9137931034482759,0.008620689655172414,108.89030462137757,99.08603513324785,94.0708777796677
501,90.52254479898457,121.27237069682808,89.0402130444169,101.55789196267233,True,False,维持,0.06896551724137931,0.8362068965517241,0.09482758620689655,106.90012120887441,107.14688649966288,95.97552261320861
502,92.16476846965261,115.10000307224632,87.75193290076243,101.61046708167368,False,False,维持,0.06896551724137931,0.8103448275862069,0.1206896551724138,111.76417951999066,102.78768391016033,97.26791816037363
503,89.21956565852224,122.97710947670228,87.65575522406922,102.36168652586386,True,False,维持,0.10344827586206896,0.8017241379310345,0.09482758620689655,109.77624259230585,98.26083465135957,93.16469602921246
504,89.02659435591275,125.96454386917341,87.89485707401755,102.6638876441825,True,False,维持,0.14655172413793102,0.6379310344827587,0.21551724137931033,122.87601705945572,96.42389745345338,92.60471343407549
505,105.3097676854211,117.22450121230102,90.44328021986479,102.41196911367791,False,False,升级,0.10344827586206896,0.6810344827586207,0.21551724137931033,110.23424098037196,108.51634454726538,101.19620756625532
506,92.44038155098555,129.11431717576545,90.40114203657046,101.06495136909517,True,False,维持,0.06896551724137931,0.8275862068965517,0.10344827586206896,104.38636425363129,99.13048851561871,93.6525788332294
507,91.76982717603421,111.96481759674066,88.41681814888094,99.28839004473554,False,False,维持,0.14655172413793102,0.8275862068965517,0.02586206896551724,103.54502968180088,99.28887727620516,88.41681814888094
508,91.21966465121895,127.67295975906748,90.26334292342298,101.71676744860045,True,False,缓和,0.14655172413793102,0.7327586206896551,0.1206896551724138,112.93848252667173,102.38264565261926,93.0962972097287
509,91.50681647869817,120.20147041369393,87.1448829213788,100.79468730135933,True,False,维持,0.16379310344827586,0.7931034482758621,0.04310344827586207,112.51017085340462,100.68060662928035,99.31236044504442
510,89.79742088759296,128.82680860851437,89.33940316476247,102.47255258973313,True,False,维持,0.11206896551724138,0.75,0.13793103448275862,101.17193206510804,98.85958998569312,93.73061014105632
511,86.69488582699354,120.44296749196265,86.69488582699354,101.67020791699551,True,False,维持,0.09482758620689655,0.7327586206896551,0.1724137931034483,99.849262404878,112.44809528399612,94.11406105133963
512,91.82857018636307,124.47988189787128,86.62834504602165,102.06966006755648,True,False,维持,0.09482758620689655,0.7586206896551724,0.14655172413793102,108.11910016216355,103.48493608281161,99.66678643880616
513,88.55868147440285,121.41704559591263,86.72427923414529,103.51947445822873,True,False,维持,0.04310344827586207,0.8362068965517241,0.1206896551724138,113.27219926761055,100.89057243836432,103.52266434797595
514,92.60063869411232,119.30310288162767,88.4545420140434,101.10273230965662,False,False,升级,0.1724137931034483,0.6896551724137931,0.13793103448275862,106.63421185055192,116.72472510272488,99.08473478963096
515,93.78829260696767,123.62667989344567,91.07110480215105,102.93098879404054,True,False,维持,0.034482758620689655,0.7931034482758621,0.1724137931034483,110.66308975754237,101.68221908642963,98.8983487448975
516,93.01333436682489,118.90416081062075,87.45288982857308,101.88249620870481,False,False,维持,0.10344827586206896,0.7931034482758621,0.10344827586206896,110.70388117064542,100.79390771050333,93.66391748639083
517,91.61541794173812,111.59547695591904,89.33516777320149,100.60054911641525,False,False,维持,0.11206896551724138,0.8103448275862069,0.07758620689655173,109.81649279028314,97.5891031134878,101.80409163706028
518,94.5561920863089,128.2036402557117,89.84910626183553,104.5721915705874,True,False,维持,0.12931034482758622,0.6120689655172413,0.25862068965517243,119.4863424313852,107.56813544518256,89.92274711259732
519,90.52944034774298,117.74179492330885,90.03136080838472,101.77107238096656,False,False,维持,0.0603448275862069,0.8189655172413793,0.1206896551724138,104.9075641380455,101.94100518405862,94.61938192165182
520,92.65561005162395,115.85355034998408,89.68755493928347,102.42731455702078,False,False,维持,0.1896551724137931,0.6206896551724138,0.1896551724137931,102.30253125043608,99.077775763332,97.47079509249487
521,86.99703349388672,114.38082746468683,86.99703349388672,99.18816813863982,False,False,维持,0.11206896551724138,0.8189655172413793,0.06896551724137931,99.11236507606766,106.96651909872914,94.45877036186116
522,90.35617463291084,113.36186806980663,88.4265076306263,100.63306812532228,False,False,维持,0.08620689655172414,0.853448275862069,0.0603448275862069,105.7018577282809,103.52934760713418,97.01714770688075
523,90.52355087831259,119.41992186556891,88.59374812907774,102.73734608906452,False,False,缓和,0.15517241379310345,0.6724137931034483,0.1724137931034483,110.58593860600912,115.23597261329513,96.86931035450716
524,90.88186249098975,128.07330806388384,90.48766013071578,102.48669285781133,True,False,维持,0.07758620689655173,0.7844827586206896,0.13793103448275862,111.33830454109582,98.99607305380482,91.36790429914443
525,92.17973249079274,124.3994967305805,89.36453471598557,102.6382591945637,True,False,维持,0.10344827586206896,0.6896551724137931,0.20689655172413793,105.12468712801959,105.60631022284493,94.59908094321952
526,92.84896656198701,116.71606056993471,89.47835071222606,101.1835350767917,False,False,维持,0.12931034482758622,0.7758620689655172,0.09482758620689655,96.36214909174907,98.97210342153195,98.63864936937343
527,90.36849853634575,120.96271963234773,89.99187297452269,100.80155605123915,True,False,缓和,0.12931034482758622,0.7672413793103449,0.10344827586206896,107.14314295621845,99.98171933916511,91.17679656281008
528,91.5058520626193,121.33230123722858,91.5058520626193,100.57852057156967,True,False,维持,0.12931034482758622,0.7327586206896551,0.13793103448275862,112.4319167511675,96.55920621784567,92.92548431516977
529,98.6487166920891,126.538404837147,89.1009988272779,101.1664830437754,True,False,升级,0.1206896551724138,0.75,0.12931034482758622,101.09944266702708,106.61225368363542,90.91974307833824
530,87.62879755169436,116.83139575725967,86.57770409252954,100.24954824695483,False,False,维持,0.1206896551724138,0.8362068965517241,0.04310344827586207,106.330498844477,103.00621198028949,94.48940301702225
531,90.49692732334371,115.02332879485796,89.7259180862308,100.37932574921615,False,False,缓和,0.11206896551724138,0.8620689655172413,0.02586206896551724,107.69150984415955,99.30408650768048,94.91449076180096
532,90.83288580555083,124.90044230631496,89.85696267086,103.49230330804815,True,False,缓和,0.11206896551724138,0.7155172413793104,0.1724137931034483,118.42726720317258,101.75064372478062,94.91324611510935
533,96.79890082888393,123.65011579120348,90.603154028997,102.94100828339734,True,False,维持,0.0603448275862069,0.7155172413793104,0.22413793103448276,106.11640155211042,98.49037138338079,94.93170042121208
534,93.30598989692771,119.00423761586988,90.04049840430538,101.54966829859504,False,False,升级,0.20689655172413793,0.5775862068965517,0.21551724137931033,100.74001002604768,101.81752472719127,93.70150634533596
535,88.74883172731282,123.0043387821107,88.39206757607778,102.51723189790874,True,False,维持,0.05172413793103448,0.7758620689655172,0.1724137931034483,110.48181216991954,98.38203300257433,94.48513990406742
536,94.3789981329972,126.24031378328982,88.47952313142828,103.4282629907135,True,False,维持,0.08620689655172414,0.6982758620689655,0.21551724137931033,109.56304755577276,97.8613304056144,110.4158155535943
537,91.91223545799222,125.72982729616221,90.7085088409574,103.67400960622639,True,False,维持,0.07758620689655173,0.6982758620689655,0.22413793103448276,108.6079447024628,109.23062490310858,95.78557401135407
538,89.8088284938277,127.39911481021484,88.27781470525741,102.72743962621037,True,False,维持,0.15517241379310345,0.6896551724137931,0.15517241379310345,104.69086123379795,107.57256847842542,92.3743110504393
539,90.07714195674518,126.49142923309815,90.07714195674518,103.66052899332284,True,False,缓和,0.07758620689655173,0.7931034482758621,0.12931034482758622,103.9355329672257,106.79807400598004,102.43852820322242
540,89.51526745753495,115.21861778096672,87.51728560178951,101.0752540569575,False,False,维持,0.1810344827586207,0.6982758620689655,0.1206896551724138,106.24447598627415,113.4319480341647,92.11024198538435
541,89.70937392444412,113.44211234324212,89.27358208565002,101.01295384493085,False,False,维持,0.0603448275862069,0.9137931034482759,0.02586206896551724,111.52957944503291,97.2669768587831,92.71300932481708
542,89.19686576552091,110.17203226723417,88.9482896671225,99.012213097414,False,False,缓和,0.1810344827586207,0.8189655172413793,0.0,105.25262273439061,98.70997665015166,91.86003451013758
543,88.25087736770443,110.57513241808267,88.17486684670064,99.02852578368173,False,False,维持,0.10344827586206896,0.8362068965517241,0.0603448275862069,96.89788698179673,108.21722927600125,96.11903809021848
544,86.01506981995715,118.79185353281311,86.01506981995715,100.35670854099831,False,False,缓和,0.11206896551724138,0.8362068965517241,0.05172413793103448,107.45235872523612,96.84995904303557,95.6034670706356
545,93.89517312555765,122.4875821050555,91.9536134496749,102.30085478310517,True,False,维持,0.06896551724137931,0.8017241379310345,0.12931034482758622,119.43248682625122,96.89528804768503,99.66940444007865
546,93.59287710907891,118.674892265338,91.11425725407987,101.9854699013477,False,False,缓和,0.16379310344827586,0.7413793103448276,0.09482758620689655,105.97690763803435,107.41097391586045,93.8672240769327
547,91.0831628700797,119.79442172617311,89.16719413468833,102.87028439382215,False,False,维持,0.14655172413793102,0.646551724137931,0.20689655172413793,105.99501750449339,96.39417904436495,98.35995500998504
548,89.66766942483311,112.8402614347393,88.30320891632816,98.99967945407963,False,False,维持,0.08620689655172414,0.8793103448275862,0.034482758620689655,105.06292404615108,100.29707938142991,95.53630687589325
549,96.74607834971629,111.90112125868325,87.64386324566502,100.84008104480941,False,False,维持,0.06896551724137931,0.8362068965517241,0.09482758620689655,106.03040172280616,100.10225415168695,100.48077554349972
550,92.22158615486147,119.38743368474863,88.6155602827699,100.63302642396606,False,False,维持,0.1810344827586207,0.7586206896551724,0.0603448275862069,106.62849730785243,103.0263518403186,91.87336610684828
551,97.23038496128527,112.747070356894,87.1502239455864,99.60455352450799,False,False,维持,0.1724137931034483,0.7672413793103449,0.0603448275862069,105.4573481598358,98.74320158050615,91.78931657927818
552,83.78268411851371,118.43089893586388,81.76850314619534,98.68511196369415,False,False,维持,0.1724137931034483,0.7844827586206896,0.04310344827586207,111.9369406378517,95.13196311864601,96.08745642885775
553,90.05170012595484,116.34196530300433,86.4434626070032,100.69954343558683,False,False,维持,0.08620689655172414,0.853448275862069,0.0603448275862069,111.59037475164418,98.51806903530466,95.49944186225353
554,87.06184183631215,119.90931433620332,85.64755323258304,100.973450450205,False,False,维持,0.12931034482758622,0.7844827586206896,0.08620689655172414,110.29286291848798,94.65553762336246,97.54580591225154
555,87.71387559467087,117.73292485290848,87.59564870690441,99.8823433123718,False,False,维持,0.19827586206896552,0.6896551724137931,0.11206896551724138,113.8077772565668,96.33367978436664,96.99827382793636
556,93.88841213033493,136.3055826103546,90.05965397555154,102.75213282096533,True,True,维持,0.11206896551724138,0.7327586206896551,0.15517241379310345,105.98829703766836,94.11203961420217,96.29064774790255
557,93.69239599258094,114.60269223776626,89.6154036670514,102.73614633537312,False,False,维持,0.034482758620689655,0.8103448275862069,0.15517241379310345,104.42049595374192,102.19164784830753,100.55263201069884
558,94.52327734861808,122.51097860075241,88.97205221182986,103.55840743328311,True,False,升级,0.09482758620689655,0.6896551724137931,0.21551724137931033,114.69322625864025,100.00754482878803,95.76863525503732
559,91.99706998226628,127.83092839762094,89.17260130154486,101.50599927143263,True,False,维持,0.10344827586206896,0.7758620689655172,0.1206896551724138,107.9114833570846,101.55714483530899,97.05553790669343
560,101.3862448760127,116.54295859394117,90.98677344784294,100.26667376528003,False,False,升级,0.13793103448275862,0.6896551724137931,0.1724137931034483,103.00561747227734,102.64283058129912,96.86269193351481
561,106.76042459435776,122.70998062892295,90.09910000704457,103.0093660677925,True,False,升级,0.08620689655172414,0.6982758620689655,0.21551724137931033,101.8438679746563,97.86826804740343,92.0153258359806
562,94.11530105276297,112.70890942962957,88.24619340774542,99.37057323538434,False,False,升级,0.16379310344827586,0.7672413793103449,0.06896551724137931,104.87979663725277,93.59160043704078,96.28327038024408
563,90.36999069411915,126.39203937037955,90.36999069411915,103.04561067426138,True,False,缓和,0.13793103448275862,0.7586206896551724,0.10344827586206896,106.19482235424607,102.42964019831129,107.50684976624733
564,96.98984360917122,115.3383790634431,91.64744592281369,100.33176549689576,False,False,升级,0.13793103448275862,0.8275862068965517,0.034482758620689655,114.5576131893365,101.95247453959678,93.35475769024657
565,93.72821937948575,109.86844085744396,87.27614962867835,99.4203710612413,False,False,维持,0.21551724137931033,0.7327586206896551,0.05172413793103448,104.00980351915028,96.65910868663427,92.52779943126218
566,93.01096252705305,117.73295606783218,86.05942959814476,100.46382783751288,False,False,维持,0.16379310344827586,0.6982758620689655,0.13793103448275862,108.17784871349414,114.12790802701579,94.29082836456972
567,92.19399722835993,125.66834111698688,89.69818566825366,101.65374122565308,True,False,维持,0.12931034482758622,0.7241379310344828,0.14655172413793102,116.2860430704477,97.99212551968337,95.58775206499715
568,91.73531734842058,110.28284637269796,89.18441478973185,99.95588462018235,False,False,维持,0.13793103448275862,0.8620689655172413,0.0,106.6116848465175,100.68562332858731,97.80791932320024
569,95.4629702465766,128.41055753543006,89.69141970700602,102.57083989754692,True,False,维持,0.13793103448275862,0.7155172413793104,0.14655172413793102,109.52678638290917,100.87440221068321,94.72941480172645
570,90.65542332758578,112.05393464817332,89.21978258932364,100.85675673099487,False,False,维持,0.11206896551724138,0.8103448275862069,0.07758620689655173,100.76422612046379,97.52728968318178,97.16427821997989
571,96.77413297391244,119.63855854905218,90.21240957708858,101.87922802707382,False,False,维持,0.11206896551724138,0.7672413793103449,0.1206896551724138,105.07181755035715,100.44834201842086,94.00147159070359
572,97.27649098811285,129.04465387580993,89.79564238050662,103.93631336621708,True,False,维持,0.09482758620689655,0.7155172413793104,0.1896551724137931,126.61057536699525,108.91041489422946,98.82649792914981
573,93.52565235431022,118.09803345328923,88.08116261271294,99.94135346846248,False,False,维持,0.1896551724137931,0.6982758620689655,0.11206896551724138,104.96671326718146,99.88277195433098,95.48616903890318
574,89.37173918726798,114.95970422543625,87.1192463235861,98.55030975416092,False,False,维持,0.14655172413793102,0.853448275862069,0.0,97.95174082425393,98.24355593508996,95.71462561579078
575,92.21402088114539,113.4672766446613,92.21402088114539,101.91078923151926,False,False,维持,0.08620689655172414,0.853448275862069,0.0603448275862069,106.40991524007008,109.0263903175783,102.8068058130388
576,88.67237261254088,127.85578870457567,88.65903860332179,104.47190389173161,True,False,缓和,0.09482758620689655,0.6637931034482759,0.2413793103448276,111.73212206921256,106.24756687701385,107.4481298820566
577,92.49119009043524,114.20636397510617,88.99589546684027,99.9181111471688,False,False,维持,0.15517241379310345,0.7844827586206896,0.0603448275862069,104.50969012672871,95.91494982516313,94.43825955778163
578,89.26579596161054,124.31989190974542,88.42321074134699,101.05569300776358,True,False,缓和,0.1724137931034483,0.7241379310344828,0.10344827586206896,111.98369716638346,97.6864263225954,93.71867807759645
579,90.29681577082978,124.3656275439965,90.29681577082978,102.84594007763253,True,False,维持,0.02586206896551724,0.8620689655172413,0.11206896551724138,121.72414158620121,100.05348271813311,97.37199220628399
580,92.02737753888748,111.1448591912374,89.07280910534948,99.68688177439643,False,False,维持,0.1810344827586207,0.7241379310344828,0.09482758620689655,103.3872412480701,99.06907024182743,108.31016903461395
581,87.70110889954535,118.58222805369218,83.43214726489454,98.87898988316192,False,False,维持,0.19827586206896552,0.7586206896551724,0.04310344827586207,104.71943811683164,97.31390883281975,93.30196623846955
582,93.07785405686069,115.85110503381226,88.29021886664665,99.10582649365094,False,False,维持,0.15517241379310345,0.7672413793103449,0.07758620689655173,107.59885574162604,92.93367724954699,94.37600366182293
583,102.19375696562234,118.34005027443435,91.05690119055133,103.25908640371885,False,False,升级,0.1206896551724138,0.7068965517241379,0.1724137931034483,103.73268976660634,101.26453794474266,98.94887297910941
584,89.5344076573732,128.1459913298511,89.1839666571346,102.20750245499633,True,False,维持,0.14655172413793102,0.6551724137931034,0.19827586206896552,122.48543020990817,117.54975447566257,90.7413303924158
585,94.0674186072736,112.08207880187396,90.64804546740415,99.61486112752183,False,False,维持,0.1206896551724138,0.8362068965517241,0.04310344827586207,108.4117968918979,98.88790548960374,91.89172416954037
586,97.0757511097962,112.33549703182052,85.51074580896274,99.63133265421149,False,False,缓和,0.15517241379310345,0.7758620689655172,0.06896551724137931,103.0569269992262,104.51908946877772,90.58529204546416
587,94.96277623728795,110.57690690820976,87.17700201651128,97.29224766021555,False,False,维持,0.25,0.6896551724137931,0.0603448275862069,97.677179264194,103.43011771817592,89.09915091973555
588,89.63065881773495,121.15657343364163,87.07978718770424,101.5983340856379,True,False,缓和,0.1724137931034483,0.7155172413793104,0.11206896551724138,106.81643248646324,108.64785920378544,95.22496520872127
589,92.74066258605095,125.72224978866646,89.28606856301404,104.82934336985352,True,False,维持,0.14655172413793102,0.5431034482758621,0.3103448275862069,119.73550497681194,115.09789662306754,91.37980168498953
590,90.50177856986295,129.4977045283406,88.02960022766624,104.8685320155515,True,False,缓和,0.08620689655172414,0.6637931034482759,0.25,121.5877086169042,104.54254125246848,109.48544353235857
591,94.20706065789304,113.7679697034692,90.38010259139337,100.29313035522732,False,False,升级,0.1206896551724138,0.8103448275862069,0.06896551724137931,109.16265665264558,99.99423642147588,93.2064374333943
592,88.07781168638017,119.43016757531485,85.87952278988372,101.11951350541594,False,False,维持,0.10344827586206896,0.7844827586206896,0.11206896551724138,115.51773745610431,102.61601609964039,93.06859780579633
593,92.70182230041472,117.40527423914959,91.89219221361013,101.84854567234896,False,False,维持,0.11206896551724138,0.8017241379310345,0.08620689655172414,106.45564873249545,107.25143769684938,98.52740266230525
594,92.52546059378022,113.93094703335211,86.62211287195807,100.96900750481463,False,False,缓和,0.13793103448275862,0.7413793103448276,0.1206896551724138,105.48733641163174,99.48145811697802,95.92352105512578
595,94.60091133493887,118.20748862124245,87.3125698530964,100.36640639347357,False,False,升级,0.1206896551724138,0.75,0.12931034482758622,102.25073940088167,95.2639479859439,97.4571219184004
596,93.98359523112732,109.43429305084935,89.09004803696048,98.53548723506225,False,False,维持,0.2413793103448276,0.7413793103448276,0.017241379310344827,98.51378816430407,97.51010082988606,98.80372516727826
597,88.66635858136652,111.06822660019692,87.52665285834713,98.06213724191664,False,False,缓和,0.19827586206896552,0.7758620689655172,0.02586206896551724,105.13648494240847,103.09678559204615,92.38541829799765
598,89.85390346104958,113.89561386501553,88.12561900357177,99.96671217907475,False,False,维持,0.10344827586206896,0.8275862068965517,0.06896551724137931,110.05647275914883,97.59149826341591,94.97351512535772
599,88.77567820847743,128.2973279664819,87.48047280652844,101.93225887738339,True,False,维持,0.1724137931034483,0.6724137931034483,0.15517241379310345,124.14436483599896,99.77042183020357,92.41020880879573
600,92.23371425460792,118.01415315289567,90.87168786702584,102.02335814371831,False,False,维持,0.1206896551724138,0.75,0.12931034482758622,108.0312035350566,102.17253496682807,96.4972917714529
601,94.88977163063045,114.30011935327784,89.91735387353272,101.10069945259828,False,False,维持,0.0603448275862069,0.8275862068965517,0.11206896551724138,100.55863560404602,107.14941846283062,95.03249369043628
602,88.3708561116801,122.95393691195054,88.3708561116801,101.67798155556902,True,False,缓和,0.13793103448275862,0.7241379310344828,0.13793103448275862,105.46896508848607,98.5887444308868,95.32043300259153
603,89.95225926712604,111.81988772453529,87.76176935192478,99.89535397382527,False,False,维持,0.1896551724137931,0.7672413793103449,0.04310344827586207,99.22199422032813,105.4915963663982,90.87627239086473
604,86.50790381198692,119.01086242548126,86.50790381198692,103.16802129280718,False,False,缓和,0.07758620689655173,0.7241379310344828,0.19827586206896552,110.2466067855168,110.42915284029692,94.55170738516807
605,95.44568522873688,112.94055082559008,92.71510265387668,102.24936794313419,False,False,缓和,0.09482758620689655,0.7586206896551724,0.14655172413793102,104.43236152245187,103.23421941788159,93.11843788060689
606,90.83033461786442,121.46744162855045,90.1564301132078,103.17771242804854,True,False,维持,0.10344827586206896,0.7413793103448276,0.15517241379310345,106.3484109134622,106.03905592899588,97.17161720708245
607,89.0452421196774,124.3179137720902,86.80505892831236,100.44521458331411,True,False,维持,0.29310344827586204,0.6120689655172413,0.09482758620689655,114.62885362891822,101.54509425863719,88.799262946679
608,91.10831839362649,117.7771296196956,90.11557674211555,102.66637843242061,False,False,维持,0.14655172413793102,0.75,0.10344827586206896,113.18214670469753,102.01819338878165,104.57461499886524
609,88.38913063940139,116.29872317484947,84.62729108453446,99.75613841852643,False,False,维持,0.13793103448275862,0.7931034482758621,0.06896551724137931,108.42829868350599,96.66004867105043,94.00483977462241
610,91.22698395931783,111.32254224270483,88.29438392652693,98.91455916654147,False,False,维持,0.21551724137931033,0.7327586206896551,0.05172413793103448,101.534228091495,104.76733979541957,94.68310836415449
611,91.14736872715547,113.89250635234664,86.20366844688377,99.38309013354596,False,False,维持,0.1810344827586207,0.7931034482758621,0.02586206896551724,104.64475341697354,101.58990456572072,90.76465146636062
612,92.55934498318678,115.29726177488335,89.34756393923902,99.92535243189633,False,False,维持,0.12931034482758622,0.8275862068965517,0.04310344827586207,108.23604179308204,100.2164975058892,90.89534307235674
613,91.39552077968922,112.01542080001258,91.39552077968922,101.77308370867385,False,False,维持,0.10344827586206896,0.8017241379310345,0.09482758620689655,107.2286024951405,104.72003953388061,104.16471137819893
614,91.07155248466533,119.67912337229528,87.12730375016025,102.09360175708632,False,False,维持,0.09482758620689655,0.7672413793103449,0.13793103448275862,108.54910977153217,102.52612345004609,92.32044316658798
615,96.69523571962677,121.52575760969158,92.17603733421777,102.3391612667593,True,False,维持,0.07758620689655173,0.7758620689655172,0.14655172413793102,120.41583024311952,98.56732884742854,94.97960421736079
616,88.05523726176318,118.00399683802668,83.86534531117003,100.47713536749362,False,False,缓和,0.1810344827586207,0.7068965517241379,0.11206896551724138,113.84088302852965,105.41620558570133,93.4383297765138
617,100.33368267447062,114.3742064979175,88.45055568940545,101.12483619987358,False,False,维持,0.0603448275862069,0.8620689655172413,0.07758620689655173,107.4096006004367,104.82837371638698,89.38488153707925
618,89.89245847133661,112.25811975018249,88.57632188395928,99.60826334387576,False,False,缓和,0.20689655172413793,0.7586206896551724,0.034482758620689655,108.97796222734394,102.23439795614799,99.36013942373008
619,93.06969489008348,120.882108763005,90.1882804183688,100.7507343482142,True,False,维持,0.15517241379310345,0.8017241379310345,0.04310344827586207,109.43796655563156,100.75272870494778,92.68382210917628
620,93.96806110675251,122.80294742599348,87.43941541208967,102.7416637633427,True,False,维持,0.12931034482758622,0.75,0.1206896551724138,105.69238690468231,104.47796415117288,98.21602832420459
621,93.86424480633701,130.09248119858825,93.86424480633701,104.87231933956478,True,True,维持,0.10344827586206896,0.603448275862069,0.29310344827586204,117.74948993513473,97.39922750426584,96.66799528119824
622,92.85019843714056,116.61815364773416,91.69831684160144,103.35050476126357,False,False,维持,0.0603448275862069,0.7844827586206896,0.15517241379310345,115.64566250280848,101.20314539757165,105.20689426248215
623,87.56662264093264,112.34629219795531,86.06576922785463,99.44278805515013,False,False,维持,0.15517241379310345,0.7931034482758621,0.05172413793103448,99.26229385299831,97.84619812772456,101.45130006153862
624,91.99374721613974,128.29102072801732,88.46613187038434,102.44092082942664,True,False,缓和,0.1206896551724138,0.6724137931034483,0.20689655172413793,107.80883137184072,98.95297756240119,92.68767517700749
625,93.29393976161627,113.46949549761031,93.29393976161627,102.36031791508067,False,False,维持,0.06896551724137931,0.8017241379310345,0.12931034482758622,100.68412997051799,101.49205860238756,100.17534758434672
626,85.7577367096926,120.04738177938256,85.7577367096926,102.43106217972897,True,False,缓和,0.1206896551724138,0.7068965517241379,0.1724137931034483,104.45735283103629,98.4338724529634,94.82486457565065
627,93.22626630969229,122.83500420482405,88.64725803469754,101.30953281439078,True,False,维持,0.10344827586206896,0.7931034482758621,0.10344827586206896,110.27096378623936,99.08913939546589,94.83786336087245
628,95.10058182931698,129.0378431293047,93.50751400857611,104.37446507741042,True,False,维持,0.07758620689655173,0.7155172413793104,0.20689655172413793,121.54736506652056,98.22501749089503,97.19531761937067
629,89.33673283514476,126.66682623236515,85.96991993770746,103.30640199600678,True,False,维持,0.1896551724137931,0.603448275862069,0.20689655172413793,119.91643182850288,105.2371776340621,94.10860648797797
630,87.70515329966521,111.2347520748866,86.98441769159123,99.71404829845629,False,False,缓和,0.19827586206896552,0.7586206896551724,0.04310344827586207,101.57469342441885,104.51750499822381,98.67973509139509
631,88.84614876586728,112.99419773792496,88.84614876586728,99.8687873438345,False,False,缓和,0.1206896551724138,0.8017241379310345,0.07758620689655173,104.69430369025322,101.71184361927003,89.8590013677105
632,92.5756567700872,120.23584293500058,88.82118686616727,103.22903231470025,True,False,维持,0.08620689655172414,0.6982758620689655,0.21551724137931033,108.34412551362894,99.8946877501007,106.43502354326411
633,109.5686670731813,112.94349095056161,91.02929346848079,99.30299690816608,False,False,升级,0.21551724137931033,0.6896551724137931,0.09482758620689655,105.50215038932018,102.48483483622458,92.99443239984419
634,89.0170730040895,122.86755141412809,89.0170730040895,102.42351365508797,True,False,缓和,0.10344827586206896,0.7413793103448276,0.15517241379310345,104.10567007245953,118.45123871732389,95.45194093185711
635,90.715206437092,120.20979517441857,88.87095547385887,102.17430659066409,True,False,维持,0.0603448275862069,0.7931034482758621,0.14655172413793102,107.5450075526713,114.71111754617809,98.49327809937995
636,95.45646318199151,119.30080724193147,86.66415878748376,103.50526442131364,False,False,维持,0.1206896551724138,0.7758620689655172,0.10344827586206896,117.47939936034886,104.12222342174461,99.29480917894742
637,89.7702783506271,113.88792704440645,87.61637990347631,97.1859941987445,False,False,维持,0.25862068965517243,0.7155172413793104,0.02586206896551724,102.92109590709985,101.11365934316234,91.00212844472527
638,91.76700957887611,117.99351875187816,89.85287848061535,101.2784048493989,False,False,维持,0.11206896551724138,0.7672413793103449,0.1206896551724138,104.60878784486286,104.92324315449467,98.43273634942337
639,91.83424256533436,126.36309024411854,86.89715680000116,104.02044381171552,True,False,维持,0.15517241379310345,0.6379310344827587,0.20689655172413793,124.56142364789423,99.63703151818684,93.45212735965649
640,95.2502732060007,121.28253160392593,88.4101128412206,100.72399834483271,True,False,升级,0.07758620689655173,0.8275862068965517,0.09482758620689655,109.90122775001976,103.63230968679312,88.4101128412206
641,95.53113199627816,124.45861474480533,89.20329589573417,100.74692890324876,True,False,升级,0.14655172413793102,0.7931034482758621,0.0603448275862069,109.46759934368265,98.85341480789971,95.95001825265707
642,89.25203490681544,119.47554739969995,88.69170487688721,99.19673159179061,False,False,维持,0.13793103448275862,0.7844827586206896,0.07758620689655173,114.39018927685086,97.04341004688611,96.98179101606566
643,92.35704088014569,124.60074278111695,89.1865926731316,102.48709584536512,True,False,维持,0.20689655172413793,0.6810344827586207,0.11206896551724138,101.03640201989653,99.63775331951564,95.27207301781011
644,90.8988215664116,132.59750897204302,90.8988215664116,101.73192161377992,True,True,维持,0.12931034482758622,0.7413793103448276,0.12931034482758622,104.2842989706551,104.84200270986052,94.70013472461845
645,90.1783001763184,129.52863471848733,90.1783001763184,103.43013141201523,True,False,缓和,0.1206896551724138,0.6637931034482759,0.21551724137931033,109.85005912347178,101.04132922161081,92.58794796832782
646,90.59131690277582,116.61284733034965,89.84303940596507,102.09257671142512,False,False,维持,0.16379310344827586,0.6551724137931034,0.1810344827586207,102.71347322175687,111.12938528952839,91.78292153071723
647,87.06066614652858,118.78818885227751,86.62715134162448,101.13544576264373,False,False,维持,0.1724137931034483,0.75,0.07758620689655173,117.96722001814035,99.88033874344411,96.82072805772731
648,89.18554310782173,129.5695007674586,88.9831428919592,103.78885747087153,True,False,维持,0.11206896551724138,0.6724137931034483,0.21551724137931033,104.6526028637592,103.92545806842175,92.88280513663021
649,90.62815007448133,112.13345417523198,87.2105522758059,99.82753719645432,False,False,维持,0.14655172413793102,0.7586206896551724,0.09482758620689655,104.88814943455147,101.65581868456893,91.76484969855281
650,92.61385601434326,117.55720408184106,85.75273517432186,102.22535671824924,False,False,维持,0.13793103448275862,0.6896551724137931,0.1724137931034483,107.47713948119001,101.47723281211299,100.69263979181154
651,89.77421351428208,121.28403402594189,89.12443148610716,101.70482101539872,True,False,维持,0.15517241379310345,0.7413793103448276,0.10344827586206896,105.35080362058105,109.06059595142241,91.65285642989149
652,88.07164813179409,129.74363273271143,88.07164813179409,101.77818740428481,True,False,缓和,0.19827586206896552,0.6551724137931034,0.14655172413793102,106.49119435628478,99.019789712968,93.84939749768941
653,88.95806008592152,124.83977089228355,86.081137083057,99.94841345855811,True,False,维持,0.15517241379310345,0.7931034482758621,0.05172413793103448,115.26162213552634,97.84830978293702,93.21469004720497
654,87.23732895094837,120.93953859648074,86.14573459048164,101.96897423347306,True,False,缓和,0.13793103448275862,0.7155172413793104,0.14655172413793102,116.50950524693035,98.46960885893039,94.4206057075846
655,91.86208750366535,114.82642431102424,90.00165708926153,101.22638175930975,False,False,维持,0.06896551724137931,0.8362068965517241,0.09482758620689655,99.85036608713267,101.32230394214129,100.85131921568042
656,94.05111526830738,121.28504738188947,88.43920779832413,100.6346166371589,True,False,维持,0.07758620689655173,0.853448275862069,0.06896551724137931,100.9034072234823,100.88079324840302,101.20987587359515
657,91.78529411977702,114.4253122507641,88.43675786437738,102.27722163107408,False,False,维持,0.09482758620689655,0.7844827586206896,0.1206896551724138,107.24780664168638,104.23576723603696,99.47724055130529
658,90.43858173683661,110.98834968246604,89.28572491254874,99.67662706334787,False,False,维持,0.11206896551724138,0.8620689655172413,0.02586206896551724,109.22040235832895,103.33350712839119,90.0198319235671
659,97.38808206981031,116.21669236718652,91.29138463044652,100.56677048231677,False,False,维持,0.1206896551724138,0.7413793103448276,0.13793103448275862,107.12208329444499,97.71428786526103,96.93800896488726
660,89.57994959063103,123.13008242115383,87.43778274625055,102.40977739154195,True,False,维持,0.09482758620689655,0.75,0.15517241379310345,107.91350234665286,101.45803421692348,92.86865657785727
661,90.08848403197176,120.50697388357742,89.51283227605971,104.1269500139569,True,False,维持,0.05172413793103448,0.7672413793103449,0.1810344827586207,106.57308348353205,114.24578628947452,97.002216200016
662,90.53381184467942,124.93389169787802,89.98715547700712,103.76728385294592,True,False,维持,0.05172413793103448,0.7758620689655172,0.1724137931034483,122.31465016137922,109.0602007611524,94.89520221167385
663,90.48827699904776,128.80940069423775,87.32042798652373,100.97714900367286,True,False,维持,0.09482758620689655,0.8189655172413793,0.08620689655172414,104.18763717364912,99.56658334688854,95.60756228678814
664,91.44948206762558,123.17833408313784,90.46578657642883,102.65123686070653,True,False,维持,0.09482758620689655,0.7068965517241379,0.19827586206896552,105.46290105801508,100.45940432326142,95.44134448644195
665,97.02479561297847,127.03749064598443,91.78253189074395,103.67696282808868,True,False,维持,0.15517241379310345,0.6896551724137931,0.15517241379310345,115.92256106336747,99.14650129586175,97.20703025718808
666,90.33845400412253,117.15409566530928,87.93964920414398,101.1206646222755,False,False,维持,0.14655172413793102,0.8017241379310345,0.05172413793103448,106.07215865467164,100.65525672467784,93.41678410296835
667,96.52756611782964,122.13655987234196,90.18955136997562,101.50838306614627,True,False,升级,0.12931034482758622,0.6896551724137931,0.1810344827586207,109.07302290348935,102.64758383159754,92.32090143901353
668,91.43982972535709,116.79851267347284,90.2135181097144,100.68451001226468,False,False,维持,0.1206896551724138,0.853448275862069,0.02586206896551724,109.042948748259,96.58844173253463,96.34376649515966
669,90.12249578157481,118.23378640520507,88.50702372936938,101.47748283033893,False,False,维持,0.05172413793103448,0.8793103448275862,0.06896551724137931,108.03185555605525,103.34652621998094,94.79470974947004
670,88.25946324772907,118.25697091238102,87.76448814804061,100.75324348570751,False,False,维持,0.15517241379310345,0.7931034482758621,0.05172413793103448,106.35023715702364,99.49664159243058,94.10273589315018
671,92.11134332375356,130.24834665314907,88.58925702324815,104.20431033847638,True,True,维持,0.10344827586206896,0.6810344827586207,0.21551724137931033,124.85909961378746,99.82519883997529,95.18215117647036
672,89.49842687972573,114.74049283534464,89.49842687972573,101.29419982429917,False,False,维持,0.12931034482758622,0.7844827586206896,0.08620689655172414,106.22707519921214,100.25909532113195,96.18567097762573
673,87.655509093795,114.07179634181621,87.655509093795,99.06056513689701,False,False,维持,0.28448275862068967,0.6379310344827587,0.07758620689655173,98.11165866491888,105.17006110735086,92.91464825783801
674,92.00043522573027,120.90256502151975,84.72288539696774,99.28853453985715,True,False,维持,0.1810344827586207,0.7413793103448276,0.07758620689655173,108.64728824018992,95.3126051689291,93.05815864094306
675,88.15357933099678,118.87776407535551,87.60524679691297,99.91722321416779,False,False,维持,0.13793103448275862,0.7758620689655172,0.08620689655172414,117.88503779457987,96.76766446550783,93.07287308533216
676,95.73201818686209,113.00878240891608,89.73966572174085,99.66479820825342,False,False,维持,0.1206896551724138,0.8793103448275862,0.0,101.19627294250088,98.66781215830085,94.47630490937817
677,88.98780697169289,116.6208052077805,87.85311737587317,102.02925179595148,False,False,维持,0.10344827586206896,0.7155172413793104,0.1810344827586207,106.01273935147043,103.11032915206248,99.26341026485221
678,92.18132649993892,127.05366641763564,87.93784525325059,101.79899483996267,True,False,维持,0.10344827586206896,0.7758620689655172,0.1206896551724138,117.78346651083355,102.33834915560524,95.93353541652156
679,94.42031610347142,118.305197626937,88.48079025838733,101.72280866196363,False,False,维持,0.14655172413793102,0.7413793103448276,0.11206896551724138,106.06187797570476,100.4695084428355,94.05238285403894
680,98.16104106632514,124.73792674786418,90.63930776195421,102.43126729980703,True,False,缓和,0.10344827586206896,0.7586206896551724,0.13793103448275862,116.4489803680777,97.93730906440211,94.3460003290351
681,89.02011658954407,118.93596895202695,88.98683790011208,101.36214654883894,False,False,维持,0.1724137931034483,0.7672413793103449,0.0603448275862069,111.86566750393177,99.94194358295105,95.25411209538579
682,93.20703424489707,134.47438040498594,91.00668741815308,107.48768666409238,True,True,维持,0.1206896551724138,0.603448275862069,0.27586206896551724,112.05650803525357,109.37513836383724,91.95889660458455
683,89.06321366400937,115.09060746920044,86.51283957290671,99.03357855328068,False,False,维持,0.21551724137931033,0.6982758620689655,0.08620689655172414,99.2279441423703,97.76894036328501,91.61158505435806
684,90.23020948652378,113.46363355338354,87.38609791605917,102.14263704835324,False,False,维持,0.1810344827586207,0.646551724137931,0.1724137931034483,100.3364889406367,109.56759379500298,106.44650683580015
685,91.66717890198083,113.45216080642288,90.08996223226912,101.97966716371033,False,False,缓和,0.1810344827586207,0.75,0.06896551724137931,109.33000431079819,100.79619134103748,93.64907971789668
686,85.49714213016023,125.46649422966848,85.49714213016023,102.18163310657165,True,False,缓和,0.19827586206896552,0.6637931034482759,0.13793103448275862,109.18192498226968,99.52110695903005,95.84402606440314
687,87.97376828942183,126.53057998382188,87.97376828942183,102.05234902396465,True,False,维持,0.14655172413793102,0.7241379310344828,0.12931034482758622,110.46942315604574,98.56388612251382,93.30609583154536
688,95.23212162174067,128.15674946838698,90.37214103861203,103.91605075260624,True,False,维持,0.06896551724137931,0.7844827586206896,0.14655172413793102,106.5776590967229,101.85522593016199,97.659154643851
689,88.14202930543689,129.9096961194643,88.07470083702066,102.89698296950326,True,False,缓和,0.1206896551724138,0.6982758620689655,0.1810344827586207,129.9096961194643,100.19227857484239,90.89464404408527
690,98.12228253778942,124.47991026861216,91.0771301915654,101.51430727616145,True,False,维持,0.09482758620689655,0.7931034482758621,0.11206896551724138,124.04570402481754,94.53284587953343,98.40233306184076
691,92.70633481874485,111.742051100794,89.68137398520656,98.65112288939241,False,False,维持,0.10344827586206896,0.896551724137931,0.0,103.27916311726182,99.29326938961903,93.32032427009806
692,89.13292463577221,119.7042597669025,88.97149510206074,100.24896759570709,False,False,维持,0.21551724137931033,0.6551724137931034,0.12931034482758622,119.7042597669025,98.20185921740195,91.55744976703551
693,92.41994510070892,112.20088545103853,85.66286284424427,98.62617240993164,False,False,维持,0.10344827586206896,0.8793103448275862,0.017241379310344827,101.38263386503156,98.30221613394484,92.4335977776559
694,91.89980753800766,118.1887427981292,91.89980753800766,101.77808883567538,False,False,维持,0.1206896551724138,0.7672413793103449,0.11206896551724138,100.76421209455195,98.11182422598154,93.44206181619234
695,89.26737072554778,129.3505558434242,89.26737072554778,103.02907863547802,True,False,缓和,0.07758620689655173,0.6896551724137931,0.23275862068965517,122.44423513536245,105.26145380624595,94.34527604415658
696,93.7904664195716,119.50809936619179,90.68794212434659,101.90645402822364,False,False,维持,0.06896551724137931,0.7844827586206896,0.14655172413793102,108.46901243585707,111.07035388940952,96.467700392075
697,96.45697525692842,123.05595438538553,89.26286036404035,103.53262870990628,True,False,升级,0.15517241379310345,0.6551724137931034,0.1896551724137931,110.46197555614782,103.35239345747902,97.31613979033041
698,91.4112251371514,112.51688911720173,89.96057409913765,99.64231891139079,False,False,维持,0.08620689655172414,0.896551724137931,0.017241379310344827,111.13963640359144,97.73309438884912,98.08636587378571
699,92.95761690274334,120.50047540970284,89.77078411664118,103.4484420797109,True,False,维持,0.0603448275862069,0.6982758620689655,0.2413793103448276,108.21846979873406,113.18426330639859,95.28160238726925
700,93.73311667411478,139.80528368383253,92.75221144119182,105.32593774648497,True,True,缓和,0.07758620689655173,0.7413793103448276,0.1810344827586207,112.50690254649653,97.26803797770401,96.62874961077546
701,106.71357420692058,122.46330081554557,89.07716317459673,102.05793176754068,True,False,升级,0.06896551724137931,0.75,0.1810344827586207,107.22759186259033,100.93859696233827,90.07829269542633
702,91.73340063071377,113.00255858788148,87.19894081554897,99.64137112905256,False,False,维持,0.20689655172413793,0.7844827586206896,0.008620689655172414,103.85491432911631,101.66116551272324,92.51669836111796
703,89.25569509549034,114.13441361098762,86.8618051307158,100.40015458641868,False,False,维持,0.22413793103448276,0.603448275862069,0.1724137931034483,106.25270770797762,105.53703151611354,91.4063712724068
704,91.74353646677251,123.10059194918625,91.29489893797641,103.30833491021488,True,False,维持,0.034482758620689655,0.8103448275862069,0.15517241379310345,105.63936776514612,102.1107858095014,96.36255367551468
705,92.99747610995716,127.38938587352968,87.55292748669291,100.73766568964635,True,False,缓和,0.13793103448275862,0.75,0.11206896551724138,109.15594616656381,98.74433207437048,95.23184439007302
706,92.36049391642744,114.45629039651092,87.01853459377172,100.2943434840916,False,False,维持,0.10344827586206896,0.8103448275862069,0.08620689655172414,104.3840739960566,105.01967868123154,94.91081999248249
707,91.126074933017,113.15036966947042,84.70565140234858,99.83600129384398,False,False,维持,0.1810344827586207,0.75,0.06896551724137931,106.27285693203797,99.20119419506388,97.69987031574433
708,92.7887338501693,124.26145486766102,90.81997687750977,102.3601930783149,True,False,维持,0.11206896551724138,0.7413793103448276,0.14655172413793102,116.93522435675969,103.89824644553383,96.69715170935139
709,89.24756695643121,112.56188804379808,84.83834859766849,97.39786721552152,False,False,维持,0.25,0.7327586206896551,0.017241379310344827,111.15958148612616,96.63104158918406,92.05571556773438
710,93.45741475664788,118.15032701800259,88.99604428294153,100.22359284907428,False,False,维持,0.13793103448275862,0.7413793103448276,0.1206896551724138,116.06752129527622,98.96248243522687,90.70315494292547
711,90.6134713939881,130.02810592320262,90.6134713939881,102.29286277613485,True,True,缓和,0.07758620689655173,0.7844827586206896,0.13793103448275862,125.34905522795101,97.36417168135424,94.23270968537568
712,91.30581194857939,123.54627210097455,87.28619900406905,100.35521774768333,True,False,缓和,0.16379310344827586,0.7155172413793104,0.1206896551724138,121.13597096469819,100.10545798830647,93.69132080167279
713,91.96354179146914,123.62863979843708,91.61094701667542,102.1216890101611,True,False,维持,0.08620689655172414,0.7758620689655172,0.13793103448275862,112.93630160919622,99.09294830939002,94.63921188931704
714,89.83168004071156,126.96956270415792,89.11467375033361,102.44893854956193,True,False,维持,0.13793103448275862,0.7672413793103449,0.09482758620689655,106.39312382592348,103.90771238763666,96.24225858148829
715,89.9701158380349,121.17323381518366,89.84494722879508,102.07979009710466,True,False,缓和,0.13793103448275862,0.6896551724137931,0.1724137931034483,109.01587101970692,100.61143148319043,98.98352714117837
716,87.86217649451349,116.47748496852951,86.72402334980711,98.6984729575006,False,False,缓和,0.12931034482758622,0.8189655172413793,0.05172413793103448,108.19304592556612,102.65241305366139,92.30013585221126
717,88.41121989099665,117.51304225981288,88.41121989099665,100.64351065642637,False,False,维持,0.09482758620689655,0.853448275862069,0.05172413793103448,103.94038392078205,96.5914321802605,105.13719717505931
718,102.42458429865637,120.10514185504093,88.71660886976008,101.46912217055161,True,False,升级,0.12931034482758622,0.6896551724137931,0.1810344827586207,100.13220211456554,104.09014963927174,96.11035226211105
719,88.09968990810113,117.89762491638524,88.00327208123706,100.0349716751972,False,False,维持,0.1206896551724138,0.8362068965517241,0.04310344827586207,108.176388057132,104.05775673523331,96.42060602981816
720,91.2682778227059,129.82669904329526,88.45079130143951,102.73106400719993,True,False,维持,0.08620689655172414,0.7672413793103449,0.14655172413793102,106.23662739484688,104.06997922118411,90.83260848635997
721,96.33234073103655,117.68817295440749,87.65478380565168,100.01422771854428,False,False,维持,0.10344827586206896,0.8362068965517241,0.0603448275862069,104.27200192899151,98.50933823539627,94.9272291150932
722,94.66742515954921,120.12722010534462,91.96782976975616,104.46700114577015,True,False,维持,0.07758620689655173,0.646551724137931,0.27586206896551724,103.91305975976964,120.12722010534462,98.96816411861222
723,94.2113460949951,111.04488696841841,90.64468335977126,100.41413170152327,False,False,维持,0.06896551724137931,0.8793103448275862,0.05172413793103448,107.2324807886334,99.64376734751306,97.49959822152658
724,100.57872013865311,115.40447836671288,89.94898568704646,100.22894062434301,False,False,维持,0.12931034482758622,0.7844827586206896,0.08620689655172414,105.83451197126611,93.56654241938834,98.16183309292542
725,86.57351773078267,128.15048451272853,86.57351773078267,102.60403610990333,True,False,缓和,0.08620689655172414,0.7672413793103449,0.14655172413793102,108.34900168540618,103.64093570221695,95.77059266396553
726,91.6641984855381,119.74978126870609,91.36205995549892,101.88955208627752,False,False,维持,0.07758620689655173,0.8103448275862069,0.11206896551724138,104.8937019824669,104.60014529609778,93.43550699440716
727,92.62062495882303,124.30147855366623,91.22296502580794,101.62836091374372,True,False,维持,0.12931034482758622,0.7327586206896551,0.13793103448275862,115.90588048274944,95.85044045399557,93.45817594992849
728,98.13304041685598,116.37725427050898,88.53398482202115,100.48219155658994,False,False,升级,0.16379310344827586,0.75,0.08620689655172414,110.07448344541888,97.83964400796322,96.1234870500892
729,94.32635005199413,117.80119716112137,88.41501175064163,99.97390451687042,False,False,维持,0.14655172413793102,0.7758620689655172,0.07758620689655173,108.7835904210449,98.02932341885099,92.63067149758814
730,86.01911584986466,118.3935888508967,85.49663076785416,101.39133830910463,False,False,缓和,0.13793103448275862,0.8448275862068966,0.017241379310344827,104.46959803701176,106.47385664169593,95.63510229382459
731,95.41884579696264,124.33009866430841,90.93078056410634,101.2486079659667,True,False,维持,0.19827586206896552,0.7413793103448276,0.0603448275862069,110.19634040047394,98.38980971786101,95.3176222011889
732,90.39627816964793,118.28831138478401,87.58553305398591,102.22279831331177,False,False,维持,0.14655172413793102,0.6724137931034483,0.1810344827586207,116.26809673962993,102.7852823726081,97.23000760199484
733,86.98969692246614,113.32376233504358,86.98969692246614,100.33066020342203,False,False,维持,0.09482758620689655,0.8362068965517241,0.06896551724137931,108.53743643872349,98.95913886248738,99.10071055734609
734,94.04912194862064,128.33117198431344,89.60142686610259,99.7754885016782,True,False,维持,0.1810344827586207,0.7758620689655172,0.04310344827586207,106.52315203119436,96.25896760644,93.02935450654309
735,90.44057298003293,117.7378478808868,90.44057298003293,102.65479709846804,False,False,缓和,0.07758620689655173,0.7758620689655172,0.14655172413793102,103.85939459012545,109.02998746125186,98.47050094124637
736,94.96906820840908,127.22774627798124,90.66871898988666,103.35443416658426,True,False,维持,0.10344827586206896,0.6637931034482759,0.23275862068965517,114.09293707293548,103.23814705135597,93.9302405982566
737,87.61265350621424,116.09465529624923,87.61265350621424,100.82800520365923,False,False,维持,0.20689655172413793,0.6982758620689655,0.09482758620689655,101.38926345343813,101.3246308308574,100.61970118067774
738,89.41064501118775,124.45953426878464,88.87121121396954,101.87044595767462,True,False,维持,0.20689655172413793,0.6293103448275862,0.16379310344827586,102.44062027858867,110.75676769124776,92.24812914422982
739,87.46580145593188,123.59197778526432,87.46580145593188,102.51487964023048,True,False,缓和,0.1206896551724138,0.7413793103448276,0.13793103448275862,113.10213120813157,101.14998097477515,104.07790584881772
740,94.08808202053345,118.33173333555735,90.87009392066923,101.10000011601966,False,False,维持,0.1206896551724138,0.8017241379310345,0.07758620689655173,106.78122625542112,98.64295264358802,93.18526852316064
741,91.12579881089165,131.38973758798696,88.16769884115932,103.33423405559348,True,True,维持,0.08620689655172414,0.7241379310344828,0.1896551724137931,109.51038388753608,106.12047713429476,94.10509039425268
742,92.36366697652488,119.04903759996333,87.96759726547144,101.9067005126938,False,False,维持,0.12931034482758622,0.6810344827586207,0.1896551724137931,105.74896756312098,108.71782280134516,88.17715436258229
743,91.43803693850828,113.39494893468121,87.74421809922868,101.87414560629746,False,False,维持,0.05172413793103448,0.8017241379310345,0.14655172413793102,105.61895997828117,101.43959799873679,94.89609994416071
744,91.13352435731134,125.65060451779968,90.72316492727872,103.26814457403496,True,False,维持,0.09482758620689655,0.6206896551724138,0.28448275862068967,125.65060451779968,104.36726441506296,98.76480169217363
745,92.45900865576601,124.25542485985541,89.18459963443854,103.2668146452439,True,False,维持,0.16379310344827586,0.603448275862069,0.23275862068965517,120.81609830550362,96.50546231014141,93.87392178574393
746,91.31329515778842,117.75030644379662,89.38844524917707,101.78681312826964,False,False,维持,0.11206896551724138,0.7413793103448276,0.14655172413793102,115.14332745016884,99.10177028383806,103.66616473017412
747,94.69361180697295,114.71837329897069,88.05616803965948,99.76708389077965,False,False,维持,0.14655172413793102,0.7931034482758621,0.0603448275862069,101.35978834763414,102.37764161190907,92.9976031588686
748,91.90029148429153,118.02371921677647,88.77708290126039,102.93725639307605,False,False,维持,0.0603448275862069,0.7758620689655172,0.16379310344827586,104.14150891023469,117.1357848834085,97.45307959756477
749,91.3411097057382,116.29697404352481,88.61905766204313,100.66581438144337,False,False,维持,0.15517241379310345,0.7327586206896551,0.11206896551724138,111.1646087205996,99.22995554992637,90.71746415426483
750,90.74244158064879,121.97921088804928,87.85874558707411,101.78187031849716,True,False,维持,0.14655172413793102,0.6982758620689655,0.15517241379310345,116.1332471762265,100.42508150901234,93.45669316538697
751,92.20700502493638,127.21911730519938,90.05173373709687,101.59012710997801,True,False,维持,0.13793103448275862,0.7413793103448276,0.1206896551724138,107.79903692064644,106.6567038604546,97.19287184141301
752,92.63535192698957,117.63644834124875,86.91620402337979,99.99853338324777,False,False,维持,0.06896551724137931,0.8706896551724138,0.0603448275862069,105.21177695566007,103.03588957915755,91.7422423194518
753,89.13201090704796,128.08800355338036,89.13201090704796,103.22727394740348,True,False,缓和,0.1724137931034483,0.6293103448275862,0.19827586206896552,110.64299912325356,99.94687975499266,111.43147238749523
754,87.2842470585971,115.24496211108395,87.2842470585971,101.03615753892832,False,False,缓和,0.13793103448275862,0.6982758620689655,0.16379310344827586,104.19276404479703,99.55308383337129,95.05070650612265
755,89.95564135411092,129.42376650678773,88.26138569932786,103.6328730739577,True,False,维持,0.09482758620689655,0.7155172413793104,0.1896551724137931,109.23959767490136,98.71183926602444,104.1336128178659
756,92.71552195480356,114.36953158484968,88.4070836481219,99.88200369041174,False,False,维持,0.13793103448275862,0.8275862068965517,0.034482758620689655,105.6022809039193,113.99796990417585,94.2677977634877
757,87.85739428276437,120.85820555905889,86.8771918242884,105.06152574253565,True,False,维持,0.08620689655172414,0.6379310344827587,0.27586206896551724,108.2518885145686,115.25722993180962,93.62841778622071
758,87.90153335772277,124.236841756424,87.82789811170115,102.96492429943007,True,False,维持,0.1206896551724138,0.7068965517241379,0.1724137931034483,117.06031045147317,105.76782369412946,89.85241336437116
759,90.11575314195159,122.85371450360924,89.95638323829328,102.85808556407488,True,False,缓和,0.06896551724137931,0.6810344827586207,0.25,120.80182398831371,98.22451686675093,108.22942506398897
760,91.56878962409519,124.627598151435,91.0551952067808,101.53850627805654,True,False,缓和,0.11206896551724138,0.8017241379310345,0.08620689655172414,116.14927134931212,97.90472021381063,96.27463009463956
761,92.0002409023501,130.29285021356017,88.70079686870349,102.91778883399975,True,True,维持,0.0603448275862069,0.8275862068965517,0.11206896551724138,124.58776241931723,98.52846595815767,90.56095314622628
762,94.39351264297223,123.96296723857424,91.93186222883061,102.76129764931244,True,False,维持,0.09482758620689655,0.6551724137931034,0.25,100.78021378957689,100.66402747961625,95.10666693022041
763,92.349999660393,114.05331379066938,88.27048762330422,100.12375443193892,False,False,维持,0.15517241379310345,0.8017241379310345,0.04310344827586207,106.21585997532301,99.12790996364033,92.59429331367608
764,90.29443069290022,127.00582714488749,87.53922262325038,100.72664012142243,True,False,维持,0.10344827586206896,0.7931034482758621,0.10344827586206896,104.54358262005165,104.22889460847874,95.05061992885618
765,99.10910957014973,114.63599727666907,88.32286797165466,99.68160424283569,False,False,维持,0.12931034482758622,0.853448275862069,0.017241379310344827,101.85120243713511,98.58951537436936,93.54641211535925
766,98.36875628625796,129.7921344073832,92.9006992298758,103.37603706026157,True,False,维持,0.0603448275862069,0.8189655172413793,0.1206896551724138,106.97796645447937,101.26016938177956,95.91425076873256
767,88.00456214371818,111.84550592001773,87.06724659640686,99.70950822251577,False,False,维持,0.19827586206896552,0.7327586206896551,0.06896551724137931,102.7077356178258,97.65993621033864,98.15478416602292
768,90.46835706807875,112.45665347603094,89.4606322884442,99.86006210753891,False,False,维持,0.08620689655172414,0.8620689655172413,0.05172413793103448,106.39281750484193,101.2110057308143,93.08283561850624
769,90.53934836678505,121.70869334849652,87.67994123025849,100.89273453915112,True,False,维持,0.07758620689655173,0.8448275862068966,0.07758620689655173,103.74289251412021,96.98254931364055,97.95036019386573
770,90.1049973665798,114.31737974259252,88.14519965996222,99.86946131257177,False,False,缓和,0.11206896551724138,0.8793103448275862,0.008620689655172414,102.97013087041331,102.24278258407588,93.54974691968162
771,92.87991043132652,115.70832009228116,91.85936636920563,99.3721550580465,False,False,维持,0.15517241379310345,0.7844827586206896,0.0603448275862069,100.55644137957307,98.58982963044134,95.8257900183164
772,88.51493507254368,117.81471635497,86.94166815401223,100.33687862563414,False,False,缓和,0.09482758620689655,0.8017241379310345,0.10344827586206896,107.29688724561854,100.95356194536289,94.66937491668541
773,91.24951669415681,120.64025845420063,89.60933506218763,101.10564410083741,True,False,维持,0.08620689655172414,0.7758620689655172,0.13793103448275862,105.05190748410338,96.0986904339177,100.5705794174268
774,89.81003035466871,121.42570422245002,89.06849109088446,99.63533776516005,True,False,维持,0.19827586206896552,0.7327586206896551,0.06896551724137931,120.68924874986584,98.18061443186204,93.45693598735522
775,90.50077048776116,126.30378145433623,89.15130084256543,103.48134847262338,True,False,维持,0.09482758620689655,0.7068965517241379,0.19827586206896552,121.3338710300756,107.97566048557593,93.83561569272578
776,95.36474501712777,119.97270145915583,90.49466706282172,102.28891963834813,False,False,维持,0.14655172413793102,0.7068965517241379,0.14655172413793102,105.38740704706821,97.37349577387182,97.97140510499946
777,89.68755467676112,127.72480918985606,87.2875711693477,101.71324775111373,True,False,维持,0.16379310344827586,0.7241379310344828,0.11206896551724138,108.35311002389433,102.18735061589767,91.6341526074261
778,89.5285816205671,119.56767658832969,89.5285816205671,102.84863563634687,False,False,维持,0.0603448275862069,0.7931034482758621,0.14655172413793102,108.54613226313568,98.57084988036924,95.06782455653841
779,90.52696972828831,125.6609430023523,89.30242333887884,101.28600091349067,True,False,维持,0.08620689655172414,0.8103448275862069,0.10344827586206896,112.84220020059665,98.29867479239,94.58902710613167
780,94.0191609211284,120.10406501057571,89.9718804722551,101.33691834044393,True,False,维持,0.22413793103448276,0.7068965517241379,0.06896551724137931,109.51652860016839,99.55896050557834,95.09700974332651
781,91.59261059905369,114.66559779584341,90.16373427943437,99.83557960764578,False,False,维持,0.14655172413793102,0.7844827586206896,0.06896551724137931,104.69941963780015,98.62704005238233,97.30673109756405
782,90.68529611040353,124.80536863328349,90.53698670840245,102.6120084299742,True,False,缓和,0.10344827586206896,0.7327586206896551,0.16379310344827586,107.8790614413784,100.15964298228803,101.01298912606543
783,92.70971680142682,117.30421207927206,90.01012526844669,100.32963500092627,False,False,维持,0.15517241379310345,0.7413793103448276,0.10344827586206896,104.62965209259124,96.0933901181894,90.01012526844669
784,88.13283632423526,129.97780785643874,87.73720171490665,102.80292387125179,True,False,缓和,0.0603448275862069,0.7672413793103449,0.1724137931034483,109.18542592206128,112.30309720828349,96.00700861372327
785,89.50634693085033,123.71739319634308,88.99568199944639,101.02236096343118,True,False,维持,0.10344827586206896,0.7931034482758621,0.10344827586206896,108.70606243142021,99.80953135420329,89.95965342918663
786,95.69096053650324,120.72492440277864,90.62589540075308,101.96573001440464,True,False,维持,0.10344827586206896,0.7241379310344828,0.1724137931034483,103.05412780324151,105.62444225125107,98.486836751824
787,97.6887664629614,123.60266837262587,87.97634001799352,100.7328369843875,True,False,升级,0.09482758620689655,0.75,0.15517241379310345,107.22684251452633,97.26415485929407,96.05089890711618
788,90.88564110272497,120.02832972590436,88.37751329883085,101.80437068648371,True,False,维持,0.1810344827586207,0.6637931034482759,0.15517241379310345,102.68050583974109,113.4065640555042,92.59148616870331
789,92.29934804500802,119.98278107122736,90.8456803452014,102.96946355105929,False,False,维持,0.04310344827586207,0.7758620689655172,0.1810344827586207,103.35091066889781,104.22926235542761,112.71324126126217
790,90.24728817026354,119.95262789431439,89.8725759246766,99.77856221811359,False,False,缓和,0.1810344827586207,0.7327586206896551,0.08620689655172414,105.42157259215989,99.20332010935138,93.632326328002
791,88.98496887105993,123.51818415213913,87.60845878670938,102.6014436273823,True,False,维持,0.15517241379310345,0.6551724137931034,0.1896551724137931,120.33197104329625,101.6240036812656,94.09574484389458
792,89.3154859136305,113.95484136042691,87.04088552729914,99.28631717455643,False,False,缓和,0.1896551724137931,0.7586206896551724,0.05172413793103448,101.69243045453521,99.65487294809203,95.82973095014741
793,96.87789596229467,117.10070352460956,90.2742104410951,101.62357310857927,False,False,缓和,0.05172413793103448,0.8620689655172413,0.08620689655172414,104.05104892992823,102.59739109750527,93.67624659748597
794,91.3708854139569,121.40154552116931,91.03090331545211,101.72841066247733,True,False,维持,0.11206896551724138,0.7672413793103449,0.1206896551724138,98.44158185747746,105.36517828655784,95.52122221646565
795,90.22968252185618,125.01590838495063,88.65987850392726,103.07826256805441,True,False,维持,0.14655172413793102,0.7155172413793104,0.13793103448275862,103.50851224699583,108.05967803109276,93.05959851886472
796,91.42856949092334,130.35592737500696,90.97618383076959,105.05760995300444,True,True,维持,0.12931034482758622,0.646551724137931,0.22413793103448276,130.35592737500696,100.99625134676869,96.10167801887671
797,89.0035562018428,115.8454412677628,89.0035562018428,102.79817103762753,False,False,维持,0.07758620689655173,0.853448275862069,0.06896551724137931,106.71600619137163,110.87619141669498,96.31337605835411
798,89.70929525205065,116.76309374642506,89.61206506674837,99.94687788888092,False,False,缓和,0.1724137931034483,0.7844827586206896,0.04310344827586207,111.30240107638494,97.70144988294635,92.88420580226246
799,94.27497121889937,113.84800906234884,86.93992981571358,100.09920223964764,False,False,维持,0.12931034482758622,0.8448275862068966,0.02586206896551724,104.08027808385003,102.68231265415312,97.04224485564706
800,87.26384324034295,109.18387075916905,87.10704436721262,99.19400098717949,False,False,缓和,0.034482758620689655,0.9137931034482759,0.05172413793103448,106.30319818221578,101.087440325548,91.48925175137977
801,93.91406839033888,115.82997835274774,89.46091955066728,98.94751876352737,False,False,维持,0.19827586206896552,0.75,0.05172413793103448,103.75805998731546,97.18676983550615,89.90743361967917
802,90.05580616782919,119.70881752150719,89.7274067139193,101.47039774324354,False,False,维持,0.13793103448275862,0.7672413793103449,0.09482758620689655,105.41011472085634,110.86146166482374,95.81676163455862
803,95.74117181654788,116.23333217743661,89.77981392470357,103.94805922995344,False,False,升级,0.06896551724137931,0.6982758620689655,0.23275862068965517,102.68874079237622,104.06644743228065,110.35932152592083
804,89.4521252353899,121.06549779293735,88.13654659543154,99.65529854261692,True,False,维持,0.14655172413793102,0.8103448275862069,0.04310344827586207,116.25631118532303,99.44548151079287,92.31291541868376
805,87.16936891047332,111.92711795341005,86.70220544824132,99.28493118732113,False,False,维持,0.15517241379310345,0.8103448275862069,0.034482758620689655,103.54472485711968,102.35380402216866,96.27483655028544
806,88.60272883717182,112.02652623536062,88.60272883717182,100.36720380479434,False,False,维持,0.07758620689655173,0.896551724137931,0.02586206896551724,108.59389332113882,99.87022827338774,90.3249699180394
807,86.85516625125746,125.97173046928546,86.85516625125746,101.83710975901808,True,False,维持,0.13793103448275862,0.7672413793103449,0.09482758620689655,102.055969065681,101.91359266015415,101.45086326200864
808,92.1790487587775,114.49315565442225,89.68683283574454,101.0740653966084,False,False,维持,0.12931034482758622,0.7327586206896551,0.13793103448275862,105.4283229936641,107.50175450361576,91.21481041445641
809,101.65722641310883,125.78184045922913,87.70834422569496,102.15384937489979,True,False,升级,0.1810344827586207,0.6206896551724138,0.19827586206896552,121.56708459769771,104.14360220715866,94.26001318040302
810,87.94418480634714,117.6719944207124,87.8656555285117,100.83126701232074,False,False,维持,0.15517241379310345,0.7672413793103449,0.07758620689655173,106.88376911658118,107.07134378791545,90.95506883647063
811,87.50101911600333,123.47398942538219,87.48802293422581,103.90920332452487,True,False,维持,0.12931034482758622,0.6551724137931034,0.21551724137931033,105.36283251688012,110.10477776514125,95.59525475283847
812,93.19557654572294,123.84525944940054,87.94909784636516,101.8866347407757,True,False,维持,0.15517241379310345,0.75,0.09482758620689655,107.4314117064154,103.70019823277674,97.1419753097438
813,92.58462547088055,132.45503882238967,90.18529193130394,107.68777784734466,True,True,维持,0.07758620689655173,0.5344827586206896,0.3879310344827586,125.87638398308862,105.53396223709562,98.45103736114659
814,90.54148760359732,116.29656242887592,87.8360400182264,99.88397220110123,False,False,维持,0.1724137931034483,0.75,0.07758620689655173,103.18449418280142,109.11172438268264,89.4251772720469
815,91.00212008921639,121.00008614462348,88.7165088483136,103.77865694335787,True,False,维持,0.06896551724137931,0.7068965517241379,0.22413793103448276,106.64955189933539,118.62276311524928,93.32013951040261
816,97.71990472651197,130.43862481665323,88.69982356145523,104.82400943420433,True,True,缓和,0.08620689655172414,0.6293103448275862,0.28448275862068967,117.30415216698695,101.3387656342843,94.45224530956338
817,86.78840576344709,118.68775237735663,85.9293296925382,100.69005572953236,False,False,缓和,0.1896551724137931,0.7586206896551724,0.05172413793103448,99.51811396981448,102.57920066260121,96.8067779912518
818,97.55503016899954,127.24789478082062,89.21375838533119,101.92945826098416,True,False,升级,0.19827586206896552,0.6724137931034483,0.12931034482758622,114.05745285453769,104.02323869585527,97.98486063486952
819,90.34289887598605,122.23414035793016,90.20216129386871,101.91160655469865,True,False,维持,0.13793103448275862,0.6896551724137931,0.1724137931034483,105.26169234573219,111.91407909976456,94.27279960619009
820,88.84760971831919,114.4606866623364,88.84760971831919,100.64518525614719,False,False,缓和,0.11206896551724138,0.8448275862068966,0.04310344827586207,105.46827583951386,107.99774202604979,96.61756622532376
821,91.38068601090426,116.53315252266256,88.32858000573385,100.9415706369158,False,False,维持,0.13793103448275862,0.7844827586206896,0.07758620689655173,107.74313373049104,98.07671438971171,104.60881493262839
822,91.15531038823076,117.86057104762618,89.88435615266953,100.27394837130531,False,False,缓和,0.1896551724137931,0.7672413793103449,0.04310344827586207,105.58499344872448,101.53118267348668,96.61590661002087
823,91.0064934561979,118.8027437999819,90.57256786621198,101.74195229165079,False,False,缓和,0.10344827586206896,0.7844827586206896,0.11206896551724138,106.9093904812633,98.12345213345563,92.85400303371456
824,89.40142205451993,117.56560779159305,88.54534133503371,101.01870949615548,False,False,维持,0.10344827586206896,0.8103448275862069,0.08620689655172414,106.5306340707758,98.14346002907654,100.27042563041783
825,94.56688159726741,110.53522309340609,91.11611734655334,98.84940697455153,False,False,维持,0.14655172413793102,0.8275862068965517,0.02586206896551724,107.68326355551125,95.38630992180465,95.96264581026796
826,87.28732739334143,114.7418646649398,87.28732739334143,100.88938933285354,False,False,缓和,0.1206896551724138,0.853448275862069,0.02586206896551724,103.07568575541727,95.81947006702049,96.00156335765301
827,97.58455442831664,113.83323163339796,91.1368823884197,101.00383649191393,False,False,维持,0.1896551724137931,0.6810344827586207,0.12931034482758622,102.99538128603508,104.45291056235352,92.69615171617836
828,92.16655518276508,121.0649686198753,88.32949470368322,102.59207697888507,True,False,维持,0.14655172413793102,0.7068965517241379,0.14655172413793102,107.93104156974361,112.1177675176058,95.05703067080694
829,90.75770524536829,122.50666903269536,89.75304862787577,101.60995422883045,True,False,维持,0.1206896551724138,0.7931034482758621,0.08620689655172414,97.88214202908591,102.34975288254783,103.73426219042655
830,90.53625606926558,120.28295053685297,89.15211065208521,102.39513513025483,True,False,维持,0.1206896551724138,0.7413793103448276,0.13793103448275862,102.44916409812596,106.48163950965053,105.12590334481007
831,94.14153475240909,123.40931927272553,90.59274133715144,102.09735514335411,True,False,维持,0.11206896551724138,0.7672413793103449,0.1206896551724138,108.30142659641454,107.69394991520953,98.98325312328353
832,91.59710506948848,120.08314775730983,89.7625076160174,102.08512210738039,True,False,维持,0.06896551724137931,0.8103448275862069,0.1206896551724138,115.97148096338823,95.75322154794141,95.58495617406207
833,87.66407824455635,114.94490905390211,87.66407824455635,100.32423236146109,False,False,缓和,0.15517241379310345,0.8189655172413793,0.02586206896551724,103.40878258774119,100.67538926033697,99.40839298289622
834,94.6824002514814,122.19700663938204,89.07496292243145,100.4473500702473,True,False,维持,0.11206896551724138,0.8620689655172413,0.02586206896551724,106.8197853137884,93.43755739932621,98.27285141538552
835,88.73795106653436,122.09970350396131,88.17662199859289,100.00614816150552,True,False,缓和,0.14655172413793102,0.7758620689655172,0.07758620689655173,100.71197643414602,98.85132677684192,91.27925863344879
836,87.44726521205193,120.0771755175096,85.98934311392811,102.61924873533101,True,False,维持,0.09482758620689655,0.7413793103448276,0.16379310344827586,110.30511131851136,98.68982066940308,92.36114927046145
837,87.93150458977686,124.97059045726924,86.97510627559025,100.69683247381828,True,False,维持,0.14655172413793102,0.7586206896551724,0.09482758620689655,111.72068939807905,99.68255078042719,96.72457050784033
838,92.35288850902805,122.99712701361524,87.87189920563048,101.90497804594864,True,False,维持,0.06896551724137931,0.7758620689655172,0.15517241379310345,111.12594308614477,99.41461381856759,89.15078196441907
839,88.56273936546523,122.78269101189171,88.04324888702027,101.57789526706091,True,False,维持,0.12931034482758622,0.7327586206896551,0.13793103448275862,113.09238623350656,102.3025294802461,92.82988275528486
840,85.57788382110459,124.00788408446358,85.57788382110459,102.37369202424499,True,False,缓和,0.1896551724137931,0.646551724137931,0.16379310344827586,103.6409267415268,109.16472960228472,92.09217686580311
841,87.69656271204639,116.84312582129725,87.69656271204639,100.7059796166598,False,False,维持,0.1724137931034483,0.7672413793103449,0.0603448275862069,102.9217560664835,104.44415371858281,92.26474985496603
842,97.07017152569001,118.42976733322045,92.7869731818399,102.16205896194104,False,False,维持,0.0603448275862069,0.853448275862069,0.08620689655172414,113.11951744298005,98.8367776875206,96.88418046118174
843,88.7456668002106,118.64359528457983,86.92585236155121,100.96168127164731,False,False,维持,0.1810344827586207,0.7068965517241379,0.11206896551724138,106.48839887134098,100.82415770264451,100.32344165168848
844,91.58293512631163,111.11758677055809,90.7111160929203,99.2954640039837,False,False,维持,0.14655172413793102,0.8189655172413793,0.034482758620689655,109.67117301585155,97.34354783227614,96.77873908410287
845,91.50987813308517,123.36112209173325,89.58745323559711,101.02501326290343,True,False,维持,0.16379310344827586,0.7672413793103449,0.06896551724137931,115.5332701003754,96.98930918191186,98.14246671043732
846,92.19523170195627,126.17137695159884,90.72127112414337,104.80834825998694,True,False,维持,0.08620689655172414,0.75,0.16379310344827586,115.7881208604819,101.20810158317984,99.82656723283593
847,90.02982286236981,127.83849588119871,85.4799460136607,101.61137645217107,True,False,维持,0.09482758620689655,0.8362068965517241,0.06896551724137931,107.23934036892871,97.52434963878535,97.54875782062489
848,89.62577890439266,115.66895833823563,87.75081306496436,102.10593780919169,False,False,维持,0.07758620689655173,0.7844827586206896,0.13793103448275862,104.1694801346747,107.15617649853861,90.98038716660216
849,91.90858906127707,121.99211421663844,89.61883028178148,102.6541691727057,True,False,维持,0.08620689655172414,0.7327586206896551,0.1810344827586207,109.183441981096,95.63501370295896,98.83164321633821
850,91.82849009206892,113.47045457027627,89.6498150734346,99.09943143262171,False,False,维持,0.12931034482758622,0.8103448275862069,0.0603448275862069,105.07375677814709,95.40818849276143,93.89556641770827
851,92.29647207090636,114.78328148874688,86.74026752078568,100.79661154196663,False,False,维持,0.12931034482758622,0.7931034482758621,0.07758620689655173,109.600132974029,99.16502200039903,95.7660994922963
852,96.99658737627715,116.80514842511897,91.44412987501315,101.06494556412899,False,False,升级,0.13793103448275862,0.7327586206896551,0.12931034482758622,102.2121033344124,105.59842719405017,97.51273016568886
853,87.60915244372408,128.5614784508393,87.19372685476642,104.20783193711733,True,False,维持,0.1724137931034483,0.5517241379310345,0.27586206896551724,112.69165413269147,101.586692278623,102.67334447339131
854,93.47095045232157,131.63045601702225,91.54951799355608,102.4139572091975,True,True,维持,0.07758620689655173,0.8189655172413793,0.10344827586206896,113.85472299863437,100.21054084890727,95.62462771028063
855,89.07317180311055,117.56619180814073,86.3561266647808,100.3741970604283,False,False,缓和,0.08620689655172414,0.8793103448275862,0.034482758620689655,109.60740361070545,101.82317310063009,95.3358210439294
856,94.31243277513528,115.62022702598931,92.4292325731608,103.48741368160576,False,False,维持,0.0603448275862069,0.8017241379310345,0.13793103448275862,107.48885122186167,114.25276802607854,94.57673170495383
857,91.48912977865216,112.24550642386974,90.77424351069887,101.46921320073214,False,False,维持,0.06896551724137931,0.8620689655172413,0.06896551724137931,105.18499470065663,99.97628622176273,92.83874138551982
858,92.59180991292325,109.56913301233271,88.28926928630752,98.5241526386236,False,False,维持,0.10344827586206896,0.8793103448275862,0.017241379310344827,101.05402725460297,98.98000142446965,93.33933667760638
859,89.28999250651042,116.03002433560134,87.30124499347052,99.39675184019411,False,False,维持,0.06896551724137931,0.9224137931034483,0.008620689655172414,104.59990959545554,100.5864253705896,96.57038132578973
860,92.57536590144812,117.0149141767736,88.3205075223735,100.17327818881623,False,False,维持,0.10344827586206896,0.853448275862069,0.04310344827586207,114.7972666491481,105.31437314716261,95.47595175993523
861,92.71055336547889,126.2143176281629,87.46612759167758,104.20633116724572,True,False,维持,0.05172413793103448,0.7241379310344828,0.22413793103448276,105.29518663924785,106.84886340806862,97.04167545663877
862,92.63898440449762,124.26248678885986,86.525627399391,99.5030161812546,True,False,维持,0.20689655172413793,0.7241379310344828,0.06896551724137931,121.33195558597849,97.19606050040724,94.44510381270986
863,89.49263357285187,119.39618032703152,89.25147632975317,100.80423458327698,False,False,维持,0.10344827586206896,0.8275862068965517,0.06896551724137931,111.4706644459645,100.48886605083499,99.1342458774127
864,86.87886860547881,111.64807371647653,85.40529093870519,98.60884628949756,False,False,维持,0.1896551724137931,0.8103448275862069,0.0,99.1667901059553,97.98791833981116,92.52733036975077
865,88.28410474287567,124.42452735470957,87.97073688368275,99.63117645279554,True,False,缓和,0.21551724137931033,0.7155172413793104,0.06896551724137931,98.96054550637834,98.72444360377159,91.343676692444
866,94.54289334775619,120.10925523845354,89.69351685099848,100.46495021264123,True,False,维持,0.08620689655172414,0.8103448275862069,0.10344827586206896,107.95059676444909,99.94064777104559,96.03433164593608
867,91.56018428476345,115.4892039113536,88.33123576637544,99.99242156453872,False,False,维持,0.12931034482758622,0.7931034482758621,0.07758620689655173,113.15891237806812,101.08421756945057,92.3549499830421
868,90.06486896227696,118.33117734025048,88.25970897720462,102.71951380467235,False,False,维持,0.08620689655172414,0.8103448275862069,0.10344827586206896,105.23059857142647,107.80764995177188,90.49264040089548
869,92.17006538630467,136.84292503527112,89.50558940476708,103.70031524254011,True,True,维持,0.10344827586206896,0.7155172413793104,0.1810344827586207,116.92458076981913,100.89034705802577,95.78071937674798
870,93.39602310418361,113.04140834534475,89.09788002575597,99.2078062936701,False,False,维持,0.1724137931034483,0.7844827586206896,0.04310344827586207,103.86694902103633,102.3862943854077,94.27171744048928
871,86.85962218738347,126.26806075423377,86.34639598133819,100.62336593558594,True,False,缓和,0.2413793103448276,0.6637931034482759,0.09482758620689655,107.17160444558228,97.88706844962877,94.54057084787148
872,87.06416606895768,123.20678352092635,86.85069342475218,105.07654674524281,True,False,缓和,0.0603448275862069,0.6206896551724138,0.31896551724137934,104.3892111134423,108.66694904698859,116.40955921360336
873,100.30102183730892,124.32018472774163,89.13406958942402,102.3101679972092,True,False,维持,0.15517241379310345,0.6637931034482759,0.1810344827586207,119.47627946449751,95.10247499973836,97.67940892735858
874,88.58455845440547,119.48014427948965,88.58455845440547,102.59502994511512,False,False,维持,0.15517241379310345,0.6551724137931034,0.1896551724137931,106.74036712788335,99.21547397648553,93.98711875803194
875,91.62051656942253,113.53696970920745,89.93059840618203,99.98126456223684,False,False,维持,0.15517241379310345,0.7758620689655172,0.06896551724137931,105.72387242858517,107.2138545214027,99.33962352352184
876,93.86920638311784,113.34960420569625,92.04391380663937,103.1954378643339,False,False,维持,0.16379310344827586,0.6293103448275862,0.20689655172413793,103.87007214355559,104.08878918300005,105.40725380554161
877,91.67492669755977,115.23981943691106,90.0101901626732,100.97270439193632,False,False,缓和,0.16379310344827586,0.7327586206896551,0.10344827586206896,107.93936684569483,97.14873223485725,105.74284358237747
878,91.12303789141649,120.58707809803138,88.9394329381872,100.92006062605407,True,False,维持,0.14655172413793102,0.75,0.10344827586206896,106.85729923108656,103.63126859950067,92.83721683352255
879,88.43758808556582,118.58427250930937,87.9343960619295,101.1900556423648,False,False,维持,0.1206896551724138,0.7931034482758621,0.08620689655172414,109.04918434173553,99.02175376466667,105.03517374295168
880,88.51700198345983,125.99248163884472,85.43863902873875,104.3138060796858,True,False,维持,0.11206896551724138,0.6982758620689655,0.1896551724137931,114.00522746619964,114.02731439247594,95.71569508537182
881,91.01703834315873,125.86100870315626,90.6253669501516,103.15331227073865,True,False,维持,0.09482758620689655,0.7068965517241379,0.19827586206896552,112.8329469947198,94.37365722343522,95.9244683063674
882,91.63465064584197,113.193213676496,91.46919527984103,102.18368748688647,False,False,维持,0.08620689655172414,0.7931034482758621,0.1206896551724138,104.57750094667941,98.0574869477841,94.50585308466619
883,88.37465257275316,131.21980367765067,87.98707439887731,101.61572221941336,True,True,缓和,0.12931034482758622,0.7413793103448276,0.12931034482758622,107.71260736709159,96.97096426807254,96.30558519759704
884,93.32008001388444,125.54618618470157,92.71768770863395,104.55895186434964,True,False,缓和,0.09482758620689655,0.7327586206896551,0.1724137931034483,107.55044039072212,103.59121929519956,99.01792262730244
885,90.86761965001939,116.69464432223154,87.04335706503694,99.32767640802541,False,False,维持,0.11206896551724138,0.8362068965517241,0.05172413793103448,110.78033539893731,95.44319999683766,90.83198089220205
886,90.1932196049513,133.46385640974262,89.46392636231599,103.17274927840828,True,True,维持,0.10344827586206896,0.7413793103448276,0.15517241379310345,118.42967876727602,100.38344454613086,105.43978657008687
887,93.6425128365116,117.82810665782524,88.85896769246114,100.3695290934021,False,False,维持,0.07758620689655173,0.8793103448275862,0.04310344827586207,110.07555465778839,103.46985658464638,95.30251494390532
888,98.29401245269204,116.0676605993046,91.15702614155063,102.67913229946959,False,False,维持,0.06896551724137931,0.7586206896551724,0.1724137931034483,103.74645335918831,95.91523819150684,110.47905719717782
889,91.05324544510677,115.98190519014594,90.1364180484364,101.15154136684279,False,False,缓和,0.04310344827586207,0.9137931034482759,0.04310344827586207,106.42639191229537,100.25747639572018,94.17763031993438
890,90.37813229022456,115.5761862918592,90.37813229022456,103.1736811835391,False,False,维持,0.09482758620689655,0.7155172413793104,0.1896551724137931,108.59998950873857,102.92815952492752,101.86926732430769
891,92.6664050218436,118.05390509575655,89.0328233417796,102.51171610266832,False,False,维持,0.1206896551724138,0.7241379310344828,0.15517241379310345,106.07026774571332,113.86991071344033,90.99829575971525
892,91.2712829847659,119.16990868323133,89.38574109066354,99.95602678390597,False,False,维持,0.1810344827586207,0.7844827586206896,0.034482758620689655,104.33968307380034,99.4024647086742,92.23923185653611
893,89.86187821863278,115.15885233612404,88.6095595024854,101.07010338995805,False,False,维持,0.06896551724137931,0.8448275862068966,0.08620689655172414,107.5166460865603,115.15885233612404,91.90648428029246
894,91.75148780922005,117.90548932135736,87.10990895754291,99.46058058751102,False,False,维持,0.09482758620689655,0.8879310344827587,0.017241379310344827,109.86016393928222,101.50963477031165,92.46042899066164
895,91.64315203124272,115.58157573204281,89.77554897327563,99.77409230480428,False,False,维持,0.25862068965517243,0.6810344827586207,0.0603448275862069,107.93385529662599,100.0568753806912,93.26343340402127
896,91.89958439680959,112.45786420064384,91.50800384049103,101.17258265693312,False,False,维持,0.10344827586206896,0.853448275862069,0.04310344827586207,104.3921961450824,103.33947012031595,95.79525122873923
897,92.34052701016758,136.28119319710316,90.37720851813766,100.65933671820467,True,True,维持,0.20689655172413793,0.6810344827586207,0.11206896551724138,112.33677419284507,92.9889621455229,92.876416974351
898,88.25733353381467,118.88488417951905,86.82586142053927,101.30885888819857,False,False,维持,0.09482758620689655,0.7672413793103449,0.13793103448275862,106.56783066806848,95.54305722794734,108.54456602834243
899,92.52081503822812,110.98435034965009,88.40862134170386,99.15048091596292,False,False,维持,0.14655172413793102,0.8362068965517241,0.017241379310344827,107.08688227271303,101.97824748247987,94.44134531224805
900,93.27891302556677,129.01119332334673,89.4480836970739,105.51535533589686,True,False,维持,0.1206896551724138,0.5603448275862069,0.31896551724137934,123.23787109824751,106.09051006908525,94.9463135875413
901,89.48155602292464,114.23002291346621,87.12580433217845,100.65613498377698,False,False,维持,0.13793103448275862,0.7327586206896551,0.12931034482758622,105.53706564269532,99.87318741159702,105.42481960903635
902,91.1301674945545,125.19406519956556,88.19183603260244,100.93035096137201,True,False,缓和,0.11206896551724138,0.8275862068965517,0.0603448275862069,110.14603467965848,103.55953933026245,92.964105321758
903,92.56631290806976,120.08608018493781,90.49858543799161,100.27553078036554,True,False,维持,0.09482758620689655,0.8879310344827587,0.017241379310344827,108.81682241678641,96.80540704530934,93.35519389378543
904,92.96543182345401,117.11835175703018,90.22409511688605,104.36908018163258,False,False,缓和,0.06896551724137931,0.7586206896551724,0.1724137931034483,109.28789371372633,112.71293459248527,97.67677232122105
905,92.10937233133268,119.22120240756657,86.67408058565537,102.90169427642905,False,False,缓和,0.07758620689655173,0.7672413793103449,0.15517241379310345,110.82407401029447,107.1359128352589,93.75080533410812
906,88.91194251440194,113.85486762671455,88.91194251440194,100.07467725422929,False,False,维持,0.16379310344827586,0.75,0.08620689655172414,104.75004496560074,99.20621405341446,93.19863343605819
907,86.47868849829261,119.39776900785132,85.84466806451316,102.52488844417768,False,False,维持,0.1810344827586207,0.7068965517241379,0.11206896551724138,110.73996759820609,107.43021518530821,95.05739536219187
908,91.51068489178998,113.29802914687156,88.71262435283283,100.49918587572823,False,False,维持,0.10344827586206896,0.8103448275862069,0.08620689655172414,102.41756131472425,99.73547385229107,95.9239711362235
909,90.18798746398917,120.76648224241595,89.74204782528494,103.60459488191009,True,False,维持,0.08620689655172414,0.7241379310344828,0.1896551724137931,108.67135419542736,99.81120649312943,111.09572867896762
910,89.48887510433732,118.0838876900828,89.29978870146216,100.90155998276882,False,False,维持,0.2413793103448276,0.6982758620689655,0.0603448275862069,114.40899143962697,106.5751570842272,95.87471680690898
911,96.76373723727183,124.16201700982556,90.16173040117826,103.33816340539585,True,False,维持,0.017241379310344827,0.7758620689655172,0.20689655172413793,103.8825337514766,102.06541420329864,98.7157084483392
912,95.33673539293633,121.4978243252346,86.99099963984303,101.13331545062884,True,False,升级,0.13793103448275862,0.7758620689655172,0.08620689655172414,108.93638758196845,99.50678915482516,96.67933069641289
913,91.10505379612081,121.40275042785956,90.22404316656643,100.45457602281886,True,False,维持,0.12931034482758622,0.8103448275862069,0.0603448275862069,104.85421327189117,96.09252956516877,95.04207703999526
914,93.08064272480927,128.90775717956046,89.89076226069913,103.8597995244547,True,False,维持,0.12931034482758622,0.6551724137931034,0.21551724137931033,111.25329333208,94.21343385737954,97.29884649317994
915,87.92413669703035,115.80031665359284,87.82778277915033,100.75993995556382,False,False,维持,0.15517241379310345,0.75,0.09482758620689655,108.50680525351854,102.17547425802539,92.6515764619933
916,89.12302013815399,116.99103435954389,87.67556953717863,102.93043909697205,False,False,维持,0.06896551724137931,0.7413793103448276,0.1896551724137931,104.90495345856704,102.089802060761,105.01993238672851
917,92.7290746942812,123.06522389281815,91.92849880085699,103.3278631985516,True,False,维持,0.11206896551724138,0.7155172413793104,0.1724137931034483,118.68909341880044,97.81170405536507,109.63384543504377
918,91.73799643858679,116.68431725822548,90.11592887492608,103.59977172276463,False,False,缓和,0.1810344827586207,0.603448275862069,0.21551724137931033,108.65681313934446,112.83936850553972,101.83852420297758
919,88.62686703641559,121.04308526267126,88.62686703641559,102.0923302865526,True,False,维持,0.06896551724137931,0.8017241379310345,0.12931034482758622,107.69537902850384,111.80041490344566,95.05729472994139
920,86.52269819036086,115.04996481185441,84.72900971983155,100.13947970045929,False,False,维持,0.22413793103448276,0.7068965517241379,0.06896551724137931,108.07074128236405,108.20477011589229,97.45372081572886
921,90.53219658100976,120.98025931105467,90.53219658100976,104.55231157548795,True,False,缓和,0.04310344827586207,0.7672413793103449,0.1896551724137931,112.06230941880139,97.47537108035084,96.43441343993634
922,103.02803241214805,126.41377799230959,90.913995896445,103.08235587296035,True,False,升级,0.07758620689655173,0.75,0.1724137931034483,113.29340429977213,102.61128629609708,97.8391573403774
923,88.99130321066839,113.44969020324214,88.45940105157365,101.21343523782859,False,False,维持,0.14655172413793102,0.6982758620689655,0.15517241379310345,108.62175604147316,108.6191962146982,91.90954002074547
924,93.3337324868365,115.70566518130902,88.40722168465663,99.73736573336329,False,False,维持,0.13793103448275862,0.8189655172413793,0.04310344827586207,105.56138429704482,97.10122743124117,96.31861489550225
925,88.34756209604562,120.34643056498261,87.73031942535243,101.90448857465016,True,False,维持,0.13793103448275862,0.7241379310344828,0.13793103448275862,106.2944237430368,115.29945968266111,95.40744278944729
926,90.00476162253565,112.02116083885215,88.75397641282711,101.39497358388115,False,False,维持,0.11206896551724138,0.8103448275862069,0.07758620689655173,103.19117217327359,96.43033598497121,102.87182749160553
927,89.78122001511151,113.89547933233102,86.53461266377623,100.0392091017716,False,False,维持,0.0603448275862069,0.853448275862069,0.08620689655172414,104.26936324803242,99.07544533251288,87.54903884673328
928,90.1953968508793,123.48016292331553,90.1953968508793,102.97506305185179,True,False,维持,0.11206896551724138,0.75,0.13793103448275862,109.80450889131305,98.00361096433714,95.02003506142314
929,90.84011929638926,129.18242488560298,89.73094908556804,102.51477110164191,True,False,维持,0.12931034482758622,0.6810344827586207,0.1896551724137931,108.64165889493765,98.05156767518143,94.98706038368009
930,86.63064728227539,121.32998362659932,85.89698094054305,102.20155083481363,True,False,维持,0.1724137931034483,0.75,0.07758620689655173,109.70866609896775,101.44881999743711,95.54702299084656
931,88.47320721634418,118.46825608613143,85.9989052280011,100.48470001958418,False,False,缓和,0.2413793103448276,0.6379310344827587,0.1206896551724138,107.08777165781432,105.21281036759422,87.4085287119343
932,88.44663043148691,115.59852353540491,84.47452690844973,99.1496350268617,False,False,维持,0.25,0.6637931034482759,0.08620689655172414,107.02030394850485,115.07501920393247,97.9980690521211
933,89.84371856192163,120.42535535694256,89.84371856192163,101.01986315192059,True,False,缓和,0.07758620689655173,0.8879310344827587,0.034482758620689655,105.21452594395173,100.47301750674387,95.76437070983177
934,92.63056810553506,111.98429922702046,89.1887324068579,99.82461754533234,False,False,维持,0.07758620689655173,0.9137931034482759,0.008620689655172414,104.20169734683968,97.67621789075606,97.51386641167687
935,86.26400050557938,122.53110545305034,86.26400050557938,101.28689847185038,True,False,缓和,0.14655172413793102,0.7068965517241379,0.14655172413793102,101.14086171172568,99.27864557003478,96.28110852011524
936,90.24748525611741,123.57297028799552,88.90807064735144,99.70342545678557,True,False,维持,0.14655172413793102,0.7758620689655172,0.07758620689655173,107.67320416441426,94.09159502129324,94.83957933049582
937,94.5201845659521,112.7411889949267,89.47432603335005,100.30483141854914,False,False,维持,0.13793103448275862,0.8275862068965517,0.034482758620689655,95.90466618933996,104.64820887721291,99.07983186815913
938,89.39370255709905,124.37627411583743,89.39370255709905,101.72999481531355,True,False,缓和,0.0603448275862069,0.9051724137931034,0.034482758620689655,106.80228741854246,102.58708306637568,97.17397407733417
939,94.16451550816745,131.93904040953132,88.04012538937003,103.48416957608384,True,True,缓和,0.14655172413793102,0.6810344827586207,0.1724137931034483,119.3241354132026,98.25128403225462,94.76256456152468
940,91.01279188267999,116.79648442948219,87.87430493300944,100.39391114918644,False,False,维持,0.15517241379310345,0.7672413793103449,0.07758620689655173,116.79648442948219,100.25486337473637,91.69458175389792
941,94.8291857043889,119.73000312969003,92.31804782696341,105.06367617232128,False,False,维持,0.09482758620689655,0.7068965517241379,0.19827586206896552,119.17773896202664,112.78730157249315,97.57843593441166
942,96.86637565936353,120.6716057266345,92.29341855284385,101.66392779785453,True,False,维持,0.12931034482758622,0.7068965517241379,0.16379310344827586,103.36847466296585,101.5635481748488,95.67695123518116
943,94.44009143262595,124.23904282239977,88.21745505408057,102.53500679913189,True,False,维持,0.04310344827586207,0.8448275862068966,0.11206896551724138,105.53572709335141,100.22347768772865,93.50152555696832
944,88.4693451435239,121.64286749269596,88.4693451435239,101.33060141346195,True,False,维持,0.1810344827586207,0.7155172413793104,0.10344827586206896,106.12896349695757,109.083195300966,92.37443824403003
945,93.76855316261481,127.0325923213995,89.64542642006788,103.75408037722897,True,False,维持,0.07758620689655173,0.7931034482758621,0.12931034482758622,105.19065631709584,118.29501857842348,96.04617861685159
946,90.49122296284538,112.82090064742782,90.49122296284538,100.59395408581089,False,False,维持,0.1206896551724138,0.7327586206896551,0.14655172413793102,107.30537733303474,96.23712519056643,101.3047971678448
947,89.45589858193514,111.83608086706364,88.6310845433255,98.41804823785375,False,False,维持,0.15517241379310345,0.8189655172413793,0.02586206896551724,106.12163307900086,99.04401974037918,93.54790944705202
948,100.5592649202033,111.94878528089632,90.75186972930591,100.44960852583216,False,False,升级,0.14655172413793102,0.7844827586206896,0.06896551724137931,105.58895567366625,97.24764654532929,94.34748721680454
949,87.42081226666284,124.70346122586227,87.42081226666284,103.51622834401832,True,False,维持,0.15517241379310345,0.6379310344827587,0.20689655172413793,99.99260313337473,98.56807184102027,111.77571996879396
950,90.06195437341495,127.3334520303038,87.90787511496319,100.68118517701609,True,False,维持,0.14655172413793102,0.7586206896551724,0.09482758620689655,105.32949384545132,99.30316427514501,92.81191376593601
951,102.13505342768255,127.51126662315167,91.38961135649468,104.44385987571532,True,False,维持,0.15517241379310345,0.5948275862068966,0.25,105.18622916210379,106.5491295763174,99.31621377500407
952,93.36537424671867,120.02915944979725,89.53271242389359,101.06061608539218,True,False,维持,0.14655172413793102,0.7327586206896551,0.1206896551724138,113.45556258627602,97.7648901977047,95.93683796830616
953,89.07141378929222,116.98562030630654,87.89222173187942,100.83382449752938,False,False,维持,0.2413793103448276,0.6551724137931034,0.10344827586206896,103.22410663936452,98.29123829905464,95.94129089685968
954,94.98015626035503,124.46727141517216,87.58577671986204,103.40139538154375,True,False,升级,0.0603448275862069,0.7327586206896551,0.20689655172413793,106.24095057465806,104.31632967468686,97.27710145357203
955,88.50389347053492,117.19915450934481,87.43788306974209,102.01197089896287,False,False,缓和,0.1810344827586207,0.7241379310344828,0.09482758620689655,103.45598942186678,104.93330705617596,93.8512957903689
956,89.56912930282506,121.15546377269177,88.08893906548377,103.7050276526895,True,False,维持,0.04310344827586207,0.8275862068965517,0.12931034482758622,112.87026697631114,104.80571449296038,100.95581449254303
957,91.36032984720511,118.50814473088647,90.11143431255056,101.15852173888076,False,False,维持,0.10344827586206896,0.8017241379310345,0.09482758620689655,106.49570616197266,96.06129302149726,90.19867834105739
958,90.85571248345337,122.05105392634084,89.02407634182562,100.3881577433545,True,False,维持,0.13793103448275862,0.7327586206896551,0.12931034482758622,122.05105392634084,99.27793439270924,89.83588806474899
959,90.64426380827274,112.1300871856694,90.64426380827274,100.6076184449403,False,False,缓和,0.13793103448275862,0.7931034482758621,0.06896551724137931,105.56764005721018,104.03302773401761,96.6454740705363
960,92.86634587111996,112.11004069728752,88.51239542617655,99.01895404683003,False,False,维持,0.09482758620689655,0.853448275862069,0.05172413793103448,104.34302262010347,110.8029452561793,93.60044044379713
961,90.11452166414378,118.62933995323503,88.30038160433682,101.09921592756714,False,False,缓和,0.09482758620689655,0.8103448275862069,0.09482758620689655,104.17412386803743,102.92766951988278,97.18040086005497
962,91.18520258359209,116.92653765671587,88.7231762535774,100.6413546410978,False,False,维持,0.10344827586206896,0.8448275862068966,0.05172413793103448,109.19856307536378,102.602838579927,99.78424292503823
963,86.41245707352788,115.74937793131521,85.71287226641458,98.4502250835337,False,False,维持,0.21551724137931033,0.7758620689655172,0.008620689655172414,95.68408811539445,99.56135695745208,92.71777624133392
964,90.53414671225532,123.100790740471,87.94001156291421,101.90938375685037,True,False,维持,0.04310344827586207,0.8017241379310345,0.15517241379310345,119.65401581012974,112.17373850534369,93.31961658383051
965,97.06268121161571,119.6945271384894,85.01923658050686,99.98528543167988,False,False,升级,0.19827586206896552,0.6982758620689655,0.10344827586206896,101.05348806021179,97.98590957031388,95.18458117770506
966,90.15556723002994,121.29181264899529,88.77414834114808,102.5776816954373,True,False,维持,0.1206896551724138,0.7413793103448276,0.13793103448275862,105.28774613563031,102.01925315999425,106.83134369871563
967,87.75492029124324,113.37943525474407,87.75492029124324,100.06449159347568,False,False,缓和,0.1810344827586207,0.7672413793103449,0.05172413793103448,107.01286787047022,95.64253955779648,96.27197907534729
968,93.83985518536404,110.95324031455172,85.96479677128274,98.2410921029194,False,False,维持,0.27586206896551724,0.7068965517241379,0.017241379310344827,102.9803113369768,104.4640631967151,90.10458618182798
969,92.94229068945087,118.29979085621238,88.23274025800939,101.80168134908753,False,False,维持,0.07758620689655173,0.7327586206896551,0.1896551724137931,115.17834608539519,98.420118283369,92.38297997645441
970,90.30579135935747,114.7260740931609,87.64989351386758,100.33900288509615,False,False,维持,0.10344827586206896,0.8620689655172413,0.034482758620689655,109.90300706811624,101.66155953783108,96.80669116655248
971,95.36414724424141,114.32352344907555,88.68762730825726,99.50995971464384,False,False,维持,0.12931034482758622,0.853448275862069,0.017241379310344827,105.04782739592416,100.24187221260784,93.09276781358047
972,90.74152145468385,111.18915408816392,89.99285054110192,97.68848284070413,False,False,维持,0.1896551724137931,0.7758620689655172,0.034482758620689655,99.89425828167957,97.65345326606896,92.45803838264771
973,93.48731892317996,110.82005415277041,89.03409816694443,99.6682218886334,False,False,维持,0.15517241379310345,0.8275862068965517,0.017241379310344827,100.13049138858449,101.19311752550959,93.46664463795015
974,90.16237107951157,111.48070126375995,88.07752349140368,99.14281109194602,False,False,维持,0.13793103448275862,0.8448275862068966,0.017241379310344827,102.25559106469139,103.38781827049135,96.73134177485728
975,90.51355797902016,125.82990782629798,88.27215662725541,105.80021140001503,True,False,维持,0.0603448275862069,0.6293103448275862,0.3103448275862069,114.92994012151517,114.16593460447179,94.64783056033902
976,87.18628847947522,124.86550560843753,87.18628847947522,102.00561958431099,True,False,维持,0.12931034482758622,0.7413793103448276,0.12931034482758622,105.2218611397138,108.30068348203217,96.44632575560064
977,88.06071559683075,125.23192883927963,87.46419684875434,101.11007680625366,True,False,维持,0.09482758620689655,0.7758620689655172,0.12931034482758622,102.99746952216269,101.20501591526477,92.67465244909096
978,87.08628040763055,125.96143026125905,87.08628040763055,103.33102346501948,True,False,缓和,0.14655172413793102,0.7155172413793104,0.13793103448275862,120.08701923961425,101.98617091048318,94.77827320986809
979,89.44254024148971,113.39720765301549,87.62631280974178,97.98230592508001,False,False,维持,0.29310344827586204,0.6724137931034483,0.034482758620689655,107.6022958453742,96.6636203618172,90.13794534123133
980,90.98173625306454,122.07240936214582,90.13219394100945,102.20899212687178,True,False,维持,0.08620689655172414,0.8017241379310345,0.11206896551724138,106.09016006933066,108.41530544119829,96.82794877890635
981,87.84989507399943,115.40251582753272,86.87063074266688,100.91834213667178,False,False,缓和,0.1206896551724138,0.8189655172413793,0.0603448275862069,103.26515901400705,106.05490123169302,96.62217574409014
982,96.35900088905831,114.14119843756912,90.47204061625919,100.9178826273178,False,False,升级,0.1206896551724138,0.8362068965517241,0.04310344827586207,104.75109882666766,97.50314259114134,102.17865089513039
983,88.97019528987754,128.37921802675385,86.91119717230899,104.53145815544231,True,False,维持,0.11206896551724138,0.6206896551724138,0.2672413793103448,123.93409477869187,105.84175712580013,93.73126916104479
984,88.89284588832048,122.75810902551106,88.89284588832048,101.00171844758702,True,False,维持,0.08620689655172414,0.8017241379310345,0.11206896551724138,113.66701281991034,100.55211494001311,95.67425559617651
985,91.36871833529626,113.81069384962366,90.23021230874758,102.60960790420623,False,False,维持,0.1206896551724138,0.7758620689655172,0.10344827586206896,105.23859837418435,112.24913024608941,99.50799506370515
986,90.2789749272517,113.77181913874765,90.2789749272517,102.2318017441708,False,False,缓和,0.07758620689655173,0.8362068965517241,0.08620689655172414,107.24158613645693,112.12357151735671,94.6138112976738
987,92.69718024253395,125.47540368453237,88.01063256526865,101.8474815103208,True,False,维持,0.07758620689655173,0.8620689655172413,0.0603448275862069,109.3406953918007,101.84872930445384,93.72603409175713
988,91.62102008236799,128.6333516728627,91.27255772963555,101.91856675746439,True,False,维持,0.1206896551724138,0.7068965517241379,0.1724137931034483,123.12569813757347,94.9253275674475,98.93419698913571
989,91.42161322855266,114.86947588183183,88.70570171818156,100.99200871372634,False,False,缓和,0.1206896551724138,0.8103448275862069,0.06896551724137931,109.3949058599763,100.92738167032076,96.60831720256934
990,96.01902380713327,123.76100699021988,87.86402209868173,100.94753016692684,True,False,升级,0.12931034482758622,0.6896551724137931,0.1810344827586207,109.85256044664553,98.46299074929054,90.85468202335929
991,98.53338440913457,123.028910736853,89.82812559420904,102.46081202233088,True,False,升级,0.08620689655172414,0.7586206896551724,0.15517241379310345,114.22490619876639,101.96261477964522,94.37326424524471
992,89.25919300055746,126.26518822330956,87.46599206449625,101.18047331634901,True,False,维持,0.12931034482758622,0.8017241379310345,0.06896551724137931,112.31344493983788,99.76578082541944,95.99583057090048
993,91.68953587889573,110.80709957046199,86.22326779746575,99.77153112486414,False,False,维持,0.15517241379310345,0.7758620689655172,0.06896551724137931,104.3655258341269,97.19810607804892,99.29026431315904
994,86.16522205311963,115.10188395205552,85.3212273694196,99.03283044733968,False,False,缓和,0.20689655172413793,0.7586206896551724,0.034482758620689655,106.56836811014374,115.10188395205552,94.78871352463617
995,94.13375518291679,124.9022310291776,88.20120719621046,101.58738772405549,True,False,维持,0.13793103448275862,0.7758620689655172,0.08620689655172414,120.48605043430344,98.55222719358923,95.2646169069556
996,92.32211337563113,115.39281254910048,88.67452658589113,100.70588562768157,False,False,维持,0.15517241379310345,0.7413793103448276,0.10344827586206896,112.4081765776871,107.288940745756,97.70340024574634
997,90.81264227629569,115.29097689374728,90.8067909082129,101.51808116662872,False,False,缓和,0.14655172413793102,0.7327586206896551,0.1206896551724138,105.97808570937732,99.52860758535208,93.89165594801374
998,88.72447957376951,110.7526276309684,88.49482371094635,100.5200552213523,False,False,维持,0.06896551724137931,0.8275862068965517,0.10344827586206896,105.57820791794389,102.54639588628518,94.60256809730421
999,93.49215443320162,120.4211989152864,91.8064247369967,100.95094041257467,True,False,维持,0.15517241379310345,0.7758620689655172,0.06896551724137931,112.8370738463875,104.97966605806037,95.57723219606707
1000,91.15418628313465,127.41825871710891,89.56176494828703,103.59968179322638,True,False,维持,0.1206896551724138,0.7155172413793104,0.16379310344827586,104.4057486448455,104.87340472875377,91.12845110910192
1001,92.45493159547152,113.23158383146172,89.15960705463571,100.47705191743916,False,False,维持,0.1896551724137931,0.7586206896551724,0.05172413793103448,107.44496396858038,99.8844247097301,97.94356683141554
1002,89.82726360510321,125.07897313380322,88.18825179866096,101.59410678580822,True,False,维持,0.13793103448275862,0.7758620689655172,0.08620689655172414,104.59763680760099,106.6292269065571,94.30100264022494
1003,91.30466928028005,117.3100488082823,89.58402891033958,100.18067330747016,False,False,维持,0.1724137931034483,0.75,0.07758620689655173,108.91256433527275,99.45049029544238,95.31150667996847
1004,96.22727550912451,113.59911839342729,91.3789780921946,99.08322852156277,False,False,维持,0.2413793103448276,0.7068965517241379,0.05172413793103448,99.5447514987826,98.60060138508939,91.3789780921946
1005,93.34279370458889,114.73355747284829,87.21981976342612,101.6635365927523,False,False,维持,0.11206896551724138,0.75,0.13793103448275862,112.69186101337573,112.0242884618703,94.89180082255346
1006,90.49232049949727,112.84516663669902,89.32096074453524,99.82206676457787,False,False,维持,0.09482758620689655,0.8448275862068966,0.0603448275862069,105.30973471693447,100.61817083631281,99.54308841956362
1007,88.48147871354404,122.76459779340696,88.15572739548729,104.90849382973641,True,False,维持,0.09482758620689655,0.6551724137931034,0.25,105.0025546736225,99.34599837897198,102.88578325496304
1008,95.522875209142,111.80919896340137,92.59516869624379,100.05036667443376,False,False,维持,0.1206896551724138,0.8448275862068966,0.034482758620689655,108.27617072410888,100.37213110224936,96.48059081935298
1009,100.98080687312566,123.6981810038212,89.95935618910727,102.427963430408,True,False,升级,0.11206896551724138,0.7586206896551724,0.12931034482758622,110.13189813963768,104.27203854793139,92.05135420656447
1010,89.99274372310313,113.08928697371474,89.24129546202832,99.99593652662695,False,False,维持,0.1810344827586207,0.8103448275862069,0.008620689655172414,107.70346939862355,96.04063488322815,96.40067782461072
1011,89.99298050054206,110.03734815929454,89.99298050054206,98.27266318386353,False,False,维持,0.11206896551724138,0.853448275862069,0.034482758620689655,102.51511336834005,95.86226083192714,96.9259529836381
1012,88.67614129796165,121.4205396044868,88.41949160285667,101.46698501944056,True,False,维持,0.05172413793103448,0.8448275862068966,0.10344827586206896,111.24520421822751,103.22666824043282,96.04204679164542
1013,92.49856836897398,116.37875422222199,87.53266700262371,101.68811187035384,False,False,维持,0.09482758620689655,0.7758620689655172,0.12931034482758622,109.588344322129,103.9058348616668,98.96813095408977
1014,89.79053039537176,116.7457122640029,87.29150702605938,102.36589695576346,False,False,维持,0.10344827586206896,0.7586206896551724,0.13793103448275862,115.43415993007939,102.99192938776997,97.53246627175679
1015,94.75731310953883,132.78211698079937,91.01507614818371,106.31818389394321,True,True,缓和,0.08620689655172414,0.6293103448275862,0.28448275862068967,119.73552325446494,106.81021292541463,94.0196529825026
1016,90.43647478761343,116.35915466881562,87.19819660904017,99.67377402643696,False,False,缓和,0.15517241379310345,0.8017241379310345,0.04310344827586207,105.59684134775146,105.12820553844908,90.1570753322688
1017,95.05362870345655,127.22336295758682,91.31041355913551,101.41999432770578,True,False,缓和,0.12931034482758622,0.8275862068965517,0.04310344827586207,105.82732880896317,94.56703406381432,97.26665274368858
1018,91.2089502379779,116.53893498482725,87.49900398064328,99.85399898198408,False,False,维持,0.19827586206896552,0.7758620689655172,0.02586206896551724,105.17811298241404,100.92776511594575,92.88678299841033
1019,97.80928568303517,120.32338023371229,91.41835692512795,103.49305433077895,True,False,维持,0.07758620689655173,0.7931034482758621,0.12931034482758622,104.09165263112284,102.87143137396549,93.94848505743336
1020,87.4721269561163,123.06053523541566,86.50785582115508,100.56667796008543,True,False,维持,0.034482758620689655,0.896551724137931,0.06896551724137931,108.97707738131307,98.2243381145992,93.0800619952101
1021,91.0468665122067,129.1326263556195,89.37825609884806,103.30688423443817,True,False,缓和,0.14655172413793102,0.646551724137931,0.20689655172413793,105.99886586604741,97.82626849510467,95.99394468161441
1022,88.54366763409287,116.60122366823892,88.53958298570583,101.87710717628582,False,False,维持,0.11206896551724138,0.75,0.13793103448275862,106.58612890713725,108.1572423200399,96.89743930275428
1023,91.59756038309571,127.51474362943368,86.07118603073023,99.31803842247282,True,False,维持,0.21551724137931033,0.7155172413793104,0.06896551724137931,102.26931688778343,93.43329920451565,93.0783089783587
1024,91.54249865083132,123.5275478713049,87.6305199609472,100.82127254831475,True,False,维持,0.15517241379310345,0.7586206896551724,0.08620689655172414,106.77599767844737,96.03452568192931,93.40047197472606
1025,93.45251872004346,137.90835546714766,93.11886100428212,108.78690365331904,True,True,缓和,0.13793103448275862,0.4827586206896552,0.3793103448275862,127.93116974987075,101.75498234250081,106.37370731408399
1026,91.59908981081492,110.30126747398515,88.43928164694869,98.75413084489391,False,False,维持,0.13793103448275862,0.8275862068965517,0.034482758620689655,105.22504723969611,97.99160338031625,94.56078124568421
1027,89.71677983935223,124.35704917293413,89.1154928321905,99.01046248096894,True,False,维持,0.1206896551724138,0.8103448275862069,0.06896551724137931,120.5509619374388,95.68327224123155,91.8543581350392
1028,92.80721284657972,135.0097201490853,90.0783783147334,102.13704861876352,True,True,维持,0.14655172413793102,0.6982758620689655,0.15517241379310345,104.51649662158171,99.70676270636733,94.00885849922398
1029,85.59555781382012,129.78826983353733,85.59555781382012,101.53952985070603,True,False,缓和,0.11206896551724138,0.7758620689655172,0.11206896551724138,110.48171691826083,96.2581512739113,92.78706747723028
1030,101.74273273302227,119.01544642951934,91.30001979973112,102.55658736329946,False,False,缓和,0.11206896551724138,0.6982758620689655,0.1896551724137931,106.25371057761922,98.21449777797648,93.16321439735847
1031,90.0434208291332,112.86688194215782,90.0434208291332,103.00694721556953,False,False,维持,0.10344827586206896,0.6810344827586207,0.21551724137931033,101.88512635563396,106.32858853860574,94.40757423865941
1032,92.01691247885778,124.61725957286104,88.41938260978122,100.44797237486418,True,False,维持,0.1206896551724138,0.8275862068965517,0.05172413793103448,108.09998362592361,99.12095495771528,91.47782786140726
1033,98.7882836651269,115.58006660043412,90.02909559359426,101.34380205617273,False,False,维持,0.11206896551724138,0.7758620689655172,0.11206896551724138,114.64465700223828,98.38347246615636,98.46503826231775
1034,92.71612953337868,122.94291026468073,90.03314486364836,103.298372324138,True,False,维持,0.11206896551724138,0.7155172413793104,0.1724137931034483,103.85745068503144,97.53624006103334,102.62347062664315
1035,92.01474660549775,129.2746848672913,90.80213846777244,107.4967109872167,True,False,维持,0.017241379310344827,0.5948275862068966,0.3879310344827586,119.58311583964264,111.28550697533905,91.96225530542019
1036,91.06163578536899,126.38370734159206,87.59989210132852,99.8271229450248,True,False,维持,0.16379310344827586,0.7413793103448276,0.09482758620689655,101.05890545252616,96.05770567006043,94.8798602880219
1037,88.07551421885302,129.25245622239103,87.43471041820602,100.7001797976808,True,False,维持,0.19827586206896552,0.7241379310344828,0.07758620689655173,103.51232482961562,95.73095280703265,95.52484347700057
1038,93.8989915477435,131.7567370174752,88.56012097760062,103.61942363899107,True,True,维持,0.07758620689655173,0.7241379310344828,0.19827586206896552,126.97959880680115,97.88265513895142,90.37209030466526
1039,87.63974096469516,111.05669760677148,87.63974096469516,99.58531972630144,False,False,维持,0.14655172413793102,0.8448275862068966,0.008620689655172414,107.61291736868233,100.22693101468633,94.55158377063697
1040,92.87038456009475,119.5222385838983,86.69924533126732,99.62289984903879,False,False,缓和,0.1896551724137931,0.6896551724137931,0.1206896551724138,105.00238353498366,90.33032385158631,89.92718840101313
1041,103.9711908575798,129.89094137360865,90.36075460053617,104.1602622709347,True,False,升级,0.04310344827586207,0.7586206896551724,0.19827586206896552,114.60917745732385,95.9733831483617,94.3340783917198
1042,93.69090055583618,115.53836973887948,91.93622007169888,101.68656586447347,False,False,维持,0.06896551724137931,0.8448275862068966,0.08620689655172414,102.73873602233832,109.88253300570469,101.68767599968001
1043,90.20422527338805,117.8447822041057,90.20422527338805,102.66545204509113,False,False,维持,0.08620689655172414,0.7586206896551724,0.15517241379310345,100.5690703435704,100.35759272210986,94.55067906836085
1044,88.01022732494887,123.10356259303157,87.29700629855982,104.87580587214676,True,False,维持,0.05172413793103448,0.7068965517241379,0.2413793103448276,101.27468308210746,104.12543089381535,95.54665476543062
1045,93.74115263209326,110.94347651053347,88.58636219015526,99.4612651799322,False,False,维持,0.1896551724137931,0.7586206896551724,0.05172413793103448,101.39827651708022,101.85655149396071,95.51932705062555
1046,89.41737242805614,122.14949454695463,88.51200920686935,102.28532970633704,True,False,维持,0.14655172413793102,0.7327586206896551,0.1206896551724138,104.80626148277571,102.696163755557,94.53843890847152
1047,91.19779292491242,126.10158987834448,90.25125474566916,102.91869183870179,True,False,缓和,0.16379310344827586,0.6810344827586207,0.15517241379310345,116.0741625530608,99.95966323132163,92.61309971092409
1048,89.31564371471096,122.12143704129514,87.3568462414387,102.50124707744524,True,False,维持,0.16379310344827586,0.6637931034482759,0.1724137931034483,108.04216723602148,121.59637249135088,104.8717060167507
1049,89.71079136582486,126.41775062777731,88.29607153782231,103.27483389365881,True,False,维持,0.08620689655172414,0.75,0.16379310344827586,109.2874881889354,101.99675240258125,92.54843600661242
1050,90.90576953556098,111.37671821559054,87.88926160570843,99.84586829492648,False,False,维持,0.15517241379310345,0.8103448275862069,0.034482758620689655,106.55421991445199,96.71536849987605,93.36779974340692
1051,92.66804313103745,130.14276699755618,87.5269784717776,101.68452380601205,True,True,维持,0.15517241379310345,0.6982758620689655,0.14655172413793102,111.51654154093303,100.97985255825621,93.75056685783022
1052,91.10988218876625,120.77104292314877,88.77079566597656,100.5898657771042,True,False,维持,0.10344827586206896,0.8275862068965517,0.06896551724137931,105.66540820152001,112.44608288131805,94.29965672228941
1053,89.8161708184749,120.91195120577706,89.5109810915048,101.11622949940525,True,False,缓和,0.20689655172413793,0.7327586206896551,0.0603448275862069,104.60484927429255,97.69916874835711,91.87341072643487
1054,99.60760451708316,125.04173635217164,89.11971984185605,106.0505394749919,True,False,升级,0.017241379310344827,0.7155172413793104,0.2672413793103448,121.38513396569458,107.6329105748004,96.84056588698853
1055,88.54057989867805,122.29098029117651,88.54057989867805,101.30812283962341,True,False,维持,0.07758620689655173,0.8706896551724138,0.05172413793103448,110.05626108392387,101.8370711318308,94.14188448570486
1056,89.82010335379218,114.73419436255159,89.22845231720893,100.4262738467868,False,False,维持,0.15517241379310345,0.8103448275862069,0.034482758620689655,109.63625278180048,101.9541286048629,93.95534538739014
1057,89.53927207853836,117.74210365665587,87.0537667222381,98.86317339022634,False,False,维持,0.28448275862068967,0.6551724137931034,0.0603448275862069,110.2295063809054,102.19655746072101,97.05382565215895
1058,89.0063835640019,119.70655045635759,88.94513099770882,101.58255383545959,False,False,缓和,0.1810344827586207,0.6810344827586207,0.13793103448275862,106.0268606717261,97.11005424652947,98.01078336805567
1059,93.51004488030252,117.54610242628637,90.90484778087841,102.60092287646661,False,False,维持,0.08620689655172414,0.7672413793103449,0.14655172413793102,108.52165784528138,109.90475670924873,95.90137097112114
1060,104.87118627696758,114.27444774580175,91.52891315829376,100.69665513468232,False,False,升级,0.10344827586206896,0.8189655172413793,0.07758620689655173,102.9569296212071,100.45351916073764,94.06959848175576
1061,91.72333482796472,116.5049351623794,89.57048641228118,98.70550244962847,False,False,缓和,0.20689655172413793,0.7586206896551724,0.034482758620689655,104.3394629173986,98.2798296437722,93.00393253497887
1062,90.13774499081475,117.63079329330633,88.53129351426409,102.0493364820409,False,False,维持,0.11206896551724138,0.7931034482758621,0.09482758620689655,104.31333156730871,109.39056357675352,97.61988891542866
1063,96.48032281011618,124.89209130023593,89.30375591413431,100.84801627022925,True,False,升级,0.09482758620689655,0.7931034482758621,0.11206896551724138,106.41790180907248,96.68787024410192,91.29893621332573
1064,96.96041279733375,114.73817349436521,90.57297835423518,101.33932754541806,False,False,维持,0.09482758620689655,0.7844827586206896,0.1206896551724138,113.00697448402227,96.6246937448178,94.86859666820774
1065,90.73604652079331,123.54599672104196,89.20451957457672,103.498138600023,True,False,维持,0.10344827586206896,0.6982758620689655,0.19827586206896552,109.26645497040019,104.24572137877287,103.07692383077905
1066,93.63443311491693,123.57459101930736,88.2153985168988,101.09537590651551,True,False,维持,0.10344827586206896,0.7327586206896551,0.16379310344827586,114.33592382824138,92.45818018036682,97.39066896454067
1067,88.83335156452283,118.42371899750484,87.21299606819055,99.40773740368574,False,False,缓和,0.28448275862068967,0.6379310344827587,0.07758620689655173,114.36519301730482,101.29115260424321,94.70894801083682
1068,92.30402556581427,122.74680764230054,89.69604186690634,100.9067369944299,True,False,维持,0.09482758620689655,0.8189655172413793,0.08620689655172414,103.5427799265126,99.36279131922792,91.43267141343699
1069,91.41676859043082,130.93376712264237,91.41676859043082,102.28338292190472,True,True,维持,0.08620689655172414,0.7844827586206896,0.12931034482758622,103.31727190900754,101.26145588075455,96.06567924046782
1070,92.5944118077229,131.58170819667038,87.97843527945369,103.34982225166715,True,True,维持,0.09482758620689655,0.7413793103448276,0.16379310344827586,104.11100459926908,105.0617814808111,96.51321987899661
1071,88.40501733720707,118.748026962462,88.40501733720707,102.09726690668437,False,False,缓和,0.06896551724137931,0.8275862068965517,0.10344827586206896,117.09744783169837,101.48694982262845,99.48836347669813
1072,95.00003456763235,122.15530434361152,88.97869397897523,102.81275223169818,True,False,维持,0.09482758620689655,0.7844827586206896,0.1206896551724138,102.41725114739683,121.20157729361168,95.57163338031937
1073,89.6320129067786,119.6387822160645,87.33299891795343,101.622321330462,False,False,缓和,0.12931034482758622,0.7586206896551724,0.11206896551724138,108.68153983608458,102.3411978117058,93.13340523965468
1074,90.86773621528405,116.9923980246981,88.8187870859284,100.16479888975397,False,False,维持,0.1206896551724138,0.8103448275862069,0.06896551724137931,116.5368326541982,99.65178998420085,95.5205229123165
1075,90.99383337167107,123.31682061985798,90.99383337167107,104.1417095405932,True,False,维持,0.08620689655172414,0.646551724137931,0.2672413793103448,121.71359678704277,105.88053089629194,91.48457180482933
1076,92.4714602009051,116.4486599965812,89.25256593079615,102.58337383194743,False,False,维持,0.04310344827586207,0.8706896551724138,0.08620689655172414,110.24746997880271,99.15615501288642,96.36985413756351
1077,89.32335727797445,123.30077266146782,87.9006346370798,102.4621461237965,True,False,维持,0.09482758620689655,0.7413793103448276,0.16379310344827586,104.17449582248784,104.17301998379304,95.38681224545395
1078,90.88228003800148,117.33516346956768,90.88228003800148,102.75718879458097,False,False,维持,0.14655172413793102,0.6724137931034483,0.1810344827586207,110.9332847387149,105.88837957019965,99.09808393196276
1079,88.64458614047611,121.73386974684243,88.35457675448866,101.62824266024853,True,False,维持,0.13793103448275862,0.6982758620689655,0.16379310344827586,108.76994416087953,97.87875185892817,94.43382533756983
1080,91.73568728468113,112.8367942120629,88.1205657440365,99.65000110676158,False,False,维持,0.19827586206896552,0.7672413793103449,0.034482758620689655,107.58041742405375,98.0478969400814,96.49030272980471
1081,92.86078349717052,118.77619322313349,89.22000297282023,100.6895280307291,False,False,维持,0.06896551724137931,0.853448275862069,0.07758620689655173,118.15496570917774,100.00751164104089,98.98813326467011
1082,89.41050568231788,117.41985662722082,88.02615840532252,100.8240760181898,False,False,维持,0.16379310344827586,0.7068965517241379,0.12931034482758622,115.12020665223858,97.79321678668511,90.65035638149281
1083,85.69676756600997,110.93643507422499,83.58251248719279,98.98916088892562,False,False,维持,0.08620689655172414,0.9051724137931034,0.008620689655172414,105.72483850417545,98.93595556353401,93.71508118136586
1084,87.35359024400313,114.68848673435664,87.35359024400313,99.8668437137152,False,False,缓和,0.10344827586206896,0.8793103448275862,0.017241379310344827,106.84787040408116,97.75317700676058,101.48411368579181
1085,91.11466132817769,117.23806020097473,89.16306268903342,100.3491981118886,False,False,维持,0.12931034482758622,0.7672413793103449,0.10344827586206896,105.42147473059755,97.87536848736474,93.17384692090809
1086,90.43544840490914,112.11606937018368,90.43544840490914,101.64273470584905,False,False,维持,0.08620689655172414,0.853448275862069,0.0603448275862069,109.60910562315632,100.1579412278893,104.8182807761814
1087,88.22374580414964,125.80077970864818,88.22374580414964,102.10273264679988,True,False,维持,0.08620689655172414,0.7844827586206896,0.12931034482758622,115.03237797201861,96.09404778468758,107.62920666299189
1088,92.86666578712521,116.4350194239965,91.0802099568197,100.03964883842458,False,False,维持,0.14655172413793102,0.8275862068965517,0.02586206896551724,116.4350194239965,98.57109177287441,94.08329830036284
1089,91.0196043017245,125.53164929328639,86.51406159755726,102.89654803015293,True,False,维持,0.12931034482758622,0.6896551724137931,0.1810344827586207,100.33731151596812,116.63619836501194,93.9177239316331
1090,89.69491963309414,129.54313753981998,89.2506795993325,103.67572190476216,True,False,维持,0.11206896551724138,0.7413793103448276,0.14655172413793102,118.33607995862526,113.85201140341641,95.88878345276649
1091,91.74312361217555,119.18877299147061,90.5231632742359,100.5303470954561,False,False,维持,0.14655172413793102,0.8103448275862069,0.04310344827586207,119.01743563719562,102.53141983657598,91.7786875254596
1092,90.65625664078887,124.96940144880892,90.25269155967932,102.70935430393183,True,False,缓和,0.1206896551724138,0.7413793103448276,0.13793103448275862,114.47441203904484,101.41957680997892,94.53328983076736
1093,101.03621683061697,113.02324724844395,92.8285317910977,103.00097675183558,False,False,维持,0.16379310344827586,0.6896551724137931,0.14655172413793102,107.94592856494582,105.26597177456486,106.14476928313461
1094,89.69386533865533,115.76906088615155,88.07025407421844,101.4957590685697,False,False,维持,0.08620689655172414,0.7758620689655172,0.13793103448275862,103.31101870853333,109.79001981935536,96.66210253871695
1095,88.67845068789761,109.84911784216608,88.67845068789761,99.49245197059696,False,False,缓和,0.12931034482758622,0.8448275862068966,0.02586206896551724,103.47589091096776,100.90903462132138,93.90933117674875
1096,100.28250877397745,110.1105768644493,86.74325308222316,99.84052497286532,False,False,维持,0.11206896551724138,0.8017241379310345,0.08620689655172414,101.80352654317194,100.77025156833314,93.66625998445531
1097,91.56889374732211,116.21020605510128,86.42078915384873,100.23876269944311,False,False,维持,0.12931034482758622,0.7844827586206896,0.08620689655172414,102.0014668300101,108.52027264077655,95.39794199140333
1098,90.44612796513942,121.51053920630214,86.55889357472738,99.85750068840561,True,False,维持,0.2413793103448276,0.6982758620689655,0.0603448275862069,107.18512215464173,101.33008275868227,89.6284945813529
1099,88.11269816530204,111.46292738735106,87.80358838949634,99.96367508663839,False,False,维持,0.14655172413793102,0.8275862068965517,0.02586206896551724,107.43444990373777,99.1819770814434,95.61320621784726
1100,92.77128097143583,125.34596390723908,91.462792256835,104.85244982942773,True,False,维持,0.1206896551724138,0.5689655172413793,0.3103448275862069,102.30137879192435,102.52105719910809,108.01815124396606
1101,91.23264774423527,127.99221926843143,91.23264774423527,101.627875646948,True,False,维持,0.1206896551724138,0.7758620689655172,0.10344827586206896,106.20570017494083,95.964580531709,94.49210379048411
1102,91.63377815941463,124.36092210479998,87.97127223105471,101.98658528686609,True,False,维持,0.1206896551724138,0.6896551724137931,0.1896551724137931,115.8840531278409,91.86973394018376,96.72462617722505
1103,90.36686280678865,121.58495422819671,89.80217600931866,102.16400266181968,True,False,维持,0.15517241379310345,0.7155172413793104,0.12931034482758622,101.13733393626663,103.56805537638992,97.96783741067662
1104,97.70335153257719,132.55376722523218,90.25259450678764,104.6296827397176,True,True,缓和,0.06896551724137931,0.7068965517241379,0.22413793103448276,110.60964925391262,101.9262940712481,90.25259450678764
1105,89.51363389156995,120.53403469014465,87.34223574265307,103.15057043532997,True,False,维持,0.12931034482758622,0.6120689655172413,0.25862068965517243,106.33334487648708,104.81057895418026,95.49990168357557
1106,87.6656068945397,128.47969594017607,87.6656068945397,104.34480834194675,True,False,维持,0.0603448275862069,0.7155172413793104,0.22413793103448276,125.77667285399744,100.40605530898276,91.82801608880132
1107,89.9270804930503,116.89689363381403,88.17892563075141,100.8701333567021,False,False,维持,0.0603448275862069,0.8879310344827587,0.05172413793103448,103.91452393840284,100.06216831795265,95.1161519481575
1108,89.31884644993407,117.96925060875216,88.61106668136402,100.61709651538946,False,False,维持,0.12931034482758622,0.8189655172413793,0.05172413793103448,99.25407225093832,101.14949871281843,98.67395231271965
1109,89.9145039174248,129.68720429320143,89.9145039174248,102.25458684588499,True,False,维持,0.12931034482758622,0.7068965517241379,0.16379310344827586,106.10663000217846,114.1416304191406,95.60266369267664
1110,86.79377981513919,125.6390372798612,86.79377981513919,102.11698398403855,True,False,缓和,0.1724137931034483,0.6896551724137931,0.13793103448275862,123.36421728966455,99.40682382841743,92.43052621610813
1111,90.06293822096968,116.9681762812643,88.37347039905796,102.6354129110472,False,False,维持,0.15517241379310345,0.6982758620689655,0.14655172413793102,105.68146133851317,115.16825957332685,92.52319241671601
1112,88.10313232953486,115.42202256739371,88.10313232953486,100.49108688927046,False,False,缓和,0.15517241379310345,0.7068965517241379,0.13793103448275862,114.44684067180498,99.1836643880495,93.66519731416847
1113,86.48008392053761,113.06107566069724,86.48008392053761,100.24055551327838,False,False,维持,0.1206896551724138,0.8189655172413793,0.0603448275862069,102.82228925031998,99.17572802420386,95.17642670030791
1114,93.39905851370133,122.9426142054337,88.52958600906173,103.34032729545095,True,False,维持,0.16379310344827586,0.6120689655172413,0.22413793103448276,107.04407140080747,115.43724609414495,97.1828411170195
1115,91.42814062985666,113.88391078244837,88.93048061649641,100.19712887255363,False,False,维持,0.16379310344827586,0.7413793103448276,0.09482758620689655,102.67112443931414,98.46211120986777,102.04868478783192
1116,93.69848300913593,124.26776220775815,89.14596592301895,104.89264811448179,True,False,维持,0.07758620689655173,0.603448275862069,0.31896551724137934,112.70152652818246,104.14763616516137,94.57929237770654
1117,88.2375034245029,123.62082035135857,88.11832358749594,100.88594381070604,True,False,缓和,0.1206896551724138,0.8103448275862069,0.06896551724137931,111.11221345785218,94.80730531909919,99.61665533314655
1118,92.72063683381978,109.9740371688882,90.11731367582802,98.54394645841462,False,False,维持,0.1724137931034483,0.8017241379310345,0.02586206896551724,105.55409350754489,93.3651079440559,94.91905159011193
1119,90.34626724347221,127.81099962093988,90.34626724347221,101.41143038860687,True,False,维持,0.12931034482758622,0.7758620689655172,0.09482758620689655,108.54691117524142,101.56194652321038,97.59446079803197
1120,89.3884053016497,126.72485642774886,87.8020072960676,102.17706291650713,True,False,维持,0.14655172413793102,0.7068965517241379,0.14655172413793102,102.73136448527376,101.33354416341348,96.3242531475718
1121,92.90330295012944,128.72919910175708,89.90407047772877,100.83048966978008,True,False,维持,0.11206896551724138,0.8189655172413793,0.06896551724137931,104.01799684801081,97.2722354478886,96.21690522987674
1122,87.82522616239069,113.70882992610501,86.47115552452783,98.34165073831926,False,False,缓和,0.16379310344827586,0.7672413793103449,0.06896551724137931,103.96916698772706,98.92158506114018,92.99889387296169
1123,91.56098138717323,127.94374651413514,91.33945197823589,104.29885829329311,True,False,维持,0.10344827586206896,0.6724137931034483,0.22413793103448276,112.29344852797547,112.0282621351182,93.74968104102216
1124,89.86332268519268,127.54761808007792,89.27083782724628,101.81003581727853,True,False,缓和,0.1206896551724138,0.7586206896551724,0.1206896551724138,107.00754867606186,103.31002206297603,98.10560895871967
1125,87.49158599755887,125.57417059388327,85.18894265233669,101.1152452921436,True,False,维持,0.12931034482758622,0.7758620689655172,0.09482758620689655,105.55038459960912,103.8021448729261,96.87991363323668
1126,86.71045737088545,115.19813220383247,83.60803791525909,99.23267813452797,False,False,维持,0.20689655172413793,0.7241379310344828,0.06896551724137931,99.56467442093266,100.335746683626,92.28703808873439
1127,93.3065140817907,129.10088285706578,90.2567854130684,100.67617868289301,True,False,维持,0.1810344827586207,0.7672413793103449,0.05172413793103448,108.85007606781683,99.4865531205594,95.35648365774418
1128,92.15407891587284,122.81085972664603,88.00715214582884,102.86487841631634,True,False,维持,0.07758620689655173,0.7413793103448276,0.1810344827586207,107.14958090911117,102.72684518320995,96.89864529443037
1129,90.33171288445807,122.12866716784129,90.33171288445807,101.99334469546321,True,False,缓和,0.1206896551724138,0.7586206896551724,0.1206896551724138,112.91834057313261,102.0493372440309,92.63983729079028
1130,93.63709698323012,113.25355556964156,88.40826018075438,98.90455100975407,False,False,维持,0.15517241379310345,0.8103448275862069,0.034482758620689655,104.8844553429188,99.36150660109746,91.71879201998155
1131,85.9185058195995,111.388672086103,85.13987663446214,99.33498022624494,False,False,缓和,0.21551724137931033,0.7672413793103449,0.017241379310344827,106.72331541671625,98.24654154628529,100.3133399103083
1132,93.86081060802219,121.4032193347682,89.8819181986306,100.25898492920608,True,False,缓和,0.09482758620689655,0.853448275862069,0.05172413793103448,104.56367097810042,99.69517609467208,92.44851933455291
1133,95.55797800642672,117.77828054331026,92.04943801394755,102.96254201782928,False,False,维持,0.10344827586206896,0.7241379310344828,0.1724137931034483,117.03299791165813,98.00178399239621,113.72772681944983
1134,88.7659447725453,114.31445373157186,87.761296214086,99.45217040900481,False,False,维持,0.10344827586206896,0.8448275862068966,0.05172413793103448,98.76376800847774,101.07761674153386,94.22653448727151
1135,94.13656472156312,120.97905037506489,88.68842917934607,100.84769510509356,True,False,维持,0.06896551724137931,0.8275862068965517,0.10344827586206896,120.94207009689748,98.16355835592182,89.61212142826915
1136,88.81348363951808,113.58697900604766,88.00491406790569,100.6007322864011,False,False,维持,0.11206896551724138,0.8275862068965517,0.0603448275862069,105.79312562465906,99.16463565181134,96.48849170908689
1137,89.37657053602459,115.42161954898928,89.2995575352197,101.43515383444053,False,False,缓和,0.09482758620689655,0.8189655172413793,0.08620689655172414,101.84668802821096,106.96274410448362,97.9642850935846
1138,90.31400871080028,117.75596047398307,89.02744605333429,101.3417031512143,False,False,维持,0.12931034482758622,0.7758620689655172,0.09482758620689655,107.90009057084507,100.51951724926408,95.50870381865049
1139,90.1318088914108,126.7168953239536,89.2800515951013,102.65431530095641,True,False,维持,0.13793103448275862,0.6982758620689655,0.16379310344827586,113.88009122634989,119.28571010219481,94.86240159235469
1140,94.9888668384605,110.74872926191705,87.87422118336868,98.99393932423607,False,False,维持,0.15517241379310345,0.8275862068965517,0.017241379310344827,107.26895123054852,98.3103706245422,91.47424455364363
1141,98.30456606075036,125.24686952015252,89.07189287779065,101.73038056880523,True,False,升级,0.11206896551724138,0.7155172413793104,0.1724137931034483,109.48901088085084,103.37308885707053,90.7300964679962
1142,91.08928847761248,119.47457672236621,90.37991547299588,103.22815180914174,False,False,维持,0.16379310344827586,0.6896551724137931,0.14655172413793102,102.3691720180036,102.63199308280895,98.61211965126623
1143,89.44364898792142,127.23259170876109,87.3824094075733,103.14018681923667,True,False,缓和,0.22413793103448276,0.5775862068965517,0.19827586206896552,108.84632587027386,105.36837121853316,102.13865895138264
1144,91.21735849033956,121.28677944527121,89.11467037561836,104.14364309688604,True,False,缓和,0.08620689655172414,0.6896551724137931,0.22413793103448276,110.78297683458688,102.38047307948229,93.77682173006271
1145,92.95631756333809,112.52961052324581,90.56484602607448,99.78448269912448,False,False,维持,0.06896551724137931,0.9137931034482759,0.017241379310344827,103.06929090929385,92.2166284646242,93.762907779369
1146,89.28210554823826,112.17292659245956,87.97793664774198,99.60707120444118,False,False,缓和,0.15517241379310345,0.8448275862068966,0.0,101.82598733701053,101.11594985959884,94.90621185256721
1147,98.27747775368607,117.78578396659398,87.08604014031876,100.92765768339375,False,False,升级,0.08620689655172414,0.8103448275862069,0.10344827586206896,107.07485415337048,98.92897016766563,96.73668464397012
1148,90.15132803167465,127.46243817281926,90.15132803167465,104.97359778509342,True,False,维持,0.10344827586206896,0.646551724137931,0.25,107.61191712159119,101.02808317206393,94.67697880653002
1149,87.05649802401693,118.5770737335012,86.56457647599368,100.05569527103192,False,False,维持,0.11206896551724138,0.7844827586206896,0.10344827586206896,100.02823276734178,98.72035936754921,93.56420250769236
1150,88.98618934622468,122.57187362891146,88.98618934622468,100.39398841476138,True,False,缓和,0.06896551724137931,0.8706896551724138,0.0603448275862069,104.9591657905857,101.49770541795372,93.35991363878776
1151,90.90187264399925,117.05333408976055,89.51977528227825,101.58350477327602,False,False,维持,0.11206896551724138,0.8189655172413793,0.06896551724137931,107.48977623917564,99.15886734208776,90.2666639774702
1152,89.25845561417567,125.38301069758725,88.35949610419082,102.08663215218984,True,False,维持,0.09482758620689655,0.7758620689655172,0.12931034482758622,110.73943927493525,101.56848149866677,95.98720337008271
1153,95.04334934207917,119.15072147623458,92.96413734682679,103.07387138969187,False,False,维持,0.0603448275862069,0.7931034482758621,0.14655172413793102,107.26244246328257,102.5351133309734,98.80122902400213
1154,94.49773341615047,118.95748133483555,93.14995271669694,103.04731570595807,False,False,维持,0.16379310344827586,0.5431034482758621,0.29310344827586204,100.70889655638197,97.14829104997784,95.63596822569968
1155,96.27513313718757,111.64454073232388,90.34579130268683,100.02224991750711,False,False,维持,0.1724137931034483,0.7586206896551724,0.06896551724137931,107.78508737484931,93.88647850627476,99.65232807460549
1156,88.80782759727491,121.01281837856618,87.44423094607359,103.20922949021676,True,False,维持,0.1206896551724138,0.6982758620689655,0.1810344827586207,114.52777841795246,109.55670294949198,94.32386391640064
1157,88.24231902276367,128.70089745700696,86.70527869740086,102.73408773609601,True,False,维持,0.15517241379310345,0.7155172413793104,0.12931034482758622,120.32402734169304,100.73121008623684,94.77509986740124
1158,86.47026285320518,118.82652523630847,83.82715731366706,100.09382702005841,False,False,维持,0.08620689655172414,0.8017241379310345,0.11206896551724138,109.80959828574444,100.6832711833934,102.43450163406783
1159,93.71097294954421,115.61481408329922,89.55040837451492,101.43710601874191,False,False,升级,0.07758620689655173,0.7758620689655172,0.14655172413793102,102.50177152201405,97.21319902773233,98.35134901861078
1160,92.91907467911275,117.86934406765346,90.2538935792624,102.77946212697078,False,False,维持,0.09482758620689655,0.7758620689655172,0.12931034482758622,113.25417115413724,100.54176711109673,94.94772124515426
1161,91.19633895398817,112.7067041599092,91.19633895398817,101.38560494206268,False,False,缓和,0.09482758620689655,0.8189655172413793,0.08620689655172414,104.43413979039863,93.74513521880155,97.04812491366432
1162,89.15609931084664,115.55972912677898,87.33968461614991,101.82455401606094,False,False,维持,0.1896551724137931,0.6551724137931034,0.15517241379310345,103.52731597101567,98.16308111145146,107.34925360342376
1163,92.15490309827004,117.68986063499608,89.27682417375914,100.47776764663969,False,False,升级,0.07758620689655173,0.8189655172413793,0.10344827586206896,103.42144576190307,98.80168367388139,96.30634276295353
1164,89.99772253942922,112.50886114819956,89.44517161559597,102.18979689852178,False,False,维持,0.10344827586206896,0.7672413793103449,0.12931034482758622,106.39207730477925,99.16504262969576,97.71976960577238
1165,92.56630695146092,120.70044661041914,88.29075121584704,103.622957801103,True,False,维持,0.12931034482758622,0.646551724137931,0.22413793103448276,104.55288605673412,102.13441145524426,101.55252589784601
1166,89.69567721047449,110.53559902444013,89.05108750422241,99.4708093371552,False,False,维持,0.14655172413793102,0.853448275862069,0.0,104.28995710294382,98.13211577260421,94.1557223370411
1167,90.35286257799474,109.76276782288717,89.04757906057435,98.92698598094861,False,False,维持,0.15517241379310345,0.8189655172413793,0.02586206896551724,103.76892004999591,95.99533834859278,97.58564855533639
1168,98.06506322707594,116.49267948751853,89.52876152200116,99.78127982660945,False,False,升级,0.09482758620689655,0.8189655172413793,0.08620689655172414,103.94993562689187,97.54798778178535,93.81845535980325
1169,91.29269068965674,114.16746029133964,89.83427344736225,101.21464744235054,False,False,维持,0.12931034482758622,0.7672413793103449,0.10344827586206896,107.0728786476538,104.1417504282467,93.33014264279126
1170,90.37251951443733,119.79800021174412,85.55510355986792,99.05732507964984,False,False,维持,0.21551724137931033,0.7413793103448276,0.04310344827586207,113.77836949106785,94.73278756874069,91.56493068285015
1171,88.90208381844332,114.93903478660596,88.90208381844332,101.81703395500175,False,False,缓和,0.1206896551724138,0.75,0.12931034482758622,107.14894158778458,100.16180300816642,91.89637878852076
1172,88.41447880045611,111.73920240086363,88.41447880045611,99.46135457155577,False,False,维持,0.12931034482758622,0.8017241379310345,0.06896551724137931,105.31376786586925,101.48630642343194,95.60115566234406
1173,92.1425568561078,130.0584030651261,90.58345214016282,104.14311929949022,True,True,维持,0.05172413793103448,0.7241379310344828,0.22413793103448276,127.52617601401387,102.08865184070957,93.42694619429291
1174,96.2977343738348,126.06237499687877,91.669257987385,103.82273645380958,True,False,维持,0.05172413793103448,0.7672413793103449,0.1810344827586207,110.2048761818954,103.5713918034047,106.45501383882149
1175,90.41118339446425,116.94398614022835,90.41118339446425,102.17137837441663,False,False,缓和,0.11206896551724138,0.7155172413793104,0.1724137931034483,109.11822381251328,101.5951970605821,98.73440879514793
1176,89.05425927107122,115.02975364211734,86.67540921954155,99.25629155201023,False,False,维持,0.15517241379310345,0.7931034482758621,0.05172413793103448,104.7112202238364,105.90491127177499,97.65597912299758
1177,82.92531735592591,133.15883465958797,82.92531735592591,104.18321818771213,True,True,维持,0.16379310344827586,0.5431034482758621,0.29310344827586204,113.40448215507575,100.40668911395056,93.0342186484377
1178,93.98900473993393,114.43479289551503,88.21559420975463,101.02578321797964,False,False,维持,0.14655172413793102,0.7844827586206896,0.06896551724137931,104.42475284638412,105.8308168270003,99.96265245299591
1179,91.1788728896071,120.54717855897036,87.55451341610656,100.23314777408956,True,False,维持,0.1810344827586207,0.7672413793103449,0.05172413793103448,107.45055421004716,101.93486147656354,95.73274863688685
1180,89.02144451153909,111.82464395414635,89.02144451153909,99.93792672304235,False,False,缓和,0.11206896551724138,0.8879310344827587,0.0,109.37928134960828,101.1627888801231,94.41254668058143
1181,95.45825657868194,119.70160219562004,90.68000988267515,101.0200953989278,False,False,维持,0.12931034482758622,0.8189655172413793,0.05172413793103448,103.51426928626869,98.8075322051021,94.09014613945541
1182,92.3620542247714,114.90969177012627,90.91924513760526,101.11818770594537,False,False,维持,0.09482758620689655,0.8362068965517241,0.06896551724137931,107.35149544574469,103.4346639272775,93.11863291991222
1183,93.04481777650868,125.48494725163826,89.07336851423658,102.76252263633327,True,False,维持,0.1206896551724138,0.7758620689655172,0.10344827586206896,113.56742168688491,104.64718098846375,99.96806835526453
1184,95.05891173095287,128.2607326464778,88.32685902689234,104.02041332161562,True,False,维持,0.1896551724137931,0.5344827586206896,0.27586206896551724,125.2938721936095,103.91733610565272,89.4772410347621
1185,92.55081878630254,121.97653138494825,90.21890053843904,102.4496502311632,True,False,维持,0.10344827586206896,0.7672413793103449,0.12931034482758622,117.29397546229211,93.0414328299155,97.77458094669917
1186,90.20075077079967,121.904977666851,90.20075077079967,105.14808793149673,True,False,缓和,0.09482758620689655,0.6379310344827587,0.2672413793103448,111.42434310748808,109.56506444362365,101.7703846453149
1187,87.72269653670922,116.52415461559748,87.17467181621258,104.16831567917573,False,False,维持,0.06896551724137931,0.6810344827586207,0.25,111.31312473113074,110.86696263360372,106.9494109780118
1188,89.63564894563908,118.30163124667143,87.88403248373417,100.07872971982461,False,False,维持,0.09482758620689655,0.8103448275862069,0.09482758620689655,98.5722681941535,109.85063831835417,95.15611929140726
1189,91.50321555496437,135.02186750000786,88.96948089474176,102.14217704279982,True,True,维持,0.15517241379310345,0.7327586206896551,0.11206896551724138,110.22385219243957,98.70456838006282,93.63743689668676
1190,92.06352855858506,125.6683521883062,88.37914126772682,103.74952822380443,True,False,维持,0.07758620689655173,0.7413793103448276,0.1810344827586207,121.8043746887199,106.73575409717954,94.96470082521162
1191,89.89855140128412,125.05748321584016,88.54074957814638,103.05856166162206,True,False,维持,0.1206896551724138,0.6896551724137931,0.1896551724137931,112.55874722657673,93.3710044878734,103.56776522839387
1192,89.97250884882801,117.30924310531913,87.766570894312,101.41056490108213,False,False,维持,0.1206896551724138,0.7068965517241379,0.1724137931034483,106.25513488305353,113.52708126576772,98.03810576708341
1193,89.79491839044009,119.59802399806415,89.2250132427694,101.01728071220995,False,False,维持,0.09482758620689655,0.853448275862069,0.05172413793103448,119.59802399806415,98.59444034253083,95.45860956862317
1194,87.76171030636986,118.88695677315044,87.76171030636986,101.31551362374562,False,False,缓和,0.12931034482758622,0.7844827586206896,0.08620689655172414,103.80049098732749,103.7056077440915,100.38302697693881
1195,90.33152053628972,135.02266014519967,90.21207143499355,102.27391968006712,True,True,维持,0.1206896551724138,0.7931034482758621,0.08620689655172414,108.51394734204882,101.53223511997601,94.39172213623675
1196,89.20220483504424,119.23824916145492,82.50760136011604,103.81770178019862,False,False,维持,0.10344827586206896,0.6637931034482759,0.23275862068965517,104.2314542885125,110.52923234603162,97.25231755488831
1197,90.78789375612327,110.18820593511674,88.39575346093048,98.9979990781024,False,False,缓和,0.14655172413793102,0.8362068965517241,0.017241379310344827,101.40367150840473,99.98055064394792,93.71165123010604
1198,87.19036029055532,121.47337667466647,87.19036029055532,103.06036443317724,True,False,缓和,0.0603448275862069,0.7672413793103449,0.1724137931034483,115.44486208859288,100.03895268247227,92.73506662750019
1199,91.28366781983736,123.87877838338099,85.76543537966447,100.75081636916057,True,False,维持,0.09482758620689655,0.8017241379310345,0.10344827586206896,107.55962204767155,101.16328828667602,90.68202411980288
1200,95.9250028871836,120.5095134342338,88.6218761639604,100.56552415016257,True,False,维持,0.08620689655172414,0.7931034482758621,0.1206896551724138,103.41519422821118,101.07653249154104,95.31265887057575
1201,87.43434503949324,128.73388438609226,87.43233096518654,105.19907531991784,True,False,维持,0.09482758620689655,0.6724137931034483,0.23275862068965517,127.59763770861521,100.28209614450243,94.42702263447578
1202,89.94178406641902,124.9048501143396,89.94178406641902,102.35126089777897,True,False,维持,0.1206896551724138,0.75,0.12931034482758622,115.66941172005566,98.88943302040889,97.08992064041233
1203,94.16306066816419,117.28098064201413,90.92503657614357,102.82049904315417,False,False,维持,0.08620689655172414,0.7931034482758621,0.1206896551724138,110.2473133900696,100.48486729866356,94.27068528792145
1204,92.0478539617668,113.93935984375764,89.39112461561812,100.56329398475097,False,False,维持,0.12931034482758622,0.8362068965517241,0.034482758620689655,103.869509359199,94.42586088715238,95.81001203544041
1205,101.49094170372398,114.31962701799954,88.23500854471244,99.59782990177558,False,False,升级,0.11206896551724138,0.8017241379310345,0.08620689655172414,114.31962701799954,99.48230242709191,95.98187237601283
1206,90.8051758276689,112.0355534961866,86.15234915890721,98.51779953977177,False,False,缓和,0.2413793103448276,0.7155172413793104,0.04310344827586207,106.42663249371276,98.5528882598827,94.87983379842596
1207,87.83231156434988,123.99287665955265,87.83231156434988,104.25774778516356,True,False,缓和,0.05172413793103448,0.7241379310344828,0.22413793103448276,113.27690693159397,111.03828980012592,99.37932681754889
1208,94.34445741453271,119.91786825614768,89.15268624819538,101.66191297353234,False,False,缓和,0.14655172413793102,0.7844827586206896,0.06896551724137931,114.69270277930897,102.10524764581056,91.71131018075855
1209,92.33926799524073,135.2194542882891,89.6594256558843,104.21355724986125,True,True,维持,0.12931034482758622,0.6810344827586207,0.1896551724137931,107.47631390205792,99.33723780854251,100.20268257485382
1210,92.2839676316123,119.60587723432938,90.7279355307391,101.39399589728309,False,False,维持,0.12931034482758622,0.75,0.1206896551724138,112.00638835837741,103.28498924241488,91.61596483318255
1211,92.71276624164008,112.47281902116505,91.34041819747739,99.93508351631678,False,False,维持,0.0603448275862069,0.9051724137931034,0.034482758620689655,104.97291235768557,101.71018595858136,94.41832257835712
1212,89.05369548471799,126.73580432099311,88.69241151166419,102.14242745618336,True,False,缓和,0.1724137931034483,0.7155172413793104,0.11206896551724138,112.71734717087774,103.85231500669289,97.18065520769224
1213,105.46267790475852,120.06471087613653,89.38362258509062,102.81217888197361,True,False,维持,0.10344827586206896,0.6551724137931034,0.2413793103448276,104.20014847139973,110.17496517861248,97.81020939739223
1214,94.93013337916402,115.56850449756854,91.51323592078892,101.52705238147415,False,False,维持,0.12931034482758622,0.7413793103448276,0.12931034482758622,102.1977337343119,101.1560868879991,95.73467873790385
1215,90.04350969362838,112.06681388131037,89.516397825061,97.3888659303564,False,False,维持,0.27586206896551724,0.6896551724137931,0.034482758620689655,96.167886334989,100.19592904488161,92.85795639087226
1216,102.35269936955105,122.2628821487884,88.99789201599121,101.4853404351907,True,False,升级,0.19827586206896552,0.6551724137931034,0.14655172413793102,121.42122646252861,98.85287912430182,95.31776620772078
1217,96.04058549128308,132.05191160048867,88.07696189919037,102.28200655341615,True,True,维持,0.0603448275862069,0.7844827586206896,0.15517241379310345,108.5409591280835,104.4587546567447,98.51183571374159
1218,111.07112091767542,116.93044807675183,88.372123520977,101.02932943707584,False,False,升级,0.12931034482758622,0.7241379310344828,0.14655172413793102,108.39143506427497,98.87454234253163,97.1486615372147
1219,91.83762336259511,110.1198899588528,87.94000704499568,99.81347269303002,False,False,维持,0.12931034482758622,0.8448275862068966,0.02586206896551724,108.04825695121873,107.49439290979548,93.88567098901717
1220,100.65852965421935,125.68897008402085,88.69216760651429,102.77858469747918,True,False,升级,0.1896551724137931,0.6551724137931034,0.15517241379310345,108.69548052232606,98.08713322999003,96.60120993232086
1221,94.49692044626755,115.57345552010597,91.47099059270896,102.34598090833184,False,False,维持,0.11206896551724138,0.75,0.13793103448275862,106.64466306452255,99.71394506543741,105.24399704259035
1222,97.5805196243399,115.28751804610167,91.57758950977598,103.55585280969204,False,False,维持,0.0603448275862069,0.6724137931034483,0.2672413793103448,103.32465819621692,109.7166847127186,92.22149122286622
1223,97.46541818163368,123.79570467394409,91.49267105317678,103.11411550438449,True,False,维持,0.14655172413793102,0.5948275862068966,0.25862068965517243,105.09732292953163,108.02280242255254,99.82591902673785
1224,91.40916238479994,122.82709667428237,89.2415379102534,102.3353579699573,True,False,维持,0.0603448275862069,0.8189655172413793,0.1206896551724138,105.52915481837267,100.77150485177955,94.72843257409042
1225,88.72391884743048,117.79439563965471,88.10265286345557,102.90101000529613,False,False,维持,0.08620689655172414,0.7241379310344828,0.1896551724137931,111.49367006357602,103.02484942055209,94.39260316131639
1226,106.9451657868718,110.33458120846745,91.30502616642114,100.59258047069255,False,False,升级,0.10344827586206896,0.7931034482758621,0.10344827586206896,104.96118935552205,102.6652000917333,96.35225385770512
1227,90.83969971054458,123.0528144331323,88.28966887775817,101.3937368078467,True,False,维持,0.14655172413793102,0.7413793103448276,0.11206896551724138,121.68314165203901,102.91353030880539,91.54554732384038
1228,89.0253800286098,127.87442536616831,89.0253800286098,101.09680902163461,True,False,缓和,0.13793103448275862,0.7758620689655172,0.08620689655172414,113.80915067411128,100.00876537286707,97.0667717883461
1229,93.81055057680287,115.20474283029544,85.2743095478086,99.02249200086169,False,False,维持,0.20689655172413793,0.7758620689655172,0.017241379310344827,101.79948926912797,97.88827525482131,94.24360891894224
1230,94.1850485585432,113.88161738532993,89.67750760081552,99.91574480647473,False,False,缓和,0.1724137931034483,0.7758620689655172,0.05172413793103448,104.46853760212463,97.94482501513964,98.14239893271991
1231,90.89829474161613,115.35701474231779,90.33783315149704,100.79296962354898,False,False,维持,0.05172413793103448,0.9224137931034483,0.02586206896551724,104.64006679814813,102.59693423300386,94.98758486058105
1232,92.1321422626016,125.54664395936408,91.06954912444563,103.35204609447388,True,False,维持,0.06896551724137931,0.7155172413793104,0.21551724137931033,116.39429234137572,98.82343113750152,95.91031793338314
1233,97.74310131320922,131.09432500238262,86.8509170041665,105.00542898270308,True,True,升级,0.11206896551724138,0.603448275862069,0.28448275862068967,106.58197687393884,117.99514415967242,96.40301039596206
1234,99.23899475346626,113.61376922926155,88.50451948198061,100.05088505556603,False,False,升级,0.11206896551724138,0.7672413793103449,0.1206896551724138,99.72758995240909,98.37779182825864,104.95168956503711
1235,91.72335855852049,118.38370039523865,88.69110611748414,100.39229680055742,False,False,维持,0.1810344827586207,0.7155172413793104,0.10344827586206896,103.99005698023758,95.00633045271995,90.25555120265035
1236,91.56526847897017,118.06834773393518,89.4332061919131,99.72602628738231,False,False,维持,0.15517241379310345,0.7672413793103449,0.07758620689655173,101.69620998030285,103.73585761910483,93.4976533656784
1237,89.00211679782832,113.81185137730775,89.00211679782832,99.99035942315332,False,False,缓和,0.1206896551724138,0.8189655172413793,0.0603448275862069,96.74743898759843,98.21145998486406,95.35692000508206
1238,91.63837515142062,139.6707329395636,87.47614690215605,103.57141665739314,True,True,维持,0.21551724137931033,0.603448275862069,0.1810344827586207,119.7092440429175,104.88519011626288,90.3381082611134
1239,89.68973638135903,123.99006986087136,87.07530148230391,103.26813537592373,True,False,缓和,0.12931034482758622,0.6724137931034483,0.19827586206896552,102.68822778920294,115.03238520767414,98.6485455081129
1240,87.36395148141813,125.8730060235464,87.36395148141813,103.45281053510199,True,False,缓和,0.14655172413793102,0.603448275862069,0.25,118.87560247874195,98.12776747323453,95.10278659493326
1241,88.91275258056899,119.07625179697115,87.09820151238814,102.49270568720213,False,False,维持,0.10344827586206896,0.6896551724137931,0.20689655172413793,99.8760699180205,105.47799304191899,94.45330076576728
1242,92.76201782623937,114.68565872889698,87.9223093925355,101.58691965125168,False,False,维持,0.1206896551724138,0.8189655172413793,0.0603448275862069,103.87382306839372,104.75488137895273,93.72855248708308
1243,87.98870665626649,110.04678196525103,87.98870665626649,99.70207307000692,False,False,缓和,0.12931034482758622,0.8620689655172413,0.008620689655172414,106.51755609963331,101.60249058188526,96.9940185399881
1244,90.77053397787203,124.09992153252865,88.20179122692942,101.08753916993584,True,False,维持,0.10344827586206896,0.7931034482758621,0.10344827586206896,109.70555401727147,99.479775162394,92.25238816348363
1245,92.8237776983139,130.719179195657,90.95039506177372,103.59451560606114,True,True,维持,0.12931034482758622,0.7241379310344828,0.14655172413793102,127.98963793746356,98.07297110298019,98.41915027630738
1246,90.6885164526712,111.26121542754369,89.1740855716277,100.58934077508825,False,False,维持,0.07758620689655173,0.8620689655172413,0.0603448275862069,106.23462815592897,99.60737947998295,102.31591045060053
1247,87.72918564338285,121.97866129352595,87.72918564338285,102.45006517216505,True,False,缓和,0.1206896551724138,0.7758620689655172,0.10344827586206896,110.15482382126737,101.64300273418417,96.7653425261902
1248,104.27059753026808,121.87863420679784,90.03417239574024,101.07254854628658,True,False,升级,0.10344827586206896,0.7758620689655172,0.1206896551724138,108.86039630286307,96.42490898135455,93.46724308934914
1249,93.00568765646271,120.30183987962944,85.98962548323713,99.88064150143218,True,False,维持,0.12931034482758622,0.7758620689655172,0.09482758620689655,106.85049020318138,95.29529492899282,97.10756370953405
1250,89.98962571292513,114.15084896872861,87.25237468213118,100.76296920060723,False,False,维持,0.09482758620689655,0.8706896551724138,0.034482758620689655,108.01682101355398,101.55134299271496,99.47850581141509
1251,97.17079368300544,120.10027246753829,90.99722044185967,99.99094149980311,True,False,维持,0.1724137931034483,0.7844827586206896,0.04310344827586207,100.91616714130134,99.26711370783313,93.84784067757212
1252,92.04902910742548,113.91984499907535,89.53720990984016,102.17757077519967,False,False,维持,0.09482758620689655,0.7155172413793104,0.1896551724137931,103.14162492869276,98.5146798549612,107.80934377838125
1253,91.63526353640623,129.7742241517885,85.09364966111384,101.72150326905032,True,False,升级,0.19827586206896552,0.6982758620689655,0.10344827586206896,108.51071073376295,98.61831999764041,100.24990534637098
1254,89.44417661677585,125.14696204573445,89.44417661677585,100.6672283769666,True,False,缓和,0.08620689655172414,0.8620689655172413,0.05172413793103448,101.97830202484019,98.11833525131485,91.51538277914574
1255,90.79528350082845,128.4045955780059,89.87118575126013,100.10992098216781,True,False,缓和,0.1724137931034483,0.7413793103448276,0.08620689655172414,120.49261530874601,97.95436587805212,94.38894163326093
1256,88.31957358234868,125.5905906528729,87.95304918493738,102.63032496632694,True,False,维持,0.07758620689655173,0.7844827586206896,0.13793103448275862,102.97859301772678,103.32934060748957,93.83762351729538
1257,94.10618834362246,129.79302125911266,91.69103688777291,104.72307530406907,True,False,维持,0.09482758620689655,0.6982758620689655,0.20689655172413793,111.30554824587941,99.39348661325799,94.27410336437302
1258,90.51695413356674,115.9213683127557,88.58044259137917,99.24125518161246,False,False,维持,0.1206896551724138,0.8620689655172413,0.017241379310344827,108.28819839064019,100.94276348633122,93.04774047030556
1259,87.74562473690452,112.86151535679262,87.74562473690452,101.53521470000875,False,False,缓和,0.06896551724137931,0.8275862068965517,0.10344827586206896,103.04599591398095,99.12686115141153,99.28220504856742
1260,102.80638899700018,116.71296079435888,88.61197961144221,101.51945619943898,False,False,维持,0.09482758620689655,0.8017241379310345,0.10344827586206896,109.82481288251502,97.95018826790991,91.38591424239365
1261,88.81693406304268,120.6559932064101,85.71348276823741,100.23643862521754,True,False,维持,0.16379310344827586,0.7758620689655172,0.0603448275862069,110.40520277790601,100.25572077898832,93.20730914114021
1262,89.61176115707939,121.31175378018554,88.03116790800804,102.59378192531484,True,False,维持,0.08620689655172414,0.7844827586206896,0.12931034482758622,115.65434325645498,101.14638518944497,92.57940715729974
1263,89.88776443090565,118.28617499081969,89.88776443090565,101.78536810849212,False,False,缓和,0.2413793103448276,0.5517241379310345,0.20689655172413793,108.03476607963053,97.50982667616266,111.72006361834114
1264,92.27769814630658,130.602242153482,90.92599312803422,105.1475266324359,True,True,维持,0.1810344827586207,0.5172413793103449,0.3017241379310345,118.70690384831782,95.50809046676008,100.5610680657727
1265,92.00440576263894,118.35404561813218,90.30968428387189,99.6423296813232,False,False,缓和,0.11206896551724138,0.8275862068965517,0.0603448275862069,103.17653130320817,99.07198099313663,94.88300982900941
1266,91.44050821947751,116.40152939936797,87.96759387305617,101.61427128013048,False,False,维持,0.11206896551724138,0.8189655172413793,0.06896551724137931,105.35582726237786,100.43241170818514,108.32594589430569
1267,93.84997504843354,122.87033877326499,92.1326194616852,102.4883580061228,True,False,缓和,0.11206896551724138,0.75,0.13793103448275862,117.01691858685486,98.56832894230124,94.73708541423822
1268,97.60231898848573,118.1049219448778,87.792179858873,99.99354506939281,False,False,升级,0.10344827586206896,0.8189655172413793,0.07758620689655173,99.02605071961618,101.123037377606,96.64534691243811
1269,88.35588418431779,122.78306835647378,88.17251957692662,103.80564716110413,True,False,维持,0.06896551724137931,0.7586206896551724,0.1724137931034483,120.1911908959331,104.5439481059332,95.62269013553077
1270,91.15107585133589,124.20609597509925,89.86169283612584,101.4135858552875,True,False,维持,0.13793103448275862,0.75,0.11206896551724138,107.07616255590165,96.05501293755316,97.47834637287781
1271,95.39550490863076,113.23873018750875,92.29052198805587,102.83749009521898,False,False,维持,0.10344827586206896,0.7241379310344828,0.1724137931034483,108.36017420582003,97.30212432972654,95.20109791838604
1272,93.8214797745848,112.11557415618309,88.27070495578013,100.72143293758637,False,False,维持,0.19827586206896552,0.7068965517241379,0.09482758620689655,104.11232600163397,105.31487573665235,95.1853498805721
1273,86.02687175324294,121.7630021344931,86.02687175324294,101.3362702142076,True,False,维持,0.16379310344827586,0.7155172413793104,0.1206896551724138,100.81606978193714,103.38171249752929,91.40822222059738
1274,95.3999741254717,112.64081999103618,89.2247008362504,101.02758023867813,False,False,维持,0.11206896551724138,0.8362068965517241,0.05172413793103448,100.60276439834551,103.33913699938635,95.23096820430479
1275,101.92393999698014,113.68499979659899,88.19391230692892,101.53206710996304,False,False,维持,0.13793103448275862,0.6810344827586207,0.1810344827586207,105.82039796799003,102.27527271855867,96.29384957766935
1276,90.3050380875551,126.67328408740049,90.3050380875551,103.64728182292195,True,False,缓和,0.12931034482758622,0.6896551724137931,0.1810344827586207,107.67629240194208,104.50814302280541,98.26292007449317
1277,87.30511384708979,109.05000190612206,86.87800507546298,97.8171287543306,False,False,维持,0.19827586206896552,0.8017241379310345,0.0,102.66454239433777,97.5642109633687,99.1457586275994
1278,90.57058295632137,124.11377814152661,89.83717129305363,102.86435472471841,True,False,缓和,0.13793103448275862,0.6551724137931034,0.20689655172413793,111.31750836599956,100.31133705880367,97.02658429282899
1279,87.87159376741909,112.79494264414008,84.21164857073188,99.50869602696598,False,False,维持,0.20689655172413793,0.7844827586206896,0.008620689655172414,103.85412568126203,97.45571334353684,93.12980843841848
1280,86.74936248601742,121.13304944024182,86.74936248601742,101.001665981167,True,False,维持,0.06896551724137931,0.8620689655172413,0.06896551724137931,108.0049185540047,96.81040116944867,95.0300552346407
1281,89.6770921787464,118.56254823115836,86.78515671516223,101.31561002898779,False,False,维持,0.16379310344827586,0.6810344827586207,0.15517241379310345,106.08166550442525,111.41591046290024,92.48209860974843
1282,95.57085130909638,122.26113257965663,89.11616763208963,102.26588559634826,True,False,维持,0.07758620689655173,0.8017241379310345,0.1206896551724138,114.13751523250848,103.63436347950113,92.67135441540059
1283,91.36475919764185,126.21503806364507,87.90069324611424,101.26082678898199,True,False,维持,0.20689655172413793,0.6896551724137931,0.10344827586206896,113.28861412601952,95.83274914745927,94.28673401826346
1284,92.56381735730587,122.2877036150694,91.3661098845034,101.11474440760429,True,False,维持,0.12931034482758622,0.8103448275862069,0.0603448275862069,106.32595756443416,105.4407910977973,93.29134195862886
1285,89.39974149833897,113.2449218403901,86.73561242253936,100.29855960299014,False,False,维持,0.08620689655172414,0.896551724137931,0.017241379310344827,108.23740061499674,100.35006381079259,98.30561528721246
1286,89.21051068626409,114.99691148836872,88.4068503798968,100.49843775030897,False,False,维持,0.28448275862068967,0.6206896551724138,0.09482758620689655,114.99691148836872,96.73340825870251,93.65456344404313
1287,92.05963433918487,115.78469183488932,89.28760179120202,101.13568336996359,False,False,维持,0.16379310344827586,0.6982758620689655,0.13793103448275862,97.65457492062133,98.58688253060483,115.78469183488932
1288,92.17158574706313,126.20072609022793,88.91025083512248,100.91557501545327,True,False,维持,0.13793103448275862,0.7931034482758621,0.06896551724137931,117.3699654378966,104.1531853653422,94.78268566932907
1289,91.51704930363553,120.4376584051817,84.1925155185025,99.97578082239917,True,False,维持,0.16379310344827586,0.7672413793103449,0.06896551724137931,116.73558922285353,95.66710963687993,90.42106353695569
1290,88.87583951289768,116.3375090461957,87.88338524078617,101.64362196712112,False,False,维持,0.19827586206896552,0.6551724137931034,0.14655172413793102,104.44723767353682,108.81756106642,93.58720584113024
1291,92.03624898903631,131.0680204995383,90.01468654060142,103.93752062341704,True,True,维持,0.08620689655172414,0.6810344827586207,0.23275862068965517,126.18219465036641,103.70931706758218,99.41252264758513
1292,90.39692211911171,126.2943761732888,87.75243891861507,102.807297990469,True,False,维持,0.14655172413793102,0.6724137931034483,0.1810344827586207,120.12792199377807,103.74123619546862,92.66915997906531
1293,88.43835695990661,131.09190339865413,87.44810973531516,103.44163238000083,True,True,缓和,0.14655172413793102,0.6206896551724138,0.23275862068965517,102.66481042421829,112.91332998510099,94.24733085074553
1294,90.8787253855649,117.03439871908485,87.67822257857888,101.96240894650506,False,False,维持,0.1206896551724138,0.646551724137931,0.23275862068965517,104.61242754852326,95.89972474368933,110.0747292885423
1295,95.56535876984039,121.3139885660613,92.7941577841394,102.35255469182003,True,False,维持,0.05172413793103448,0.8275862068965517,0.1206896551724138,113.0680000791106,98.81873274564815,93.21473375588974
1296,90.1654221010159,126.85421001192235,87.94180448872049,102.46170637910087,True,False,缓和,0.1724137931034483,0.6982758620689655,0.12931034482758622,122.77510348152784,103.1296067086379,93.64529488447414
1297,92.75487496406728,121.96600900251819,89.12611739164723,102.48979644818317,True,False,维持,0.1724137931034483,0.6120689655172413,0.21551724137931033,117.32904567952835,100.55057194115214,93.88082565850054
1298,92.30673543179019,126.34141787396523,89.05633971697769,99.89941246517735,True,False,维持,0.14655172413793102,0.8103448275862069,0.04310344827586207,102.11424387099008,103.86194136202536,94.49134612769555
1299,90.09680399682273,127.22978742930147,86.94614054634029,99.5778218907679,True,False,缓和,0.19827586206896552,0.7155172413793104,0.08620689655172414,103.05225344174751,94.35672051256759,91.53953752675038
1300,90.85968538566942,126.17415791966008,89.1037042847607,103.43832248473946,True,False,维持,0.1206896551724138,0.6724137931034483,0.20689655172413793,119.87604497659396,103.28946634603707,96.06222189866827
1301,93.051833834063,123.28120566532611,90.71253753651389,100.68284601463873,True,False,维持,0.1206896551724138,0.7758620689655172,0.10344827586206896,102.43096615795922,99.20499098071518,97.20600834300627
1302,91.7272785719884,120.84532109655889,87.38824709181455,102.89532287683923,True,False,维持,0.11206896551724138,0.6724137931034483,0.21551724137931033,109.06434952989162,99.16994185113295,95.5877294033964
1303,88.89297937064558,120.7253611330746,88.89297937064558,101.41565539594586,True,False,维持,0.2413793103448276,0.6206896551724138,0.13793103448275862,113.56394891422454,104.26201104532,90.62651019880568
1304,90.49177008055997,114.52581296611385,90.32754665562906,101.13897253795045,False,False,维持,0.09482758620689655,0.8448275862068966,0.0603448275862069,106.91614907705595,98.94684043396771,93.4937212045417
1305,93.38740580512828,127.84625250055971,91.42583626517929,106.23720758377944,True,False,维持,0.08620689655172414,0.6896551724137931,0.22413793103448276,112.85449116453184,100.49281534369398,95.17222381109106
1306,88.93165959799951,115.39854085780483,88.78023900694102,99.946268111261,False,False,维持,0.19827586206896552,0.7413793103448276,0.0603448275862069,104.02716167151912,104.3510288849055,93.23648676147208
1307,88.79912065012539,122.19773712629856,87.1428414023811,101.81970227063533,True,False,维持,0.11206896551724138,0.8017241379310345,0.08620689655172414,109.72398876923725,103.89550189119707,93.14919126437849
1308,104.76460685049852,116.10265701693052,85.05573339876797,100.32453397288005,False,False,升级,0.1724137931034483,0.6724137931034483,0.15517241379310345,110.26948808757164,98.66719094809802,98.21080726441846
1309,95.3194060881602,111.72116979215622,87.66205679853434,100.1213390209406,False,False,维持,0.21551724137931033,0.6896551724137931,0.09482758620689655,97.71712647808788,102.33842113133294,95.9609614933585
1310,98.1358863366001,109.948347131333,90.69271168534895,99.2724942804417,False,False,维持,0.20689655172413793,0.7327586206896551,0.0603448275862069,102.89865458405582,97.61494442897718,97.43629482942626
1311,94.09132997436178,110.03648275961746,87.5970995932367,98.66625726718307,False,False,维持,0.1810344827586207,0.8189655172413793,0.0,100.83544914770405,98.53592788308029,94.6544360050463
1312,91.49482806922435,118.76294853471337,90.88667554769009,102.41096252453923,False,False,缓和,0.05172413793103448,0.8448275862068966,0.10344827586206896,108.18377573904229,100.19684356244045,96.5157735636539
1313,93.79493359330304,115.94930285485535,91.39277640308467,100.89372825065975,False,False,维持,0.1206896551724138,0.7844827586206896,0.09482758620689655,107.94582949452055,97.06863293950262,95.7854090972097
1314,90.23528669389965,114.59067201249933,90.23528669389965,104.11909403145566,False,False,维持,0.08620689655172414,0.7155172413793104,0.19827586206896552,103.74860927029904,98.7186401306,112.31961794690686
1315,90.04009056268033,119.4095379591327,89.09222159244538,100.2092581397034,False,False,维持,0.15517241379310345,0.7844827586206896,0.0603448275862069,111.49554035320068,97.87534129890142,97.61169054320517
1316,94.49341128357521,121.65857988420977,90.83118998860155,100.89331552593067,True,False,缓和,0.1896551724137931,0.7241379310344828,0.08620689655172414,113.62033815109035,98.4073113348459,95.79457286199789
1317,92.05148710915219,115.33150590461136,88.13205512974426,99.94905327899681,False,False,维持,0.1896551724137931,0.7844827586206896,0.02586206896551724,103.80956178072992,95.06977366353982,98.97079805165764
1318,88.61307397220702,120.3011246779751,88.56141469446602,100.87785698327302,True,False,缓和,0.1724137931034483,0.7241379310344828,0.10344827586206896,104.53476018820798,108.84297143550734,93.46417072377973
1319,89.45748911097293,116.69935012088885,89.45748911097293,101.22972032043593,False,False,维持,0.06896551724137931,0.7931034482758621,0.13793103448275862,96.8950456252975,101.15854361008782,100.71985245269738
1320,94.3574272483776,113.76704544646071,90.71270585130259,100.1878748382092,False,False,维持,0.13793103448275862,0.8189655172413793,0.04310344827586207,99.16242606626791,105.61401952269712,95.4400035622216
1321,92.52256695688749,115.30259399389323,89.3742665051342,99.80847698771929,False,False,维持,0.1724137931034483,0.8189655172413793,0.008620689655172414,105.79235953447672,97.00514366331197,92.54065610423454
1322,87.75055404176537,129.60597265051828,86.66451935139753,100.5746282138739,True,False,维持,0.15517241379310345,0.7327586206896551,0.11206896551724138,108.50797473241397,101.36787011915911,102.89956170591267
1323,93.56713166832223,115.11049752187337,85.98360770864808,98.03164985036555,False,False,维持,0.1724137931034483,0.8275862068965517,0.0,102.90762293289572,99.54111741297693,93.20295524588956
1324,93.07929591440532,127.70006048120943,87.00957743683963,104.94404662797112,True,False,维持,0.15517241379310345,0.5517241379310345,0.29310344827586204,123.7685712550427,96.36433768341671,98.09526863380673
1325,89.31082159357794,112.07139397746256,86.28629133414226,100.82730871911194,False,False,维持,0.09482758620689655,0.8189655172413793,0.08620689655172414,107.1705595767235,102.60177877938725,98.31570113942269
1326,90.73437585252711,121.56449890904784,87.36376445642914,101.79686022094967,True,False,维持,0.09482758620689655,0.7327586206896551,0.1724137931034483,106.2620221915383,102.92723039005021,94.9164198817476
1327,90.41119549688645,118.81100415059203,88.92050005771841,100.5820618550777,False,False,维持,0.19827586206896552,0.7155172413793104,0.08620689655172414,107.93422252693007,100.67315647952213,97.22004766965995
1328,92.27207276109675,120.03439647199058,88.55855498988856,101.14117963245644,True,False,维持,0.09482758620689655,0.8620689655172413,0.04310344827586207,105.86881942090578,104.78718829319965,96.41965730346591
1329,91.18880119420075,114.21278131101961,91.18880119420075,101.13382534245085,False,False,维持,0.11206896551724138,0.7155172413793104,0.1724137931034483,113.36059902072816,98.8989829080395,100.3627140704395
1330,105.51410548579815,111.26778338272268,91.2575353124194,99.26810811008608,False,False,升级,0.13793103448275862,0.8189655172413793,0.04310344827586207,104.59230504464605,99.96601719315109,96.6591984092172
1331,89.9567308439918,118.73160333955859,89.9567308439918,101.87381358076652,False,False,缓和,0.1206896551724138,0.75,0.12931034482758622,105.24770143027187,115.76892598448198,96.05628196069293
1332,90.2633137665663,123.49335124000795,86.84297778808019,103.1864911235678,True,False,维持,0.11206896551724138,0.6724137931034483,0.21551724137931033,113.74305571510858,100.33312694736061,93.7003684804558
1333,92.7487901759317,113.55435658627817,90.66552191079562,100.6177243443506,False,False,维持,0.15517241379310345,0.8189655172413793,0.02586206896551724,105.94272616686256,102.66487051504387,90.80971399397802
1334,89.52507813932905,115.00117626588947,87.78212988851384,100.43531162793309,False,False,维持,0.14655172413793102,0.75,0.10344827586206896,112.64063498275263,98.4293213339672,93.03963622102445
1335,91.26449269660665,112.41298220581238,90.08212785802523,100.50603339867617,False,False,维持,0.06896551724137931,0.8362068965517241,0.09482758620689655,106.54356026958635,107.7157929666907,91.30815617148754
1336,89.43369610095758,123.35723252752389,88.43134536893564,104.05072095152494,True,False,缓和,0.14655172413793102,0.5862068965517241,0.2672413793103448,114.5909089440471,117.9981054932491,93.88560033781978
1337,93.7852552076032,119.51432955219633,88.46672274227858,101.33057331677472,False,False,维持,0.1206896551724138,0.7672413793103449,0.11206896551724138,108.27615588932323,99.53970344344368,90.20156189042665
1338,90.99591934757504,121.56298598462288,88.03418212798641,98.8426212918935,True,False,维持,0.22413793103448276,0.7068965517241379,0.06896551724137931,114.54466771817052,98.25946332791354,94.973789959812
1339,88.76703243313415,116.20187872274,88.76703243313415,101.80528832619055,False,False,维持,0.034482758620689655,0.8879310344827587,0.07758620689655173,99.95317547470695,103.72872439201879,103.9021506619093
1340,90.8688182766829,111.26783599884678,89.29074902357931,99.43456449203492,False,False,维持,0.10344827586206896,0.853448275862069,0.04310344827586207,101.01554243201569,99.5048951632803,90.00120154841696
1341,88.77080053807883,116.94275856602977,83.30075753635349,102.34750907810897,False,False,维持,0.12931034482758622,0.7068965517241379,0.16379310344827586,105.60764944678199,107.03700360486656,100.17283405217509
1342,94.56056754124303,114.48516063938995,90.66654549475025,100.50821227225606,False,False,维持,0.13793103448275862,0.7586206896551724,0.10344827586206896,104.20398534087508,98.41883119398449,93.22446786616293
1343,90.71809702709834,109.6760047674966,89.5734515392671,98.27991004161203,False,False,维持,0.2413793103448276,0.6982758620689655,0.0603448275862069,103.51788417570923,95.3274172935006,90.50525641831207
1344,95.53145370148417,121.31687745546567,91.81484057687584,104.53506376682725,True,False,维持,0.034482758620689655,0.6982758620689655,0.2672413793103448,113.21689527526857,98.44684555416666,97.30798644318537
1345,89.30722011567407,124.44110383309643,89.30722011567407,101.71405784688224,True,False,缓和,0.15517241379310345,0.7672413793103449,0.07758620689655173,109.85454580614694,104.55996056646774,91.66837745195747
1346,96.0327427192794,116.7219586416549,90.47789278097697,101.56080574604852,False,False,维持,0.06896551724137931,0.8448275862068966,0.08620689655172414,107.50939253280303,103.00399843687829,91.87341930473399
1347,106.98294173906172,113.0231494104125,86.79837664958383,100.20376866218992,False,False,升级,0.11206896551724138,0.75,0.13793103448275862,104.2672497100508,103.12175171808337,95.93457025340871
1348,91.87350881953832,117.34904173045798,89.6241631258045,100.08254319688825,False,False,缓和,0.19827586206896552,0.7241379310344828,0.07758620689655173,106.54591797537522,95.92653388897648,93.55486456385978
1349,90.54189130480931,114.12874010112482,87.56848711852663,99.62736273949012,False,False,维持,0.14655172413793102,0.8103448275862069,0.04310344827586207,106.21826460508186,98.59376419104552,94.40806009035485
1350,94.77524372560876,116.4169086143313,94.26435322645503,104.73448528110443,False,False,维持,0.16379310344827586,0.5258620689655172,0.3103448275862069,102.11588487010808,96.99909769356128,101.46297368293212
1351,93.63480244136412,121.53121223792859,89.29675544814359,99.21087938882111,True,False,维持,0.16379310344827586,0.7758620689655172,0.0603448275862069,100.51061632077057,97.89698322687357,97.02723542328503
1352,89.8583064708625,126.93681483677432,89.2603247748873,103.74648249847857,True,False,维持,0.1206896551724138,0.6982758620689655,0.1810344827586207,109.20285182878288,107.30642582150438,95.21083526400243
1353,89.48923347321104,123.61246770546946,87.75120683287626,100.74327566931197,True,False,维持,0.15517241379310345,0.7327586206896551,0.11206896551724138,100.04765284144231,98.23933660272128,93.44760245671084
1354,89.15164225833698,122.02318825371405,89.15164225833698,101.80847841775113,True,False,维持,0.1206896551724138,0.75,0.12931034482758622,111.25577941004724,108.63717066087078,93.64828201348274
1355,92.4684017123304,127.74741237941227,89.91705913444189,103.09074180172975,True,False,维持,0.09482758620689655,0.7586206896551724,0.14655172413793102,112.27033897412807,99.79986548102255,91.0177943146128
1356,87.0590278922113,123.22693285071229,87.0590278922113,103.7501325198124,True,False,维持,0.15517241379310345,0.6724137931034483,0.1724137931034483,120.6294484174678,100.03535869556596,108.96592638383416
1357,89.39840431926775,117.69712816331709,88.41825509532333,101.32672945849205,False,False,缓和,0.16379310344827586,0.6982758620689655,0.13793103448275862,105.55396937630144,107.38136719919292,95.66638514431288
1358,90.21699184281044,123.27020107299613,89.02825299541968,101.28111139472908,True,False,维持,0.09482758620689655,0.7413793103448276,0.16379310344827586,107.47579712174839,102.10086556719737,93.24423139738417
1359,101.22181750427781,120.77925408101318,92.45989038680949,102.77305988517459,True,False,升级,0.02586206896551724,0.8275862068965517,0.14655172413793102,112.39947444591415,99.81674494731436,94.75581139199598
1360,93.83820873843267,122.94661761085591,89.44636416914511,101.63850327730827,True,False,维持,0.15517241379310345,0.6724137931034483,0.1724137931034483,114.5553868946997,102.0187027591348,94.20497664655754
1361,87.07881147787387,123.4026081103329,87.07881147787387,101.45975865156615,True,False,缓和,0.1724137931034483,0.7413793103448276,0.08620689655172414,109.47028420865028,99.43014277679134,98.49614611233623
1362,91.69013127596371,113.25077226361662,91.0457703676366,100.72212442411019,False,False,维持,0.15517241379310345,0.7758620689655172,0.06896551724137931,112.31445428470307,100.05204036549299,93.30526480995445
1363,91.81446365004915,124.74357352591504,88.22664054791176,101.653388937205,True,False,维持,0.06896551724137931,0.8103448275862069,0.1206896551724138,108.68407572838512,99.27771536426322,91.8029126199989
1364,89.88747124918642,120.88316013698926,87.5769068087287,100.60146082559788,True,False,维持,0.1206896551724138,0.8448275862068966,0.034482758620689655,106.429817341658,101.48641614130982,96.27210875777415
1365,93.22603939955,132.52615520612628,87.93130409101049,101.38170424780981,True,True,缓和,0.07758620689655173,0.853448275862069,0.06896551724137931,102.58272057577973,94.79090788408455,96.74576461028242
1366,87.32232710448615,123.66065236167285,87.16044164247442,99.63292597860462,True,False,维持,0.22413793103448276,0.7241379310344828,0.05172413793103448,111.77682362506918,98.5797980255627,90.51088050560709
1367,92.88179915975059,126.07792197083809,91.57543259992772,104.31538727861779,True,False,维持,0.12931034482758622,0.6724137931034483,0.19827586206896552,108.45678263056917,114.43080516591569,92.25698636097844
1368,106.48435612870884,116.65162332376141,88.64431895263401,101.42740985228997,False,False,升级,0.12931034482758622,0.7413793103448276,0.12931034482758622,103.05321344976058,100.90640233801629,94.3001760243085
1369,91.94318348369652,115.56692892504871,91.94318348369652,102.98132469175665,False,False,缓和,0.06896551724137931,0.8017241379310345,0.12931034482758622,105.92346818671531,103.97110493100747,101.60511043209564
1370,89.83318089263103,111.84292666207847,88.1870283787632,100.28732291905841,False,False,维持,0.14655172413793102,0.7413793103448276,0.11206896551724138,103.6942047198772,102.51211710823092,98.2652401089802
1371,94.21737975469469,122.63323302554603,88.5459045903654,103.01381596191528,True,False,维持,0.11206896551724138,0.7068965517241379,0.1810344827586207,105.098685843911,118.62439004781233,92.90343245883213
1372,89.15838693189069,130.47803744091377,88.83152961324069,102.70170061328837,True,True,缓和,0.19827586206896552,0.6724137931034483,0.12931034482758622,125.21628472928441,102.69744516100495,95.272176299869
1373,92.45633888422356,126.56682272697839,90.91270792211657,103.47784676377326,True,False,维持,0.12931034482758622,0.6637931034482759,0.20689655172413793,109.95964651436122,106.11904969040792,92.76071929621668
1374,89.94506752827459,122.85138652612956,88.18158806859788,101.30987663139699,True,False,维持,0.16379310344827586,0.7413793103448276,0.09482758620689655,113.30135441301758,99.76162596343485,95.08554295593954
1375,101.49995017969425,116.72244096448529,88.9075341439475,101.9666059350694,False,False,升级,0.1206896551724138,0.6896551724137931,0.1896551724137931,116.52573830311997,99.80025458148343,92.9130439923251
1376,89.44145976696024,120.86082025297601,87.62102289999878,101.33151121127791,True,False,维持,0.08620689655172414,0.8017241379310345,0.11206896551724138,114.90100449082912,98.39350222895763,90.75077177581916
1377,89.60136353468869,120.04925673982326,89.60136353468869,101.2571166753301,True,False,缓和,0.08620689655172414,0.8275862068965517,0.08620689655172414,108.79012760057478,94.1325073980718,102.60855166586157
1378,87.97962056635654,112.5197770242105,87.97962056635654,100.77493169302676,False,False,缓和,0.1724137931034483,0.7241379310344828,0.10344827586206896,107.86450484972858,109.06751536906748,97.51108437186552
1379,89.89106670841426,123.12890733210732,87.68478880661642,103.57227521777855,True,False,维持,0.08620689655172414,0.8103448275862069,0.10344827586206896,107.1396929446041,104.8372575777227,96.85105267543778
1380,93.52196571953483,120.58878441404242,88.11700609224208,103.42555406073349,True,False,维持,0.10344827586206896,0.7068965517241379,0.1896551724137931,114.95974570021312,99.3460142398459,98.34844471161634
1381,95.75786684953233,117.05652411677366,92.16771236014692,102.53800129621915,False,False,维持,0.1810344827586207,0.6120689655172413,0.20689655172413793,102.15956972069029,106.43101088223727,93.85439146450729
1382,99.1281136067023,124.96471030023112,90.78870376539211,103.83069917754864,True,False,缓和,0.11206896551724138,0.6810344827586207,0.20689655172413793,109.85374255898628,98.72428521133482,114.31978576607465
1383,90.8099816283835,115.71852456735839,90.8099816283835,99.93451579409802,False,False,维持,0.10344827586206896,0.853448275862069,0.04310344827586207,107.12168076189259,96.46810262643929,91.99857266977098
1384,100.54331065390414,123.97473833716353,86.50994811881162,100.94933351270457,True,False,升级,0.1896551724137931,0.6379310344827587,0.1724137931034483,107.64995017085191,99.23421725617418,92.13737247143168
1385,87.82985475998423,126.02290616400366,86.69388478369844,98.61885399186518,True,False,缓和,0.19827586206896552,0.7327586206896551,0.06896551724137931,107.60489200631133,93.09268117281978,94.61600356132764
1386,86.84890357317661,117.2931847453861,85.7612239871407,100.70575931014785,False,False,维持,0.15517241379310345,0.8017241379310345,0.04310344827586207,105.61292404399923,101.11242380801154,92.96124060802057
1387,107.4730917223372,117.43921929684886,90.40126523670676,103.17178873485712,False,False,升级,0.08620689655172414,0.7241379310344828,0.1896551724137931,104.4262796902634,99.06126542583092,96.40993231241946
1388,93.61726386835122,119.41850539571796,90.60649790732003,101.69298969296969,False,False,维持,0.08620689655172414,0.7672413793103449,0.14655172413793102,111.82134762900141,110.29391225371687,97.71605380537233
1389,96.36790330952066,127.00036667424453,88.93765403654523,102.88270249518447,True,False,维持,0.2413793103448276,0.5689655172413793,0.1896551724137931,125.94809666128064,106.43163615442221,92.93956107191235
1390,97.82191154147841,120.91510603952176,89.24532599885477,103.60672866637664,True,False,维持,0.08620689655172414,0.6724137931034483,0.2413793103448276,105.65599521403225,104.89763090098955,97.4890110699618
1391,90.05705819891327,122.67560852211689,88.55580771761115,101.63961812164452,True,False,维持,0.08620689655172414,0.8448275862068966,0.06896551724137931,104.00924185500047,106.72762035355925,93.60646435893315
1392,99.39540653572091,119.65903678996831,90.65331135625009,105.42879407150974,False,False,升级,0.12931034482758622,0.5948275862068966,0.27586206896551724,103.77847082428094,113.98845086563901,92.67685907575073
1393,92.40794010166616,118.10885986312454,89.95544964016702,102.44337097894105,False,False,维持,0.13793103448275862,0.6810344827586207,0.1810344827586207,106.67781940156759,108.38501971257591,92.31778020540251
1394,95.06681938997768,122.8875673664375,89.14711842122261,102.57519586364377,True,False,维持,0.08620689655172414,0.7844827586206896,0.12931034482758622,119.12061724466783,95.87021702222604,97.54922954694315
1395,92.49262409024615,123.39888795821912,90.49040987498019,101.94422267012337,True,False,维持,0.14655172413793102,0.7155172413793104,0.13793103448275862,114.82309214532059,99.79476746670821,94.26771147649475
1396,90.19306843344883,112.45837281319244,88.87755880306362,99.73894508381804,False,False,维持,0.1896551724137931,0.7327586206896551,0.07758620689655173,102.09994341346983,111.23855961699873,94.17750321590836
1397,93.83033397132188,125.78598700628842,91.52000743342633,103.21685982925854,True,False,缓和,0.12931034482758622,0.6810344827586207,0.1896551724137931,107.4928715518044,103.96105487862307,107.02608816251066
1398,92.10536642301282,114.87005334358143,88.21299566795632,99.17382632360548,False,False,维持,0.1724137931034483,0.8017241379310345,0.02586206896551724,96.11521640665494,100.89628687858242,88.59696885328835
1399,91.47664753741537,119.64590470138997,88.27901363352663,101.63494946578054,False,False,维持,0.1206896551724138,0.7672413793103449,0.11206896551724138,110.15961765515098,104.22474891607601,92.98247269536739
1400,92.80688960342327,117.11450212659311,92.80688960342327,103.5205116806872,False,False,维持,0.05172413793103448,0.7586206896551724,0.1896551724137931,114.77828662624192,99.6436207214455,95.31618686836913
1401,91.22322337627547,117.4523606059446,89.62011799023477,100.18612303485358,False,False,维持,0.16379310344827586,0.8189655172413793,0.017241379310344827,106.66937866363932,100.80080272358478,103.46267264387902
1402,90.44246405863048,111.84634116029352,90.44246405863048,99.88707021781364,False,False,维持,0.14655172413793102,0.8103448275862069,0.04310344827586207,109.17687067124936,101.44815991425266,92.24317791601284
1403,92.26834005309065,111.84989693175528,86.83150673775258,99.61334130960992,False,False,维持,0.09482758620689655,0.8879310344827587,0.017241379310344827,105.66042720213053,97.81733453429521,90.04779087955436
1404,90.39256637023226,115.93821357233276,88.09199904168788,100.76771736739211,False,False,维持,0.1724137931034483,0.7844827586206896,0.04310344827586207,102.8758061280976,105.03350856097649,92.57605233626943
1405,89.15421741168534,115.05886196592868,89.15421741168534,101.06594300756952,False,False,维持,0.07758620689655173,0.8275862068965517,0.09482758620689655,100.61384490081792,97.95670466666996,94.8963294907848
1406,108.66067972402716,125.99477334740843,88.93658741062079,105.0378371775308,True,False,升级,0.11206896551724138,0.603448275862069,0.28448275862068967,105.95054367902202,114.3344934761671,94.636961635826
1407,91.13173814775318,115.75883273934608,89.35267334210543,98.79600334222789,False,False,维持,0.12931034482758622,0.8620689655172413,0.008620689655172414,106.26921892336708,94.70457551854969,94.55851029336819
1408,88.12964126069902,115.09719788274494,88.12964126069902,100.63155555350328,False,False,维持,0.11206896551724138,0.7844827586206896,0.10344827586206896,97.856441437886,104.51401914046647,100.5771714326406
1409,87.94435371698437,119.38292074660914,87.00721779686309,103.06960413721704,False,False,缓和,0.10344827586206896,0.6810344827586207,0.21551724137931033,108.32793829174614,107.8030924052516,93.08158350219175
1410,90.71459866485097,118.97241840373998,88.56446851537007,100.5936728977446,False,False,维持,0.11206896551724138,0.7931034482758621,0.09482758620689655,105.19972305313722,100.3733291286908,90.87933346609653
1411,86.51308577228738,121.44662965582701,86.51308577228738,100.6165218386258,True,False,维持,0.10344827586206896,0.8275862068965517,0.06896551724137931,106.52046350380016,100.28508132388869,96.59266889952913
1412,97.42343745507927,120.05111176863085,87.17754736256431,102.0053305882182,True,False,维持,0.07758620689655173,0.7844827586206896,0.13793103448275862,105.95990173889747,101.74888030243628,96.23106765087111
1413,90.24411789297757,121.97341642385663,89.54931588811522,103.23369576428904,True,False,维持,0.034482758620689655,0.7068965517241379,0.25862068965517243,109.22221649548803,99.64502475783567,96.66535854686724
1414,96.26030984241034,116.30474367857157,87.85110445776724,99.81884634267118,False,False,维持,0.14655172413793102,0.8189655172413793,0.034482758620689655,106.37542235975945,97.91460694226812,98.13620736281096
1415,90.67332858535818,129.87818355168775,89.10944703063596,100.52214452430346,True,False,维持,0.23275862068965517,0.6637931034482759,0.10344827586206896,105.05024440063922,96.10710086667211,96.76484722563875
1416,91.8545043513744,114.19868314377582,88.9456922403103,99.01930394488915,False,False,缓和,0.10344827586206896,0.8448275862068966,0.05172413793103448,102.26970384779378,101.14476782302764,93.08667430574408
1417,89.87977150732411,119.4937417064427,89.45295787525272,104.36269277420962,False,False,维持,0.12931034482758622,0.6379310344827587,0.23275862068965517,107.3695646869357,104.02416034269397,98.91380625852125
1418,90.9988965571586,120.45268567145035,88.66255620542758,100.78824324221604,True,False,缓和,0.04310344827586207,0.853448275862069,0.10344827586206896,109.4262239594563,100.69786420927531,94.35086990194154
1419,92.23726083086142,116.42720039388544,87.9715083002632,99.57739503723418,False,False,维持,0.1724137931034483,0.7844827586206896,0.04310344827586207,105.41504427955489,94.39978426635504,94.15044903783675
1420,94.51136475142147,125.39854124358139,90.3358016790043,104.33253765531839,True,False,维持,0.06896551724137931,0.7068965517241379,0.22413793103448276,122.40342942146279,111.83419409161833,97.16791596008495
1421,92.35755753558327,120.97502675706545,92.35755753558327,103.01717541628855,True,False,维持,0.06896551724137931,0.7586206896551724,0.1724137931034483,107.57361192783432,101.20041997179699,102.80556972910689
1422,92.76438707885455,119.91036343156101,91.96404909389136,101.47340500999198,False,False,维持,0.1724137931034483,0.7327586206896551,0.09482758620689655,111.0753084785628,95.0889765613041,94.50469996584492
1423,92.0046639348205,114.18732322518778,88.08243743634107,98.2636438945344,False,False,缓和,0.1810344827586207,0.8103448275862069,0.008620689655172414,103.30813319954139,101.88134398592825,88.6416681906699
1424,91.39150899955003,116.17973143120844,88.32814965590579,100.12835605951236,False,False,维持,0.20689655172413793,0.6551724137931034,0.13793103448275862,95.53239298828575,108.97167196700006,89.65458781464145
1425,98.37221733659028,112.3734548950324,89.55240372027646,100.66623256826273,False,False,维持,0.1206896551724138,0.7155172413793104,0.16379310344827586,102.9151213027948,108.96787528024123,93.83456094783763
1426,90.32957958360588,111.5561340633828,90.20654148861702,99.26470088022268,False,False,维持,0.07758620689655173,0.9224137931034483,0.0,111.0052294017659,98.56875009104826,94.3537073448283
1427,86.82192051364203,131.69303528971002,86.15157774191648,105.4685004460065,True,True,维持,0.07758620689655173,0.6637931034482759,0.25862068965517243,117.48067904282155,110.01086226916937,98.6575869346808
1428,93.81257249887427,117.54143237912331,88.11097763567531,100.33867293908722,False,False,维持,0.1206896551724138,0.7844827586206896,0.09482758620689655,117.54143237912331,100.91764279076428,95.30868863539922
1429,88.9019737860139,116.96344764241798,88.9019737860139,101.61659176005968,False,False,维持,0.11206896551724138,0.7586206896551724,0.12931034482758622,109.91156302222494,104.65906649828753,90.05979040233653
1430,90.23483311596536,119.29531733940837,87.71587731450204,100.82849917288462,False,False,缓和,0.20689655172413793,0.6724137931034483,0.1206896551724138,108.21820103542679,94.53614167998133,94.2639010486704
1431,101.03199426623722,122.14419783887229,87.87799090305737,102.1261992912553,True,False,维持,0.05172413793103448,0.8362068965517241,0.11206896551724138,105.12208748966482,99.57263451073489,95.25789453452376
1432,88.57550190696183,126.54491172956108,88.32266444339041,103.07730612065232,True,False,缓和,0.09482758620689655,0.6982758620689655,0.20689655172413793,125.22628996754872,99.49555961546426,99.2105646219285
1433,91.15335133945506,113.4214808397945,88.52175678447641,101.47230691029493,False,False,维持,0.13793103448275862,0.7413793103448276,0.1206896551724138,102.78437156342626,97.36809689359511,106.8490432345343
1434,90.23740907504485,124.946113014114,87.77240004450078,103.0309040854748,True,False,维持,0.06896551724137931,0.7241379310344828,0.20689655172413793,111.14971092858283,118.29929295180389,91.91505869951335
1435,89.50605119157267,124.40037361121989,85.96359775667696,104.42497519424464,True,False,维持,0.15517241379310345,0.5431034482758621,0.3017241379310345,117.18632287160666,112.19141272588958,96.43178932553761
1436,91.60185958144015,119.54840686821376,88.75107557523188,101.48970760769224,False,False,维持,0.15517241379310345,0.6982758620689655,0.14655172413793102,108.99537315014243,104.70846958070405,90.16821035782998
1437,94.42745141200558,125.24061482253683,92.90621758299079,105.48235241831854,True,False,维持,0.0603448275862069,0.7155172413793104,0.22413793103448276,114.80153889096962,97.34602135975275,98.97010562215327
1438,96.55987678255346,124.03373260912291,89.6562385260999,102.4706504189627,True,False,维持,0.13793103448275862,0.7068965517241379,0.15517241379310345,117.13543331793109,99.58390069497605,96.96539099819387
1439,88.43325149252291,121.91429150027524,88.43325149252291,100.21624160820062,True,False,缓和,0.14655172413793102,0.7844827586206896,0.06896551724137931,104.28646734964599,101.58145646388598,90.57746125209157
1440,95.90361738498284,112.34601696290186,89.52020117091149,102.045633212361,False,False,升级,0.02586206896551724,0.8448275862068966,0.12931034482758622,106.89902291302884,105.297391486934,100.42252081303673
1441,94.00317556811409,117.72339123194016,90.1101848549116,101.58432147164704,False,False,维持,0.09482758620689655,0.8017241379310345,0.10344827586206896,106.240307620042,104.83424871755136,93.71703648818871
1442,106.93366409607619,115.9368688764336,91.17516930983382,102.61101595542601,False,False,缓和,0.08620689655172414,0.75,0.16379310344827586,110.62556547654248,99.55597994602321,91.17516930983382
1443,91.36794899796519,119.91499058579332,90.25580385419968,101.63847361273655,False,False,缓和,0.06896551724137931,0.7931034482758621,0.13793103448275862,105.31546149232945,102.36422022518369,96.65797282970534
1444,90.90656999162081,120.55915119567675,89.62415990498016,102.4937038312937,True,False,维持,0.06896551724137931,0.7586206896551724,0.1724137931034483,115.6503139697473,103.95101198695833,103.48195024756947
1445,89.75684224940863,115.12127267453005,88.13464507863127,100.58076332203278,False,False,维持,0.16379310344827586,0.7327586206896551,0.10344827586206896,96.88973735680186,114.20407771117391,91.99543439472568
1446,87.24544832804936,115.8923836196657,87.03981763191756,101.47732774194249,False,False,缓和,0.11206896551724138,0.75,0.13793103448275862,103.02017110025014,103.29969464161861,101.26590024838475
1447,95.80657797519207,117.95755279146583,91.54326786799479,103.97726172651582,False,False,维持,0.09482758620689655,0.646551724137931,0.25862068965517243,107.29082389089275,114.70855646026105,93.34010693383601
1448,92.37042980165292,119.70858200683493,89.812074695611,102.47290679062898,False,False,维持,0.15517241379310345,0.7327586206896551,0.11206896551724138,111.91836997755355,106.45898641261758,98.43293647571451
1449,88.07999544915349,121.51239293641109,87.54745670372228,101.72154983763133,True,False,维持,0.11206896551724138,0.7672413793103449,0.1206896551724138,111.45946885613616,102.74251528856973,93.60813581504125
1450,85.3277625607669,127.8673363003669,85.3277625607669,102.40265852045783,True,False,缓和,0.13793103448275862,0.6982758620689655,0.16379310344827586,113.29370482220939,103.39814428020622,92.95902507958256
1451,108.0490298819493,112.68922333353181,91.44512558100435,100.83799452567507,False,False,升级,0.06896551724137931,0.7672413793103449,0.16379310344827586,104.24556393392184,102.56400809320101,92.01311025865208
1452,92.77375392246343,116.94598584822901,90.24684725475576,100.86314251553179,False,False,维持,0.07758620689655173,0.8275862068965517,0.09482758620689655,103.04690270757966,98.62614927303608,98.49059178850972
1453,91.78874500299698,117.22747828230426,89.37902083851505,101.11600139988751,False,False,缓和,0.14655172413793102,0.7413793103448276,0.11206896551724138,108.61143224601709,100.67735707401023,96.17259237248645
1454,91.32456151703168,123.47234339106792,89.58426543987554,101.03777158740522,True,False,维持,0.07758620689655173,0.8706896551724138,0.05172413793103448,117.67544056129027,99.18249358476666,97.51542155535799
1455,89.85265585110221,119.36552502410031,89.85265585110221,100.8180818778958,False,False,维持,0.10344827586206896,0.7931034482758621,0.10344827586206896,105.545161466142,107.53524856028228,92.13362950436463
1456,90.06154023564667,126.77195651237737,90.06154023564667,104.87270934447,True,False,维持,0.0603448275862069,0.6810344827586207,0.25862068965517243,110.23446316769774,106.85727872446613,96.28404735867701
1457,94.98257371891975,129.9307524787992,90.9418530468031,103.90719995965384,True,False,维持,0.034482758620689655,0.7413793103448276,0.22413793103448276,118.6988473257908,101.01754838417648,104.88991525149925
1458,88.54151623815747,125.66414009610651,87.86726207001847,105.13412590541337,True,False,维持,0.07758620689655173,0.6982758620689655,0.22413793103448276,111.17644464708144,103.25793948490049,94.43961351340984
1459,89.18257800828957,110.18217620632471,85.8022881022116,98.65342331153907,False,False,维持,0.14655172413793102,0.8189655172413793,0.034482758620689655,107.13717221225343,95.91420153642065,101.40460248267789
1460,91.64093902727487,118.448186117954,91.64093902727487,100.9389848803599,False,False,缓和,0.21551724137931033,0.646551724137931,0.13793103448275862,100.5601568135065,94.10218941608595,103.59777696246483
1461,87.67593309086466,114.20148780484489,87.67593309086466,100.87085229883495,False,False,维持,0.15517241379310345,0.7327586206896551,0.11206896551724138,102.21453656514575,103.24070472678018,105.70052446046016
1462,87.97025568225024,113.23888005356761,86.57212552292792,99.66884342753363,False,False,维持,0.12931034482758622,0.853448275862069,0.017241379310344827,109.82851091115342,92.67921969074135,91.55501935688886
1463,96.05273594591114,127.94682801238883,89.3340493847488,102.36385539102733,True,False,维持,0.034482758620689655,0.8189655172413793,0.14655172413793102,107.86819400106029,99.3879761268177,105.66134060609924
1464,102.2142611522072,120.73514366454462,90.50329125542962,104.03905580311753,True,False,升级,0.11206896551724138,0.6206896551724138,0.2672413793103448,104.03212457473845,107.95375821993814,95.71894556218771
1465,90.14214328505274,123.1715593656977,90.14214328505274,103.18530342856377,True,False,缓和,0.08620689655172414,0.7413793103448276,0.1724137931034483,121.68988699860476,98.24911500860001,104.6555728468753
1466,92.87418154587724,115.33988046839337,90.87537553271181,100.85564551464287,False,False,维持,0.09482758620689655,0.8793103448275862,0.02586206896551724,106.70056852336387,102.062494593139,101.54451797501069
1467,91.44762272757661,134.2400018301253,89.98003505629403,102.55009092502642,True,True,维持,0.1896551724137931,0.6206896551724138,0.1896551724137931,103.69141455084551,99.60564038175865,95.40563480299889
1468,88.75400994403769,115.35900526340455,87.00482637737754,99.30602281932703,False,False,维持,0.16379310344827586,0.7931034482758621,0.04310344827586207,109.02429644562203,96.90760973732438,94.62448215619175
1469,92.0663697680977,125.18238509180783,86.66314744044345,101.36108163091771,True,False,维持,0.2413793103448276,0.6293103448275862,0.12931034482758622,104.9826261161289,95.38395350187194,97.03767941233964
1470,94.02422997980665,126.32621644159067,91.07506899158328,101.84183387358246,True,False,维持,0.08620689655172414,0.7758620689655172,0.13793103448275862,122.77769553038627,96.87139115231116,96.31525779881088
1471,92.39796253011775,127.92958524575532,90.22297219829974,105.18239810806685,True,False,维持,0.14655172413793102,0.5775862068965517,0.27586206896551724,120.47815785657112,105.48613791234341,93.60388735035227
1472,93.07441634035432,115.52198911920352,91.1910389689324,101.02631614319412,False,False,维持,0.1206896551724138,0.7586206896551724,0.1206896551724138,100.42054989889652,105.00668577521685,94.16891243037729
1473,88.9249067427076,117.76345258219804,87.27082194642011,103.06493782764329,False,False,维持,0.11206896551724138,0.6810344827586207,0.20689655172413793,103.43703595917434,105.98387903303755,97.61940414022573
1474,92.20321394497734,116.97918991778607,88.84188051954948,100.69251804534187,False,False,维持,0.23275862068965517,0.6982758620689655,0.06896551724137931,109.0969282702981,103.47392230949022,91.4238745554326
1475,91.71589864600415,120.84925796842494,87.31949913990573,101.41182170507992,True,False,维持,0.14655172413793102,0.7155172413793104,0.13793103448275862,112.92487409517805,100.54005717437585,103.569455311623
1476,89.3885920041752,128.28636059879383,89.3885920041752,103.23064022968357,True,False,缓和,0.13793103448275862,0.6724137931034483,0.1896551724137931,106.8348082938421,102.43853293897487,91.97525812789728
1477,88.94319631506853,125.69433765177648,88.94319631506853,102.3779248412625,True,False,缓和,0.1206896551724138,0.7844827586206896,0.09482758620689655,105.2197416744446,98.94169654976845,96.11124339059528
1478,96.9587755657236,114.81464882681479,87.7311515439372,99.92516604374569,False,False,升级,0.11206896551724138,0.7931034482758621,0.09482758620689655,105.31234631051716,97.67736096651853,89.58269045619802
1479,90.1701786407372,125.9232056199186,88.41713260499786,103.32683886885741,True,False,维持,0.12931034482758622,0.6379310344827587,0.23275862068965517,119.88079788328831,104.54092531566653,96.0290300103177
1480,90.4909314107195,113.4623613329407,90.4909314107195,101.4271351898926,False,False,缓和,0.13793103448275862,0.8017241379310345,0.0603448275862069,110.21826171755927,99.52346805628355,95.68572264931753
1481,93.08464751623178,118.02641201936318,93.08464751623178,105.54388516177904,False,False,维持,0.08620689655172414,0.5948275862068966,0.31896551724137934,108.29228791608358,108.7152933417774,95.77738150711465
1482,88.68491193284099,117.96995534236898,86.75331468998935,100.38304606865898,False,False,维持,0.15517241379310345,0.7327586206896551,0.11206896551724138,105.45482367853124,98.08591420182347,94.06167077593986
1483,92.41598097300059,122.512341358907,89.2488678352365,98.74903309210632,True,False,缓和,0.12931034482758622,0.8362068965517241,0.034482758620689655,106.28463466798168,96.55277120054934,95.4535715455487
1484,90.99498738209026,131.11973148626433,87.91112764665515,102.0655172182411,True,True,维持,0.08620689655172414,0.7586206896551724,0.15517241379310345,105.23173341922353,106.42935024970146,93.23085048746276
1485,90.50648262386409,118.7966054108306,86.15164124045924,101.67752179056535,False,False,维持,0.13793103448275862,0.6982758620689655,0.16379310344827586,111.72855797501671,116.36982573383253,93.29925030231018
1486,91.90637550286225,109.65024626180056,88.17840169373704,98.0171342094378,False,False,维持,0.1810344827586207,0.7931034482758621,0.02586206896551724,103.16998377773707,102.02412332596042,91.06111902449561
1487,89.25233689229592,123.33607549777366,88.25641114760329,100.96842837164353,True,False,维持,0.1206896551724138,0.7327586206896551,0.14655172413793102,102.77905248375286,104.89342861509861,92.94667638779346
1488,91.99482163963052,122.2089670710969,86.89904933627157,102.633526483418,True,False,维持,0.12931034482758622,0.6896551724137931,0.1810344827586207,103.97557211453176,110.48859461862018,92.28099179055559
1489,93.64409699372824,135.3276857444745,90.80964965018791,105.6913830144634,True,True,维持,0.11206896551724138,0.5862068965517241,0.3017241379310345,133.0294049980604,112.70863637480781,94.2992289215076
1490,90.47041834540903,121.56806818744779,89.72818901444086,99.61038818740542,True,False,维持,0.21551724137931033,0.7327586206896551,0.05172413793103448,105.09771449681357,99.07113508567228,90.42072137698808
1491,90.53650671641988,121.39691346653576,88.83666442591665,102.22853912139603,True,False,维持,0.11206896551724138,0.75,0.13793103448275862,114.14633557751506,106.69634713510634,97.680597214389
1492,89.16861385564631,127.44097513609817,89.16861385564631,102.33644774092559,True,False,维持,0.11206896551724138,0.6724137931034483,0.21551724137931033,118.8624396011419,94.2633570454265,99.82689902145937
1493,92.18228736099874,118.09162681327395,92.00825784680163,102.32635467288175,False,False,维持,0.08620689655172414,0.7844827586206896,0.12931034482758622,107.64666109061966,105.98500742054458,98.37611083929626
1494,90.59393974203019,112.08197620906404,88.98837572705911,100.4390123459957,False,False,维持,0.14655172413793102,0.8362068965517241,0.017241379310344827,108.92206524660531,98.5351532199971,100.9845591910014
1495,89.71170290784849,109.25348486197308,88.98741361193477,99.89728703400138,False,False,缓和,0.12931034482758622,0.8017241379310345,0.06896551724137931,106.3723384554243,102.55658197946124,95.49473396351179
1496,89.97875408015831,119.8496572254041,89.97875408015831,100.19113264778338,False,False,缓和,0.13793103448275862,0.8189655172413793,0.04310344827586207,116.71380742511815,92.8304140300767,95.85526280439083
1497,90.36820756577204,113.47087684182894,88.06467871601487,100.16695331313227,False,False,维持,0.06896551724137931,0.896551724137931,0.034482758620689655,109.00871754369953,101.21471820003948,92.56589642306122
1498,88.41402475021916,119.04344261740336,88.41402475021916,101.07982678841154,False,False,维持,0.20689655172413793,0.6206896551724138,0.1724137931034483,108.96863514194266,95.35620369740762,92.6352347971158
1499,92.75146534452838,127.30431641913114,86.42484773857338,100.19725201452847,True,False,维持,0.1206896551724138,0.8017241379310345,0.07758620689655173,106.74957438760282,99.33740394804563,90.59908992927143
1500,94.65545987412469,123.73723980607275,89.0762533839004,103.00454867273862,True,False,维持,0.16379310344827586,0.6724137931034483,0.16379310344827586,123.7136156337944,101.17083953425384,98.20496628227677
1501,94.19890089089726,126.9847838703871,88.85068702819245,102.35914462098096,True,False,缓和,0.09482758620689655,0.7241379310344828,0.1810344827586207,110.01453553034652,99.05437699504175,95.61246072644414
1502,91.32421626462295,120.15080554103695,88.69168615905548,99.38132215825497,True,False,维持,0.23275862068965517,0.7155172413793104,0.05172413793103448,101.13834861112554,101.76735533637974,93.2095509021775
1503,88.13893750850879,128.27835626697052,86.88207120320747,104.10986792011053,True,False,维持,0.07758620689655173,0.6724137931034483,0.25,117.03339465762522,112.36821919163354,92.56231536431412
1504,85.08160951228768,116.28176767976424,85.0343666941582,100.55488703005537,False,False,维持,0.07758620689655173,0.8362068965517241,0.08620689655172414,112.93930589478833,97.37408326757574,94.1729509635044
1505,92.9036538396453,119.69562891312648,90.91656126042326,101.636664483394,False,False,维持,0.1810344827586207,0.6982758620689655,0.1206896551724138,100.20061474107442,105.94821483645828,103.54865985398202
1506,87.20547106464275,120.72595226442677,87.20547106464275,101.70128709257824,True,False,维持,0.14655172413793102,0.7672413793103449,0.08620689655172414,116.52796415695163,106.00787440774434,97.0710921335181
1507,90.96219526827953,113.54794854082864,87.52213732335758,100.84170814048366,False,False,维持,0.1206896551724138,0.7931034482758621,0.08620689655172414,104.26416307412268,103.61731616123231,97.08637863822898
1508,91.86027252790608,118.05486638363404,89.00108018758911,101.1626504541399,False,False,维持,0.12931034482758622,0.7327586206896551,0.13793103448275862,114.0765984547436,113.86017750008625,96.52122556980295
1509,96.68116241035128,120.92610013546891,91.40079150469477,102.3950776900103,True,False,维持,0.13793103448275862,0.6293103448275862,0.23275862068965517,98.50922583145166,110.28044690000456,104.7658429011359
1510,97.60057958982281,114.5950544296895,92.95296581447248,100.7938156735813,False,False,维持,0.16379310344827586,0.7327586206896551,0.10344827586206896,105.76334888762176,97.58501027959908,97.79699294035997
1511,92.79656348509515,126.05204513507675,89.51162282466345,102.96925586169591,True,False,维持,0.1724137931034483,0.6206896551724138,0.20689655172413793,110.71689050630752,99.3780935726954,95.46920156244992
1512,92.3948990259645,125.8009331359974,88.29944454817192,101.23026173159606,True,False,维持,0.08620689655172414,0.853448275862069,0.0603448275862069,107.90364502634748,99.79206260179018,97.75191185022655
1513,101.06327426612239,118.11388381926072,91.36414846447725,103.54829669541387,False,False,维持,0.16379310344827586,0.6379310344827587,0.19827586206896552,115.01287528179513,98.48606313902508,103.00435492871762
1514,89.2683103838235,118.70343387603064,88.84408771578735,99.78826507176524,False,False,缓和,0.1206896551724138,0.8362068965517241,0.04310344827586207,105.73335263374088,98.65683878019071,93.8822479341996
1515,89.05250266984724,122.15603206088656,86.93886310394278,99.6356114084341,True,False,缓和,0.15517241379310345,0.7586206896551724,0.08620689655172414,108.4057080234816,95.65510033951554,92.89107006721778
1516,88.77190235015033,125.85197534404541,87.74542397171275,100.14537341153364,True,False,缓和,0.25,0.6637931034482759,0.08620689655172414,112.78569368495658,102.56179567495575,95.69533714218616
1517,88.92652193598363,120.08418699234322,88.14471579615764,100.15894112499136,True,False,维持,0.20689655172413793,0.6982758620689655,0.09482758620689655,107.59076380521583,99.74379186228414,95.22633829998966
1518,88.5258405416403,120.35431604099917,86.64380261713116,101.08922204984829,True,False,缓和,0.11206896551724138,0.75,0.13793103448275862,107.52702063118362,97.03223404006116,107.43828184330553
1519,91.56456664032117,117.31042000835413,88.73473094693092,99.87732921000767,False,False,维持,0.11206896551724138,0.7931034482758621,0.09482758620689655,114.14012128361867,99.35311078684299,95.65536965161854
1520,97.21411686279487,111.90237851557906,91.92602751552704,100.35060675307649,False,False,缓和,0.16379310344827586,0.7068965517241379,0.12931034482758622,105.98456241913229,98.89762950341398,92.54197630552024
1521,90.71234555495911,118.72324872284801,88.47386591840755,101.52527112268666,False,False,维持,0.14655172413793102,0.6982758620689655,0.15517241379310345,111.98934934417787,114.94557172880492,93.21787015693978
1522,93.70725702495567,119.84246279628509,90.60413061049717,102.09000883819297,False,False,维持,0.11206896551724138,0.7931034482758621,0.09482758620689655,113.10223743934668,99.08296144810244,96.1389822123264
1523,91.95471960486248,120.74696631750992,87.043247110898,103.11164780134398,True,False,维持,0.1724137931034483,0.6293103448275862,0.19827586206896552,102.68310132887704,107.50048942339524,99.14996697252032
1524,93.70297319344964,112.56652890535715,89.51221082676176,100.4863379255303,False,False,维持,0.05172413793103448,0.9137931034482759,0.034482758620689655,105.4589548114235,102.96293097921287,94.17333973116698
1525,94.12219562335136,123.91198652256493,90.97429906780171,103.32695647593286,True,False,维持,0.04310344827586207,0.7586206896551724,0.19827586206896552,107.19656822785957,100.99067970857662,98.91809278039462
1526,89.70642220297408,123.06013033959997,89.25181040893412,102.79162771111365,True,False,维持,0.15517241379310345,0.6637931034482759,0.1810344827586207,109.63567290388684,103.61357149524962,92.46962415311043
1527,88.32030439197044,111.39922321346525,88.32030439197044,99.38665880299585,False,False,维持,0.09482758620689655,0.896551724137931,0.008620689655172414,104.84806692657418,97.42104613989707,94.08702911401647
1528,94.98132715506634,125.21592170423062,90.96190483408793,103.4773058841577,True,False,维持,0.07758620689655173,0.7758620689655172,0.14655172413793102,110.84166218196155,98.41624327633433,96.19861621694726
1529,89.5874382715746,134.16221166502504,89.36857276365232,104.53235203016757,True,True,缓和,0.09482758620689655,0.7241379310344828,0.1810344827586207,108.59283761412507,95.87946721640016,100.85527739532714
1530,91.46440974600276,121.4297096003266,90.64030053589833,102.73407382677615,True,False,维持,0.05172413793103448,0.7586206896551724,0.1896551724137931,121.4297096003266,101.30144416594531,97.48021785361998
1531,93.2224480373708,129.46493722894573,89.10208091614572,102.22970587170416,True,False,维持,0.15517241379310345,0.7155172413793104,0.12931034482758622,116.19839168437815,101.54698423783854,91.77605397216793
1532,91.78259992398252,129.20368055174157,86.4588355101792,102.34709612693409,True,False,维持,0.1206896551724138,0.7844827586206896,0.09482758620689655,117.06108784394664,97.97154237050492,96.40656614859311
1533,96.55197015865664,114.11729016252661,88.8551930767174,103.20442681267217,False,False,维持,0.21551724137931033,0.5689655172413793,0.21551724137931033,106.75621200930348,113.20916062717428,99.61447025667708
1534,90.79571712524321,114.90015237438737,89.22919808604438,98.80030731940505,False,False,维持,0.15517241379310345,0.8448275862068966,0.0,104.48464099730583,97.33724146425021,93.22939719787861
1535,87.88593492038558,114.07098986944226,87.88593492038558,100.7813460799715,False,False,缓和,0.15517241379310345,0.7413793103448276,0.10344827586206896,108.50297552497766,112.26068410487369,92.97312679396455
1536,91.64429269214303,111.51641625690998,89.89286100554,100.12069784254138,False,False,维持,0.13793103448275862,0.7931034482758621,0.06896551724137931,103.98461784048949,101.53076822575,92.38552954604557
1537,89.75031784115721,124.4916321316643,89.00710069421419,102.60283785793158,True,False,维持,0.11206896551724138,0.7327586206896551,0.15517241379310345,113.11710847123504,109.23518208240121,91.28271679976214
1538,87.36792850136389,117.82604851399248,87.36792850136389,100.70483194739492,False,False,维持,0.08620689655172414,0.8275862068965517,0.08620689655172414,103.27035348104128,104.45564109137332,96.83848045328327
1539,90.13490603494009,119.62064231838055,88.07709411682822,100.91063711305061,False,False,维持,0.10344827586206896,0.8189655172413793,0.07758620689655173,101.81299340755157,98.82670582656344,97.1146180264842
1540,94.4693989261928,120.75372839510155,88.76361762909751,101.24598791928018,True,False,升级,0.11206896551724138,0.7672413793103449,0.1206896551724138,110.98044419511754,96.98027359473976,103.73311492645028
1541,91.97887573572463,115.35070018595219,89.57202896111133,101.7152962151082,False,False,维持,0.09482758620689655,0.7672413793103449,0.13793103448275862,98.3059031635389,106.50911955799276,95.31086282332556
1542,88.44617284314829,116.09107594080895,86.65218246161446,102.4176134392927,False,False,维持,0.14655172413793102,0.6724137931034483,0.1810344827586207,109.79268933129322,116.09107594080895,94.87347370614766
1543,96.53378920958322,121.53424257101692,89.29607461928791,102.90535581224567,True,False,维持,0.10344827586206896,0.6379310344827587,0.25862068965517243,118.34081916514015,99.86546922688726,97.30754917058586
1544,91.98109379489367,122.82601038018595,88.62623202832364,100.56273074911557,True,False,维持,0.15517241379310345,0.7758620689655172,0.06896551724137931,107.55371244066421,101.08296395074119,95.21364308580782
1545,90.99784220135786,123.15476084073482,90.99784220135786,104.1580256628886,True,False,维持,0.06896551724137931,0.6982758620689655,0.23275862068965517,109.03574830831676,101.72352120564095,98.66922701773645
1546,91.06196043400419,119.89685683705676,90.3661778310834,99.58086076641712,False,False,缓和,0.13793103448275862,0.7758620689655172,0.08620689655172414,103.91403010778454,95.26906044192371,96.13365461819068
1547,88.64568855501135,114.97953694042953,87.81628487417387,101.33765514331861,False,False,维持,0.0603448275862069,0.8448275862068966,0.09482758620689655,111.95732122377828,98.74923308283178,100.50565848470708
1548,87.77484027754271,130.07040199919584,85.93015497318365,101.928139757934,True,True,缓和,0.15517241379310345,0.6810344827586207,0.16379310344827586,110.41743726462134,103.66432837048121,94.24139174513391
1549,89.7820725750672,131.769601768645,89.7820725750672,105.03005300521227,True,True,缓和,0.1206896551724138,0.6206896551724138,0.25862068965517243,108.05477811255855,101.61091802661481,94.47379591268067
1550,95.15200150277208,129.49052371102738,91.40013522871041,105.7309358932033,True,False,维持,0.11206896551724138,0.5948275862068966,0.29310344827586204,113.37775307402127,108.03884907874765,92.66175784640046
1551,91.82309490597868,117.54925356326356,90.72794922716537,100.09526743734796,False,False,缓和,0.11206896551724138,0.8017241379310345,0.08620689655172414,102.02091504534951,99.32442420876268,96.76208895205582
1552,92.31456164784352,125.98190701306504,91.5968844735972,102.64363180454485,True,False,维持,0.19827586206896552,0.6810344827586207,0.1206896551724138,125.98190701306504,103.784935820998,98.97015467432584
1553,90.74807651750108,122.25125290021161,89.25667803683825,103.17249034628834,True,False,维持,0.10344827586206896,0.6551724137931034,0.2413793103448276,108.06869641825571,100.07395411857698,105.29377109748049
1554,85.23565752723091,118.42645810520878,85.23565752723091,99.66339823755877,False,False,缓和,0.1810344827586207,0.7844827586206896,0.034482758620689655,108.24514681659447,98.73531642775234,91.8376215621079
1555,91.22157334810915,119.55416291682063,88.13156019837497,102.64166410198003,False,False,维持,0.11206896551724138,0.7327586206896551,0.15517241379310345,105.38834760045125,111.65451063410859,98.27606577375849
1556,97.2994666331316,126.15040866778936,91.16046738913256,102.62559781579833,True,False,维持,0.1206896551724138,0.7068965517241379,0.1724137931034483,111.34846567727554,97.8477894805406,93.46969372310669
1557,94.61571362729495,122.69074472068563,89.4740142393508,101.84535222997742,True,False,维持,0.07758620689655173,0.8189655172413793,0.10344827586206896,116.39865034709577,102.14306058445172,93.30129402864877
1558,91.87940674622199,125.43951073300954,91.02918606122432,102.01143228838566,True,False,缓和,0.13793103448275862,0.7068965517241379,0.15517241379310345,108.81968109721518,103.17820964423842,97.26631967162035
1559,88.96779727445046,117.88945559142189,88.96779727445046,100.9483417450221,False,False,维持,0.08620689655172414,0.8620689655172413,0.05172413793103448,105.15275988520213,99.49303126862482,92.16308210038909
1560,95.1613777092327,113.42441146542491,90.15101369855695,101.4657094675595,False,False,维持,0.12931034482758622,0.7586206896551724,0.11206896551724138,105.99141555757541,100.21887962223603,93.32016275349842
1561,91.38372392339927,123.03532709789994,89.41563050746755,101.75678906962199,True,False,缓和,0.1724137931034483,0.7413793103448276,0.08620689655172414,115.38584161569533,99.62437307921573,92.3168778369512
1562,92.58061745011702,114.5736950281337,87.12280709617043,99.34717233403701,False,False,维持,0.14655172413793102,0.8189655172413793,0.034482758620689655,106.53503623702571,101.00917826691082,89.13607372150187
1563,97.58285275526447,113.66000164311575,89.24041513523832,100.02343868335448,False,False,维持,0.13793103448275862,0.8448275862068966,0.017241379310344827,102.32938121167273,101.24548133711758,98.1668653321804
1564,88.88800602372828,131.67996989107473,88.88800602372828,104.69412245931314,True,True,维持,0.11206896551724138,0.6982758620689655,0.1896551724137931,113.83716475449286,101.52573487986577,99.54576917954901
1565,94.51968802260313,124.57580113488383,90.949874755673,101.1076721095316,True,False,维持,0.04310344827586207,0.896551724137931,0.0603448275862069,102.37293561634525,100.45057104527118,94.2647467498923
1566,97.70920572659735,119.29202053236645,89.44419599837052,101.88249804788292,False,False,维持,0.10344827586206896,0.7155172413793104,0.1810344827586207,105.24527814060781,99.80598786727212,91.30484490805193
1567,91.70370706212464,121.82497312688625,89.19519394676503,98.94294499923498,True,False,维持,0.16379310344827586,0.7586206896551724,0.07758620689655173,106.91632793981982,98.7612719423203,94.05249265672843
1568,91.86484850477359,111.43614494833398,90.17873167869593,99.03881504725662,False,False,维持,0.13793103448275862,0.8275862068965517,0.034482758620689655,100.3650922217151,102.3415909225642,95.11396069087573
1569,92.25930840084195,119.15188331355388,85.34997570360298,98.20810323941184,False,False,维持,0.12931034482758622,0.853448275862069,0.017241379310344827,99.54413011083597,98.17033116529679,92.25161702125831
1570,89.29959257154395,110.17949169104357,89.29959257154395,100.2812035834895,False,False,维持,0.034482758620689655,0.9482758620689655,0.017241379310344827,105.00913802036125,100.88295234318312,99.63084858908613
1571,101.87329100031856,113.14523220739277,91.9907672725671,100.63133856997332,False,False,升级,0.07758620689655173,0.8620689655172413,0.0603448275862069,108.03740613498394,97.63101522891172,100.7968570444429
1572,93.07935667609789,111.58724152621237,87.43788868976553,99.73701831089039,False,False,维持,0.12931034482758622,0.8620689655172413,0.008620689655172414,102.09918456737445,102.24548925758734,93.84028158331209
1573,92.60860353066286,120.69033598435414,89.61258801291177,101.57937055411543,True,False,维持,0.10344827586206896,0.8017241379310345,0.09482758620689655,103.62774852797075,114.28980345692798,93.0795881688805
1574,90.55005012804911,113.16355577920028,88.791511644722,101.3607716699353,False,False,维持,0.15517241379310345,0.7155172413793104,0.12931034482758622,106.59689890410482,100.44011949113315,97.48952799199131
1575,91.78857329374814,114.12468708945346,91.73749548236684,100.4818948328926,False,False,维持,0.10344827586206896,0.8103448275862069,0.08620689655172414,114.12468708945346,99.20324151581228,95.7297340733167
1576,90.75434181651106,120.7697788349346,87.92241230475481,101.38995273213176,True,False,缓和,0.13793103448275862,0.7931034482758621,0.06896551724137931,101.12444803071396,108.58299608349355,91.33696658081902
1577,88.485819248741,118.62576307970973,87.51535748519113,100.34714540898966,False,False,维持,0.14655172413793102,0.7327586206896551,0.1206896551724138,108.30525902320336,114.29632379814181,92.57257216249317
1578,87.85580779475288,131.8422477935428,87.80392861263579,103.71817971764027,True,True,维持,0.12931034482758622,0.6810344827586207,0.1896551724137931,103.77153781170165,103.3858646760433,95.2085323014828
1579,95.35497547517787,116.47399069824898,90.02096895108093,100.23879471446072,False,False,维持,0.08620689655172414,0.8275862068965517,0.08620689655172414,105.51952442365354,99.39970829270716,94.80897215359087
1580,92.8267886009078,111.89613933107856,91.53385449447364,99.88477445960888,False,False,维持,0.12931034482758622,0.8620689655172413,0.008620689655172414,103.18559183688957,100.66614907916494,99.30254426756848
1581,89.64363884991357,122.59198899757607,85.54602818996626,99.74133079364248,True,False,维持,0.1724137931034483,0.7672413793103449,0.0603448275862069,103.68872629627069,100.47964547333513,96.27306146547828
1582,90.53873578563204,121.8502987440368,88.69451695176127,100.87648830237619,True,False,维持,0.10344827586206896,0.8103448275862069,0.08620689655172414,100.65376815649887,99.00963107988964,98.7940135659335
1583,94.0452743095886,121.01407510652238,90.57412646959541,103.88826374999765,True,False,维持,0.034482758620689655,0.7413793103448276,0.22413793103448276,110.33279919665146,109.15401966194409,96.01047035108823
1584,103.63234893157143,115.3640900727897,89.26805615582884,101.4920597711248,False,False,维持,0.15517241379310345,0.7068965517241379,0.13793103448275862,108.88877316356137,97.92833255310852,96.80213272175239
1585,95.90673124596584,132.29238754918856,89.24200026102176,102.30502809104388,True,True,缓和,0.19827586206896552,0.646551724137931,0.15517241379310345,116.2968422370809,101.80137802339031,96.38271581705469
1586,92.72944475096683,114.90884224910589,88.32558730276362,100.20280397776179,False,False,缓和,0.25862068965517243,0.7241379310344828,0.017241379310344827,106.30690858123423,97.94483562707181,93.60417379428934
1587,92.23875537914176,124.9056648326716,90.33099485773437,104.94024188397707,True,False,缓和,0.08620689655172414,0.6551724137931034,0.25862068965517243,124.73208793662445,101.82756739729936,97.83792289741497
1588,98.48676862780238,129.69383094363508,90.19505564851464,106.82657340847258,True,False,缓和,0.07758620689655173,0.6293103448275862,0.29310344827586204,124.34314869332853,107.62203419922564,94.30111790440003
1589,92.43280740617296,116.53045615625857,91.71106895451058,101.25073960114024,False,False,维持,0.13793103448275862,0.7931034482758621,0.06896551724137931,102.40752997780899,109.09285346158359,94.00520757018698
1590,92.43646701776426,111.6448921014273,89.8514001835546,99.86828376018067,False,False,维持,0.06896551724137931,0.9137931034482759,0.017241379310344827,107.1624800570482,100.89449404400148,93.04667759292587
1591,101.75932276729415,122.40774823013884,89.04854598121437,101.99260680909444,True,False,维持,0.10344827586206896,0.7155172413793104,0.1810344827586207,101.40984910335781,101.04693393942739,100.25012448544783
1592,87.11701434448622,118.50267771120916,87.11701434448622,101.59701786560042,False,False,维持,0.15517241379310345,0.7586206896551724,0.08620689655172414,114.20549103057098,106.20837838299096,94.80316282792876
1593,91.8377713019898,128.24450762155237,90.19375499740953,105.13325598520471,True,False,维持,0.09482758620689655,0.6982758620689655,0.20689655172413793,108.52939161876229,115.53732921188058,98.16434807511554
1594,96.35723473727064,110.3691939137083,88.98176521555071,102.34579330243012,False,False,缓和,0.14655172413793102,0.646551724137931,0.20689655172413793,102.85144207902458,104.68055043430762,103.41915982354874
1595,92.09422942984057,121.3346295777923,87.38870694109386,100.50100724306168,True,False,维持,0.04310344827586207,0.8706896551724138,0.08620689655172414,103.92616622362763,97.19422282870258,91.44790456750252
1596,92.80760108843839,114.84071008318003,91.65446399655718,100.70138147652918,False,False,维持,0.08620689655172414,0.8706896551724138,0.04310344827586207,106.75587566175166,98.24927076305923,98.2468150068658
1597,91.84291688978703,130.79137807014544,88.88485205010086,103.60771289565321,True,True,维持,0.10344827586206896,0.6982758620689655,0.19827586206896552,109.40596145009893,110.8725517725578,91.65896014256018
1598,89.64464864212157,121.94659452443605,89.22259392950397,102.78159618366382,True,False,维持,0.1896551724137931,0.6810344827586207,0.12931034482758622,112.99781596071416,106.6944231406951,98.65832840010012
1599,94.84877748954285,123.2160916549799,88.7475532827705,102.79283423814206,True,False,维持,0.0603448275862069,0.7672413793103449,0.1724137931034483,117.9064178105966,105.98332855199996,93.16355320691449
1600,89.68829603837334,114.478525296262,89.43596267986675,101.06212918488835,False,False,维持,0.23275862068965517,0.6120689655172413,0.15517241379310345,103.4295160703275,96.60197978258526,108.71838727545291
1601,94.9895567716898,111.85720912424252,91.42527483020223,100.10644202142986,False,False,维持,0.10344827586206896,0.8706896551724138,0.02586206896551724,108.22656628606032,102.27024436901397,96.08171122921364
1602,96.92767200548718,117.32181421108503,90.11862493109386,100.71190507384296,False,False,维持,0.12931034482758622,0.8103448275862069,0.0603448275862069,105.65254071311489,100.22138497544525,93.2834423928041
1603,92.49592556177329,116.77619753494312,92.42757055442556,103.41366405483545,False,False,维持,0.15517241379310345,0.7068965517241379,0.13793103448275862,107.23705837439344,108.7246398483012,101.52232121109367
1604,93.61368310550225,117.76902464611831,90.39528416491993,101.60470519686609,False,False,维持,0.12931034482758622,0.7327586206896551,0.13793103448275862,113.02263144664839,103.16793232391828,93.46561365604096
1605,92.08554679614974,115.80364626383368,90.93349321726187,102.95059459502573,False,False,维持,0.09482758620689655,0.7413793103448276,0.16379310344827586,110.29668564766935,98.0276059721618,111.13076893075582
1606,92.12308163905487,122.52173160473242,88.29132267509432,102.59988612745705,True,False,维持,0.06896551724137931,0.8275862068965517,0.10344827586206896,118.22154627864192,105.21447223546619,94.6706375712874
1607,91.23792026694528,125.1333056834532,89.78075204189604,102.67938883757142,True,False,维持,0.05172413793103448,0.7672413793103449,0.1810344827586207,110.4954981881254,97.80544758587085,94.67932531702846
1608,89.49296703068337,120.34795174987455,88.76876941241449,101.71822963823445,True,False,维持,0.14655172413793102,0.7758620689655172,0.07758620689655173,102.8656543666314,98.92763661061134,96.87837951649415
1609,88.41481278543272,121.3274347203639,87.07095765185656,102.1053546655503,True,False,维持,0.13793103448275862,0.6982758620689655,0.16379310344827586,112.33105071477195,104.1547583328812,89.77299325180178
1610,88.35704191896329,122.56610050036042,87.60720524703406,101.83886546000512,True,False,维持,0.13793103448275862,0.7586206896551724,0.10344827586206896,121.80075221882252,96.73318374675199,95.19433490411501
1611,90.78147569745903,121.86137752182482,89.83474495406028,101.47687325979406,True,False,缓和,0.07758620689655173,0.7931034482758621,0.12931034482758622,100.03349015872776,107.606330443307,93.47256073086604
1612,93.07163329066589,121.43301465565793,88.10828895964842,103.4770153941806,True,False,维持,0.0603448275862069,0.7931034482758621,0.14655172413793102,111.84342215290957,98.94144051883505,104.60001648089118
1613,93.58206764418745,114.11057191001625,91.32640539069894,100.05730645978619,False,False,维持,0.13793103448275862,0.8017241379310345,0.0603448275862069,104.4109271887035,106.7096950318256,100.26875596550234
1614,85.11533198130553,118.55004564860421,85.11533198130553,99.9369197037699,False,False,缓和,0.13793103448275862,0.7931034482758621,0.06896551724137931,104.58458667650487,98.37061492929914,95.92063200922988
1615,90.53702333667701,116.19883797158944,89.69970814800537,99.44141451131149,False,False,维持,0.07758620689655173,0.8706896551724138,0.05172413793103448,102.61643450633827,100.13123122560542,93.15648101986432
1616,88.67532070867628,124.05471839182266,86.72732455579268,103.14294042737389,True,False,维持,0.06896551724137931,0.7844827586206896,0.14655172413793102,119.48076963866994,98.77292599707599,93.33700830093777
1617,89.66018480202749,112.37376578095157,87.62462206117542,99.0257002008058,False,False,维持,0.1206896551724138,0.7758620689655172,0.10344827586206896,98.27941990930933,94.6849758165198,95.18185600304079
1618,97.64877633341129,127.18664694664344,89.04332450768085,105.15505474118622,True,False,维持,0.08620689655172414,0.7155172413793104,0.19827586206896552,112.79345951462824,111.39156682037381,93.43576578927428
1619,91.19904572456663,124.66399678314781,88.98432838394196,103.74020522602785,True,False,维持,0.16379310344827586,0.646551724137931,0.1896551724137931,117.80026541932432,111.24978445901168,93.21339948183372
1620,89.84875370394386,111.04593508545365,86.11552894287038,98.99259728929005,False,False,维持,0.22413793103448276,0.7413793103448276,0.034482758620689655,98.5475386444638,102.26917148637268,93.48127549539917
1621,99.71508555747579,116.45091061556344,91.01225782788615,98.95777424596523,False,False,升级,0.22413793103448276,0.7068965517241379,0.06896551724137931,97.39279661457343,95.82724865087695,96.3901083177166
1622,98.44255407049272,120.79525987899234,86.63880943419697,102.63129458022,True,False,升级,0.1206896551724138,0.6810344827586207,0.19827586206896552,106.810477714049,106.49729721746733,93.36480823141886
1623,90.02626736291097,115.07832045693372,90.02626736291097,101.6468252448275,False,False,维持,0.05172413793103448,0.853448275862069,0.09482758620689655,104.28822519939561,101.27319176061422,97.22346055234782
1624,95.63784369037072,118.98938152885965,89.0364959713222,101.5350749876235,False,False,维持,0.04310344827586207,0.8620689655172413,0.09482758620689655,106.61538719334214,105.95921566688124,93.64075203103418
1625,91.36838808049269,118.68606675204788,88.52937306659383,99.34053074588137,False,False,维持,0.1724137931034483,0.7586206896551724,0.06896551724137931,109.71869858711662,93.67435556242067,96.78965077465564
1626,88.34816147744495,117.69922098986902,88.34816147744495,102.53172261977431,False,False,维持,0.02586206896551724,0.8620689655172413,0.11206896551724138,106.2239817973113,107.81296514953075,96.34632394030433
1627,88.29854086291864,118.28476670215146,88.29854086291864,102.95515455990265,False,False,维持,0.09482758620689655,0.6724137931034483,0.23275862068965517,102.35993559315054,107.05993540221958,97.54732392830931
1628,90.45469235639737,117.11440549326247,87.57503944242676,100.60443577636858,False,False,维持,0.05172413793103448,0.8448275862068966,0.10344827586206896,115.33526088316547,100.39033410259619,92.68453165224706
1629,93.10348158988884,113.53400082063543,91.38964216163569,101.53338212911822,False,False,维持,0.09482758620689655,0.853448275862069,0.05172413793103448,102.70881560310477,105.17787809840473,99.83598933689952
1630,86.27405334970798,119.20547755293235,86.27405334970798,101.43274511562201,False,False,缓和,0.20689655172413793,0.6120689655172413,0.1810344827586207,104.28020511960978,95.6591283540477,94.31384254135529
1631,97.57424214526415,124.80445073594977,86.77765011369635,100.14963981504862,True,False,维持,0.21551724137931033,0.6896551724137931,0.09482758620689655,123.7213590560157,100.9315538466568,92.57605158693431
1632,91.52299047361166,117.8159916788682,86.84147582404466,101.25654028454144,False,False,维持,0.12931034482758622,0.7327586206896551,0.13793103448275862,101.96816064149867,102.27147388933001,99.90008244726167
1633,100.3428110803384,130.3389529220768,90.40969658774134,105.60618574080038,True,True,维持,0.10344827586206896,0.5862068965517241,0.3103448275862069,117.2111425504337,103.3712967564313,93.4298320229527
1634,92.08645973239787,113.59304999818902,87.76154944766523,100.62927348133513,False,False,维持,0.11206896551724138,0.8189655172413793,0.06896551724137931,105.73992846534605,101.99318878580662,98.4401732516016
1635,111.96314893254515,116.77755893766843,89.60013499467787,101.69012926134978,False,False,升级,0.14655172413793102,0.7068965517241379,0.14655172413793102,103.570178217776,101.93247256275855,100.94339764720601
1636,90.16558008574285,116.99601776261134,87.17023626790315,102.05571375571411,False,False,维持,0.15517241379310345,0.7155172413793104,0.12931034482758622,106.97016992282238,110.71366234345462,94.13309347332961
1637,90.98313218242563,117.8389207450099,88.1495225091619,100.88433813553853,False,False,维持,0.19827586206896552,0.6551724137931034,0.14655172413793102,99.87660059061899,105.88778901507897,110.8338693533421
1638,91.65811975211953,127.92060699800723,88.17310834562181,102.99570255634015,True,False,维持,0.1724137931034483,0.6551724137931034,0.1724137931034483,105.80583124976478,98.70969561235026,95.53621405739645
1639,87.93283616486269,122.74714804355288,87.17949577971646,100.81222695522469,True,False,维持,0.11206896551724138,0.8017241379310345,0.08620689655172414,119.78382958366683,102.13353727747361,95.72311736947576
1640,92.13966666603227,121.95730803185985,89.03369588041123,101.66873488283207,True,False,维持,0.1206896551724138,0.6810344827586207,0.19827586206896552,114.18656629058829,121.95730803185985,92.32777759630567
1641,96.3478441083178,116.56990243131493,87.25751147690553,101.42040569930606,False,False,升级,0.11206896551724138,0.8103448275862069,0.07758620689655173,109.81200926620524,99.05112812002592,99.58966612863674
1642,92.70525499148712,116.38719574942708,90.72578943467865,99.74479768366392,False,False,维持,0.11206896551724138,0.8448275862068966,0.04310344827586207,101.26939034714552,95.97374723275944,95.51814367960583
1643,89.77095053615274,125.08687202730823,88.8588472594819,101.51197052510601,True,False,维持,0.1206896551724138,0.7758620689655172,0.10344827586206896,117.4212937051454,96.08744967983512,91.75549046380951
1644,92.90241783466674,121.47031845902856,90.0600518105257,99.95191068185102,True,False,维持,0.22413793103448276,0.646551724137931,0.12931034482758622,100.36838695721177,97.48741962370653,96.75759675002911
1645,91.71066504220158,123.81257628493792,88.17736589543152,103.2565660863473,True,False,维持,0.12931034482758622,0.6637931034482759,0.20689655172413793,111.47126707437222,103.55573980447176,105.99740893019428
1646,91.1614881326442,116.49455837942261,90.11783533845252,102.02956018653805,False,False,维持,0.14655172413793102,0.6637931034482759,0.1896551724137931,105.38257640370844,102.41864664644191,111.98395898901533
1647,93.09086042417329,117.00600863199585,90.66680501236227,100.62008676771511,False,False,维持,0.12931034482758622,0.7931034482758621,0.07758620689655173,114.1556279602139,100.36718897765736,93.75424867241892
1648,95.77883430574235,120.63118558108057,93.2719370369714,104.40831237920246,True,False,维持,0.05172413793103448,0.6379310344827587,0.3103448275862069,115.6069565054466,111.37216853887203,97.43768597896977
1649,90.60195016034146,124.57693910814106,90.60195016034146,105.22590164025968,True,False,维持,0.06896551724137931,0.6896551724137931,0.2413793103448276,102.75655548160718,117.36675014283612,100.24510268080753
1650,88.89941561027821,115.94850163576983,88.6718388070802,100.66568141382034,False,False,维持,0.13793103448275862,0.853448275862069,0.008620689655172414,100.73406457494464,100.8852582934811,98.61028549458227
1651,89.56463187994486,113.42204110675343,88.63715837887975,100.58586490622073,False,False,维持,0.1206896551724138,0.7672413793103449,0.11206896551724138,103.74015631675248,105.30010328311353,95.46277617186972
1652,88.503087890219,124.55883328539839,88.503087890219,103.94797734059357,True,False,缓和,0.09482758620689655,0.7413793103448276,0.16379310344827586,102.8721222458875,104.95887205726075,95.69906143573348
1653,97.8140108973206,114.7781861318121,89.54656581635003,103.02983610549568,False,False,维持,0.0603448275862069,0.6982758620689655,0.2413793103448276,105.52001773437742,114.7781861318121,107.04813580051416
1654,91.07666304020765,120.56361745770951,89.21002098134187,102.50899178748085,True,False,缓和,0.07758620689655173,0.7586206896551724,0.16379310344827586,102.95264910921762,102.95221776315789,94.25835582813174
1655,90.01321721202349,115.28383102413449,87.44184451517006,101.59973811464204,False,False,维持,0.20689655172413793,0.6120689655172413,0.1810344827586207,107.63516518662622,108.98341695309676,91.24649179391515
1656,94.3722393162779,126.12164487033127,88.5870930892662,103.1315787910289,True,False,维持,0.0603448275862069,0.8017241379310345,0.13793103448275862,120.75440680341944,97.48409464263412,94.0887185404798
1657,97.00918158165926,122.91061668370487,87.42470812405962,103.15563988322958,True,False,维持,0.10344827586206896,0.7068965517241379,0.1896551724137931,104.78901971897062,102.26337037434305,107.20087000250717
1658,90.12254585618963,116.96242903450178,86.98060014148578,102.76655969436295,False,False,维持,0.0603448275862069,0.6896551724137931,0.25,103.84106555869835,115.31742927813431,95.62127184458724
1659,93.54444519052716,118.89600370019492,90.0182096719901,102.18095935542817,False,False,维持,0.09482758620689655,0.6982758620689655,0.20689655172413793,114.61483769380077,100.58216594785223,95.62820115569052
1660,94.45986372592553,118.95640403467414,87.83277467296463,100.36848681107705,False,False,维持,0.16379310344827586,0.7241379310344828,0.11206896551724138,101.7561754845741,93.02919710560782,95.45829143705079
1661,104.65673948444629,115.0593151064515,88.66282268645628,101.05053412235064,False,False,升级,0.14655172413793102,0.7241379310344828,0.12931034482758622,103.24756998951055,94.11462135743861,98.41593459265009
1662,90.88515725074326,130.34584483935225,87.35681645628951,101.79262729615256,True,True,缓和,0.09482758620689655,0.7672413793103449,0.13793103448275862,112.01238072347805,103.53532378331863,91.844725046936
1663,92.15817401830907,118.35956935369832,89.32563930642982,101.96664623451646,False,False,维持,0.05172413793103448,0.8620689655172413,0.08620689655172414,116.952321281359,104.87777663020226,92.58472726543387
1664,93.68066796417288,125.83910191748562,88.91293596708236,102.56254622488602,True,False,维持,0.1206896551724138,0.7155172413793104,0.16379310344827586,113.79211521056733,97.89914684514612,92.25990419729625
1665,85.76278684108286,117.39446643282889,85.76278684108286,99.46961389080903,False,False,缓和,0.25,0.7068965517241379,0.04310344827586207,103.47780460028112,94.97683146466525,95.4788850934319
1666,89.11358335195254,116.16999968655901,88.9867273922571,105.21479739755031,False,False,缓和,0.09482758620689655,0.6379310344827587,0.2672413793103448,110.36767001208543,112.518838978515,106.69352340300321
1667,86.75685939128226,117.66396672558403,86.75685939128226,102.80600523088943,False,False,维持,0.0603448275862069,0.75,0.1896551724137931,112.05474668343336,103.17963400948298,100.73244594334128
1668,89.6164546670799,114.90410876877593,89.6164546670799,100.56802354440939,False,False,维持,0.09482758620689655,0.7844827586206896,0.1206896551724138,101.0204463912525,102.88394049110514,100.72407363902809
1669,89.12687326753897,114.10000885445635,88.47567603142124,99.73502615662147,False,False,缓和,0.15517241379310345,0.7758620689655172,0.06896551724137931,100.09507379307155,95.85947761492197,98.20024627696384
1670,89.17484507377272,119.72832256503631,87.089362336482,102.81770840756974,False,False,缓和,0.12931034482758622,0.7413793103448276,0.12931034482758622,112.2053048814411,105.73337174766763,95.49305311624225
1671,92.69862553681678,123.83390502645629,88.6983911415018,101.26727060670822,True,False,维持,0.0603448275862069,0.8362068965517241,0.10344827586206896,112.6303192644327,100.68821717482007,93.26937420314273
1672,88.2763379709964,135.3256084666956,87.15864223667283,102.72375152318385,True,True,维持,0.1810344827586207,0.6724137931034483,0.14655172413793102,126.75371039614909,96.92095993691356,91.60349153471041
1673,88.20549101653994,120.72278418394284,88.20549101653994,101.2123244510028,True,False,维持,0.10344827586206896,0.8017241379310345,0.09482758620689655,105.68733495531005,100.84859382344658,91.18475286798275
1674,101.39628820517939,129.84865674482313,87.92168502339653,101.35696327276068,True,False,升级,0.15517241379310345,0.6810344827586207,0.16379310344827586,107.28136342340409,95.74048313091902,92.9008887407061
1675,88.18018800567467,114.49297654142045,88.18018800567467,99.79243088041218,False,False,维持,0.15517241379310345,0.7931034482758621,0.05172413793103448,110.02073381580702,93.16723943574179,91.04225406129966
1676,101.00702747150567,127.40204812696847,90.93659471354013,104.13458409838434,True,False,维持,0.09482758620689655,0.6810344827586207,0.22413793103448276,101.65316762510419,104.6787544752863,96.3320656497715
1677,91.603580080185,112.37445264381827,90.18634655309188,100.68527712277718,False,False,维持,0.1810344827586207,0.6982758620689655,0.1206896551724138,106.45614159855631,102.39068075554134,97.59974557321016
1678,90.20875873335358,124.83610557042826,89.82633129502612,100.16196539687438,True,False,维持,0.15517241379310345,0.7586206896551724,0.08620689655172414,106.51289114773184,98.86417404824167,95.36299938175974
1679,88.98165518886397,124.30895886079713,88.86031304471958,108.34766768103182,True,False,维持,0.07758620689655173,0.45689655172413796,0.46551724137931033,112.73616904353088,110.96329134953714,116.08094399753922
1680,92.45929619076462,120.86099248499178,87.67760081772536,99.86726603159096,True,False,维持,0.13793103448275862,0.7758620689655172,0.08620689655172414,102.45484565243763,101.66991031949837,95.00704543878294
1681,92.7860070125038,112.02404001163438,90.95288408175884,99.74376156004377,False,False,维持,0.10344827586206896,0.8793103448275862,0.017241379310344827,98.31944860747663,101.08782342624374,95.1287543230183
1682,88.37266398026394,123.74380397945104,84.99204199575226,102.70864941010213,True,False,维持,0.11206896551724138,0.7413793103448276,0.14655172413793102,104.94818576573537,113.0162365421543,94.86073322773113
1683,88.74752461024592,119.69943099217147,86.58116923984801,103.59967138975952,False,False,维持,0.06896551724137931,0.7758620689655172,0.15517241379310345,110.15311454517284,114.46478933051215,93.42896049675353
1684,92.3920776005678,124.19027899217967,88.35396278402354,102.14099210784825,True,False,维持,0.1896551724137931,0.6551724137931034,0.15517241379310345,109.75583357516231,100.44339330946495,90.34437459722152
1685,90.4862909802117,135.57887016077962,90.4862909802117,104.00864537491317,True,True,维持,0.12931034482758622,0.6293103448275862,0.2413793103448276,109.37252656704094,106.66585413666799,97.77027303063642
1686,91.40651446706421,110.31706931272943,86.34100513535934,99.543894561744,False,False,维持,0.11206896551724138,0.853448275862069,0.034482758620689655,104.67645626432105,100.97241644638176,98.10730958710238
1687,94.71307174502029,118.62044092991799,88.56088016466946,101.88823466234922,False,False,维持,0.12931034482758622,0.75,0.1206896551724138,106.00653484208173,105.1536554268278,91.90324458070884
1688,90.76556144120046,131.60401197958222,90.18055491616335,103.68427787084975,True,True,维持,0.15517241379310345,0.6206896551724138,0.22413793103448276,122.69755478684296,102.19133965812524,102.44632183415901
1689,91.57613811426079,110.52031428363681,87.083377752197,98.64038505639641,False,False,维持,0.29310344827586204,0.6637931034482759,0.04310344827586207,104.68656177728138,101.18063079900463,95.18288996634328
1690,88.22450910721979,120.15258674825617,88.22450910721979,103.05964407743649,True,False,维持,0.04310344827586207,0.8189655172413793,0.13793103448275862,108.69669466598356,116.57807323361561,98.27917677179794
1691,87.58620618257883,117.94810105229531,85.50726610501177,101.88774026374072,False,False,缓和,0.08620689655172414,0.7241379310344828,0.1896551724137931,117.85451644123503,104.37384602554609,93.30048247269157
1692,88.26716379468859,118.40355055619582,86.50849510246181,101.06590543731775,False,False,维持,0.14655172413793102,0.7068965517241379,0.14655172413793102,106.3026027354441,102.89703151259155,91.31964916706221
1693,88.85158372282635,110.79724313052196,87.4244919353851,98.37122289071974,False,False,维持,0.14655172413793102,0.853448275862069,0.0,106.58088072214373,97.93653296778712,90.62645794059686
1694,91.9985543287576,126.71299010548672,89.76852620566908,103.18871345099629,True,False,维持,0.11206896551724138,0.6724137931034483,0.21551724137931033,110.75224243691811,100.66604539253511,97.03866684380485
1695,97.47018894036611,126.35023574459083,89.84689602323307,104.4282018331746,True,False,维持,0.10344827586206896,0.603448275862069,0.29310344827586204,111.4341041782475,107.89866171523092,93.60284219988291
1696,96.06934575107351,117.58512131219716,90.9558010584829,101.35337444457096,False,False,升级,0.06896551724137931,0.8706896551724138,0.0603448275862069,108.97373426227134,99.65479380925194,94.92143511449248
1697,95.39018720024114,120.3919503729156,88.73087091820847,102.89327388764397,True,False,升级,0.12931034482758622,0.6896551724137931,0.1810344827586207,118.32928941180118,98.00621335990412,98.86583703222463
1698,88.75160703064569,112.29499670317183,86.3127887467319,98.34687475593367,False,False,缓和,0.22413793103448276,0.7672413793103449,0.008620689655172414,100.41887168323652,102.70578371068761,93.4391179705341
1699,91.84668533218444,126.14590585462746,87.62785933804707,103.28459283545489,True,False,维持,0.1896551724137931,0.6120689655172413,0.19827586206896552,109.3982824521945,110.7553279870207,96.04337179097487
1700,91.43620002287908,120.09780113825639,87.2855840535992,102.06589633986104,True,False,维持,0.11206896551724138,0.7241379310344828,0.16379310344827586,107.86266006023592,101.68807656232269,91.47715370393969
1701,91.0050440462535,116.85064042508971,88.16434413103246,100.88098351575803,False,False,维持,0.22413793103448276,0.6379310344827587,0.13793103448275862,109.20029676330574,107.33558584351529,98.50531758717847
1702,95.75967961733731,112.75716446830833,90.43039920899427,102.42021525556012,False,False,维持,0.10344827586206896,0.8448275862068966,0.05172413793103448,104.09388581099965,100.15690929968618,102.14704613310015
1703,94.49334230502866,127.102575307458,87.7248195681637,102.10017445790487,True,False,维持,0.1206896551724138,0.7327586206896551,0.14655172413793102,111.69720953812019,109.13131599268384,93.08208261026057
1704,95.94626803704615,126.01170964665722,89.57894705414097,103.66974908931977,True,False,维持,0.08620689655172414,0.7758620689655172,0.13793103448275862,122.31964072587388,99.96788142662623,100.09391104884587
1705,89.19189845681856,130.57612292700503,88.58668020425534,105.31326879508615,True,True,维持,0.13793103448275862,0.646551724137931,0.21551724137931033,112.9485320746871,107.12427017777358,97.23574384657128
1706,91.6166408592885,130.66982715371844,89.13041915303053,102.16472065073796,True,True,维持,0.1206896551724138,0.7327586206896551,0.14655172413793102,113.60344848043687,99.29986971932703,93.2887081204109
1707,90.33426397932193,130.15508278661028,89.79159418325264,105.09316689728246,True,True,维持,0.11206896551724138,0.6724137931034483,0.21551724137931033,108.07833062364583,108.28774755394,105.44621811847551
1708,90.69648663006554,121.91087697803971,89.82151077617989,102.82370274185584,True,False,维持,0.07758620689655173,0.8275862068965517,0.09482758620689655,121.91087697803971,101.67557289983486,95.87155783716761
1709,85.54604571758131,119.88380298849891,85.3526418391977,102.10596575552854,False,False,缓和,0.09482758620689655,0.75,0.15517241379310345,111.62460258458704,98.52160148475929,91.18378360769532
1710,87.04660326460977,115.64121805149965,85.7375709629229,98.9200657440376,False,False,维持,0.1810344827586207,0.75,0.06896551724137931,101.63831763048796,101.77457520018598,93.73215248793366
1711,90.4269296262046,116.0183892552484,90.4269296262046,101.81924641886184,False,False,维持,0.1206896551724138,0.7672413793103449,0.11206896551724138,112.63858467530646,96.08041366470954,95.35969549187075
1712,86.74474873283678,119.07470248465249,86.74474873283678,102.55017549061195,False,False,缓和,0.19827586206896552,0.646551724137931,0.15517241379310345,111.66747717409649,102.69432807582903,93.05807996597206
1713,91.43017894089458,119.12603909829309,87.9206134039829,101.85838069082945,False,False,维持,0.11206896551724138,0.7241379310344828,0.16379310344827586,104.82164345015178,111.81080989175699,95.34287846149
1714,92.05372304249349,120.00089290250696,90.777239099753,101.96763578820384,True,False,维持,0.08620689655172414,0.8448275862068966,0.06896551724137931,114.33342464842661,98.17384471354141,93.36985972694627
1715,90.08836493614278,119.0747445385744,88.73145255080404,103.68654100828458,False,False,维持,0.07758620689655173,0.7413793103448276,0.1810344827586207,114.2846159964918,106.54367002228786,110.95667605785918
1716,90.98047093915694,114.60286846770683,89.77299153543603,101.26918822121914,False,False,缓和,0.06896551724137931,0.8275862068965517,0.10344827586206896,109.51823800288945,101.69010565928959,91.84650471048592
1717,101.94459190421789,112.42907838536495,89.90250892500298,100.19068643844228,False,False,升级,0.07758620689655173,0.8275862068965517,0.09482758620689655,104.8201546164774,97.13819084445474,94.05385430286648
1718,92.641405075105,123.14433070830158,90.4423389164475,101.77165481650772,True,False,维持,0.16379310344827586,0.6724137931034483,0.16379310344827586,107.92801403287838,95.74165646281077,105.150883914795
1719,88.44746110690728,110.68611175444462,87.48553314111074,98.21294833067186,False,False,维持,0.07758620689655173,0.9224137931034483,0.0,102.5814016229275,94.545599018133,92.21664289983954
1720,91.09174602942373,135.46453298835564,88.82094038492986,102.65238817794426,True,True,维持,0.1896551724137931,0.6724137931034483,0.13793103448275862,109.493707494242,103.30319219507777,90.86193756948296
1721,89.28114697392937,119.82095568120174,88.72862964140954,100.62773906931797,False,False,维持,0.08620689655172414,0.8103448275862069,0.10344827586206896,105.52959840941416,100.60398591969178,92.56906656714648
1722,90.16607041746077,113.81674631662018,88.90102266250241,101.42769550842776,False,False,缓和,0.1810344827586207,0.6810344827586207,0.13793103448275862,108.19585758348101,109.9958845060428,101.01243403172316
1723,86.93816325597179,123.55640039180304,86.93816325597179,102.49213644598285,True,False,缓和,0.0603448275862069,0.7758620689655172,0.16379310344827586,115.49513298749298,101.58517620764135,95.26269928419505
1724,99.79230087593258,123.65101357860225,87.38245254935329,100.8780070830608,True,False,维持,0.21551724137931033,0.6206896551724138,0.16379310344827586,95.9181111026946,104.26508344402065,95.44290018429744
1725,91.09009342269003,118.40346347900022,88.61258730970933,101.75564011634023,False,False,缓和,0.14655172413793102,0.7155172413793104,0.13793103448275862,108.69017740461467,115.7691019480193,97.78124054703962
1726,92.54834660673835,115.8571471408687,91.02136977208521,100.37868098825612,False,False,维持,0.07758620689655173,0.8793103448275862,0.04310344827586207,109.02314660689868,101.24748356979134,95.9919489735108
1727,89.47826093220915,117.75713139123522,86.8741869874579,102.4175534849103,False,False,维持,0.07758620689655173,0.75,0.1724137931034483,110.79488406641728,97.81828104001673,102.45142260619582
1728,89.40085282263304,134.13098860200313,88.42286328191975,103.29277301026329,True,True,维持,0.13793103448275862,0.7241379310344828,0.13793103448275862,106.22696439916628,99.32224217145615,95.94070761072815
1729,87.0448707298015,129.27459729542076,86.20599642838589,103.79798181453229,True,False,维持,0.09482758620689655,0.7068965517241379,0.19827586206896552,125.97347580776623,102.82459301394933,97.38569720120724
1730,92.57798979053402,128.29738267126558,91.57103817992355,102.29505266548814,True,False,维持,0.15517241379310345,0.7241379310344828,0.1206896551724138,103.95972649233497,106.4943020485755,97.50937255424458
1731,88.87164451328023,117.9927036523486,88.14952123421362,101.913497411978,False,False,维持,0.10344827586206896,0.7586206896551724,0.13793103448275862,101.25995763737718,107.57752797795241,90.41513875577859
1732,91.76607978448254,115.27120563265552,90.25648370044924,99.8378794586203,False,False,维持,0.11206896551724138,0.8103448275862069,0.07758620689655173,109.72247938020988,95.30893961020554,96.65356490325792
1733,92.95623384012106,111.30038685331802,90.47270488135607,100.93853866029123,False,False,维持,0.05172413793103448,0.9224137931034483,0.02586206896551724,109.02282950889936,105.49257409237032,96.21868599149116
1734,93.6982638642888,115.61637334961125,86.60406103945924,103.76700766031048,False,False,维持,0.11206896551724138,0.6724137931034483,0.21551724137931033,107.98547576857324,112.13360543559264,96.36754614661217
1735,94.3027141750931,131.5022701209636,87.57913103229879,100.82820420199852,True,True,维持,0.20689655172413793,0.6810344827586207,0.11206896551724138,111.17182961760645,97.49647565675197,94.61986570614627
1736,90.34469833920409,118.64348588551158,90.34469833920409,102.04364599534297,False,False,缓和,0.15517241379310345,0.7068965517241379,0.13793103448275862,98.57479021933723,109.36294553076672,98.46815851904562
1737,91.73358748019972,126.13494983816243,87.15374325670872,102.50949263503925,True,False,维持,0.07758620689655173,0.7672413793103449,0.15517241379310345,109.05805702230612,105.19223635285202,93.5951882696297
1738,88.43894121936547,126.45411280297101,87.29756301947204,103.50918018842745,True,False,维持,0.04310344827586207,0.8362068965517241,0.1206896551724138,122.3592659296315,102.66502752732521,96.38936810910208
1739,93.97156892023858,122.23449231794979,90.5504801359436,101.27311096319661,True,False,维持,0.09482758620689655,0.7844827586206896,0.1206896551724138,117.49181975942497,97.73355012148632,90.63310217008005
1740,97.26774639081246,118.3171029427939,90.27193659970807,102.3456733967889,False,False,维持,0.11206896551724138,0.7068965517241379,0.1810344827586207,107.04698225628789,100.39474750469027,90.27193659970807
1741,94.72356715083338,113.01893987158351,85.92713168733009,101.239243850979,False,False,升级,0.14655172413793102,0.6896551724137931,0.16379310344827586,102.63911935802375,108.16195107536439,104.0310579752537
1742,90.52630165727473,111.1275487954352,89.1152573075669,99.24598720916717,False,False,维持,0.15517241379310345,0.7931034482758621,0.05172413793103448,101.1192538475845,97.21708778476062,95.15491544652777
1743,90.0888866643689,119.34326138237314,87.95456034841571,100.88870355754962,False,False,维持,0.1724137931034483,0.7155172413793104,0.11206896551724138,118.86831414166936,99.73667172723316,93.50040760052784
1744,87.87722210116775,111.16185246375103,85.78963904427454,98.26621793857268,False,False,缓和,0.20689655172413793,0.7413793103448276,0.05172413793103448,102.90239450918274,100.63160186779446,109.42619379454416
1745,91.12676248607667,115.52624421116558,89.32442297779097,102.59206949639955,False,False,维持,0.09482758620689655,0.6896551724137931,0.21551724137931033,103.35634612212014,95.94484549301364,103.65652637132732
1746,90.87318840542764,119.89956999605967,87.39917117496125,101.81339825176373,False,False,维持,0.017241379310344827,0.896551724137931,0.08620689655172414,105.69420055651919,109.10054945224547,97.14781833272433
1747,97.55021695808442,112.42099342465322,90.62069865920242,100.8281771557195,False,False,维持,0.1206896551724138,0.8620689655172413,0.017241379310344827,104.44732526600514,102.50190055273279,93.26281723714645
1748,86.5610709206743,127.79649857624001,86.5610709206743,102.37037545354085,True,False,维持,0.11206896551724138,0.7327586206896551,0.15517241379310345,113.36991438797425,105.41037889940908,92.97456065089422
1749,89.63305246835718,119.3013359657351,89.63305246835718,103.17103870699863,False,False,维持,0.08620689655172414,0.7068965517241379,0.20689655172413793,111.06600542480695,111.48321778688289,94.35762375204158
1750,86.62798291099936,127.95809641366085,86.0265235796878,101.67613857357115,True,False,缓和,0.14655172413793102,0.7241379310344828,0.12931034482758622,108.90720791341572,106.14784889137464,91.5989145510305
1751,87.93079024496177,111.44240769544072,87.93079024496177,99.41104900179133,False,False,维持,0.08620689655172414,0.8706896551724138,0.04310344827586207,103.85519165966993,100.15902657880994,90.80973871823484
1752,95.47675637878885,114.09522734581772,89.90439731605888,102.10904283971644,False,False,维持,0.05172413793103448,0.8706896551724138,0.07758620689655173,111.10536251967605,100.81172725823761,99.72134581284337
1753,86.85822350428931,116.39886840489949,86.85822350428931,101.62996253342007,False,False,缓和,0.16379310344827586,0.7241379310344828,0.11206896551724138,103.41247796956108,102.08739684242856,103.6209496945839
1754,89.68717400315252,119.56468701356725,88.73991252225134,100.59441539348802,False,False,维持,0.20689655172413793,0.7068965517241379,0.08620689655172414,101.24831396867032,118.00930781275764,93.08765158232121
1755,88.08770317010003,114.94201925979868,88.08770317010003,101.41836997913451,False,False,缓和,0.11206896551724138,0.7758620689655172,0.11206896551724138,107.11417430415965,106.94862530889094,92.24511510240563
1756,94.35225033526315,125.49316259561856,90.22112346658989,100.73383680924925,True,False,缓和,0.20689655172413793,0.6551724137931034,0.13793103448275862,106.66743565162878,95.18892134826021,90.81704181549173
1757,95.58037449122354,117.36279565847136,89.71240562926434,100.74841928929335,False,False,维持,0.10344827586206896,0.8017241379310345,0.09482758620689655,103.51834758681794,105.82704615061871,97.08387203649635
1758,93.03346738698869,125.45773644258013,85.4706916989643,102.8023397694748,True,False,维持,0.07758620689655173,0.8017241379310345,0.1206896551724138,105.69654166629478,103.85683984582043,94.56821906083006
1759,94.60579058127495,119.33837547846007,86.65735100227697,102.21325459026926,False,False,维持,0.11206896551724138,0.7758620689655172,0.11206896551724138,118.51874160822916,99.10711663493606,96.72940038615774
1760,86.21492976136052,130.13994696957906,85.4160740755028,99.94538968785749,True,True,维持,0.19827586206896552,0.7327586206896551,0.06896551724137931,111.86428579937464,94.25897710260735,99.58418710297849
1761,93.59659461552145,119.90223651468678,90.13843960477512,100.79569574004373,False,False,缓和,0.1896551724137931,0.75,0.0603448275862069,103.57211358564439,98.46198715683686,94.03487500437154
1762,88.03365241871897,127.59377648582496,85.83371132443033,100.47531578151276,True,False,维持,0.12931034482758622,0.8103448275862069,0.0603448275862069,104.43901082965276,100.78029515875104,94.52625966065546
1763,91.31545691799619,123.64748783708207,89.74700139028081,101.36490373656824,True,False,缓和,0.12931034482758622,0.7327586206896551,0.13793103448275862,110.50135641861809,98.3262586309125,93.87181372909501
1764,89.12763529014082,117.32124808687657,86.77272669106442,98.62047548428077,False,False,维持,0.11206896551724138,0.8362068965517241,0.05172413793103448,101.75712036950628,97.3314273606072,97.701114713813
1765,89.39159713567932,123.56561208654716,89.15682530325778,105.8730488767215,True,False,维持,0.02586206896551724,0.6637931034482759,0.3103448275862069,115.91475161835251,100.13188585757422,102.43215202085516
1766,91.20452381422838,115.17290844409459,87.72701128903697,100.73569062579045,False,False,维持,0.14655172413793102,0.7758620689655172,0.07758620689655173,102.9272833147447,104.18168027335324,95.98476392435732
1767,94.00788362064158,119.8464532354234,91.19821474451925,104.42450959097893,False,False,维持,0.07758620689655173,0.6724137931034483,0.25,102.42835151744372,98.2936228936069,98.26704918427525
1768,94.8059844133997,122.9862381380662,89.44622964260626,101.23945882688149,True,False,维持,0.1896551724137931,0.7068965517241379,0.10344827586206896,108.59633697642595,95.72958881578671,100.48342872704164
1769,90.33482615101103,124.63927535635125,87.74118603126595,102.72411380970416,True,False,缓和,0.12931034482758622,0.6551724137931034,0.21551724137931033,108.54573428037284,99.2119386371234,92.47102455687688
1770,97.86325045202672,121.91276314092738,88.6172307495389,100.41843560272383,True,False,维持,0.07758620689655173,0.8189655172413793,0.10344827586206896,105.68811178233952,98.99641073818077,93.27757309411616
1771,86.89685019327325,121.11389106483715,86.89685019327325,101.15056433879276,True,False,缓和,0.1206896551724138,0.7586206896551724,0.1206896551724138,105.93837154244113,99.12140554572133,97.16837127321187
1772,91.03692704400488,123.87495371802152,91.03692704400488,105.8946079022065,True,False,缓和,0.0603448275862069,0.6982758620689655,0.2413793103448276,117.559611981886,105.5797619808088,96.98647579481577
1773,91.92382336472244,116.7733845438907,88.69329601254256,101.34989921600155,False,False,维持,0.19827586206896552,0.7241379310344828,0.07758620689655173,107.24027564565556,103.51064350128682,92.89800467847292
1774,90.42195428839557,122.62545470878128,88.55265605815778,102.47123990181265,True,False,维持,0.07758620689655173,0.7672413793103449,0.15517241379310345,102.10139321784645,100.44800552847167,97.78618385395215
1775,87.72736579686904,122.46938044702526,87.72736579686904,102.42554936545022,True,False,维持,0.07758620689655173,0.7672413793103449,0.15517241379310345,108.66887713403658,96.98749477212638,100.6169290627581
1776,88.50138079651505,120.29556328199314,88.50138079651505,101.0031403572014,True,False,缓和,0.15517241379310345,0.7672413793103449,0.07758620689655173,101.84818983701888,104.0637324119629,94.31830418951631
1777,93.87689820792905,121.9191022480121,88.20328123831374,102.13960082528395,True,False,维持,0.10344827586206896,0.8189655172413793,0.07758620689655173,109.5534453044396,99.2281625369029,95.24591860218534
1778,88.48485511047953,125.28577659810433,88.45924666403319,100.79800984007574,True,False,维持,0.0603448275862069,0.8879310344827587,0.05172413793103448,107.22680508259205,104.33368980428645,91.96241850850342
1779,91.16935471122983,121.21347142454366,88.36128035398482,101.23159758568801,True,False,维持,0.09482758620689655,0.7672413793103449,0.13793103448275862,104.27335410319436,99.1177734520619,104.04508912246256
1780,92.30309050037158,111.22748988353388,91.22975087824933,99.69399549682,False,False,维持,0.1724137931034483,0.8275862068965517,0.0,107.62676922863758,96.1321389733162,92.74967905517892
1781,98.60761490760912,125.61404790077432,87.75987946630148,102.9906072165988,True,False,维持,0.07758620689655173,0.7413793103448276,0.1810344827586207,124.07220968856231,105.55230989706585,92.37092497586731
1782,86.65533298769937,124.33238058166938,86.65533298769937,101.68418188819354,True,False,缓和,0.1810344827586207,0.6982758620689655,0.1206896551724138,106.3894574279316,101.05549773944529,90.26517411634704
1783,93.13749999909362,110.35297127828875,87.80633414482567,98.61004525220808,False,False,维持,0.14655172413793102,0.8189655172413793,0.034482758620689655,98.75683059171301,100.92716732212057,97.00290404652317
1784,97.17111302433736,113.29640991864053,88.66117342391337,100.14066455342268,False,False,维持,0.08620689655172414,0.8620689655172413,0.05172413793103448,102.70497942989233,102.72507031278033,97.14534032278206
1785,93.87128436839377,127.03661717104836,88.18968147088923,104.11212571961546,True,False,维持,0.14655172413793102,0.646551724137931,0.20689655172413793,105.45854089393715,100.87062599816004,100.70725347551492
1786,85.54958129632652,117.50299066318954,84.96363676839,99.8117015074983,False,False,维持,0.16379310344827586,0.8017241379310345,0.034482758620689655,100.75071085086668,98.71696557266172,94.10734522777726
1787,102.42237116362541,123.28154574773814,88.09044715279886,102.83438669171213,True,False,升级,0.1896551724137931,0.646551724137931,0.16379310344827586,118.59747711744086,98.365863501594,93.99507100115298
1788,88.27997726876204,112.3263375551565,87.49545154120212,99.32957497397618,False,False,维持,0.20689655172413793,0.6896551724137931,0.10344827586206896,104.58879959295088,100.4767935086342,94.85625829117937
1789,93.05232588020473,123.3397400712076,90.8328644397669,102.69768609414757,True,False,维持,0.16379310344827586,0.6379310344827587,0.19827586206896552,117.20450404882367,100.30213937826466,99.35366843415143
1790,89.0826416945832,118.35675259629276,87.20314437262901,103.05837752241521,False,False,缓和,0.07758620689655173,0.7068965517241379,0.21551724137931033,105.58483604388068,98.6093666691544,94.35539290374946
1791,94.53333210098269,127.01469932160394,91.45137485588504,101.05852268704845,True,False,维持,0.08620689655172414,0.7844827586206896,0.12931034482758622,103.36403064272643,97.93636673779616,97.77821588866178
1792,105.26579084204715,128.2712624875816,90.88029864022103,106.39174967442601,True,False,维持,0.10344827586206896,0.5086206896551724,0.3879310344827586,114.62221885419224,120.29688186206901,102.3227489807714
1793,98.2902160912789,121.5733714808004,86.91371369490875,101.3209260714524,True,False,维持,0.19827586206896552,0.6206896551724138,0.1810344827586207,111.80569597659293,111.55264402864105,92.15654935060346
1794,100.99961844002338,111.64274290580396,91.95387533705053,99.37603532312197,False,False,升级,0.12931034482758622,0.8103448275862069,0.0603448275862069,99.75759915975735,99.79790985777582,99.7269349969573
1795,95.64594426739346,125.23031171626982,89.36045073802542,100.99042404875125,True,False,缓和,0.06896551724137931,0.8362068965517241,0.09482758620689655,103.94260915592426,102.74022197315784,93.74554288536126
1796,86.24587694338467,113.74581775510988,86.24587694338467,99.77118397873707,False,False,缓和,0.1896551724137931,0.7931034482758621,0.017241379310344827,99.66324958781588,102.78317002265973,94.85171867766456
1797,94.16380299032961,135.55662556617312,90.23009526327857,103.10970283838213,True,True,维持,0.14655172413793102,0.7068965517241379,0.14655172413793102,114.06074204508441,99.56813897725682,94.42948797694832
1798,88.52501814321771,112.1070371046978,88.52501814321771,99.85307493361894,False,False,维持,0.1810344827586207,0.7758620689655172,0.04310344827586207,108.78317133416415,105.90576721862992,91.30360873296303
1799,89.58290147392717,117.35274248165656,89.35693499067632,100.1949583503168,False,False,缓和,0.2413793103448276,0.6724137931034483,0.08620689655172414,103.35552104088742,96.5989690861173,91.61850796906543
1800,87.9521642600768,127.4051365667164,87.9521642600768,101.41838315529931,True,False,缓和,0.12931034482758622,0.7672413793103449,0.10344827586206896,123.00123700677327,95.39710197393966,93.99816047942018
1801,91.51303867368185,113.79442656881552,89.76241455197508,98.42003716222352,False,False,维持,0.22413793103448276,0.7155172413793104,0.0603448275862069,100.07518497443375,95.66534561536908,90.18437832660041
1802,88.2134384508554,114.75629813169688,88.2134384508554,101.60961631467764,False,False,缓和,0.1724137931034483,0.7241379310344828,0.10344827586206896,108.46451771918642,101.21768570719598,94.88543272144548
1803,88.04322570349153,117.6901368790806,88.04322570349153,101.38190493591152,False,False,缓和,0.15517241379310345,0.7413793103448276,0.10344827586206896,115.17214216809393,103.42558524524193,96.83873854531798
1804,94.04871466161849,121.17073141038108,90.14262014262236,102.607842318174,True,False,维持,0.10344827586206896,0.7327586206896551,0.16379310344827586,120.48841480150647,100.60197294585599,91.04267287582277
1805,91.36243122789605,123.41568643233072,90.56826633902494,101.79923330228337,True,False,维持,0.034482758620689655,0.8793103448275862,0.08620689655172414,107.54205508930315,101.91238400568457,97.4288951147839
1806,88.5864999458434,116.102114700951,88.5864999458434,99.72679323641673,False,False,缓和,0.19827586206896552,0.6982758620689655,0.10344827586206896,102.62656234077168,97.39408547772094,98.43268357120229
1807,92.43227419363278,117.59863011308285,88.98907267926134,102.19111708478056,False,False,缓和,0.15517241379310345,0.7068965517241379,0.13793103448275862,117.59863011308285,100.4360658235451,99.03282564113792
1808,90.61917646467938,121.30091758904969,90.61917646467938,102.54966242035957,True,False,维持,0.1896551724137931,0.646551724137931,0.16379310344827586,110.28192552167931,102.1238551734359,97.57519593457441
1809,89.8343747189466,120.45217164613383,89.03201337024376,102.66144871024484,True,False,缓和,0.06896551724137931,0.7672413793103449,0.16379310344827586,109.91222342962669,98.70549848476305,95.46183240095984
1810,103.1452138354231,113.72405862020427,89.55137245600812,100.34058108996918,False,False,升级,0.1896551724137931,0.6551724137931034,0.15517241379310345,105.10186279793247,102.7785153668479,91.72447837036313
1811,93.46801939621935,122.1451867233773,90.28051062612225,101.73881016564559,True,False,维持,0.14655172413793102,0.6724137931034483,0.1810344827586207,107.5980673136886,101.4575301835706,93.33902377080902
1812,87.84547366222651,122.96744810015235,87.84547366222651,104.10755316060644,True,False,维持,0.05172413793103448,0.7327586206896551,0.21551724137931033,103.98681258329943,111.65224637239874,107.30178763853746
1813,92.72734381650992,113.07985637002858,88.95353572399786,99.24484390863567,False,False,维持,0.15517241379310345,0.8017241379310345,0.04310344827586207,102.207263634363,98.29261129008641,95.6164316577093
1814,91.50061592135323,115.8439167486749,89.94100896141605,100.94764680754896,False,False,缓和,0.20689655172413793,0.5862068965517241,0.20689655172413793,103.87252381034828,115.29573321407486,100.59214647214714
1815,91.7857012294381,126.1013278239721,88.17419242876008,101.61885444056703,True,False,维持,0.28448275862068967,0.5517241379310345,0.16379310344827586,111.04619837466565,107.44302759772891,91.09979864102807
1816,94.59230750514891,124.05902867211357,91.9123042106222,104.57631959139222,True,False,维持,0.07758620689655173,0.6810344827586207,0.2413793103448276,111.16362717939164,107.74929369315576,95.64111252609261
1817,87.78377675478941,124.00727668443396,87.78377675478941,103.4025801095706,True,False,维持,0.11206896551724138,0.7327586206896551,0.15517241379310345,103.73834922181824,100.902826028646,114.09991302577762
1818,92.07207977497383,124.43072356541852,91.4497522603678,105.80679133369195,True,False,维持,0.04310344827586207,0.6724137931034483,0.28448275862068967,117.09851969740164,104.05176041978721,97.4576472440247
1819,92.19781815919906,123.22189474774089,88.37242078604928,101.547525736045,True,False,维持,0.1206896551724138,0.75,0.12931034482758622,110.17821916243528,100.50741845720991,94.55749873826153
1820,88.02268683040148,120.51516727322732,86.55650690788579,102.3465022532094,True,False,维持,0.10344827586206896,0.7413793103448276,0.15517241379310345,115.56939282474657,101.68420227971778,87.99301354830126
1821,96.79898700342171,126.49014732602001,84.83658952459314,101.91324048762736,True,False,维持,0.05172413793103448,0.853448275862069,0.09482758620689655,126.49014732602001,101.57064616410442,93.39930609771622
1822,97.59401911575928,123.31254552766153,90.94660574932726,104.84992211117398,True,False,维持,0.08620689655172414,0.6637931034482759,0.25,112.92908623019645,110.16597284463371,92.89339113473856
1823,85.93967146454703,123.59727400722653,85.93967146454703,102.73458123247764,True,False,缓和,0.1206896551724138,0.7068965517241379,0.1724137931034483,111.43022661659495,110.17418014438672,91.22956869737759
1824,87.94830640460239,114.26641469099582,83.94604694428443,99.30138363263987,False,False,维持,0.14655172413793102,0.7672413793103449,0.08620689655172414,106.08684065063879,95.98863716433033,98.83387276658553
1825,89.88926759054013,120.7088143613931,88.3510697676838,100.90578495280612,True,False,维持,0.16379310344827586,0.7672413793103449,0.06896551724137931,108.7830495988611,99.11920435784377,92.58658309800455
1826,94.23547271567836,111.69491129989038,88.9602510104362,100.36116825969995,False,False,维持,0.19827586206896552,0.7758620689655172,0.02586206896551724,107.63612961611805,99.51460452907375,94.20266369524762
1827,90.03987362296658,122.43616140187537,87.68477185428905,101.63013596629732,True,False,维持,0.10344827586206896,0.7672413793103449,0.12931034482758622,122.43616140187537,101.76229887889382,90.22818211233619
1828,89.95490762737361,110.57581844323934,89.95490762737361,100.51803402400301,False,False,维持,0.06896551724137931,0.8879310344827587,0.04310344827586207,104.20821024838918,101.55087606774707,95.89005810442069
1829,94.49939926258877,122.26518522232243,88.17586419219842,100.90999937438073,True,False,维持,0.20689655172413793,0.6724137931034483,0.1206896551724138,104.10676952098589,109.1232184142039,96.28852976561974
1830,89.23083104992811,121.94368255616705,89.09024819346483,100.8468865231963,True,False,维持,0.12931034482758622,0.7758620689655172,0.09482758620689655,108.45700302348136,98.60268094508821,98.2113083036817
1831,91.90110902846376,126.24709918365814,88.70955936427205,104.12415748153046,True,False,维持,0.11206896551724138,0.646551724137931,0.2413793103448276,108.08416719945487,102.22732564861943,109.94390144170693
1832,93.15218563871505,132.61740457424798,87.49689710079052,102.25016632123273,True,True,维持,0.10344827586206896,0.7586206896551724,0.13793103448275862,107.63548886108097,100.30259555257098,97.3903710841723
1833,94.85663600884993,124.2048702161182,89.95272445900389,101.85527001255879,True,False,维持,0.06896551724137931,0.8448275862068966,0.08620689655172414,116.76328711553963,102.95527716528426,95.03692479682903
1834,92.79560636580104,119.85494215602667,91.13187874513855,101.19120405052065,False,False,维持,0.09482758620689655,0.8103448275862069,0.09482758620689655,102.48349841239482,100.80352117810476,95.4312410366873
1835,93.47075213640117,126.25727966390151,88.93110065562946,99.71891706322566,True,False,维持,0.07758620689655173,0.8793103448275862,0.04310344827586207,101.58772296160691,100.84968401686038,93.12428946502801
1836,91.81541149009904,119.45285113550923,88.24839326308673,102.1070412008022,False,False,维持,0.08620689655172414,0.7931034482758621,0.1206896551724138,117.7316590579334,101.8274492805824,93.1194230480132
1837,87.31867704267387,113.32597455367579,86.84686884294595,101.73611524380642,False,False,维持,0.1206896551724138,0.7586206896551724,0.1206896551724138,107.25012140865245,101.29776095076072,104.69122639506244
1838,93.26732855632466,113.7419145212519,89.12073641842798,98.70126393200489,False,False,维持,0.1724137931034483,0.7758620689655172,0.05172413793103448,100.24174731383074,101.85880600394705,94.30994169008483
1839,91.65051241900616,111.35891962638112,91.48893995710581,100.8405043126136,False,False,维持,0.09482758620689655,0.8017241379310345,0.10344827586206896,104.98876998185287,111.01727563335899,99.5814203351933
1840,94.43718168723419,132.2126948341491,89.76581434983179,103.2083536980332,True,True,维持,0.06896551724137931,0.7241379310344828,0.20689655172413793,100.39756946299339,106.60955071692642,90.37112733979505
1841,92.4615007679659,127.67037919039356,88.63078201750612,99.77105254697841,True,False,维持,0.19827586206896552,0.75,0.05172413793103448,103.62279666942715,97.5474296139192,94.31024574061286
1842,89.84277199455516,115.74653713733764,89.38117788466633,101.16256650552094,False,False,维持,0.15517241379310345,0.7068965517241379,0.13793103448275862,104.44855093559175,108.0138194329926,96.18691649134888
1843,89.05604303587177,116.94218006437983,86.98166420572181,102.46649081218958,False,False,维持,0.09482758620689655,0.7586206896551724,0.14655172413793102,107.78776358389965,105.81275269845791,92.69271903405573
1844,93.2357823787802,119.9575971761203,89.13251852541448,100.48738180476245,False,False,缓和,0.19827586206896552,0.6982758620689655,0.10344827586206896,118.45114780863597,102.09387078004255,91.84294068624816
1845,88.0233446018298,123.54880196545038,88.0233446018298,103.26924500765114,True,False,缓和,0.11206896551724138,0.6896551724137931,0.19827586206896552,110.19312081783427,98.63228650590753,96.4763586165529
1846,100.85469395553575,129.34035859784947,91.04710130362434,102.83314492128912,True,False,升级,0.034482758620689655,0.7844827586206896,0.1810344827586207,108.35308173199533,100.54489650142419,95.43126642027659
1847,89.57575485636481,116.78949402460994,87.45914844001217,100.27737147658804,False,False,维持,0.07758620689655173,0.8620689655172413,0.0603448275862069,108.9139205848462,106.82358202636338,91.7193729766953
1848,88.23196869090509,127.24277520026105,86.84228366580874,100.54212939594242,True,False,维持,0.05172413793103448,0.853448275862069,0.09482758620689655,104.57924698395028,97.06762430437315,96.16124432219911
1849,102.92615439733395,120.57529758990049,90.70893856504264,102.74517832950943,True,False,升级,0.07758620689655173,0.8103448275862069,0.11206896551724138,104.08365782495575,100.095857712462,94.60904871804411
1850,89.30126002104595,115.69732726311193,89.30126002104595,100.7076446510804,False,False,维持,0.09482758620689655,0.8189655172413793,0.08620689655172414,105.86296171571291,97.91073441089584,99.35305697692574
1851,103.15379192179226,116.06317118257132,90.34511238634082,102.77263044595341,False,False,升级,0.09482758620689655,0.75,0.15517241379310345,108.35247248544394,114.8078412772713,94.1273177946394
1852,90.56928244524921,124.66077633400114,88.98706422334276,101.76886543744276,True,False,维持,0.05172413793103448,0.7931034482758621,0.15517241379310345,111.37898346741856,96.31052088094778,93.49208962943828
1853,89.65887527056945,116.27164901494803,89.48225209931245,100.52601326091148,False,False,维持,0.16379310344827586,0.75,0.08620689655172414,100.0257462992824,102.06819587491259,94.2109264675749
1854,87.69932620634343,115.82229734352063,86.71130575936351,99.82329326752341,False,False,缓和,0.1810344827586207,0.7413793103448276,0.07758620689655173,103.56513393423607,102.82522728932159,95.13331171126059
1855,89.09817798349638,118.4791971321171,88.7553326666339,102.57446341746585,False,False,缓和,0.09482758620689655,0.8017241379310345,0.10344827586206896,109.53631388534139,97.35163572693317,104.08124228571353
1856,91.67979487445038,116.46635638908721,88.20313683113775,99.34268030638437,False,False,维持,0.16379310344827586,0.75,0.08620689655172414,109.70981269803572,97.60750867706426,96.6219203422846
1857,89.59669890171084,112.01738208313927,87.22332853462282,98.85325864161268,False,False,维持,0.08620689655172414,0.896551724137931,0.017241379310344827,101.60631369559204,97.24304455189835,90.56829806568066
1858,91.63662629109066,119.30111875357343,89.0726601824469,101.61467768965987,False,False,维持,0.11206896551724138,0.7586206896551724,0.12931034482758622,106.38170666822705,106.31206672636898,96.68991921162453
1859,107.82141201741543,119.89316899326343,87.44433873354643,102.86058618870327,False,False,升级,0.06896551724137931,0.8189655172413793,0.11206896551724138,112.4096140476626,101.16745926053277,93.41524690824767
1860,87.4336804866663,124.52433723738875,87.4336804866663,105.69424849537532,True,False,缓和,0.10344827586206896,0.6120689655172413,0.28448275862068967,116.26142085313913,101.83436848549114,102.85262688871539
1861,91.23387010996854,114.2827906861783,88.82766956479378,99.79288642910493,False,False,维持,0.1810344827586207,0.7844827586206896,0.034482758620689655,110.26523199943254,93.97671275305257,97.05250127815982
1862,100.7444377407762,119.22983830190978,89.1801002519076,98.45365499333154,False,False,升级,0.1810344827586207,0.75,0.06896551724137931,103.18791566319338,95.16845510901076,91.06728003544964
1863,92.13335762835798,123.33159026164711,90.31234888834081,100.93265695719512,True,False,维持,0.07758620689655173,0.7672413793103449,0.15517241379310345,106.14462212565843,93.09265745476236,97.22687180909136
1864,87.5934919150844,126.15644031648687,87.5934919150844,104.75722371061057,True,False,维持,0.06896551724137931,0.6120689655172413,0.31896551724137934,103.6800510341288,108.15045018388497,110.1621828786957
1865,90.68586582901426,116.17450540972469,90.55144909478517,100.28750836023588,False,False,维持,0.10344827586206896,0.853448275862069,0.04310344827586207,112.46479131014927,99.29000923946911,93.73359873233517
1866,88.3449043859309,121.0614673372691,88.3449043859309,101.85723806301358,True,False,维持,0.09482758620689655,0.8362068965517241,0.06896551724137931,108.63999010390339,100.93599102003755,89.96445965882467
1867,93.48004032486456,122.55610376135827,90.80502813903274,102.35745521892267,True,False,维持,0.0603448275862069,0.75,0.1896551724137931,122.45171243598836,105.2677733030426,92.85852633273986
1868,107.8745884474676,120.41353065129057,89.72954341584324,102.7291742927214,True,False,升级,0.10344827586206896,0.7068965517241379,0.1896551724137931,109.03126085451407,110.19873170192264,89.99353778677411
1869,87.21922647066273,123.26816416778559,86.96347797934797,101.62823917794714,True,False,维持,0.12931034482758622,0.7155172413793104,0.15517241379310345,109.2884506442633,97.10717924021624,103.81668091724664
1870,92.23755885963635,114.12265564521873,90.54364761027566,100.39502391505638,False,False,维持,0.08620689655172414,0.8103448275862069,0.10344827586206896,107.52428811657306,104.60597389617901,93.16941976491795
1871,99.82788835405098,116.85089239489704,89.29180693496454,101.98288098618268,False,False,升级,0.0603448275862069,0.7413793103448276,0.19827586206896552,105.29839235954321,105.12795355316811,96.95361413947262
1872,93.53083974865835,119.8124256693635,90.74399816754753,101.555168099286,False,False,维持,0.09482758620689655,0.7931034482758621,0.11206896551724138,114.08668914084323,95.0168534515843,95.16184775574612
1873,94.46610974815067,118.3825574883623,91.84931468999226,102.48366174921061,False,False,维持,0.12931034482758622,0.6982758620689655,0.1724137931034483,105.53115382486547,115.39090122872796,102.18405099381823
1874,89.84369675797292,112.10803602312278,86.74023707471903,100.04885656199795,False,False,维持,0.11206896551724138,0.8362068965517241,0.05172413793103448,107.29386681249494,99.91131247903112,94.783814978104
1875,90.16565442459076,111.87230680800748,88.12786779808664,100.2762669536867,False,False,维持,0.09482758620689655,0.8189655172413793,0.08620689655172414,107.11743141542074,101.37103522380364,92.08724442451766
1876,97.55650777314757,121.5137706525178,89.26075153531492,100.4642902169259,True,False,升级,0.16379310344827586,0.7068965517241379,0.12931034482758622,111.55398791117987,95.90774503447226,94.01029590902941
1877,92.63491635230135,118.5124447286704,88.04412598049417,100.02398552881004,False,False,维持,0.12931034482758622,0.7931034482758621,0.07758620689655173,110.74823492558838,96.64513475067837,92.80725613168278
1878,96.74423807354064,113.77856633846626,88.69034623397488,100.12629563899233,False,False,维持,0.0603448275862069,0.8793103448275862,0.0603448275862069,102.51048127477411,105.07437180687705,92.93128802051166
1879,96.7269695283679,123.95711284234702,89.0788525336417,102.65435495754825,True,False,维持,0.10344827586206896,0.7672413793103449,0.12931034482758622,112.8206773423653,97.42380128315894,97.34485310419997
1880,93.07139499850051,119.1129958681047,87.35231059362611,100.0569998895112,False,False,维持,0.15517241379310345,0.7931034482758621,0.05172413793103448,106.36395811295723,94.48039343862668,96.43647392434161
1881,90.29933841979664,122.00365032859033,89.33003136555756,104.7965501159374,True,False,维持,0.07758620689655173,0.6379310344827587,0.28448275862068967,121.66242022479808,99.80156907247233,95.63173801011722
1882,91.30085072658241,126.775481576505,88.6966201391784,102.85365501000838,True,False,维持,0.21551724137931033,0.5948275862068966,0.1896551724137931,116.31282691264546,104.20469846205408,101.01597408400072
1883,88.86020020500429,115.93026221710286,88.86020020500429,103.51125889320896,False,False,维持,0.05172413793103448,0.7413793103448276,0.20689655172413793,110.86993055545983,105.88830560432669,107.72542737990524
1884,86.59606753802248,115.94972754430387,86.20148068234475,100.24125710315916,False,False,缓和,0.1896551724137931,0.7241379310344828,0.08620689655172414,98.23115024642739,102.78984393370892,94.08078960599796
1885,100.68306674317172,125.3013389867006,86.84889801312565,100.54546537664943,True,False,升级,0.14655172413793102,0.6551724137931034,0.19827586206896552,99.42508466448086,102.24900709253569,95.60737790507147
1886,92.64321820449543,119.40087754309808,91.77169023939959,103.14979434038709,False,False,维持,0.08620689655172414,0.7931034482758621,0.1206896551724138,107.57353110818599,112.5410996920152,98.22296599408362
1887,105.09156280672893,121.39957505804905,89.77310278502229,103.3246649036765,True,False,升级,0.11206896551724138,0.6982758620689655,0.1896551724137931,103.58475399297129,108.05914956056984,93.4984951142072
1888,92.71410001744606,120.23483860548919,88.62623465995613,101.6032144648847,True,False,维持,0.12931034482758622,0.7672413793103449,0.10344827586206896,113.64760896391097,103.75886681772324,96.9273853448903
1889,92.50251358006673,129.1150168819046,91.99304935142948,102.99219538202193,True,False,缓和,0.06896551724137931,0.7931034482758621,0.13793103448275862,108.795434792685,100.35584092558936,102.70826798173573
1890,90.65196295876538,120.07339113703135,86.2323186736831,100.86758692847076,True,False,维持,0.16379310344827586,0.7413793103448276,0.09482758620689655,105.11672607619167,104.66847675065713,96.17274605975152
1891,90.01154260958054,112.71364653365042,86.37841602493322,99.21709107638297,False,False,维持,0.22413793103448276,0.6896551724137931,0.08620689655172414,105.56004908455292,96.54475377861857,90.42308595900101
1892,92.25979630534756,115.5389375601815,89.59921813614831,101.58860398627003,False,False,维持,0.13793103448275862,0.7586206896551724,0.10344827586206896,107.06042783614625,104.88732207058311,89.59921813614831
1893,87.67817121522322,132.13829129122294,87.67817121522322,106.42679645468388,True,True,缓和,0.1206896551724138,0.6206896551724138,0.25862068965517243,113.58358765400028,100.2224448072699,115.92800393610953
1894,91.93926367788335,113.28151812373612,89.19716874543036,101.50062086831691,False,False,维持,0.07758620689655173,0.896551724137931,0.02586206896551724,105.30357872518573,101.30242966630844,94.95379371934472
1895,91.90072545319777,113.4690950892401,90.03115264553091,101.41390396020185,False,False,维持,0.12931034482758622,0.7413793103448276,0.12931034482758622,103.80633737762481,108.29429808230007,97.20410953983995
1896,95.56698349980293,113.74761454413527,92.6598385976596,101.00469966937959,False,False,维持,0.13793103448275862,0.7844827586206896,0.07758620689655173,100.3392362173279,103.70635355108637,94.34599992878283
1897,88.6820645161132,123.06341932423547,88.0824761610575,100.43237862595214,True,False,维持,0.11206896551724138,0.8362068965517241,0.05172413793103448,108.09551011126848,98.7231629188979,97.67839079444684
1898,86.40676369987615,113.8640906587529,86.40676369987615,100.45158889642667,False,False,缓和,0.13793103448275862,0.7155172413793104,0.14655172413793102,108.99981272772268,106.12308866271806,94.0658103143682
1899,90.24417631498461,118.0043878896607,85.75646730683975,101.15739245782076,False,False,缓和,0.12931034482758622,0.7586206896551724,0.11206896551724138,107.26176319597255,98.01662383887286,92.18753987153106
1900,90.24177748714287,116.16285234477535,90.24177748714287,100.33492749300676,False,False,缓和,0.1206896551724138,0.7931034482758621,0.08620689655172414,101.34683159686666,98.46925006967192,95.00545002487453
1901,96.50918877690548,126.21593143469241,90.64456217854965,104.57541640780279,True,False,维持,0.0603448275862069,0.6551724137931034,0.28448275862068967,110.78154459354096,99.65367691728783,100.77288518188455
1902,92.09009983311975,129.24843038766645,90.74284871037672,104.00349990579456,True,False,维持,0.08620689655172414,0.7327586206896551,0.1810344827586207,108.13741058620731,100.11378430848373,92.58974565037984
1903,90.32087746228424,115.58878915804378,89.5715165856356,101.03428293127826,False,False,缓和,0.07758620689655173,0.8620689655172413,0.0603448275862069,101.14403927019336,104.63347328600184,97.45145223859151
1904,91.88362186932679,132.13167678940383,89.96830587570011,105.29515014981905,True,True,维持,0.11206896551724138,0.6551724137931034,0.23275862068965517,132.13167678940383,103.28206108517016,95.00294688699145
1905,90.51307540072129,122.12940105884567,87.25788448957452,100.02263354676776,True,False,维持,0.27586206896551724,0.5862068965517241,0.13793103448275862,99.35522761188237,109.39835004849877,92.32369621624501
1906,92.95589509782045,119.95015093228325,90.90140778874034,100.3665475323922,False,False,维持,0.12931034482758622,0.7844827586206896,0.08620689655172414,106.47244798262595,97.05349621984324,99.63278700688991
1907,87.94587366562834,123.91611986860426,87.25169033925627,102.6764370627075,True,False,缓和,0.14655172413793102,0.7068965517241379,0.14655172413793102,107.28086325309818,101.05958622194126,91.05885681349699
1908,92.15813952525058,111.1436878884106,88.11982946272892,99.21667668586014,False,False,维持,0.10344827586206896,0.8793103448275862,0.017241379310344827,108.35961716969372,94.37023746770505,94.33679522773086
1909,95.88905424665776,121.10144962779108,90.33834393423591,103.24604426627336,True,False,维持,0.08620689655172414,0.7241379310344828,0.1896551724137931,113.78862633531944,99.74288465859236,95.11177115373933
1910,88.00187494273075,120.96391818807803,87.37863980735841,100.53712626552658,True,False,缓和,0.15517241379310345,0.7241379310344828,0.1206896551724138,107.97684820979838,100.4928228075758,91.30558692567014
1911,101.25472672932486,121.11349207444893,88.15987893602859,102.27059657638647,True,False,升级,0.0603448275862069,0.6982758620689655,0.2413793103448276,106.15505955399607,98.16696861243254,103.59681665415884
1912,92.41946743126958,125.48665651125413,87.9683963516724,101.66110590559074,True,False,维持,0.1206896551724138,0.7068965517241379,0.1724137931034483,125.0555935802256,95.3986372401987,94.24076129213518
1913,93.18473480472068,124.06753275045303,88.18090143528822,100.65376519855731,True,False,维持,0.09482758620689655,0.853448275862069,0.05172413793103448,108.29835227619935,101.81396826211952,93.18720435745271
1914,91.2411705619604,125.69674161272117,90.29536880048559,103.1847776074032,True,False,维持,0.06896551724137931,0.8017241379310345,0.12931034482758622,110.21423150643851,107.60317455471515,100.0999500176475
1915,87.07146418622767,123.9191429620661,87.07146418622767,101.27734037311201,True,False,维持,0.12931034482758622,0.7586206896551724,0.11206896551724138,106.29779274557808,104.67186195347271,90.58943997350173
1916,91.6832351468395,117.18308173874941,86.54640590956645,102.28461621134711,False,False,维持,0.11206896551724138,0.7413793103448276,0.14655172413793102,108.97108340659126,107.37345665022283,99.04386641077808
1917,91.70615849245858,115.3655762804715,88.02723402835731,101.77193677562856,False,False,维持,0.1206896551724138,0.7327586206896551,0.14655172413793102,109.18071907429115,102.64127513463903,108.80757184888873
1918,92.86504601018655,126.56751685252621,88.08951952891107,103.67130837922382,True,False,维持,0.05172413793103448,0.7586206896551724,0.1896551724137931,117.41986985788452,103.93065273340153,102.5018335427936
1919,86.3283612926046,124.29665458349801,86.3283612926046,103.42813030156988,True,False,缓和,0.12931034482758622,0.6637931034482759,0.20689655172413793,109.99970315000226,119.17017134189,99.1810292464626
1920,94.78849592022819,121.02197769087667,92.13666674675231,102.4898815435391,True,False,维持,0.07758620689655173,0.7672413793103449,0.15517241379310345,117.63524563321863,99.84525395803765,94.4892365018647
1921,88.83013304944895,116.28706554279573,87.49717442982512,99.85771795628933,False,False,维持,0.11206896551724138,0.8362068965517241,0.05172413793103448,107.69526178044157,99.03846456876062,89.69118327134359
1922,89.39242355182607,125.39859384279917,89.39242355182607,103.003214211207,True,False,维持,0.04310344827586207,0.7931034482758621,0.16379310344827586,104.0763719500662,101.8586331857282,94.23934709573868
1923,86.80134237732405,111.70890745605715,86.80134237732405,97.8143122715254,False,False,缓和,0.20689655172413793,0.7758620689655172,0.017241379310344827,104.74138298699138,99.62427812912203,99.05126813723768
1924,104.31815296962415,112.548730543137,91.53098011130595,100.64050537525908,False,False,升级,0.08620689655172414,0.8275862068965517,0.08620689655172414,105.73986248720949,107.95766779281463,96.39820907688144
1925,90.102079089558,121.57028191784683,90.08763576499766,102.81873518952347,True,False,维持,0.09482758620689655,0.8103448275862069,0.09482758620689655,110.2318314018395,109.72199244674867,96.44108090679107
1926,86.44442951771913,123.83474328352297,86.44442951771913,104.23432352924605,True,False,维持,0.12931034482758622,0.6206896551724138,0.25,109.15331492267633,105.569125951472,96.68139698061164
1927,92.56701129798392,110.74380477006433,87.53080913311645,99.82713232752278,False,False,维持,0.15517241379310345,0.7931034482758621,0.05172413793103448,106.3553112437964,94.75224254993584,94.05365872405754
1928,93.08809478237407,123.46525307080643,90.25896270432109,102.31982573035161,True,False,维持,0.07758620689655173,0.7758620689655172,0.14655172413793102,111.42007347212298,104.31778599218713,93.9973537465845
1929,90.87444108720582,118.02786855335296,90.60282308406467,100.72137972682292,False,False,维持,0.10344827586206896,0.7758620689655172,0.1206896551724138,114.85448438246114,96.07149675115224,95.82802714664967
1930,100.19390483945625,111.80107886242536,90.75759708572508,101.70522886573525,False,False,升级,0.10344827586206896,0.75,0.14655172413793102,103.8160817615935,107.48279396958365,94.26914207408062
1931,86.72969303085532,118.54768015389423,86.72969303085532,102.55375946609439,False,False,维持,0.1206896551724138,0.7327586206896551,0.14655172413793102,118.07012907426244,99.12834763221584,97.61624939106954
1932,90.86925605545736,123.51790972422738,87.84902802104361,103.28582657383122,True,False,维持,0.05172413793103448,0.8275862068965517,0.1206896551724138,114.43310542787005,99.80076545339176,94.31465528111045
1933,93.13664551490895,113.60767783965653,87.53362008261354,99.38689834242281,False,False,维持,0.15517241379310345,0.7758620689655172,0.06896551724137931,104.26543998629403,111.62596027976201,96.6052474083875
1934,88.3615160249335,123.79205219934437,86.4727292616927,102.267869344072,True,False,维持,0.16379310344827586,0.6637931034482759,0.1724137931034483,115.37122471673356,99.58716345963856,99.20146477712818
1935,88.714712746353,125.2794454101069,86.81773821095652,99.34083818598188,True,False,维持,0.14655172413793102,0.7844827586206896,0.06896551724137931,102.93553308268797,98.83002116230585,89.29542114051638
1936,106.28923975004342,117.46807241388856,88.04313220591361,101.23811747600335,False,False,升级,0.0603448275862069,0.7327586206896551,0.20689655172413793,103.82350271955035,114.83784036788877,92.3976127915546
1937,88.05537717473779,125.57290492503722,88.05537717473779,107.22660113148343,True,False,维持,0.0603448275862069,0.603448275862069,0.33620689655172414,123.47105309794888,115.2804328310681,99.1252772957892
1938,91.50632796402532,120.6893542864265,91.50632796402532,102.83508569364457,True,False,缓和,0.08620689655172414,0.75,0.16379310344827586,110.30315514231587,101.68294611157576,92.93382250953094
1939,91.86807072316105,117.46162693905511,87.60336211216293,100.94554144437603,False,False,缓和,0.1206896551724138,0.7931034482758621,0.08620689655172414,110.54563847326428,103.95120850382659,93.29908796016583
1940,95.77591956228223,112.45586604791714,87.58507044136367,100.22558942805735,False,False,维持,0.12931034482758622,0.8362068965517241,0.034482758620689655,111.30892040909366,98.29503352621134,92.2957524120241
1941,93.06761656210989,134.06332864706226,88.60419137184094,103.21172866850479,True,True,维持,0.11206896551724138,0.6810344827586207,0.20689655172413793,120.91831797115893,106.03803968593313,90.35186862100772
1942,88.52761195897364,121.9923769944467,88.35499549752922,102.18378463915926,True,False,缓和,0.12931034482758622,0.5775862068965517,0.29310344827586204,105.73933034573272,99.48228943588026,98.45314056370663
1943,94.29347007727482,116.05692136508256,91.10567234635296,101.08398768414295,False,False,维持,0.10344827586206896,0.8275862068965517,0.06896551724137931,110.2477140946569,107.25100312716647,92.64405533358097
1944,89.81839257308586,111.7142242974347,89.63220278602623,99.33225084238883,False,False,维持,0.1206896551724138,0.853448275862069,0.02586206896551724,109.3086241147076,101.83457809298913,94.66826500040035
1945,89.7537859829644,133.22062940920162,89.7537859829644,103.83939310403318,True,True,维持,0.11206896551724138,0.7155172413793104,0.1724137931034483,117.33794302984957,106.09303292670093,99.84292309337178
1946,86.15054001946345,115.3721687376872,86.15054001946345,101.78841553359702,False,False,维持,0.10344827586206896,0.8448275862068966,0.05172413793103448,109.74319724630118,104.08229967497904,96.03219874712282
1947,89.4089804218495,118.73073451118952,88.60600775359354,99.86182907384645,False,False,维持,0.11206896551724138,0.7672413793103449,0.1206896551724138,107.83663125126179,95.1114569430933,90.42723666343609
1948,95.6417102049342,115.17459450512229,90.59187653070818,99.82960871061994,False,False,维持,0.13793103448275862,0.7931034482758621,0.06896551724137931,114.04906999822933,103.76102917527399,92.01657580354764
1949,93.63416612483444,120.84905942944145,89.17190050720198,100.21163300955067,True,False,维持,0.09482758620689655,0.8879310344827587,0.017241379310344827,109.5525904451107,99.9028519363411,96.12036142335053
1950,90.67031434142882,116.5049796346651,87.45911780922177,102.20611799042175,False,False,缓和,0.21551724137931033,0.5862068965517241,0.19827586206896552,103.60321597370083,107.14522474677288,107.82701826163095
1951,92.1110387736175,125.50056774221656,88.68619697238907,101.83584841455395,True,False,维持,0.09482758620689655,0.7672413793103449,0.13793103448275862,120.18112421534575,100.09187680183048,95.90773455483036
1952,92.00002489378774,116.11124560212062,88.0366550165065,98.740308259808,False,False,维持,0.27586206896551724,0.6637931034482759,0.0603448275862069,102.07017702529608,98.51704079251955,91.51976869058984
1953,88.45045655948182,113.14984821527955,86.8603445499554,101.55168994245915,False,False,维持,0.11206896551724138,0.7586206896551724,0.12931034482758622,107.99314324563879,99.53047641760806,102.03526283745099
1954,91.06225170622164,119.78159879441966,86.63392678841743,98.45241653448574,False,False,缓和,0.22413793103448276,0.7155172413793104,0.0603448275862069,99.89366465665466,98.00392245036718,92.54036203246477
1955,89.4254273906805,122.1388549865497,89.4254273906805,102.01804413227204,True,False,维持,0.11206896551724138,0.7586206896551724,0.12931034482758622,114.13915061500964,117.92910341166122,96.21940235745464
1956,95.09045353645612,129.44334794068112,85.54152511322673,101.86914904891758,True,False,维持,0.09482758620689655,0.8103448275862069,0.09482758620689655,127.8528415494105,97.99869992572896,86.54719524059175
1957,93.17142024695178,127.54949531752852,88.68779354564927,103.32637847377352,True,False,维持,0.13793103448275862,0.7155172413793104,0.14655172413793102,105.7823040470615,111.19224223132528,93.41632375451644
1958,84.91057411552973,124.72435696409855,84.91057411552973,103.032447071997,True,False,缓和,0.20689655172413793,0.6206896551724138,0.1724137931034483,107.09306925854973,102.2341868797995,100.19140587046199
1959,89.79717222142962,121.37420005818876,86.3235240142165,102.00214023115808,True,False,维持,0.15517241379310345,0.6724137931034483,0.1724137931034483,107.83158197097268,101.29711794875205,92.11314078685626
1960,88.43345671560432,122.45629183176754,85.63986580131507,102.8114201344433,True,False,维持,0.1206896551724138,0.7068965517241379,0.1724137931034483,117.26905074098505,115.86617345931363,93.03915821892105
1961,91.7287233673069,120.6815205042051,91.04404296875053,102.42970528789068,True,False,维持,0.09482758620689655,0.7327586206896551,0.1724137931034483,103.17445621265676,110.12304449350916,96.6050317126154
1962,93.3186159525671,119.21190029396028,87.10397640285242,102.04622794284809,False,False,升级,0.06896551724137931,0.8017241379310345,0.12931034482758622,101.61982296311224,116.5899621142818,94.45829021603252
1963,93.3191802929427,130.0750014557614,88.95844168028218,105.71158935986725,True,True,维持,0.12931034482758622,0.646551724137931,0.22413793103448276,129.21643130918673,110.37606787695,89.91326988294854
1964,93.14690827275996,124.00787920742388,90.68592767418905,101.58107112692154,True,False,维持,0.1206896551724138,0.7844827586206896,0.09482758620689655,110.95901692854217,98.9150057169199,91.58923364427969
1965,93.56333888274999,112.13744012004207,90.15896798587292,101.44593987872821,False,False,维持,0.11206896551724138,0.8017241379310345,0.08620689655172414,103.7798389560107,100.7353172909615,98.52689198930935
1966,86.75446590689198,110.6354080209953,86.4237873648908,99.30809586035832,False,False,维持,0.13793103448275862,0.8275862068965517,0.034482758620689655,109.79441667297681,98.4220706934991,95.1228179908146
1967,93.83061512754362,130.67951556571316,90.23510004576612,104.33594263267722,True,True,维持,0.09482758620689655,0.6293103448275862,0.27586206896551724,103.76440086808,107.87228909940355,101.38649400229411
1968,97.58218203729743,122.05474149400317,91.4257969134967,102.56588726390518,True,False,维持,0.06896551724137931,0.7758620689655172,0.15517241379310345,102.90174074709648,101.15757789530377,91.4257969134967
1969,98.89956392703688,123.03977578361608,88.34693842354743,100.96666300020296,True,False,升级,0.09482758620689655,0.7241379310344828,0.1810344827586207,117.01397246393842,98.08072672370493,96.77376008211296
1970,91.62650916661639,118.74582304835889,90.49275485386741,100.27258696442715,False,False,维持,0.1724137931034483,0.7758620689655172,0.05172413793103448,113.06300922793679,95.96518177512442,92.2457037909311
1971,94.1847045271202,121.7304145141606,92.55198363000187,101.66429553218147,True,False,维持,0.10344827586206896,0.7844827586206896,0.11206896551724138,114.26813865624248,98.24526674149007,99.94953523585275
1972,93.30145529020471,118.19920002556155,90.6086432249455,101.69903973031975,False,False,维持,0.10344827586206896,0.7758620689655172,0.1206896551724138,99.9850430763779,101.2239939515274,96.60409603553019
1973,90.96306839342006,124.57269691882554,88.97024881289599,101.50471540053888,True,False,缓和,0.15517241379310345,0.7241379310344828,0.1206896551724138,120.36763761350926,100.17407114574175,96.79532851598155
1974,93.24587728530044,117.11292051408302,89.02060343652525,102.02732558771156,False,False,维持,0.07758620689655173,0.7327586206896551,0.1896551724137931,108.92862266123932,113.50130487636817,96.01222679458591
1975,95.67891217930202,131.84362352979932,91.15125129317325,104.60908612766238,True,True,维持,0.10344827586206896,0.7155172413793104,0.1810344827586207,116.76256680234775,102.06468427007766,93.37075051465216
1976,91.00071455322541,121.43872529945827,87.82202967134752,101.7088786786091,True,False,维持,0.1724137931034483,0.7241379310344828,0.10344827586206896,110.34510794840597,100.14784901628508,91.15145479194167
1977,91.11923441783142,112.15721607567889,87.63741179494897,99.57664316239007,False,False,缓和,0.1206896551724138,0.8448275862068966,0.034482758620689655,103.6692490667646,104.35240264013291,93.05832690833395
1978,95.76529884046734,113.79622139799406,90.70408334762337,101.56433364623511,False,False,维持,0.0603448275862069,0.8706896551724138,0.06896551724137931,109.24322907913132,101.76126777682506,100.47950728389415
1979,99.07987119229925,125.8793292719486,85.68380056037002,101.83422679671447,True,False,升级,0.13793103448275862,0.6724137931034483,0.1896551724137931,103.78232167314489,110.79715447379697,95.74298301303342
1980,93.89510120595203,110.81790469320609,91.71483413752976,100.58743728161468,False,False,维持,0.05172413793103448,0.896551724137931,0.05172413793103448,101.4205007593236,103.37518129045587,97.37813576776027
1981,93.52544970954672,120.32496060887894,90.27612195912651,101.5096346136664,True,False,维持,0.22413793103448276,0.6637931034482759,0.11206896551724138,100.15182579947758,116.12380262237832,97.36739604266153
1982,89.05860778366991,131.366019134114,87.09382716747282,101.9708691165646,True,True,维持,0.12931034482758622,0.75,0.1206896551724138,106.46673243036084,96.38250187324957,97.71743698165292
1983,89.26458461737876,120.986968376622,88.77099986625092,101.67804166347763,True,False,缓和,0.23275862068965517,0.5862068965517241,0.1810344827586207,105.5720856879034,109.58180337053048,93.47895219167583
1984,91.7995689063555,113.81196604090565,89.35639552692146,101.90996712951674,False,False,维持,0.11206896551724138,0.7758620689655172,0.11206896551724138,108.76721499238664,104.78448109666266,103.57680342850603
1985,88.3332747950745,113.99037268998094,88.3332747950745,101.78333588946747,False,False,缓和,0.11206896551724138,0.6982758620689655,0.1896551724137931,102.97838939754106,109.50344767984718,99.44922086694163
1986,93.02531568317498,130.9575740240784,91.01836158016413,103.5486214613082,True,True,维持,0.1206896551724138,0.6896551724137931,0.1896551724137931,118.21262217029854,99.90168951653271,93.11503879197588
1987,93.66668912865765,123.22872444397731,87.37986992292505,101.28467707960823,True,False,维持,0.1206896551724138,0.7844827586206896,0.09482758620689655,105.85128634316091,100.50011684683768,94.09649433508699
1988,91.12035355192876,116.59121235385429,90.80151676360003,100.77332574680052,False,False,维持,0.1724137931034483,0.6982758620689655,0.12931034482758622,104.66328887034149,105.24124417383797,92.78573974776899
1989,88.35983928822193,122.49710893506918,88.35983928822193,100.26928393571517,True,False,缓和,0.1206896551724138,0.8103448275862069,0.06896551724137931,107.9806341165049,97.4682119533766,93.70636177009334
1990,91.2456968044753,124.15921981927197,88.18730521465328,101.17591001524036,True,False,缓和,0.1896551724137931,0.6379310344827587,0.1724137931034483,111.43143288973397,99.6596752953993,91.47693212543213
1991,90.6086903790778,123.17763512182852,90.1183596552878,103.00922187211624,True,False,维持,0.08620689655172414,0.7672413793103449,0.14655172413793102,108.93424296509902,97.66001411524945,98.88181656404316
1992,88.42299891949943,122.33941404061596,87.90722732222277,104.10611647973154,True,False,维持,0.11206896551724138,0.6810344827586207,0.20689655172413793,122.33941404061596,115.840590038575,94.7887052751774
1993,92.30107948330145,117.72243760896792,90.96996092296213,101.4881051682384,False,False,维持,0.07758620689655173,0.8706896551724138,0.05172413793103448,109.28596393760492,102.68876453630233,95.55059083345664
1994,97.48566891121443,122.06592182448266,91.86444601227386,101.64053593562187,True,False,维持,0.11206896551724138,0.75,0.13793103448275862,122.06592182448266,100.12615617728017,97.6357020235313
1995,89.98104608066433,124.58568606386422,85.99206994509989,102.38837461501079,True,False,维持,0.05172413793103448,0.8017241379310345,0.14655172413793102,110.84110290152665,99.43375207120243,98.34509196896977
1996,90.24436519230927,119.6765737242763,86.13173531826774,99.95645754236288,False,False,缓和,0.14655172413793102,0.7672413793103449,0.08620689655172414,109.0136673882823,96.740230077522,96.73584265972751
1997,96.76935008351862,110.6444559533952,88.79837635736355,97.41656128074617,False,False,维持,0.1724137931034483,0.7931034482758621,0.034482758620689655,104.90866749556918,95.40577633116828,93.2405093949185
1998,91.61947920148506,113.62783535297015,88.02325469076588,101.46067728568372,False,False,维持,0.12931034482758622,0.7844827586206896,0.08620689655172414,111.11683556270528,104.74658094414991,93.63164228447185
1999,89.12696361401125,124.65881305246177,89.12696361401125,103.98617335483878,True,False,缓和,0.11206896551724138,0.7155172413793104,0.1724137931034483,106.78087753488636,97.29420220445955,97.78664569573694
2000,87.87749946918296,120.12335371145335,87.87749946918296,101.96224071917699,True,False,维持,0.09482758620689655,0.8103448275862069,0.09482758620689655,111.10831533929505,110.47972728573146,97.71078061166222
2001,91.06950800491062,112.64352497273532,90.35702166710868,100.42914909581592,False,False,维持,0.14655172413793102,0.8189655172413793,0.034482758620689655,105.10426150806335,103.30185923640217,90.5031358092486
2002,91.05791531525475,122.48073750663866,85.46425033313349,99.45583317724346,True,False,升级,0.21551724137931033,0.6896551724137931,0.09482758620689655,107.40728321935951,98.6302731830982,89.75085199217665
2003,91.00463275360714,119.2632645246145,90.16571324968545,101.62641198566247,False,False,维持,0.09482758620689655,0.7758620689655172,0.12931034482758622,119.2632645246145,99.13724470812188,95.58489384254538
2004,92.17625108841774,111.39288057850509,87.29133932231787,99.33920776367904,False,False,缓和,0.20689655172413793,0.75,0.04310344827586207,104.24001947356629,96.98747960845029,91.5209173853096
2005,92.53771906132943,123.3672422142932,86.59479705167065,102.90912681139562,True,False,维持,0.06896551724137931,0.75,0.1810344827586207,105.90188133288943,108.6888390862157,106.17685828913784
2006,91.19069604803298,114.258146232671,88.38385728303763,99.89304039664209,False,False,维持,0.22413793103448276,0.6896551724137931,0.08620689655172414,103.2713413618832,98.65020538912374,96.11623558470257
2007,95.40988156710289,122.78416660152915,88.92371925571089,103.25256558065031,True,False,缓和,0.04310344827586207,0.7327586206896551,0.22413793103448276,112.27076291907531,103.89792673387278,93.41220029865198
2008,88.36569170304853,129.247808596248,85.48544816196691,102.48737570630513,True,False,维持,0.19827586206896552,0.6206896551724138,0.1810344827586207,103.88500920053325,107.98414861700317,94.20107368082923
2009,90.08007946276665,116.62953960931053,89.12423437299582,100.59293758409542,False,False,缓和,0.13793103448275862,0.8189655172413793,0.04310344827586207,112.17611170729337,97.6893205971875,94.91790444686066
2010,91.76494652240677,122.09507137295209,88.04503515041466,101.71251696661567,True,False,维持,0.14655172413793102,0.7327586206896551,0.1206896551724138,114.25289677970656,106.69229892717549,95.80805440214854
2011,92.14308754770647,122.2585574963239,91.36426309905022,103.53185914073892,True,False,维持,0.07758620689655173,0.6810344827586207,0.2413793103448276,108.5850169341316,108.67563379378308,94.62390382167848
2012,88.29617731933527,118.55789142174025,88.1187437781839,100.67651026579658,False,False,维持,0.10344827586206896,0.8275862068965517,0.06896551724137931,106.47592154417522,100.68842332577076,96.72178231561408
2013,87.27898708470968,114.63741386844417,87.27898708470968,99.85894524071006,False,False,缓和,0.12931034482758622,0.8103448275862069,0.0603448275862069,110.38037430562233,101.47944258632442,94.31692894046151
2014,91.0949344335619,130.168332401145,90.42147294814511,104.39307809379164,True,True,维持,0.10344827586206896,0.6982758620689655,0.19827586206896552,110.30310272088225,110.23727570935148,98.8771476007528
2015,86.79825569211492,119.28204947848907,81.13628118009248,100.51106395381126,False,False,维持,0.1810344827586207,0.6724137931034483,0.14655172413793102,110.02945053092304,99.4561653773577,104.07221314022183
2016,93.44009097980552,125.22208763606358,88.50251222891116,103.0510827840135,True,False,维持,0.08620689655172414,0.7586206896551724,0.15517241379310345,109.49566961653538,104.28557943759205,96.89394042847738
2017,90.63767671521506,121.49097937682401,90.46896830083699,101.67723239865828,True,False,维持,0.1810344827586207,0.7155172413793104,0.10344827586206896,119.41217732888926,101.4439553344447,92.82489980577127
2018,93.57470099923535,117.09278884021371,92.38859582012452,102.36435659893613,False,False,维持,0.1724137931034483,0.6379310344827587,0.1896551724137931,101.65228927897093,108.34594627159949,92.38859582012452
2019,98.70951233051227,125.11246936291401,88.65135574547237,101.68652380506722,True,False,缓和,0.11206896551724138,0.7758620689655172,0.11206896551724138,113.04123849216137,101.75146969991987,92.92759025132158
2020,94.72011075649003,116.92300268691358,89.04298262684394,99.65429647417693,False,False,维持,0.16379310344827586,0.7413793103448276,0.09482758620689655,102.72049564278524,101.00535852235379,89.45327472224116
2021,96.54206537495381,126.82253168500813,91.78487290371235,103.05307932251105,True,False,维持,0.14655172413793102,0.6379310344827587,0.21551724137931033,121.47643096582256,94.699793586914,98.92292894040271
2022,89.23699523405276,119.39815402151413,86.69575408450018,103.49335187417306,False,False,维持,0.09482758620689655,0.6896551724137931,0.21551724137931033,105.30366953806174,107.6432061648129,105.96178889140332
2023,91.66009445971729,119.27719915420741,90.00044937315472,102.27325195677435,False,False,维持,0.10344827586206896,0.75,0.14655172413793102,106.20012712000779,100.5458262481424,93.42481841287099
2024,95.88273479157678,124.30604002982571,93.22128483657171,101.34368310999636,True,False,维持,0.0603448275862069,0.8793103448275862,0.0603448275862069,104.58067013414096,99.97868680345542,95.35107655199592
2025,87.67808134988961,125.10673238764882,87.67808134988961,99.45565461934075,True,False,维持,0.16379310344827586,0.7758620689655172,0.0603448275862069,110.4282024813623,98.52522604749178,91.61661153707463
2026,88.73571096978505,110.82998081061305,88.73571096978505,99.94227028520284,False,False,缓和,0.2672413793103448,0.603448275862069,0.12931034482758622,100.97913063873148,96.69375249211022,97.5236116397832
2027,92.54988867508457,122.6105460894096,89.12651204073705,99.93368455697428,True,False,维持,0.22413793103448276,0.6982758620689655,0.07758620689655173,121.37729352652867,97.99678632813274,90.42357694194122
2028,92.25549235232856,112.22443842772286,88.67904372612298,100.92294404201499,False,False,维持,0.09482758620689655,0.7931034482758621,0.11206896551724138,105.44309517606816,101.7087459937425,101.54205444313335
2029,91.25022636919533,118.11970178871208,88.26294580801456,99.26347502127729,False,False,维持,0.1810344827586207,0.7758620689655172,0.04310344827586207,110.28661929155737,94.46368750947535,98.49700899307271
2030,93.54021265865468,129.15289233111756,93.54021265865468,105.78404040442084,True,False,维持,0.04310344827586207,0.6637931034482759,0.29310344827586204,102.76370398312882,109.12675380457154,99.66434447700239
2031,94.95590986043446,115.3790530753831,89.26425323251718,102.83403707197421,False,False,维持,0.05172413793103448,0.8189655172413793,0.12931034482758622,108.18462070852975,105.2655742960183,97.49197143028583
2032,90.96425087685515,111.85502122895996,90.63913830707494,99.49328281649001,False,False,缓和,0.10344827586206896,0.8620689655172413,0.034482758620689655,105.80485025791363,98.91576809392369,96.77726376731749
2033,91.70310490832155,119.71614622505243,90.06376208970315,100.46164462227128,False,False,维持,0.14655172413793102,0.7931034482758621,0.0603448275862069,114.12156781434723,99.34990535204896,97.23799122487931
2034,88.92292824168105,111.78702133086085,88.89474034392495,100.23493371990583,False,False,维持,0.15517241379310345,0.8189655172413793,0.02586206896551724,110.13774565458728,102.96855911893569,95.86867352724471
2035,103.41051422671494,121.67569307973815,92.85648380943644,103.00319026147945,True,False,升级,0.10344827586206896,0.6551724137931034,0.2413793103448276,118.47605875693098,105.18983474388376,96.98323862118772
2036,88.38756499153095,111.3031260236215,88.38756499153095,99.90219416112747,False,False,维持,0.11206896551724138,0.7758620689655172,0.11206896551724138,104.30661707319337,97.70764579701084,89.7755355953573
2037,90.01418000516112,122.23521499146578,89.73392889536538,100.1273671367961,True,False,维持,0.1810344827586207,0.7068965517241379,0.11206896551724138,98.23317382102874,97.33174043406413,93.49873452200227
2038,91.72022405177484,128.42554720512132,88.8804070998126,103.97145666132516,True,False,维持,0.04310344827586207,0.75,0.20689655172413793,116.90133725018707,100.01007683569654,96.96298444469811
2039,93.17825354585098,114.634066348543,91.35102624237187,101.69098832783911,False,False,维持,0.16379310344827586,0.7068965517241379,0.12931034482758622,103.29655609500098,101.39671087011412,109.33565671996644
2040,96.08124556312275,116.91121643117795,87.13901996896546,98.78980383168185,False,False,缓和,0.21551724137931033,0.6896551724137931,0.09482758620689655,102.28757967314681,96.76001670594198,89.79336179372591
2041,90.20453851383576,119.70585392602973,89.0073595358483,102.39978786749512,False,False,维持,0.05172413793103448,0.8103448275862069,0.13793103448275862,109.89260639135713,100.99780884525221,93.43298078756483
2042,94.00694815861947,114.77984790857211,92.54761801365709,102.28216897490778,False,False,维持,0.0603448275862069,0.8706896551724138,0.06896551724137931,110.00850545010805,103.2343127428219,94.04325380230763
2043,88.50123875830505,130.97672575775627,88.11885044434747,103.16507823555908,True,True,维持,0.09482758620689655,0.7844827586206896,0.1206896551724138,110.99152041282204,100.35967031000666,96.601918860894
2044,95.09167649277482,127.11642078888985,89.29324314345645,103.26206630519135,True,False,维持,0.07758620689655173,0.75,0.1724137931034483,108.46884890475079,101.52002787673631,103.17968616498673
2045,91.88545804687367,113.47874945719104,87.6210545684829,100.3768555881199,False,False,维持,0.07758620689655173,0.8879310344827587,0.034482758620689655,105.86402801116283,101.04360430850892,96.31806878413873
2046,88.3610531397156,110.21783229454721,88.3610531397156,101.12165955839319,False,False,维持,0.08620689655172414,0.8103448275862069,0.10344827586206896,105.21135950846165,101.56148922348729,93.21476019887051
2047,92.27090821366426,130.5721855654586,86.47600969447575,101.18455608077228,True,True,维持,0.10344827586206896,0.7758620689655172,0.1206896551724138,130.5721855654586,98.48014697456931,92.52448999413578
2048,92.27610942179133,112.63862932625817,91.33191994143019,99.37521894711132,False,False,维持,0.23275862068965517,0.6637931034482759,0.10344827586206896,95.0667117040391,97.33865244525022,102.05055452523452
2049,91.81098014114795,111.54831130478463,91.38987796181522,102.04456868457783,False,False,维持,0.07758620689655173,0.7931034482758621,0.12931034482758622,105.33382413835156,108.95205673066452,98.43129708103393
2050,94.193955581203,116.10802614874522,89.04820172674125,101.28591684657977,False,False,维持,0.10344827586206896,0.8017241379310345,0.09482758620689655,107.27624392429615,107.91591627374096,97.41992879607348
2051,90.88067118898284,123.37827714285328,89.91989138776235,101.32508874678936,True,False,维持,0.10344827586206896,0.7844827586206896,0.11206896551724138,106.90000522883584,97.78103963681389,98.57396814128374
2052,92.76430105864304,117.0261712822777,91.45506176431033,104.99270954369847,False,False,维持,0.06896551724137931,0.6982758620689655,0.23275862068965517,110.16378579668732,97.38580308065579,106.81619740209075
2053,93.50407834856799,117.19092045238031,88.26113814000665,100.44597592847485,False,False,维持,0.12931034482758622,0.7844827586206896,0.08620689655172414,101.19810627187566,97.45870923619277,96.01164859585849
2054,92.20727954408198,126.61285471055001,90.17821556735268,101.2795115764608,True,False,维持,0.14655172413793102,0.7672413793103449,0.08620689655172414,121.914625360332,97.53590855967806,94.45169983436699
2055,93.17100081091903,116.80362886615949,90.25005053479384,101.06069678440241,False,False,维持,0.07758620689655173,0.8017241379310345,0.1206896551724138,101.3438749914214,111.72700240935502,90.86463592624686
2056,89.18594712300123,122.93274399925798,87.90257710515695,102.46778935244008,True,False,维持,0.06896551724137931,0.8189655172413793,0.11206896551724138,119.05199386316707,100.4594567062501,93.64990945056547
2057,91.25369898603056,111.81122288187436,85.87803026345742,101.89930375050392,False,False,升级,0.1206896551724138,0.7241379310344828,0.15517241379310345,105.07342755007754,104.24843289357779,103.46179710308665
2058,92.19114502962105,114.41501569107147,91.237471644141,101.24125752344894,False,False,维持,0.06896551724137931,0.853448275862069,0.07758620689655173,106.26692186023236,100.06985482626841,96.56487148190932
2059,96.68530427140948,121.99261954045645,89.3285040584231,101.55125208679537,True,False,维持,0.13793103448275862,0.7931034482758621,0.06896551724137931,102.83584908716357,115.09601241420911,96.00894239510662
2060,92.53212864138357,113.5631666600006,89.6644572152209,99.85883974177898,False,False,维持,0.1206896551724138,0.853448275862069,0.02586206896551724,105.1448535923885,106.29107455396397,94.97535690191937
2061,93.92653731893674,116.51073161342421,88.86759069553543,99.53157135124461,False,False,维持,0.1810344827586207,0.7327586206896551,0.08620689655172414,97.26149207171132,102.69835294075213,97.41993613487699
2062,89.0923481644851,117.33964036779311,85.66850717286066,99.7431354602716,False,False,维持,0.1810344827586207,0.7586206896551724,0.0603448275862069,104.93722762046472,97.80135450157603,92.1506302118781
2063,89.41480654228066,115.63868648755098,87.64134894286602,99.93546970650246,False,False,维持,0.25,0.6982758620689655,0.05172413793103448,103.40879814360368,103.69075526802834,92.96704607721229
2064,89.45734171025262,118.29267451999158,86.26288823288422,99.14181616748954,False,False,维持,0.1206896551724138,0.8275862068965517,0.05172413793103448,109.00671079765893,97.51781323304743,102.74053981936724
2065,89.28125836710846,110.26925208825473,88.6863430803284,98.31039831227807,False,False,维持,0.1724137931034483,0.7844827586206896,0.04310344827586207,100.89422244687223,104.03872827608556,93.05058066184141
2066,107.92736946558917,114.56209174597264,89.35352172729901,100.65883850039823,False,False,升级,0.05172413793103448,0.8275862068965517,0.1206896551724138,104.19529570006617,104.6945684658838,92.46901337782609
2067,93.15006824299508,115.39553102146418,91.61212451436514,101.58181314432383,False,False,维持,0.12931034482758622,0.8103448275862069,0.0603448275862069,110.18872299631708,107.17859127179277,94.6497085814491
2068,99.40677831136679,118.95730763104193,91.68191089254599,100.36232303560296,False,False,升级,0.13793103448275862,0.6724137931034483,0.1896551724137931,100.12891257191202,94.75466825116298,94.06725706334903
2069,92.28505894659858,112.38887959692883,85.3951724832845,98.96543309113059,False,False,维持,0.20689655172413793,0.7758620689655172,0.017241379310344827,103.7639129735846,98.33942855193405,87.17544681844322
2070,97.7345907838311,113.99206061291262,89.49755241667212,100.75597575874421,False,False,升级,0.09482758620689655,0.8189655172413793,0.08620689655172414,103.77637699911405,102.87103275539657,107.10877447349374
2071,89.37305637694723,115.40072808856259,86.11914792867863,100.16312091010823,False,False,维持,0.08620689655172414,0.8793103448275862,0.034482758620689655,113.0395177123334,102.56805577903222,87.70422955267624
2072,91.88073866781185,123.10453194854763,87.71930107948565,102.13136730007827,True,False,维持,0.15517241379310345,0.6724137931034483,0.1724137931034483,110.60158379953924,94.50497722484197,94.68512281298742
2073,93.16526488419198,123.2908482907619,87.8727679477496,101.94261591585146,True,False,维持,0.04310344827586207,0.8620689655172413,0.09482758620689655,106.53061923484448,102.33777998927782,95.39140758250505
2074,87.9154697458237,120.37206278150126,87.9154697458237,102.7081642747612,True,False,维持,0.11206896551724138,0.7758620689655172,0.11206896551724138,103.98589611038445,100.64454700772511,99.23227378073885
2075,90.17291835879163,123.07997752472832,90.17291835879163,103.27621445054547,True,False,维持,0.08620689655172414,0.7758620689655172,0.13793103448275862,116.95584973817769,103.10559488603077,95.47313046370483
2076,90.62867786052996,126.46519781106792,88.0503950859062,101.84817217149417,True,False,维持,0.06896551724137931,0.8189655172413793,0.11206896551724138,103.69548001301544,102.82502105111519,103.71528179336991
2077,89.19141911957794,122.26496268475006,86.72892544622361,99.59232910808024,True,False,维持,0.11206896551724138,0.8189655172413793,0.06896551724137931,116.07032158452806,98.78154443315812,94.39221378719995
2078,93.65798972773013,123.81469657813815,89.96625229101382,100.4626455168802,True,False,维持,0.09482758620689655,0.8275862068965517,0.07758620689655173,100.84648967615041,100.66634666424852,91.28148969758772
2079,92.80488140852134,123.90754432618897,88.78998210373494,104.17516204288256,True,False,维持,0.10344827586206896,0.6896551724137931,0.20689655172413793,108.50772969393208,110.97343539368872,92.23742292015895
2080,90.42385488597112,113.07583922177825,89.88910219833609,100.543794436795,False,False,缓和,0.19827586206896552,0.6810344827586207,0.1206896551724138,105.63012113932304,101.02034338673526,100.89500525031933
2081,98.78594118572109,116.76935969255018,89.5506812810367,99.36470216970234,False,False,升级,0.15517241379310345,0.8017241379310345,0.04310344827586207,105.14018694276481,96.79016932717575,93.9120342068883
2082,91.32014459208447,124.21379734397627,86.17131624549474,102.61928340099229,True,False,维持,0.10344827586206896,0.6379310344827587,0.25862068965517243,105.65756893704595,104.20118936931493,95.8469394180687
2083,91.1216733161716,113.17246699930449,90.725303443957,101.57501640452061,False,False,维持,0.07758620689655173,0.853448275862069,0.06896551724137931,102.98115805358476,106.56838504684963,97.25767837385919
2084,93.08791686869397,115.3555786046057,88.1296089563497,99.40201645376348,False,False,维持,0.1206896551724138,0.8275862068965517,0.05172413793103448,98.53851665864421,98.89558794293659,94.0798886244862
2085,92.56119758512659,127.28687394516261,90.77136454800002,105.23420287223051,True,False,维持,0.07758620689655173,0.646551724137931,0.27586206896551724,110.9239793849332,112.41245105799217,100.64882929432318
2086,91.65037966423601,124.36750877063712,88.09958216534775,101.12583842622267,True,False,维持,0.13793103448275862,0.7672413793103449,0.09482758620689655,114.32045794729167,103.88676771239899,95.71134359585338
2087,89.3975015996298,116.7842046786676,88.6926443135521,97.30904752052562,False,False,缓和,0.20689655172413793,0.7758620689655172,0.017241379310344827,107.86543102613138,92.82377902933742,92.41753049723708
2088,90.00778713034154,115.6799032781264,90.00778713034154,103.19980209435711,False,False,维持,0.09482758620689655,0.7241379310344828,0.1810344827586207,111.67720246433109,108.64632066062103,98.75856298854832
2089,95.96069300875652,117.97099847145185,90.78611829060323,100.82244021656535,False,False,维持,0.14655172413793102,0.8017241379310345,0.05172413793103448,110.70376683597212,101.51927191455638,98.10183974182861
2090,88.36580944570277,117.25849090645232,87.95759380744518,99.73222098124313,False,False,缓和,0.13793103448275862,0.7758620689655172,0.08620689655172414,103.35266227980698,100.79646341092699,99.86890924896419
2091,92.95725336470831,119.45494492828021,87.92358849868366,100.63439033710219,False,False,维持,0.09482758620689655,0.7758620689655172,0.12931034482758622,111.21469982966114,112.32139541728715,92.41640289697459
2092,93.92797672525636,116.6891987321772,87.56281779226381,103.41248411465084,False,False,维持,0.09482758620689655,0.7241379310344828,0.1810344827586207,103.59494567516535,116.63455611697853,93.93115390572645
2093,90.7507787238913,114.32721604321317,89.77650187550657,101.85793374954754,False,False,缓和,0.08620689655172414,0.7931034482758621,0.1206896551724138,107.23530479056531,105.0056323475561,103.77941495690365
2094,93.80425047121983,123.87137840105572,91.4637229806326,103.31413133620826,True,False,维持,0.04310344827586207,0.8189655172413793,0.13793103448275862,108.73011258605689,116.46063519302565,99.35541765332773
2095,89.73044130236711,125.9502606644262,88.65994330605257,101.448106094488,True,False,维持,0.16379310344827586,0.6724137931034483,0.16379310344827586,99.36700566593443,105.35940467679288,99.14707946188706
2096,92.54426276472311,116.98138300098084,87.59969468892744,101.67627558398827,False,False,维持,0.13793103448275862,0.6982758620689655,0.16379310344827586,103.82620177605193,94.52170968228842,98.53216654291879
2097,93.31968194679844,122.45524641064657,85.64964519201631,99.17265373065224,True,False,维持,0.23275862068965517,0.7068965517241379,0.0603448275862069,100.80760331480558,99.40169797253849,93.22327087232219
2098,95.93114945486039,117.26853462726767,90.16071309296608,102.83094678887575,False,False,升级,0.11206896551724138,0.7327586206896551,0.15517241379310345,102.16374816566642,104.69312694414306,94.90143447424389
2099,87.15478490861463,117.1679697868426,87.15478490861463,99.763453763447,False,False,缓和,0.13793103448275862,0.8189655172413793,0.04310344827586207,100.36641354791504,99.4977637690181,94.88917639955578
2100,88.70343779977541,118.23998466640178,88.6342236443763,99.96265373136906,False,False,维持,0.1206896551724138,0.7931034482758621,0.08620689655172414,104.75678975509342,116.7078413606919,92.54207590966281
2101,87.51432544805782,118.4649037190955,87.51432544805782,100.76377977152619,False,False,缓和,0.14655172413793102,0.7586206896551724,0.09482758620689655,107.10626373301416,102.68986529216603,92.85450921191473
2102,92.41646357749374,120.39656626339192,91.25842084300437,100.78943389243474,True,False,维持,0.11206896551724138,0.853448275862069,0.034482758620689655,105.82474353906588,101.77871461429297,98.55406174327267
2103,89.85232896659339,120.5174683281593,89.60297074924983,103.45163743776824,True,False,维持,0.11206896551724138,0.7586206896551724,0.12931034482758622,110.82041836840132,101.1181923806577,92.31743143294314
2104,88.62164945506787,127.98113994684752,88.57822739538715,105.25601957891274,True,False,缓和,0.1206896551724138,0.5172413793103449,0.3620689655172414,105.17853241063028,106.01487727525048,105.84347490890774
2105,96.0930679175867,109.05566430388187,86.86024383586887,98.96124777762105,False,False,升级,0.11206896551724138,0.8620689655172413,0.02586206896551724,107.9339181719053,100.3085119826341,92.47554743554792
2106,93.32876316293063,120.49713576403131,90.33325928796295,101.06217050561325,True,False,维持,0.13793103448275862,0.7758620689655172,0.08620689655172414,114.86546751294031,95.99355993046963,96.92925595666632
2107,88.68087986526136,123.56651591878324,86.38174941552425,101.45784432301413,True,False,缓和,0.10344827586206896,0.7586206896551724,0.13793103448275862,111.32867655277093,109.09117819964084,94.30090119491703
2108,92.71462949673514,123.12205091907698,90.8501222988876,101.72960685770023,True,False,维持,0.21551724137931033,0.7155172413793104,0.06896551724137931,105.36611098648065,105.79263802999816,91.19266312017326
2109,94.89244721096695,114.10130074244364,88.49460322092366,101.4271728474584,False,False,缓和,0.06896551724137931,0.7931034482758621,0.13793103448275862,107.34374538986177,102.44850725908366,99.92076644911548
2110,91.35877572164874,130.93814036911252,88.837085928386,102.83896090760676,True,True,维持,0.12931034482758622,0.6982758620689655,0.1724137931034483,127.11466426660598,101.05773165297224,96.74235647861097
2111,89.17110956365177,117.41782356443605,88.964771542136,100.44609980044797,False,False,维持,0.25862068965517243,0.6379310344827587,0.10344827586206896,115.27032505637428,100.21904638369946,90.4241839943903
2112,93.96143900317608,115.07322826576659,88.9682535941882,100.4406558868075,False,False,缓和,0.09482758620689655,0.8706896551724138,0.034482758620689655,103.95056812267451,100.89437283730598,94.766285853215
2113,88.90867706380598,124.3163205676655,88.90867706380598,102.29949153012339,True,False,缓和,0.15517241379310345,0.6637931034482759,0.1810344827586207,119.68267465673284,107.81906505612095,91.3526347650217
2114,91.3954816810394,121.17804800226399,90.04337738800044,103.4481788030686,True,False,维持,0.1206896551724138,0.6810344827586207,0.19827586206896552,107.45446358090669,119.4153581938407,101.75896175823088
2115,90.94422539145538,118.34464392342962,89.29850937492067,102.07895919876536,False,False,缓和,0.1206896551724138,0.7586206896551724,0.1206896551724138,103.00128271969169,105.72772823078236,89.29850937492067
2116,88.62656063522695,127.25158253000463,86.94721633339243,106.57884882880151,True,False,维持,0.07758620689655173,0.5517241379310345,0.3706896551724138,121.79333909049478,104.80614406127039,112.420308795424
2117,96.43153375019291,110.48880451222007,89.4845963518118,101.38813559906065,False,False,维持,0.1206896551724138,0.7758620689655172,0.10344827586206896,110.04876197637793,99.92675591168853,104.29400835326139
2118,88.27226154003765,119.02833174631928,87.33416522111516,99.39018969758706,False,False,维持,0.14655172413793102,0.7931034482758621,0.0603448275862069,103.06891397383036,101.73041724664765,92.39102371770534
2119,88.04666766215006,121.53167374248518,87.85994290586247,101.92537439301317,True,False,维持,0.11206896551724138,0.7844827586206896,0.10344827586206896,106.3650086032427,101.83198465469178,101.79969407278435
2120,89.78249487248209,126.75018185796324,87.38539528865479,107.29577502209604,True,False,维持,0.10344827586206896,0.5172413793103449,0.3793103448275862,112.89209253831473,122.4459366418269,93.47226414187702
2121,91.96143918415999,120.76202311574588,88.92591073937436,100.57550194551793,True,False,维持,0.16379310344827586,0.7413793103448276,0.09482758620689655,117.31736864271085,98.34071940283283,94.82784512778862
2122,92.51444554278203,121.54509153600819,90.11319108959033,104.72613105547995,True,False,维持,0.09482758620689655,0.6896551724137931,0.21551724137931033,120.24306878906557,110.18448571577983,92.95525126050225
2123,89.89200512606371,111.28095864785956,87.87064552211906,98.55638966080731,False,False,维持,0.09482758620689655,0.8879310344827587,0.017241379310344827,102.5286633042472,98.45397819169067,91.22343293842965
2124,90.90931699287458,121.95022631016447,90.38437885147245,100.45587712430306,True,False,维持,0.15517241379310345,0.7931034482758621,0.05172413793103448,105.22453370868355,96.03218879606241,96.81116850379323
2125,90.33047147028108,124.50509283159792,88.67600264955007,103.72695442951341,True,False,维持,0.1724137931034483,0.6206896551724138,0.20689655172413793,111.46905400849082,102.8208896134318,90.35937079551873
2126,86.85263061342937,116.32856151072522,86.85263061342937,101.79210938012365,False,False,缓和,0.13793103448275862,0.7068965517241379,0.15517241379310345,105.06329018036199,103.17281025033111,99.14673638739123
2127,86.70621289529453,118.99163923444492,86.70621289529453,100.54224979912907,False,False,维持,0.1206896551724138,0.7931034482758621,0.08620689655172414,112.40224862851662,96.46895465996421,98.9331766147941
2128,97.17510453256128,125.0329504417993,90.78414575795365,101.85781091892599,True,False,维持,0.09482758620689655,0.8362068965517241,0.06896551724137931,108.73588620132698,101.26146790744258,93.98661145829854
2129,92.4357700900971,114.2237966108109,90.02461939370843,100.46127605499663,False,False,维持,0.12931034482758622,0.8017241379310345,0.06896551724137931,97.7736560764703,100.65470955763374,99.05897069036921
2130,93.29003884996337,125.11874602083898,91.13517637930612,105.80445310140522,True,False,维持,0.0603448275862069,0.6982758620689655,0.2413793103448276,123.9727321576674,115.88774151137798,102.69532206912298
2131,91.18547554568731,117.10689070365146,89.85133650354355,100.51832107455014,False,False,维持,0.14655172413793102,0.75,0.10344827586206896,104.32452684039701,101.06778186491509,90.89740958724421
2132,99.17015638499522,115.53460841353842,90.25985186725376,101.51316806755864,False,False,升级,0.09482758620689655,0.7068965517241379,0.19827586206896552,105.11803713917018,99.50883585725926,104.97640479081184
2133,90.01044539022801,117.58665205435491,88.38062371643116,102.28834691851176,False,False,维持,0.11206896551724138,0.7068965517241379,0.1810344827586207,111.46901979939415,105.82341249418081,97.923328578848
2134,97.38603777190333,125.25290676610496,93.73783410869409,103.65222258842077,True,False,维持,0.0603448275862069,0.7586206896551724,0.1810344827586207,106.29174879725383,107.71523333592253,93.837591660388
2135,90.52669097712759,114.62787663848684,87.42994174763851,99.9268455960084,False,False,维持,0.1810344827586207,0.75,0.06896551724137931,103.81926094498775,94.90640865964971,92.96223075309122
2136,90.40146983627743,119.96466674065444,89.30503761695216,102.61880124178819,False,False,维持,0.034482758620689655,0.7413793103448276,0.22413793103448276,112.68639260811182,103.23047815104916,94.97390257898267
2137,92.220226881345,116.89424731718739,89.13041039138763,99.84560212851011,False,False,维持,0.19827586206896552,0.75,0.05172413793103448,102.19808780404729,107.05649616431717,95.28918351781147
2138,91.88862146764582,123.39896664767386,87.4152174364573,102.73254108886299,True,False,维持,0.14655172413793102,0.7068965517241379,0.14655172413793102,112.83714263512009,94.54911817999177,103.75776185497007
2139,101.29160900364242,120.0948907088463,93.52392571745311,101.42478181215381,True,False,升级,0.10344827586206896,0.7068965517241379,0.1896551724137931,102.15295938698156,97.49790003594948,94.32949646489497
2140,88.77661702816513,111.47508552053071,88.77661702816513,100.12226651821871,False,False,缓和,0.1206896551724138,0.8189655172413793,0.0603448275862069,106.23897040516526,105.54595496981285,90.54887641268553
2141,87.21147925412524,121.57409846607597,86.95317334571052,102.82189135597761,True,False,维持,0.11206896551724138,0.7068965517241379,0.1810344827586207,108.12034395495868,115.16658689052402,95.78836418270002
2142,92.76784172656883,126.1511320059431,88.34805649353099,103.27657383184507,True,False,维持,0.10344827586206896,0.7241379310344828,0.1724137931034483,122.76697508327939,106.98541082734688,93.78070316418065
2143,89.51746915266025,125.88562097553654,87.48811503566556,103.8230057455992,True,False,维持,0.07758620689655173,0.75,0.1724137931034483,123.8651792186278,99.35474079464316,98.9768823069289
2144,89.5567681118158,114.41094927419951,87.76349432712256,99.46998492721633,False,False,维持,0.16379310344827586,0.7672413793103449,0.06896551724137931,104.35938726390869,98.08802455298749,96.71161682967043
2145,90.42172264290458,117.62666494159734,88.87277671667326,100.52998603233569,False,False,维持,0.11206896551724138,0.8275862068965517,0.0603448275862069,107.5179787192695,99.97770781685152,92.24411073595567
2146,91.00257208693039,114.89750727423113,88.24817162630147,99.56547644664094,False,False,维持,0.10344827586206896,0.8620689655172413,0.034482758620689655,106.0433661081901,99.0183378104408,96.20858573450766
2147,90.35940274355508,136.08488101832043,89.7736162910569,104.9038791786786,True,True,维持,0.09482758620689655,0.6896551724137931,0.21551724137931033,122.60529893546028,105.8812979948435,97.0653566996413
2148,93.09197009293658,113.8441746413606,91.54064086946063,99.10690277054579,False,False,维持,0.13793103448275862,0.8017241379310345,0.0603448275862069,104.66504462510915,96.86986554435474,92.50389856200187
2149,87.32341356781234,124.86540852517234,87.32341356781234,100.74664454674408,True,False,维持,0.1810344827586207,0.6724137931034483,0.14655172413793102,120.33371932287561,98.79222319218334,88.23939405069369
2150,88.77707805676815,119.28588615298334,86.49356398617259,99.66548965349884,False,False,维持,0.1896551724137931,0.75,0.0603448275862069,108.7112622974856,98.54387526409784,88.6848572915168
2151,88.59730878542378,116.15277304787372,88.59730878542378,102.05612295182974,False,False,维持,0.09482758620689655,0.7672413793103449,0.13793103448275862,112.32264910828809,109.68499435228054,94.94965107697031
2152,92.73658419687827,120.21737524560945,88.94602861890803,101.64076298771246,True,False,维持,0.15517241379310345,0.7241379310344828,0.1206896551724138,117.2225369473558,105.02158945724116,92.28656361012403
2153,90.51087900346387,125.4569423832271,86.67525962149095,102.29938056579753,True,False,缓和,0.1810344827586207,0.6206896551724138,0.19827586206896552,121.75002338804839,96.63867792582298,95.09957358911645
2154,92.19648249515973,131.71672475663118,90.29995784192067,102.29152155422135,True,True,维持,0.10344827586206896,0.6982758620689655,0.19827586206896552,98.89857484122159,111.92487931459365,93.94648657832741
2155,89.76757679350638,123.25998484476197,88.35592463933483,101.96581840490767,True,False,维持,0.06896551724137931,0.7931034482758621,0.13793103448275862,121.76620063230348,109.73855025690712,93.14660883058926
2156,90.19824461661982,123.64456738901328,88.6642204968929,103.6484757355446,True,False,维持,0.06896551724137931,0.75,0.1810344827586207,109.94468412784917,114.84290723067056,96.18715408643654
2157,89.74017275077243,112.83787714623585,89.74017275077243,100.48961923451598,False,False,缓和,0.11206896551724138,0.7844827586206896,0.10344827586206896,100.30822192671125,106.37733885727948,95.12402936464173
2158,89.22065232730472,119.82683706860696,89.22065232730472,103.48170584293163,False,False,维持,0.10344827586206896,0.7327586206896551,0.16379310344827586,108.9227333451816,112.46980429925021,94.85365527568615
2159,96.23140942496013,119.82576058940208,89.07796408045802,100.21443091177697,False,False,维持,0.14655172413793102,0.7931034482758621,0.0603448275862069,107.4551539837273,100.22494098998668,92.60875316208445
2160,90.88872387893277,118.28055278571051,89.83027552361725,99.84419607612392,False,False,维持,0.07758620689655173,0.8620689655172413,0.0603448275862069,109.05176989764439,94.29515821341545,92.7457447048486
2161,105.9289781405626,123.87013302644539,89.84923838835587,100.58841126019708,True,False,升级,0.1206896551724138,0.6982758620689655,0.1810344827586207,121.16418254094593,98.21473021811208,98.32947556986908
2162,93.74695962038797,117.96541483730498,88.67876709496147,101.12614602545041,False,False,维持,0.13793103448275862,0.7844827586206896,0.07758620689655173,113.12849675082597,105.96414993209213,99.18822184067221
2163,91.22885631745208,113.07706162228072,90.32632019593855,99.88069251320253,False,False,维持,0.09482758620689655,0.8362068965517241,0.06896551724137931,105.807251178431,101.80104888109055,91.95380259589358
2164,89.97084120368679,111.94310967795647,86.30573243607667,98.67228563992407,False,False,维持,0.22413793103448276,0.7586206896551724,0.017241379310344827,100.39741743403029,97.58692666953786,89.13992645764986
2165,91.38026585892197,120.64157219062278,86.89873647382268,99.94827361705569,True,False,维持,0.15517241379310345,0.8103448275862069,0.034482758620689655,104.69826089446248,96.84178251323382,94.64166097185905
2166,93.86547177799255,113.85506642711574,89.29104225392675,101.31177798027062,False,False,升级,0.09482758620689655,0.8017241379310345,0.10344827586206896,110.15883901838363,104.05856815004543,92.30337536428885
2167,92.78668746988788,122.22644813547956,88.29933088426357,104.70263966102706,True,False,维持,0.07758620689655173,0.5862068965517241,0.33620689655172414,111.25387062742774,109.93628931460842,91.43866596140599
2168,93.04588687249552,124.16856252094352,87.56137949401678,101.90272860880347,True,False,维持,0.1206896551724138,0.7413793103448276,0.13793103448275862,102.3995094438153,104.94124111246155,98.36886769500028
2169,93.18513335358776,115.42265951578611,90.31106237514912,101.13441053559072,False,False,维持,0.1206896551724138,0.8362068965517241,0.04310344827586207,104.82270686145264,105.3699554427466,96.05430431580665
2170,91.09971767250124,128.4077535456981,88.21925731115397,102.43409238560825,True,False,维持,0.09482758620689655,0.7672413793103449,0.13793103448275862,121.27627066890324,104.56090857243994,90.35907138549791
2171,91.3912213071606,113.15978927046166,88.25074231275107,98.62793608328818,False,False,维持,0.1810344827586207,0.8189655172413793,0.0,98.07965074558308,102.06215048586236,96.61990563361579
2172,90.27768947187455,120.32211702142752,90.27768947187455,101.20703624628251,True,False,维持,0.02586206896551724,0.8793103448275862,0.09482758620689655,108.5639928643794,99.31797784175174,97.35345984125506
2173,90.02699444208967,119.07777874234635,88.50841038734437,101.81824463179134,False,False,维持,0.13793103448275862,0.6982758620689655,0.16379310344827586,116.37907927603817,105.8496092310733,92.91770647276708
2174,94.09221912347627,118.4762565557462,88.85682849954625,100.09610053160974,False,False,维持,0.1810344827586207,0.6724137931034483,0.14655172413793102,105.76133979689737,97.00084522162634,89.67930067960985
2175,90.86404300101802,125.4010965616144,89.11712081174734,103.22770678551993,True,False,维持,0.12931034482758622,0.6724137931034483,0.19827586206896552,125.4010965616144,102.54063842116683,92.56922065031816
2176,89.964040729876,127.95221563678619,87.29751741989244,101.73829913774233,True,False,维持,0.11206896551724138,0.7844827586206896,0.10344827586206896,111.1610575639599,100.11403602858176,97.31343117809267
2177,93.1788129879975,121.39593930486171,91.8674360971999,104.43880083561875,True,False,维持,0.06896551724137931,0.6810344827586207,0.25,106.52430582139942,101.53900163289848,100.86162224075156
2178,88.45524757777139,115.84735084062328,87.45877524095926,99.97253090624643,False,False,缓和,0.13793103448275862,0.7931034482758621,0.06896551724137931,101.61308491288878,109.05754142638604,96.4240764183215
2179,93.02844939259124,115.23238782327235,91.12571348144179,101.23244596473005,False,False,维持,0.09482758620689655,0.8017241379310345,0.10344827586206896,102.79646379956579,102.32522321091453,91.93439414780464
2180,93.07701771806161,112.76090589186396,91.09437242975973,100.22173200390586,False,False,维持,0.15517241379310345,0.75,0.09482758620689655,106.52827496066554,95.10836831316051,95.71331351685367
2181,90.87437597427446,125.19356830794956,87.80853114884084,105.56794639560246,True,False,维持,0.06896551724137931,0.6293103448275862,0.3017241379310345,123.17137753160412,104.70711746951254,105.1850275031032
2182,96.48293979855097,110.90673492045912,84.8217601478042,98.42348986294898,False,False,维持,0.11206896551724138,0.8017241379310345,0.08620689655172414,103.36500640679661,93.04824298028667,94.13076464245165
2183,88.47772737753878,125.8333407959356,88.47772737753878,103.50915685319318,True,False,缓和,0.15517241379310345,0.7327586206896551,0.11206896551724138,112.9911720056929,102.60841090757415,100.06073050493409
2184,86.17287435051837,109.79460930188755,86.17287435051837,100.69206570719614,False,False,维持,0.05172413793103448,0.9137931034482759,0.034482758620689655,109.41284074461836,99.26360468050082,100.01109052660509
2185,89.72017556309439,129.64422345673574,89.72017556309439,102.25597283796424,True,False,缓和,0.13793103448275862,0.7155172413793104,0.14655172413793102,106.90961227364792,107.5850712930396,91.88900287159775
2186,93.02861520675063,127.50957892430706,88.1126082579336,101.13699580181338,True,False,维持,0.1724137931034483,0.6724137931034483,0.15517241379310345,123.40791198292882,98.82575122820538,90.48189065579928
2187,89.24253318633997,112.48914555351769,86.4871531417905,101.63646562930033,False,False,维持,0.13793103448275862,0.7844827586206896,0.07758620689655173,108.54924142074489,104.21396320326434,105.32172340972302
2188,87.77615360527321,122.53873550230651,86.86774086355047,101.54072675705747,True,False,缓和,0.15517241379310345,0.7068965517241379,0.13793103448275862,107.93237467555414,99.90040068446643,91.59724853281266
2189,92.01338023107114,116.03391840159942,87.34585591170541,100.16006754274468,False,False,维持,0.12931034482758622,0.8189655172413793,0.05172413793103448,109.34150034045285,94.3043151434672,94.0940655032998
2190,89.78907695468533,123.59697483680091,88.58973316943519,101.3618327677747,True,False,缓和,0.12931034482758622,0.7586206896551724,0.11206896551724138,113.14507970442504,101.71678112013726,93.52630999219484
2191,96.3163841737278,127.5308380959204,89.75240170707833,105.3383194761162,True,False,维持,0.07758620689655173,0.6551724137931034,0.2672413793103448,113.3540212913193,100.62853083401768,92.51895744034965
2192,93.71234758106081,115.79478404936059,92.89364047621149,103.06322908119759,False,False,维持,0.06896551724137931,0.8189655172413793,0.11206896551724138,111.08435726034628,109.4608885030253,99.21677846025683
2193,85.94163990980776,123.53366121705413,85.94163990980776,101.31453287142914,True,False,维持,0.05172413793103448,0.8793103448275862,0.06896551724137931,112.13673267112506,99.10150042752315,98.33402532401203
2194,90.524812779532,125.13785636112785,90.27552864659458,103.49188243200163,True,False,缓和,0.09482758620689655,0.6293103448275862,0.27586206896551724,115.90632315095378,94.48470479984452,103.2360686851623
2195,90.61075471896581,115.30421467392178,88.85092331381,99.62809036862657,False,False,维持,0.15517241379310345,0.7931034482758621,0.05172413793103448,103.03533908771271,100.9434303052316,93.58663998512063
2196,91.5423097763931,117.034067068418,90.43807234728126,100.27958175904571,False,False,维持,0.09482758620689655,0.8448275862068966,0.0603448275862069,102.84992134892612,105.09135209786469,93.70191357955454
2197,89.25249474214627,121.58910062203233,89.25249474214627,102.640779542529,True,False,缓和,0.1724137931034483,0.6379310344827587,0.1896551724137931,120.17165196701168,104.99504197288272,99.01059719918509
2198,89.61689246071069,113.65150116170733,88.64052427990606,98.53908908745076,False,False,维持,0.1896551724137931,0.8017241379310345,0.008620689655172414,95.20333216290655,96.09982044939242,90.94237197067426
2199,90.291829589439,114.43768710366241,89.54052635614896,101.74621763713024,False,False,维持,0.07758620689655173,0.8103448275862069,0.11206896551724138,111.83248743520413,101.66944406389533,99.67626056110234
2200,89.77146054520156,120.09784205431842,89.77146054520156,101.40807307808225,True,False,维持,0.10344827586206896,0.7672413793103449,0.12931034482758622,109.14688096881751,99.96865894623815,99.19018057621658
2201,88.92244555670773,116.6840507267204,86.12143222463796,100.74665650477834,False,False,维持,0.08620689655172414,0.8620689655172413,0.05172413793103448,104.89839648067645,98.23071026859685,96.12575899745376
2202,91.21142969323368,121.59089116126582,88.05598556303994,101.13365055760106,True,False,维持,0.08620689655172414,0.8017241379310345,0.11206896551724138,104.73447997666165,100.40049024086237,102.6913674664047
2203,90.26305289135723,114.83664262110437,89.31678113283444,101.83238124080478,False,False,维持,0.04310344827586207,0.8189655172413793,0.13793103448275862,108.21498798124865,100.67478456330267,97.90805057735673
2204,89.2495276348284,117.03751707810962,87.02189497032462,100.11632900922937,False,False,维持,0.19827586206896552,0.7413793103448276,0.0603448275862069,112.14284699985745,103.40893089017172,97.35266199092362
2205,91.58008031112539,124.39518817398142,90.32386522992276,101.93921466099397,True,False,维持,0.19827586206896552,0.6206896551724138,0.1810344827586207,124.39518817398142,96.59383003716673,95.00395660490749
2206,97.58606614557033,126.29113663787905,90.30217357283806,100.51230767202273,True,False,维持,0.0603448275862069,0.8793103448275862,0.0603448275862069,108.36878568447294,99.22583365522851,90.90285992097463
2207,91.82814977090453,120.24133169166039,91.03378959314908,101.53359186257386,True,False,维持,0.08620689655172414,0.7413793103448276,0.1724137931034483,106.0558422000691,103.76743251335262,92.65928342159586
2208,89.26832487663664,113.07401188330654,89.11985085994178,100.75258083177823,False,False,维持,0.05172413793103448,0.853448275862069,0.09482758620689655,106.65785541320733,98.37001759301101,94.07017263840739
2209,90.12832786323784,120.80597140619452,88.94083301678685,102.49453998510516,True,False,缓和,0.14655172413793102,0.646551724137931,0.20689655172413793,107.8405331198809,104.65816745623373,104.33336837631805
2210,91.09218898041759,123.90823917109545,87.18355850130612,100.57374052878369,True,False,维持,0.1724137931034483,0.7672413793103449,0.0603448275862069,104.88908249342674,102.0964838045963,92.7315860986045
2211,90.87073854335905,135.42402662446298,88.33809859854543,101.19839765270848,True,True,维持,0.14655172413793102,0.7586206896551724,0.09482758620689655,109.02101421406769,98.2406221794085,91.69840779764496
2212,96.33694595702177,125.78168798529464,89.79619113486942,99.28723471700356,True,False,维持,0.08620689655172414,0.8448275862068966,0.06896551724137931,101.23944049827088,97.00924305700843,91.8858413634287
2213,90.29775299314267,112.49665441584457,90.29775299314267,102.53692821365358,False,False,缓和,0.19827586206896552,0.6551724137931034,0.14655172413793102,111.09831418484647,107.34843885143809,101.06916943912526
2214,91.50247983945951,118.91794038881663,90.4284507877524,101.59040831250444,False,False,维持,0.10344827586206896,0.7586206896551724,0.13793103448275862,105.58786762000193,100.63762422875624,99.54858670300034
2215,95.50332120084637,120.73882095033431,85.81820918259912,101.51884598925177,True,False,升级,0.15517241379310345,0.7068965517241379,0.13793103448275862,107.08866422025687,99.90351789716013,93.1409135350519
2216,96.34747524179505,116.54051293628696,91.64869433897152,101.97334297501628,False,False,缓和,0.07758620689655173,0.7413793103448276,0.1810344827586207,113.23569862099465,105.46165310526233,94.78473208679307
2217,91.42746676949673,120.67130294968142,91.42746676949673,102.0072563489718,True,False,维持,0.1206896551724138,0.7155172413793104,0.16379310344827586,108.03826157925096,112.13923685278941,93.4194571900033
2218,92.13077196395234,119.96707637785957,88.57167427495516,99.72717990024913,False,False,缓和,0.16379310344827586,0.7068965517241379,0.12931034482758622,102.92131778447197,98.22839163113397,92.31836075603402
2219,91.66641204892429,127.4371667663108,89.5156414710933,105.50880757048036,True,False,维持,0.07758620689655173,0.7241379310344828,0.19827586206896552,109.95326977017388,105.93007969644378,99.27689568467305
2220,93.43636387185263,119.62626057798037,88.68625570629382,101.19315376647411,False,False,维持,0.1896551724137931,0.6637931034482759,0.14655172413793102,107.1087651115047,100.61861270753539,95.94187158969324
2221,91.04659313803666,126.34560593785025,90.90506036907814,103.70840867547905,True,False,维持,0.08620689655172414,0.6896551724137931,0.22413793103448276,121.46210285116967,114.74568368630977,91.86038506746078
2222,89.26400761409903,126.46178282941842,89.26400761409903,101.4871099208424,True,False,维持,0.12931034482758622,0.7413793103448276,0.12931034482758622,105.01527356879049,109.25630857159413,94.13707041495827
2223,88.12149876557363,113.80774855355975,88.12149876557363,100.90951121607988,False,False,缓和,0.10344827586206896,0.7586206896551724,0.13793103448275862,103.8519371851039,105.86415146749268,94.42319461132517
2224,91.05298052876493,111.18815071369976,86.95212330914386,98.28828387136582,False,False,维持,0.13793103448275862,0.853448275862069,0.008620689655172414,102.50010168161025,98.45508233426422,93.27695608344442
2225,88.2728599050243,125.61625363349685,88.2728599050243,103.7530784452215,True,False,维持,0.06896551724137931,0.7413793103448276,0.1896551724137931,106.26029357800854,103.7693794526654,88.84187722847983
2226,91.50627502362208,117.24932683297553,91.03343702190308,101.6290037483848,False,False,维持,0.11206896551724138,0.7844827586206896,0.10344827586206896,115.00737427197988,95.09654030321494,99.46905606132448
2227,91.22385725706644,113.4121885987244,87.59299827371254,100.53230542607638,False,False,维持,0.14655172413793102,0.75,0.10344827586206896,112.10752610174717,105.43412999121989,95.44015793140416
2228,94.04670532801005,118.278746123277,92.11435035257823,101.67051144403348,False,False,维持,0.08620689655172414,0.7672413793103449,0.14655172413793102,108.4789686332841,99.34931170031686,93.93607754624414
2229,85.89404202298451,121.93967950474408,85.89404202298451,102.40123381542699,True,False,维持,0.12931034482758622,0.7068965517241379,0.16379310344827586,108.8720353506882,110.95081803595461,91.94047199018625
2230,92.22227549421909,119.68528228123529,88.95742291564765,101.53014871124694,False,False,维持,0.11206896551724138,0.7844827586206896,0.10344827586206896,110.18200542588181,98.96594996965783,92.83560831481579
2231,91.91626701116923,112.80777685362862,90.53507454664741,100.19357929729763,False,False,维持,0.12931034482758622,0.8017241379310345,0.06896551724137931,109.89815068514909,105.313408133529,94.7312781402186
2232,99.62330031611216,118.98287890229713,86.48280530199318,100.75348676466028,False,False,维持,0.16379310344827586,0.646551724137931,0.1896551724137931,98.31506167255955,101.90637901134255,90.72832804593943
2233,91.5370362927638,114.87755100106887,88.48171037817055,99.97694246944725,False,False,维持,0.20689655172413793,0.7586206896551724,0.034482758620689655,103.57479851337614,105.20598448288503,94.52431712881551
2234,87.9405256208662,118.83867404938468,86.99482315525063,98.87353049012955,False,False,缓和,0.15517241379310345,0.7931034482758621,0.05172413793103448,104.70911698880944,103.39061363507119,89.08673037234085
2235,87.85393473531204,115.06643335363357,87.85393473531204,100.9072090885562,False,False,维持,0.08620689655172414,0.8879310344827587,0.02586206896551724,105.87325409103448,105.96775897942798,97.18485296584885
2236,90.27396365893864,110.8567625226653,89.10133181582299,99.86508932473429,False,False,维持,0.07758620689655173,0.8620689655172413,0.0603448275862069,101.48714450102915,97.87489616656899,101.08509302258027
2237,101.34098579308056,114.35674739473171,88.77307485407069,100.03405099946859,False,False,维持,0.15517241379310345,0.7844827586206896,0.0603448275862069,99.57808012606712,98.9805624834234,89.76065405804528
2238,93.74254307071816,111.5657545601089,88.78358555181684,99.67087407818653,False,False,维持,0.15517241379310345,0.7844827586206896,0.0603448275862069,105.07317032642287,101.61896134057713,92.91053196969591
2239,88.5819000534861,124.34943602017262,88.5819000534861,101.55943964650073,True,False,维持,0.10344827586206896,0.7758620689655172,0.1206896551724138,123.05857172848522,103.20342195368242,92.50800612758032
2240,90.89015369811416,119.06529783149082,88.18743206785804,99.79482251247761,False,False,维持,0.1724137931034483,0.75,0.07758620689655173,103.30431006291491,99.40786682437604,94.58466179705705
2241,89.53803614113033,111.57619859551419,89.53803614113033,99.69510713196054,False,False,维持,0.13793103448275862,0.853448275862069,0.008620689655172414,107.28032014701157,99.24565716117695,97.23300922306284
2242,92.0651103854475,127.0663661453698,87.86661531764578,100.77442890946513,True,False,维持,0.13793103448275862,0.7844827586206896,0.07758620689655173,103.06163942230789,99.56881014898016,96.5695774079726
2243,86.44477265277798,112.34253007145445,85.54009892955662,99.83863522918526,False,False,维持,0.11206896551724138,0.7844827586206896,0.10344827586206896,99.32653717677358,99.10047867794646,102.62553977522562
2244,89.95742011635572,123.42390910541934,89.85578320456631,104.6385821765418,True,False,维持,0.05172413793103448,0.6896551724137931,0.25862068965517243,103.31323685759816,112.58371469309843,98.53726189781284
2245,90.81249619605468,120.20367069985403,88.06775126594161,99.78851713394188,True,False,维持,0.13793103448275862,0.7931034482758621,0.06896551724137931,99.51597531775344,103.45965926747283,95.37551077463448
2246,89.40189862288491,111.65803814655219,88.69845101234567,98.13548499952631,False,False,维持,0.20689655172413793,0.7931034482758621,0.0,102.64823289450351,100.10336827410633,95.10193849307318
2247,94.06707115653502,134.9222632457344,89.86506033035903,103.29848442115917,True,True,维持,0.0603448275862069,0.7672413793103449,0.1724137931034483,107.25220272185422,103.17395216583023,93.42412574165726
2248,91.87075950393233,123.75816115390636,89.95598838842793,100.2422335522898,True,False,维持,0.1896551724137931,0.75,0.0603448275862069,109.37644292806132,101.18596038181673,94.65936834203981
2249,89.91932215698593,119.32715425423147,87.84066083998734,99.5063276020721,False,False,维持,0.12931034482758622,0.8620689655172413,0.008620689655172414,105.05400254887627,100.57062698866811,92.8812044363485
2250,88.97845704373539,123.02538762822584,88.97845704373539,102.71706903743944,True,False,维持,0.08620689655172414,0.7586206896551724,0.15517241379310345,108.77168409585373,99.12995714417951,95.01126567126364
2251,88.52274674419033,117.09395300699357,87.28035769042746,102.9501376950295,False,False,缓和,0.13793103448275862,0.5775862068965517,0.28448275862068967,101.39126232893344,99.95194538548213,104.86188673285761
2252,88.7715982809843,130.7238746570886,87.61723952680134,106.21823772485608,True,True,缓和,0.0603448275862069,0.6379310344827587,0.3017241379310345,121.15006699597555,115.38962221438165,94.75889553728986
2253,89.25361099245481,112.45313010787262,85.336374283812,98.93595958012985,False,False,维持,0.10344827586206896,0.8706896551724138,0.02586206896551724,100.13328709045295,99.59250005299118,95.94829930571423
2254,91.02214816816472,117.74997104905496,88.95207311409915,101.31496401871581,False,False,维持,0.1206896551724138,0.8017241379310345,0.07758620689655173,108.4738728255329,104.35236500597877,94.89351752372085
2255,89.7183847608615,112.8605821938893,89.7183847608615,98.94394102388698,False,False,维持,0.16379310344827586,0.7758620689655172,0.0603448275862069,100.33821988525203,97.76536328980157,93.10368904121768
2256,87.5717482875289,116.24712396430922,87.5717482875289,100.3904152067802,False,False,维持,0.08620689655172414,0.9051724137931034,0.008620689655172414,104.42003771521178,99.2710642110733,94.52851444555448
2257,94.52742342729128,123.63851955112874,88.17791870595129,104.04481147386575,True,False,维持,0.0603448275862069,0.6982758620689655,0.2413793103448276,120.67746232951713,110.2925995240992,98.03895173438661
2258,95.81671877199382,117.2219003474779,86.28642374259636,100.26100512725428,False,False,维持,0.1724137931034483,0.7327586206896551,0.09482758620689655,104.21624096780472,98.6066019151592,95.52441217602531
2259,88.40090910819599,112.36428113238607,85.65172792272843,99.37323410796381,False,False,维持,0.14655172413793102,0.8448275862068966,0.008620689655172414,102.6530590246505,102.19283367041825,88.87888958553154
2260,94.50972141365277,115.84872185598684,90.78169056122053,102.38884647853602,False,False,维持,0.10344827586206896,0.7327586206896551,0.16379310344827586,109.82289729687417,106.18401007663519,93.6472000078137
2261,89.92136150439556,122.03580811463182,86.815244075069,100.576279832098,True,False,维持,0.1724137931034483,0.6982758620689655,0.12931034482758622,120.87846228842093,101.63740303449123,91.36500062675643
2262,92.63632012515771,119.15815403985668,89.2845864047815,102.15094813573354,False,False,维持,0.05172413793103448,0.8793103448275862,0.06896551724137931,105.02982764289426,101.95121068158669,106.925468734984
2263,90.06749411142316,120.93752228998459,90.06749411142316,102.44036847892832,True,False,维持,0.06896551724137931,0.7931034482758621,0.13793103448275862,106.2544882448233,96.8065736117657,91.8025811495559
2264,92.211202820518,132.04065203150873,87.97327197071795,101.52928481992896,True,True,维持,0.1724137931034483,0.7155172413793104,0.11206896551724138,108.50420227732107,100.70148995801148,98.13944012212544
2265,93.39592248815171,125.44029583945915,87.46570558164736,102.11269117256158,True,False,维持,0.1810344827586207,0.6637931034482759,0.15517241379310345,105.56531627139287,118.68099457162882,94.7882192502661
2266,88.24648629025248,120.78515344282995,88.24648629025248,101.96175918268908,True,False,维持,0.12931034482758622,0.7844827586206896,0.08620689655172414,107.45841601755518,98.1439232858037,94.98884547031363
2267,89.3797976465564,114.3305171786756,88.39150257906358,99.24564442237235,False,False,维持,0.05172413793103448,0.9137931034482759,0.034482758620689655,105.07999220394395,95.57529632514871,93.54274544987166
2268,89.9405066861033,120.874114345375,88.7111322564921,103.59652048572228,True,False,维持,0.05172413793103448,0.7327586206896551,0.21551724137931033,106.70654756681063,105.38843210837449,96.57051179980601
2269,88.80237846713808,118.07145291520098,88.80237846713808,101.8175762479416,False,False,维持,0.16379310344827586,0.6896551724137931,0.14655172413793102,104.09015223685464,104.26577129334937,93.4097317395613
2270,98.2350390396713,112.60472417952901,90.91371634128777,101.3442595665531,False,False,维持,0.05172413793103448,0.8362068965517241,0.11206896551724138,102.96960506029178,96.81682418311942,110.80958985185568
2271,88.06906428190892,113.02068545095852,88.06906428190892,99.19524778733363,False,False,维持,0.1206896551724138,0.8189655172413793,0.0603448275862069,105.056251990176,101.28294756695969,95.4407477567129
2272,90.21187425127721,116.35928191565824,89.92800028012589,103.71596987218096,False,False,维持,0.07758620689655173,0.6982758620689655,0.22413793103448276,104.97770426176909,109.17671151160187,100.46576522237399
2273,88.13522444953624,116.70288049894147,87.21433048515505,99.63282259701883,False,False,缓和,0.20689655172413793,0.6810344827586207,0.11206896551724138,96.4844539039238,106.45372694568289,94.98411748628807
2274,93.0553466950033,113.56134232223604,87.2752435672583,98.00901864091759,False,False,维持,0.13793103448275862,0.8620689655172413,0.0,96.70289731041338,99.44236618992213,92.92970391927336
2275,92.34365063387204,131.17349951872094,89.6162490968972,102.14742180051634,True,True,维持,0.05172413793103448,0.8362068965517241,0.11206896551724138,108.73159178786166,97.1388265047408,93.69206774733924
2276,89.40416007949439,113.66974910680172,89.40416007949439,101.34142665464687,False,False,缓和,0.06896551724137931,0.8706896551724138,0.0603448275862069,107.63032544866313,102.49524474329257,96.30011244217965
2277,94.04308918562334,115.89661611896439,90.09304394777597,102.18706945099308,False,False,维持,0.16379310344827586,0.6810344827586207,0.15517241379310345,109.6713695387201,98.84787767336336,94.81812973828154
2278,93.7524859005768,113.28490103582335,89.1903724218481,101.31720473341862,False,False,维持,0.06896551724137931,0.8448275862068966,0.08620689655172414,105.13881036162378,111.25531318365046,94.4600988541667
2279,96.90498420082609,128.31692406542638,89.43779773595604,102.65930536080451,True,False,维持,0.10344827586206896,0.7327586206896551,0.16379310344827586,103.1377229092387,107.22279352518042,91.04460048625823
2280,91.50156939533342,123.3495792333712,87.88945908390478,103.45112040014058,True,False,维持,0.08620689655172414,0.6896551724137931,0.22413793103448276,115.41317552966048,107.36160540536447,90.54335138271745
2281,95.48603178472942,111.93894627295222,87.39869308868425,99.02559719885535,False,False,维持,0.20689655172413793,0.7758620689655172,0.017241379310344827,102.93627418137541,94.5367960335862,94.46563974058212
2282,89.88854333327997,120.39684518616701,89.88854333327997,103.0193373228698,True,False,维持,0.0603448275862069,0.7844827586206896,0.15517241379310345,109.20758246216985,111.29341438599728,93.2527475038087
2283,87.46241516856078,115.28055536200591,87.27975051580364,100.98740201078871,False,False,维持,0.15517241379310345,0.7068965517241379,0.13793103448275862,97.48729675123178,113.95786340606514,98.32334791386843
2284,95.98160274657423,120.159584181937,91.99362842393164,103.81663496488653,True,False,维持,0.05172413793103448,0.7327586206896551,0.21551724137931033,105.72548233107626,114.47144560346948,92.37138590716451
2285,90.8111076199604,123.80315521823101,90.4204441077387,104.44959569635373,True,False,缓和,0.06896551724137931,0.6810344827586207,0.25,107.21333413391729,98.63993281841373,103.17881101522197
2286,93.84327204282349,124.91718458890205,89.83905631786625,101.51224366770496,True,False,维持,0.08620689655172414,0.8103448275862069,0.10344827586206896,106.88780688425095,98.26434243906729,92.59898228219731
2287,99.32907873436241,115.14114102054262,89.50787746903431,99.04281792228998,False,False,升级,0.1810344827586207,0.7586206896551724,0.0603448275862069,97.10682673145726,98.05781274370415,95.83169500993085
2288,91.56906483168952,114.82688187678573,87.51261228337884,101.22015838797589,False,False,维持,0.13793103448275862,0.7844827586206896,0.07758620689655173,105.07736155291876,99.0724302125519,93.14625973972693
2289,89.25071913170856,126.57480691660223,89.25071913170856,104.0217730439862,True,False,缓和,0.10344827586206896,0.6982758620689655,0.19827586206896552,114.9026134892385,112.96584075987548,93.76511861851644
2290,88.94836413409769,119.6970966363214,88.12199746731817,102.55792385140825,False,False,维持,0.21551724137931033,0.5862068965517241,0.19827586206896552,106.77232741519637,116.62849756004864,96.01328112637933
2291,90.6200716746817,112.75343842002461,88.28081686268972,100.03222577767464,False,False,维持,0.13793103448275862,0.7758620689655172,0.08620689655172414,105.40325001167167,99.51446281456236,95.54032594866537
2292,88.98401724100498,126.16025910374071,88.98401724100498,103.82736779853087,True,False,缓和,0.15517241379310345,0.6637931034482759,0.1810344827586207,113.3692557390305,95.17695724300873,96.2033438430929
2293,88.01588168077161,112.46118131726574,85.60922224496306,99.11308556778202,False,False,维持,0.11206896551724138,0.8793103448275862,0.008620689655172414,105.884580460057,99.93188598586363,95.64760015372754
2294,94.82499098134525,116.20108681569093,91.0874784397928,102.53309902602824,False,False,维持,0.08620689655172414,0.8103448275862069,0.10344827586206896,112.09466620173055,103.64105043205834,103.6001691123408
2295,87.98741974921046,118.96520931872665,87.92330811499897,102.2604394467992,False,False,维持,0.14655172413793102,0.6810344827586207,0.1724137931034483,107.60124896582765,99.62121770356411,95.52491012733456
2296,90.83443485002078,113.53487310582801,88.3992483093701,100.87700001433839,False,False,维持,0.13793103448275862,0.8275862068965517,0.034482758620689655,107.50873814180979,104.4472626428471,90.63474373514758
2297,89.98168412165272,117.62949082520865,89.1005200894312,99.550862668341,False,False,维持,0.21551724137931033,0.7068965517241379,0.07758620689655173,108.41718065887491,95.88782430892077,92.51525325192326
2298,91.4492444203662,118.69986361681597,90.35997820537727,101.08748740453981,False,False,维持,0.10344827586206896,0.7931034482758621,0.10344827586206896,107.84439247978487,98.8765121261157,97.624959541709
2299,91.04263638911334,120.50276936537189,89.71776749826329,103.94908458941701,True,False,缓和,0.10344827586206896,0.6982758620689655,0.19827586206896552,106.07625665526572,106.91248380848172,101.57034727140157
2300,91.47671966124983,114.79353764764515,88.47150351365295,99.83751923102888,False,False,维持,0.15517241379310345,0.7931034482758621,0.05172413793103448,105.11745339240899,105.04634994849604,93.64719302231205
2301,90.18584935813911,121.84064763284451,84.83633024416181,101.85914611991298,True,False,维持,0.08620689655172414,0.8017241379310345,0.11206896551724138,104.82813723170901,103.93468311217354,97.15137651923499
2302,96.79878107924203,113.41567907975565,89.47679570158331,102.03672892884255,False,False,维持,0.04310344827586207,0.8793103448275862,0.07758620689655173,107.34729071198211,106.92478800818041,97.54777219723276
2303,88.36698292688537,118.23988443153303,86.71045461599718,103.17340507348935,False,False,维持,0.0603448275862069,0.7758620689655172,0.16379310344827586,108.92280433674476,106.81360668024526,103.88673992349652
2304,91.16100889044498,117.30680176318192,85.0228383886096,101.33694021527931,False,False,维持,0.20689655172413793,0.6896551724137931,0.10344827586206896,107.66558268398744,101.45742898413897,92.1449633120835
2305,88.59376663136747,121.52034225881596,88.30212301974852,101.858304159183,True,False,维持,0.15517241379310345,0.7155172413793104,0.12931034482758622,100.43675796218378,103.92458746049391,94.91664277981985
2306,95.93661077251957,126.52178879805884,87.39658216484749,101.43835648187641,True,False,升级,0.08620689655172414,0.8189655172413793,0.09482758620689655,106.93824722842066,100.74457878925956,92.9608899014285
2307,91.50228047077458,124.2911139591094,86.57144985517242,101.85403252844817,True,False,维持,0.16379310344827586,0.6724137931034483,0.16379310344827586,118.54384102082818,102.9989668024932,98.68297989575044
2308,92.08844057635453,122.9439864229725,88.81166703752478,100.88168564856399,True,False,维持,0.034482758620689655,0.9051724137931034,0.0603448275862069,108.78544335276052,102.07465232903876,94.46551792134731
2309,93.88169000288562,113.02550900742632,88.95678079689641,100.44359081685451,False,False,维持,0.06896551724137931,0.853448275862069,0.07758620689655173,100.28255168362128,108.47761230143331,99.14696307697142
2310,90.3282340220362,117.11406795920486,88.0856380880364,101.31878750608311,False,False,维持,0.06896551724137931,0.8275862068965517,0.10344827586206896,103.68564316089325,109.82033707983486,99.72916514019057
2311,88.84830458953218,133.35476644326604,88.84830458953218,103.39361169664583,True,True,缓和,0.13793103448275862,0.6896551724137931,0.1724137931034483,119.66877112844304,99.18117537628156,91.26276504390401
2312,90.37758032733679,122.43051629434771,89.30425911001099,101.07383616378195,True,False,维持,0.14655172413793102,0.7068965517241379,0.14655172413793102,110.35060714149826,101.22223005941659,93.38683654278901
2313,92.37429571051835,122.95325943279188,90.96560519335057,101.50671483116933,True,False,维持,0.14655172413793102,0.8103448275862069,0.04310344827586207,113.02578266522357,102.8736570022476,98.51510500262864
2314,90.08547390926847,123.96698562985092,88.85991739618159,102.16537909519198,True,False,维持,0.19827586206896552,0.6120689655172413,0.1896551724137931,114.3787749053283,102.33008898788661,94.2818686665348
2315,92.61023963114131,124.83083544074827,88.90431766579275,100.8672021709172,True,False,缓和,0.14655172413793102,0.7758620689655172,0.07758620689655173,111.07137854108916,100.45423293325206,95.8568352235347
2316,94.53903585716515,120.7043781158193,89.87105066283425,100.69636306939127,True,False,维持,0.1896551724137931,0.7155172413793104,0.09482758620689655,103.5174827661994,103.32258403505705,94.38044545309836
2317,90.48184669622363,129.64592711506853,86.65087944230787,102.13675697987796,True,False,维持,0.1206896551724138,0.8103448275862069,0.06896551724137931,110.8295735033727,103.13410397657847,92.26345304556365
2318,85.16817692790448,115.38096131998714,85.06366387595901,98.93861050692163,False,False,维持,0.14655172413793102,0.8275862068965517,0.02586206896551724,100.32842061533616,100.29786717399554,94.59872212791996
2319,91.04771819359283,117.30913703569023,89.21373886765325,103.45586450273183,False,False,维持,0.11206896551724138,0.6982758620689655,0.1896551724137931,113.33091936189471,110.07877418907171,94.6223003120132
2320,90.33198018167265,110.35530017027772,86.81039311772153,99.11902218857526,False,False,维持,0.15517241379310345,0.8017241379310345,0.04310344827586207,102.93715497362417,107.51464134696036,93.06189866101205
2321,96.15790745745363,120.97158947246554,89.11969864864524,101.06653963674037,True,False,维持,0.15517241379310345,0.7241379310344828,0.1206896551724138,103.59007029194585,113.53812918974283,94.16536163565095
2322,90.45073561470151,125.50193072530861,88.74060708249465,101.46594876720302,True,False,维持,0.12931034482758622,0.7758620689655172,0.09482758620689655,103.6306749558153,98.46708887241641,95.29337752083615
2323,93.50463247097582,112.65214149396607,93.2697866957182,102.28953619927444,False,False,维持,0.14655172413793102,0.6637931034482759,0.1896551724137931,101.48849181448966,106.5863290424247,95.18113180367966
2324,89.1399883345881,123.44146601185143,89.1399883345881,102.78314353832911,True,False,维持,0.11206896551724138,0.6982758620689655,0.1896551724137931,107.41308550971327,106.54265456173027,92.03694222439641
2325,93.0972092988075,115.90483401585442,89.24655390469583,100.21598231402389,False,False,维持,0.15517241379310345,0.7327586206896551,0.11206896551724138,105.55886565904136,99.32384011155877,93.2103131666815
2326,90.68574238025704,117.3766481469418,90.68574238025704,100.8182896434421,False,False,缓和,0.20689655172413793,0.7155172413793104,0.07758620689655173,113.03566641784107,101.30345244573863,94.426388437134
2327,88.60361111515905,127.67161582709686,87.88334442252729,101.79781794179446,True,False,维持,0.10344827586206896,0.8103448275862069,0.08620689655172414,107.70325053947997,103.2028059013793,94.58370265058592
2328,92.79344099834773,121.65402665726188,92.79344099834773,104.96138560697908,True,False,缓和,0.05172413793103448,0.7155172413793104,0.23275862068965517,102.0657964215355,100.06959640096998,103.2143088926673
2329,92.62682994558068,122.23138126893146,92.62601055889068,100.63283538507605,True,False,维持,0.1206896551724138,0.8362068965517241,0.04310344827586207,108.4205111028547,99.51599078424009,96.79726735441477
2330,94.45938828974225,118.53763467869273,89.00964911387449,101.70637293153747,False,False,维持,0.08620689655172414,0.8275862068965517,0.08620689655172414,103.16128967446241,101.4940734703807,103.24134069865246
2331,92.63521306848017,117.670478024587,89.77447209122231,100.07596526116106,False,False,维持,0.11206896551724138,0.8362068965517241,0.05172413793103448,106.21996103196236,99.29591240558433,93.06145807135319
2332,92.58577870928649,118.94382765344939,91.14485850062361,101.72131561660433,False,False,维持,0.14655172413793102,0.8103448275862069,0.04310344827586207,103.4842744207676,106.33929781419195,95.67074984394405
2333,92.3210170236217,122.3401465625635,88.61357083391945,100.31648564171437,True,False,维持,0.12931034482758622,0.8275862068965517,0.04310344827586207,122.3401465625635,97.70956835857405,90.64475703558509
2334,90.33567085518801,122.6274847286419,90.33567085518801,103.27445405407634,True,False,维持,0.07758620689655173,0.6982758620689655,0.22413793103448276,118.40458091488124,111.46233476905897,92.91892413714251
2335,100.46902615665974,111.30174072131221,88.22559267579432,100.71201306989282,False,False,缓和,0.1206896551724138,0.7931034482758621,0.08620689655172414,109.6833145287261,96.33118521847602,93.99740924990384
2336,89.40649006213695,125.72949049075363,88.46978337071948,102.05038181058154,True,False,维持,0.10344827586206896,0.7586206896551724,0.13793103448275862,107.49924048854105,99.07915127802615,97.28840959409494
2337,92.05634588464169,116.5545451056956,87.05215094227985,99.85449011830681,False,False,维持,0.1724137931034483,0.7931034482758621,0.034482758620689655,105.67692680012375,101.25759645660543,94.76444817834148
2338,92.86803514951949,122.75706467622244,89.18331726439017,100.46265756577314,True,False,维持,0.11206896551724138,0.7931034482758621,0.09482758620689655,97.75792945931805,99.44259044991631,95.66745147748182
2339,94.05338389020277,118.01153049364895,86.74727733933501,100.93589530463167,False,False,维持,0.16379310344827586,0.7155172413793104,0.1206896551724138,109.3589801922282,105.75980811909619,102.96806993180152
2340,90.66285758810298,123.681531428039,87.57703742037944,101.29118839485307,True,False,维持,0.16379310344827586,0.7155172413793104,0.1206896551724138,107.97853855772583,105.70920246426671,98.59146227843269
2341,98.75746131561046,132.45177010595344,91.43455156557242,104.591003512098,True,True,维持,0.06896551724137931,0.8017241379310345,0.12931034482758622,111.55720333873492,107.48360203633123,93.28775190884477
2342,90.05620121007347,121.47251228712135,87.64884161837082,100.63676481071379,True,False,维持,0.1206896551724138,0.8103448275862069,0.06896551724137931,110.77259366692937,98.6746662605058,91.39564350288993
2343,90.3057851169193,111.71341221584535,89.94657012940935,98.98370850048948,False,False,维持,0.1724137931034483,0.8017241379310345,0.02586206896551724,104.9964239065181,98.49294072817413,91.54769461764047
2344,88.95591510455127,141.31657688909826,88.37646055440204,104.15332101687804,True,True,维持,0.10344827586206896,0.7068965517241379,0.1896551724137931,104.64897989110027,96.08184146308261,96.41665352408017
2345,94.70560896268532,117.3940347631097,88.67042830130976,102.27082435367579,False,False,升级,0.0603448275862069,0.7586206896551724,0.1810344827586207,103.4100706255393,112.2617267000653,93.76920858564853
2346,91.67979307509624,124.59032731581783,90.61904282661378,101.79578689439867,True,False,维持,0.15517241379310345,0.6982758620689655,0.14655172413793102,116.76608226486918,96.40085144104886,91.88582922993993
2347,92.17476298325772,126.37400339874986,88.94912749254871,102.02953463582148,True,False,维持,0.09482758620689655,0.7241379310344828,0.1810344827586207,106.53400213707974,97.74542939128285,98.74442796517074
2348,87.36040978976676,119.22801951977492,87.36040978976676,101.49929946530474,False,False,缓和,0.10344827586206896,0.7758620689655172,0.1206896551724138,105.18141181966482,114.05843915156228,93.78131484729028
2349,96.96770682219993,116.03497912056649,89.50871929187623,101.43815001786491,False,False,升级,0.0603448275862069,0.8706896551724138,0.06896551724137931,108.2327050705735,98.62207371260747,92.8491784936016
2350,89.161842068421,116.10548645361781,87.86737102931197,99.09319953653679,False,False,维持,0.1724137931034483,0.8103448275862069,0.017241379310344827,108.80907410552408,98.2399861651292,91.91525880506563
2351,94.28280702629971,130.66387070923878,88.05698150206838,101.88262697001974,True,True,升级,0.09482758620689655,0.7758620689655172,0.12931034482758622,111.11770077220511,98.15778519841263,90.6354849773453
2352,91.71565584114984,122.22531427391424,88.68748469180271,101.27799327364731,True,False,维持,0.14655172413793102,0.7413793103448276,0.11206896551724138,108.05715294514371,107.282571732397,96.15740682346511
2353,89.97414728203795,111.68613109562664,89.32468578381841,100.27128866967011,False,False,维持,0.13793103448275862,0.8362068965517241,0.02586206896551724,103.50191247831431,99.58442206940677,97.18063918416028
2354,89.25401501285049,122.20098289574032,87.1667330516104,102.35425983930931,True,False,维持,0.0603448275862069,0.8448275862068966,0.09482758620689655,115.1297435717307,101.9955885838674,96.28812869929698
2355,87.27900264282225,118.81794780031163,87.27900264282225,103.5414096599625,False,False,维持,0.16379310344827586,0.5603448275862069,0.27586206896551724,103.61920478283984,105.30776876886456,102.11326889223628
2356,91.7878468216984,123.16731940691871,90.42041831062312,102.41321470650458,True,False,维持,0.0603448275862069,0.8017241379310345,0.13793103448275862,117.16556829714722,100.71662550483947,96.09848652859017
2357,90.38444717614549,120.42512140547306,87.65469883920234,99.77686350601955,True,False,维持,0.11206896551724138,0.8275862068965517,0.0603448275862069,103.79816239135245,99.68087800255435,91.69082002131617
2358,94.54400389463227,117.55074664533814,90.26520320094794,100.89131944124284,False,False,维持,0.16379310344827586,0.7413793103448276,0.09482758620689655,106.24778944692298,108.4295981336053,95.36631771910046
2359,93.64094719270892,117.466554857399,91.30313016632336,100.98399133756453,False,False,维持,0.12931034482758622,0.8448275862068966,0.02586206896551724,104.5396847741495,100.44340816418305,94.6563976192818
2360,90.30777334224534,123.90427006293105,88.81957311793411,101.0237154166248,True,False,缓和,0.08620689655172414,0.8448275862068966,0.06896551724137931,116.06677124278454,96.97860159172168,95.17332904704833
2361,94.41371489724989,117.7889915508523,85.33884738270866,100.04492012305363,False,False,缓和,0.1724137931034483,0.6810344827586207,0.14655172413793102,103.23576733899115,108.43595897128483,87.10571330566718
2362,87.56110391331444,120.97231214449107,87.56110391331444,101.21625767943604,True,False,维持,0.1724137931034483,0.7327586206896551,0.09482758620689655,104.9838767776679,103.53723978278828,96.33048364514949
2363,89.15270259278424,113.91857423247893,85.52183601239736,99.44215277229509,False,False,维持,0.13793103448275862,0.8362068965517241,0.02586206896551724,105.34889859539918,102.8911213330337,93.21892332701948
2364,92.99458363833288,116.94299016702959,92.99458363833288,101.23787322366043,False,False,缓和,0.15517241379310345,0.7068965517241379,0.13793103448275862,97.5104369400797,111.36465926584093,104.76380382724807
2365,93.2412309379011,124.12743795012807,92.35378880775905,105.6289031091958,True,False,缓和,0.07758620689655173,0.6982758620689655,0.22413793103448276,110.0774287708,101.64202113808949,98.49329710175
2366,95.51163547867742,120.28575960393225,89.50279712534392,101.48498326341222,True,False,维持,0.02586206896551724,0.8017241379310345,0.1724137931034483,105.7024380460085,102.69039894391783,94.5130818927923
2367,91.21599705916587,131.5976963952958,88.79698301279755,107.83796910427579,True,True,缓和,0.07758620689655173,0.603448275862069,0.31896551724137934,131.09318847960486,111.03130670263324,107.45896320022179
2368,90.48580113245991,113.5000376800371,90.48580113245991,101.10123773206182,False,False,维持,0.12931034482758622,0.7413793103448276,0.12931034482758622,109.19248733899373,103.36637716804847,95.19018888244756
2369,93.38733644532748,118.63770445761806,88.82697425346785,101.56264041536278,False,False,维持,0.09482758620689655,0.8017241379310345,0.10344827586206896,108.34015819847636,97.35795849952655,94.011557182229
2370,91.56841058986122,121.13384025630707,89.31007354963162,101.9375383180237,True,False,维持,0.04310344827586207,0.8275862068965517,0.12931034482758622,103.38801274758211,100.22034397998674,96.38570536209428
2371,89.55365925665697,134.0160137813532,88.19022027150073,102.47673923622608,True,True,缓和,0.1896551724137931,0.6982758620689655,0.11206896551724138,129.15987905750683,96.91171684539664,94.17113221043421
2372,89.1303046644475,125.06321671213733,88.52884633836227,101.62130491655778,True,False,缓和,0.1810344827586207,0.6379310344827587,0.1810344827586207,105.71960690004381,102.0924591920058,92.71008410658072
2373,88.383216919697,133.8563916801372,86.46750473968865,104.29479652386183,True,True,维持,0.1724137931034483,0.603448275862069,0.22413793103448276,102.42039622683271,112.90457948641584,94.24933292676644
2374,88.26043280580997,112.7377980436396,88.20382894511563,100.24991277730066,False,False,缓和,0.15517241379310345,0.7758620689655172,0.06896551724137931,106.67537469930167,101.77044483275508,107.12199801263375
2375,91.49556165164323,119.39321429719647,90.30909048208288,101.80910963473565,False,False,维持,0.034482758620689655,0.896551724137931,0.06896551724137931,108.64995457295247,98.58700690114303,94.41113158426278
2376,92.97973213526147,121.09046686187973,91.52233032526141,104.24733684500536,True,False,维持,0.04310344827586207,0.8362068965517241,0.1206896551724138,110.27972516117602,107.8694501900104,99.34581824009798
2377,87.44159118600454,117.88181739022576,87.44159118600454,100.5176835483305,False,False,缓和,0.12931034482758622,0.8189655172413793,0.05172413793103448,113.51038849942046,97.46260646792153,90.41642103643014
2378,90.89197917166123,119.79820047022902,89.62345582245707,102.43160656308082,False,False,维持,0.09482758620689655,0.7241379310344828,0.1810344827586207,116.69981405914668,102.70421756196477,95.87718746315494
2379,88.59670235655759,121.04050513841196,87.69581961578564,100.2110209664825,True,False,维持,0.10344827586206896,0.8362068965517241,0.0603448275862069,104.0081423352268,101.4955352235,94.0953669501555
2380,100.25002604162555,115.82561663447517,91.12981756694788,99.27233170341779,False,False,维持,0.07758620689655173,0.7844827586206896,0.13793103448275862,100.9885647707802,94.81051132028234,94.22122026659443
2381,88.18933621651995,121.36801487460131,87.35512703218612,101.00451644560496,True,False,维持,0.12931034482758622,0.7586206896551724,0.11206896551724138,103.58790839836794,103.3266385147678,98.1813487676008
2382,91.99696998416532,110.72183477256931,91.21447742876455,101.12207506807738,False,False,维持,0.0603448275862069,0.8362068965517241,0.10344827586206896,104.45299698261995,100.85252806456312,103.79101045229594
2383,92.86278310447996,121.88931871965542,87.59157713475798,100.75108670727906,True,False,维持,0.1206896551724138,0.7672413793103449,0.11206896551724138,119.85033076739462,98.75514358687515,90.98769302775723
2384,87.19835695762546,113.4931803859099,85.01181917209772,100.03162263321515,False,False,缓和,0.11206896551724138,0.8189655172413793,0.06896551724137931,106.1344239140334,102.23453352412588,98.9106032578691
2385,89.60842890138443,118.06545177823914,87.30831631844661,100.81267294107909,False,False,维持,0.10344827586206896,0.7844827586206896,0.11206896551724138,106.59353136537615,97.36112315723778,94.118652644156
2386,86.88555674341399,119.64418335625619,86.2874733077664,98.63232426198721,False,False,维持,0.19827586206896552,0.7672413793103449,0.034482758620689655,106.83607651816514,101.56566128697011,93.53246307101696
2387,89.41175929683983,134.8343946271965,89.37529256673174,104.93253606395959,True,True,维持,0.1206896551724138,0.6379310344827587,0.2413793103448276,120.92200069894392,107.5265362531223,97.281703690232
2388,98.49770758137456,121.10539993853051,89.95038260073632,103.07947516057894,True,False,升级,0.09482758620689655,0.7155172413793104,0.1896551724137931,103.55519464616017,110.4056382937758,98.1023477643918
2389,92.8691534655713,116.92658015443746,89.7052890023862,99.90610664953914,False,False,维持,0.12931034482758622,0.7586206896551724,0.11206896551724138,113.76944144104225,102.88771350874045,94.55744175466897
2390,90.25512356966004,112.03844466471011,90.22095572597618,101.98730448497145,False,False,维持,0.02586206896551724,0.8103448275862069,0.16379310344827586,109.26786316850956,97.36778031716702,95.20085631877885
2391,90.78037785487749,121.5811497619624,88.9228329835294,100.23995060442938,True,False,维持,0.15517241379310345,0.75,0.09482758620689655,97.33710926652573,103.39495513305785,94.59413447015378
2392,89.29777844768891,130.65261729857033,89.15965469978826,105.00939430150012,True,True,缓和,0.22413793103448276,0.46551724137931033,0.3103448275862069,129.46413429605607,100.80827386159685,100.61173548817243
2393,91.07977477644262,120.4579322626222,89.26950789659523,101.29020847204286,True,False,维持,0.13793103448275862,0.7586206896551724,0.10344827586206896,117.38421532680316,95.95437339258835,99.30591139190673
2394,90.56785691453554,115.24778512521459,86.57981686602027,98.62160096396553,False,False,维持,0.15517241379310345,0.8103448275862069,0.034482758620689655,104.8858035595777,99.13958886501631,91.95768772483865
2395,91.99816282554231,121.41067216312494,88.99610903359408,101.2112052255449,True,False,维持,0.19827586206896552,0.6724137931034483,0.12931034482758622,103.16704760207159,100.78890902561952,96.49098130589167
2396,92.2964969157759,111.79151387496563,91.23731019894204,97.9311524727717,False,False,维持,0.1810344827586207,0.7758620689655172,0.04310344827586207,98.55059890626119,111.79151387496563,92.18484137591528
2397,92.59716179762238,111.28830217840344,90.3043288600217,99.79403580556058,False,False,维持,0.07758620689655173,0.8620689655172413,0.0603448275862069,102.94368491803189,99.75467601879983,94.32588167963496
2398,89.28765578025163,121.58626353535075,88.98662247294911,102.73939046167835,True,False,维持,0.10344827586206896,0.7931034482758621,0.10344827586206896,107.76989957561209,105.06237194095196,99.79696428866659
2399,95.73429727941115,117.66144217043383,86.02713190742216,100.05248404044995,False,False,升级,0.14655172413793102,0.7672413793103449,0.08620689655172414,100.75634727817241,96.74278263840424,94.57445162195572
2400,91.26080686424179,112.7190796663399,89.6635848061409,99.54882922883743,False,False,维持,0.20689655172413793,0.7327586206896551,0.0603448275862069,98.65739275461937,100.95257827156632,95.53235551918246
