sample_id,第180天价格,外推期最高价,外推期最低价,外推期均价,突破120,突破130,最终状态,缓和占比,维持占比,升级占比,第90天价格,第120天价格,第150天价格
1,86.49429051381152,128.7722809033672,86.49429051381152,99.84791784205214,True,False,缓和,0.45689655172413796,0.3620689655172414,0.1810344827586207,108.0558201992785,103.8408004790494,90.62644228645003
2,97.37732302848032,132.74382402338003,86.9225328588362,97.63640791966196,True,True,升级,0.6379310344827587,0.2672413793103448,0.09482758620689655,97.7936396812395,101.81421502663429,89.77872370030448
3,98.72433355277033,110.6120279826231,86.46515760811367,97.02789506718848,False,False,维持,0.4482758620689655,0.45689655172413796,0.09482758620689655,99.64908619957214,97.01350250770022,90.31548413391427
4,89.11962966874506,122.04672200238568,85.23718936503674,100.08995611894666,True,False,维持,0.3620689655172414,0.49137931034482757,0.14655172413793102,95.07688201247856,99.10863987472966,94.92362063132782
5,89.79518630266256,115.64934441189553,87.87498558821328,98.09058780054337,False,False,维持,0.33620689655172414,0.5431034482758621,0.1206896551724138,94.41197733515875,112.04010407925531,99.28364446930634
6,95.41971936569668,122.22333718410948,87.23287115897297,99.49172199411727,True,False,缓和,0.43103448275862066,0.35344827586206895,0.21551724137931033,98.89103120385684,98.28321316460607,91.84086162825766
7,87.50223260577063,113.71420390781655,87.35081132214442,95.97088506142828,False,False,缓和,0.646551724137931,0.33620689655172414,0.017241379310344827,95.52330292109383,97.62050709175925,89.72717690217934
8,86.3509132007008,112.04694885229206,84.79883409953864,97.20529223521403,False,False,缓和,0.6551724137931034,0.23275862068965517,0.11206896551724138,111.28669339290609,91.3142222498177,94.30690735687922
9,85.20389146148237,130.42071148560697,85.20389146148237,102.53257919558048,True,True,缓和,0.3793103448275862,0.3879310344827586,0.23275862068965517,119.56300113650227,105.17104009515126,92.11043100043958
10,87.51227931465868,118.50003451372734,87.51227931465868,99.42134041357431,False,False,维持,0.5689655172413793,0.25,0.1810344827586207,98.08358242974373,98.93079063267125,101.01837948261482
11,92.03099117341661,120.10901396918877,86.78884843366447,97.13828324914479,True,False,升级,0.5,0.4051724137931034,0.09482758620689655,106.74114456696222,94.01750963183389,97.84707078828352
12,88.15942307256604,127.32407714212661,87.41402504654384,98.58541744242521,True,False,缓和,0.6120689655172413,0.23275862068965517,0.15517241379310345,100.37972781818337,97.6818928272978,89.99599755867364
13,86.88317203519489,126.19815174563229,86.69765507924642,97.12860826745437,True,False,缓和,0.6982758620689655,0.19827586206896552,0.10344827586206896,113.19189738841007,92.84833192846654,88.65936786594952
14,96.63416840108887,122.58603883555479,87.00036324460149,102.44669822577693,True,False,缓和,0.22413793103448276,0.5258620689655172,0.25,102.6456769445019,101.90861262734768,88.49316777949419
15,87.98892864574535,108.54527656998454,87.98892864574535,93.79989534099353,False,False,缓和,0.6379310344827587,0.3275862068965517,0.034482758620689655,93.8009993288084,95.13935895416593,95.1184943070431
16,85.75982571588119,111.59065597439465,85.75982571588119,97.67356631762462,False,False,缓和,0.5775862068965517,0.3448275862068966,0.07758620689655173,97.56227511066731,92.53591220094533,110.348497674698
17,93.75670072083035,113.29934354433615,89.48160285231708,97.99485850123652,False,False,维持,0.5,0.3448275862068966,0.15517241379310345,93.77608258158611,111.99964417324924,94.02423238212646
18,88.45571026625073,124.40399011045155,88.45571026625073,98.3807151208891,True,False,缓和,0.4051724137931034,0.5344827586206896,0.0603448275862069,102.07914175448441,91.23234561861116,92.25332212381977
19,95.67461275533256,116.79130177613105,87.52044987817729,98.7428005803805,False,False,缓和,0.4482758620689655,0.4396551724137931,0.11206896551724138,101.35440289263776,96.9757238752693,90.64655938539106
20,89.53579202580097,123.17068506440472,87.19475135392929,100.49536811515458,True,False,缓和,0.3103448275862069,0.5258620689655172,0.16379310344827586,101.7614367610197,100.2167035545237,97.54427426186332
21,97.79347938195929,109.98503167449137,87.82401125531561,95.27858747310518,False,False,缓和,0.5862068965517241,0.3275862068965517,0.08620689655172414,102.60368406979536,93.91633383600205,92.22971195506598
22,92.58981905122259,111.62806850852716,88.92740318445814,97.73612248416944,False,False,维持,0.3793103448275862,0.4827586206896552,0.13793103448275862,93.53243850900961,91.72588942766251,93.03162310871498
23,95.98582329889115,113.54949423212194,87.16031054181157,97.56409140168756,False,False,升级,0.47413793103448276,0.33620689655172414,0.1896551724137931,95.87663547851088,106.18029302866924,92.61331543333537
24,88.5290536935481,113.29436436817238,88.5290536935481,98.09356024083364,False,False,缓和,0.4827586206896552,0.3706896551724138,0.14655172413793102,94.97815465481838,109.43049064018489,92.20220702671097
25,91.89351228640771,114.17029634325814,85.29205458215031,101.06187875112617,False,False,缓和,0.27586206896551724,0.5086206896551724,0.21551724137931033,99.94290882284685,102.00699479285998,105.88907808876228
26,89.0224425116687,112.79927425241857,88.68941798481538,96.26035197455187,False,False,缓和,0.5948275862068966,0.25862068965517243,0.14655172413793102,95.8007548920427,95.4170126917609,90.83140969318193
27,88.88845621675073,118.48137982365245,88.13663976837954,100.32258398549827,False,False,缓和,0.3103448275862069,0.5172413793103449,0.1724137931034483,105.47647670195482,94.84202960400863,95.7685189274884
28,87.62452423448102,110.10573631219998,85.3854201430812,96.39750985320278,False,False,维持,0.5603448275862069,0.35344827586206895,0.08620689655172414,98.3317582931838,97.06207722495529,94.5150427212043
29,93.15195236799191,119.98889488856913,87.76325025005684,100.50001508066448,False,False,缓和,0.3793103448275862,0.43103448275862066,0.1896551724137931,108.99382415919548,97.34999948661265,113.13986033139685
30,97.44700130131251,107.79259051622235,89.0383176866534,96.58118224160204,False,False,维持,0.5775862068965517,0.3448275862068966,0.07758620689655173,99.34993257039389,92.97912917998032,96.31681246698945
31,89.46905309624698,117.72805557651714,86.55435315105017,97.95069979668746,False,False,缓和,0.5,0.3706896551724138,0.12931034482758622,94.8207581727815,93.49828857333299,92.30423074827324
32,89.11223991759944,110.93693656258434,87.63968248035249,95.44512250789401,False,False,缓和,0.7241379310344828,0.23275862068965517,0.04310344827586207,100.83616381683478,96.25776677950763,91.63127243190245
33,91.77936526520206,114.07136118891847,88.23549729238951,99.86110607622075,False,False,维持,0.3275862068965517,0.46551724137931033,0.20689655172413793,102.76538694959756,103.63428711928672,88.7153430799205
34,91.85901222789056,122.4920782630713,88.27619686085369,102.54961041274842,True,False,缓和,0.4224137931034483,0.29310344827586204,0.28448275862068967,115.58268198396301,92.01105690705613,99.0151958531176
35,85.79387248557731,112.9426882464145,85.79387248557731,96.7794948334051,False,False,缓和,0.4827586206896552,0.43103448275862066,0.08620689655172414,97.67209746146038,103.15896778656607,93.671901198199
36,95.394497620628,112.97303493377848,88.67123969273331,99.06483074432373,False,False,维持,0.5258620689655172,0.2672413793103448,0.20689655172413793,99.63552342409287,107.19347798427333,97.0184962298103
37,88.86969988465847,126.06608459189567,88.86969988465847,102.37016402707386,True,False,维持,0.4224137931034483,0.28448275862068967,0.29310344827586204,106.14335444903251,106.84901082541772,97.03650615279614
38,90.86176385490224,124.16476597152756,85.47684643834474,99.06923016126363,True,False,缓和,0.5775862068965517,0.20689655172413793,0.21551724137931033,109.61133350446762,93.47639194242537,87.78443924708525
39,90.33811747805983,121.186346163616,85.57851491535058,100.45029859826201,True,False,缓和,0.5775862068965517,0.22413793103448276,0.19827586206896552,109.29734152732834,103.80283428258569,88.19006634430039
40,99.53735139892908,112.96537893680795,89.30256965501627,101.40928230967967,False,False,维持,0.27586206896551724,0.49137931034482757,0.23275862068965517,99.13015702604552,100.07837033467484,90.29679288603407
41,88.856053206674,125.69045516648889,87.89737870088781,100.5271919649222,True,False,缓和,0.46551724137931033,0.33620689655172414,0.19827586206896552,119.0723202887369,90.52761439351818,92.43892368143042
42,87.42125887250135,112.95438915472918,87.42125887250135,96.02940271501,False,False,维持,0.5689655172413793,0.39655172413793105,0.034482758620689655,101.82255461707207,91.64638409791239,91.77012163821027
43,93.27428634534556,116.71228050622479,87.72068286853808,98.05011842010317,False,False,维持,0.6293103448275862,0.20689655172413793,0.16379310344827586,92.16507511578013,96.99114389435458,111.38136408859013
44,89.31719660690528,114.83779280364227,89.31719660690528,100.94428512899292,False,False,缓和,0.25862068965517243,0.6551724137931034,0.08620689655172414,102.40666656053857,100.01860306883697,105.54466316870128
45,89.76123800534934,114.63490449055149,88.44404119202916,98.14412482034842,False,False,缓和,0.45689655172413796,0.43103448275862066,0.11206896551724138,93.94548763656404,106.17552990830166,90.49829525197889
46,92.50395990613133,117.43942712141897,89.50416905075933,99.33612926142206,False,False,维持,0.4224137931034483,0.41379310344827586,0.16379310344827586,115.77953556780658,98.37438010246935,96.34242769027111
47,86.99177798194854,121.68689285740317,85.7519410881562,98.7215650096738,True,False,缓和,0.5344827586206896,0.33620689655172414,0.12931034482758622,94.57689195234691,95.02206602684758,95.04030666043226
48,90.14924215963462,124.83146563497692,87.42383057261816,97.27927574352964,True,False,维持,0.5172413793103449,0.4051724137931034,0.07758620689655173,102.54412762441466,93.71657916780461,95.9839695772204
49,91.81518854273727,117.56350228641877,89.944208063587,100.07835818530643,False,False,维持,0.31896551724137934,0.5431034482758621,0.13793103448275862,96.31873617015499,94.48145028819545,96.96825602162086
50,89.29732371858302,115.3864515968776,86.46634719467481,97.13764906295572,False,False,维持,0.5086206896551724,0.4482758620689655,0.04310344827586207,109.62573045872179,101.50010759408983,88.86494685583386
51,89.6889693605811,113.49651577838797,88.6871774525775,95.97866183278015,False,False,缓和,0.5431034482758621,0.4224137931034483,0.034482758620689655,94.86804979511074,91.50555227034994,95.31503065169233
52,88.53801560131132,115.60859196233609,86.50356739504524,94.97004675721402,False,False,缓和,0.646551724137931,0.3017241379310345,0.05172413793103448,91.73417460469537,93.89324341605717,87.80259875544749
53,89.40047381648844,111.3303824255789,88.06260640612706,95.55273762950404,False,False,缓和,0.6379310344827587,0.27586206896551724,0.08620689655172414,96.03913062321952,91.90513741576828,92.6603670596065
54,90.81047634871202,114.7755877199587,85.78607299447324,97.10964669706617,False,False,缓和,0.4482758620689655,0.5344827586206896,0.017241379310344827,105.93591901362994,99.12857097036404,93.29804512406233
55,87.42243505471718,116.90755016421957,87.42243505471718,100.59099314792915,False,False,缓和,0.41379310344827586,0.45689655172413796,0.12931034482758622,101.85933519616444,103.41406140586494,94.85015452295205
56,93.83829495637806,123.5303386587846,90.08753879559907,101.6938912742832,True,False,缓和,0.4051724137931034,0.39655172413793105,0.19827586206896552,100.99763805365201,94.44219421465479,96.44829547139828
57,86.5808203701543,121.7531837605455,86.5808203701543,97.78466903673127,True,False,缓和,0.603448275862069,0.29310344827586204,0.10344827586206896,103.28474296978018,90.91890679182451,96.22693792632603
58,104.27787813070807,122.53038196114785,90.35565072223389,100.51255808027241,True,False,升级,0.3879310344827586,0.3706896551724138,0.2413793103448276,92.22342982225254,108.70958855508388,91.7025577943238
59,92.43978944403109,109.82073411627832,90.58128394521516,100.65875521209554,False,False,维持,0.31896551724137934,0.47413793103448276,0.20689655172413793,97.24937658496852,100.53043734754547,109.17138455081151
60,95.06588487884486,116.92022761991294,87.93021275543315,98.2038176984303,False,False,维持,0.49137931034482757,0.4051724137931034,0.10344827586206896,93.73143555190876,94.51699394772048,91.03746162324802
61,88.74042341921822,115.88719809019754,88.50608352671533,99.5179616117899,False,False,缓和,0.5344827586206896,0.35344827586206895,0.11206896551724138,101.60029417704128,114.73247415109799,97.79141600001827
62,87.73978174442486,120.10830286903392,85.26396836007306,98.5047290985142,True,False,缓和,0.5862068965517241,0.2413793103448276,0.1724137931034483,119.4703073424055,93.95425265210302,90.4770414326588
63,86.4607921167569,132.11616113493477,85.43554715729984,103.65219467996161,True,True,缓和,0.41379310344827586,0.3103448275862069,0.27586206896551724,110.74932863884695,92.89687563793919,101.95201280430702
64,89.06923119615628,115.36578263724907,89.06923119615628,97.50561637657248,False,False,缓和,0.4051724137931034,0.5431034482758621,0.05172413793103448,97.13391029291502,93.30620289950723,100.41418495821877
65,89.9559911803077,113.52318579127625,89.9559911803077,100.95699573648417,False,False,缓和,0.49137931034482757,0.29310344827586204,0.21551724137931033,94.4286075841466,107.72553498221474,104.43515430216146
66,89.61629613247192,115.65484160903004,87.93062228114324,99.65267588850392,False,False,缓和,0.4396551724137931,0.41379310344827586,0.14655172413793102,107.59739708639611,107.6769915672036,91.6836928125489
67,96.17495484166652,110.65703858548275,88.86279663259636,96.91418191542728,False,False,维持,0.4051724137931034,0.5172413793103449,0.07758620689655173,94.69447815967034,98.10627247165881,99.63952500046312
68,89.67676822750121,124.06577174426567,89.67676822750121,99.39505325300128,True,False,缓和,0.4827586206896552,0.3275862068965517,0.1896551724137931,99.50120685404283,94.72389600799842,97.23133195251383
69,85.06103551446404,117.05123310138463,85.06103551446404,98.53251134304365,False,False,缓和,0.5172413793103449,0.3448275862068966,0.13793103448275862,106.66527495989034,100.31425042635473,92.47158850459057
70,87.92474024858947,117.45722864991849,86.12549044361538,96.48409662895311,False,False,缓和,0.6724137931034483,0.22413793103448276,0.10344827586206896,96.44854875879527,93.86734045678244,86.891013646159
71,90.08642431270101,123.53272439786271,86.61746845558723,97.54860733762446,True,False,缓和,0.49137931034482757,0.43103448275862066,0.07758620689655173,99.74913036877327,94.78257015754413,99.384596991233
72,100.18603877949212,128.70378400338038,88.40997280549243,104.40993762253856,True,False,升级,0.33620689655172414,0.3706896551724138,0.29310344827586204,113.38838651604195,98.17456297622648,96.54000136002833
73,97.23529525280036,109.95339497821118,87.95826489368281,96.88728625860439,False,False,维持,0.5172413793103449,0.3879310344827586,0.09482758620689655,97.08206129641195,95.02262388651778,98.48086032024564
74,93.63509010640313,111.43144006469741,85.59505720012025,95.7529980184747,False,False,缓和,0.6293103448275862,0.2413793103448276,0.12931034482758622,95.73393257101465,97.72747829671168,90.14654291793593
75,85.18839122836184,118.4132098526552,84.34782555762524,98.58893781154292,False,False,缓和,0.4482758620689655,0.4482758620689655,0.10344827586206896,110.79392219270245,98.22808219875516,94.43171047844982
76,94.26555105749279,121.2520265590899,86.77309731320071,98.58774630007487,True,False,维持,0.4224137931034483,0.5,0.07758620689655173,95.69752300523949,91.52660067514971,97.94445603315818
77,102.80382898824558,130.26289022982095,90.29701701334336,104.23421485839616,True,True,维持,0.47413793103448276,0.21551724137931033,0.3103448275862069,120.49658917539176,97.63834089187475,92.82789328154905
78,88.90494794330989,115.29558865030344,88.20844113625056,95.9399601378635,False,False,缓和,0.6293103448275862,0.3275862068965517,0.04310344827586207,93.924931719388,97.4899255603981,90.78574772947827
79,91.40700962341901,116.72479462444919,88.6739245374179,98.57202020702871,False,False,维持,0.3879310344827586,0.46551724137931033,0.14655172413793102,113.56326827301996,99.52818068632392,96.86836337381997
80,88.18929430918662,120.56761764489738,87.93509829520667,97.78360221299049,True,False,缓和,0.5948275862068966,0.29310344827586204,0.11206896551724138,98.9787307322686,93.72978431164401,100.35738711585192
81,88.91401481521046,116.6007888199241,88.39054764027117,98.8158884750161,False,False,缓和,0.4482758620689655,0.46551724137931033,0.08620689655172414,92.90738484142814,103.99314217010566,101.29866014738968
82,87.67435532125518,111.42404684942063,87.39905356177309,96.88121173708785,False,False,缓和,0.5948275862068966,0.25862068965517243,0.14655172413793102,109.43770438583732,92.31372255983818,95.3398744450198
83,87.37955939798155,114.10646943565402,87.37955939798155,96.2400285250354,False,False,缓和,0.6206896551724138,0.28448275862068967,0.09482758620689655,93.20401893249974,97.44144638926122,93.9588634237675
84,85.13141594849047,118.02013524257283,84.42703642073454,97.35754066242785,False,False,缓和,0.5,0.39655172413793105,0.10344827586206896,96.22568883793866,96.45162869428923,98.72067621665254
85,99.30032365432524,111.5986188095759,85.18026519336966,95.87050274325667,False,False,升级,0.7327586206896551,0.16379310344827586,0.10344827586206896,106.18921408748591,99.91017152965911,87.91071839781785
86,88.40337091916938,125.22943905266038,88.40337091916938,101.53938352028348,True,False,维持,0.4224137931034483,0.3706896551724138,0.20689655172413793,104.9034999293607,90.85256252029663,111.8384699228603
87,92.55395545361397,115.9562808550522,87.74359153491638,99.85430139322409,False,False,升级,0.4482758620689655,0.28448275862068967,0.2672413793103448,100.40204847082624,98.37235057636906,92.01562947205733
88,90.4911742679641,119.92243337088223,88.17565115300424,98.92565159964533,False,False,升级,0.5431034482758621,0.3103448275862069,0.14655172413793102,116.48099464603922,99.80262202293176,89.5178097115352
89,86.95216258747423,107.77265582710558,84.70280071883944,96.44008584098421,False,False,维持,0.5862068965517241,0.33620689655172414,0.07758620689655173,96.43700887925236,99.85054272506466,93.77154817238673
90,87.03621645289533,126.91060399118098,87.03621645289533,99.67413275419003,True,False,缓和,0.3879310344827586,0.47413793103448276,0.13793103448275862,97.96789555360827,106.75732914694069,91.69944800915749
91,87.3313857988612,108.12212346226478,85.19402980747148,96.34021386659641,False,False,维持,0.5603448275862069,0.39655172413793105,0.04310344827586207,95.85532343785916,97.73036781280265,95.33400545914309
92,90.0751907617199,120.97144870972605,88.51784634837152,100.8132696633665,True,False,缓和,0.27586206896551724,0.603448275862069,0.1206896551724138,111.45163446510713,96.13580960976469,98.81548068692422
93,90.03937388872124,115.49382144902411,86.99189782911677,101.26935998925164,False,False,缓和,0.4482758620689655,0.33620689655172414,0.21551724137931033,109.96608430381445,91.34305483711661,104.54368418287257
94,93.43043618915532,127.2288395635415,87.3724015346119,105.31489373667736,True,False,维持,0.29310344827586204,0.4051724137931034,0.3017241379310345,122.82247977164971,95.9828648201452,95.84908865708617
95,86.96975811061816,114.67401092957743,85.51246348148392,97.2188812922124,False,False,缓和,0.5862068965517241,0.2672413793103448,0.14655172413793102,101.24429587594173,95.80718812271161,89.50018997987202
96,89.97974101040946,114.8977771438798,89.76177743904785,100.8393941755637,False,False,缓和,0.43103448275862066,0.3103448275862069,0.25862068965517243,92.75582765106691,114.74232589667079,100.92953190447805
97,91.24224259739239,125.29658421584773,91.04858393497038,100.66233272350482,True,False,缓和,0.3275862068965517,0.5258620689655172,0.14655172413793102,111.86419987482427,92.29166359760109,91.22308558560374
98,93.82602515914773,121.39310401554843,86.72320928787022,101.98031282567173,True,False,维持,0.3620689655172414,0.3879310344827586,0.25,101.62312336756052,112.45065386306955,94.71731673288642
99,85.069518311128,111.95310528317209,85.069518311128,96.51045889669133,False,False,维持,0.5517241379310345,0.3620689655172414,0.08620689655172414,103.80954852773668,95.89718561338486,93.31522743135565
100,90.56851946199167,117.42835576542137,84.60425403952475,98.20227409242655,False,False,缓和,0.603448275862069,0.25862068965517243,0.13793103448275862,107.63295939708266,91.76218820015946,98.0379382694495
101,92.74183694010073,109.5514459841825,87.36302882124964,96.1445249375806,False,False,维持,0.5517241379310345,0.3706896551724138,0.07758620689655173,96.41552677958,93.62494789822571,89.80239884982576
102,101.07472474593361,116.47491230968778,89.19483346683047,101.0399663886151,False,False,升级,0.29310344827586204,0.5172413793103449,0.1896551724137931,94.9713307792935,101.94984591797677,90.96554614647201
103,94.78453324106782,116.77400799445867,91.10623158912858,100.2662010136689,False,False,维持,0.4482758620689655,0.35344827586206895,0.19827586206896552,101.09349858091434,105.19531826724361,108.90471112942784
104,90.69138771475843,118.68890528452481,86.20695635846478,96.93058297618498,False,False,缓和,0.5517241379310345,0.3793103448275862,0.06896551724137931,98.99777638180997,100.9984413280228,87.5846766788809
105,86.61322111707871,134.77755333353602,85.8001167294515,105.25688890954414,True,True,缓和,0.39655172413793105,0.31896551724137934,0.28448275862068967,109.43072201807058,112.07029985735254,91.88409762735176
106,93.86688637519165,127.69646620706166,87.2636980862122,98.83225982247542,True,False,维持,0.5689655172413793,0.3017241379310345,0.12931034482758622,122.8098957804985,95.18147400248043,89.3917295632004
107,95.41394736527702,112.54673720643252,87.2436223965922,96.9322785121277,False,False,维持,0.5517241379310345,0.2672413793103448,0.1810344827586207,101.91122835248366,100.75939747899318,88.23114883013572
108,90.53723050732219,128.10877796581934,87.43116082816275,97.4666788228389,True,False,升级,0.6206896551724138,0.27586206896551724,0.10344827586206896,104.45785628834835,91.85069069194473,90.81471965138688
109,85.89972276146437,117.14499386011092,85.30017094243958,97.57875718626947,False,False,缓和,0.6724137931034483,0.1810344827586207,0.14655172413793102,98.76568365729555,94.32357064069575,103.38284634086767
110,87.50523209160902,109.09190691057998,85.31197752061152,93.39629679483537,False,False,缓和,0.853448275862069,0.12931034482758622,0.017241379310344827,93.20703142616443,96.67089955574876,90.14011202641932
111,87.38446117400129,111.10516473066741,84.51726241022266,95.2976614421457,False,False,维持,0.75,0.15517241379310345,0.09482758620689655,94.61750965047358,92.35317322277481,91.52277227033086
112,90.97442824819274,131.26687616585454,88.91342238911541,102.37548439072154,True,True,缓和,0.4051724137931034,0.4051724137931034,0.1896551724137931,123.51570404405804,106.20678107777013,90.64165884265138
113,87.73978092043842,109.05681887941057,87.09212929749808,97.105602152588,False,False,维持,0.5,0.4051724137931034,0.09482758620689655,92.3870975702319,101.89253362527775,96.76912699525369
114,84.58813129615181,118.61194928457844,84.58813129615181,99.25650981274879,False,False,维持,0.35344827586206895,0.5172413793103449,0.12931034482758622,108.1555139033824,94.54722327295066,99.37551646634698
115,95.48288165594914,120.23692216571112,89.08936903868569,100.41013367430611,True,False,维持,0.31896551724137934,0.5086206896551724,0.1724137931034483,101.85952132790044,102.44903041613169,91.9785711935737
116,86.69110328834458,120.58063909984737,85.45104061157947,98.78947915644267,True,False,缓和,0.5258620689655172,0.3448275862068966,0.12931034482758622,99.40821303252655,93.14221155424782,97.49629136066065
117,90.27050234524634,123.29212695922445,88.83441556100323,103.97404763252962,True,False,维持,0.2672413793103448,0.4224137931034483,0.3103448275862069,109.89100325042034,105.93040642724135,93.73861587934014
118,89.6632120035794,115.74644582498908,84.53177278752275,96.95143023396646,False,False,维持,0.5086206896551724,0.39655172413793105,0.09482758620689655,92.11808648499418,99.1654472359895,98.2307545543327
119,85.95428969476134,110.41440179313437,84.61467729423109,95.35635754914678,False,False,缓和,0.49137931034482757,0.49137931034482757,0.017241379310344827,99.74689054747219,99.60126454061859,89.72184259115926
120,95.7235194957634,118.20471645871375,89.44663632945033,100.27346057326442,False,False,缓和,0.4396551724137931,0.31896551724137934,0.2413793103448276,102.68317708104614,93.63296963525377,97.67729056618678
121,87.4545246089062,124.9151602938608,87.4545246089062,100.75298574586051,True,False,缓和,0.35344827586206895,0.5,0.14655172413793102,96.45099050415443,110.73246181626808,95.98670686562537
122,89.65716661541451,123.44513289963679,86.5008559001722,97.68628861916523,True,False,升级,0.5172413793103449,0.4051724137931034,0.07758620689655173,103.66913464260001,97.00808327057345,91.4111241970048
123,86.21751790416282,111.86468626931939,84.98243350346007,98.50574543633357,False,False,缓和,0.4396551724137931,0.46551724137931033,0.09482758620689655,104.77064419245012,99.4239026541625,91.54113262083168
124,89.75582873418733,108.50833996023502,86.05823219875333,94.26761945020058,False,False,升级,0.6293103448275862,0.35344827586206895,0.017241379310344827,94.33549928937201,95.35395707227427,89.96695287787006
125,89.39131436217842,111.64363600938957,87.9825858772035,96.77440094070631,False,False,维持,0.5775862068965517,0.3448275862068966,0.07758620689655173,103.3350387394586,102.9037573667251,90.45270629072587
126,90.27474022451183,120.75793945305462,87.68380983205097,100.50238646292453,True,False,维持,0.4051724137931034,0.4051724137931034,0.1896551724137931,101.64307423516853,103.1992220663694,104.49950403887443
127,98.19765563762479,113.32902103394618,90.27342910770126,98.11520248591596,False,False,升级,0.45689655172413796,0.46551724137931033,0.07758620689655173,96.58411177412515,95.84600837737494,93.64932488449219
128,89.28567908969318,114.64817471872175,89.15121694200643,99.3056507592251,False,False,缓和,0.3793103448275862,0.49137931034482757,0.12931034482758622,99.53951392694437,101.8336103107626,89.81287881053798
129,89.54098615907863,122.82676993385192,86.0775702897112,96.12813350971105,True,False,维持,0.6551724137931034,0.28448275862068967,0.0603448275862069,95.23249114286031,98.87782014232295,88.57222869442386
130,92.04103533848789,113.91524482118473,85.58556559194248,99.45764369386238,False,False,维持,0.41379310344827586,0.46551724137931033,0.1206896551724138,102.43089326336825,103.8205134471938,92.85779804171295
131,93.72889589046729,111.90761148556274,88.5327642005625,97.45363994126106,False,False,维持,0.5431034482758621,0.3448275862068966,0.11206896551724138,106.91263831697262,105.58665218111852,89.44416512262735
132,94.29326377441254,109.01274935961176,88.10342989375897,97.04411018281654,False,False,缓和,0.46551724137931033,0.49137931034482757,0.04310344827586207,103.1484411638935,103.33580316605624,90.78997502098281
133,92.59474293101752,120.4169627898348,90.81550254983267,100.31686804005128,True,False,维持,0.2672413793103448,0.5862068965517241,0.14655172413793102,104.40834084925652,94.68143790483684,101.20625411578514
134,89.0877738824426,114.10365929572203,89.0877738824426,101.84885912574256,False,False,缓和,0.25,0.5775862068965517,0.1724137931034483,102.45084122196823,95.95201579536484,106.866078304523
135,88.22567922091835,115.54938674968196,88.04972736840344,98.75159473797677,False,False,缓和,0.5603448275862069,0.3103448275862069,0.12931034482758622,94.09618927787025,92.40128858708401,93.82932187484236
136,96.44287670428315,121.74633149582364,87.1070955364895,99.87582115658533,True,False,维持,0.4482758620689655,0.39655172413793105,0.15517241379310345,101.92911635174168,107.5165253974579,87.80472382810309
137,86.8705954440233,116.35890445973126,86.46048109012364,102.50287109288014,False,False,缓和,0.20689655172413793,0.5862068965517241,0.20689655172413793,111.38523074345127,105.53146693197122,97.07490505852341
138,84.14616918178174,114.18107661525781,83.6690713498181,98.52663342345326,False,False,缓和,0.4482758620689655,0.4224137931034483,0.12931034482758622,94.47549211136075,99.04664718052601,104.44511225251591
139,88.0245386090045,130.41382829660498,88.0245386090045,104.83232250238942,True,True,缓和,0.25,0.41379310344827586,0.33620689655172414,111.7758761543975,107.75421094561545,99.94340038166746
140,92.08430400488307,126.04950481520004,84.82061619986845,99.33189398494945,True,False,维持,0.5517241379310345,0.25862068965517243,0.1896551724137931,117.57694454461557,93.85273729083184,88.19389403294214
141,93.57083084962461,113.57454133417002,88.08596665366221,96.18199301269537,False,False,升级,0.6551724137931034,0.27586206896551724,0.06896551724137931,103.21447894724028,93.62162853405387,88.29341878971704
142,93.74141518774496,122.51068406150017,89.61106678891673,100.62245886702786,True,False,维持,0.4051724137931034,0.4482758620689655,0.14655172413793102,108.98909045077502,103.66053037225053,95.09064935990348
143,96.22799088294465,115.67525672071906,88.47731837543553,101.37716173016136,False,False,维持,0.31896551724137934,0.4827586206896552,0.19827586206896552,110.34217322254466,92.69644801711127,104.85127180240599
144,85.41004956029137,126.45904349632634,85.41004956029137,99.98447215196848,True,False,缓和,0.46551724137931033,0.3706896551724138,0.16379310344827586,108.66275967577592,93.5419313418271,102.1085181446834
145,87.13859134346346,110.02744411986464,87.13859134346346,96.24428550830244,False,False,缓和,0.6637931034482759,0.21551724137931033,0.1206896551724138,94.43229328346497,91.72996885116021,92.56474963268447
146,88.20458495826266,112.14909048154601,88.20458495826266,97.27187448651662,False,False,缓和,0.4396551724137931,0.46551724137931033,0.09482758620689655,92.91528005598182,100.43813885202061,93.32423429862918
147,92.31951224426656,112.69122039776175,90.34917743968033,98.90334213428004,False,False,缓和,0.4396551724137931,0.3793103448275862,0.1810344827586207,95.50402861324149,105.32855531576188,92.32654034777987
148,90.04418869496956,115.04673994017989,87.18284602284243,96.64331098143818,False,False,维持,0.49137931034482757,0.3879310344827586,0.1206896551724138,91.4840577772303,100.78594245445986,87.97875233472391
149,89.66793115167273,111.36176051281643,87.37200538173985,96.29254099492661,False,False,维持,0.5603448275862069,0.3706896551724138,0.06896551724137931,103.39796593702765,94.97309911462874,90.33668268250844
150,92.66105857357671,118.07693077613693,88.44980632806387,102.80980866551359,False,False,缓和,0.2672413793103448,0.5258620689655172,0.20689655172413793,99.0116974098247,104.90178774603676,98.47943570857089
151,99.93367967519801,123.63599155616758,87.95785536242781,101.23955043721311,True,False,升级,0.3103448275862069,0.47413793103448276,0.21551724137931033,119.7128990208879,96.08314068809571,92.30131805975212
152,96.89046617419622,126.69010029721389,90.82493800898568,99.14335270716111,True,False,维持,0.5344827586206896,0.25862068965517243,0.20689655172413793,94.0543890399098,94.56140223692402,91.52305116322742
153,95.18482268927198,125.86444090264743,87.3717421853967,98.22270010808506,True,False,维持,0.5086206896551724,0.3448275862068966,0.14655172413793102,104.38193252756955,102.1360825447301,89.52623326978593
154,88.36617031007482,118.08045528065223,88.36617031007482,100.73172320073768,False,False,缓和,0.4396551724137931,0.33620689655172414,0.22413793103448276,116.12658879832092,95.39671458267372,93.687517856662
155,95.34229696723516,123.58098262521796,87.38660879771956,100.04089428890485,True,False,缓和,0.4224137931034483,0.41379310344827586,0.16379310344827586,109.64323784799758,93.36753142179637,91.95848017234623
156,99.85765665565052,123.23970903041004,87.16554016321516,97.60884112227075,True,False,维持,0.5344827586206896,0.35344827586206895,0.11206896551724138,110.63726557175686,92.16581381270542,87.39559582757823
157,87.32282057029471,116.68724479253164,87.20312474473936,97.3508313107057,False,False,缓和,0.6120689655172413,0.27586206896551724,0.11206896551724138,98.95790515705828,101.9964311611719,88.77704811081668
158,89.45254594557261,122.26098677986319,86.3099943347081,99.09771256265519,True,False,缓和,0.47413793103448276,0.39655172413793105,0.12931034482758622,103.66507012096947,102.90596238525981,89.24218663000325
159,99.66784547552372,116.62239483278992,87.3227883177002,97.88995910551571,False,False,维持,0.5344827586206896,0.33620689655172414,0.12931034482758622,95.72196306094463,95.67637037838892,89.00873637137808
160,87.70674075818889,110.63352312805756,87.70674075818889,95.8450584845238,False,False,缓和,0.5948275862068966,0.3275862068965517,0.07758620689655173,108.5148694776195,94.75272516615128,91.29932890757664
161,86.23596802353916,115.08889616932304,85.83962580179214,100.1418390891089,False,False,缓和,0.5,0.3103448275862069,0.1896551724137931,101.51738571012183,103.08223981074154,97.67723229119179
162,87.6428669196646,125.15106574255886,87.56958043722986,98.91037899282672,True,False,缓和,0.46551724137931033,0.3793103448275862,0.15517241379310345,119.47862153172348,90.99149095368686,93.28244071623165
163,85.52022640299866,127.03409197504486,85.52022640299866,101.32968454028538,True,False,缓和,0.4827586206896552,0.3620689655172414,0.15517241379310345,125.80405568016894,99.45031760516231,91.27361194802654
164,95.66570743851666,128.7550970124918,89.71247569937296,106.08161590073065,True,False,缓和,0.23275862068965517,0.39655172413793105,0.3706896551724138,128.7550970124918,106.88872740381997,102.26314823057282
165,100.5033958592124,126.73964862391813,88.40151006501111,99.83815561412084,True,False,升级,0.43103448275862066,0.39655172413793105,0.1724137931034483,109.02374618791626,99.53794539100677,89.35430661182907
166,87.73283868393075,123.86664573576164,87.03257873630818,100.39044286986962,True,False,缓和,0.5431034482758621,0.27586206896551724,0.1810344827586207,111.1037624561089,95.81906122096152,90.38167191533451
167,93.66446915851152,123.83751863322496,85.73780267582126,100.4789185273615,True,False,升级,0.45689655172413796,0.3793103448275862,0.16379310344827586,110.46553894199593,105.55639521518236,87.40234860559634
168,97.3750460040984,110.49064662541203,85.33859751547402,96.91803508967895,False,False,维持,0.5689655172413793,0.3017241379310345,0.12931034482758622,95.88492659091749,102.02287996284387,87.22815304555957
169,95.01274175605282,110.73384972092794,86.03645784617474,97.93745128835505,False,False,升级,0.5086206896551724,0.3793103448275862,0.11206896551724138,100.93612752309967,92.53362965419154,108.69392711321422
170,91.30470911900078,111.54587884892744,86.4191649315256,96.46840583090987,False,False,缓和,0.43103448275862066,0.45689655172413796,0.11206896551724138,103.13546934269665,100.43656293152895,93.45807621004052
171,90.73397419740162,115.72645665209224,88.00962691392971,96.68060672517437,False,False,缓和,0.6551724137931034,0.23275862068965517,0.11206896551724138,115.72645665209224,96.07953015933029,93.78454987776144
172,87.27793301455904,114.77625540155987,83.06114508322156,95.24071143485165,False,False,缓和,0.75,0.1724137931034483,0.07758620689655173,109.29188729022464,92.45798625498759,88.71007342238836
173,92.75950491400548,120.67700244964126,87.04213823479094,102.3569441404846,True,False,升级,0.4396551724137931,0.29310344827586204,0.2672413793103448,99.24594495109146,99.04244757442048,94.63954218365623
174,90.20925278379967,129.31365795382968,88.19161863213304,102.60955988462476,True,False,缓和,0.45689655172413796,0.3017241379310345,0.2413793103448276,127.2888849478471,100.69004963798807,90.74952393297332
175,90.12574627814324,124.82693377878712,85.66005391395862,99.50238233519988,True,False,维持,0.5086206896551724,0.33620689655172414,0.15517241379310345,105.07359759821794,91.48971321468098,94.65634227418697
176,88.1169118883207,123.22989586169078,85.66388496021754,98.78475981084506,True,False,缓和,0.5862068965517241,0.23275862068965517,0.1810344827586207,99.47896449064879,91.53668678574765,97.27115989441577
177,87.28721545709739,125.74794466844916,85.10172215069613,95.51532736892354,True,False,缓和,0.7327586206896551,0.1810344827586207,0.08620689655172414,97.70398182707218,86.35973918756483,91.50236741937982
178,95.20736918602393,124.30697430708173,86.66706729903883,96.55010093870406,True,False,缓和,0.6982758620689655,0.1810344827586207,0.1206896551724138,106.86114000594262,92.27185391122256,91.00632390849628
179,90.62476156856124,119.88910679235137,90.39673873323223,104.32143494566074,False,False,维持,0.27586206896551724,0.41379310344827586,0.3103448275862069,110.68824970599167,104.11265676598163,101.97132608475475
180,93.0494888588213,118.1454426644182,90.62174339998425,98.379559512388,False,False,维持,0.4396551724137931,0.5086206896551724,0.05172413793103448,102.43908036931614,97.64794300098694,97.01426563952909
181,89.89559674942501,123.85993844593918,89.89559674942501,106.60864002058007,True,False,缓和,0.1810344827586207,0.39655172413793105,0.4224137931034483,93.29311386813019,115.62932831559002,95.12666023611837
182,88.35882753450313,111.91679956774689,88.35882753450313,96.99811779509221,False,False,缓和,0.5517241379310345,0.3706896551724138,0.07758620689655173,106.01736570713983,95.62187772251026,91.40029374453013
183,90.07103131321195,116.74157183917208,84.30583425803077,98.09867781068546,False,False,维持,0.5689655172413793,0.25,0.1810344827586207,93.94590687750735,93.2058325802161,93.17441420016873
184,87.9062510504581,110.43663140543373,87.06820671801198,96.10111365931466,False,False,维持,0.646551724137931,0.3275862068965517,0.02586206896551724,106.00284674414796,91.17071571707275,88.66940674661502
185,92.48090088169127,125.84759569505984,86.48119160663427,101.74834437904875,True,False,升级,0.3879310344827586,0.3706896551724138,0.2413793103448276,107.59040840373622,98.27572607588515,96.94341362232187
186,88.63427503521531,113.4800679590187,88.63427503521531,98.95053209555525,False,False,缓和,0.47413793103448276,0.4224137931034483,0.10344827586206896,104.39933721299086,99.06825613531876,106.51792641659989
187,94.56189337833308,111.1342268251753,86.51685185339737,97.80439990876405,False,False,维持,0.49137931034482757,0.43103448275862066,0.07758620689655173,91.0943428958662,95.68964316487231,90.59914473968422
188,105.51704280691641,111.19645710730053,89.15985647866486,97.56307538716663,False,False,升级,0.5862068965517241,0.23275862068965517,0.1810344827586207,94.13629838622447,101.22437995105031,89.62520842085718
189,88.5327140579013,121.25179444186213,86.90807469138416,97.32003593339789,True,False,缓和,0.6551724137931034,0.2672413793103448,0.07758620689655173,99.95384364361917,93.65143723964033,94.03433262937358
190,87.91513670603265,107.7509633718759,87.37549000763131,95.94708442121417,False,False,缓和,0.6293103448275862,0.3275862068965517,0.04310344827586207,95.937663352964,97.51376905797213,93.74868988703368
191,94.98410142949507,108.24727413617455,88.18546720482517,94.75637451992735,False,False,升级,0.6120689655172413,0.3103448275862069,0.07758620689655173,99.11434406236299,95.80532970718659,91.87169126078214
192,86.72914506538773,109.10276467868778,85.68981139178358,95.63534714720899,False,False,缓和,0.646551724137931,0.3017241379310345,0.05172413793103448,94.95601939715174,102.28469256492195,95.5439851451849
193,89.07427287913795,124.64706656643713,85.90683835517815,100.48338888740184,True,False,缓和,0.47413793103448276,0.27586206896551724,0.25,94.8426797049288,97.16944212732774,98.46331452457788
194,89.34149785961489,122.90176252950603,89.34149785961489,100.01299353291434,True,False,缓和,0.4396551724137931,0.39655172413793105,0.16379310344827586,102.7561483185468,96.42869450866851,100.18373562347732
195,95.75179672796948,122.05306982271645,83.42312801279837,101.20793871618949,True,False,维持,0.3275862068965517,0.49137931034482757,0.1810344827586207,109.56349751519151,97.73862385541227,89.70767778822686
196,91.19323050435784,126.76362282089471,86.53401460609486,102.1548913191829,True,False,维持,0.41379310344827586,0.31896551724137934,0.2672413793103448,94.99698731111134,99.48085244565524,93.0429232830732
197,85.92669317793921,111.10570271198446,85.92669317793921,97.95193516035043,False,False,缓和,0.39655172413793105,0.4827586206896552,0.1206896551724138,106.74059622497451,103.39415963452517,95.6446202147452
198,87.72243831125343,110.53992544386035,85.73315351234186,95.1094860332484,False,False,缓和,0.6896551724137931,0.25862068965517243,0.05172413793103448,95.17779702065417,92.8168830100211,94.5101038008509
199,91.67080908931426,111.92458604067038,86.11607511820836,96.43429848146243,False,False,缓和,0.603448275862069,0.27586206896551724,0.1206896551724138,101.7809985768529,92.26378131710501,100.47604943001038
200,85.704253605535,108.9737184543675,85.67791294312681,97.9098890449153,False,False,缓和,0.46551724137931033,0.3879310344827586,0.14655172413793102,106.88529003472085,97.98357988773348,94.63523242473524
201,92.83924593797143,118.881167794878,87.65776408618314,98.43630639253166,False,False,缓和,0.5862068965517241,0.22413793103448276,0.1896551724137931,97.81080417272229,94.56734629870638,91.32060715948344
202,87.46349693604178,110.58981432608745,87.46349693604178,96.69368502312781,False,False,缓和,0.4482758620689655,0.47413793103448276,0.07758620689655173,105.67431205197627,92.83537429314678,105.10449532484695
203,92.46817055920343,120.37459343264031,88.13518192719006,96.66010259099085,True,False,维持,0.6206896551724138,0.3017241379310345,0.07758620689655173,92.12999552973852,98.66785287443221,97.83569322548205
204,90.80524222322032,121.91048536879988,88.90992549736156,100.58804530413829,True,False,缓和,0.3275862068965517,0.46551724137931033,0.20689655172413793,96.81114002765626,99.26361754613315,94.44956871916433
205,103.5044968777518,118.93452162418058,88.65523272899233,99.99544904341685,False,False,升级,0.5431034482758621,0.19827586206896552,0.25862068965517243,104.802759647898,95.51690683530312,88.65523272899233
206,91.14604566736375,120.41281961423725,86.17788804172253,98.56688961918931,True,False,缓和,0.5086206896551724,0.41379310344827586,0.07758620689655173,101.24229311056426,92.82009786114779,92.34305974550465
207,107.63951989682347,122.72828691584202,90.58297069156009,100.29601850618553,True,False,升级,0.5172413793103449,0.19827586206896552,0.28448275862068967,97.06590310570378,93.93829713872753,95.78856239366155
208,87.808907626277,109.00584218595371,87.808907626277,95.05805916360424,False,False,缓和,0.6637931034482759,0.2413793103448276,0.09482758620689655,90.78198231269126,98.8686334080887,103.09809205440224
209,84.64467430080478,118.67424615025307,82.8779061339757,98.32991970585663,False,False,缓和,0.5689655172413793,0.28448275862068967,0.14655172413793102,97.11215205858784,92.443123254306,98.63649490390421
210,92.3130731649393,121.26911775071133,89.5185500258861,100.54126141061832,True,False,缓和,0.5,0.29310344827586204,0.20689655172413793,95.68547338610752,116.52366033587293,95.72314564609394
211,90.50572835623534,131.70371013816128,89.26860656876768,103.27995073294973,True,True,缓和,0.41379310344827586,0.3017241379310345,0.28448275862068967,101.64526805662096,97.68890600229413,97.60715107199931
212,96.08129171988848,123.02820881418383,86.85643589303567,98.84882674428874,True,False,缓和,0.5172413793103449,0.3017241379310345,0.1810344827586207,98.73207284125883,93.29646212104494,96.51871031901953
213,106.73095127978222,113.2434961086618,88.83898916192058,99.35223852000522,False,False,升级,0.33620689655172414,0.39655172413793105,0.2672413793103448,106.24707165830637,94.58793413978528,93.28672337628592
214,84.87489564237555,131.415842441566,84.66883910356552,97.34957394447562,True,True,缓和,0.603448275862069,0.33620689655172414,0.0603448275862069,102.91612255990536,99.35694883446222,92.55503387614351
215,95.10133554715348,124.93787479869077,90.97558588550898,102.20147794888213,True,False,缓和,0.4396551724137931,0.25,0.3103448275862069,99.60189289414548,97.61110025753658,91.94707693317696
216,94.30592512796966,132.09030772753985,86.52597387345408,100.88248158733597,True,True,缓和,0.4224137931034483,0.3793103448275862,0.19827586206896552,100.73682001900622,95.54178743574805,91.0436902619012
217,85.80168812272336,112.80460901092083,85.3782080470866,95.75269869907152,False,False,缓和,0.5258620689655172,0.45689655172413796,0.017241379310344827,95.00178116908721,96.59774741544777,92.15750685036576
218,90.46039940224952,114.52451859200592,88.5479027486865,96.88492035252528,False,False,维持,0.646551724137931,0.3017241379310345,0.05172413793103448,98.1834955884781,92.60961004262212,100.31208468459151
219,90.2007041796261,114.53574070859258,87.34039568726664,97.21907405208293,False,False,维持,0.5344827586206896,0.3275862068965517,0.13793103448275862,97.82734419455595,100.85088088175189,96.29297875117598
220,89.87435431881028,108.98344603377984,89.69431927833392,96.01037089052842,False,False,缓和,0.5603448275862069,0.3706896551724138,0.06896551724137931,93.26315213475381,97.28193425349234,94.67258851544763
221,87.63553475286493,121.4856324019991,87.63553475286493,100.25669360795104,True,False,缓和,0.4051724137931034,0.4827586206896552,0.11206896551724138,111.92567625104363,97.72222818653778,106.48279490711043
222,90.83584468801513,113.67507673160173,90.83584468801513,99.11335221808612,False,False,缓和,0.5258620689655172,0.29310344827586204,0.1810344827586207,101.25362859707043,107.04714726909049,94.70119698688818
223,100.27080482611461,109.44137922313965,87.77432927443328,95.78544601638484,False,False,维持,0.5775862068965517,0.3103448275862069,0.11206896551724138,94.25240881391395,91.31485565716753,95.69365834768571
224,88.15984933892587,120.44030973550493,88.15984933892587,99.71009871716917,True,False,缓和,0.5086206896551724,0.3448275862068966,0.14655172413793102,104.73253015223327,95.97507308176807,93.63375331752103
225,96.38792048823466,108.47546602796174,87.99568698051954,96.17856539312136,False,False,缓和,0.603448275862069,0.27586206896551724,0.1206896551724138,93.94816719311824,96.89144967626261,97.91725050145259
226,87.78716224730039,109.748247501845,87.78716224730039,96.14023297758021,False,False,缓和,0.603448275862069,0.33620689655172414,0.0603448275862069,98.92706998593317,92.55484518023746,98.51403938650508
227,101.79263190740464,125.05374187815669,89.63314457706821,101.31507170129782,True,False,升级,0.4224137931034483,0.2413793103448276,0.33620689655172414,92.4371942751513,99.95481806761968,104.221525491803
228,87.31706882441068,115.71324262800658,87.10713912407566,95.9645089062283,False,False,缓和,0.7931034482758621,0.13793103448275862,0.06896551724137931,93.09321189846553,106.87239079467004,94.41493555183844
229,94.48640675069635,114.73322440251556,85.11653629813938,97.58929228195151,False,False,缓和,0.5689655172413793,0.3017241379310345,0.12931034482758622,106.94422670559149,94.72860175074615,102.23823595811702
230,92.56890406229603,115.16047074014256,86.56555760903932,99.736406765467,False,False,维持,0.41379310344827586,0.4224137931034483,0.16379310344827586,96.86490685715393,102.49262610517407,97.39627509715447
231,85.50798703629052,125.95583517395924,85.50798703629052,101.15196181024173,True,False,缓和,0.3879310344827586,0.3620689655172414,0.25,96.09071673044669,114.45697727154152,89.05995135856388
232,92.56787536547316,120.91757612265998,85.63326389123287,97.09654285441657,True,False,维持,0.5431034482758621,0.33620689655172414,0.1206896551724138,100.16625670892924,104.10242286132788,95.15745899637254
233,100.02845938876818,117.35803434912486,86.33405533649757,98.98863620709359,False,False,升级,0.43103448275862066,0.41379310344827586,0.15517241379310345,103.80203165013806,104.82352922161029,92.48313785781933
234,93.20776098283596,119.03764068209524,87.2100916604445,99.44581523802796,False,False,维持,0.3275862068965517,0.4827586206896552,0.1896551724137931,105.89472516325004,98.95028368228226,88.56114328449718
235,98.0887229795571,117.26374576678282,88.23821752537435,99.79882915302358,False,False,维持,0.41379310344827586,0.3879310344827586,0.19827586206896552,101.74916921067553,99.68583265627662,117.26374576678282
236,91.70835428834323,114.17839000152749,88.35541910988009,101.10376891580877,False,False,维持,0.3017241379310345,0.5086206896551724,0.1896551724137931,103.05478519719554,109.13610771165135,102.71173078574697
237,87.06963403088471,115.53185004420965,86.62039647228706,97.5886684314008,False,False,缓和,0.5862068965517241,0.29310344827586204,0.1206896551724138,107.13537253073004,97.55114300186558,87.99347395541767
238,91.69672510547471,111.8205520994519,85.00556024581098,95.47739185684965,False,False,缓和,0.7413793103448276,0.15517241379310345,0.10344827586206896,108.03163304076027,94.15873874563765,88.00873876489965
239,97.54588718702009,126.04638616932685,90.17823972226952,100.88617244376529,True,False,维持,0.39655172413793105,0.35344827586206895,0.25,107.6938492864483,106.0094859901302,91.01268628485437
240,95.8391301841171,114.39675359595832,86.20165763559316,97.87047463322389,False,False,缓和,0.5431034482758621,0.3448275862068966,0.11206896551724138,105.50768854902502,93.29268888670431,88.81284449465919
241,93.36847490976177,130.92907007672818,92.01317307399559,100.69313140364751,True,True,维持,0.35344827586206895,0.49137931034482757,0.15517241379310345,104.53002517561625,93.03981997887945,100.06742530195203
242,89.22369154781371,114.06512543737993,89.22369154781371,98.80392837648638,False,False,维持,0.43103448275862066,0.39655172413793105,0.1724137931034483,107.49569748081956,93.70257396175981,97.8836375470706
243,87.52802334196066,120.06100548973292,86.89508871271003,95.08850499585999,True,False,缓和,0.6810344827586207,0.27586206896551724,0.04310344827586207,95.15858638108665,93.98257249198927,88.74868437663726
244,92.59628283279785,113.54011448415292,88.88851868515434,97.95335140973049,False,False,维持,0.43103448275862066,0.43103448275862066,0.13793103448275862,92.18844775423365,100.38028869294226,93.78388698332961
245,89.89290205658737,108.97651888666293,85.37945476988831,95.7075347987484,False,False,缓和,0.7586206896551724,0.08620689655172414,0.15517241379310345,95.53186288442352,99.64861858083931,102.07059343873986
246,90.45942516204627,123.74641921618527,88.25336101855788,101.5681712566858,True,False,缓和,0.43103448275862066,0.3017241379310345,0.2672413793103448,99.25435142690718,97.42866471522751,94.51993015521457
247,89.05633733873334,117.61167350187955,84.46348847811667,97.40328285437144,False,False,维持,0.5517241379310345,0.3793103448275862,0.06896551724137931,96.0226817465415,98.12071984331956,90.78652788698444
248,87.84115591536735,119.62989719946343,86.66725665401044,99.60197296432065,False,False,缓和,0.43103448275862066,0.3879310344827586,0.1810344827586207,110.62042382439475,94.49752484057026,104.2634653827636
249,94.36440794517175,121.35865062480529,88.48514509301377,99.69212922970156,True,False,缓和,0.49137931034482757,0.3275862068965517,0.1810344827586207,106.02463310575162,92.12891164215512,90.9858560155999
250,84.54764821637056,117.05684298955818,84.54764821637056,99.85258958416638,False,False,缓和,0.39655172413793105,0.4482758620689655,0.15517241379310345,113.138363745165,94.9917279477343,91.8241057140004
251,93.0740069976619,113.9767598091823,85.15443313969419,95.79288996560739,False,False,维持,0.5431034482758621,0.39655172413793105,0.0603448275862069,99.1093617850569,96.34728578612052,98.12554012133484
252,88.83436426020063,120.3785337009923,88.83436426020063,100.11248437302719,True,False,缓和,0.3879310344827586,0.39655172413793105,0.21551724137931033,93.81469366207538,96.67736712280488,101.81793932490274
253,92.65054715346596,125.1909539609285,86.71761982030364,97.7454991871544,True,False,缓和,0.5948275862068966,0.25862068965517243,0.14655172413793102,93.70783270115362,100.92676029451106,88.02850850493309
254,88.35871775311593,114.40296277773768,86.7565431857563,99.75914288986979,False,False,维持,0.3879310344827586,0.4482758620689655,0.16379310344827586,96.190350188913,99.99199833242011,95.21001322534353
255,90.51992858950152,115.63887497965374,88.60334091568093,98.73644235403744,False,False,维持,0.4224137931034483,0.4396551724137931,0.13793103448275862,106.5248515166986,102.4407326986798,92.77100783150148
256,98.82245214224855,111.91457765578411,86.93492969987004,97.53998275265964,False,False,升级,0.4051724137931034,0.5344827586206896,0.0603448275862069,105.40676289738192,90.5487383525699,96.35594265701395
257,88.20668678854183,108.88882424931316,87.96206532146734,94.58777094068022,False,False,缓和,0.6293103448275862,0.3103448275862069,0.0603448275862069,90.99847931929986,93.48759210179654,99.74880976634991
258,87.12160429364765,113.67757160191333,87.12160429364765,98.11784515149847,False,False,缓和,0.5517241379310345,0.28448275862068967,0.16379310344827586,110.10827147348645,91.10765141288508,101.92640932344796
259,87.65302091141957,119.40694224774423,87.65302091141957,100.34383989543691,False,False,缓和,0.47413793103448276,0.3706896551724138,0.15517241379310345,100.77768983631236,114.05424497043076,90.91268827050335
260,95.9604345889906,126.61531288556858,90.65443459177123,102.34028116388592,True,False,缓和,0.3793103448275862,0.3879310344827586,0.23275862068965517,105.47588417162561,93.1812647328503,91.15586916561813
261,89.49448569716712,116.61652311188811,88.66691209783986,97.94555470030522,False,False,缓和,0.5775862068965517,0.3448275862068966,0.07758620689655173,102.29300877241015,94.41381038694138,91.65206580014063
262,84.6174478354954,118.59573737139229,84.6174478354954,98.38046415379225,False,False,缓和,0.6206896551724138,0.2413793103448276,0.13793103448275862,98.04450983929873,113.39731021641751,91.2101583694984
263,94.34438049473103,128.50490544881976,87.72924184695925,97.88988134580934,True,False,升级,0.5775862068965517,0.27586206896551724,0.14655172413793102,104.93295216385057,93.77179357860884,88.98010338394097
264,96.10543483694886,110.13935805524302,89.8390246831232,98.13293802362176,False,False,缓和,0.47413793103448276,0.3620689655172414,0.16379310344827586,97.25504024431969,89.9602149508959,96.37748968266389
265,90.57768152534682,120.82972587875682,85.03656923687662,96.59450436253246,True,False,维持,0.5775862068965517,0.3620689655172414,0.0603448275862069,110.90715646373557,96.30910890754853,93.29676846158625
266,92.52031656263708,121.10067950602053,88.2799857511171,98.10830079532415,True,False,维持,0.5431034482758621,0.3103448275862069,0.14655172413793102,98.47834419716474,93.36602706147485,103.51046734251037
267,96.15586511609766,110.84915670714403,90.83598379859261,97.26383769546418,False,False,缓和,0.5344827586206896,0.35344827586206895,0.11206896551724138,102.31770659477259,93.39591599821937,97.56104918651154
268,91.57017419225132,108.69134271682194,86.70660215967546,94.26805081024055,False,False,升级,0.646551724137931,0.3103448275862069,0.04310344827586207,93.23376401329563,92.11560665383165,96.70824875064177
269,98.27860972117423,109.87339151938008,87.46174158253129,96.54400823003886,False,False,维持,0.6637931034482759,0.21551724137931033,0.1206896551724138,96.5978715251557,98.75296618924092,87.75174937062907
270,92.78411262908158,119.74452770418691,86.24824393564606,96.75124045436719,False,False,缓和,0.5603448275862069,0.3448275862068966,0.09482758620689655,104.08198300550399,99.95634704434359,93.64306913250917
271,86.86977134016793,110.93305325510997,85.3514891544327,93.91328332357274,False,False,缓和,0.7931034482758621,0.16379310344827586,0.04310344827586207,93.40203613895505,91.50996580083707,90.60999293632503
272,94.84584641245162,117.26078924169893,89.13402278071737,98.30036216863074,False,False,维持,0.4827586206896552,0.4051724137931034,0.11206896551724138,105.93267863544223,93.59419791797701,90.59157448060682
273,92.49796855586752,122.4074548281424,86.57804938889515,98.99575425641044,True,False,缓和,0.43103448275862066,0.4224137931034483,0.14655172413793102,115.85576623696342,94.14407655142168,91.59709845882222
274,84.95686908762643,114.92295943311225,84.95686908762643,97.53431916338353,False,False,缓和,0.5862068965517241,0.31896551724137934,0.09482758620689655,98.04002921725782,90.42439775356044,101.17581724685728
275,87.63067132963815,112.72449855040585,87.63067132963815,98.09265171110589,False,False,缓和,0.43103448275862066,0.5,0.06896551724137931,107.60395772265463,102.13393615334955,93.12742891748279
276,87.45214616783038,122.31452239139743,87.45214616783038,101.50125714369199,True,False,维持,0.4224137931034483,0.3879310344827586,0.1896551724137931,111.7686728291007,95.24305591632651,93.95179309662434
277,92.4082033324897,109.93418246883802,89.83325956987089,99.80539864897311,False,False,维持,0.3620689655172414,0.4482758620689655,0.1896551724137931,95.14966962194102,93.90948022035519,102.72604287278075
278,102.83815379213242,113.13551061923411,85.51395390940334,95.13271258725561,False,False,升级,0.6982758620689655,0.21551724137931033,0.08620689655172414,103.25622077495295,108.38484386692133,89.8221145702863
279,87.1056500747424,116.76712623668944,87.1056500747424,102.17417068388889,False,False,缓和,0.3620689655172414,0.5,0.13793103448275862,114.99513296049066,112.43521488836265,100.39866849213051
280,92.63180210990278,119.28776407615521,84.8350283803472,100.27986788012214,False,False,升级,0.43103448275862066,0.39655172413793105,0.1724137931034483,106.0482770034775,99.1312681301044,94.15688184511073
281,86.54185913705658,110.87107969370845,86.54185913705658,96.79302234797834,False,False,缓和,0.7068965517241379,0.1810344827586207,0.11206896551724138,99.43619673761732,109.21863597245722,106.13248060997525
282,87.22919886317446,112.68727669471585,87.22919886317446,99.70371018193626,False,False,缓和,0.3793103448275862,0.5258620689655172,0.09482758620689655,107.7948683770626,96.78132199426982,98.06364016904641
283,86.08705927971275,124.06423994909757,85.76657263135351,96.86057684682162,True,False,缓和,0.6896551724137931,0.14655172413793102,0.16379310344827586,92.18626095484363,121.72290233859408,86.40274068302524
284,95.38675259924555,124.06979818723376,88.23567614332437,99.54388417243526,True,False,维持,0.46551724137931033,0.41379310344827586,0.1206896551724138,102.5939649413614,101.73604841259984,89.23940032414738
285,92.81398927763814,124.42677985613656,88.32654654354775,99.39612892086498,True,False,缓和,0.5258620689655172,0.3275862068965517,0.14655172413793102,108.96862498821618,99.15058821669224,95.98598382900407
286,90.44683973790983,112.08922931247375,86.72896905152857,99.60517614678652,False,False,维持,0.3879310344827586,0.45689655172413796,0.15517241379310345,112.08922931247375,94.91362864271683,88.19948859316631
287,92.9664984616992,122.0085027868144,90.9835851323757,103.46684067366215,True,False,维持,0.14655172413793102,0.6120689655172413,0.2413793103448276,109.64218672178694,99.55116440216143,95.61802406383109
288,86.86430597158957,128.09234410425407,85.70599794274268,105.21711591242435,True,False,缓和,0.31896551724137934,0.28448275862068967,0.39655172413793105,104.3683895453486,97.08651962326583,101.58074154394527
289,88.7371023335993,125.77312099775607,86.80865073981359,102.34314248519897,True,False,维持,0.3879310344827586,0.35344827586206895,0.25862068965517243,125.77312099775607,98.6341527164533,95.04861332279644
290,92.062453620622,116.22753839755534,90.08857994734197,101.00023009147915,False,False,缓和,0.3706896551724138,0.4827586206896552,0.14655172413793102,111.22675991482235,99.51501880625553,97.8525183161843
291,87.4223970926704,113.3018944984885,86.56877413534653,97.13387331355912,False,False,缓和,0.6379310344827587,0.28448275862068967,0.07758620689655173,101.06268832743434,100.74883408895161,94.03681280857727
292,88.13609146311266,114.22988457537043,87.627599803211,99.30906621769574,False,False,缓和,0.4396551724137931,0.43103448275862066,0.12931034482758622,93.95499394524701,103.04832176901574,96.2020939441626
293,88.28759454965082,120.18937866145455,88.28759454965082,97.7846626634456,True,False,缓和,0.5172413793103449,0.33620689655172414,0.14655172413793102,99.48451428686555,99.62639887023455,95.18389441401752
294,97.39612842964597,111.00803981746243,88.79840990351677,98.44789731109408,False,False,维持,0.5344827586206896,0.3706896551724138,0.09482758620689655,110.16353678679361,101.12242653899236,93.01025089674184
295,89.39184624038371,115.82410395086175,85.62384343273393,101.04327238435282,False,False,缓和,0.27586206896551724,0.5517241379310345,0.1724137931034483,107.63587001573333,110.46902271261763,96.80251157183687
296,86.6482681862452,108.87453159385286,86.6482681862452,97.7711260128579,False,False,缓和,0.5775862068965517,0.3103448275862069,0.11206896551724138,108.0230707492274,93.77014084211618,92.91841509058912
297,86.6148791568646,107.16828519444033,85.67977303335121,93.9446350878553,False,False,缓和,0.7844827586206896,0.1810344827586207,0.034482758620689655,100.55879259946211,91.58651811596299,90.80780475311731
298,93.91218835586182,120.34009470432217,86.65998196589265,97.36686826676295,True,False,缓和,0.5517241379310345,0.27586206896551724,0.1724137931034483,93.80935136168021,108.93328858682776,101.68213767013928
299,88.87538204993356,116.621130226212,87.08861057814835,94.16872386166051,False,False,维持,0.8793103448275862,0.07758620689655173,0.04310344827586207,103.5787493110012,90.45521462670587,89.92019750260799
300,86.50402773359309,111.82371249575637,85.44172684969082,98.34743362254142,False,False,缓和,0.46551724137931033,0.4224137931034483,0.11206896551724138,105.6076240952848,102.07691351133322,91.03326351755071
301,90.9401201679462,130.45613824204196,88.48493966632167,107.94890465093138,True,True,缓和,0.3103448275862069,0.28448275862068967,0.4051724137931034,125.51280827268457,116.35869154797955,92.43043683222074
302,89.23801430187547,117.97317491350105,86.02096749072335,99.11339778763613,False,False,缓和,0.4827586206896552,0.41379310344827586,0.10344827586206896,100.656662319758,103.45809624169954,93.99344815505368
303,88.75076262546854,113.55060024886576,88.3582251909265,97.8452835482372,False,False,缓和,0.603448275862069,0.21551724137931033,0.1810344827586207,94.86969307655527,95.2526678374021,111.41581200065804
304,88.93149884885672,127.33453380897389,85.88358747073536,100.88509437963145,True,False,维持,0.3706896551724138,0.45689655172413796,0.1724137931034483,116.82031108822001,112.59403594658194,94.2209495070931
305,85.86298804078332,112.94551514711449,85.75450709546158,95.0479248588111,False,False,缓和,0.603448275862069,0.3620689655172414,0.034482758620689655,98.82084992512976,94.81209014704329,90.40806582660578
306,88.12526888645617,123.52438369615031,88.12526888645617,99.79108774474544,True,False,缓和,0.35344827586206895,0.5603448275862069,0.08620689655172414,120.1209478360509,93.27508643725814,94.83087048477056
307,92.86336468321655,121.57056051135895,86.49556983577526,99.68205737160558,True,False,缓和,0.5517241379310345,0.23275862068965517,0.21551724137931033,92.86263623730316,95.58533068729335,92.02943483407779
308,92.23985736095156,115.34212763650515,89.0588529472945,100.05752506254873,False,False,缓和,0.3103448275862069,0.5172413793103449,0.1724137931034483,106.51722513110408,90.31743712921494,91.23477798509751
309,88.41160678925625,122.99094518587962,88.41160678925625,100.59746368392804,True,False,缓和,0.47413793103448276,0.29310344827586204,0.23275862068965517,104.34673394116295,89.90534279143144,94.65687341098196
310,89.83883961883726,115.79238278337776,87.30970122862098,95.79339133656492,False,False,维持,0.6379310344827587,0.29310344827586204,0.06896551724137931,108.44174075686732,91.69413484810417,89.92366541176042
311,87.57456413054307,109.09136571215814,85.86806682905218,94.92934189257998,False,False,维持,0.5775862068965517,0.3706896551724138,0.05172413793103448,94.31492062488765,101.8777827307031,90.99563229694425
312,92.15973250496947,111.24141332975957,87.2300944019353,96.22742879256356,False,False,维持,0.6724137931034483,0.25862068965517243,0.06896551724137931,95.53175708672049,99.87985162043464,93.50120185559628
313,99.85161013791466,125.40892717480882,90.03415362430604,100.74077913006677,True,False,升级,0.41379310344827586,0.3275862068965517,0.25862068965517243,97.6249479595531,92.45162095515614,113.49022574649668
314,87.85717215264276,125.35112812740758,84.33285716662543,99.19890919043202,True,False,维持,0.5258620689655172,0.33620689655172414,0.13793103448275862,105.68215877772155,93.22033580773294,87.32796699881615
315,89.5017406292251,122.29736156118786,88.68209973890222,101.40025532850133,True,False,缓和,0.39655172413793105,0.3706896551724138,0.23275862068965517,103.71676064727991,102.05159625440525,99.99481887842789
316,92.99547934963738,117.2129133557538,86.20357681943294,99.59145231475492,False,False,升级,0.4224137931034483,0.3879310344827586,0.1896551724137931,98.68033705901264,96.40987410250123,97.55234697572436
317,88.90795834284296,109.25711934492081,84.66772916814152,95.14025325749748,False,False,缓和,0.75,0.20689655172413793,0.04310344827586207,99.56037639387986,99.60446077084531,93.76658853739447
318,91.78216780092629,116.9397146222173,87.60264810534875,99.21655892512341,False,False,缓和,0.5775862068965517,0.19827586206896552,0.22413793103448276,109.57688195568775,103.3033625289995,93.11669839983685
319,94.63410371626989,115.62241117277735,87.35081819309055,96.48972088129167,False,False,维持,0.5862068965517241,0.28448275862068967,0.12931034482758622,99.52743910463911,102.87897802594263,90.257204099074
320,89.08100304391628,120.72511058759812,85.65667841100763,98.81594959713902,True,False,缓和,0.5172413793103449,0.25,0.23275862068965517,97.31081878547393,104.0403804697964,89.23745255515652
321,86.9683925451845,129.0527261304142,86.2886404074956,100.33689471684848,True,False,缓和,0.4396551724137931,0.3706896551724138,0.1896551724137931,124.69389985405982,99.54424587938601,95.3540848567361
322,93.72576027047616,112.86527406530195,88.88046875144377,98.62296200974903,False,False,缓和,0.5431034482758621,0.2672413793103448,0.1896551724137931,98.62763933887511,106.44426535788307,98.46761187738478
323,84.38403341962528,112.56225115030571,84.03442605711,96.9914671334189,False,False,缓和,0.5862068965517241,0.3793103448275862,0.034482758620689655,100.59997383590081,93.53931356260371,96.25596993710685
324,96.83093230031827,118.8838727263701,90.3195352614827,101.86858475844488,False,False,维持,0.33620689655172414,0.4051724137931034,0.25862068965517243,94.54531891413387,99.42172204985908,96.33087823120701
325,92.1730450226097,120.03788934731065,87.86220395556673,102.10246425751448,True,False,维持,0.33620689655172414,0.4827586206896552,0.1810344827586207,104.41605710816441,102.9366906110561,95.43651168682499
326,87.98747248927812,111.52519592541138,85.03805007796561,96.14252903263181,False,False,缓和,0.5862068965517241,0.39655172413793105,0.017241379310344827,100.2481728527171,104.48216100285632,91.06006266872346
327,88.74423356272777,116.76672302772683,84.47614774612262,99.02511871556501,False,False,缓和,0.3879310344827586,0.49137931034482757,0.1206896551724138,110.83038561541288,97.61681312179377,94.9471735170747
328,84.66227053714964,126.87044087108231,82.68725758567746,100.96131445004715,True,False,缓和,0.5689655172413793,0.1896551724137931,0.2413793103448276,122.61532717343631,92.33604040385244,94.50526767500206
329,88.1298104004789,121.95289908694743,85.40803760660063,101.04858835703375,True,False,缓和,0.3448275862068966,0.46551724137931033,0.1896551724137931,109.79907272746655,93.5174985283701,94.56087606936484
330,91.43980222688016,111.57252754265993,88.12403536785979,98.44324188387193,False,False,维持,0.3620689655172414,0.4827586206896552,0.15517241379310345,101.22211520246485,98.69194145917085,88.12403536785979
331,98.05924854610979,115.75972937597042,87.89077815459906,98.52122061859681,False,False,维持,0.646551724137931,0.13793103448275862,0.21551724137931033,98.04390767540272,98.55024020167093,99.64213514199375
332,90.17770477144833,108.91850192694359,90.02843120483504,96.60593848352048,False,False,缓和,0.5086206896551724,0.3793103448275862,0.11206896551724138,93.52162859066989,101.78608235523453,97.78079008806746
333,89.31568752686684,121.81084271128599,86.32131875292905,99.81880069038677,True,False,缓和,0.46551724137931033,0.3620689655172414,0.1724137931034483,116.47498667926477,110.96001707374108,89.03717135471582
334,100.07706251444391,114.6778618435581,87.37513774997053,97.38496124766894,False,False,维持,0.5775862068965517,0.31896551724137934,0.10344827586206896,92.23033308486234,99.49754229169999,94.71283116392739
335,96.49696812664422,116.63193604411096,88.85311084019838,100.75393605882742,False,False,升级,0.43103448275862066,0.3103448275862069,0.25862068965517243,93.74371028588641,96.71594094842864,108.94105709070881
336,89.68297132757618,108.28777488203094,85.84176681878849,95.05987287873393,False,False,缓和,0.7672413793103449,0.1724137931034483,0.0603448275862069,101.38881234168235,92.48556583349199,90.2485541079134
337,86.22452031197523,117.96596933726329,86.15027305811454,96.62724911961213,False,False,缓和,0.603448275862069,0.3017241379310345,0.09482758620689655,97.67779040815282,90.11835039425782,95.32768742769618
338,90.01452722408042,111.77339780745629,87.25962089514734,96.04481511821116,False,False,维持,0.5862068965517241,0.3103448275862069,0.10344827586206896,95.39834253376378,96.89572120890193,92.85900770216041
339,90.57052554158115,123.36748528641158,86.64427654421064,96.08599908615479,True,False,维持,0.6379310344827587,0.3017241379310345,0.0603448275862069,93.74784457571711,93.2912873531825,87.82930794821928
340,89.15649945962141,120.0399240528338,88.73128165781857,98.7620439626003,True,False,缓和,0.5689655172413793,0.25862068965517243,0.1724137931034483,96.20629196533962,106.57797095499751,97.02600990523518
341,87.28720663931895,129.40881025270866,85.56730118626787,100.42658998824086,True,False,缓和,0.5086206896551724,0.2672413793103448,0.22413793103448276,111.97072134741215,114.72026605946569,95.83048245481291
342,89.87095505344834,123.4799673838047,87.7300572337654,101.47488441283278,True,False,缓和,0.33620689655172414,0.3879310344827586,0.27586206896551724,99.56189043105202,109.55661401535575,93.22522759012912
343,91.55439361693777,130.43814498877168,84.89547830482273,101.5870083265487,True,True,维持,0.6206896551724138,0.20689655172413793,0.1724137931034483,129.2237838672318,95.16272894063965,92.55121853592702
344,87.96255126998867,117.24723056365812,87.68197866779971,99.19712333634435,False,False,维持,0.4051724137931034,0.46551724137931033,0.12931034482758622,93.57543452591084,102.40191265229852,94.6942224731696
345,87.30644674130181,115.61396353752158,87.30644674130181,97.27732869937304,False,False,缓和,0.5775862068965517,0.3103448275862069,0.11206896551724138,103.58332292075205,92.8312290341366,97.44772884807878
346,86.53439216490892,121.56171439613097,86.53439216490892,100.37242842937486,True,False,缓和,0.5344827586206896,0.3017241379310345,0.16379310344827586,102.68624021718973,110.74678861604453,96.1189111785273
347,88.042436351783,112.83907764535918,88.042436351783,96.80551053295052,False,False,缓和,0.5086206896551724,0.41379310344827586,0.07758620689655173,104.05393097655777,91.41546825019356,94.9999783992559
348,88.48758240699496,109.56587311816355,86.95647544462176,94.27004118114137,False,False,维持,0.6982758620689655,0.25862068965517243,0.04310344827586207,99.41723695901906,90.56310950432596,96.86719423749132
349,99.19346768051493,119.6924650026856,84.82982011473828,98.82294298922685,False,False,升级,0.45689655172413796,0.3706896551724138,0.1724137931034483,111.15488218095598,96.24360731979998,91.45999627055647
350,87.35490298950477,111.64662767119438,84.59719128329907,97.2655902904705,False,False,缓和,0.5948275862068966,0.3017241379310345,0.10344827586206896,95.4117019525423,98.77742496629436,92.61012404314141
351,96.3390557348242,140.63745356152918,88.99426921839145,102.53881254408999,True,True,升级,0.43103448275862066,0.3275862068965517,0.2413793103448276,104.91940643856012,105.10354252719003,111.19434451171544
352,94.03245913549617,112.48252209528768,89.2205548405357,97.15652116697638,False,False,维持,0.5517241379310345,0.3620689655172414,0.08620689655172414,96.65415854114855,91.68587911279876,89.2205548405357
353,86.73680484587244,112.12371794143078,86.40872369106519,96.81153484949562,False,False,维持,0.5172413793103449,0.43103448275862066,0.05172413793103448,105.0987916031576,94.65272691246692,87.96866089809976
354,91.4258016161487,116.31441737590838,87.20045249755033,97.9551332145628,False,False,维持,0.49137931034482757,0.4482758620689655,0.0603448275862069,92.76060557324456,102.11853817695554,100.14868136371148
355,108.51041467306807,115.85051640530327,89.76063207754252,97.76654275376113,False,False,升级,0.6293103448275862,0.1896551724137931,0.1810344827586207,93.51266354029701,94.91435856832908,95.9985078799469
356,88.7232845207663,116.39567515958757,85.43991863695368,95.80509460379447,False,False,缓和,0.6982758620689655,0.22413793103448276,0.07758620689655173,92.06130196067762,94.0925416518421,98.40061868493237
357,94.55720540216926,110.45123494356442,88.54329432992303,96.415586305843,False,False,维持,0.5948275862068966,0.28448275862068967,0.1206896551724138,93.57928451335754,101.36911073152635,94.95684595414515
358,88.40608685042267,115.78423873925564,88.34430263578857,99.41390749122505,False,False,缓和,0.35344827586206895,0.5344827586206896,0.11206896551724138,111.30566547663601,102.45933861877344,96.92181263305129
359,89.32509836584336,129.49067197467238,86.89554793322775,100.13899381612254,True,False,维持,0.4051724137931034,0.4827586206896552,0.11206896551724138,100.59922520182371,96.43323461550061,93.84236417321172
360,85.98790405206385,128.47272825244482,85.98790405206385,98.55987167877034,True,False,缓和,0.5948275862068966,0.25862068965517243,0.14655172413793102,121.16310936348901,89.86838010984192,105.89203958436929
361,88.28152830841293,111.09608400359956,86.62807111717018,98.99960192894069,False,False,维持,0.43103448275862066,0.4482758620689655,0.1206896551724138,105.95312656556183,98.56531292544015,99.81954092924954
362,87.58315278280828,115.67521863871171,86.00339032122493,97.9937078681001,False,False,缓和,0.5517241379310345,0.3103448275862069,0.13793103448275862,101.55812243182123,110.55994505893727,88.13502044125885
363,90.20762428616837,108.94089540590736,89.95348993474703,97.81031205399896,False,False,缓和,0.41379310344827586,0.46551724137931033,0.1206896551724138,102.98602343451223,92.99805264273694,95.79273078964226
364,90.62567464153533,120.8721299972198,89.66545391978195,99.59728578195357,True,False,维持,0.31896551724137934,0.5603448275862069,0.1206896551724138,94.56961902565057,102.86358673845959,95.61054188451853
365,92.95637322140634,124.95793791762436,86.32549752439716,98.25216375118883,True,False,升级,0.5086206896551724,0.3706896551724138,0.1206896551724138,96.51091800809795,93.72776965619934,93.14590121321947
366,87.13148305713925,123.17016251217468,86.80220836608282,99.72394075826818,True,False,缓和,0.5,0.3793103448275862,0.1206896551724138,102.22694763382141,98.73400742869173,96.73325308114245
367,92.02071406251565,113.55628260444334,87.07688405273667,95.55391955379525,False,False,维持,0.6120689655172413,0.3793103448275862,0.008620689655172414,101.7779959771997,96.9355701019341,92.25705112931503
368,96.6633816005735,126.56706924506771,87.67218185654951,101.27864220115988,True,False,维持,0.3793103448275862,0.39655172413793105,0.22413793103448276,97.02119496499326,98.10611785998896,105.95870211998275
369,92.98246332562532,125.1479648727586,91.78739751570647,102.90038845880156,True,False,缓和,0.2672413793103448,0.46551724137931033,0.2672413793103448,107.85905841970047,99.78241714073403,99.22622271018702
370,86.25891154177022,110.34615609745009,85.79170303461818,94.36667332652289,False,False,缓和,0.646551724137931,0.3103448275862069,0.04310344827586207,91.60798098852979,101.10848497716317,94.71366905072881
371,89.88557353670697,115.44360823721695,85.7768536025475,96.55383001348913,False,False,缓和,0.6982758620689655,0.1810344827586207,0.1206896551724138,107.50647920747696,95.49255799795085,94.0693378503774
372,91.238389165339,110.77673291072836,85.56561826028945,95.9496528603058,False,False,缓和,0.6120689655172413,0.3103448275862069,0.07758620689655173,105.7264457245435,97.25071732223945,96.2468025231097
373,95.93998948718234,115.4025023595005,87.11273416845441,100.6248496696676,False,False,缓和,0.3275862068965517,0.5258620689655172,0.14655172413793102,114.30325223908886,97.13740690000928,92.1776448023989
374,100.7425429531683,132.3492183633057,88.80384032677888,100.86779396173273,True,True,升级,0.43103448275862066,0.31896551724137934,0.25,123.89922112509653,96.19925612959632,102.67836635810164
375,99.91905924930103,113.11652360556248,88.41171169563324,97.61420796665553,False,False,升级,0.603448275862069,0.2413793103448276,0.15517241379310345,102.1661590138307,93.14392641539301,92.05555633233796
376,86.39859317797603,110.14420619713519,85.7884032505633,94.29747985026886,False,False,缓和,0.646551724137931,0.28448275862068967,0.06896551724137931,90.12421446999275,99.40986328102676,92.7152058666105
377,88.19072759990281,121.4833881743255,87.99066090015417,101.45086324716189,True,False,维持,0.4482758620689655,0.3448275862068966,0.20689655172413793,106.81120549355796,97.31364516311235,97.94851787084698
378,86.42807271655276,113.28175671370592,86.42807271655276,94.87617752824487,False,False,缓和,0.6293103448275862,0.3275862068965517,0.04310344827586207,100.09725550236685,94.51765997028667,94.63606937577788
379,95.12905085764018,111.41047103845492,86.93938184122031,96.86773914817412,False,False,升级,0.5517241379310345,0.3448275862068966,0.10344827586206896,101.06561503980807,90.36822652125679,89.05499855943218
380,91.53365074339705,118.21727672926185,89.41984702790518,100.53467240959016,False,False,缓和,0.47413793103448276,0.3103448275862069,0.21551724137931033,95.50746915043635,108.98013314901497,91.96028920293027
381,86.91798301992003,118.63807293002978,85.68726210815106,98.47158562245038,False,False,缓和,0.5517241379310345,0.22413793103448276,0.22413793103448276,91.45761247041794,110.0330939209578,99.58270242466412
382,89.27282207408287,122.71982647075679,85.80478552068521,100.5668216401152,True,False,缓和,0.3448275862068966,0.49137931034482757,0.16379310344827586,121.37509549446543,93.69081476983027,95.12760223448834
383,88.27380739064883,125.6695748058979,88.25585195075126,100.61544972826849,True,False,缓和,0.49137931034482757,0.28448275862068967,0.22413793103448276,120.08374175229577,105.77576582104234,90.1843564757971
384,101.70177850629956,115.51489794240688,88.62494764442206,96.49667487467511,False,False,升级,0.46551724137931033,0.41379310344827586,0.1206896551724138,96.6245034968235,96.15741737663372,89.07110983113371
385,97.2537389523846,120.63730036828447,91.46988547403349,103.26209349219043,True,False,缓和,0.31896551724137934,0.3793103448275862,0.3017241379310345,115.07977561529214,111.97470644765887,118.08310974839924
386,98.24148685915254,110.96770850836782,89.09058817901754,97.26011312351078,False,False,升级,0.6120689655172413,0.23275862068965517,0.15517241379310345,103.41565608654403,91.74491327008228,89.09058817901754
387,90.33892735160043,120.78986442467858,86.79679010662935,99.7599411609258,True,False,缓和,0.5603448275862069,0.23275862068965517,0.20689655172413793,109.73643288173558,102.15413363760109,87.66350069453598
388,101.31861170725952,123.0099691895435,87.82769441030653,102.37059235655694,True,False,缓和,0.4051724137931034,0.3103448275862069,0.28448275862068967,111.53370435821168,110.10382658396732,91.98568883871732
389,94.43193616661148,109.29772391235136,89.66970071866581,95.63740883745689,False,False,维持,0.5172413793103449,0.4482758620689655,0.034482758620689655,97.74963810039051,96.11506548439922,95.32027750847317
390,98.37758821968627,127.18485423578177,89.28305244846382,99.91936279677803,True,False,升级,0.46551724137931033,0.3793103448275862,0.15517241379310345,105.68318795748348,95.98249584709617,99.82110504615582
391,91.20386341855318,123.42674540568403,86.49062116701319,98.47132730072495,True,False,缓和,0.5086206896551724,0.3793103448275862,0.11206896551724138,111.67437137280031,97.57636021301705,88.57267931428987
392,100.94749760725652,124.85083058607103,91.87117125527573,102.78289588796551,True,False,升级,0.3620689655172414,0.3620689655172414,0.27586206896551724,105.03286090806314,112.02600867319123,104.43163980275315
393,90.59598898293864,109.97605196556567,88.91215169698687,96.69587118545279,False,False,缓和,0.4827586206896552,0.45689655172413796,0.0603448275862069,99.45308557247225,109.97605196556567,90.29724949754156
394,87.59421776941024,121.00408891744416,87.46011004673599,100.274754057567,True,False,缓和,0.35344827586206895,0.49137931034482757,0.15517241379310345,109.22586969135413,103.37652314365876,92.37162537424463
395,95.11273205549378,120.83644707325328,87.52111367668428,98.51899944651164,True,False,维持,0.5344827586206896,0.28448275862068967,0.1810344827586207,104.58412953905648,89.17547648501085,91.82809098936305
396,88.168988804344,112.65182265963527,86.26180121899162,97.6656597221444,False,False,缓和,0.5603448275862069,0.27586206896551724,0.16379310344827586,101.5820277949199,91.68092670899907,102.07189247906297
397,92.00660462540947,114.36925965457255,89.57498664679763,97.55865187056453,False,False,维持,0.5258620689655172,0.33620689655172414,0.13793103448275862,95.2770930652012,109.5532993579287,92.2181917801299
398,103.54014216833723,114.6062739337685,89.86647683459238,98.00894719253408,False,False,升级,0.5172413793103449,0.3879310344827586,0.09482758620689655,109.15370044539041,93.10818258281924,103.36492579421497
399,89.24406086918844,136.55911281864525,85.2920519170995,105.25681446575295,True,True,缓和,0.4051724137931034,0.31896551724137934,0.27586206896551724,136.55911281864525,95.2482662432826,95.36056756756004
400,93.79215139674986,129.30752122332777,90.60147364054279,102.50127904217733,True,False,缓和,0.4482758620689655,0.28448275862068967,0.2672413793103448,124.82753616846153,91.66077649467663,96.30651331089648
401,91.606602707081,110.961483821194,86.8842995627224,96.96905315699667,False,False,维持,0.4482758620689655,0.4827586206896552,0.06896551724137931,100.88806759318305,98.15274034369064,98.98810524234878
402,95.494375457286,113.04018657107471,87.19433289683965,95.77292216462223,False,False,缓和,0.6293103448275862,0.3017241379310345,0.06896551724137931,105.07409019730355,94.00462048297832,91.37231675807456
403,88.7330622554243,117.86301186149247,88.7330622554243,103.93552663975409,False,False,缓和,0.39655172413793105,0.29310344827586204,0.3103448275862069,117.86301186149247,110.79206395768426,93.34314855241907
404,96.06427445938856,114.32821901127069,88.34753512562116,99.2749905885376,False,False,维持,0.31896551724137934,0.5172413793103449,0.16379310344827586,109.84599928983374,98.17816213609609,92.42662532586105
405,88.74693856545704,109.51676191658741,86.79846738684314,96.61723714559112,False,False,维持,0.4827586206896552,0.46551724137931033,0.05172413793103448,104.64340833734015,91.22794808581185,101.33515824585987
406,91.15111499617223,115.60976677345771,84.59473609611811,99.06519927277589,False,False,升级,0.39655172413793105,0.46551724137931033,0.13793103448275862,102.24147918533164,104.09516248436708,88.21794892944932
407,90.10497826966707,115.96250299486017,86.38189739977297,97.24688474173759,False,False,缓和,0.45689655172413796,0.41379310344827586,0.12931034482758622,102.91715590422451,91.1958033935869,105.1463159461437
408,89.67936333232326,131.75074946467046,84.66966515802262,100.59351929270272,True,True,维持,0.5431034482758621,0.2672413793103448,0.1896551724137931,118.26372013600832,97.41679640622773,87.7515821852978
409,86.65078322651311,112.1866971360724,85.31324032827371,95.01913018891237,False,False,缓和,0.6120689655172413,0.35344827586206895,0.034482758620689655,96.99056215034162,97.0663994899491,89.9218523263631
410,87.47671048314321,110.58073863981835,87.47671048314321,95.59215803256023,False,False,缓和,0.6206896551724138,0.3620689655172414,0.017241379310344827,109.78885494244886,93.7738625046368,90.54237984424245
411,94.93047023800855,117.45520625038522,88.1235821483455,98.18042862043905,False,False,维持,0.46551724137931033,0.3793103448275862,0.15517241379310345,97.74437102730572,97.35272348478142,97.66554114764551
412,92.22764674424191,114.82557753661244,91.09053532070429,99.40939749003877,False,False,缓和,0.5258620689655172,0.23275862068965517,0.2413793103448276,91.09053532070429,96.20765886084094,98.09792160959655
413,103.72517095088514,130.94676182977238,89.6572949003444,102.35275928794984,True,True,升级,0.4396551724137931,0.27586206896551724,0.28448275862068967,130.94676182977238,99.94010879487439,111.92877833346289
414,88.92708598495037,120.91987512712943,86.33496962265956,99.85331204839127,True,False,缓和,0.5603448275862069,0.20689655172413793,0.23275862068965517,97.08588840265064,92.06799418586299,97.08390810437477
415,90.5531940306949,114.74535430117177,87.39377335146987,98.20861044166769,False,False,缓和,0.5431034482758621,0.3103448275862069,0.14655172413793102,100.512320891853,94.73143105009238,97.30013363763632
416,91.69426791034944,113.33288689840779,86.72484263258518,97.17422979401735,False,False,缓和,0.4396551724137931,0.4827586206896552,0.07758620689655173,101.69608485381865,94.34036705742962,100.84977517912617
417,87.09459649296286,113.29840274785049,85.48228877222859,97.43352491264345,False,False,维持,0.45689655172413796,0.4482758620689655,0.09482758620689655,103.90880948761539,92.52669795471029,95.43822241267615
418,102.935971601424,114.53125258120748,92.52947358788849,103.19324897303684,False,False,维持,0.3017241379310345,0.41379310344827586,0.28448275862068967,98.3203521447758,101.8596215343641,108.65840189381815
419,88.80945601836864,116.37574626193802,87.60761039398469,98.49110263456686,False,False,缓和,0.46551724137931033,0.49137931034482757,0.04310344827586207,97.94660110586146,101.02868063282764,97.49831291403301
420,85.96655756075998,126.32308539356183,85.96655756075998,96.70876850119501,True,False,缓和,0.646551724137931,0.25862068965517243,0.09482758620689655,95.29806737219378,92.85887459769081,91.58307086036275
421,85.76653227905969,114.16711540504447,85.76653227905969,98.70210350270226,False,False,缓和,0.3706896551724138,0.5,0.12931034482758622,107.60075322269714,102.51877328635533,96.30574093291888
422,96.52066687748918,115.87943626203642,87.6414243959798,98.58452428178518,False,False,维持,0.5344827586206896,0.28448275862068967,0.1810344827586207,95.18588267626839,100.89942327762223,109.51368118826969
423,87.19526220035563,120.08347680555,86.30716330656101,98.78452448240915,True,False,缓和,0.5431034482758621,0.3017241379310345,0.15517241379310345,96.64789240343694,111.47089020469444,90.60778796855524
424,94.75027784164281,122.74487150564369,86.72912617551992,101.50280803313132,True,False,维持,0.3620689655172414,0.4827586206896552,0.15517241379310345,110.20642920170023,104.07758143863651,92.24277294035369
425,87.65048846774953,118.43967491922986,85.81932989182208,95.54396603272815,False,False,缓和,0.7931034482758621,0.12931034482758622,0.07758620689655173,99.88023808000234,91.46783611835362,90.61598790750172
426,90.42555458014535,127.77971800138684,86.4294446252702,101.47729197403594,True,False,维持,0.5431034482758621,0.1810344827586207,0.27586206896551724,114.84332301393044,96.5989442223101,95.1763570526406
427,94.64869159181654,115.54596694318792,85.06204680785801,98.74503269827363,False,False,缓和,0.5,0.3448275862068966,0.15517241379310345,102.10312721982103,94.94789704628192,100.4362499939039
428,87.24361911817952,116.42205414229007,87.24361911817952,100.93430679120446,False,False,缓和,0.3879310344827586,0.4396551724137931,0.1724137931034483,101.28948260236028,114.68148771877239,94.59577942995712
429,90.26473258014316,109.17100258475564,86.45783546912322,95.96869567752813,False,False,维持,0.603448275862069,0.33620689655172414,0.0603448275862069,95.21462860101528,100.4066998103375,92.33339749137066
430,94.46850854840645,119.21531179610115,85.38187723203849,98.53512351023632,False,False,升级,0.5258620689655172,0.4051724137931034,0.06896551724137931,97.56712159364626,97.17589270393428,88.30620827015476
431,88.27968691625031,115.38039491607536,86.84002605871387,95.79820908332331,False,False,缓和,0.646551724137931,0.2672413793103448,0.08620689655172414,92.53661690396397,94.50598147352383,91.67384929484274
432,89.2873748840892,124.42979430781341,89.2873748840892,103.33126793812745,True,False,维持,0.1810344827586207,0.5689655172413793,0.25,108.34093224462248,109.3231851084469,93.82407393457694
433,88.5285624748822,127.25969712102778,86.65032862961615,103.80399527948404,True,False,维持,0.4051724137931034,0.28448275862068967,0.3103448275862069,126.51086587651106,96.52572513608368,97.1860912302956
434,92.39040330540749,115.92145528146074,89.44564209766848,102.56114793013167,False,False,缓和,0.3275862068965517,0.47413793103448276,0.19827586206896552,111.37201688475506,96.91466283395108,92.9345515466453
435,92.72159284277771,121.79329052556827,86.83220928523991,98.12843235650404,True,False,维持,0.5603448275862069,0.3103448275862069,0.12931034482758622,114.75630861894484,92.93928619999978,93.16879024731988
436,88.6870943858123,119.4757722278896,87.95462810150582,102.48774669052557,False,False,维持,0.25862068965517243,0.4396551724137931,0.3017241379310345,101.13826395680536,107.52738948047694,91.06471502858105
437,93.06680163778775,129.4252182927016,85.94760565927427,99.61861134705185,True,False,缓和,0.45689655172413796,0.3706896551724138,0.1724137931034483,104.88254080056463,97.26986554670948,89.57527049919852
438,88.48988495517023,119.2851298919425,87.97863093209133,98.55260200201934,False,False,缓和,0.5431034482758621,0.2413793103448276,0.21551724137931033,112.11177038946495,91.95803665256427,97.3987704864929
439,90.91295077423482,129.0227674171272,89.32024704173482,104.34224995903298,True,False,缓和,0.23275862068965517,0.5,0.2672413793103448,122.68436832320012,96.26370465060154,96.13083301370195
440,84.51961965465655,109.56413371142155,84.29509078150163,96.76551531412412,False,False,缓和,0.5603448275862069,0.3103448275862069,0.12931034482758622,93.9112297375851,93.83798959416586,105.92326081683166
441,90.82822548669823,121.0359375627533,87.18014374155587,97.24105405856771,True,False,缓和,0.5775862068965517,0.3448275862068966,0.07758620689655173,102.48622853402154,97.59110143025104,89.23292714429232
442,86.33181113785898,124.82072270594968,86.33181113785898,100.86357308531898,True,False,缓和,0.3879310344827586,0.4396551724137931,0.1724137931034483,98.26807108373373,106.21092153400612,97.59664012963633
443,88.26990832102521,120.75048131600579,88.06470658842206,99.16599435761658,True,False,维持,0.5431034482758621,0.3275862068965517,0.12931034482758622,107.49591215325175,104.19607178856108,89.92614259002555
444,90.10721829946027,118.54293066213052,88.23428216310236,97.09783191938814,False,False,缓和,0.603448275862069,0.25862068965517243,0.13793103448275862,95.04239319834805,96.66680550404357,94.08022441911106
445,96.51781143132834,128.80554030435167,88.39191266307131,99.15755818911192,True,False,维持,0.4482758620689655,0.41379310344827586,0.13793103448275862,102.09217203663596,92.95943680061207,95.69585894358619
446,89.55188837760463,110.22437496437433,89.22519034725681,95.43488669947996,False,False,维持,0.45689655172413796,0.5,0.04310344827586207,96.15623568786228,91.01574488848769,95.48493949373028
447,104.77458217152608,118.15418334987015,87.28372448188125,95.33236983916612,False,False,维持,0.6810344827586207,0.20689655172413793,0.11206896551724138,93.907837834273,90.9249592680226,90.75173153879933
448,86.68756242131936,128.70987020244945,86.33029106979613,103.73450261732049,True,False,维持,0.31896551724137934,0.4482758620689655,0.23275862068965517,108.39653190048367,105.30097138315841,101.06085633802276
449,99.0909770813675,119.67558631831365,87.80046202621395,97.08292736293653,False,False,升级,0.6724137931034483,0.23275862068965517,0.09482758620689655,96.18075754666181,100.61190282547888,92.35755901173268
450,86.44813603163777,117.95810954243612,86.44813603163777,97.91221251192839,False,False,缓和,0.5172413793103449,0.3620689655172414,0.1206896551724138,108.96829008507355,103.8980328622075,94.59904152465273
451,86.49711865444718,112.04929226449431,86.49711865444718,97.69801739517234,False,False,缓和,0.5258620689655172,0.3879310344827586,0.08620689655172414,97.57005039967017,98.46334888618925,89.61725582299434
452,88.31251417763924,111.26992933772877,88.31251417763924,95.98812036861949,False,False,缓和,0.6810344827586207,0.21551724137931033,0.10344827586206896,91.36110419108074,103.88093266766329,89.65934505998517
453,95.2370405665067,115.30656798253332,88.38796888996659,99.89086147142564,False,False,维持,0.35344827586206895,0.5172413793103449,0.12931034482758622,105.21502219638141,96.89324701106952,94.22979629212503
454,87.65064627996917,118.16510721037024,85.90674885304854,97.85868809743835,False,False,缓和,0.5517241379310345,0.3620689655172414,0.08620689655172414,105.55919460653159,91.30736085482216,100.32634304202836
455,85.84347839787169,114.1925408920052,84.44653051394651,100.03250111958727,False,False,缓和,0.41379310344827586,0.4224137931034483,0.16379310344827586,101.97375612802276,108.80209265862185,93.09684089498465
456,86.04871270784427,122.1694586603617,86.04871270784427,96.59508542958388,True,False,缓和,0.5172413793103449,0.3879310344827586,0.09482758620689655,91.58590831980473,94.90256228382903,96.13671361191892
457,93.49444374615989,128.91051521272743,87.55555935749601,98.62211732370123,True,False,维持,0.5258620689655172,0.3879310344827586,0.08620689655172414,128.91051521272743,93.26058412898789,91.44789477998505
458,96.84894708169728,115.64924280100766,89.41762689843685,100.68367080205283,False,False,升级,0.35344827586206895,0.5344827586206896,0.11206896551724138,108.35167443183113,97.6809559030596,93.53139366281665
459,94.55440093780454,109.43248959920773,86.87090417472139,95.55136083532526,False,False,维持,0.5172413793103449,0.4396551724137931,0.04310344827586207,97.66038152559696,89.77688769246748,91.27459036042566
460,93.2942207560164,113.007232494657,88.5534113340042,98.48602150940323,False,False,缓和,0.3793103448275862,0.5086206896551724,0.11206896551724138,104.26318482413294,102.48886199140689,91.95482793555787
461,88.18776774313751,112.25829535368237,87.08958302933252,97.31617982110708,False,False,缓和,0.46551724137931033,0.4051724137931034,0.12931034482758622,94.46656524909677,104.85733638870757,101.20509186606995
462,92.30687695546057,112.70572487314377,89.16838303456291,98.50255883492669,False,False,维持,0.47413793103448276,0.3879310344827586,0.13793103448275862,93.04533199521775,96.14490695926389,93.02009741768617
463,89.59647625819107,115.26248705285201,87.82751520035934,100.43587970411193,False,False,缓和,0.4051724137931034,0.3879310344827586,0.20689655172413793,106.10313607266131,91.47397882705276,93.14105345293339
464,106.53375917738246,121.837482316517,89.63623032978094,98.46185186907618,True,False,升级,0.5689655172413793,0.25862068965517243,0.1724137931034483,109.6650285587199,93.90699331454478,91.81595047194796
465,88.51635986244463,125.66587021998684,87.27599599897809,99.17541951640278,True,False,缓和,0.5431034482758621,0.27586206896551724,0.1810344827586207,112.9739986068032,95.58326588306291,90.40013139674318
466,89.73251428712861,113.95664848013054,89.73251428712861,99.70590739909822,False,False,缓和,0.3706896551724138,0.5344827586206896,0.09482758620689655,98.62871709696617,98.17242068211876,92.87449992152182
467,89.7739717973237,117.49816907533226,86.52560912969192,94.80436662653644,False,False,维持,0.7758620689655172,0.16379310344827586,0.0603448275862069,95.45416590846389,90.69876084643214,89.8607684462129
468,92.97307953116028,119.07642268050586,89.4598718324171,99.95226840645002,False,False,缓和,0.31896551724137934,0.47413793103448276,0.20689655172413793,98.77007116151974,105.94004863310259,94.61846246289255
469,91.72259482129105,122.41033198326119,88.70309467339246,98.8211971526757,True,False,维持,0.45689655172413796,0.35344827586206895,0.1896551724137931,122.41033198326119,92.94310350211143,89.00054572808007
470,86.55413835522849,116.14502794088953,86.55413835522849,97.91953645109433,False,False,缓和,0.4827586206896552,0.4224137931034483,0.09482758620689655,101.15678957704317,90.98714603782292,91.29721150321738
471,90.29729184848614,110.51993538117097,87.2757434862409,98.79083515711653,False,False,缓和,0.5258620689655172,0.3793103448275862,0.09482758620689655,93.79716211047834,94.60161628367969,105.4126112279639
472,95.15647527015557,115.899571237313,88.0256203275655,100.15551296418097,False,False,缓和,0.3879310344827586,0.4396551724137931,0.1724137931034483,109.85609880796628,106.70219605094194,90.9556505242957
473,97.01589735707961,113.32383118221419,87.56325090769265,98.7380084228795,False,False,维持,0.4051724137931034,0.43103448275862066,0.16379310344827586,100.86899931147764,103.13114266351901,89.49849335382166
474,91.5925979896159,112.5588584930619,89.14322339791447,96.3276625939176,False,False,缓和,0.5344827586206896,0.41379310344827586,0.05172413793103448,102.67695285533357,92.90635968208984,95.69298188321127
475,89.03834133212669,121.19360649636988,89.03834133212669,104.17274423555305,True,False,缓和,0.3275862068965517,0.39655172413793105,0.27586206896551724,115.54866390249956,101.51153521451346,102.62430796026041
476,96.4791717803803,117.10352479959768,89.69187213941895,98.47175670893145,False,False,升级,0.5258620689655172,0.3448275862068966,0.12931034482758622,93.27541798543147,96.9605481196989,97.26253476713843
477,91.17916909213338,122.81427774081783,90.04933014835132,100.48424283828655,True,False,缓和,0.5172413793103449,0.27586206896551724,0.20689655172413793,112.22514051234565,92.7489920705872,110.73889256861524
478,92.69466683385913,116.47650657865488,90.35607476209317,101.17981292738504,False,False,缓和,0.41379310344827586,0.4051724137931034,0.1810344827586207,94.99845470305294,93.27750143620821,95.99189801899063
479,86.43933785969291,112.06288630873048,86.43933785969291,95.61761013338825,False,False,缓和,0.5775862068965517,0.3793103448275862,0.04310344827586207,96.70382555033164,91.88760928060738,97.75780299921581
480,95.04864622731733,117.12971906922826,85.57552934282938,96.61287413656986,False,False,升级,0.7068965517241379,0.1724137931034483,0.1206896551724138,103.24773252733377,90.79003918499096,88.53312143194422
481,87.45911411409152,119.97848392357346,87.45911411409152,101.5542622462361,False,False,缓和,0.43103448275862066,0.3017241379310345,0.2672413793103448,97.02830142261563,101.54518296017979,103.53638138988751
482,89.17650076923731,117.4577011497572,87.57690644026665,99.82069881995457,False,False,维持,0.3017241379310345,0.5517241379310345,0.14655172413793102,103.34680424841,94.66017612918357,94.95849506391733
483,89.43805766140808,115.14347389204517,85.55096129786469,97.42952271421998,False,False,缓和,0.5258620689655172,0.3275862068965517,0.14655172413793102,102.78147636517365,92.89350104009205,93.20724697771732
484,95.37403438892397,123.05071080707744,85.71773536514594,95.34276353502796,True,False,维持,0.7672413793103449,0.13793103448275862,0.09482758620689655,95.59464766052403,92.09076561435276,88.11978448975161
485,90.69915665817118,125.02452209074816,89.21495293485053,98.86813660461942,True,False,缓和,0.6293103448275862,0.20689655172413793,0.16379310344827586,102.91847000013513,93.21306930732496,95.21417510517414
486,92.16040682127365,111.2189809430094,88.96853997301112,97.24157508967623,False,False,升级,0.5172413793103449,0.3448275862068966,0.13793103448275862,100.53102803489303,95.97427743108223,88.96853997301112
487,92.17572523521271,120.85785105709512,88.9594043532229,99.05349338246604,True,False,维持,0.5948275862068966,0.21551724137931033,0.1896551724137931,97.5033537267838,94.74768631240568,111.94887435719656
488,91.84599458719538,115.30616181449973,89.44114323722657,98.1076041650328,False,False,缓和,0.5431034482758621,0.29310344827586204,0.16379310344827586,108.54128359696941,93.43210322683349,96.7936710614105
489,95.17450546919976,121.52336065505357,89.40481724662855,97.26240847513766,True,False,维持,0.6982758620689655,0.21551724137931033,0.08620689655172414,97.02754333565946,92.17138500001502,91.21453643293214
490,87.35006099702541,109.96644272471526,87.35006099702541,96.63970318268913,False,False,缓和,0.603448275862069,0.27586206896551724,0.1206896551724138,97.82378780370401,92.80927182064617,89.44436830122916
491,92.8294076829339,125.12098020745883,87.21681295406857,99.09094176811365,True,False,维持,0.4827586206896552,0.3793103448275862,0.13793103448275862,108.33171484559733,100.13343436608152,92.7906825371144
492,86.65279390839437,126.4315440627179,86.65279390839437,97.2812965874385,True,False,缓和,0.6293103448275862,0.27586206896551724,0.09482758620689655,95.61152961758627,97.23168720228902,90.83690505615617
493,85.35090741445691,121.03309344631236,85.35090741445691,100.20528378905658,True,False,缓和,0.39655172413793105,0.41379310344827586,0.1896551724137931,94.30412156667464,104.13661854591753,89.24478177894537
494,84.7051223028535,118.13290066540249,84.36465516564569,98.113217157935,False,False,缓和,0.46551724137931033,0.43103448275862066,0.10344827586206896,108.34246034001026,92.85700400857121,89.99174019872282
495,88.78286599876117,118.14600598074638,88.78286599876117,100.3122083772416,False,False,缓和,0.4396551724137931,0.3706896551724138,0.1896551724137931,102.209094957354,98.56959376184793,105.27500724165026
496,94.804878581686,109.71948402914627,89.37862051576377,97.09059791045863,False,False,维持,0.6293103448275862,0.21551724137931033,0.15517241379310345,94.31076480693177,105.98492461140695,91.45415705463142
497,88.69477514965345,113.72814759508806,86.8530170686855,99.7775962226009,False,False,缓和,0.39655172413793105,0.5258620689655172,0.07758620689655173,105.76484479460072,100.71809528491109,93.10273500905048
498,90.99741946707087,112.14755746961195,89.2755793966538,99.75703830847826,False,False,维持,0.35344827586206895,0.4482758620689655,0.19827586206896552,94.026029165913,108.27683945292071,103.89501030255782
499,98.74513406340688,127.71804955985489,86.94274093259894,105.26524958794101,True,False,升级,0.1724137931034483,0.47413793103448276,0.35344827586206895,102.1520996753764,114.4101851799816,97.6508604478063
500,95.80418010942125,122.27387020852515,88.56373328257426,100.30010351928675,True,False,升级,0.33620689655172414,0.5258620689655172,0.13793103448275862,113.20349422597216,93.03433056529245,98.46803658002284
501,88.45017115632842,116.65460369864613,86.80731618164889,101.49138876117168,False,False,维持,0.49137931034482757,0.27586206896551724,0.23275862068965517,115.9433907997811,95.9711877796669,102.85632592993812
502,87.89229682496129,129.64019289275024,84.95519560964122,98.97342420325245,True,False,缓和,0.6551724137931034,0.1810344827586207,0.16379310344827586,122.01269128401158,92.84376019283206,89.59764168387261
503,90.75986967022786,108.55970988567563,89.4775059338422,96.23737819368242,False,False,缓和,0.5344827586206896,0.39655172413793105,0.06896551724137931,106.25953313054497,96.36235159395008,93.99122016838632
504,93.8162690569433,113.7066555504145,90.36393681006378,99.55665889987107,False,False,缓和,0.5172413793103449,0.25862068965517243,0.22413793103448276,103.60532977848958,107.10481768415772,96.33509226523222
505,89.45312533011122,116.64512546579276,89.08691208171884,101.22557729814423,False,False,维持,0.3017241379310345,0.5344827586206896,0.16379310344827586,101.02111224521674,101.62047771818412,94.83589018554183
506,86.5823835988131,111.11554531364638,84.88514879552577,95.00985714733496,False,False,缓和,0.7413793103448276,0.21551724137931033,0.04310344827586207,95.5838368600857,95.9987570088016,91.0313110861265
507,86.80942003070736,126.27254189233894,86.09332707636024,100.21814547720132,True,False,缓和,0.49137931034482757,0.33620689655172414,0.1724137931034483,99.70093384533564,104.07119990111376,100.82971286349455
508,91.14197669469362,117.55780900801098,87.8059850596555,99.31721420086143,False,False,维持,0.46551724137931033,0.35344827586206895,0.1810344827586207,104.66893735117439,95.47813683860139,116.47809955757201
509,88.50992066243228,128.70270848236186,85.68039674980973,99.23289463138556,True,False,缓和,0.46551724137931033,0.3793103448275862,0.15517241379310345,104.96875400713037,88.97222298211886,99.65950652366648
510,90.67334656110646,114.78541581298761,84.92364088487982,95.72975027398637,False,False,缓和,0.6724137931034483,0.3017241379310345,0.02586206896551724,110.80507025850812,91.52550205108204,89.31638388770317
511,91.1824576305185,112.85404547974078,85.72314332423903,98.71053007744861,False,False,缓和,0.5172413793103449,0.3103448275862069,0.1724137931034483,104.13850342101077,95.14672446030056,104.59150353490543
512,88.21906797481923,113.34423782334187,87.57008020098058,96.15923800906833,False,False,缓和,0.5603448275862069,0.4224137931034483,0.017241379310344827,101.86187968561549,97.97143602886561,94.26425539923467
513,89.3071102535542,113.30742070649482,86.89270728631764,95.3185785089311,False,False,维持,0.603448275862069,0.3275862068965517,0.06896551724137931,94.05223125760588,96.80926117994115,93.7905479168576
514,101.81070143072063,122.80076404892498,88.50607485582344,101.63548001992754,True,False,缓和,0.43103448275862066,0.3103448275862069,0.25862068965517243,97.10512046086177,93.2396672230942,96.50061172656052
515,99.54105185638936,128.04664095974263,86.07306849946622,100.50542740351241,True,False,升级,0.46551724137931033,0.3706896551724138,0.16379310344827586,101.36650213719815,96.2753082068553,96.07831146036555
516,87.84905265503666,108.47687936616192,86.43408723857486,96.84339019236106,False,False,缓和,0.603448275862069,0.33620689655172414,0.0603448275862069,99.22811024159806,97.36417028126992,102.58714186831259
517,87.5280299620458,122.53080009462931,86.26681668794092,101.25734841309436,True,False,缓和,0.39655172413793105,0.3879310344827586,0.21551724137931033,103.05871945035058,95.99622349968081,94.60211758796719
518,106.73463426234996,118.81733941749253,89.25811218682219,101.50118511060823,False,False,升级,0.3793103448275862,0.33620689655172414,0.28448275862068967,103.25336092524839,95.89608049615322,101.146362625405
519,87.28261450775715,111.36110853343637,86.8075994429537,96.06320822844461,False,False,缓和,0.5517241379310345,0.4051724137931034,0.04310344827586207,96.8692439545416,95.17733243319955,89.77747714407893
520,90.15370283620652,120.58367848797727,87.01622844821591,97.24983804044268,True,False,维持,0.47413793103448276,0.45689655172413796,0.06896551724137931,104.03772780919455,99.30424506314111,92.46933735426339
521,91.1338179797507,113.14803525940255,84.27234199208864,96.78761759361677,False,False,维持,0.5603448275862069,0.33620689655172414,0.10344827586206896,95.79807892520367,97.03747701532704,104.88526454000555
522,85.26505631680934,118.10549517266108,85.26505631680934,99.37398367870321,False,False,缓和,0.45689655172413796,0.35344827586206895,0.1896551724137931,107.97837984229034,101.30869706539703,88.94798826004968
523,87.7980278328629,117.54648850554038,84.42181053387696,98.67463290157667,False,False,升级,0.4482758620689655,0.41379310344827586,0.13793103448275862,96.09947548760991,94.65747801047388,101.73842272707732
524,95.06601619954468,111.80484372308696,86.68390892308098,94.61945159686039,False,False,升级,0.7155172413793104,0.2413793103448276,0.04310344827586207,94.13850802082852,93.06273272588054,88.70295209697457
525,88.42631124629906,121.44266568997587,86.81843150903285,97.61421073260007,True,False,缓和,0.4827586206896552,0.4396551724137931,0.07758620689655173,98.9134691274525,95.84342593081917,95.09588660720028
526,86.02340637649459,109.6647368331516,86.02340637649459,96.38110818379555,False,False,缓和,0.5344827586206896,0.35344827586206895,0.11206896551724138,94.02273466897356,94.1638420330594,100.07127466585618
527,90.01347789158551,110.92939551632763,90.01347789158551,100.45513565921435,False,False,缓和,0.47413793103448276,0.2672413793103448,0.25862068965517243,95.91996151127981,93.45394192029234,107.60116748065651
528,87.2825767846616,114.73521254110226,85.24283723792198,99.02653143181551,False,False,缓和,0.4827586206896552,0.43103448275862066,0.08620689655172414,114.73521254110226,97.06111107761669,91.09739722429822
529,85.65323079066435,119.79193115471872,85.64955869560218,98.59611475458962,False,False,缓和,0.35344827586206895,0.5775862068965517,0.06896551724137931,98.69957500087494,95.98154990300617,90.98918212388355
530,86.12423832059893,125.72448475776064,86.12423832059893,99.97107658046141,True,False,缓和,0.5258620689655172,0.23275862068965517,0.2413793103448276,113.63006894548491,92.16383701969468,109.67015155646158
531,93.96573600371481,121.59325057255924,88.07033410565153,99.58634599000077,True,False,升级,0.46551724137931033,0.3448275862068966,0.1896551724137931,96.77590874452125,94.68489616053078,93.30782519415146
532,98.1191301949817,120.56680438476529,87.61269832838104,99.65010371874892,True,False,维持,0.4827586206896552,0.31896551724137934,0.19827586206896552,94.45091542563723,92.03850484548593,94.94012075839876
533,93.24305048020884,120.64675170725614,86.07316559525356,100.66193691685824,True,False,缓和,0.35344827586206895,0.45689655172413796,0.1896551724137931,108.92373064781647,103.18476696513841,86.63867605900518
534,91.61759824357473,116.36716045523012,85.80663943362549,97.74405040061326,False,False,维持,0.5948275862068966,0.31896551724137934,0.08620689655172414,103.69707580929422,98.73317111185773,92.61493097586816
535,92.71660550024814,127.98417113484285,85.11880765226886,99.24256528716673,True,False,升级,0.41379310344827586,0.4482758620689655,0.13793103448275862,111.76658962252534,95.57362151648553,87.97376226693254
536,86.92293570462539,113.17948160412392,83.85565658561305,99.43216946174022,False,False,缓和,0.5517241379310345,0.31896551724137934,0.12931034482758622,106.52042072983856,98.05397756994071,87.72975619108271
537,94.0375518338278,109.79323942223445,90.9398641230207,98.31733293037024,False,False,升级,0.4396551724137931,0.4224137931034483,0.13793103448275862,95.77964885913075,102.88176224368942,93.28055287445723
538,87.24398282289937,113.69252046009153,86.12227836578549,97.18075013233465,False,False,缓和,0.47413793103448276,0.5,0.02586206896551724,101.67389863144842,95.70851648567546,86.53400835249398
539,85.85359929345853,126.23184925671337,84.69543049832902,96.84618391934069,True,False,缓和,0.6982758620689655,0.1810344827586207,0.1206896551724138,108.47971620743577,94.06079786702175,96.20131351273106
540,85.26916083127831,114.61295190248237,84.72088253244027,100.20434035303738,False,False,缓和,0.39655172413793105,0.4482758620689655,0.15517241379310345,101.71643065479888,101.47524570378778,111.84650131709508
541,88.31902484428983,126.12910575758355,87.82910506480965,101.99219533608397,True,False,缓和,0.3793103448275862,0.45689655172413796,0.16379310344827586,99.18773957350663,98.12425940394334,91.12749570341819
542,90.19223479392328,111.37496372017192,86.7474842368901,98.45105201117788,False,False,升级,0.4482758620689655,0.41379310344827586,0.13793103448275862,104.15457420384777,94.9642096544063,92.02331329692949
543,87.09493093291452,116.09426593044361,86.84664284304338,100.1327799491548,False,False,缓和,0.43103448275862066,0.41379310344827586,0.15517241379310345,100.17139044866403,108.27527212513513,101.49195137946003
544,90.01437510917002,110.02667046565853,89.4544443811745,98.18525866097534,False,False,维持,0.4224137931034483,0.46551724137931033,0.11206896551724138,103.3020077996763,97.6036571004686,101.13984410036976
545,92.37355624537304,115.95282774188523,89.91108897556008,96.86919325847062,False,False,缓和,0.5344827586206896,0.3620689655172414,0.10344827586206896,91.36645525684986,99.24562183337538,95.40013177491932
546,91.61457270980199,114.94991392849975,88.58429788848372,97.77748099323938,False,False,缓和,0.5431034482758621,0.3706896551724138,0.08620689655172414,98.83642296877477,92.26489390801449,92.48424811963164
547,87.1765732042375,113.14771289518642,87.06415803051887,94.88304807443386,False,False,缓和,0.6810344827586207,0.28448275862068967,0.034482758620689655,105.35657281831912,97.56013561226244,88.27668717374571
548,101.0741361418824,117.08742335200434,86.61213816554135,97.64141653045623,False,False,升级,0.5344827586206896,0.35344827586206895,0.11206896551724138,108.72437339027465,91.78806030611553,87.75031012841013
549,98.70709635196411,117.69415265555911,89.79429183152534,100.83517119266257,False,False,维持,0.4482758620689655,0.3620689655172414,0.1896551724137931,108.5357557312731,94.7108613244688,91.20299998584336
550,93.86037892843997,121.22021889761234,90.1322228618829,101.24740296179698,True,False,缓和,0.33620689655172414,0.41379310344827586,0.25,109.81491892638005,101.33731803649498,93.60562295552609
551,91.6721490629721,110.52576890862346,84.57129281633732,95.61178925571512,False,False,缓和,0.6982758620689655,0.20689655172413793,0.09482758620689655,96.1056030996061,94.64598676328416,88.88347972892859
552,90.0427211036038,109.42382262453043,87.64842647374172,96.24287533443942,False,False,升级,0.5344827586206896,0.3448275862068966,0.1206896551724138,99.57188241697668,94.96378690427339,104.62250965709809
553,91.75731524413803,120.53366796350824,85.6671490259588,97.28617724249885,True,False,维持,0.5948275862068966,0.29310344827586204,0.11206896551724138,97.11710872974706,104.09766562600507,89.66793457641387
554,86.7765801975225,112.96763449244563,83.3601703553959,97.89332877384437,False,False,缓和,0.603448275862069,0.25862068965517243,0.13793103448275862,110.90294184820912,93.36194303687907,90.3259706763546
555,88.31838281690291,110.33255051664155,88.31838281690291,96.44467495034854,False,False,缓和,0.6896551724137931,0.1896551724137931,0.1206896551724138,97.97463945384841,93.87341977871068,91.02778229385744
556,88.16463520859841,111.93763398959409,83.34018107792014,97.05565850311304,False,False,缓和,0.6379310344827587,0.31896551724137934,0.04310344827586207,99.77987523542764,103.65629324765771,95.67821560467922
557,87.44695943854788,120.26459307467283,86.01069207688062,97.52378379689299,True,False,维持,0.5172413793103449,0.4051724137931034,0.07758620689655173,120.26459307467283,101.43587199818202,86.84419744878043
558,95.12463921822247,112.25915420035675,87.64102491979175,96.1141468282287,False,False,维持,0.5517241379310345,0.33620689655172414,0.11206896551724138,95.29102057057182,102.47969922600315,90.26746796232524
559,83.80739414036758,114.68415568100882,83.80739414036758,98.46404406308967,False,False,缓和,0.5431034482758621,0.29310344827586204,0.16379310344827586,114.68415568100882,105.20665309660033,92.72864248741446
560,100.5013717968439,117.6253325234118,87.91659662825855,100.4468360551322,False,False,维持,0.3879310344827586,0.46551724137931033,0.14655172413793102,107.34478976545336,96.51716011330448,95.93123816171543
561,87.42034436776764,116.18421068962431,86.89677412177448,97.7106991253913,False,False,维持,0.5603448275862069,0.3017241379310345,0.13793103448275862,101.72029868137723,96.33610442977049,89.83617732663222
562,87.92391869414722,117.67354192267915,86.40114044423359,99.78557518297004,False,False,维持,0.3879310344827586,0.45689655172413796,0.15517241379310345,101.12060378575156,110.09149553217807,90.36778775176151
563,99.58845649723986,118.64982479997649,87.46873487018901,97.60672940458936,False,False,维持,0.5689655172413793,0.28448275862068967,0.14655172413793102,112.54417550889627,94.08238164116786,91.29203010110373
564,95.52676891067982,116.0047390244352,84.94902127991001,99.08841706550328,False,False,升级,0.5603448275862069,0.2672413793103448,0.1724137931034483,113.19163318523658,107.43418123152186,89.29915654159595
565,88.9759819544004,110.49908787407296,84.78222894937505,94.85211493754166,False,False,缓和,0.7155172413793104,0.2413793103448276,0.04310344827586207,95.86528159920881,95.08795691576714,91.43946278714866
566,90.10910137542697,111.7624444955723,86.90409952746452,96.12478732114792,False,False,维持,0.6724137931034483,0.2413793103448276,0.08620689655172414,92.40949528138847,94.93984518244594,88.06522897599919
567,88.92577896214054,117.08052655674936,88.62273952538554,99.60112453315524,False,False,缓和,0.5775862068965517,0.25862068965517243,0.16379310344827586,95.59410098722303,92.90363860483353,103.7726352889607
568,88.45773801927736,112.69711573541306,87.11575289104977,97.87973435204934,False,False,缓和,0.4482758620689655,0.47413793103448276,0.07758620689655173,104.04867215891385,94.24225873370568,97.24688445015248
569,89.52082332534768,109.63084727198952,87.83853722360665,95.49839870816564,False,False,缓和,0.603448275862069,0.31896551724137934,0.07758620689655173,98.2663292111084,99.00623858255571,94.54278168277904
570,86.75637663052068,109.91806579482349,85.90354645905599,96.40205841062117,False,False,缓和,0.5344827586206896,0.3879310344827586,0.07758620689655173,103.40255426253522,94.93578562744241,97.52734150541298
571,93.34377976616466,115.03030864801072,86.5245137804707,99.69878991557773,False,False,升级,0.46551724137931033,0.3793103448275862,0.15517241379310345,102.66676927842661,96.01595914350055,100.62371597184894
572,90.50543864023935,125.84139442689154,85.89350627583485,103.14869874343927,True,False,缓和,0.29310344827586204,0.4051724137931034,0.3017241379310345,116.65133493609278,96.92848551972645,92.77066162528338
573,87.61550640924874,123.62258037256896,87.61550640924874,99.46651648404169,True,False,缓和,0.5431034482758621,0.27586206896551724,0.1810344827586207,106.42565823022593,92.79098135376411,108.98556537260102
574,96.46531773455246,112.12905115580136,90.53727218721777,100.20946818697817,False,False,维持,0.43103448275862066,0.39655172413793105,0.1724137931034483,104.06000232086822,90.88525608824625,96.08433688944291
575,87.00348858688243,126.78192398413937,87.00348858688243,99.0481084960592,True,False,缓和,0.45689655172413796,0.3879310344827586,0.15517241379310345,94.67274239159028,97.13696973726263,94.30213938929941
576,96.38751269980474,108.63918376999986,89.1275869501472,94.9398166067407,False,False,升级,0.5948275862068966,0.3448275862068966,0.0603448275862069,103.14724308199129,90.71460877691912,96.81780509036112
577,101.94989777532776,130.8721257900102,87.80181806395022,100.48607490981065,True,True,升级,0.43103448275862066,0.39655172413793105,0.1724137931034483,130.8721257900102,93.4826883472555,91.72261702847248
578,93.27667384751803,119.07605456357338,87.35793996355774,98.3090610237265,False,False,升级,0.5689655172413793,0.2672413793103448,0.16379310344827586,97.14842425877896,97.39220513627433,102.73509467545502
579,95.01643059391925,132.70561602877706,91.17565848902083,103.93667056682884,True,True,维持,0.25862068965517243,0.47413793103448276,0.2672413793103448,105.4145352008825,101.15664511539933,95.14095800707958
580,106.02338470899889,110.45962895426378,87.30699731779578,96.62396045461773,False,False,升级,0.5344827586206896,0.35344827586206895,0.11206896551724138,105.4009106915228,100.80524765417029,92.46710232001278
581,98.7278407857903,113.17142296166305,87.89660512010423,98.0427867967729,False,False,维持,0.47413793103448276,0.39655172413793105,0.12931034482758622,100.63930835513594,102.3728606217926,88.94385202554312
582,99.69648196979385,116.19150157592237,87.59040742119787,97.76791782750142,False,False,升级,0.5431034482758621,0.3620689655172414,0.09482758620689655,102.27327034652411,98.6734014399186,89.44282687893788
583,91.7632341970615,121.45849575262135,91.7632341970615,99.79615057074021,True,False,维持,0.39655172413793105,0.45689655172413796,0.14655172413793102,104.49802008537245,95.73901991697879,103.42144763290976
584,99.54020071771002,110.67857692089765,87.59807530825856,96.2846302336214,False,False,维持,0.5344827586206896,0.3879310344827586,0.07758620689655173,105.01249169673328,94.5908773655284,92.91025740666181
585,85.39247281890457,113.40279796994923,85.39247281890457,96.87663771598494,False,False,缓和,0.5258620689655172,0.41379310344827586,0.0603448275862069,97.97604961165251,98.59400610895993,91.88901553879171
586,87.50900940463973,120.61200017162236,87.46762991635225,98.93675596644731,True,False,缓和,0.5862068965517241,0.2413793103448276,0.1724137931034483,99.57118522057074,101.37943122311759,89.48520768363639
587,97.23160487357052,113.76350437218115,87.27325746406237,96.31927279832246,False,False,维持,0.5948275862068966,0.3103448275862069,0.09482758620689655,103.0064051036343,102.09168559923855,94.34726769894735
588,90.16289325654917,112.11892304589206,85.2195723701686,93.45703823479141,False,False,维持,0.7844827586206896,0.16379310344827586,0.05172413793103448,91.49103161116345,92.37644528142621,92.67781930063882
589,98.26346466582044,109.03884961681712,88.92317382496589,96.32612994755317,False,False,升级,0.5517241379310345,0.31896551724137934,0.12931034482758622,97.14074042239612,100.1381411246561,104.3730416459046
590,92.21710794108144,121.96378277928716,85.70666077431933,97.69646928416446,True,False,升级,0.603448275862069,0.3448275862068966,0.05172413793103448,108.34463405269354,94.17327218915385,90.16674484865146
591,103.76178857011162,130.08795606607205,87.92891367526225,101.26003514642757,True,True,维持,0.4224137931034483,0.35344827586206895,0.22413793103448276,115.65574923763441,104.53032086849866,94.07988478050851
592,87.513835922233,128.5933245840966,86.71699918229793,102.24110975547178,True,False,缓和,0.45689655172413796,0.3017241379310345,0.2413793103448276,117.94256980746695,106.6528138981222,99.51729332060526
593,88.17870186015111,116.04147764517526,86.90553888722366,98.55344831660861,False,False,缓和,0.3706896551724138,0.5862068965517241,0.04310344827586207,97.2500984457918,103.88874526042669,90.892683501412
594,89.74695756671275,126.01822361234228,89.49995775937194,98.45827456008318,True,False,缓和,0.47413793103448276,0.3879310344827586,0.13793103448275862,92.9569541167585,99.08920758403664,93.25040965797696
595,88.21367254813163,127.17017763868921,88.21367254813163,101.42760784786712,True,False,缓和,0.3706896551724138,0.43103448275862066,0.19827586206896552,98.84838043225918,100.03337005416758,92.59447810021828
596,92.29861192282661,111.3850174496188,88.99643474160229,96.90443619540635,False,False,维持,0.45689655172413796,0.46551724137931033,0.07758620689655173,101.1074404568812,89.35397910908334,98.73153476140627
597,89.65917942643648,113.85858774563253,89.65917942643648,98.69120099310356,False,False,缓和,0.5172413793103449,0.29310344827586204,0.1896551724137931,98.65770814764068,99.5716405312952,95.40745565432275
598,95.7918169674542,118.28341109413485,87.15008061460668,97.88178065349241,False,False,缓和,0.6379310344827587,0.1724137931034483,0.1896551724137931,94.89575752311337,98.43519066564997,87.15008061460668
599,85.59720584404356,113.47241968826742,85.59720584404356,99.23494819572736,False,False,缓和,0.49137931034482757,0.3879310344827586,0.1206896551724138,93.91209908759974,106.66232831491077,99.62837364038835
600,98.96436474883191,122.30503406113776,87.50285130477288,100.12952559578378,True,False,维持,0.35344827586206895,0.4482758620689655,0.19827586206896552,106.76024680454267,100.57185574422978,94.92079266081836
601,89.68216927501435,122.84521038572596,85.7279636714444,102.37937640782111,True,False,维持,0.41379310344827586,0.28448275862068967,0.3017241379310345,112.29240193373371,105.69969489871153,87.806842370105
602,88.66583900788157,115.33874523647788,86.51888696432466,97.61173549639847,False,False,维持,0.6120689655172413,0.2672413793103448,0.1206896551724138,101.76906842760755,101.35544475899344,90.378591162481
603,93.11152074511746,107.8617520817312,85.1105046422836,95.01557263898539,False,False,升级,0.7155172413793104,0.1810344827586207,0.10344827586206896,98.3226732220095,91.03715820753743,92.84266917790853
604,93.47269182637646,124.15767441776515,89.54352160418568,100.58354996086719,True,False,缓和,0.29310344827586204,0.5689655172413793,0.13793103448275862,110.54143101345883,91.66331389270094,92.46450550090697
605,90.44782956319192,110.7095052383377,89.04096989162217,97.83969088404709,False,False,缓和,0.4396551724137931,0.46551724137931033,0.09482758620689655,94.22168880259163,98.20406154809893,90.54041347341854
606,95.10903762278835,112.4190417651521,90.72611600568334,97.87486637811135,False,False,维持,0.5,0.3620689655172414,0.13793103448275862,97.0555729961905,91.75425040614661,95.32918351103812
607,96.08237533277367,125.74113166221404,87.65570799788985,104.09133093802504,True,False,升级,0.2672413793103448,0.4396551724137931,0.29310344827586204,103.8063109293182,114.39199358743228,108.31262399473482
608,94.55265650426993,120.24117460671917,88.8953863447083,102.64533870832472,True,False,升级,0.31896551724137934,0.3879310344827586,0.29310344827586204,100.71170774472738,105.83515121644817,94.36266344181034
609,93.14486841188706,113.51041493710404,88.70355328910752,98.06000609007835,False,False,维持,0.4396551724137931,0.39655172413793105,0.16379310344827586,100.33151639833483,90.84388091562973,92.36139593610966
610,87.99034787125228,108.97402508502972,86.33593137643321,96.6246096737303,False,False,缓和,0.6982758620689655,0.19827586206896552,0.10344827586206896,101.46863618622947,96.5114475597144,95.55466244276502
611,88.02272415859967,116.39409388856353,86.12769234720885,97.10102332904476,False,False,缓和,0.5258620689655172,0.41379310344827586,0.0603448275862069,112.19302543049584,99.72812815041725,87.8393963769516
612,88.07055961170633,117.31042035563122,88.07055961170633,100.43365183019827,False,False,缓和,0.5172413793103449,0.29310344827586204,0.1896551724137931,114.30108278970344,101.10207482631135,102.37883554456575
613,88.81723953290428,113.33489670155481,88.13883824358612,97.7756485864922,False,False,缓和,0.49137931034482757,0.4224137931034483,0.08620689655172414,95.27456608301729,88.53580944854092,90.20007970226767
614,86.38552232135794,125.25203877616856,86.26013513948429,100.83893685661167,True,False,缓和,0.5086206896551724,0.3103448275862069,0.1810344827586207,109.1920013748799,94.79995743182397,92.34184255984485
615,88.0221478115401,114.9745429963477,87.80742906133501,100.0106549388068,False,False,维持,0.45689655172413796,0.3706896551724138,0.1724137931034483,102.583650455412,92.92002402307509,96.29043995754883
616,86.36709181170956,118.1771148144218,83.34882817270542,99.1264608549857,False,False,维持,0.3017241379310345,0.603448275862069,0.09482758620689655,97.57006050616053,96.30834374070115,96.89338355053641
617,85.87686187863125,114.04433332933286,85.87686187863125,97.4212250019104,False,False,缓和,0.5689655172413793,0.3448275862068966,0.08620689655172414,113.03635816632735,101.88959418691519,91.59743278046143
618,88.99795098233986,117.89794557715707,85.48186865474801,97.75738138673401,False,False,缓和,0.6293103448275862,0.27586206896551724,0.09482758620689655,106.07668813433804,97.45358279220278,90.80900402586009
619,100.9529295485783,121.43328162295961,85.34626557343975,98.92830135009474,True,False,缓和,0.5689655172413793,0.22413793103448276,0.20689655172413793,114.10081747575867,87.68844907642416,91.05605485621606
620,96.27429446715621,113.34308145269377,88.37342764359154,96.33538348476856,False,False,维持,0.5172413793103449,0.35344827586206895,0.12931034482758622,96.82654024893834,96.8106398357552,98.367383737651
621,89.67208755656742,110.67021878746297,89.18272249692697,98.1905377778925,False,False,缓和,0.3706896551724138,0.5517241379310345,0.07758620689655173,106.82416056619472,101.03183131030572,93.37872004040949
622,92.6154150365788,129.2168409034204,87.8507890525119,102.09048141155198,True,False,缓和,0.4396551724137931,0.33620689655172414,0.22413793103448276,113.07002215389068,95.05111729772577,94.00846302391223
623,89.91450988937146,116.78491420210189,88.28484910500372,97.36780071608835,False,False,缓和,0.4827586206896552,0.43103448275862066,0.08620689655172414,95.95432170638624,115.04444126673076,95.80034918272588
624,88.94081139180015,131.73321027747804,85.08644044573724,99.78465024446054,True,True,维持,0.5172413793103449,0.29310344827586204,0.1896551724137931,118.43184827058339,95.85696911615129,92.49711864180016
625,86.11524728089974,116.2477215125306,84.87463571890974,99.47903602943678,False,False,缓和,0.47413793103448276,0.33620689655172414,0.1896551724137931,106.70932117068445,94.88134997217243,90.89676708401375
626,96.11213346840871,112.50875673228732,87.90471124972333,98.34784422227709,False,False,升级,0.5689655172413793,0.3017241379310345,0.12931034482758622,108.27575622560613,100.86072091523059,91.0742918728466
627,98.9786302135427,120.94665439414801,88.5277125205571,98.94224572855678,True,False,维持,0.5603448275862069,0.3017241379310345,0.13793103448275862,109.92488478632045,93.71648634734501,109.77844145017052
628,94.86756015443757,111.74796995797891,86.67106307364011,97.01030074535643,False,False,维持,0.5603448275862069,0.3275862068965517,0.11206896551724138,100.3363091289809,102.03543825985938,90.93098638254376
629,88.26060352749275,109.85187896411277,87.19098418789474,97.10170027911626,False,False,缓和,0.5517241379310345,0.3793103448275862,0.06896551724137931,95.12557500712607,99.46043649597388,97.00143207272869
630,94.51621090538193,122.44071565667329,86.04749658973543,101.4322000894211,True,False,升级,0.3103448275862069,0.5172413793103449,0.1724137931034483,109.9506541733421,104.3263025244026,89.91488008611422
631,90.31642538334575,109.08938441524293,88.01317367015105,96.1477502867286,False,False,缓和,0.6637931034482759,0.25,0.08620689655172414,97.43153167510101,107.55301619016328,92.53904943189389
632,93.32787104682127,109.39662841402838,84.92859781796382,96.53281895522781,False,False,维持,0.49137931034482757,0.4396551724137931,0.06896551724137931,101.72888946239706,98.78384547735347,94.01610289213416
633,88.65811835590978,109.74909128574198,88.65811835590978,98.71075802719628,False,False,缓和,0.29310344827586204,0.5862068965517241,0.1206896551724138,104.07227047414533,98.48022519660954,95.92210011561752
634,88.98675758510225,124.08280849766902,87.44568920317992,98.33519991525121,True,False,维持,0.47413793103448276,0.41379310344827586,0.11206896551724138,107.28799846466045,93.25607409351593,95.16818155102837
635,88.70739028040002,111.78751857633017,88.6599042736256,99.26408279185736,False,False,缓和,0.5172413793103449,0.22413793103448276,0.25862068965517243,94.79618407186412,90.17502512902068,104.07155998057493
636,86.88504481534342,130.46045243294435,85.5860498735665,103.03955381903246,True,True,缓和,0.3793103448275862,0.31896551724137934,0.3017241379310345,113.62623137992892,94.94116155451701,94.86599622071583
637,88.13093278839125,111.75574236665818,87.93787823345541,96.12892285808618,False,False,缓和,0.6120689655172413,0.33620689655172414,0.05172413793103448,92.88831150793966,94.90995064756592,95.6088715996411
638,90.6413000320238,118.04799087740041,85.95136671657934,98.79168706661982,False,False,缓和,0.5086206896551724,0.3103448275862069,0.1810344827586207,106.60615331626613,98.20042009333504,103.14785041361411
639,86.02870283518953,118.67938217696678,85.82000359636945,96.11268868196822,False,False,缓和,0.6982758620689655,0.23275862068965517,0.06896551724137931,98.53026908423952,97.76432996065753,92.20989951026839
640,104.54708696598603,119.86113078150638,87.7634939714572,100.59149795798335,False,False,维持,0.39655172413793105,0.45689655172413796,0.14655172413793102,114.04034620423667,95.67866102384794,94.7168163508675
641,94.82144345815719,115.65610183476296,89.95253365461035,99.08826031813084,False,False,缓和,0.39655172413793105,0.45689655172413796,0.14655172413793102,100.88862439322922,98.79831665013852,91.18339450294908
642,97.12377363624219,113.78316877759804,84.6556280600414,101.28621642154448,False,False,维持,0.31896551724137934,0.5172413793103449,0.16379310344827586,106.33164425647007,98.58802050531712,101.88470631350997
643,88.69755396444101,108.76565318069669,86.44474963746525,94.7500602897256,False,False,缓和,0.7672413793103449,0.12931034482758622,0.10344827586206896,95.2165123275494,91.73331366826974,87.8749730991174
644,86.2441610512219,107.28752063857867,85.66655235211475,94.64918029101668,False,False,缓和,0.6724137931034483,0.31896551724137934,0.008620689655172414,102.92529277499447,94.31910255444387,89.1295389353671
645,89.15994991300923,112.96810355377865,87.85350634904525,97.55051068285844,False,False,缓和,0.603448275862069,0.22413793103448276,0.1724137931034483,95.16749816614607,98.34147988616398,96.90024059324347
646,96.86112518867793,125.21948624645299,90.22112530287892,102.18226774111741,True,False,维持,0.3017241379310345,0.5344827586206896,0.16379310344827586,110.57585253180113,95.67890642801592,96.4542453171478
647,88.11740831812234,116.22799769281991,84.92543303972141,97.83937004656784,False,False,缓和,0.5,0.3448275862068966,0.15517241379310345,92.48916715169224,105.48703350126388,93.68630696805144
648,89.29813079232339,118.42360362888454,86.64842435586527,101.34306375155533,False,False,维持,0.31896551724137934,0.5086206896551724,0.1724137931034483,104.46812854804632,98.33659344395785,99.08297040448608
649,89.33983869278894,130.43944489284337,89.26923253402043,102.97574874867009,True,True,维持,0.39655172413793105,0.28448275862068967,0.31896551724137934,105.61689130922262,99.39108987639335,96.80541472859632
650,88.85438087890094,115.01231518962727,86.7210651410774,97.65952307098637,False,False,缓和,0.5344827586206896,0.25862068965517243,0.20689655172413793,91.23687786384907,100.55162947976078,105.59020838803154
651,98.16019255233584,125.70740937415016,87.61557579702122,98.83241628293077,True,False,升级,0.5775862068965517,0.25862068965517243,0.16379310344827586,103.16001522878838,92.96781919225815,89.17944167080911
652,88.30219101533156,110.31835680142936,87.44938971404656,95.64871265713637,False,False,缓和,0.5689655172413793,0.41379310344827586,0.017241379310344827,98.18563846803812,99.63676091760048,92.43719436984694
653,89.61360752250692,117.63662787377432,87.19607034439412,100.04812082449843,False,False,维持,0.4396551724137931,0.3793103448275862,0.1810344827586207,93.02426469013379,101.8323812240702,108.45752067715878
654,86.39737602987093,125.62320557827552,86.39737602987093,97.24125229190366,True,False,缓和,0.5603448275862069,0.3448275862068966,0.09482758620689655,98.13195175795988,92.92572865485914,93.09137480267329
655,100.32669755960794,127.27592177421465,91.10972524948825,102.54273485967795,True,False,升级,0.3103448275862069,0.45689655172413796,0.23275862068965517,101.34938937450926,96.2204249405736,106.45074978118981
656,90.77726678772355,119.35204808220755,88.75044596802205,100.52896652714907,False,False,维持,0.5,0.22413793103448276,0.27586206896551724,114.01653137490848,98.04990729134958,98.06042865469578
657,91.05470536336864,110.44024220180553,87.4327844140714,97.03694769038259,False,False,升级,0.5172413793103449,0.39655172413793105,0.08620689655172414,96.4294961282213,97.55853829614486,97.4651648149251
658,88.58286428101295,114.18228829068697,85.88217110836673,97.14769415697658,False,False,缓和,0.5258620689655172,0.4051724137931034,0.06896551724137931,96.26834654149779,97.66364953484201,95.04569304355164
659,95.2237597083043,112.46770740138177,86.79660879228061,96.72176631938636,False,False,升级,0.6120689655172413,0.29310344827586204,0.09482758620689655,92.87832373360823,92.82566057854851,92.52135189942219
660,87.24738477139469,122.62113543559438,86.97647444267021,99.40218668511022,True,False,缓和,0.43103448275862066,0.46551724137931033,0.10344827586206896,107.53746111420779,96.2826202544612,89.63184286754975
661,87.86719225833647,116.98743911161692,85.79626547105785,94.87337814663049,False,False,缓和,0.7155172413793104,0.21551724137931033,0.06896551724137931,95.23726300881789,95.90013005814546,92.61152976502882
662,91.08375919695719,115.5010575644779,87.07507667383902,95.48953929464162,False,False,缓和,0.6637931034482759,0.25,0.08620689655172414,96.19163325400375,96.82777995201366,97.0916853222014
663,98.67127309687874,116.33892164106027,87.64665627746487,97.9749942474336,False,False,升级,0.5431034482758621,0.31896551724137934,0.13793103448275862,94.58616571616476,97.66477312953323,90.31246126413997
664,95.03106131812899,121.19725047980383,85.24745942846866,99.98611020015018,True,False,升级,0.5603448275862069,0.25862068965517243,0.1810344827586207,113.1500774448815,94.65796027230907,92.89057105010072
665,92.57032014083278,112.42870048431016,88.58005482192874,97.52776660601161,False,False,缓和,0.5172413793103449,0.3620689655172414,0.1206896551724138,96.55521677360663,95.77892317033805,96.27031122092156
666,87.26090139919336,123.98981534269257,86.42243948656355,98.10662445809675,True,False,缓和,0.5603448275862069,0.33620689655172414,0.10344827586206896,98.47371020325342,93.49344783280776,94.9163059783562
667,86.6953303881105,122.85974563403674,86.6953303881105,97.90800011939562,True,False,缓和,0.5172413793103449,0.4051724137931034,0.07758620689655173,96.02755042465175,91.52066919308817,97.04979357047345
668,90.67193921529515,111.20908304396913,86.91920749245874,97.11183699731149,False,False,缓和,0.5862068965517241,0.3448275862068966,0.06896551724137931,104.87609326195872,91.98703699488756,92.21432020303156
669,86.5375655809713,115.42367173214886,86.5375655809713,102.44340978013449,False,False,缓和,0.28448275862068967,0.5086206896551724,0.20689655172413793,103.9744388410268,97.12342761472145,97.3332730708196
670,88.42751026387745,128.58619171095606,86.4387821338022,96.8440115193569,True,False,维持,0.6379310344827587,0.28448275862068967,0.07758620689655173,92.30108044913123,92.47061174012542,92.2381273139341
671,89.22117363975903,125.67397303086751,88.06249648599228,100.40638315967456,True,False,缓和,0.27586206896551724,0.5689655172413793,0.15517241379310345,103.71068520631589,102.09005873009372,96.47465885694021
672,92.4300625145917,109.80593062861318,86.85806675399293,94.7229324607642,False,False,升级,0.6120689655172413,0.35344827586206895,0.034482758620689655,100.63050136702805,91.36794966965783,92.69346466904199
673,88.83775198976872,115.19458122832233,85.19765554235073,94.95550965392994,False,False,缓和,0.6982758620689655,0.28448275862068967,0.017241379310344827,98.59905344153046,90.50324819418482,86.88988268898113
674,88.73413640345231,115.42673980860108,87.38818054042355,97.49972506893272,False,False,缓和,0.5431034482758621,0.41379310344827586,0.04310344827586207,104.72419922681735,93.03123494094162,92.13810934659178
675,87.03506191557003,113.32222465137392,85.7425048936514,97.24625263512941,False,False,缓和,0.6206896551724138,0.3017241379310345,0.07758620689655173,99.12810403372092,104.14017815876099,92.71466451433889
676,90.3108837807722,117.37132884841103,86.308737138448,97.30798018193622,False,False,缓和,0.6120689655172413,0.2413793103448276,0.14655172413793102,101.46477032213332,101.12879449327721,98.84202004376017
677,88.4954718106917,127.9190657083191,88.4954718106917,97.21184266567383,True,False,缓和,0.5431034482758621,0.33620689655172414,0.1206896551724138,94.28344818216767,89.70617370887403,97.55071188833864
678,87.75349556838925,118.03103105263504,87.75349556838925,99.16464376282697,False,False,缓和,0.4224137931034483,0.4051724137931034,0.1724137931034483,100.57098768774406,101.15535610618663,92.46177109029368
679,90.21873685725842,111.37006070499262,89.13890208478823,97.69531671051196,False,False,维持,0.5517241379310345,0.3275862068965517,0.1206896551724138,96.66735840104161,92.64754203899248,91.53360009789515
680,90.56574944897658,116.81054619701166,85.57468777876036,97.21751001818863,False,False,升级,0.5172413793103449,0.41379310344827586,0.06896551724137931,107.42725060145847,92.18343108918909,88.51383847740745
681,93.13468531295902,109.70429275577642,91.5552595673324,99.01357005364929,False,False,维持,0.23275862068965517,0.6810344827586207,0.08620689655172414,98.49884008799512,95.84528976116876,97.91910024079559
682,92.24289549201889,112.35433587722945,87.11726385844209,98.40752920169527,False,False,维持,0.4224137931034483,0.39655172413793105,0.1810344827586207,94.5093125282265,91.06097195376252,98.30780458471204
683,99.13002861644118,121.43453031826816,87.99681588640208,97.41442096555113,True,False,升级,0.5775862068965517,0.2672413793103448,0.15517241379310345,115.38173598455894,99.82689391760775,88.30884346741293
684,85.05673883904494,129.77481915408808,83.76504004085065,102.17836038322113,True,False,缓和,0.35344827586206895,0.35344827586206895,0.29310344827586204,114.2797053534503,103.3767456294006,99.32292640334396
685,85.33799918374422,109.94560435436321,85.12729338658865,93.33368003818022,False,False,缓和,0.7155172413793104,0.28448275862068967,0.0,93.62095685059961,93.11231790560669,88.3713656589789
686,100.8528803745082,114.11307951778105,88.80128653588292,98.3583024764928,False,False,升级,0.5948275862068966,0.3017241379310345,0.10344827586206896,101.94303741649804,102.59116348115803,90.8735002101748
687,89.58638094271411,126.93444996348843,87.08965707135886,100.05636059878607,True,False,维持,0.5775862068965517,0.21551724137931033,0.20689655172413793,112.51931983819833,90.911690018691,92.37875761926331
688,89.24293113885942,122.17774559375576,89.24293113885942,100.79109051299682,True,False,缓和,0.43103448275862066,0.3879310344827586,0.1810344827586207,100.22656434404576,93.13151215813693,104.85049656895866
689,87.74803241024436,135.44528562250193,86.78168143755728,101.29905775713016,True,True,缓和,0.47413793103448276,0.27586206896551724,0.25,112.37321585374671,92.6025507832708,94.63199379128328
690,90.85469543728999,126.08936173442785,86.1691390499961,101.05861749559989,True,False,维持,0.3620689655172414,0.4396551724137931,0.19827586206896552,102.5264749939486,97.29456706877,99.37533740243403
691,88.51418597624566,127.13343876473465,86.96037515536952,99.85164435056204,True,False,缓和,0.5,0.3793103448275862,0.1206896551724138,114.50568548795773,96.2796071801364,88.07601573446992
692,91.4421166893425,109.74325556207344,88.19039402421039,98.89748550891889,False,False,维持,0.3448275862068966,0.5689655172413793,0.08620689655172414,97.03336422212283,93.63528461636218,95.8501358221932
693,87.92231365161973,110.37740139894433,84.77750492353613,95.77933479271287,False,False,缓和,0.6120689655172413,0.3275862068965517,0.0603448275862069,98.33122016419247,93.9958697254024,93.73377710916914
694,102.43118196667372,130.22369864530734,88.70939010172266,103.94602988833076,True,True,维持,0.29310344827586204,0.43103448275862066,0.27586206896551724,130.22369864530734,100.88621383178146,104.38039554427301
695,86.38787449679755,109.69324632536194,86.38787449679755,98.11077378570457,False,False,缓和,0.5948275862068966,0.28448275862068967,0.1206896551724138,98.3898074888893,101.00914031087737,90.87779531573189
696,87.42450892579973,120.13355863250085,85.4277977578997,99.0141944386735,True,False,缓和,0.49137931034482757,0.3275862068965517,0.1810344827586207,93.21712933810271,119.26476655501395,93.62666626132489
697,86.28645198302425,123.18381913666596,86.28645198302425,100.21512124110096,True,False,缓和,0.43103448275862066,0.4224137931034483,0.14655172413793102,110.82964130241363,98.08909869025925,95.90370651011054
698,92.62029470285106,113.5678306798599,87.52500702144948,99.47160379301297,False,False,升级,0.41379310344827586,0.39655172413793105,0.1896551724137931,93.22407335204888,96.05962532612955,107.63278668858506
699,83.74425283097364,122.05363825598275,83.74425283097364,101.49078367793669,True,False,缓和,0.4051724137931034,0.3017241379310345,0.29310344827586204,103.89038874775224,108.43472018967604,89.73811538023467
700,89.34401619491179,111.35340069792153,84.61828654546717,95.80483865813231,False,False,升级,0.6551724137931034,0.29310344827586204,0.05172413793103448,97.90589451690839,96.75815422869313,93.03163583550287
701,93.92030541997569,121.5223165309778,86.31840550075337,99.13882098211151,True,False,缓和,0.4396551724137931,0.4482758620689655,0.11206896551724138,116.93824283413892,95.22955574310245,87.47923302715215
702,93.76817294498235,116.59745825380445,88.67615274082961,101.68446248326664,False,False,维持,0.3448275862068966,0.45689655172413796,0.19827586206896552,107.56847869956745,95.04569078842562,100.85234124213936
703,90.28787558954524,111.4197488848902,85.22671897483372,97.04837247328051,False,False,升级,0.5689655172413793,0.33620689655172414,0.09482758620689655,98.21989703280974,95.82601450368479,90.65036720253022
704,96.6628802467756,113.48757171358693,88.15294804726499,97.52113624265351,False,False,升级,0.49137931034482757,0.3879310344827586,0.1206896551724138,102.29062150114694,93.7630249680539,93.39823928050626
705,85.97593239847009,116.06450872557063,84.41159275631915,101.09371423163299,False,False,升级,0.43103448275862066,0.3793103448275862,0.1896551724137931,109.22513128281568,107.65857308884962,98.18952323535157
706,87.81202093786732,112.27525335749506,85.96395691302533,96.10774141486975,False,False,缓和,0.6810344827586207,0.2413793103448276,0.07758620689655173,102.95113473671034,92.57438196671882,89.56063156080633
707,93.26533337258978,110.03445194729193,84.89659712741575,95.89845914108568,False,False,升级,0.6379310344827587,0.29310344827586204,0.06896551724137931,94.50782542078389,92.89862162990403,102.47272660823567
708,95.78680928562676,110.95278977394558,89.77132246261826,96.97492109374895,False,False,缓和,0.5775862068965517,0.25862068965517243,0.16379310344827586,93.36269897402234,95.8594309769459,100.97470091484126
709,85.77196223134455,113.6768351586465,85.70345649616773,96.69645948056112,False,False,缓和,0.5948275862068966,0.31896551724137934,0.08620689655172414,95.74530379785935,90.56492727423084,92.53876582397396
710,95.4605655228543,120.29285087451736,87.43165648622359,97.46062928539578,True,False,维持,0.5775862068965517,0.3103448275862069,0.11206896551724138,101.57385839650321,94.7501773865635,95.78767304738567
711,88.61604287877107,121.36344849928244,88.61604287877107,100.44699588995803,True,False,缓和,0.4224137931034483,0.3879310344827586,0.1896551724137931,96.7002258338792,93.0344920631927,91.78147603653203
712,87.01310774190877,111.89855602895227,85.05894089400776,96.49702084103579,False,False,维持,0.49137931034482757,0.4051724137931034,0.10344827586206896,91.84425109173343,97.236918264686,90.83253685788031
713,87.19572569241232,122.87281157243709,87.19572569241232,98.92122396011527,True,False,维持,0.5948275862068966,0.21551724137931033,0.1896551724137931,117.6601903362836,106.87693646658944,91.4765683261541
714,104.14207132944733,112.59237336364892,87.02343390966975,100.8991442208505,False,False,升级,0.3448275862068966,0.45689655172413796,0.19827586206896552,97.80894095338091,97.13146576283378,104.59752189636981
715,106.78789226098027,108.30475438029184,84.51189121696598,95.95404813516853,False,False,升级,0.6724137931034483,0.16379310344827586,0.16379310344827586,101.47161683770913,93.19642796191305,88.10458127595392
716,90.02572017507158,123.61622345067664,83.09194651997554,96.00381149801412,True,False,维持,0.6293103448275862,0.31896551724137934,0.05172413793103448,95.41515211998389,104.08367326551456,90.95615903640348
717,94.48455824801941,114.50112613610504,87.7908581094858,97.57611686534621,False,False,维持,0.49137931034482757,0.4224137931034483,0.08620689655172414,99.01514792685524,99.70917243279655,90.39005394051533
718,89.94754570916899,114.41771282938701,88.62974917847109,100.24228929972654,False,False,维持,0.41379310344827586,0.3793103448275862,0.20689655172413793,107.49981375470877,99.6614042769795,105.02272294366088
719,87.70335637358401,115.72741276191758,87.70335637358401,95.1647520636203,False,False,缓和,0.6724137931034483,0.2413793103448276,0.08620689655172414,92.79053349625131,90.06502004810893,95.58780263849224
720,92.01240967839176,128.99638321402483,85.8606765482963,98.5971796698167,True,False,维持,0.646551724137931,0.25862068965517243,0.09482758620689655,103.6332185707162,90.82424034446443,89.92671170962153
721,90.34173047702335,126.69633808600547,88.5391733910417,100.47007954910936,True,False,缓和,0.3879310344827586,0.45689655172413796,0.15517241379310345,106.06500458731314,98.14821746436222,92.02193846150654
722,93.18115544691318,121.79905681024998,86.08292887603622,98.25791166751839,True,False,维持,0.45689655172413796,0.45689655172413796,0.08620689655172414,99.81392796913916,96.27083476218948,93.1244910194947
723,90.36540581996718,123.2001091791614,89.03764129431418,100.6451603971017,True,False,缓和,0.27586206896551724,0.5603448275862069,0.16379310344827586,104.82639242353711,105.10384438507388,96.51706655451052
724,88.80089031369889,113.40795733207666,88.25179389645733,101.62961214072685,False,False,缓和,0.47413793103448276,0.29310344827586204,0.23275862068965517,96.29530478481698,101.00918898896404,106.63729991568398
725,98.49756840083153,118.71995291720862,88.1323875808796,102.43784132602515,False,False,升级,0.3706896551724138,0.3103448275862069,0.31896551724137934,107.94446552048396,96.62799062463804,99.95874755756076
726,88.12741506979047,112.93836632228138,87.62326535937505,94.7651968017447,False,False,缓和,0.6724137931034483,0.3017241379310345,0.02586206896551724,96.98851353588402,100.91059566142175,87.62326535937505
727,96.59349703182976,120.56536404531018,85.2312336193142,95.85688786574394,True,False,升级,0.7068965517241379,0.1724137931034483,0.1206896551724138,94.9434916175359,91.59420998808154,92.45349174120624
728,86.52343711559293,111.49681613565114,86.52343711559293,96.22288932143512,False,False,缓和,0.6206896551724138,0.25,0.12931034482758622,105.21184613321817,94.55280573652915,97.3024264701004
729,91.7585003151935,128.9348259151693,86.40658940088923,99.06665292557965,True,False,维持,0.47413793103448276,0.3706896551724138,0.15517241379310345,98.53022614880169,99.44155134058619,89.00876597129968
730,99.07049767698977,115.02137013363328,89.1658658845367,99.32021421679464,False,False,维持,0.3879310344827586,0.4482758620689655,0.16379310344827586,108.64583995888569,107.63959518194619,91.40351980656155
731,97.97877178001232,121.43858292594167,89.98893208010017,99.2491040768403,True,False,升级,0.3793103448275862,0.5172413793103449,0.10344827586206896,98.93905590687913,97.48300801214239,93.48706712844313
732,88.93056408909607,112.78181790135797,87.08657000804538,99.1671936838882,False,False,缓和,0.5517241379310345,0.25862068965517243,0.1896551724137931,100.78920026396466,96.77471277916652,87.78488497190946
733,92.68745161521744,120.08650127804205,91.41762986920776,97.72447144216353,True,False,缓和,0.5258620689655172,0.3448275862068966,0.12931034482758622,92.29700593927244,96.67076719594843,93.52346298212743
734,86.77181040069513,119.96763519742836,85.789247862607,98.07953372579405,False,False,缓和,0.5517241379310345,0.3620689655172414,0.08620689655172414,105.38335161831937,90.19171230295021,91.48432938933931
735,89.77329098685256,109.5574034757874,88.38046041035118,94.56727818501548,False,False,缓和,0.7155172413793104,0.25,0.034482758620689655,108.17232418998391,92.11904791837961,95.08878294028011
736,94.70322697128996,109.19414854973162,90.10931400309059,97.1962938638535,False,False,缓和,0.39655172413793105,0.5172413793103449,0.08620689655172414,91.66218117293103,99.81290280469652,94.51791512749435
737,92.27241983974048,123.58983130269641,86.83753057121669,97.70764406230367,True,False,缓和,0.5775862068965517,0.2413793103448276,0.1810344827586207,93.51370664594047,109.48924770118688,92.57898985389373
738,100.63047933937608,132.8367554214045,86.70830531354763,98.91195813340345,True,True,升级,0.5948275862068966,0.22413793103448276,0.1810344827586207,101.82847762595716,90.69668400781984,92.67297234652531
739,96.51461139279483,120.46774704137502,88.80648887002626,98.65785313013984,True,False,升级,0.4827586206896552,0.3879310344827586,0.12931034482758622,110.12818897235508,97.39306855202452,90.90950476995575
740,88.67880633552936,119.08012318369262,87.80403953626092,95.25618585169741,False,False,缓和,0.6379310344827587,0.31896551724137934,0.04310344827586207,92.73426581678353,94.39539034551039,97.08436889944967
741,90.74353455107351,119.56687649192703,88.70926089026145,100.5716054151238,False,False,缓和,0.3793103448275862,0.46551724137931033,0.15517241379310345,104.74371518101051,93.07414633502252,94.00359623335025
742,86.00387500432105,126.67935271915418,86.00387500432105,107.3440124856914,True,False,维持,0.10344827586206896,0.5258620689655172,0.3706896551724138,108.29205712402512,114.2316078507856,96.83465895333602
743,94.3294532493749,123.57446385116877,88.48094667377026,102.46858862505788,True,False,缓和,0.4051724137931034,0.29310344827586204,0.3017241379310345,108.88651203045933,103.31728910831893,90.92427835466101
744,102.3209860547864,114.64412908813479,88.34066069046874,101.4967739502247,False,False,升级,0.3103448275862069,0.43103448275862066,0.25862068965517243,107.86065965892321,107.17204313160329,110.79933326661404
745,103.83204829914021,131.74953663617046,87.96934171862837,102.20839243166216,True,True,升级,0.3103448275862069,0.4482758620689655,0.2413793103448276,97.20419816545316,93.25819331275717,93.08238394110819
746,94.49996356363391,127.72819793193901,90.85418147092163,101.538873588585,True,False,维持,0.33620689655172414,0.49137931034482757,0.1724137931034483,113.50439415618372,93.49054811223706,101.00142489001364
747,85.57311961668415,129.99360756310477,85.57311961668415,104.96740655426134,True,False,缓和,0.25,0.4482758620689655,0.3017241379310345,104.68152278669379,106.85310858680232,107.75726491456408
748,94.90012827702438,113.99349425974832,88.79835590193751,98.60296469215864,False,False,维持,0.45689655172413796,0.39655172413793105,0.14655172413793102,103.24549643308033,98.46115367082305,101.81930539768861
749,87.83697494306169,118.4931483553477,87.6638238838225,99.60286096307813,False,False,缓和,0.3448275862068966,0.4482758620689655,0.20689655172413793,91.8276967250312,105.72963542909213,106.25459026406067
750,95.71190931522479,126.92055843918084,90.20530705858779,100.41874205371033,True,False,缓和,0.4482758620689655,0.3620689655172414,0.1896551724137931,99.39043952035374,103.85878633225946,97.666327176934
751,88.27401873437259,121.7578696252124,84.11701159186913,98.50823753687135,True,False,维持,0.4396551724137931,0.43103448275862066,0.12931034482758622,121.69414056162634,100.11540390236496,90.96241030673731
752,97.1177230684641,116.85742342197932,91.71672750796867,100.12347189156021,False,False,维持,0.3448275862068966,0.5086206896551724,0.14655172413793102,106.34913369354103,101.13047959907313,93.94405070977112
753,85.52224627325577,111.33557102338735,85.1900906663067,95.53608494612612,False,False,缓和,0.5775862068965517,0.3706896551724138,0.05172413793103448,96.07355974625237,94.56208574501032,96.66377254861007
754,88.6399785867734,110.69812960601783,87.0916361821702,95.2721034260711,False,False,缓和,0.4827586206896552,0.5,0.017241379310344827,91.77984171770245,96.66990682338789,93.39705965202688
755,91.08756424035856,110.5791983366177,87.45292943231195,96.5175035111905,False,False,维持,0.6637931034482759,0.21551724137931033,0.1206896551724138,98.61640942121824,94.06471861897609,94.7431896647084
756,91.20486007139107,111.00247479791675,90.02214479717559,96.87868452315695,False,False,维持,0.5258620689655172,0.3448275862068966,0.12931034482758622,92.05235401414488,94.74477148110722,90.02214479717559
757,91.63684210908399,110.66427870399257,86.86337194319097,98.07255703004346,False,False,维持,0.45689655172413796,0.3448275862068966,0.19827586206896552,107.06613861598379,93.31199982118692,93.36332620137465
758,89.06282601212013,117.07384278560389,88.810506227613,101.19523949056453,False,False,缓和,0.45689655172413796,0.20689655172413793,0.33620689655172414,93.12358652220342,104.74738103882225,99.66511283419302
759,88.72500418530277,112.50478307203636,84.66895337832169,96.58514150722806,False,False,缓和,0.49137931034482757,0.4224137931034483,0.08620689655172414,102.94668116256014,98.23337735414596,92.96515460387725
760,111.62585105338846,128.32675300532014,91.19894295637349,103.61729420380365,True,False,升级,0.3275862068965517,0.3448275862068966,0.3275862068965517,96.78135090143778,105.73561399023252,104.5566780757077
761,88.28472791840254,114.27594001629606,87.01848443071226,97.20098609660215,False,False,缓和,0.603448275862069,0.3103448275862069,0.08620689655172414,100.24424390495412,91.8321809397641,98.49471072975714
762,92.63903657631178,123.90806499882078,84.9529890765184,97.84724740356816,True,False,维持,0.49137931034482757,0.3706896551724138,0.13793103448275862,105.46848295320892,92.31707906673223,95.37346013477456
763,93.13704760784623,118.8313022350672,90.16420783954239,101.59372051495656,False,False,缓和,0.41379310344827586,0.35344827586206895,0.23275862068965517,109.31966997745442,93.64684429354331,90.8244428023492
764,87.6679608113763,118.25540561262552,87.6679608113763,97.06572944546774,False,False,缓和,0.5431034482758621,0.3706896551724138,0.08620689655172414,97.71358437832887,93.9609658479303,92.06372654311613
765,90.01976710511528,125.11854715627666,87.93591198250505,101.1754536893698,True,False,缓和,0.43103448275862066,0.35344827586206895,0.21551724137931033,98.8717980204457,107.460905896757,94.15659000502977
766,94.32134528975506,119.79538546048227,89.43751060503283,100.01209064535266,False,False,维持,0.5,0.3706896551724138,0.12931034482758622,108.38751989656257,94.0864834379857,96.18207667678502
767,86.93795259384873,136.57029394012488,86.20713668119787,97.53698580493871,True,True,缓和,0.5862068965517241,0.3275862068965517,0.08620689655172414,96.60272976365398,92.98163409768786,90.87579591712475
768,89.13297327391778,131.59089039446408,89.13297327391778,103.50528419436372,True,True,缓和,0.3620689655172414,0.3017241379310345,0.33620689655172414,114.36632879540434,100.1362455060739,91.80812088606986
769,87.86332518452906,116.96451183689406,86.10688325955732,96.77515355413409,False,False,缓和,0.7327586206896551,0.1810344827586207,0.08620689655172414,113.39011306207965,92.08422915492142,94.8632319215684
770,85.76884581490349,120.21950094841935,85.76884581490349,100.89438023205787,True,False,缓和,0.41379310344827586,0.3879310344827586,0.19827586206896552,107.46956450361202,107.26101995655553,88.5489339900047
771,95.0610502128962,114.72266303931053,87.48531169027727,97.64800286228912,False,False,维持,0.47413793103448276,0.47413793103448276,0.05172413793103448,106.00036628924227,101.49458428878373,91.13195828049423
772,90.59456966907574,116.48889243057995,88.8297770324539,100.43599313783673,False,False,维持,0.45689655172413796,0.4051724137931034,0.13793103448275862,99.574348298465,101.70379248814122,90.99860903902959
773,86.63364963274859,114.7048285097098,84.8931399802453,95.43699181266216,False,False,缓和,0.6120689655172413,0.3017241379310345,0.08620689655172414,99.18161242333338,92.18509004295231,88.54869761404441
774,85.48056777656109,127.0107309522878,85.40770911315042,101.50899125137391,True,False,缓和,0.45689655172413796,0.3706896551724138,0.1724137931034483,121.23856548294943,105.23405776258826,101.40849540426524
775,102.81579013179507,122.4382102663872,86.64803452818619,100.07681700194904,True,False,升级,0.49137931034482757,0.22413793103448276,0.28448275862068967,107.30066319776289,98.77306143028855,90.74800832427378
776,90.15626794762872,116.78915703065066,88.70005695697435,97.5835065995789,False,False,维持,0.5344827586206896,0.3793103448275862,0.08620689655172414,98.20690051691973,90.84481361520312,92.17947745998323
777,93.63121795324054,114.09851851534833,88.76343444377643,97.10526585435679,False,False,升级,0.603448275862069,0.28448275862068967,0.11206896551724138,92.71928793540818,93.4537087866928,95.23936470980239
778,87.11299773562767,118.39465234584169,85.54554421019667,97.9800527968788,False,False,缓和,0.45689655172413796,0.4224137931034483,0.1206896551724138,115.96987655663622,93.07340784501925,86.34342620339291
779,88.16595311410026,127.14844190959214,88.16595311410026,102.25157844247472,True,False,缓和,0.35344827586206895,0.41379310344827586,0.23275862068965517,104.2819336671396,111.83418870841032,92.35781030616214
780,89.55393431579537,111.41893790711015,85.76053009965344,96.08789276363326,False,False,维持,0.5603448275862069,0.3620689655172414,0.07758620689655173,101.6812229435457,95.58864287446481,94.99520787113961
781,87.38317579092565,113.85489663407039,84.5611630824763,98.33743163001341,False,False,维持,0.46551724137931033,0.39655172413793105,0.13793103448275862,94.05613588441732,96.80906126444907,92.09217237241418
782,89.8807083295659,126.94324499552397,87.772229430303,104.95764885696946,True,False,缓和,0.2672413793103448,0.4482758620689655,0.28448275862068967,121.44347043067629,100.94198387824997,104.14363643637262
783,95.07586282025221,124.16220375348135,93.75970135171978,105.99721941176891,True,False,缓和,0.25862068965517243,0.25862068965517243,0.4827586206896552,108.17049142017706,113.49767627502553,104.27619937513467
784,88.3240069375867,121.3204730604177,86.11054865994986,101.224101060362,True,False,缓和,0.35344827586206895,0.5344827586206896,0.11206896551724138,110.87908286147993,103.1934721070409,103.13575001073632
785,88.57910470181534,118.39972135717923,86.56308597872612,98.33373604700986,False,False,缓和,0.5172413793103449,0.3793103448275862,0.10344827586206896,114.00552256156118,95.18540400687624,96.50734422644729
786,91.29381768104449,116.30764058729442,89.15611662013858,98.90324053474328,False,False,缓和,0.4827586206896552,0.3620689655172414,0.15517241379310345,96.36369976916686,94.47604210868236,89.73040413152201
787,84.91772121373724,120.19398743701376,84.91772121373724,101.76079201310314,True,False,缓和,0.4224137931034483,0.35344827586206895,0.22413793103448276,101.46606112599568,106.0798876091156,87.77486005522836
788,91.85779929183668,112.06646902935523,86.73130036834299,96.56823364646363,False,False,缓和,0.5086206896551724,0.4224137931034483,0.06896551724137931,109.00021649959403,97.14521746262005,89.10933789725999
789,86.3586951240762,120.18625014015528,86.3586951240762,96.99850052303893,True,False,缓和,0.5948275862068966,0.27586206896551724,0.12931034482758622,102.00795606967347,90.43742525299332,89.76269706714943
790,95.80900611437305,118.29482438499966,91.85577688733639,103.60902035693819,False,False,维持,0.39655172413793105,0.29310344827586204,0.3103448275862069,116.336921943085,102.45794256333926,96.66708161968408
791,101.61548819695516,117.9200960789624,86.8748335102941,98.279398912662,False,False,维持,0.4482758620689655,0.4051724137931034,0.14655172413793102,95.48396640407259,97.40432003404104,88.40612435190208
792,88.39436483952011,122.40556219549015,86.70059953916092,96.60351021373387,True,False,维持,0.6982758620689655,0.1896551724137931,0.11206896551724138,93.87235247553924,95.99019468767702,88.16985314055863
793,93.40111821589127,112.84753638277523,88.71167312876861,99.22174542640954,False,False,维持,0.35344827586206895,0.5,0.14655172413793102,104.14802850953926,98.62174159321609,88.81086419648024
794,93.71598041759192,116.0932776589683,88.27148996572423,97.99640767995699,False,False,维持,0.3793103448275862,0.5603448275862069,0.0603448275862069,93.92860671077922,107.39892011027464,91.37628069095352
795,87.9460204506894,114.8267055117237,87.9460204506894,98.4502203884307,False,False,维持,0.5,0.39655172413793105,0.10344827586206896,108.05981127633234,90.55820352951949,91.93066273596142
796,95.5496316887361,113.33125660872193,86.14468941178028,98.53492322811603,False,False,升级,0.4051724137931034,0.4396551724137931,0.15517241379310345,105.51454658513244,112.82000771198805,86.18436988645472
797,90.08068117814143,122.48315052932898,87.3724618179411,99.37252507198446,True,False,缓和,0.5344827586206896,0.2672413793103448,0.19827586206896552,93.70438947542793,96.42260597874098,100.74393664310662
798,91.31693352843902,109.3799615043291,89.00468183817942,96.30995162970815,False,False,维持,0.6637931034482759,0.22413793103448276,0.11206896551724138,103.51749795171492,94.26844832282337,95.58968976468555
799,95.89296994787834,113.5477749273938,91.6438361662189,100.50771275316184,False,False,缓和,0.4827586206896552,0.31896551724137934,0.19827586206896552,107.45310730761743,93.3685563906003,108.21017208980014
800,95.89999292127202,117.16365509214928,86.39764311895667,100.17814735888155,False,False,缓和,0.4051724137931034,0.4051724137931034,0.1896551724137931,106.04197796053704,108.25731816648523,91.93914138416093
801,95.79892543347395,124.08213552694168,86.05158156081403,100.46629532293551,True,False,升级,0.46551724137931033,0.3448275862068966,0.1896551724137931,111.9106320374341,95.4207012255337,96.39777758552259
802,92.52832120790177,116.40689434475593,85.29256192932155,99.78558373715758,False,False,维持,0.3275862068965517,0.46551724137931033,0.20689655172413793,110.32079273009235,95.15484252602619,94.66094235486001
803,90.6134080763041,113.30996543962978,84.85740197863015,98.14617005423487,False,False,缓和,0.5344827586206896,0.3103448275862069,0.15517241379310345,110.6033954824699,95.6739790903661,89.01385564759732
804,91.85264966094785,113.69707675072648,88.02227645322967,99.56537795802045,False,False,维持,0.35344827586206895,0.49137931034482757,0.15517241379310345,108.20081358482044,113.69707675072648,92.37374601253076
805,93.3124226590426,115.16655873418928,88.77119492875865,100.12487706658823,False,False,维持,0.3103448275862069,0.49137931034482757,0.19827586206896552,107.35559114207375,101.19725810785988,94.88492325727834
806,89.8011360847971,123.70355425160564,86.75724891682835,99.27539013170775,True,False,升级,0.5258620689655172,0.33620689655172414,0.13793103448275862,101.04244706426199,98.62369398126228,90.2720230452932
807,92.47849132962688,124.34417429407365,86.29924294882181,97.02578811687717,True,False,缓和,0.603448275862069,0.31896551724137934,0.07758620689655173,98.43275086563776,91.24431096831435,92.8356798352667
808,89.05523820542327,114.50769464209806,87.71838761831458,96.87247950409326,False,False,缓和,0.5689655172413793,0.3275862068965517,0.10344827586206896,103.39627573780072,101.49599312471129,92.13733274334236
809,89.1522578287592,125.26689960718265,88.25951171026539,99.93971116271065,True,False,缓和,0.3879310344827586,0.5,0.11206896551724138,104.73956406279052,104.46082137749387,95.15841600418526
810,87.94956007070111,125.11419004914954,85.35420075703344,100.76255951853481,True,False,缓和,0.39655172413793105,0.39655172413793105,0.20689655172413793,103.8216215035839,102.26738086875778,91.22803346361732
811,90.73153474927778,111.91613932785653,89.73817620621953,98.20497861109006,False,False,缓和,0.5172413793103449,0.3448275862068966,0.13793103448275862,99.15543445708687,92.68835845879093,107.70969230853565
812,92.4045121612416,112.41759003044353,88.5133502345884,97.80736114013008,False,False,缓和,0.4224137931034483,0.4827586206896552,0.09482758620689655,100.02602843729694,95.03351757462285,97.72011437589583
813,88.57758308015234,113.50805692315154,87.06869727174265,97.18067525500817,False,False,维持,0.6120689655172413,0.23275862068965517,0.15517241379310345,95.26327768263695,110.95778295504826,90.33026079481834
814,88.79690961456382,119.47071860758595,86.52813169082819,100.56240407249231,False,False,缓和,0.49137931034482757,0.3448275862068966,0.16379310344827586,111.7767350655939,97.31364589221658,91.3556382186657
815,88.68777901476099,116.87524830986843,88.68777901476099,104.80011603083071,False,False,缓和,0.27586206896551724,0.43103448275862066,0.29310344827586204,111.70334276873677,111.94938501999758,100.95012044917856
816,87.2161401823422,118.1871728407644,86.54330085458209,100.28764688487395,False,False,维持,0.3706896551724138,0.4224137931034483,0.20689655172413793,116.09160626244801,101.11508966287553,103.24691767670737
817,95.88639701515147,118.16150324340502,90.75098766798754,100.15825601990221,False,False,升级,0.33620689655172414,0.5086206896551724,0.15517241379310345,104.3939875612717,95.48615344163576,100.24348312804177
818,92.52786443902951,121.45382229738026,86.53201790530149,102.57330454052106,True,False,升级,0.31896551724137934,0.4482758620689655,0.23275862068965517,104.3241249632291,114.99707037921868,89.97182543193267
819,92.02824797545007,110.1969967152675,85.08956833128984,95.02214243805855,False,False,缓和,0.646551724137931,0.27586206896551724,0.07758620689655173,95.52203819999737,95.18608399685817,86.59743090626132
820,96.23114910939319,110.1431765321871,86.91576175410216,97.85245997907062,False,False,升级,0.4827586206896552,0.3879310344827586,0.12931034482758622,101.11506470128386,91.63056283006576,90.71735490153668
821,88.66257270727019,111.73831235580495,87.46858953948953,94.56902980578,False,False,缓和,0.7155172413793104,0.2672413793103448,0.017241379310344827,94.459648138709,92.39009423555582,91.41615894915721
822,93.7555984429818,115.38229363263926,87.69499510965443,96.86708667065702,False,False,维持,0.7068965517241379,0.16379310344827586,0.12931034482758622,97.38577412654266,104.71053059638766,89.43099540741991
823,96.35594038441529,123.2230595975602,90.37377701014871,99.75613334250444,True,False,升级,0.5086206896551724,0.21551724137931033,0.27586206896551724,96.71939994284112,93.26320084374008,102.71318763164486
824,87.94223903147503,127.42307259404568,87.94223903147503,101.18176379798662,True,False,缓和,0.35344827586206895,0.45689655172413796,0.1896551724137931,109.33806210962427,111.42989942897533,89.70770106827385
825,91.75308993524168,109.45620806040525,86.9206459472525,94.22892655640973,False,False,维持,0.7758620689655172,0.1896551724137931,0.034482758620689655,95.3476603415908,95.42587305921684,92.26071662349962
826,98.09646978835997,135.79564912370773,90.94213739464139,104.17842543546615,True,True,升级,0.25862068965517243,0.3793103448275862,0.3620689655172414,119.20608138033226,94.07361489915543,93.29904569726989
827,86.0559386565276,110.78552659737144,84.97030012393353,94.44957972709084,False,False,维持,0.6551724137931034,0.29310344827586204,0.05172413793103448,99.6510119834114,93.413388493796,89.17226631206056
828,94.0013151612585,131.72691490444655,87.24783759522339,98.87797122278087,True,True,缓和,0.603448275862069,0.27586206896551724,0.1206896551724138,96.73192931120762,95.69215472529241,89.15520402055606
829,84.0159896127691,111.19531275187914,84.0159896127691,95.33827247162976,False,False,缓和,0.6379310344827587,0.3103448275862069,0.05172413793103448,97.0181107184001,93.3362794188996,94.4809225003223
830,94.74348997070912,118.80648239771644,90.21865483972758,98.71418832184261,False,False,维持,0.49137931034482757,0.33620689655172414,0.1724137931034483,92.30989448282436,92.24735933891894,94.48636504724688
831,87.536072246704,111.42826753815727,87.2175067780194,100.69813706008438,False,False,缓和,0.3275862068965517,0.5172413793103449,0.15517241379310345,102.21837976350841,108.81010044740606,111.0390226267938
832,85.21726243728695,132.75684707306038,85.21726243728695,103.13193241406412,True,True,缓和,0.41379310344827586,0.35344827586206895,0.23275862068965517,124.41487655611891,96.30164539629544,100.75881857429295
833,100.20285242901286,118.31786008403743,91.43116801483733,103.49010474799869,False,False,维持,0.15517241379310345,0.5948275862068966,0.25,107.26687534040869,113.18625415558554,95.36038621205081
834,90.2944876946792,122.54310314121955,85.26001995145675,97.86917685576584,True,False,维持,0.5775862068965517,0.27586206896551724,0.14655172413793102,100.2126798858505,97.38004931222576,92.84960150894938
835,96.05613360824594,121.81645797957279,87.15928326652627,100.86279284184204,True,False,缓和,0.41379310344827586,0.3706896551724138,0.21551724137931033,110.26331766644289,97.83715384734901,103.00346394208691
836,91.37485264650905,124.71147730245139,89.78071749107443,101.71618549464283,True,False,缓和,0.3275862068965517,0.45689655172413796,0.21551724137931033,116.09749867932504,96.46937310772277,102.78585607590409
837,90.69287769363196,113.5527818125611,89.61053918478665,98.10614723008918,False,False,维持,0.45689655172413796,0.3879310344827586,0.15517241379310345,98.684521337261,92.88053415766959,96.6618561201129
838,86.64571577531768,123.17443992630714,84.75006759992765,96.7206963343228,True,False,缓和,0.5862068965517241,0.3448275862068966,0.06896551724137931,98.03019717747937,91.78281511246848,92.92264183866124
839,95.00692219138901,116.53494172549972,89.86092405422045,99.82596836620968,False,False,维持,0.39655172413793105,0.3620689655172414,0.2413793103448276,110.23839369803383,101.46547472863021,100.65838627093238
840,91.97506602031284,122.38884527011001,85.22073955092003,101.53599249258988,True,False,维持,0.41379310344827586,0.35344827586206895,0.23275862068965517,112.50223026378971,106.9400147501081,92.50223819782668
841,89.68617178033423,125.08170564015943,87.42122736952183,98.08903389481401,True,False,缓和,0.6551724137931034,0.21551724137931033,0.12931034482758622,103.30432455698364,92.06656579716397,89.50759967304192
842,86.76115761449253,121.59851196151482,86.33678274424659,98.53706656211182,True,False,缓和,0.6120689655172413,0.2672413793103448,0.1206896551724138,97.9921077144376,103.38560395391308,91.18456690417669
843,107.84468598747982,117.6723885409646,87.34332067703238,104.69819379343896,False,False,升级,0.27586206896551724,0.35344827586206895,0.3706896551724138,115.15059233011027,94.8573985804145,107.97842384852962
844,88.66007057061793,124.21980080557397,88.66007057061793,102.7877069228297,True,False,缓和,0.27586206896551724,0.4827586206896552,0.2413793103448276,115.16277198204365,98.64324840970814,94.45379495251659
845,89.95541085274665,121.81460956296725,85.82456650124122,99.55994409620207,True,False,维持,0.45689655172413796,0.3793103448275862,0.16379310344827586,118.31693031360255,93.56940581952446,90.34718098949295
846,91.30518884720777,111.1103621552138,91.08684571824173,97.7740446376654,False,False,缓和,0.5431034482758621,0.29310344827586204,0.16379310344827586,97.00282520706254,101.96701252328562,105.92837560705988
847,95.35369415593938,111.93710276098865,87.30165801535766,95.54734559293512,False,False,维持,0.7068965517241379,0.1896551724137931,0.10344827586206896,95.52118054031274,93.84207952284197,89.85120993677964
848,88.02589142133415,114.35186261912236,88.02589142133415,98.1088084124078,False,False,缓和,0.5948275862068966,0.28448275862068967,0.1206896551724138,112.79721879676454,94.07915921206352,98.34600792926311
849,89.31601655220511,129.33483323762798,88.13572910244791,98.30332978599637,True,False,缓和,0.6637931034482759,0.12931034482758622,0.20689655172413793,114.70110440881864,93.76352777847308,103.72544853946333
850,95.15447181133541,113.73843544813859,86.57993722390708,96.94324752857906,False,False,维持,0.6293103448275862,0.2413793103448276,0.12931034482758622,96.11462597349107,93.57726341879109,93.69847967176209
851,85.00077622381333,122.89620729018851,84.20557254849884,99.71742820151223,True,False,缓和,0.4482758620689655,0.3879310344827586,0.16379310344827586,105.31206501554597,104.69806075685705,87.83719227836201
852,88.11783694312967,121.30714241049108,88.11783694312967,97.89516011984227,True,False,缓和,0.49137931034482757,0.41379310344827586,0.09482758620689655,98.9001896997052,90.88424995168971,96.32685780340434
853,90.15845292802379,110.23592617538226,88.38716512613189,98.62704431880442,False,False,缓和,0.4224137931034483,0.4482758620689655,0.12931034482758622,103.02544418500968,109.22236530146796,93.38658155917224
854,87.27061838403624,110.60556842701389,87.16672664894023,96.2039496962685,False,False,缓和,0.6982758620689655,0.1896551724137931,0.11206896551724138,96.86283786382526,92.52248157910897,96.85047320250175
855,93.4330596812395,108.74298401888969,86.55730387795744,93.66782934211027,False,False,升级,0.6293103448275862,0.31896551724137934,0.05172413793103448,92.60309619215775,92.84640805683874,96.1375327015349
856,92.08758677433045,114.52774261686872,89.10476572481429,99.97522024971195,False,False,缓和,0.3620689655172414,0.47413793103448276,0.16379310344827586,100.8511487206291,91.5287565984044,95.80189722553015
857,91.81651201221813,115.64813717626136,86.70937227567418,99.52812211631496,False,False,缓和,0.5086206896551724,0.3103448275862069,0.1810344827586207,114.38993377534698,95.24549805765831,100.8816073029974
858,89.19470195818302,123.13082639341661,86.20980032686755,99.27836356139115,True,False,缓和,0.5603448275862069,0.28448275862068967,0.15517241379310345,93.284061856412,99.67357552752036,92.1167892144667
859,86.32091826113665,111.80867284585467,86.32091826113665,98.97048508069032,False,False,缓和,0.4827586206896552,0.43103448275862066,0.08620689655172414,94.95311090787142,105.41039195010651,95.32265811215476
860,93.91253240454523,118.51079063858732,86.79590159695246,97.84482320399259,False,False,升级,0.5086206896551724,0.3620689655172414,0.12931034482758622,116.34966921679013,99.42990806696797,87.70559236568624
861,88.41095975928955,111.97973725639828,88.41095975928955,99.02378598076834,False,False,缓和,0.4051724137931034,0.4396551724137931,0.15517241379310345,93.07260686034418,90.93720157584058,108.54339436588369
862,92.99001345980056,111.68267921140762,87.83885498472087,97.98284401924123,False,False,缓和,0.5,0.35344827586206895,0.14655172413793102,93.96888945419725,93.08327944195598,95.9715412742425
863,101.15098025402052,113.72012044685479,84.0552704241148,97.29676455379598,False,False,缓和,0.5258620689655172,0.33620689655172414,0.13793103448275862,107.32862848547164,96.0818108148356,96.88800423485574
864,88.7081450081064,114.35059435507216,87.00587576946918,98.72897969467063,False,False,维持,0.3793103448275862,0.5172413793103449,0.10344827586206896,111.63737505337946,93.97638438977708,96.99549242159166
865,85.428802456293,117.63845922106238,85.15122039211279,102.5304802654244,False,False,缓和,0.3103448275862069,0.4827586206896552,0.20689655172413793,102.69840392595013,93.86613502624364,110.7977271261717
866,94.35922394032833,118.94085400450615,90.13230023149879,102.10756347691263,False,False,升级,0.3017241379310345,0.46551724137931033,0.23275862068965517,98.08304952206085,104.41668540475928,98.94066114481491
867,92.49201987017045,116.61055876777651,87.12942035490177,97.12786773695103,False,False,维持,0.4396551724137931,0.47413793103448276,0.08620689655172414,94.278833498554,97.41456829130549,96.236972349242
868,90.267218364681,124.82753256848208,87.96955252368811,100.15856123099753,True,False,缓和,0.47413793103448276,0.31896551724137934,0.20689655172413793,94.08825286495771,100.3318368756284,87.96955252368811
869,93.74572529070792,118.26559549338162,86.23111343371924,100.46278679250216,False,False,维持,0.33620689655172414,0.45689655172413796,0.20689655172413793,107.39707155848467,90.7542537520005,89.8068168367032
870,85.59099123665746,113.40642483968968,85.59099123665746,98.9466808063375,False,False,缓和,0.46551724137931033,0.3793103448275862,0.15517241379310345,95.84168230895051,96.52020315545786,93.21956060183084
871,87.41890034659728,120.23395468194617,87.41890034659728,100.29727835383041,True,False,缓和,0.3275862068965517,0.5172413793103449,0.15517241379310345,104.11644592483366,97.05477089515436,100.65336214760502
872,89.86273319071049,110.25975199343756,86.74663711015728,96.88312134217783,False,False,升级,0.6120689655172413,0.3275862068965517,0.0603448275862069,104.68281218364295,92.86016413259462,91.91652633709597
873,88.41229582627463,108.5812408573626,87.60894577208072,97.17454419605622,False,False,缓和,0.603448275862069,0.29310344827586204,0.10344827586206896,102.88574983752369,98.33381699762501,97.04846931958892
874,93.09516401614479,119.10790517791254,87.27529565238508,99.15103936263844,False,False,升级,0.3793103448275862,0.5344827586206896,0.08620689655172414,110.03953681562753,93.99029808317023,93.37055139999275
875,94.94026438836282,109.78004027558232,87.63549071120593,95.48022603169181,False,False,维持,0.6293103448275862,0.28448275862068967,0.08620689655172414,95.39970954348706,98.84337562656121,87.79680410309949
876,98.4038981020213,126.19385709671607,88.0970337776393,99.91009802834489,True,False,升级,0.5258620689655172,0.29310344827586204,0.1810344827586207,118.06917116803494,99.06165785278134,95.23459944109383
877,90.14149861649894,109.78581591397143,86.33051199573408,96.23338766457003,False,False,维持,0.5517241379310345,0.3793103448275862,0.06896551724137931,99.19364986230497,94.13871551250075,98.00427479060004
878,88.7270756742684,117.46356748224008,88.7270756742684,102.97172384085734,False,False,缓和,0.1810344827586207,0.6379310344827587,0.1810344827586207,103.2411763923745,97.07126660345985,114.70080299554809
879,85.66405340463176,117.22309975779179,85.66405340463176,99.08936114107394,False,False,缓和,0.4224137931034483,0.4482758620689655,0.12931034482758622,105.67686181191571,93.7061369024906,90.30138015503164
880,88.77080730847307,118.28906530606835,85.87839341958515,102.49205024187661,False,False,维持,0.3017241379310345,0.5172413793103449,0.1810344827586207,112.14593219128626,104.82768743307696,103.07016199218435
881,100.34681641672208,123.47248249457897,85.69914005279038,99.32184810188546,True,False,升级,0.45689655172413796,0.4051724137931034,0.13793103448275862,109.49208737796047,91.75137650366024,88.81886583710045
882,89.23174610879734,123.54190170814366,87.91751529757708,97.80642613819747,True,False,维持,0.6379310344827587,0.22413793103448276,0.13793103448275862,119.60509018789473,91.76371272153489,102.29081550380772
883,97.46994561670189,121.5470674961377,88.56383703158775,100.85310342375477,True,False,升级,0.5,0.28448275862068967,0.21551724137931033,115.52149833203914,97.39209912078313,100.91979022776157
884,84.08109716949103,119.99511955356282,83.62152184056968,98.99538606359384,False,False,缓和,0.5,0.3706896551724138,0.12931034482758622,98.79284165762672,92.199289705052,106.22445276484437
885,89.07468841865484,111.98625659145662,89.07468841865484,97.91492017349059,False,False,维持,0.4224137931034483,0.41379310344827586,0.16379310344827586,101.20380550747544,100.46769026736979,98.3756126543422
886,92.32845199715646,120.85126144754503,86.03273719082053,99.63108049278688,True,False,维持,0.4482758620689655,0.3793103448275862,0.1724137931034483,109.79421603406273,92.9168879747684,103.05279778848909
887,89.87807331571437,120.23078718675677,86.53476706881227,98.71304260696841,True,False,缓和,0.4396551724137931,0.45689655172413796,0.10344827586206896,111.13029943592167,94.30018118981327,88.7820085216436
888,92.86956307601805,112.79054514454124,84.48261803912918,96.9245184576039,False,False,维持,0.603448275862069,0.3017241379310345,0.09482758620689655,98.91606263118976,91.95027032101297,102.42897898325845
889,91.65510209796147,113.4213310388766,87.0016868460407,98.04339186516482,False,False,维持,0.5517241379310345,0.3017241379310345,0.14655172413793102,106.43719754163935,100.46016564236743,103.98894770826266
890,101.41862183893724,110.10656074639262,88.45216229156739,95.3224407365809,False,False,升级,0.6982758620689655,0.16379310344827586,0.13793103448275862,93.45857181795452,89.34114376444533,96.60055911904968
891,95.70365897191279,110.0588083655143,87.23531971480442,97.21765094973252,False,False,维持,0.5517241379310345,0.27586206896551724,0.1724137931034483,99.95987683140244,92.553508140306,101.3128528733156
892,89.73700391527568,116.16211062037739,86.64323336677286,98.5238590263971,False,False,缓和,0.5172413793103449,0.3620689655172414,0.1206896551724138,106.78475610180867,95.84966487790726,87.96646862165001
893,92.88605870339403,112.10368455780464,90.27653856431617,99.40824475655488,False,False,维持,0.4482758620689655,0.4482758620689655,0.10344827586206896,99.27787027913443,101.8054171821934,92.73311758505547
894,89.72952553998853,120.82453134451681,89.06251304184478,98.89419584747763,True,False,缓和,0.5689655172413793,0.2672413793103448,0.16379310344827586,94.10369172774078,101.33748393382517,89.89667438343031
895,98.60078412540109,124.36141599024566,88.808592013916,99.92064009242675,True,False,升级,0.47413793103448276,0.39655172413793105,0.12931034482758622,114.13813507223352,101.85664014012816,92.7901481961612
896,93.91652963461628,128.61390305249665,88.95241972141551,101.48059880888646,True,False,维持,0.4827586206896552,0.3103448275862069,0.20689655172413793,123.58865224711126,94.81353465267068,90.50175689215061
897,91.89386533054338,117.85491207620586,86.26481335482752,98.6365908486757,False,False,维持,0.5517241379310345,0.3448275862068966,0.10344827586206896,109.26668461239876,95.7635938637968,95.36541267308705
898,86.37323294537248,109.53874022460087,85.24873328080906,94.64489785290203,False,False,缓和,0.7672413793103449,0.16379310344827586,0.06896551724137931,94.66890543138072,94.84955844872334,92.64407883142053
899,85.43300487659995,120.00158951456449,85.27137886015741,97.60114248757952,True,False,维持,0.6551724137931034,0.19827586206896552,0.14655172413793102,103.56061447364876,91.20841933209266,104.58489974911919
900,87.71480519867312,121.51098863495429,85.54030280620763,96.70194350825066,True,False,缓和,0.6120689655172413,0.31896551724137934,0.06896551724137931,99.42067005309195,94.40196921556112,94.41727594675224
901,91.5737720892856,113.46648725252489,87.5893995652657,94.0859825754878,False,False,维持,0.7241379310344828,0.25862068965517243,0.017241379310344827,93.83144026898836,90.74279102861536,90.64973941237592
902,87.33347060052624,116.37497645557863,85.53149178036246,96.52864398202368,False,False,缓和,0.7413793103448276,0.13793103448275862,0.1206896551724138,111.72507002357894,91.23444307877004,97.05917634883642
903,86.45837725159278,109.65634940772523,83.42917194472315,97.5375046544471,False,False,维持,0.4827586206896552,0.39655172413793105,0.1206896551724138,99.32332861951292,96.04528002803556,89.73737423198682
904,88.47744829924856,120.63946918236509,88.47744829924856,95.99854343165887,True,False,缓和,0.6982758620689655,0.1724137931034483,0.12931034482758622,90.3402518247949,92.57623435052732,89.08172829892077
905,87.86217688727362,120.41559467439112,85.80836624001483,100.68428900312873,True,False,缓和,0.41379310344827586,0.3706896551724138,0.21551724137931033,113.5823189789136,102.0312869300739,92.55606808463914
906,93.32856825688502,117.30192326868591,87.1217928142876,96.23125337512309,False,False,缓和,0.6982758620689655,0.1810344827586207,0.1206896551724138,112.62509236494311,92.39249846302704,87.37703761353275
907,91.12194502742392,110.45209635182583,84.52536010528077,95.93150024614835,False,False,维持,0.5862068965517241,0.3879310344827586,0.02586206896551724,102.30427177091923,102.60620378703743,95.9817818592343
908,84.37826639306556,111.29755118545692,84.37826639306556,95.52035884163276,False,False,缓和,0.5948275862068966,0.3620689655172414,0.04310344827586207,94.17059145320309,96.71986094937232,90.16619713311037
909,89.15734933924507,119.34397142504734,88.59438696871224,101.26323158159626,False,False,维持,0.43103448275862066,0.39655172413793105,0.1724137931034483,100.32390866879541,101.19459700840034,88.59438696871224
910,87.3751183035687,124.66139597547033,86.82501809027625,97.91045932202022,True,False,维持,0.6637931034482759,0.22413793103448276,0.11206896551724138,98.45445950883591,93.63513453351209,91.096922689109
911,85.34058478123539,114.16082429419667,84.60040904861455,97.77183712671108,False,False,缓和,0.5258620689655172,0.3793103448275862,0.09482758620689655,102.7631330258191,101.33912885027048,107.22736687722892
912,91.52366968834122,120.14931548579577,89.75907857018875,100.8756651578325,True,False,缓和,0.35344827586206895,0.5086206896551724,0.13793103448275862,97.4950351202763,103.85626200895436,102.46562070007006
913,90.7019697417005,127.08438358570494,87.84298784764214,101.91016892802648,True,False,维持,0.29310344827586204,0.5086206896551724,0.19827586206896552,107.2586883034509,113.58386056883933,97.41622864202016
914,85.32503110215826,114.31720760260407,82.5756881239635,96.91713244878844,False,False,维持,0.4482758620689655,0.5517241379310345,0.0,101.57919242935509,92.84524124344264,91.58664116687615
915,95.56681620763887,122.72898700503664,90.42134852689156,99.57144221933346,True,False,维持,0.5258620689655172,0.33620689655172414,0.13793103448275862,103.47092285234642,95.14254364907087,92.02316040470332
916,85.00660872300718,130.42365824753682,84.83928094327237,103.67224644999406,True,True,缓和,0.3103448275862069,0.46551724137931033,0.22413793103448276,129.35050528311473,101.72234797174633,99.1141791322109
917,86.51974406526523,114.33350906729623,85.28000751376054,97.96288138560709,False,False,缓和,0.49137931034482757,0.4396551724137931,0.06896551724137931,110.14882735897106,98.10365666161215,97.06420854690462
918,100.86012239526153,110.7596193922875,89.61983476090909,97.17095609295669,False,False,升级,0.5344827586206896,0.3275862068965517,0.13793103448275862,101.23841001482221,101.11861746590434,96.68780143375498
919,87.39015527290108,121.36869024710916,84.66609719689846,100.15668541905862,True,False,缓和,0.603448275862069,0.16379310344827586,0.23275862068965517,109.41722220759658,108.84473674525505,102.52317183090885
920,90.67334664851768,119.39586699408535,88.0987288845896,95.90183378016131,False,False,缓和,0.7068965517241379,0.2672413793103448,0.02586206896551724,99.74991214056412,95.50191118150025,88.98924748985314
921,89.11858949657872,120.2144492672698,89.11858949657872,102.27000637102192,True,False,缓和,0.27586206896551724,0.5517241379310345,0.1724137931034483,103.0307178547912,99.292165347203,93.77550564475004
922,98.68930397953474,109.59020356447857,89.40551961688773,96.46834977952317,False,False,升级,0.5603448275862069,0.3706896551724138,0.06896551724137931,99.69003094382053,94.32129498669717,91.97197222120128
923,88.29509985676299,117.47956745948632,87.124006548823,95.33241729390257,False,False,缓和,0.6724137931034483,0.27586206896551724,0.05172413793103448,100.44995095912972,92.48531778632123,96.23762940295451
924,107.27904314632502,113.93163816295514,88.12512005382537,98.24458818129344,False,False,维持,0.49137931034482757,0.35344827586206895,0.15517241379310345,96.9715529729918,101.40183479693498,95.09657097300789
925,92.79996034693454,119.12007750817713,88.74879252917711,99.80896162676935,False,False,缓和,0.4224137931034483,0.4482758620689655,0.12931034482758622,103.7818530195284,99.67146269998959,100.89106034598936
926,101.37025866903062,113.0114913860062,88.07813720504859,99.17161874934976,False,False,升级,0.35344827586206895,0.5258620689655172,0.1206896551724138,96.73616727468551,99.10500788955285,94.0433015440036
927,95.45016719508577,128.2423487588242,90.66357083529388,102.06290705014474,True,False,维持,0.1810344827586207,0.6896551724137931,0.12931034482758622,115.88583432921705,94.88530164398162,96.61364285179805
928,88.63080960668768,111.43667649354175,88.22474978965185,97.64113349746125,False,False,缓和,0.5344827586206896,0.3706896551724138,0.09482758620689655,100.96138146493509,103.87774467294305,97.16227541251374
929,92.49619881852819,111.80684093566147,85.44188081578434,96.70056998917163,False,False,维持,0.6637931034482759,0.23275862068965517,0.10344827586206896,102.36019366138281,92.75277366892689,90.16986374402995
930,86.0640874324965,109.30967168717626,86.0640874324965,95.67376033696151,False,False,缓和,0.6120689655172413,0.3448275862068966,0.04310344827586207,95.32419913348265,94.35345716520511,89.59523477803954
931,92.61194326360508,117.70485236541798,82.89956588809902,96.95823091981443,False,False,维持,0.5603448275862069,0.2672413793103448,0.1724137931034483,111.65709532752489,94.5400184660131,87.30681155344998
932,89.25728922023869,109.96213431603012,86.92554161660816,97.05896272472674,False,False,缓和,0.5948275862068966,0.3017241379310345,0.10344827586206896,96.85971140939975,94.61054480087154,100.3111263323159
933,87.64765173239616,114.71721044736118,86.43602944837077,97.1135537763645,False,False,维持,0.6120689655172413,0.3017241379310345,0.08620689655172414,95.0109816310781,94.26386746886071,86.9529438524475
934,95.43791397204724,123.58923068460956,87.58893217734818,100.79769950241173,True,False,升级,0.4827586206896552,0.2672413793103448,0.25,111.02276208540134,100.3203553154063,93.14115015071611
935,86.18130201672366,117.76863929333263,84.92890226881009,98.32880187859378,False,False,维持,0.3793103448275862,0.5517241379310345,0.06896551724137931,111.74389036200644,98.06948386938211,91.39460963343986
936,108.82949323246608,111.182482827649,86.70590203113395,98.01813154321032,False,False,升级,0.5172413793103449,0.3017241379310345,0.1810344827586207,98.28121788716626,106.37629547763946,94.61978172076478
937,92.65703300692556,115.18081619099677,86.57352023878401,96.78733251126197,False,False,维持,0.5517241379310345,0.31896551724137934,0.12931034482758622,97.21340299050539,98.32915173475158,87.54684960957793
938,86.36183547574774,126.97870016533666,86.36183547574774,100.2143308866936,True,False,缓和,0.5689655172413793,0.2672413793103448,0.16379310344827586,106.34221989536158,98.54047068311804,104.12704398645455
939,106.5330738726823,124.38161119721674,89.39209919252353,103.58110641007089,True,False,升级,0.39655172413793105,0.23275862068965517,0.3706896551724138,117.8670477089583,92.13327344926799,97.55274867178701
940,85.46689502246487,124.2682205171251,85.46689502246487,97.62376368890601,True,False,缓和,0.6982758620689655,0.14655172413793102,0.15517241379310345,111.46881347596569,90.99848267621553,92.38549382568897
941,88.79265261083731,109.15478919286949,88.40528620964847,96.19308399495037,False,False,缓和,0.5517241379310345,0.3879310344827586,0.0603448275862069,106.8993124506118,91.44532212451388,91.80964900438687
942,86.50595227974529,125.91315362845427,86.34377784289237,101.07401703741938,True,False,缓和,0.4827586206896552,0.3275862068965517,0.1896551724137931,109.73712696260469,99.37575215279045,94.30412925572067
943,88.6374081621993,124.75500205063145,88.26850632385586,101.68024542699744,True,False,缓和,0.3879310344827586,0.3879310344827586,0.22413793103448276,120.64061174866544,93.56537222295898,97.71079397740584
944,87.94867393354625,117.41111641335183,87.10530658491342,100.60044695215132,False,False,维持,0.33620689655172414,0.5431034482758621,0.1206896551724138,96.47653109988113,102.129471508203,91.60841693465895
945,90.67854618706362,125.01017895132351,89.49476375756736,101.62256603936795,True,False,维持,0.31896551724137934,0.5172413793103449,0.16379310344827586,107.87240126570484,97.73780834975005,95.17198907355147
946,86.90570504895088,118.71975483613447,86.90570504895088,97.97417632365122,False,False,缓和,0.5689655172413793,0.27586206896551724,0.15517241379310345,97.80469682753164,93.89355558296818,92.3253733603149
947,91.62802887860414,120.87758775624177,86.91835564676106,99.86577060211157,True,False,升级,0.5172413793103449,0.3017241379310345,0.1810344827586207,114.59911390402489,96.7069235312207,90.02786543497453
948,89.49147081828163,125.62566799379405,88.49809265370615,99.43830455050849,True,False,缓和,0.3879310344827586,0.5431034482758621,0.06896551724137931,99.11144646184277,92.5315396720653,96.65145049158427
949,89.48170444194044,116.11765071582148,89.14730729836381,100.45097366862684,False,False,缓和,0.3879310344827586,0.4482758620689655,0.16379310344827586,97.47940237400512,93.39894978652046,105.53423099771176
950,97.54846681856827,126.60010070163334,88.31229598382559,102.47648992204759,True,False,升级,0.28448275862068967,0.47413793103448276,0.2413793103448276,110.11172889811334,96.29363493653557,92.01159418762076
951,91.18731899500305,114.17813577016008,84.38537846892963,95.89203121557009,False,False,维持,0.6724137931034483,0.2413793103448276,0.08620689655172414,101.32965854639922,105.05196505095553,89.47452269690947
952,98.04527881576352,113.64194849710324,88.54329275427943,98.53593613811339,False,False,升级,0.5689655172413793,0.2413793103448276,0.1896551724137931,96.72754037890513,93.36808837509562,99.58107693408007
953,91.127529706978,121.03308958392554,87.00393654095186,98.47671851773491,True,False,维持,0.6120689655172413,0.25862068965517243,0.12931034482758622,120.13807630953484,95.0022527299214,93.0944074281126
954,92.18551288283938,125.78634004579445,87.37157822464148,99.8383402562809,True,False,升级,0.5,0.31896551724137934,0.1810344827586207,96.35516345378791,103.17585642933214,94.88478733822296
955,89.29322296983774,111.60911616836417,87.2772052026413,95.17577896829339,False,False,维持,0.6120689655172413,0.28448275862068967,0.10344827586206896,93.22062130103835,90.83003968711567,106.70195932685436
956,100.50551716472626,125.71687975650767,88.47017622688018,101.81236582579052,True,False,维持,0.3706896551724138,0.35344827586206895,0.27586206896551724,108.83047116805218,104.82192410717273,89.41606688116764
957,92.75022891136204,109.7014555755284,86.25792138787818,97.81484390401437,False,False,缓和,0.5603448275862069,0.3275862068965517,0.11206896551724138,95.47924334892198,101.80467920433148,106.16175306031309
958,89.12576248117531,113.96493640168671,88.0610413474219,96.51136271451922,False,False,维持,0.5603448275862069,0.3879310344827586,0.05172413793103448,102.79796847697527,88.32374349022132,100.94025031489886
959,87.3678181811538,123.46559549983225,86.95823649936479,103.74511697034848,True,False,缓和,0.3275862068965517,0.3706896551724138,0.3017241379310345,115.67449908856648,102.52574881777412,101.2088281922225
960,89.43663009129594,110.36338136547701,87.0557290344203,94.94886224415447,False,False,维持,0.6896551724137931,0.23275862068965517,0.07758620689655173,96.71414193579871,97.74667484153723,90.23104694519813
961,96.43761896212123,117.80949291117597,86.73454102716082,99.0546368976783,False,False,维持,0.27586206896551724,0.5775862068965517,0.14655172413793102,95.51558468759423,107.96836659728827,91.18266573450077
962,97.85396391756343,113.77065665278337,86.88388277638373,99.26293231309164,False,False,维持,0.5086206896551724,0.3706896551724138,0.1206896551724138,102.8173631773701,111.7291537095485,87.92492414414458
963,91.2538828511869,111.48856537916754,87.3813464703305,97.26746803290993,False,False,缓和,0.5431034482758621,0.3620689655172414,0.09482758620689655,100.93408586799441,103.03458098797097,90.43699754421469
964,83.68418401347354,125.38000139138498,83.68418401347354,97.94443332535472,True,False,缓和,0.5775862068965517,0.27586206896551724,0.14655172413793102,106.41993132755918,97.75248401968926,96.71531274930567
965,88.32961624391282,129.2490477554284,86.02322552700585,98.51774097238744,True,False,维持,0.5258620689655172,0.33620689655172414,0.13793103448275862,97.93780401596126,92.9706257914974,93.38558882285625
966,84.40295802256018,125.3780891921224,84.40295802256018,101.09951346665261,True,False,缓和,0.3793103448275862,0.43103448275862066,0.1896551724137931,117.18721302890243,93.34872200110011,98.44323901852269
967,87.9432887967326,122.01685129090988,86.89650584444973,98.37793338367014,True,False,缓和,0.6810344827586207,0.1206896551724138,0.19827586206896552,95.6967930707899,103.5794037315674,92.00396310826635
968,88.3593125938125,114.93292867870358,85.11151619812303,98.74644724082239,False,False,缓和,0.5431034482758621,0.33620689655172414,0.1206896551724138,95.57513774411055,98.06162404705121,95.02538741338385
969,94.53544462829092,115.23164070428889,86.26462314935281,99.61059928004029,False,False,升级,0.3706896551724138,0.4051724137931034,0.22413793103448276,99.743766663994,106.91671913647063,90.88396083457722
970,86.98889131087984,119.44883579822597,86.98889131087984,104.19665936527169,False,False,缓和,0.3103448275862069,0.4224137931034483,0.2672413793103448,108.93214964644696,110.42465919191355,99.91502686809532
971,92.70247599192128,114.63685114030407,85.88860499776729,97.3247615673098,False,False,升级,0.4827586206896552,0.35344827586206895,0.16379310344827586,98.31631320906463,113.79285714057404,90.30760500179242
972,90.98361909458966,121.43534612535049,84.54693556635141,99.16257725994512,True,False,维持,0.4482758620689655,0.33620689655172414,0.21551724137931033,101.72887543399435,107.26323263705707,96.28764544428988
973,90.51160705608177,119.91468846878774,89.52131405133272,99.05949360240362,False,False,缓和,0.49137931034482757,0.3448275862068966,0.16379310344827586,104.34171835431046,108.15290592427809,91.2010631361506
974,91.24010512985176,126.78259417240196,90.17853444287587,102.44236306122072,True,False,维持,0.3706896551724138,0.4224137931034483,0.20689655172413793,115.34276017187268,98.65905375155783,94.5073921043163
975,86.85599227567106,126.19274753496245,86.01101045220727,102.36718624517167,True,False,缓和,0.45689655172413796,0.29310344827586204,0.25,117.5043828980255,91.97100896853549,98.82114376165663
976,85.90608948729876,108.30056729213638,84.87495521420131,94.4876967872739,False,False,缓和,0.7586206896551724,0.21551724137931033,0.02586206896551724,95.10486420659629,99.21984194313579,88.92999420492373
977,93.72758231229086,125.61807085876993,86.0489885981833,99.27969619635755,True,False,维持,0.4396551724137931,0.4396551724137931,0.1206896551724138,123.49620629361095,101.66902744800902,88.85113936494339
978,88.87885461541968,125.03909988798935,85.46565137412883,102.63344409774021,True,False,缓和,0.3275862068965517,0.43103448275862066,0.2413793103448276,120.8862505745996,99.83312504492716,99.35162045679124
979,92.2267884917871,115.86557549520799,86.12044345697272,100.80649505320024,False,False,维持,0.35344827586206895,0.46551724137931033,0.1810344827586207,99.34479056291386,107.95377056667299,99.42495490628919
980,88.12136172336137,110.88290014264523,88.12136172336137,96.69195041328203,False,False,维持,0.5948275862068966,0.25,0.15517241379310345,94.53886679668844,93.42459863964044,89.13100784285679
981,88.61964274401527,109.7458718804339,86.86497806939035,95.43354556390064,False,False,缓和,0.6724137931034483,0.31896551724137934,0.008620689655172414,95.97313460325493,93.67147151148968,91.68458520995956
982,88.68682959240401,116.13289821787619,87.99244698604093,96.87696328431863,False,False,缓和,0.5689655172413793,0.3448275862068966,0.08620689655172414,97.27466439868647,101.0685981834589,92.69705109293297
983,89.7606977981831,128.08783472792675,89.7606977981831,100.70133045687281,True,False,缓和,0.46551724137931033,0.3448275862068966,0.1896551724137931,108.26385978943321,103.67453592744117,102.4819158238259
984,94.13479261502258,109.4743800984291,91.69861401464209,98.19098466654081,False,False,维持,0.5431034482758621,0.3448275862068966,0.11206896551724138,97.96048926347389,94.38834396914191,103.40802234136954
985,86.74202336196375,116.34836474286062,85.60827089426193,96.85704925885875,False,False,缓和,0.6379310344827587,0.25862068965517243,0.10344827586206896,96.03462291378506,92.63425255945037,92.81099262429143
986,93.67022878445394,111.82594052925053,87.99246089404237,96.04702954041406,False,False,缓和,0.5603448275862069,0.3879310344827586,0.05172413793103448,94.91849846662714,95.33634449426462,105.0899439316336
987,100.2529599250741,114.15038632157852,89.25415846555535,98.33009296625795,False,False,升级,0.5086206896551724,0.35344827586206895,0.13793103448275862,107.99433486690498,99.18679067877409,90.21017853973362
988,94.12240186514578,117.99458869109382,88.53656397023016,96.99465341569638,False,False,维持,0.5344827586206896,0.3793103448275862,0.08620689655172414,98.85539391964295,94.9626293343366,88.56204935803939
989,94.80060655669062,120.43668951754745,89.64345948957812,99.46385053414078,True,False,缓和,0.39655172413793105,0.49137931034482757,0.11206896551724138,112.66540200030869,104.4017580928577,96.74342229607588
990,90.22892802772476,112.97536010462747,87.55466075935638,98.12955257616638,False,False,维持,0.5086206896551724,0.3620689655172414,0.12931034482758622,95.55860779588606,96.09509252791804,95.14561249398056
991,87.42894855315407,116.64003965249553,87.42894855315407,98.24229538232863,False,False,缓和,0.39655172413793105,0.5431034482758621,0.0603448275862069,98.13141182573527,94.94579776969987,98.9797027808441
992,87.12340612452819,111.12256584574092,87.12340612452819,95.7054527230312,False,False,缓和,0.603448275862069,0.3706896551724138,0.02586206896551724,97.25633895745896,92.07078908187754,90.53760965348232
993,85.66141193130768,114.01243417897378,84.2380204210751,94.33014270462319,False,False,缓和,0.7241379310344828,0.25,0.02586206896551724,93.19982773517883,101.86037025730194,88.82332962241271
994,93.34265377850123,131.41521941361913,82.90599382495998,103.46564468565344,True,True,升级,0.39655172413793105,0.23275862068965517,0.3706896551724138,120.93181320238095,103.21218338137771,107.77609542693179
995,93.45771211554,117.76174961014834,86.02787022301445,99.98835316569149,False,False,维持,0.25,0.6206896551724138,0.12931034482758622,103.07118269690943,98.43485379228336,96.9120236047953
996,94.17696781351489,121.64655812200174,86.85551112688543,102.133936528636,True,False,缓和,0.47413793103448276,0.25862068965517243,0.2672413793103448,107.92720697508302,114.5336280225355,98.47914786220616
997,94.60886227085784,111.2385186958277,85.68855936457544,97.31359434079003,False,False,维持,0.4482758620689655,0.47413793103448276,0.07758620689655173,103.58536305363212,95.51569282176021,93.05030124484587
998,90.54358508905491,119.62810358179335,87.08777760339377,97.91738847432276,False,False,缓和,0.5086206896551724,0.35344827586206895,0.13793103448275862,109.43495986100403,93.86029366071776,88.70225675221569
999,91.6392934619476,115.30948508309312,86.06008291885803,99.55899012738186,False,False,维持,0.31896551724137934,0.5431034482758621,0.13793103448275862,111.49450036689248,95.56951506829425,101.13540792855908
1000,86.78537920580855,115.75459225926723,86.24923800519818,96.62894105827364,False,False,缓和,0.5086206896551724,0.4396551724137931,0.05172413793103448,93.65722006366809,102.25943949113726,90.28880464868226
1001,87.4877285625538,116.04336067739082,87.15058859319136,99.52714952982437,False,False,缓和,0.4224137931034483,0.4482758620689655,0.12931034482758622,95.27127243982903,102.69260372613789,99.38089667938519
1002,90.88005069599902,108.77545576128885,88.51006427761784,96.56633208709354,False,False,缓和,0.6293103448275862,0.27586206896551724,0.09482758620689655,94.01187920255919,97.59989667222086,96.66810212722122
1003,91.6911277589074,112.28484262674154,87.1066172209418,96.19233226049995,False,False,维持,0.47413793103448276,0.49137931034482757,0.034482758620689655,109.0524067537547,94.89673408829137,90.56024466039463
1004,90.490141897317,123.88241535186626,86.45206215680399,99.86926096112467,True,False,缓和,0.4827586206896552,0.3620689655172414,0.15517241379310345,103.7072194738887,99.60211445744548,91.36265510547952
1005,89.8699872101183,120.13692947604397,87.22320216585175,99.53584066215424,True,False,缓和,0.5775862068965517,0.2413793103448276,0.1810344827586207,100.2403758357343,90.87042309766345,118.49729105278611
1006,86.6502488425908,117.78524725472522,86.6502488425908,100.30714397848803,False,False,缓和,0.4224137931034483,0.43103448275862066,0.14655172413793102,102.56434289454208,104.24106996053057,101.69437742063758
1007,87.91815074708755,122.28661216560234,87.91815074708755,102.89351468504084,True,False,缓和,0.3448275862068966,0.3103448275862069,0.3448275862068966,101.85481589114083,117.66057285480211,94.62640372061797
1008,88.24899981309031,116.41071295181467,88.24899981309031,99.15232821619192,False,False,缓和,0.4224137931034483,0.4396551724137931,0.13793103448275862,96.9747342014058,92.70585294139478,103.79877587599013
1009,88.95563792563375,127.07484503459011,88.71859806538185,101.04839992550909,True,False,缓和,0.41379310344827586,0.35344827586206895,0.23275862068965517,94.24240753037348,90.2717690584971,93.83546992258057
1010,94.06252875362246,117.86322514013365,90.95977767550383,101.13712735427538,False,False,缓和,0.21551724137931033,0.5862068965517241,0.19827586206896552,106.27619277613834,98.90368778309399,95.77288031851377
1011,87.32049070315536,112.79803522203346,86.13346791280037,99.3406732719755,False,False,维持,0.46551724137931033,0.3017241379310345,0.23275862068965517,99.30170174545893,99.77984776670829,97.50041678077845
1012,87.1933823079345,118.84956439057123,86.06149139540436,101.33045745198207,False,False,缓和,0.31896551724137934,0.4051724137931034,0.27586206896551724,111.71422940316631,94.19011640893089,113.31383755566763
1013,89.48309101289153,119.05502477385234,87.94663655865905,97.61497618142339,False,False,维持,0.5948275862068966,0.29310344827586204,0.11206896551724138,98.74989720784798,100.98962358000755,99.5106873574355
1014,92.24052046573699,121.27190029146335,85.80352260452338,96.45462196648566,True,False,维持,0.6724137931034483,0.23275862068965517,0.09482758620689655,94.85234136279435,100.0490669856652,91.40688836637555
1015,86.01152586556374,113.76715930216932,86.01152586556374,98.38713624040523,False,False,缓和,0.4051724137931034,0.47413793103448276,0.1206896551724138,102.53686020598752,98.50543833660244,92.40373157160295
1016,91.08821041255707,124.4986338699353,90.60244110020481,101.01814386168313,True,False,维持,0.3017241379310345,0.5775862068965517,0.1206896551724138,109.83023413551334,91.81780875503551,95.40771163950284
1017,89.94266926130493,109.7314276531695,85.16966501181942,94.53334267614028,False,False,升级,0.5948275862068966,0.39655172413793105,0.008620689655172414,95.03477857014772,91.49200432702197,91.44434126261802
1018,90.33297992693124,113.14482566758812,88.63930687342892,97.07277476662112,False,False,缓和,0.5862068965517241,0.3275862068965517,0.08620689655172414,95.43729060561911,101.09661242331528,93.47969421652395
1019,85.38551152853539,116.32770738989687,85.16321404124501,98.09511836160551,False,False,缓和,0.6120689655172413,0.2413793103448276,0.14655172413793102,95.77658488198597,106.4717287830947,98.08200361151015
1020,89.71137436237335,113.46869947598292,89.71137436237335,100.3142216192201,False,False,缓和,0.4396551724137931,0.3793103448275862,0.1810344827586207,95.11953979149817,94.4178819954666,100.31499287582356
1021,98.50119484560457,115.15655126723577,89.86151040264289,98.93202026386444,False,False,维持,0.5431034482758621,0.3620689655172414,0.09482758620689655,111.45013330880055,96.5624251868603,93.4223896115416
1022,89.52174272172677,118.48684857694674,84.41319935030954,97.93487854726254,False,False,维持,0.4224137931034483,0.46551724137931033,0.11206896551724138,101.73756407639154,93.47145114414191,94.50466415968933
1023,90.17236122070655,121.3052958021196,88.34751786403098,103.91538025401873,True,False,缓和,0.3706896551724138,0.3017241379310345,0.3275862068965517,107.40828196109175,117.91673092326978,93.70346405343747
1024,88.3237448958223,114.35209923086146,87.2579032164705,96.43769385504035,False,False,缓和,0.7068965517241379,0.1896551724137931,0.10344827586206896,101.48505286741059,106.67292032937286,92.69968228712663
1025,93.32809986538517,118.19086070798713,87.43605687137865,96.87307350573289,False,False,升级,0.6120689655172413,0.25,0.13793103448275862,104.00340035738348,92.33562422480915,91.59462075071227
1026,92.26774555515102,118.10257355055477,86.70990508942796,98.24995144949156,False,False,缓和,0.5086206896551724,0.39655172413793105,0.09482758620689655,96.52407921595331,99.89681579717478,95.90862058008815
1027,89.09315273563742,109.40848713105908,86.37273675828494,95.5407563821148,False,False,缓和,0.6551724137931034,0.21551724137931033,0.12931034482758622,93.67770432291209,94.995798036897,97.57192225042249
1028,91.15841108813562,117.31874723476298,89.64313103788366,97.64352530819433,False,False,缓和,0.6810344827586207,0.22413793103448276,0.09482758620689655,103.1114121653288,91.34945442476092,90.38898006012258
1029,91.63911344102948,126.16866431584643,90.2417427710815,100.9242069034904,True,False,维持,0.3017241379310345,0.5172413793103449,0.1810344827586207,111.6506570072849,95.29963649089912,95.57300790397333
1030,91.99994794624811,128.95566655989077,91.99994794624811,102.5783744288078,True,False,维持,0.3017241379310345,0.41379310344827586,0.28448275862068967,93.52258627707808,107.75112564036051,100.33141372430961
1031,93.56753904071414,112.71711008866752,90.48236427924613,98.53006120531279,False,False,维持,0.5172413793103449,0.3275862068965517,0.15517241379310345,104.47743824066457,94.92325825971399,104.58636403618735
1032,95.26764652233118,114.95588048948825,86.49342074941731,98.83571774131542,False,False,升级,0.41379310344827586,0.4051724137931034,0.1810344827586207,100.92326951544621,98.20976344486347,93.57734023367104
1033,100.14587615913942,118.22009073731347,87.50899436357378,96.85173538128237,False,False,维持,0.5258620689655172,0.39655172413793105,0.07758620689655173,95.14810628078503,96.75347659802759,91.28361616207403
1034,86.10870736745841,117.90798891470068,84.96432098171258,98.36693436375901,False,False,维持,0.5258620689655172,0.28448275862068967,0.1896551724137931,99.64925254582329,104.34927719356375,88.0360849935983
1035,87.22410611411439,127.30076663534722,86.32374253223544,98.2427322168473,True,False,维持,0.5431034482758621,0.31896551724137934,0.13793103448275862,127.30076663534722,94.35771897501881,92.64674139533923
1036,99.37126763142263,127.18368536851608,88.0846706969508,101.29938559833738,True,False,升级,0.4224137931034483,0.3879310344827586,0.1896551724137931,121.82079870187145,91.33074313804018,88.0846706969508
1037,86.06117765941269,114.70031314159048,86.06117765941269,95.48643460977615,False,False,缓和,0.7241379310344828,0.16379310344827586,0.11206896551724138,92.73354979545496,105.02776640410958,87.02522836876263
1038,98.91658283149322,124.72280526186739,89.23398855038057,99.55284880444314,True,False,缓和,0.5431034482758621,0.22413793103448276,0.23275862068965517,106.74795534421166,91.02746947068297,99.51930830984811
1039,104.413255379008,111.18355040289161,87.86170922076933,96.6642738358099,False,False,升级,0.6551724137931034,0.23275862068965517,0.11206896551724138,98.31271607338229,92.89181428768804,94.37597201240781
1040,90.64587104332709,131.0960636173998,83.83140932435288,98.01458129971087,True,True,维持,0.6120689655172413,0.25862068965517243,0.12931034482758622,101.63665121909716,93.29795850097983,93.02679300221314
1041,89.00382759280136,117.83823485175651,85.95721593879003,96.10936780051256,False,False,缓和,0.6120689655172413,0.3275862068965517,0.0603448275862069,109.13289807612819,92.93909708906284,93.0711433007947
1042,87.71436227241969,115.04002688667836,85.48416860242605,96.14974031072471,False,False,维持,0.5775862068965517,0.3793103448275862,0.04310344827586207,100.56589803640841,95.62412496581824,89.98774635362604
1043,91.53911706287202,119.86431092201293,85.67588071634296,96.50607906137347,False,False,维持,0.5344827586206896,0.4051724137931034,0.0603448275862069,101.41745543132066,90.76961519546524,90.43474648521841
1044,100.57552190651168,129.28194059464485,87.07692429517553,101.86034766801794,True,False,升级,0.39655172413793105,0.3448275862068966,0.25862068965517243,102.39363698416997,93.22995370740281,101.65240947052789
1045,89.08305437275767,117.98694218710062,86.16102253487641,101.67292802230473,False,False,缓和,0.5,0.27586206896551724,0.22413793103448276,114.06418293140625,99.59059473661841,98.79990637475612
1046,97.97115423945615,124.70729988177598,88.60262802216202,100.49099598221784,True,False,维持,0.4224137931034483,0.29310344827586204,0.28448275862068967,122.41678769954069,88.92612755004347,94.42511891077416
1047,88.1846186065024,117.6412192364017,86.77723340370564,96.70914374536954,False,False,缓和,0.603448275862069,0.3017241379310345,0.09482758620689655,98.53350642141022,102.24922438295184,90.85465457638315
1048,99.42150557984414,115.38423279354059,87.58652175489513,97.65276618625423,False,False,维持,0.5862068965517241,0.28448275862068967,0.12931034482758622,97.378481806093,92.00218886639544,87.58652175489513
1049,87.362440500756,123.80730761476644,87.362440500756,99.54535011751815,True,False,缓和,0.3706896551724138,0.5,0.12931034482758622,104.90660726121085,92.53625148436048,91.61464662605844
1050,88.56691394072806,131.7202679478802,88.50367765116734,101.61086616640726,True,True,维持,0.4827586206896552,0.27586206896551724,0.2413793103448276,111.6198506980868,92.28963455956709,99.56018400899553
1051,97.21435289571555,121.55734426635425,86.3111811744013,97.59394401351499,True,False,维持,0.6120689655172413,0.29310344827586204,0.09482758620689655,109.84166125045908,93.2918504181295,88.48669315129266
1052,94.93554272276381,131.6196654396029,87.3090155048027,101.30782092963082,True,True,缓和,0.41379310344827586,0.3448275862068966,0.2413793103448276,98.65665238079023,94.64783503333874,98.27164184006985
1053,94.21667967602747,110.56638446033968,88.28355091728629,94.48510898044216,False,False,维持,0.7068965517241379,0.21551724137931033,0.07758620689655173,92.2989717720114,89.3309998171221,91.54684499027834
1054,87.59944346878699,117.32936421809258,87.59944346878699,99.49318650284889,False,False,缓和,0.5,0.3017241379310345,0.19827586206896552,100.05600130029362,96.85797934491686,98.46759702361412
1055,93.18040711363138,120.02744235429242,88.44445612410797,99.258373171089,True,False,维持,0.45689655172413796,0.3706896551724138,0.1724137931034483,112.62793075716645,94.14132338471404,108.2288697831866
1056,96.68387450841841,120.16292930410454,89.17432870928774,101.13736630940119,True,False,维持,0.3706896551724138,0.3793103448275862,0.25,96.35409650377947,96.35730107359275,94.29131728711883
1057,93.45084707605267,115.03460518274531,87.0020302318749,98.26570448886626,False,False,缓和,0.4827586206896552,0.3448275862068966,0.1724137931034483,93.90142910296676,96.5284112420401,105.98191502711832
1058,85.19156571286706,115.53630306464572,85.19156571286706,99.24234102307034,False,False,缓和,0.46551724137931033,0.3620689655172414,0.1724137931034483,109.13005071841938,95.74039049525757,96.22129633215692
1059,86.79754884748804,106.87430637306095,86.70236666297878,93.82921440184647,False,False,缓和,0.7844827586206896,0.14655172413793102,0.06896551724137931,94.1122513841405,93.00439760694141,89.51970545127817
1060,94.67868487156292,111.66058130963611,89.28278754346698,98.30521935845164,False,False,缓和,0.5172413793103449,0.35344827586206895,0.12931034482758622,103.3807580725097,102.0142909931229,91.73772283919286
1061,91.94885736762613,125.62848481809992,86.82972084464004,100.38221336427479,True,False,缓和,0.4051724137931034,0.3879310344827586,0.20689655172413793,122.22866764891398,98.42905128755486,93.50895803870449
1062,91.53708768722004,120.6085018677925,90.0269795635246,104.05996702555223,True,False,缓和,0.3275862068965517,0.35344827586206895,0.31896551724137934,113.4314537665575,96.43424626185535,117.3481822972693
1063,86.75821168135687,116.3776836084482,83.7157570716466,97.58713314839054,False,False,升级,0.5344827586206896,0.35344827586206895,0.11206896551724138,99.4954746254037,98.04921079956695,99.78613975718613
1064,100.17379012550207,119.72194359831579,85.41848288463376,98.61176120100103,False,False,维持,0.31896551724137934,0.5775862068965517,0.10344827586206896,108.18541903907041,93.55587813002732,94.18909009475993
1065,98.29302688124194,112.5126017666806,88.63109263473078,98.07414964538454,False,False,升级,0.46551724137931033,0.4396551724137931,0.09482758620689655,99.3529871834087,107.67241349500131,97.4826003256403
1066,96.2291998283365,112.0819146947605,86.98390236095285,98.08361700433512,False,False,维持,0.47413793103448276,0.3706896551724138,0.15517241379310345,112.0819146947605,93.92687727716587,95.60976173058087
1067,89.65405984172227,129.3108985874052,87.59583485300485,102.22089954725965,True,False,缓和,0.3706896551724138,0.39655172413793105,0.23275862068965517,121.50128907035153,101.02413392749074,95.12391472396207
1068,86.87094559325723,119.49832577936353,85.65594974763984,101.81846947663908,False,False,缓和,0.5517241379310345,0.12931034482758622,0.31896551724137934,94.2429493150773,117.00866310306095,91.50446947341106
1069,96.47509508436917,140.3533614317201,88.43996796928982,101.00886147860132,True,True,维持,0.5172413793103449,0.31896551724137934,0.16379310344827586,121.67106402909648,92.38930940138732,89.25119122356888
1070,85.34584096277666,114.94308399251713,85.25068214470062,97.29960648197975,False,False,缓和,0.5775862068965517,0.33620689655172414,0.08620689655172414,101.15361324831133,110.62612959614182,86.27042400401037
1071,88.58659074042865,128.55076466844793,88.21088614892834,102.72931484741765,True,False,缓和,0.28448275862068967,0.49137931034482757,0.22413793103448276,102.50816427261466,100.53950810093713,96.41144696789229
1072,86.73344205873737,114.6607186567364,86.64933125622869,97.0802549283199,False,False,缓和,0.5,0.4396551724137931,0.0603448275862069,104.04759734094469,91.26767961267868,96.9667980348393
1073,89.98960811676402,127.2145848960551,87.55667057250312,100.15155481841677,True,False,维持,0.45689655172413796,0.3017241379310345,0.2413793103448276,122.65708275826132,100.87628892854143,92.0949313520327
1074,90.58102086288432,106.92320229600443,90.30882563408474,96.08116932174826,False,False,维持,0.5948275862068966,0.29310344827586204,0.11206896551724138,96.79571005441609,92.8470861547548,92.01449411657627
1075,88.33920783896664,119.98051817275693,84.6421094413102,98.50487909901946,False,False,维持,0.4827586206896552,0.3793103448275862,0.13793103448275862,99.95575245040857,98.51988509397388,104.71685927443373
1076,104.13998775238423,114.26927482849214,87.78925907857159,100.35263885321831,False,False,维持,0.35344827586206895,0.41379310344827586,0.23275862068965517,97.85903599526328,107.8051905373931,90.90148142132085
1077,85.37464874716561,116.05156599394844,85.37464874716561,97.22535274403396,False,False,缓和,0.5862068965517241,0.28448275862068967,0.12931034482758622,103.55134305268504,97.41554741564742,102.83011925039781
1078,97.81409139198743,115.21004419185836,87.4336438231625,96.89538643714607,False,False,升级,0.6896551724137931,0.22413793103448276,0.08620689655172414,105.27742594689309,91.88568933528937,92.26900951234258
1079,88.59530925413911,109.59468202112753,88.59530925413911,97.27930250952875,False,False,缓和,0.43103448275862066,0.4482758620689655,0.1206896551724138,97.66142794907803,94.98037599217382,93.76788069102433
1080,84.21899780685996,118.88358291850459,84.21899780685996,97.67620428923425,False,False,缓和,0.5775862068965517,0.3103448275862069,0.11206896551724138,97.26312468271823,92.84904476334648,90.42418829027565
1081,85.9058706500724,119.88836588352837,85.9058706500724,98.81598484251508,False,False,缓和,0.5603448275862069,0.29310344827586204,0.14655172413793102,101.29844961670419,92.74038327339132,90.37745947462774
1082,90.95469836855632,109.57928776562328,88.9958403956017,99.30430033885764,False,False,缓和,0.39655172413793105,0.5,0.10344827586206896,101.09686972008606,104.55106869591026,91.28861896442561
1083,85.64806274343562,113.7809040063187,85.30742186359352,95.33681520127007,False,False,缓和,0.7241379310344828,0.20689655172413793,0.06896551724137931,92.71442813821727,96.08107913978893,89.42412442217002
1084,86.35182655858719,119.28634682638341,86.15704692938355,97.42216647143296,False,False,缓和,0.6120689655172413,0.33620689655172414,0.05172413793103448,108.3000159757136,92.00083564126759,92.40948509752089
1085,89.39299198642408,115.89226647739373,88.05271474382118,96.62793558250816,False,False,缓和,0.7068965517241379,0.25,0.04310344827586207,115.57652763861527,91.28529586153994,93.3399348215414
1086,87.02126005290847,117.37844464582419,86.6146158333177,98.2328967873178,False,False,缓和,0.45689655172413796,0.46551724137931033,0.07758620689655173,109.36095893873447,91.72010025883426,94.41963892496565
1087,95.14396974179311,132.54521782341263,90.19865493111998,100.622314680259,True,True,缓和,0.603448275862069,0.14655172413793102,0.25,109.20042214654028,90.80899997768667,94.98422034751468
1088,90.640714910057,121.1506464535302,87.85395059811657,100.40456634744382,True,False,维持,0.45689655172413796,0.35344827586206895,0.1896551724137931,119.16589416519311,102.87754504815788,92.81663462326641
1089,85.52744897862135,120.28987912876836,85.52744897862135,97.92962388753631,True,False,缓和,0.646551724137931,0.28448275862068967,0.06896551724137931,97.89240296029735,91.75959520317208,89.33774161762885
1090,86.6075157850712,118.66369060056122,86.6075157850712,99.49094145271086,False,False,缓和,0.5775862068965517,0.27586206896551724,0.14655172413793102,99.55973394311296,91.43309975128513,117.74641744807109
1091,95.22632970843621,111.84810850629415,88.88526007810758,97.36217244345484,False,False,维持,0.47413793103448276,0.43103448275862066,0.09482758620689655,97.97401799663594,89.40794532679546,93.36989322972603
1092,93.66616123095476,126.00175858234637,87.0165656784563,103.6786763162762,True,False,缓和,0.29310344827586204,0.4051724137931034,0.3017241379310345,100.74959877410936,108.68463152737105,90.46801338223418
1093,95.66020888488802,112.05621718432363,88.91325709077186,99.0046923500079,False,False,缓和,0.5431034482758621,0.27586206896551724,0.1810344827586207,96.30645234095013,95.2514221079551,98.34302768789539
1094,91.75986627784717,126.7364762326267,85.89193010367593,96.85712869152685,True,False,缓和,0.6206896551724138,0.27586206896551724,0.10344827586206896,97.65505105345483,109.34070260376807,93.68889133001275
1095,87.37372344314038,124.65845541022459,86.486256012907,99.08763550942113,True,False,缓和,0.46551724137931033,0.4051724137931034,0.12931034482758622,96.68922725157977,93.19642421425246,97.92933946454437
1096,94.60768935835117,122.55729531735837,88.28783911732012,103.05502277937669,True,False,维持,0.25862068965517243,0.43103448275862066,0.3103448275862069,108.59250653072833,121.82126920021939,92.36157739418307
1097,94.67272707898091,117.79677728694502,90.18008664613727,97.72686003372145,False,False,维持,0.5344827586206896,0.31896551724137934,0.14655172413793102,91.84062350860422,96.74142283941197,93.40468204219317
1098,90.45369202572836,110.7869044820457,89.42770678931336,99.64875127138548,False,False,缓和,0.3706896551724138,0.5172413793103449,0.11206896551724138,104.29319876923365,95.62614800955322,100.66727290101836
1099,89.64781239159197,120.40948417151138,85.97428153337019,102.27645796862106,True,False,维持,0.3620689655172414,0.39655172413793105,0.2413793103448276,111.02712562460817,109.63439082875982,95.93182798592946
1100,98.97637488277377,116.85639571658967,84.75639069303044,101.30090635056406,False,False,升级,0.43103448275862066,0.3793103448275862,0.1896551724137931,111.78924563670273,95.31409215376105,99.16350801637111
1101,90.86412727346351,114.91329308388443,88.06882379237554,97.9922587641669,False,False,维持,0.35344827586206895,0.5689655172413793,0.07758620689655173,98.87243133970527,92.6574852882172,97.93636354689042
1102,96.26490648172802,111.88613855667546,85.58733166499619,99.1088457881313,False,False,维持,0.3706896551724138,0.4051724137931034,0.22413793103448276,104.85250332651178,103.75028808375973,91.45319706589237
1103,88.91432792498675,122.4887398411558,88.49802015694358,98.83404974050217,True,False,缓和,0.5431034482758621,0.33620689655172414,0.1206896551724138,101.03608749399207,90.65375885767955,104.19733801636252
1104,87.14421518553223,118.33774753484447,86.06666145388006,97.76399662430313,False,False,缓和,0.5948275862068966,0.27586206896551724,0.12931034482758622,100.75811655675061,93.04897155681783,97.20390572369517
1105,91.04369759483113,115.0842633938539,89.63193576326147,99.16373439215005,False,False,维持,0.5689655172413793,0.29310344827586204,0.13793103448275862,98.90792458727235,97.80460142096051,89.63193576326147
1106,85.94059840929698,112.79406636052008,85.86569694109801,95.55235729480943,False,False,缓和,0.7241379310344828,0.19827586206896552,0.07758620689655173,92.51827897002481,93.06934009220957,88.03320920368958
1107,83.94204701685274,125.24816543880492,83.55942226473222,103.06464181458074,True,False,缓和,0.3793103448275862,0.35344827586206895,0.2672413793103448,104.27260875993085,108.85348298210319,96.40624211140118
1108,85.37954411988697,115.53362017429386,85.19840845060313,99.69037122189911,False,False,缓和,0.31896551724137934,0.5862068965517241,0.09482758620689655,105.9500027758546,99.89782724633818,92.89120462028517
1109,90.99443188241825,127.94964747094734,85.63332927460536,96.63724979486602,True,False,维持,0.6637931034482759,0.21551724137931033,0.1206896551724138,106.92967165137988,102.62469598358201,89.60451206819668
1110,102.22181623490904,117.5942554909558,89.95947207629168,101.43293127046273,False,False,升级,0.45689655172413796,0.2672413793103448,0.27586206896551724,110.96576189752507,109.80549957857252,95.7177691364385
1111,89.1737298592984,112.09726243711265,88.72332458076873,95.17856431262882,False,False,缓和,0.6379310344827587,0.29310344827586204,0.06896551724137931,96.6224654344867,93.83759528366456,88.77466533329783
1112,85.83615901519234,117.53503388325841,83.94999111764996,97.06227682133652,False,False,缓和,0.5172413793103449,0.3879310344827586,0.09482758620689655,115.16545675534127,93.01446939456463,106.19095364701666
1113,89.74728318023989,112.01663682285115,89.74728318023989,98.86493989278269,False,False,维持,0.4396551724137931,0.4051724137931034,0.15517241379310345,96.83919391106879,95.99290674438122,99.1792218923784
1114,98.4488507142846,118.81182408976171,91.81534970853495,101.26782027213704,False,False,缓和,0.16379310344827586,0.6982758620689655,0.13793103448275862,100.30838306817698,102.70676341378551,95.10977190072863
1115,91.4508064412003,127.28831639194287,91.35054734939393,103.31771068977534,True,False,缓和,0.4482758620689655,0.1810344827586207,0.3706896551724138,108.52292288670625,104.578600566479,94.24539345114589
1116,101.00761745117852,108.3467715244086,86.94684639460893,95.31770781609534,False,False,升级,0.6293103448275862,0.25862068965517243,0.11206896551724138,98.74422460526111,100.4402378228834,92.64873119840999
1117,84.77454844169333,126.08820630419314,84.77454844169333,101.71636181361919,True,False,缓和,0.45689655172413796,0.3879310344827586,0.15517241379310345,115.76445627923428,111.76572099886091,91.42474934410679
1118,93.83528924088833,118.91945057566643,89.18570872990267,102.48254309041539,False,False,缓和,0.31896551724137934,0.39655172413793105,0.28448275862068967,103.16678659250373,118.17697614570618,89.72863866279448
1119,97.26098445598454,115.25548213184925,90.32167701895739,98.17903536793482,False,False,维持,0.49137931034482757,0.3103448275862069,0.19827586206896552,97.14059032416878,90.7010437581157,99.98611718121839
1120,91.48850192423006,111.6991897046725,89.46435092071017,96.40776478847155,False,False,缓和,0.6206896551724138,0.31896551724137934,0.0603448275862069,92.51594834947484,92.64103626674351,89.85784692245596
1121,88.17717572681943,121.28747020551725,86.85418695736814,102.27346509683775,True,False,缓和,0.3706896551724138,0.4051724137931034,0.22413793103448276,108.0527944496343,97.85100551797173,120.25150935522379
1122,88.48203375910461,120.2009946183149,88.48203375910461,100.09210225351964,True,False,缓和,0.5,0.35344827586206895,0.14655172413793102,114.9167217500548,94.05674649291586,97.19303386541777
1123,86.60941741310056,113.45145760217325,85.98059652537222,96.78850179394055,False,False,缓和,0.6120689655172413,0.25862068965517243,0.12931034482758622,113.45145760217325,99.37100756588008,90.84273489966357
1124,94.34377111605616,121.96486634990485,86.37264382337627,99.25909274247137,True,False,升级,0.46551724137931033,0.35344827586206895,0.1810344827586207,92.58109688358775,104.5326615662888,95.19292238357357
1125,97.88455171126492,109.44780261335892,87.89675223862949,95.93951430585656,False,False,缓和,0.603448275862069,0.3103448275862069,0.08620689655172414,91.61018509892016,103.5614276638099,90.92624820835955
1126,91.3231860727805,126.68454368202421,86.85564216618634,97.88718647831891,True,False,维持,0.5862068965517241,0.2672413793103448,0.14655172413793102,106.23381787388003,93.06284234540648,90.06771096770709
1127,97.10801572630072,119.83612201712513,88.82076773380724,101.19252300814809,False,False,升级,0.3879310344827586,0.35344827586206895,0.25862068965517243,111.49909275462599,118.94162402478825,97.36984214600943
1128,87.37405810715283,114.02885975294373,87.31567192674056,100.77532815094789,False,False,缓和,0.47413793103448276,0.3275862068965517,0.19827586206896552,102.96845101708169,104.21855689369346,93.05490116886295
1129,94.33930274081565,122.79670195599347,86.60465547331484,96.88661187986068,True,False,升级,0.603448275862069,0.25862068965517243,0.13793103448275862,94.86907606099193,98.58391474191276,88.80684682290399
1130,86.97147982736489,119.08396123254315,86.51731046272126,96.84794625687661,False,False,缓和,0.6206896551724138,0.29310344827586204,0.08620689655172414,109.38470950226292,92.42731439377773,89.44216564910519
1131,86.7169395074666,129.2164775037376,86.7169395074666,99.89905377486501,True,False,缓和,0.4396551724137931,0.43103448275862066,0.12931034482758622,107.79078379512299,95.10586117542832,102.54337718389803
1132,85.3441427388216,113.61079842383006,84.45213854119257,97.68547451261362,False,False,缓和,0.5603448275862069,0.3275862068965517,0.11206896551724138,93.30845902360493,97.26571799705546,97.63367767206267
1133,92.84857042170106,119.3663153201697,88.2146640749724,94.58710536634383,False,False,维持,0.7155172413793104,0.22413793103448276,0.0603448275862069,92.60013962511388,93.63103113441045,90.09361253235033
1134,87.53841893509434,110.59701426867618,86.11315073795444,97.03014820464801,False,False,缓和,0.6896551724137931,0.1810344827586207,0.12931034482758622,96.66771556511077,95.12524506252478,107.81934363429794
1135,91.72326547378262,117.65074486553388,88.11021758881088,96.67565512472221,False,False,维持,0.5086206896551724,0.39655172413793105,0.09482758620689655,93.01506803877265,92.61687020306822,92.83723832934038
1136,93.20232124305257,123.91691557739802,86.63577802504628,100.61075540005673,True,False,升级,0.39655172413793105,0.43103448275862066,0.1724137931034483,104.83103925038668,94.88062744269118,107.44382178470573
1137,98.07470243041533,114.20268195337881,84.02131006878558,96.90802833622217,False,False,升级,0.5948275862068966,0.3275862068965517,0.07758620689655173,107.2614099007364,95.43381374748348,95.33483121175166
1138,90.33540348750422,126.96133399827919,87.89755915869773,101.92838892910879,True,False,缓和,0.4827586206896552,0.25,0.2672413793103448,121.07092342661176,110.05707111598116,97.36693299469864
1139,89.43440830762798,123.25510329974604,87.93826245629727,100.02892635361844,True,False,缓和,0.5344827586206896,0.29310344827586204,0.1724137931034483,98.05873424672247,95.43631994637694,90.59739835677819
1140,98.97934854480512,115.65820365139678,89.35779706340986,96.41786221688614,False,False,维持,0.6637931034482759,0.23275862068965517,0.10344827586206896,99.43253460459387,94.2310519414817,91.08829865680508
1141,90.19574326870317,113.41943426365629,86.71108499992202,93.541002241923,False,False,缓和,0.8362068965517241,0.12931034482758622,0.034482758620689655,95.51829885061879,91.67851184170067,90.63074018999414
1142,92.84297166893029,130.48950732219024,86.94979321517278,103.60580874262298,True,True,升级,0.46551724137931033,0.2413793103448276,0.29310344827586204,122.10869310223552,100.17223810305568,90.18568164859195
1143,92.6316618709996,115.63385712932423,85.0259660539338,99.45774456703532,False,False,维持,0.4051724137931034,0.4482758620689655,0.14655172413793102,102.51629045476349,102.61341515119601,94.0660076554251
1144,92.55060623436717,123.99263119868253,91.8983812765974,103.40432597771526,True,False,缓和,0.31896551724137934,0.3793103448275862,0.3017241379310345,108.43123474954425,95.06121835812012,99.65514870712427
1145,96.15164050471002,128.78609340891137,90.17929087106081,103.65905040216494,True,False,维持,0.39655172413793105,0.27586206896551724,0.3275862068965517,118.68306792770959,115.23577162029613,91.0516745527505
1146,98.96628207479758,125.04309500406394,89.10075506473659,100.32256764265072,True,False,升级,0.47413793103448276,0.3103448275862069,0.21551724137931033,102.52972566361152,91.90660484686768,91.5618561975471
1147,86.95802844469978,118.829885400801,86.83578332518903,97.95507060191211,False,False,缓和,0.6379310344827587,0.25,0.11206896551724138,98.66275667355067,93.36769570936967,95.39898985034404
1148,101.924112035685,123.19804779873176,88.93146392812152,105.31248372556993,True,False,维持,0.33620689655172414,0.28448275862068967,0.3793103448275862,116.89983756601487,101.91522381115166,98.86480703276102
1149,91.29878175178722,110.93107032860543,87.13523581893423,93.25323296414142,False,False,维持,0.8275862068965517,0.1206896551724138,0.05172413793103448,91.38680050131137,89.66014722382788,90.2789009711372
1150,87.3496829697559,111.92783598221403,85.38582941836587,96.6839644742631,False,False,维持,0.43103448275862066,0.5431034482758621,0.02586206896551724,100.305349973467,96.87228059101935,93.53930936458075
1151,92.78502577347714,117.21858189826494,87.3091435089274,98.70840541355109,False,False,升级,0.4827586206896552,0.4051724137931034,0.11206896551724138,94.50321399511051,110.1693162780764,90.47554762385427
1152,86.78839507890167,131.170513285908,86.19330038240258,106.2459945000282,True,True,缓和,0.22413793103448276,0.46551724137931033,0.3103448275862069,125.11837908618975,105.68357868312071,92.16036755794845
1153,88.51774020912056,115.94409252444746,85.21061634717323,98.74056157731319,False,False,维持,0.6120689655172413,0.23275862068965517,0.15517241379310345,106.71176962476692,100.76130370542971,98.59312909445825
1154,85.87723974387121,110.99079381110897,85.87723974387121,96.11042090773167,False,False,缓和,0.5603448275862069,0.3879310344827586,0.05172413793103448,93.25537175863842,99.90849221996038,94.32462611434175
1155,88.73263423000206,124.7956189502066,88.73263423000206,97.94584740743521,True,False,缓和,0.5948275862068966,0.35344827586206895,0.05172413793103448,97.42368439430308,100.23750179724783,89.65565004596984
1156,91.29219743018093,118.0353049341911,87.71869526813813,99.83804785656608,False,False,维持,0.39655172413793105,0.47413793103448276,0.12931034482758622,104.40149241414065,94.57955323775815,97.56498099894162
1157,99.89213327698059,123.57690923537957,87.67577943549232,99.66836269841278,True,False,升级,0.5775862068965517,0.21551724137931033,0.20689655172413793,100.06462394522354,95.56210058331479,102.05393916976125
1158,93.0577785971954,120.51907136762652,89.12937181320548,100.42573507073784,True,False,维持,0.5172413793103449,0.3103448275862069,0.1724137931034483,97.98250933725679,92.7518058440279,93.3828578743407
1159,87.35752180417447,121.31108476864733,87.09265475569065,99.57528048784008,True,False,缓和,0.49137931034482757,0.41379310344827586,0.09482758620689655,108.46667435880802,100.39211310632157,89.89755607511428
1160,103.67957733126939,126.6583721010685,87.81287790040669,98.26314083457294,True,False,升级,0.5603448275862069,0.27586206896551724,0.16379310344827586,106.26276058077524,93.89809187870837,93.07884835785121
1161,87.43322059701002,115.80261340626124,86.38409369333642,97.38225358336756,False,False,缓和,0.5862068965517241,0.2672413793103448,0.14655172413793102,97.69813932748548,115.80261340626124,98.0322035812471
1162,92.80647634073722,117.9881124643821,86.68877105580016,99.33888863926607,False,False,维持,0.43103448275862066,0.43103448275862066,0.13793103448275862,115.78619325346864,97.58228970587786,87.79361425887954
1163,103.19534295595213,118.70518007561057,87.45737456173076,100.25819887666238,False,False,维持,0.2413793103448276,0.5862068965517241,0.1724137931034483,101.23334358104712,98.82133071108548,89.78726837107999
1164,88.98623987780663,121.6695535024792,87.19129355100002,96.28453341857951,True,False,缓和,0.6810344827586207,0.21551724137931033,0.10344827586206896,106.418126114753,95.77455059963253,97.14650149166681
1165,91.65397351111787,111.40260646221404,88.24732162471973,96.20261087613501,False,False,维持,0.6120689655172413,0.29310344827586204,0.09482758620689655,97.71633913237123,91.8671538854602,105.33959325415444
1166,100.70410257049674,115.76378465838226,89.38020770754555,100.1681770082802,False,False,升级,0.3448275862068966,0.5431034482758621,0.11206896551724138,114.2186966833517,93.5637724909285,97.64717783242311
1167,95.17779855487075,112.93405159796895,87.73720410081035,96.86224574958536,False,False,缓和,0.5775862068965517,0.31896551724137934,0.10344827586206896,96.73147100203461,92.75608863214458,91.08338684140877
1168,87.03630237954468,119.49660588675977,87.03630237954468,103.19017298919793,False,False,缓和,0.33620689655172414,0.49137931034482757,0.1724137931034483,104.60178390511871,100.83976843642596,93.6308970120797
1169,93.90255744219091,116.25932116948732,86.9976074845512,99.01014380384912,False,False,维持,0.5344827586206896,0.3017241379310345,0.16379310344827586,103.39891841028874,103.68034487711937,99.54892391582594
1170,92.34668542882098,117.29220394357006,84.46780932289256,99.37212366189202,False,False,维持,0.4827586206896552,0.31896551724137934,0.19827586206896552,115.78253462202144,108.5302701369566,88.88726008325861
1171,91.37274170800748,120.46986544017375,86.79893268379793,98.24757744990153,True,False,维持,0.5,0.3620689655172414,0.13793103448275862,117.62356532675666,100.9082140021489,87.06131687216069
1172,92.87263968048126,118.53016548554486,87.55495719525618,101.04931709542491,False,False,缓和,0.3275862068965517,0.4482758620689655,0.22413793103448276,107.32283474201773,114.9242555436525,96.56795225253482
1173,95.79386793434719,130.73398204972574,90.0857351218205,102.44208149718446,True,True,维持,0.25,0.47413793103448276,0.27586206896551724,116.74510104534173,111.35776437312167,95.70711167817679
1174,84.55824316282556,118.31651886947189,84.55824316282556,98.72078459160232,False,False,缓和,0.5172413793103449,0.3017241379310345,0.1810344827586207,94.75714976158073,106.2241683034033,90.23857432729571
1175,96.35412020850885,118.26655135707615,87.23595246068025,99.66709875233785,False,False,升级,0.4827586206896552,0.3017241379310345,0.21551724137931033,98.98681486181833,97.64514289905347,101.70104877665726
1176,97.95766582824413,117.43326674661503,87.9552031004296,98.1826895430109,False,False,升级,0.603448275862069,0.21551724137931033,0.1810344827586207,97.78567139335622,96.25903852271735,99.08151526352941
1177,88.95816937281742,118.9471304833218,88.95816937281742,101.05508011292498,False,False,缓和,0.39655172413793105,0.3879310344827586,0.21551724137931033,110.27057247402836,98.18054237535758,94.53741037370699
1178,98.67740122734907,122.61393768630492,87.76723678232513,101.57520264508031,True,False,缓和,0.43103448275862066,0.3017241379310345,0.2672413793103448,98.2648823407972,93.21955135005824,90.03250223564483
1179,99.40737943105981,114.3278854110447,86.66989909084015,97.87556609408198,False,False,维持,0.6293103448275862,0.23275862068965517,0.13793103448275862,97.70379606418625,94.48813064357789,101.66193819619288
1180,91.80899921645283,113.88971118143012,83.37873601938797,94.82774151058194,False,False,维持,0.7155172413793104,0.22413793103448276,0.0603448275862069,94.63098795696641,92.5910398167975,84.69018502917265
1181,97.49881001221065,123.0346329717777,87.56761554476323,97.42879182667927,True,False,维持,0.6551724137931034,0.21551724137931033,0.12931034482758622,94.82525008617807,94.65533584065847,92.9489547922307
1182,94.47889742413298,115.1767456911062,86.34308069598394,99.25929418375969,False,False,维持,0.49137931034482757,0.31896551724137934,0.1896551724137931,91.49830212132439,103.61605598116161,101.68336923120411
1183,91.3770674766825,116.34546658411462,86.67285610992725,99.77932387492186,False,False,缓和,0.49137931034482757,0.3620689655172414,0.14655172413793102,111.71102233771974,102.76438444400442,91.03474849815898
1184,89.36191272218296,110.08733578388372,85.3290443979595,95.76981428745685,False,False,缓和,0.7155172413793104,0.1724137931034483,0.11206896551724138,96.50337449259801,91.54871514667704,102.09150018114383
1185,89.93298788919394,119.5954848894518,87.84442856998983,100.60565816590115,False,False,维持,0.4827586206896552,0.29310344827586204,0.22413793103448276,118.12231441842518,94.91087937601633,105.65305982484898
1186,87.57995079351494,117.5582014204779,87.33023385434282,99.0643763295467,False,False,缓和,0.603448275862069,0.11206896551724138,0.28448275862068967,92.79893224471047,96.79257675827097,117.5582014204779
1187,85.16594294390482,124.13055765956709,84.3434759319121,100.54462499125671,True,False,缓和,0.3620689655172414,0.5258620689655172,0.11206896551724138,106.49619527121034,101.81131981160307,94.27779170888117
1188,90.82962483589263,119.57176223457196,89.26868859209814,100.54617208536068,False,False,维持,0.4482758620689655,0.4224137931034483,0.12931034482758622,107.51562083411284,98.8447482004649,97.36205384642206
1189,92.59050266423593,130.52021300332004,89.09044026809367,99.2308560757048,True,True,缓和,0.5172413793103449,0.3793103448275862,0.10344827586206896,96.81172156986572,98.74829067448,93.54806893526792
1190,84.72820297206417,117.58100773186301,84.72820297206417,100.14171497375779,False,False,缓和,0.5258620689655172,0.2672413793103448,0.20689655172413793,115.08189377454346,91.02972348450248,97.75523705308261
1191,93.79424157245816,117.19173080263565,88.57900952087924,97.64856410320132,False,False,维持,0.5603448275862069,0.3620689655172414,0.07758620689655173,110.03732472597453,100.22925732970045,92.68486126636611
1192,96.50913473456443,114.21447454156731,87.03459813330842,96.4840836283709,False,False,维持,0.5086206896551724,0.39655172413793105,0.09482758620689655,105.25746211352308,92.15853703897484,87.03459813330842
1193,89.34087283620283,110.01711344650548,89.2400707652496,95.9905241501643,False,False,缓和,0.6379310344827587,0.28448275862068967,0.07758620689655173,97.47286740861738,92.59557784862348,102.30925187892744
1194,85.2636130198441,123.52567450050404,85.2636130198441,100.8702727283767,True,False,缓和,0.47413793103448276,0.27586206896551724,0.25,109.32706069008442,93.26170893232315,107.45116608564622
1195,90.36865948661534,116.27763345930937,85.42672703558438,97.81681417840153,False,False,维持,0.45689655172413796,0.46551724137931033,0.07758620689655173,99.87920252531718,95.98389252939363,91.40965952220253
1196,100.82907204515102,110.82535112807143,85.93051949970125,97.48218702104414,False,False,维持,0.29310344827586204,0.6379310344827587,0.06896551724137931,96.71079167519754,93.73515880005696,95.05032328426276
1197,90.20615645744512,111.35456793396251,85.55411670429118,96.55880773435669,False,False,缓和,0.5431034482758621,0.3620689655172414,0.09482758620689655,103.22925296663331,97.94852965853691,93.39397007492312
1198,92.65565827430484,114.60397635242738,84.88730852584979,97.59597126105447,False,False,升级,0.5603448275862069,0.3103448275862069,0.12931034482758622,92.7107779891596,93.88284473524385,94.13759667262899
1199,100.37459265129623,120.03515309230018,87.39538802449489,99.27382912094879,True,False,升级,0.45689655172413796,0.43103448275862066,0.11206896551724138,118.06013138221266,93.31012056182772,91.57912432912366
1200,94.4150482356266,117.10230393028328,87.21513987107485,102.6806877715699,False,False,升级,0.3275862068965517,0.3793103448275862,0.29310344827586204,103.10106507204675,96.24250345179435,108.0507612533999
1201,93.77304570195616,112.2523407535695,87.82888721000516,95.80465411986795,False,False,缓和,0.5948275862068966,0.3017241379310345,0.10344827586206896,92.43805882052825,91.77344778226269,90.99097492262266
1202,101.15969950668811,116.09322632971895,90.0393404287712,100.92457770411255,False,False,维持,0.3620689655172414,0.4051724137931034,0.23275862068965517,99.69897667280325,108.54478794196928,100.40105227287367
1203,91.03487839795987,116.32530491759178,91.03487839795987,99.43568831748122,False,False,缓和,0.3275862068965517,0.5517241379310345,0.1206896551724138,111.71946126341399,93.4465569071404,92.88426721830471
1204,87.24875248518742,128.35594641449242,84.67840291613228,101.6381968011184,True,False,缓和,0.3275862068965517,0.45689655172413796,0.21551724137931033,105.6934708344443,107.14992229515136,93.3329299404478
1205,89.47913798336405,116.1553355172292,88.68495436863634,99.30806446070386,False,False,缓和,0.5431034482758621,0.21551724137931033,0.2413793103448276,100.53078423696954,98.06913352381942,93.2935127462209
1206,96.97897644340654,126.7952022046454,89.18691102071135,102.95128663011492,True,False,维持,0.43103448275862066,0.21551724137931033,0.35344827586206895,95.03674747593465,111.92299432810694,105.53082350444721
1207,94.58508731099495,115.85524556499459,88.92597948099224,99.94883001825448,False,False,缓和,0.3879310344827586,0.5,0.11206896551724138,102.71658122312243,89.44855565860266,104.76562417698563
1208,96.02016343302655,119.9906553533904,86.979222953172,97.18727376269526,False,False,升级,0.5603448275862069,0.3706896551724138,0.06896551724137931,102.93977981098641,89.07825072602175,89.21060843141163
1209,94.42597958587841,120.74548544805153,90.7369432749773,102.46326677155481,True,False,维持,0.3793103448275862,0.35344827586206895,0.2672413793103448,114.74857731419337,102.36434525733888,91.20736710125578
1210,92.11913436170506,120.87739244924587,87.06097231632594,97.47113472187483,True,False,升级,0.7068965517241379,0.20689655172413793,0.08620689655172414,102.34272052747879,93.35754734302974,88.81826807509822
1211,87.74595671247617,119.17279446573923,87.74595671247617,100.72634762077011,False,False,缓和,0.4224137931034483,0.41379310344827586,0.16379310344827586,101.35617997983042,96.46648288997999,105.31970672195408
1212,87.81937464920831,109.5990898892522,86.40996486099812,97.38681264983398,False,False,缓和,0.5517241379310345,0.3793103448275862,0.06896551724137931,96.77679847313482,99.64863766603702,99.29666615886491
1213,89.42533460614912,121.0267527048222,85.2358089263952,97.12151721255499,True,False,维持,0.5258620689655172,0.3448275862068966,0.12931034482758622,102.76635450601113,103.44059694968033,90.98544188600852
1214,103.38117997471176,107.75668849815665,88.66099745329728,97.21482437902011,False,False,维持,0.6206896551724138,0.2672413793103448,0.11206896551724138,106.42048855682675,105.17366279910661,90.73460834171264
1215,89.80678797304105,125.97051142925689,85.93328863572694,101.81996160376542,True,False,缓和,0.3879310344827586,0.41379310344827586,0.19827586206896552,109.18860448046112,100.42960576526507,98.674349451346
1216,90.71054417213574,115.84472391033039,86.68727979277503,97.32855561546857,False,False,缓和,0.603448275862069,0.27586206896551724,0.1206896551724138,91.54080008212618,103.85643893287389,86.73194945953549
1217,90.0662508017311,128.73642349112055,86.40784294070554,102.24784692489428,True,False,缓和,0.3448275862068966,0.45689655172413796,0.19827586206896552,113.56281905161413,91.38593149196227,95.72953293569913
1218,86.36989578217279,117.21240486057764,86.36989578217279,94.99050255220018,False,False,缓和,0.8189655172413793,0.11206896551724138,0.06896551724137931,101.62754579060861,94.29748415776713,89.32053215856982
1219,87.82982055746852,107.80750842787984,86.53534413452223,96.37854892987022,False,False,维持,0.5258620689655172,0.4224137931034483,0.05172413793103448,98.57529278833876,96.36309890626345,93.29781244779828
1220,91.09152271707492,112.54029994112324,87.97796722536089,96.52192233614397,False,False,维持,0.5775862068965517,0.3706896551724138,0.05172413793103448,97.55482021949835,104.49832631528847,90.54190368918633
1221,97.24464105281515,110.23463804401027,88.7307345304206,96.2234150257448,False,False,维持,0.49137931034482757,0.41379310344827586,0.09482758620689655,96.08997324873674,102.79720726312219,91.82178181285204
1222,88.51329161301248,112.32610959779637,88.51329161301248,96.59014685822437,False,False,缓和,0.46551724137931033,0.4827586206896552,0.05172413793103448,92.50740210808421,96.39426887184086,96.48346439262933
1223,93.95115533621532,110.93417441257982,87.39674839417057,96.20819766955437,False,False,缓和,0.5517241379310345,0.3879310344827586,0.0603448275862069,99.06232836610333,96.08255841791579,97.38547877698083
1224,95.91995352555517,118.84957054349324,87.43062377554556,100.7214286648105,False,False,维持,0.27586206896551724,0.45689655172413796,0.2672413793103448,108.47926659693219,98.73026580182312,93.16815265164077
1225,88.27598919741855,115.80365678936073,88.27598919741855,101.1512581038665,False,False,缓和,0.33620689655172414,0.4396551724137931,0.22413793103448276,101.837371159248,103.74578554682365,98.87478281829108
1226,87.97725480135631,117.92192356116661,84.72367365619797,97.14444672453612,False,False,缓和,0.6120689655172413,0.25862068965517243,0.12931034482758622,102.17285643403314,92.38666935873563,92.84364248964411
1227,86.34318814004241,115.0118509394577,86.15248640723607,96.79514754629037,False,False,缓和,0.5775862068965517,0.3275862068965517,0.09482758620689655,96.35224374705378,99.54596552647362,93.73375828999613
1228,90.75062413702634,119.15948875546113,86.79365934693017,100.08292510119367,False,False,缓和,0.5258620689655172,0.25862068965517243,0.21551724137931033,95.60206014560546,106.24198637082173,100.90224239967637
1229,90.03950021685922,117.28366723197537,84.68696438584323,97.45735577090348,False,False,缓和,0.5172413793103449,0.39655172413793105,0.08620689655172414,104.61127642490109,102.07550600974561,102.9815299952141
1230,88.6238465786031,109.30252589734177,87.95635993853752,97.53083505690287,False,False,缓和,0.5,0.41379310344827586,0.08620689655172414,100.00606452811839,95.4611399199633,97.12180659793471
1231,89.76583230920114,115.30645575486557,89.76583230920114,98.94654010260946,False,False,缓和,0.5258620689655172,0.28448275862068967,0.1896551724137931,110.29470180237237,94.67255703433315,96.26426383515039
1232,96.53178955123255,125.92675679763614,86.19755295469069,101.06171480488692,True,False,维持,0.5603448275862069,0.1810344827586207,0.25862068965517243,124.31514369521526,92.3932875514856,97.55545298190265
1233,90.54694185115343,113.13864286904514,86.42904793446895,98.13073673775165,False,False,维持,0.47413793103448276,0.4051724137931034,0.1206896551724138,102.18628810190283,93.4016720409358,93.64061527446651
1234,100.7743789423968,111.22441759120552,90.94063211727598,98.48793328325846,False,False,缓和,0.5431034482758621,0.19827586206896552,0.25862068965517243,93.62905643522602,93.88357190057654,93.85585291291792
1235,87.90905500085618,118.9014206477683,87.90905500085618,99.50581101501062,False,False,缓和,0.47413793103448276,0.3620689655172414,0.16379310344827586,95.67856858038778,103.97767509150289,100.96679891325948
1236,87.9776161911957,123.65229798832296,87.15425563846642,99.50779098002096,True,False,缓和,0.5086206896551724,0.28448275862068967,0.20689655172413793,118.38806957721353,93.35403440804039,93.68258601871098
1237,90.81923054336059,112.04089694285788,89.61296177241928,97.20573963938094,False,False,缓和,0.6379310344827587,0.20689655172413793,0.15517241379310345,103.57992562292493,105.6561338501927,101.8255816274731
1238,96.35140549428274,116.31656209192622,87.52236107853116,99.96156729064373,False,False,维持,0.3620689655172414,0.41379310344827586,0.22413793103448276,109.22099961644199,112.65269226637707,91.81900753957866
1239,90.16333366996423,111.34711337874874,86.44503898994532,95.56237166892188,False,False,维持,0.6724137931034483,0.25862068965517243,0.06896551724137931,93.4824707683034,93.91885067583569,90.83483865530295
1240,92.53605655090028,124.87258175469601,88.29104248598432,100.82777554497747,True,False,缓和,0.3448275862068966,0.4827586206896552,0.1724137931034483,114.30095439552959,96.99049626678763,90.01604607430815
1241,90.63835139706421,115.2078805735508,87.09678130669589,98.23531261655636,False,False,缓和,0.49137931034482757,0.3620689655172414,0.14655172413793102,96.58364244230583,113.55846526671667,92.26515131283077
1242,88.26010172910166,115.58680153122033,88.12242349758195,98.94030433151262,False,False,缓和,0.5,0.35344827586206895,0.14655172413793102,113.42709425276418,94.90334749635312,93.13451717611375
1243,87.9463778871569,114.72116673794098,87.9463778871569,96.95789150391447,False,False,缓和,0.6293103448275862,0.27586206896551724,0.09482758620689655,95.02345854848105,96.72978878481658,101.78697698726675
1244,91.18688735321712,115.26726768057523,89.79371833097494,98.27066477006504,False,False,维持,0.5344827586206896,0.3793103448275862,0.08620689655172414,105.06772554031855,93.27183238931559,94.381714514381
1245,89.39730594194391,119.24341749333801,89.16516499432868,96.9542790863105,False,False,缓和,0.5775862068965517,0.31896551724137934,0.10344827586206896,114.66651850405155,95.52002880235277,92.67009915250075
1246,87.03830315477246,120.85340526332207,86.51135027155132,97.88223661033835,True,False,缓和,0.5086206896551724,0.3706896551724138,0.1206896551724138,104.98127181932861,94.00370007305376,99.38197409743618
1247,93.5984066758667,130.24888552190674,90.38598009814969,103.38602744056588,True,True,维持,0.3448275862068966,0.3879310344827586,0.2672413793103448,130.24888552190674,94.89623551324527,91.44946663177318
1248,88.40726728674551,114.32902836551719,86.41621848593947,97.88175764096262,False,False,缓和,0.5344827586206896,0.3793103448275862,0.08620689655172414,100.41521965478056,98.39354500482067,94.66195450189414
1249,93.9956354741402,113.98699759160577,89.15305375677055,100.9911449683551,False,False,维持,0.41379310344827586,0.3448275862068966,0.2413793103448276,95.00174603992619,110.24859254794417,89.26909491237124
1250,87.13403157413289,122.66477706871314,86.87178320389067,97.05357897601246,True,False,缓和,0.6120689655172413,0.3103448275862069,0.07758620689655173,100.86944338772197,93.80712171297417,87.52916966826425
1251,87.34573873873843,108.02844858270329,87.27467688267157,97.67676410762508,False,False,缓和,0.43103448275862066,0.4827586206896552,0.08620689655172414,95.2097854623576,93.08427148485119,93.67281854528419
1252,96.63551579585024,121.85153097171346,86.87344847046771,99.8410110054253,True,False,缓和,0.4827586206896552,0.27586206896551724,0.2413793103448276,92.626472788906,97.07364403863517,90.44193981435848
1253,93.27123983770703,117.71355669615212,89.39805492841019,98.9853311610887,False,False,缓和,0.46551724137931033,0.4396551724137931,0.09482758620689655,103.35011120496644,94.24293244768715,93.14553240736169
1254,91.84468810666426,125.1366613753914,86.95414609826683,102.31510522059119,True,False,升级,0.3275862068965517,0.4482758620689655,0.22413793103448276,106.88375179198346,105.85177062973654,91.68290494476732
1255,92.1263594898856,122.22795050000262,88.9279098513558,101.41538623001348,True,False,维持,0.4482758620689655,0.39655172413793105,0.15517241379310345,107.9690128768081,101.28115870328858,92.46555289524808
1256,105.67609151197831,112.11873361161895,86.54412202420542,96.947877381651,False,False,升级,0.5603448275862069,0.3017241379310345,0.13793103448275862,100.74517572013391,91.63409763296127,102.33170189495354
1257,96.39080280228329,112.6409783777984,86.68447360301234,99.06374323206141,False,False,维持,0.5431034482758621,0.3017241379310345,0.15517241379310345,100.75384045906135,112.3850980450278,91.6901603873816
1258,87.48537577841893,117.76194217487526,87.19012867759066,98.97748412641486,False,False,缓和,0.5948275862068966,0.20689655172413793,0.19827586206896552,91.8911706005638,110.66874759247283,92.19003361259149
1259,86.11471792771981,122.16769966602624,86.11471792771981,96.99288001741263,True,False,缓和,0.646551724137931,0.2413793103448276,0.11206896551724138,96.04196394936176,100.05424873355365,89.20522510471397
1260,85.94194377719593,122.91942230712614,85.68217532448818,97.99511153913684,True,False,缓和,0.5517241379310345,0.33620689655172414,0.11206896551724138,99.28386253299698,95.80583317572967,96.38878948290727
1261,89.6613495010666,111.30232764743232,89.6613495010666,96.83524744034301,False,False,缓和,0.4482758620689655,0.5172413793103449,0.034482758620689655,104.1285305524371,92.61964849778975,105.31682730113607
1262,92.84460141651338,122.86023853571625,88.34345960781089,101.5903329224544,True,False,维持,0.3793103448275862,0.4827586206896552,0.13793103448275862,113.23746977211262,99.74625519620464,91.38595112013161
1263,87.9552037923234,111.68519334989593,87.94455380833408,97.27896129311166,False,False,缓和,0.646551724137931,0.20689655172413793,0.14655172413793102,95.37717358113285,104.30310652467374,103.35182212622448
1264,85.26614365131903,127.27105040375832,85.26614365131903,99.61558015925088,True,False,缓和,0.39655172413793105,0.49137931034482757,0.11206896551724138,97.67461677924702,94.13317811833505,103.35749020770145
1265,86.19401666119506,115.62266872998454,86.18666257831572,97.35643612127316,False,False,缓和,0.4827586206896552,0.4396551724137931,0.07758620689655173,114.21221257086391,95.14974707948282,88.35603344338082
1266,102.34878431137965,116.70199168993656,87.77608609615149,99.09290857532082,False,False,维持,0.45689655172413796,0.33620689655172414,0.20689655172413793,103.6919681201652,97.39727750176554,108.28554984741926
1267,87.6560461465982,117.42212712225506,87.6560461465982,101.18923786245668,False,False,缓和,0.3275862068965517,0.4827586206896552,0.1896551724137931,103.66741126661655,109.00832085094366,98.4999313096231
1268,89.67463986630058,129.8512512427175,89.67463986630058,102.54420023723908,True,False,缓和,0.3706896551724138,0.39655172413793105,0.23275862068965517,104.71755373106069,99.61605346182131,94.25010368391109
1269,91.85581265917577,109.6956230975931,89.77463019641185,97.64359285331824,False,False,维持,0.35344827586206895,0.5258620689655172,0.1206896551724138,96.77501946453188,92.9453049439096,107.46609784649307
1270,97.50513880225017,121.21885804433063,85.85862172754965,96.64734463604628,True,False,缓和,0.6206896551724138,0.2672413793103448,0.11206896551724138,94.08474781461635,95.04686077394835,87.6380372245978
1271,88.33410465208082,121.56816796795971,85.00850177718652,97.93844930697085,True,False,缓和,0.5603448275862069,0.33620689655172414,0.10344827586206896,98.00023694001013,95.92774439378178,94.9235179382322
1272,92.98824683053496,118.1833161204191,90.7290102858638,100.10915281416018,False,False,维持,0.33620689655172414,0.5,0.16379310344827586,110.4859594356283,94.71465736501142,95.8531064854497
1273,93.00259713714338,108.45476137840043,90.16659630573265,98.772999412972,False,False,维持,0.4827586206896552,0.3620689655172414,0.15517241379310345,95.21561853969804,93.4535149082608,99.735451882775
1274,93.03993472091987,124.6221241089614,88.74531391186706,102.95338633959392,True,False,缓和,0.41379310344827586,0.3017241379310345,0.28448275862068967,98.10399731588662,103.31824698825419,96.41817695871899
1275,94.92825561787281,125.67557191156563,89.59440265346853,99.53926530537345,True,False,升级,0.41379310344827586,0.47413793103448276,0.11206896551724138,94.15642601438681,100.43839086664124,95.3811774691414
1276,90.75299066805803,116.45058558127349,88.05730421292924,96.63285587525208,False,False,维持,0.5603448275862069,0.31896551724137934,0.1206896551724138,97.32926802445262,94.04334173429974,97.43712335255773
1277,85.20667977340362,117.16380528811438,85.20667977340362,97.82408898478872,False,False,缓和,0.5517241379310345,0.33620689655172414,0.11206896551724138,100.68761246061963,111.23106473131323,91.20859848222953
1278,88.2014774882342,125.00176830518207,87.42287339528784,97.89171477594002,True,False,缓和,0.5258620689655172,0.39655172413793105,0.07758620689655173,96.95257767603714,98.23869973670271,93.49277790928438
1279,91.86182887476171,116.58094177460485,91.05283114225496,100.69712246076496,False,False,缓和,0.41379310344827586,0.43103448275862066,0.15517241379310345,109.09469841603934,97.7954021262073,97.86252020533809
1280,89.65475947248183,117.50898675656504,89.65475947248183,98.53462481929085,False,False,缓和,0.5,0.3879310344827586,0.11206896551724138,105.81462866370335,96.52915199566434,92.83976775027641
1281,98.54538070921103,124.27003814264268,88.08527430738431,99.53575221636905,True,False,维持,0.41379310344827586,0.39655172413793105,0.1896551724137931,102.27957777564208,92.16640775756204,92.37461224087268
1282,95.8584532711179,124.26739771059204,86.85073619960147,103.41950601227883,True,False,维持,0.25862068965517243,0.41379310344827586,0.3275862068965517,109.83978456103429,94.05675938945443,89.02478815828327
1283,87.84109515237381,121.29708658898777,85.49310965948978,99.38294739270394,True,False,缓和,0.6896551724137931,0.08620689655172414,0.22413793103448276,100.5863181567389,108.79140089116729,90.19461444872886
1284,89.75037071852766,131.72023483953126,85.78687639677375,99.8081076879383,True,True,维持,0.43103448275862066,0.4482758620689655,0.1206896551724138,110.72756945689943,95.82362510202064,90.06541403240935
1285,84.51979143273044,118.39452112934367,84.51979143273044,100.10644076509043,False,False,缓和,0.5,0.3620689655172414,0.13793103448275862,103.83854458116664,94.85612962657244,101.27751634005236
1286,87.72735310662608,112.80764460077921,86.97736204309908,98.97988952144618,False,False,维持,0.47413793103448276,0.4224137931034483,0.10344827586206896,98.60916094101836,95.16484770554312,103.38215755063784
1287,90.46928678938067,121.80434007712442,85.01066935663043,99.59104652481696,True,False,维持,0.4396551724137931,0.43103448275862066,0.12931034482758622,104.5520877785185,95.09116204232492,93.61731808091024
1288,90.99118395735124,117.46762054826517,88.45240817017942,98.65442401013198,False,False,维持,0.5258620689655172,0.3706896551724138,0.10344827586206896,102.83155950160618,93.90122779296209,89.51277585996979
1289,89.20023123930598,109.76556049443224,87.11844071403404,94.84464583543794,False,False,缓和,0.6206896551724138,0.3706896551724138,0.008620689655172414,98.92699428459747,91.08719956000525,90.33459663693382
1290,102.08196190442816,125.20322966090163,88.54489219489929,106.0465479030052,True,False,升级,0.1896551724137931,0.47413793103448276,0.33620689655172414,110.55251426057329,99.68525651150514,105.8992238314434
1291,85.914618279532,115.83002781534553,84.35205865311656,97.54345907472151,False,False,缓和,0.6120689655172413,0.27586206896551724,0.11206896551724138,107.51989888019146,94.23565656463202,95.21705393352592
1292,88.71921822032814,122.06964895279268,88.1303834709908,101.67111660712666,True,False,缓和,0.3879310344827586,0.4224137931034483,0.1896551724137931,111.59338215083994,97.95911661571107,99.85769896564223
1293,87.81274551574167,115.81267620038955,86.97233294836028,98.98302977505747,False,False,缓和,0.5,0.3017241379310345,0.19827586206896552,92.48818669275602,100.31820405314149,93.12708106214376
1294,86.76090471034435,129.11627592722672,86.76090471034435,98.67794893867845,True,False,缓和,0.603448275862069,0.23275862068965517,0.16379310344827586,96.5013771137601,91.7265194071869,90.50980438247485
1295,84.9717228845875,125.77317466024951,84.18466218870752,99.92001405705513,True,False,缓和,0.4827586206896552,0.3275862068965517,0.1896551724137931,120.72739844667846,110.73065277278927,89.24721018659562
1296,88.78164795235291,118.50603522826356,87.14218255108959,96.84169197986988,False,False,缓和,0.5344827586206896,0.3793103448275862,0.08620689655172414,95.67655573434284,91.96220408799766,96.54247549615542
1297,87.61813791241384,123.36116048943781,87.27550815045228,103.38289521593374,True,False,缓和,0.4224137931034483,0.31896551724137934,0.25862068965517243,100.67050970798131,105.92161094188506,93.84977205904887
1298,100.8388079311421,127.54613996569988,87.31253095946838,100.32753924060304,True,False,维持,0.5431034482758621,0.20689655172413793,0.25,98.3087609422087,97.88261445881487,108.11273864376184
1299,92.31253407283047,112.6553704610982,86.66625570297671,96.01882825856318,False,False,维持,0.6120689655172413,0.31896551724137934,0.06896551724137931,96.72197427495958,106.58460571703873,97.3205414283196
1300,86.61930973143004,114.81279624373477,86.49135090725756,96.88995193343148,False,False,缓和,0.6379310344827587,0.25,0.11206896551724138,104.83118603016409,95.14929946167364,97.47019796816303
1301,95.47531790390765,111.17938681815109,89.20898344090176,97.96152512135922,False,False,维持,0.4827586206896552,0.4051724137931034,0.11206896551724138,97.05270278273294,95.13416018252875,92.27842034923788
1302,91.60258458228601,114.31110949821368,86.77741095889273,94.61503832659038,False,False,维持,0.7241379310344828,0.19827586206896552,0.07758620689655173,108.0177364184852,92.85695047415284,90.68178381550383
1303,82.74130449666576,117.5794689364607,82.74130449666576,97.87412266541881,False,False,缓和,0.6120689655172413,0.2672413793103448,0.1206896551724138,95.19286323657255,97.88129361901419,98.6569445254383
1304,88.6123114616825,111.90359314911925,87.49773730369297,96.75449127781688,False,False,缓和,0.47413793103448276,0.4482758620689655,0.07758620689655173,107.4744856317223,95.46784738155404,95.97129446515827
1305,88.38715719481769,116.23280928772552,86.05323915967077,99.51812465395047,False,False,缓和,0.41379310344827586,0.4482758620689655,0.13793103448275862,113.29981081425998,107.63817872557769,90.19456141878246
1306,91.09518785916347,125.06653576495194,90.02325379696511,103.55175821406704,True,False,缓和,0.33620689655172414,0.3620689655172414,0.3017241379310345,112.76269207260438,96.75615046355225,93.25988821974607
1307,92.40982364204189,109.80476765479268,89.55832292847026,96.96010770724145,False,False,缓和,0.5431034482758621,0.3706896551724138,0.08620689655172414,93.79632737012449,93.0849959734587,101.55257476961629
1308,91.29702872089457,115.79671836704118,86.09519839088411,98.65495963619894,False,False,维持,0.5086206896551724,0.3706896551724138,0.1206896551724138,108.92378310686826,93.10877182151903,91.34750556535374
1309,86.53361890969101,116.01977536544945,86.21072943551336,97.37707808471836,False,False,缓和,0.47413793103448276,0.41379310344827586,0.11206896551724138,93.21003835694665,116.01977536544945,93.79300883465399
1310,85.48625468666724,117.47517476633705,85.48625468666724,101.31323741601088,False,False,缓和,0.3275862068965517,0.3448275862068966,0.3275862068965517,113.14230628770714,109.45800706731222,105.76884998645984
1311,94.60770226546877,112.16685635403739,86.03072139131176,97.8871400942687,False,False,维持,0.39655172413793105,0.5603448275862069,0.04310344827586207,96.10709178419765,93.53977285912912,98.26525412726288
1312,95.1670061041669,112.10147038183239,89.2902431863215,98.06471900335622,False,False,升级,0.31896551724137934,0.5517241379310345,0.12931034482758622,100.49427450401902,94.39567384064966,104.67731794376816
1313,86.54690537470633,118.91577686580024,86.34586907966153,98.70662495695163,False,False,缓和,0.603448275862069,0.2413793103448276,0.15517241379310345,98.31600213942158,102.71958831217512,91.46358126485067
1314,88.6577714946301,113.67209228083233,88.34179004973777,99.36623954741069,False,False,缓和,0.5431034482758621,0.22413793103448276,0.23275862068965517,96.0966639161341,92.98029023790436,106.17191020233984
1315,89.32332435517017,120.85558337252964,86.09648476894176,100.5198477218533,True,False,缓和,0.5603448275862069,0.19827586206896552,0.2413793103448276,113.117393668947,103.55019972401848,90.09535049627914
1316,96.27858398209354,113.85728537218533,86.85341687473262,98.17840822975542,False,False,缓和,0.47413793103448276,0.35344827586206895,0.1724137931034483,106.01093060109419,97.33733402892534,100.93052243809927
1317,86.03345538415441,118.00365461181906,84.98425191881864,100.83689208129057,False,False,缓和,0.5344827586206896,0.25,0.21551724137931033,110.37706225893623,92.5386068279716,92.41913234256006
1318,92.42908073002461,109.76777633028377,87.27292326902047,95.95908665664943,False,False,维持,0.6206896551724138,0.3620689655172414,0.017241379310344827,100.49094785855486,94.98386099119469,94.37554955663232
1319,89.23296793650518,112.59571344081328,86.56653767571835,96.10251244829882,False,False,维持,0.6379310344827587,0.3275862068965517,0.034482758620689655,104.48077521394129,92.0560551582105,90.13787928534498
1320,85.16385757141981,120.41393493794585,85.16385757141981,99.23891412197199,True,False,缓和,0.5344827586206896,0.27586206896551724,0.1896551724137931,92.94207649208745,107.17491377418553,95.90072311403563
1321,95.08575784644191,123.47366501165224,86.2162450620386,100.89181332055497,True,False,维持,0.33620689655172414,0.4482758620689655,0.21551724137931033,100.6696398468117,105.01478911476521,103.68392527859491
1322,96.52285168453692,116.01137234104966,88.78097612413481,99.39421602004465,False,False,维持,0.41379310344827586,0.3879310344827586,0.19827586206896552,96.90905460521856,93.64466471952328,99.07737622168145
1323,87.7226477618312,111.49879578459046,87.37734609510785,98.8698073586953,False,False,缓和,0.3448275862068966,0.5948275862068966,0.0603448275862069,98.43821758571046,102.9727927791878,94.56475527517266
1324,105.2022534063779,112.44765923022956,86.18869015998203,96.69520639210529,False,False,升级,0.5086206896551724,0.39655172413793105,0.09482758620689655,100.78501596388423,91.40367832426915,94.13141234179923
1325,88.30672319363252,114.9452554849328,88.30672319363252,99.20055195154812,False,False,缓和,0.4224137931034483,0.49137931034482757,0.08620689655172414,93.45452487796284,101.31475005855027,97.5396213412012
1326,88.87030782337179,109.86860734517244,83.94351965910838,96.14859400850008,False,False,维持,0.5086206896551724,0.45689655172413796,0.034482758620689655,96.70821786485563,92.11440100863369,87.62285535875779
1327,83.94627873660352,118.11291677088968,83.16299608801309,99.73772991595388,False,False,缓和,0.5344827586206896,0.31896551724137934,0.14655172413793102,106.29255355492755,95.74758064162306,97.31830714888447
1328,87.7535073818994,113.73432894002687,87.17626740833529,97.71590891539574,False,False,维持,0.45689655172413796,0.4224137931034483,0.1206896551724138,95.83061161395635,96.85592199439783,99.07548152281036
1329,89.41527176839104,110.10304805843683,88.7049110412347,97.72502046575099,False,False,维持,0.49137931034482757,0.43103448275862066,0.07758620689655173,103.49743391385498,99.74311698863528,101.60922777126835
1330,92.22904558754746,131.52130321487607,84.86935253939235,100.45970469860487,True,True,缓和,0.43103448275862066,0.43103448275862066,0.13793103448275862,106.96736422332833,101.14662291579866,91.03353686446134
1331,91.51600720622992,110.75464547137001,91.51600720622992,98.3456356190013,False,False,缓和,0.3275862068965517,0.5603448275862069,0.11206896551724138,94.26188334230673,96.8341589053058,102.74688394410397
1332,88.67242609585527,121.40534754762453,88.67137340312539,104.63189084170489,True,False,缓和,0.13793103448275862,0.6120689655172413,0.25,111.09290052027244,100.32754409158251,101.57342833466979
1333,92.73325129584413,114.64565298296412,87.07015410561071,100.21101284665129,False,False,缓和,0.4224137931034483,0.3706896551724138,0.20689655172413793,100.24239588933759,93.61299844360937,88.65705220262193
1334,86.54012526985336,119.01939106104967,84.79978848913751,99.9248161944243,False,False,缓和,0.4396551724137931,0.4396551724137931,0.1206896551724138,106.72074871680704,98.69477782048013,96.10655542165861
1335,88.2717905661898,123.01181602328336,84.87060085258868,99.95162441799758,True,False,缓和,0.5431034482758621,0.25,0.20689655172413793,101.73934891339952,111.51718629426063,95.73258895489482
1336,88.81144531340152,114.32739724189204,86.16009886209667,96.15923805850782,False,False,缓和,0.5862068965517241,0.28448275862068967,0.12931034482758622,100.68699844227311,93.65556236745697,86.84113359206198
1337,89.01522381191158,111.93357185867976,85.91050419023665,94.18133433607227,False,False,缓和,0.75,0.22413793103448276,0.02586206896551724,99.13487951797575,89.05336502894984,91.02705389347504
1338,90.38701611790435,122.7828593385872,85.75423081676765,98.03685573816469,True,False,缓和,0.5172413793103449,0.3620689655172414,0.1206896551724138,101.65693583747372,92.61812555482807,100.31222477067413
1339,90.63919262013906,110.50985124729378,88.47621764161799,97.46964523171454,False,False,缓和,0.5775862068965517,0.31896551724137934,0.10344827586206896,106.1593993975071,93.81259650959673,101.35460601418784
1340,88.63239728725593,116.3447740711943,87.88475385547972,99.75882108200103,False,False,缓和,0.3879310344827586,0.5086206896551724,0.10344827586206896,104.08336625491165,116.3447740711943,89.67284632045008
1341,87.86860344124112,110.28082602413272,87.332252610234,96.36063574131865,False,False,维持,0.6379310344827587,0.25,0.11206896551724138,95.23350833121866,91.67583071954488,94.79453600081644
1342,93.90550902446866,112.58594568769888,89.28697384541567,100.99846852468484,False,False,维持,0.31896551724137934,0.49137931034482757,0.1896551724137931,107.36611039447706,96.26989708702472,90.71953078274305
1343,93.73058041119549,113.51414491404257,87.06499471506297,96.96518612559206,False,False,缓和,0.5603448275862069,0.3448275862068966,0.09482758620689655,96.59366792522981,101.3625167645132,89.26528770203794
1344,90.85547028801811,112.39687804044175,90.75274595720417,98.57003986535524,False,False,缓和,0.49137931034482757,0.29310344827586204,0.21551724137931033,91.87129145946128,96.28440909854955,98.4944209520227
1345,87.64199694266792,119.78992664910645,87.15285485459245,98.33595408050421,False,False,维持,0.39655172413793105,0.5,0.10344827586206896,108.17467449839734,99.7994266098943,95.52836789727975
1346,88.06171043198611,111.69738725583623,88.06171043198611,98.77326296005387,False,False,缓和,0.28448275862068967,0.603448275862069,0.11206896551724138,100.52195450766074,102.85085257749064,96.18066293267431
1347,88.3157607605275,124.1589662726099,87.58789474257482,103.3219984180429,True,False,缓和,0.3103448275862069,0.4482758620689655,0.2413793103448276,122.08994534882724,106.21911749782377,90.1316431715637
1348,93.1952158904851,122.68511310677916,87.80587454327288,100.12167272226294,True,False,维持,0.4224137931034483,0.46551724137931033,0.11206896551724138,121.57564288949973,95.76199194470692,91.58101196839982
1349,86.48987074275117,121.27910418069455,86.08953114914799,99.42240468205412,True,False,缓和,0.46551724137931033,0.3879310344827586,0.14655172413793102,111.68656325337963,98.9985607804269,88.41783185634037
1350,85.83154055239106,110.13628732621788,84.46361932702844,95.87396607696321,False,False,缓和,0.6206896551724138,0.3103448275862069,0.06896551724137931,104.64651729550927,107.38585582024311,89.84153584779634
1351,91.73359729555735,109.55625775772296,86.93353107722139,95.8945845775234,False,False,缓和,0.6637931034482759,0.25862068965517243,0.07758620689655173,101.92594242170863,91.10707769233213,98.91140065404413
1352,109.04814883819081,124.64867672186615,91.54126928955111,103.30838479204033,True,False,升级,0.3448275862068966,0.2413793103448276,0.41379310344827586,92.84514195376929,93.24381170031808,98.0794099865235
1353,90.40597369941747,110.07563786268778,86.88826098542444,99.13262150844987,False,False,升级,0.45689655172413796,0.3879310344827586,0.15517241379310345,94.8743191844229,98.10552665560448,108.40685580176887
1354,88.56234868329173,116.26385098027059,88.31984771216881,97.4908636949348,False,False,缓和,0.5862068965517241,0.2672413793103448,0.14655172413793102,110.499751171005,93.72868785358898,103.72439642980972
1355,88.08128985273632,113.25951094926474,87.18162843879588,97.13678197397033,False,False,缓和,0.6810344827586207,0.16379310344827586,0.15517241379310345,91.2190178054174,96.12273452233299,97.73934763211139
1356,84.80717540899879,118.7275447733445,84.80717540899879,99.43641249801952,False,False,缓和,0.3879310344827586,0.5,0.11206896551724138,107.66037927331992,94.09021874764531,100.58709085997464
1357,92.75142054101494,112.92125771118754,90.00874821517901,98.61288776358536,False,False,维持,0.49137931034482757,0.3793103448275862,0.12931034482758622,97.50430003966297,92.90605010693257,98.8310141578006
1358,86.83684774582285,126.29466940743775,86.83684774582285,99.53666865611302,True,False,缓和,0.39655172413793105,0.4827586206896552,0.1206896551724138,98.36451629808158,100.2189315113971,97.71919692205371
1359,84.31693503100443,117.84494312563885,84.31693503100443,101.28404026745594,False,False,缓和,0.3103448275862069,0.5603448275862069,0.12931034482758622,109.03838129429327,97.17752588287962,104.01978895660646
1360,100.875508513186,108.49825017371677,87.84179560984067,94.49981971864685,False,False,升级,0.6982758620689655,0.20689655172413793,0.09482758620689655,93.59328711438268,90.13297344135924,90.45222815793733
1361,89.50362129216461,109.52146497325118,88.1087851406275,94.54206915413724,False,False,缓和,0.5948275862068966,0.3793103448275862,0.02586206896551724,102.57898272775063,92.72357305189982,89.29135938704925
1362,87.12509948876955,130.98361165089506,87.12509948876955,101.41762211544558,True,True,缓和,0.47413793103448276,0.3103448275862069,0.21551724137931033,103.65592833941542,91.88250776780241,103.58372267814205
1363,93.29253563687743,113.59748943666233,89.39454561259315,100.92741303976305,False,False,缓和,0.27586206896551724,0.5862068965517241,0.13793103448275862,108.44583294445658,93.72334534478168,99.73954555062959
1364,94.90144785214015,122.71255184560262,86.7131820617495,101.19409474317948,True,False,维持,0.3793103448275862,0.4482758620689655,0.1724137931034483,115.53117516123058,102.38654464578141,94.17088701674392
1365,88.06015240099282,120.56796323780841,87.88346608147133,98.0674342968593,True,False,缓和,0.5948275862068966,0.21551724137931033,0.1896551724137931,100.93854128662828,94.37107345780854,99.87660911644838
1366,91.91594895737121,115.75393333699535,86.30233893409213,100.24162292327692,False,False,缓和,0.43103448275862066,0.3879310344827586,0.1810344827586207,107.16555713851301,100.6531524958851,88.88946880913171
1367,92.53138336795324,114.34651485414977,87.05048237415708,99.04170771172645,False,False,缓和,0.3448275862068966,0.603448275862069,0.05172413793103448,103.54270752364448,102.57822295017048,89.65145022137114
1368,88.63719462345831,111.61119764759161,87.33415274372372,98.22294422377693,False,False,缓和,0.49137931034482757,0.4051724137931034,0.10344827586206896,108.60274579809118,99.22503856150746,94.68753075171286
1369,86.11689302297349,115.8765671235263,84.10917590145586,95.55910308605762,False,False,维持,0.6379310344827587,0.2672413793103448,0.09482758620689655,96.1811433044684,93.33730155308307,94.86289032466775
1370,91.05040853249376,123.77104273505282,88.65489677228383,99.30702815983304,True,False,缓和,0.47413793103448276,0.3706896551724138,0.15517241379310345,100.71640671723681,94.52452276620242,91.50404402743719
1371,100.94574677311277,113.70263410427845,88.10917576239277,96.64948601863703,False,False,维持,0.6896551724137931,0.19827586206896552,0.11206896551724138,101.2875699572579,100.83171778495517,88.9455525246082
1372,97.68668347722173,110.80672073770947,87.3467422827206,96.2404739976122,False,False,缓和,0.6120689655172413,0.3275862068965517,0.0603448275862069,102.10684888529667,94.18509264451038,89.45538850508497
1373,85.39186888066656,118.26618375397236,84.0042724028556,99.48143029385982,False,False,缓和,0.47413793103448276,0.3793103448275862,0.14655172413793102,112.56903459337718,97.7387601931675,90.45411058350298
1374,92.19027595177701,114.58607927196373,87.6804007170269,97.86757612816793,False,False,维持,0.5603448275862069,0.33620689655172414,0.10344827586206896,96.4104860622499,98.77331363550124,90.97279188696022
1375,93.2292501425357,121.63801368333745,89.76811907195578,100.8336529670486,True,False,升级,0.3620689655172414,0.4482758620689655,0.1896551724137931,108.69988946261181,107.13388633726154,95.50855048472091
1376,88.88939710941945,110.32747716399746,88.18953002590119,97.00551785492655,False,False,缓和,0.4051724137931034,0.5258620689655172,0.06896551724137931,96.04837313207221,94.51244658556743,93.58080618271053
1377,86.00758334430336,131.58632739876927,86.00758334430336,100.15848502454524,True,True,缓和,0.3793103448275862,0.5172413793103449,0.10344827586206896,101.17573166960409,96.93555405620518,92.59408975705283
1378,94.2400186169775,113.39446269091923,88.80733216468222,98.3618105917158,False,False,升级,0.5862068965517241,0.25,0.16379310344827586,104.95098083184008,108.7520621438268,97.02053717181774
1379,93.12920329206226,120.82945443565441,90.01421386455868,99.01002543126152,True,False,维持,0.5603448275862069,0.22413793103448276,0.21551724137931033,98.48279732612072,92.83357399504001,95.84657333547787
1380,93.50554410107934,115.6124806635169,88.47167367547779,100.18206514967812,False,False,维持,0.31896551724137934,0.5258620689655172,0.15517241379310345,100.04893920874302,115.6124806635169,93.50234667024029
1381,91.6491224264472,111.78145632680985,87.77242425484384,96.6245921300585,False,False,缓和,0.603448275862069,0.3448275862068966,0.05172413793103448,95.27767970177064,99.45773407408863,93.16945968235399
1382,87.36485797273235,128.87569384172997,85.31027250168866,99.58448148185572,True,False,缓和,0.5517241379310345,0.2672413793103448,0.1810344827586207,122.5588407379554,97.04653843657485,89.17631339168933
1383,100.131233032318,118.87294320369018,86.36785489216366,100.43097081078444,False,False,维持,0.41379310344827586,0.3793103448275862,0.20689655172413793,112.79464984603614,92.2540126916234,90.13269902887399
1384,87.29143784561715,126.61549587824148,84.79305535276828,103.9250995041916,True,False,缓和,0.41379310344827586,0.3017241379310345,0.28448275862068967,109.65998334340439,105.91189340616022,92.50294743365907
1385,88.12129701414518,116.36762253950376,86.61799920631117,98.00528575417694,False,False,缓和,0.5948275862068966,0.33620689655172414,0.06896551724137931,103.14994922305537,98.04704085423245,88.29399105183474
1386,87.61824068483385,119.25653326240356,86.24336250529723,98.90521566945523,False,False,缓和,0.45689655172413796,0.4396551724137931,0.10344827586206896,98.35942932255864,89.53277486230174,100.43162638227513
1387,98.17238607208559,114.96300963951312,88.19788931906243,99.14743247690294,False,False,升级,0.46551724137931033,0.3448275862068966,0.1896551724137931,99.66567629354505,95.3781149969072,93.19912920114409
1388,96.41458252945466,123.09781124397901,91.51289593869397,103.90081568667473,True,False,维持,0.2413793103448276,0.4224137931034483,0.33620689655172414,116.36862507559995,101.97209487202662,101.81486882974089
1389,89.67750874744769,130.78251571910175,87.26241004198367,99.3364031109321,True,True,缓和,0.5775862068965517,0.25,0.1724137931034483,98.719836615789,93.31539896773843,90.5473946476987
1390,95.80814478876891,130.49896999851956,86.88908388204892,101.97199228083109,True,True,缓和,0.4827586206896552,0.25,0.2672413793103448,123.36983457002187,95.13015305824568,104.05659328515281
1391,88.07705407082051,108.20772821897673,87.24558387673301,95.76327272084201,False,False,缓和,0.7155172413793104,0.22413793103448276,0.0603448275862069,102.29662106177496,93.83502683578077,89.6544990307491
1392,101.73101095974012,118.23113748180788,86.32002774373039,101.21011782564204,False,False,维持,0.4051724137931034,0.3620689655172414,0.23275862068965517,101.7813839183138,96.77590450020782,95.02374371376344
1393,88.70659074425346,122.34838796036848,85.77453565776644,98.4588844627186,True,False,缓和,0.5258620689655172,0.31896551724137934,0.15517241379310345,102.2489776559877,96.15442948636982,88.51493736342648
1394,102.26073132968384,111.1870400392642,85.26453462078463,98.41880354651526,False,False,升级,0.5344827586206896,0.28448275862068967,0.1810344827586207,109.41867125780601,100.95197531447631,90.81925656224477
1395,85.75604235007485,126.73114862729369,85.7371221811051,100.892944640522,True,False,缓和,0.39655172413793105,0.3103448275862069,0.29310344827586204,109.40686846309525,96.11220858144969,93.95819564208783
1396,89.1498698453192,111.46436287298108,85.55299569867763,94.75021374775709,False,False,维持,0.6379310344827587,0.3448275862068966,0.017241379310344827,97.8420675471603,98.30407957988784,89.66503577780963
1397,85.71056900326893,112.35293558040065,85.71056900326893,93.43951194780917,False,False,缓和,0.8103448275862069,0.1810344827586207,0.008620689655172414,93.86708323956437,95.54286986663874,88.08289181288497
1398,98.6945254374897,111.25589432167504,87.78490431017376,97.71475907185622,False,False,升级,0.46551724137931033,0.4051724137931034,0.12931034482758622,92.95254291826869,94.2180707853208,96.839487026311
1399,92.443859259331,122.12528372501527,88.68336265645961,103.79360336517163,True,False,维持,0.1810344827586207,0.5948275862068966,0.22413793103448276,100.72339239224877,110.13503440388166,95.58175990113651
1400,91.75377024301262,114.72714457036936,88.02876079768548,99.52158842157829,False,False,维持,0.46551724137931033,0.3793103448275862,0.15517241379310345,113.11050164100632,91.63740769349866,93.01117477088731
1401,97.79365155329945,120.9776276460087,90.87043423790118,100.7036455918303,True,False,升级,0.3620689655172414,0.46551724137931033,0.1724137931034483,113.49060401782592,93.15176951339261,99.08489983694578
1402,93.48976714153852,119.6459551246203,87.50233024197365,100.58766468401272,False,False,维持,0.33620689655172414,0.5172413793103449,0.14655172413793102,116.18071831507783,95.72239587188463,105.60631515227037
1403,91.53753089705333,122.25241151933795,90.72556891383928,99.9978398083317,True,False,缓和,0.5258620689655172,0.3448275862068966,0.12931034482758622,98.76078499336467,94.164198803685,91.78478453270966
1404,103.02489850628182,125.2818091720653,87.05841466817391,101.08148722578463,True,False,升级,0.31896551724137934,0.5689655172413793,0.11206896551724138,109.36407431226449,95.10593893017187,93.76747985459359
1405,94.28642474821022,115.19674773425139,91.70876994046837,101.77985638344828,False,False,维持,0.23275862068965517,0.5775862068965517,0.1896551724137931,107.2648433025284,100.583357746997,94.0157208207284
1406,85.29685572351836,122.82699989670584,85.29685572351836,97.75061198275256,True,False,缓和,0.5862068965517241,0.33620689655172414,0.07758620689655173,97.5349766557267,100.06532313974878,94.18895067861999
1407,92.62978997338877,122.28665686069543,86.29079928025386,98.15794120206587,True,False,升级,0.6379310344827587,0.20689655172413793,0.15517241379310345,93.03053981279038,90.8940639259049,103.91980845033275
1408,90.50287020336317,120.16974622301024,87.25343901751937,96.31152541227411,True,False,维持,0.7413793103448276,0.14655172413793102,0.11206896551724138,94.51157669079451,91.57628638760472,89.09421243326317
1409,88.94445955653762,113.21370452858609,86.95149877764699,96.31992323988457,False,False,缓和,0.5689655172413793,0.4051724137931034,0.02586206896551724,101.25179526548251,92.65719892231155,88.01077330639201
1410,88.27763966554885,129.0204812304883,88.27763966554885,100.236855311672,True,False,维持,0.5431034482758621,0.25862068965517243,0.19827586206896552,100.4847272017302,91.80744182638006,92.89261876046946
1411,85.07826549991877,123.94410332727612,84.82637370267238,100.51760295781763,True,False,缓和,0.45689655172413796,0.3620689655172414,0.1810344827586207,111.77357701717239,91.73320648018552,96.58074340225548
1412,91.48827368588505,116.36470346754491,89.31188100715154,100.78684963446936,False,False,缓和,0.39655172413793105,0.39655172413793105,0.20689655172413793,103.18926659564828,98.61379072035969,91.96997906016867
1413,94.53338907093138,131.6800141275963,85.76342658629015,100.54043987374224,True,True,维持,0.39655172413793105,0.4482758620689655,0.15517241379310345,125.63316413619098,93.70771691003775,94.65287513059228
1414,85.82547443659077,113.77017432666048,85.82547443659077,94.21841269658287,False,False,缓和,0.8103448275862069,0.13793103448275862,0.05172413793103448,113.77017432666048,91.27454575498365,86.89189748147595
1415,87.86251078312314,128.15347774029541,87.46875741085648,101.87392883515552,True,False,缓和,0.3620689655172414,0.3879310344827586,0.25,111.13810557275542,97.75698130913818,91.67487487477855
1416,91.03716824294139,125.12214318516554,89.06605873731172,101.59087832648814,True,False,维持,0.3620689655172414,0.4051724137931034,0.23275862068965517,107.52730900356927,95.01702014642251,96.18960121868491
1417,94.73232094593094,107.96370369687658,88.22891545630732,96.7850005724654,False,False,维持,0.5258620689655172,0.3793103448275862,0.09482758620689655,100.58389193451703,104.1320276924298,90.61874908282583
1418,87.39580725549082,114.6363376897589,87.20475140939303,96.96915363220836,False,False,缓和,0.49137931034482757,0.49137931034482757,0.017241379310344827,97.03325294453158,95.67612073055957,88.05322246827309
1419,84.34336216755354,111.39141694293802,84.34336216755354,95.15053130579766,False,False,缓和,0.7241379310344828,0.19827586206896552,0.07758620689655173,93.71622356815729,107.6628022941283,91.24818842508452
1420,90.84066623930758,113.66977112532109,88.3989394358843,100.4210679042423,False,False,缓和,0.35344827586206895,0.4827586206896552,0.16379310344827586,106.22606480187757,94.49447298338225,99.56234300785913
1421,90.79595090389608,121.10656206928287,90.79595090389608,103.76701054820839,True,False,缓和,0.35344827586206895,0.35344827586206895,0.29310344827586204,98.78911254211557,100.08805064395396,108.48721155701652
1422,88.1241340292654,124.89294948653179,87.71890561707275,99.31843238409176,True,False,缓和,0.6379310344827587,0.2413793103448276,0.1206896551724138,106.94808680121474,101.42426596716803,88.84531493845137
1423,91.849783069237,113.05372130237842,86.75774623306954,97.19916373860589,False,False,维持,0.5689655172413793,0.3275862068965517,0.10344827586206896,98.20659809053254,104.663986875286,90.57177078546185
1424,86.10420209798937,110.65722347198945,86.10420209798937,96.33459570530873,False,False,缓和,0.7155172413793104,0.19827586206896552,0.08620689655172414,94.60692876748296,100.06947104395941,89.80009319151611
1425,97.07160001997927,121.45123071543946,86.93802553771793,103.15593774968649,True,False,缓和,0.39655172413793105,0.3448275862068966,0.25862068965517243,121.36756760825095,95.70154945062492,97.59943805840739
1426,91.83107296166207,114.50410207444041,90.22602341149042,98.4856428674355,False,False,维持,0.3793103448275862,0.47413793103448276,0.14655172413793102,95.26482453743971,102.29261643954165,94.96276887975952
1427,86.33786745863655,110.53646734220642,85.53744795917494,95.00610346620402,False,False,缓和,0.6551724137931034,0.3103448275862069,0.034482758620689655,95.91460085886271,96.78025987879943,92.26358500429743
1428,89.79586303027116,119.376626571936,89.79586303027116,102.97234448522458,False,False,缓和,0.23275862068965517,0.5517241379310345,0.21551724137931033,109.98484649934929,100.91271126323468,91.33930401971243
1429,89.74599151326116,122.24048048422331,89.04507712092443,99.69224358463862,True,False,缓和,0.5086206896551724,0.3448275862068966,0.14655172413793102,106.58756036548513,95.12238457069559,91.90626461139915
1430,88.60033557514593,115.65672243863956,85.48621937057602,98.08943944341723,False,False,缓和,0.4827586206896552,0.39655172413793105,0.1206896551724138,94.24675069579968,95.38867853172208,95.01163994594074
1431,90.67752960612385,118.76057558336815,88.67361036700908,103.99829239156905,False,False,缓和,0.29310344827586204,0.4051724137931034,0.3017241379310345,110.58397440762471,115.2470728868111,91.17753865922656
1432,89.46901583240644,111.40625724282492,88.20872991304576,97.05947814626,False,False,维持,0.603448275862069,0.33620689655172414,0.0603448275862069,98.33635421132885,101.22810511794138,90.6219259279157
1433,91.10442489253997,109.58527846518298,86.45532645743496,93.65652285003117,False,False,维持,0.6551724137931034,0.3103448275862069,0.034482758620689655,92.78360567206309,95.0620652579083,89.26419023437992
1434,86.48032714592419,113.91894341566595,85.37026575303564,95.71849233741192,False,False,缓和,0.5689655172413793,0.3879310344827586,0.04310344827586207,113.91894341566595,90.07803311856365,93.24450157646481
1435,93.07786369633651,121.3265159911977,87.05605811896241,96.62220055425772,True,False,维持,0.5603448275862069,0.3706896551724138,0.06896551724137931,112.62627767758444,91.13817600222633,90.39204378859202
1436,91.35743277972824,123.1729293079159,89.16676343120241,101.66161225728912,True,False,维持,0.3706896551724138,0.39655172413793105,0.23275862068965517,102.93263234502261,101.15080113563597,96.70710747204602
1437,87.93540238532196,128.93396885706568,85.9103759479466,102.21383912125773,True,False,维持,0.4051724137931034,0.43103448275862066,0.16379310344827586,119.68375802380761,98.78979693670021,102.79972409383187
1438,87.60400088818557,115.86198784307692,86.713489797589,101.42492553767066,False,False,维持,0.41379310344827586,0.3275862068965517,0.25862068965517243,95.62131481301635,105.99431835942208,104.63134294691478
1439,89.45666101039805,125.59875290565611,84.83635026901604,100.70702529302694,True,False,缓和,0.5172413793103449,0.3017241379310345,0.1810344827586207,106.68246241482797,98.54597622952208,91.76534585698985
1440,88.00258267410167,112.73141146993436,83.65520048384482,97.78383618444714,False,False,缓和,0.5517241379310345,0.3620689655172414,0.08620689655172414,95.39073334256015,96.15893345810096,88.91304122617048
1441,87.72807107834566,114.54204635877741,86.31269016844308,99.60216126293592,False,False,维持,0.5,0.3448275862068966,0.15517241379310345,106.36302886231196,100.65174946900076,93.25374049738058
1442,95.52046669761229,118.31504215493543,86.82450856519458,98.73103833310671,False,False,维持,0.4396551724137931,0.43103448275862066,0.12931034482758622,96.80162544100672,96.78459064472618,93.9863271699826
1443,92.24595376355968,113.20156560080345,86.8507782777333,96.77692001340095,False,False,缓和,0.6551724137931034,0.1810344827586207,0.16379310344827586,95.94901796098347,90.97619188291695,98.81033018902974
1444,97.19773128990019,125.56464366778292,88.3221716355222,98.93307348669138,True,False,维持,0.5431034482758621,0.29310344827586204,0.16379310344827586,95.35839113578666,102.50156137536906,94.60267888575828
1445,87.78794982648147,116.47107409325338,87.01600802056855,98.75089879560282,False,False,缓和,0.5086206896551724,0.35344827586206895,0.13793103448275862,98.32162816282494,102.29795433670567,91.53475175589604
1446,84.97813440507389,112.59302305302788,84.97813440507389,94.77012683915548,False,False,缓和,0.603448275862069,0.3620689655172414,0.034482758620689655,96.86656783022728,90.60932322630373,96.2107170553396
1447,87.52100595191202,112.74652951729388,87.11086882235327,99.08956938350384,False,False,缓和,0.43103448275862066,0.39655172413793105,0.1724137931034483,95.5323849611674,96.79564950352838,102.02270872162651
1448,87.79175211879725,117.56181203279397,85.74011717977852,95.95179215591895,False,False,缓和,0.75,0.16379310344827586,0.08620689655172414,94.32747087529013,90.89697307578717,108.26716139491093
1449,91.73248175832647,122.66178482768592,86.6291531922233,99.59440482001365,True,False,维持,0.603448275862069,0.23275862068965517,0.16379310344827586,118.7140362673953,102.3544614617283,89.2952505384977
1450,93.01276379672079,111.13141499844397,91.11857955799415,100.23424030652424,False,False,维持,0.25862068965517243,0.5862068965517241,0.15517241379310345,103.9676739950368,96.87004996825313,104.87654969943007
1451,88.92258674565913,111.38438690682337,88.02721767958244,95.81211052011768,False,False,维持,0.6293103448275862,0.3103448275862069,0.0603448275862069,100.92165933702961,97.62308353577666,96.24693303207523
1452,92.75970114751765,114.08941521931214,87.51639462713904,100.83190351255186,False,False,维持,0.39655172413793105,0.4482758620689655,0.15517241379310345,108.17782036640793,98.43285365187661,101.13450045545198
1453,95.08509712558178,128.07438894706493,86.47541747878809,105.27254099338086,True,False,缓和,0.27586206896551724,0.3706896551724138,0.35344827586206895,118.40644518841376,104.27615322961076,109.4571833693879
1454,89.09659249268498,115.09595160835606,85.96199023496621,99.902133485701,False,False,维持,0.3793103448275862,0.3793103448275862,0.2413793103448276,110.27076088063035,107.32338026177139,97.04534463261156
1455,87.44000418737106,127.16098733013011,87.44000418737106,99.56678097741643,True,False,缓和,0.5344827586206896,0.33620689655172414,0.12931034482758622,98.6969985542246,90.53458945820638,96.06313139911295
1456,98.85815685538408,121.57692571715164,87.91602041560259,101.25799801001084,True,False,缓和,0.3879310344827586,0.41379310344827586,0.19827586206896552,114.86139577618954,106.70513036299782,93.1325102784371
1457,90.15353544011556,113.65850440502787,86.15623759368457,97.4039942583882,False,False,维持,0.5775862068965517,0.29310344827586204,0.12931034482758622,105.02507822406294,90.09774889278543,105.8394650890403
1458,89.92669953486713,118.15296272565026,89.34712525329022,99.26823199240404,False,False,缓和,0.33620689655172414,0.5517241379310345,0.11206896551724138,111.31460380148768,99.83294750713006,94.78607156508063
1459,85.55763772071249,113.15266664934222,85.55763772071249,96.34745871646584,False,False,缓和,0.5517241379310345,0.39655172413793105,0.05172413793103448,96.59147727647867,92.28319597645185,95.5657893965163
1460,85.10137734322218,118.07326826763524,85.10137734322218,98.13221433097596,False,False,缓和,0.5258620689655172,0.3620689655172414,0.11206896551724138,118.07326826763524,98.83860923790488,87.91920482857506
1461,86.80322779439598,117.67581347100122,85.12076169387592,97.3515231699084,False,False,缓和,0.6206896551724138,0.29310344827586204,0.08620689655172414,116.50434693614406,91.3421779380765,102.24140288954932
1462,96.60403963332209,116.7377389933774,87.73463096245932,100.6435305908709,False,False,维持,0.4396551724137931,0.3103448275862069,0.25,100.99823934226808,106.31743026255782,95.11256583191165
1463,87.57742233365191,121.45686210902674,86.24951781292573,97.81060057967665,True,False,维持,0.5689655172413793,0.3620689655172414,0.06896551724137931,99.36635406645055,99.272370030317,95.63695104754069
1464,94.61733267657037,121.68157353596175,85.1354237060436,98.67187156021333,True,False,升级,0.5172413793103449,0.3448275862068966,0.13793103448275862,97.0078067250592,96.13016488429786,97.9104185035248
1465,106.85979532204004,115.27391308579784,88.31204653774023,97.65564581627525,False,False,升级,0.46551724137931033,0.3706896551724138,0.16379310344827586,101.23811430106232,94.16638224427092,97.9407891301144
1466,92.89724176724225,121.59837154725363,87.84607002787138,99.68068946931683,True,False,缓和,0.4396551724137931,0.41379310344827586,0.14655172413793102,112.02430718875016,93.86524995217431,88.6572868128932
1467,90.43753813430402,114.38333072608401,87.63505615318292,98.22741761773415,False,False,维持,0.5086206896551724,0.33620689655172414,0.15517241379310345,97.19231732393308,95.09046964561502,104.7922553208594
1468,87.68712104246428,119.53257477560737,87.17192104146095,97.16016251843762,False,False,缓和,0.7413793103448276,0.15517241379310345,0.10344827586206896,95.22661445651563,95.74013891893729,100.14718152390395
1469,87.49921956974126,118.59675156809708,85.48424562570537,102.63637210789983,False,False,缓和,0.28448275862068967,0.4482758620689655,0.2672413793103448,116.99651251515222,105.37845479936831,100.67741664182189
1470,85.8996184524384,129.50606266039185,85.8996184524384,102.72720984321646,True,False,缓和,0.29310344827586204,0.45689655172413796,0.25,119.176416565881,110.55411772418786,104.88302577430878
1471,92.62450753007012,113.72091533051147,85.3171007028768,95.65223584698268,False,False,维持,0.6293103448275862,0.2672413793103448,0.10344827586206896,113.00994896296564,100.60744453371986,96.16556682121055
1472,104.05289907729419,111.72027416807765,87.5062950891487,98.43711265801983,False,False,升级,0.5344827586206896,0.27586206896551724,0.1896551724137931,105.32332181649595,102.69220658921019,102.4188230476069
1473,87.7638373096513,117.07292870845745,87.03045778938595,96.73417010707333,False,False,缓和,0.6982758620689655,0.2413793103448276,0.0603448275862069,106.03801215414941,95.41372711646486,91.50131440111288
1474,90.53362499666555,130.16254616059015,88.60748769909438,100.72259506485194,True,True,维持,0.46551724137931033,0.35344827586206895,0.1810344827586207,104.43999760579163,92.49969742192421,89.04566005683094
1475,90.11866844279781,110.3869119997666,85.56625514154995,94.12283002131579,False,False,维持,0.7068965517241379,0.29310344827586204,0.0,100.42906962512497,95.12770124792584,85.83060340047385
1476,89.52331418826162,115.3418332559954,87.79843658806617,97.07992290967154,False,False,缓和,0.4827586206896552,0.4482758620689655,0.06896551724137931,104.6236665719172,91.05406053682786,94.85217224446538
1477,93.78372076090363,110.607163576876,90.02014377793358,99.13329567752282,False,False,升级,0.4224137931034483,0.4224137931034483,0.15517241379310345,97.21536646107785,101.34282247414227,99.98476204472175
1478,94.42662348161191,113.70024494092951,90.98728082187075,99.39438441036495,False,False,维持,0.43103448275862066,0.3879310344827586,0.1810344827586207,93.23839788535273,93.61559493335425,107.0214149803028
1479,88.67239537471589,111.16488980756299,86.19901792099192,94.75117288729872,False,False,缓和,0.7241379310344828,0.2672413793103448,0.008620689655172414,99.37268598164322,92.51081296707794,88.91093543190132
1480,91.86398490364992,111.25149736054422,88.33314171833284,95.04014608821134,False,False,维持,0.6293103448275862,0.31896551724137934,0.05172413793103448,93.42539893497784,94.22084834093589,93.55216523227396
1481,92.95355211396189,118.97049872208576,87.45355927557688,98.9161239270796,False,False,升级,0.5431034482758621,0.29310344827586204,0.16379310344827586,105.17159825302564,97.83573742230949,89.87594811399677
1482,92.12693630917911,111.39733677096356,87.22543808153071,97.13649259141377,False,False,升级,0.5603448275862069,0.3103448275862069,0.12931034482758622,99.38904119122311,95.50232451140839,102.93812470973003
1483,93.24341803288918,120.61820185864626,84.83255719440848,97.46618062857958,True,False,升级,0.603448275862069,0.25862068965517243,0.13793103448275862,113.92282271623081,96.46412086203668,91.53926458126561
1484,98.8285062511308,116.71751647679845,88.58419886645152,101.45164441187448,False,False,维持,0.46551724137931033,0.2413793103448276,0.29310344827586204,97.271343989576,116.0324056111002,89.49534900787629
1485,94.99485536086485,115.02126312504296,85.94702301604086,97.90757307665493,False,False,升级,0.5086206896551724,0.3448275862068966,0.14655172413793102,100.74274907341345,100.07838968697106,88.74510497323465
1486,98.7885440961185,132.3864856761995,88.24702960988866,103.82922049984954,True,True,升级,0.35344827586206895,0.29310344827586204,0.35344827586206895,123.67235647329714,91.30008176216438,89.59241537041525
1487,100.46651335578379,121.44610196372648,86.27095958715657,98.37619148919293,True,False,升级,0.45689655172413796,0.4224137931034483,0.1206896551724138,94.93247412777468,103.23342391198734,89.99967250072143
1488,97.69039895890064,121.57232458290223,89.98914573717084,98.29826406310268,True,False,维持,0.4827586206896552,0.3620689655172414,0.15517241379310345,92.75774053335076,92.96319903002272,93.82258766251311
1489,85.35200839129918,115.30472994130722,85.35200839129918,97.60576586731491,False,False,缓和,0.5948275862068966,0.23275862068965517,0.1724137931034483,94.37640255677879,91.05229594718499,95.26015957321934
1490,95.56971297543517,117.19697538440437,87.22640211727018,99.83470272774456,False,False,维持,0.4827586206896552,0.3706896551724138,0.14655172413793102,112.10012428842876,104.73152223157244,107.13520749913295
1491,85.68338376472379,113.5678518469104,85.68338376472379,96.92311279329836,False,False,缓和,0.5775862068965517,0.3620689655172414,0.0603448275862069,97.1503410417227,94.7658521613966,91.42281768166066
1492,88.16560715827073,116.48013474137679,87.18004837639096,96.50714097110213,False,False,缓和,0.6206896551724138,0.3275862068965517,0.05172413793103448,105.130825417937,89.26997432627785,93.86203895363948
1493,104.79555770003896,115.0991423228812,88.40624917477489,98.43431134264804,False,False,升级,0.45689655172413796,0.3879310344827586,0.15517241379310345,95.36761778109272,91.57168344053986,93.13063990727349
1494,91.59569968067458,117.39885993431078,88.69108135159533,97.26402365991963,False,False,升级,0.5086206896551724,0.39655172413793105,0.09482758620689655,99.23372743393249,94.79933151843946,96.48273321662388
1495,88.94941420109743,127.27102893238542,83.58393857146153,102.20131672424522,True,False,维持,0.4051724137931034,0.3448275862068966,0.25,125.28144716117599,94.74587312372564,91.46917388475872
1496,88.92018393381821,127.85516530691663,88.92018393381821,100.21842066692908,True,False,缓和,0.3879310344827586,0.4482758620689655,0.16379310344827586,110.21656376698932,98.82219867207007,107.5862321512451
1497,88.55902797519084,119.90201339695408,88.5573141065328,100.73281199363659,False,False,缓和,0.35344827586206895,0.4827586206896552,0.16379310344827586,111.34635537615318,91.9836998663451,99.95380993984391
1498,88.63309977223798,125.6507593228729,86.35403752370001,97.12605301329961,True,False,维持,0.646551724137931,0.25862068965517243,0.09482758620689655,116.15978935064805,95.54315641078367,89.02187988113448
1499,88.93767968593332,113.64996583767662,88.39134374251414,99.65720467186135,False,False,缓和,0.3793103448275862,0.47413793103448276,0.14655172413793102,101.98905886198708,98.59422746023085,96.83357636698604
1500,98.33258505940373,122.28687381406317,87.48187064253335,99.08146796089463,True,False,维持,0.45689655172413796,0.39655172413793105,0.14655172413793102,100.99385830018335,97.25933769550062,89.53137257233405
1501,86.99388000412016,122.87194556025581,84.88968010342587,98.29809462078684,True,False,缓和,0.5775862068965517,0.3017241379310345,0.1206896551724138,122.87194556025581,96.31339307758492,88.76466499145107
1502,87.40933827484348,116.55131306716332,87.40933827484348,99.51345434466765,False,False,缓和,0.3103448275862069,0.5517241379310345,0.13793103448275862,103.59405585690378,93.1544289026847,89.06328056784439
1503,87.9644798770186,114.16724007017764,85.56861768291941,95.5383106798603,False,False,维持,0.603448275862069,0.3103448275862069,0.08620689655172414,96.4994771518254,95.94790337535086,89.41390140210737
1504,84.26231865235192,120.78640808279988,84.26231865235192,101.27229054777303,True,False,缓和,0.5172413793103449,0.2672413793103448,0.21551724137931033,99.03434570955739,117.3827036662402,96.33299090403399
1505,91.59182946808598,112.96876194928362,83.6007317220406,95.50588765034865,False,False,维持,0.6637931034482759,0.3017241379310345,0.034482758620689655,96.7912128342061,92.53910432991245,95.54437551907186
1506,86.93770900306652,111.89457633931883,85.940288213775,97.81930313837466,False,False,缓和,0.4827586206896552,0.43103448275862066,0.08620689655172414,101.78548608847443,100.16951344841462,98.87290178128868
1507,87.10325528178154,120.93490253109665,84.12225010243343,97.11957276065381,True,False,维持,0.5344827586206896,0.3620689655172414,0.10344827586206896,120.14408662430928,99.65237104191135,89.87851678294312
1508,86.51465736550578,125.14078062057997,85.99633509126436,99.57243055129071,True,False,缓和,0.5344827586206896,0.25862068965517243,0.20689655172413793,102.83944092128236,101.87213720934037,96.68603643380857
1509,95.55036548842433,120.48434643637728,89.43598215951006,99.56642290081636,True,False,维持,0.3879310344827586,0.43103448275862066,0.1810344827586207,113.60599901426801,92.83400174141342,89.43598215951006
1510,90.81317175875871,129.14298251118592,90.81317175875871,102.15210709959119,True,False,缓和,0.3620689655172414,0.4827586206896552,0.15517241379310345,109.59246650403367,94.45916078678609,101.23623906017868
1511,89.06993811774569,127.05326881820876,87.20096546735914,101.27467205113982,True,False,维持,0.4051724137931034,0.3620689655172414,0.23275862068965517,103.85053766111767,105.8732306605657,100.76357643201057
1512,89.96182905674766,112.1879114396603,87.04537903470676,96.62925983206779,False,False,缓和,0.6120689655172413,0.27586206896551724,0.11206896551724138,98.92726899811446,94.27713541852546,96.45669609338427
1513,87.69734171508155,117.35023341945147,87.69734171508155,97.64225299476448,False,False,缓和,0.5689655172413793,0.29310344827586204,0.13793103448275862,107.36936865117364,96.18130490492382,90.5666094735615
1514,87.25389137420069,115.0654713821415,86.55011558291497,97.10578177634089,False,False,缓和,0.5431034482758621,0.4051724137931034,0.05172413793103448,100.52436791237177,102.34726698199349,90.98566249575957
1515,90.64492273156087,128.77400384277857,88.49651572762775,101.02432754211726,True,False,缓和,0.3448275862068966,0.4396551724137931,0.21551724137931033,123.26933506739542,95.83297015807993,95.09579835905785
1516,90.75998680961366,138.3427446171276,85.86691633476903,103.00343896260624,True,True,缓和,0.4827586206896552,0.21551724137931033,0.3017241379310345,123.55372972113877,108.22151423789535,91.05092175698958
1517,91.16071381143706,116.54818100881447,89.54003740388127,100.99831250878596,False,False,维持,0.3706896551724138,0.4051724137931034,0.22413793103448276,103.89297460196163,113.75703095232349,95.4082720662701
1518,94.45947984432505,108.98428910798648,87.38597109374999,94.52859786844323,False,False,升级,0.7068965517241379,0.23275862068965517,0.0603448275862069,96.38571399565298,97.48620939712951,90.10601485448672
1519,85.87635658144296,120.82827245244818,85.87635658144296,98.39721607503405,True,False,缓和,0.5689655172413793,0.33620689655172414,0.09482758620689655,110.85009572250102,101.44328690102164,89.24445761564772
1520,92.15456712084485,112.315351738858,88.0247362010674,97.98467138543617,False,False,缓和,0.5517241379310345,0.35344827586206895,0.09482758620689655,112.315351738858,101.4416315656782,89.72906788116798
1521,89.49306525805892,119.84605129005048,86.49951456002456,97.41426659519074,False,False,缓和,0.6293103448275862,0.23275862068965517,0.13793103448275862,95.74255677359459,98.49358191097139,90.36219202874302
1522,94.47426615336353,107.2394036660137,87.66292565756528,97.31528847871307,False,False,维持,0.5086206896551724,0.3620689655172414,0.12931034482758622,102.239684659933,94.98826008598887,92.82930744385837
1523,88.79194890014949,112.54201454891167,85.67651876562418,96.54889086256163,False,False,维持,0.5086206896551724,0.4224137931034483,0.06896551724137931,104.82969428473507,93.64801507616882,98.11873488927141
1524,95.85692734147771,114.85275891904865,92.54923604309874,102.3781060061442,False,False,维持,0.22413793103448276,0.5258620689655172,0.25,97.77475163158043,104.09820492207554,107.90738592989258
1525,86.93211186312472,118.31521160480445,86.93211186312472,97.25917510741282,False,False,缓和,0.6724137931034483,0.1896551724137931,0.13793103448275862,92.36786210598436,99.44480050051276,90.33245164627873
1526,92.76568555241127,116.11864467232282,88.17305646375726,99.14160784164903,False,False,升级,0.46551724137931033,0.3879310344827586,0.14655172413793102,110.51998050676964,94.94244264160966,88.53712537309025
1527,97.41694644445141,118.29037744492291,87.63039059965814,98.06288299692018,False,False,缓和,0.5344827586206896,0.3275862068965517,0.13793103448275862,110.98253670875015,91.16461995603538,91.021593249072
1528,98.60851729965296,120.40036964538574,88.78658005561164,100.83586122581727,True,False,升级,0.46551724137931033,0.3275862068965517,0.20689655172413793,98.89351565441466,95.91239829101427,96.65156427547687
1529,96.80269019057747,112.72307711589526,88.3831677644934,98.91421917094482,False,False,缓和,0.4827586206896552,0.3448275862068966,0.1724137931034483,105.67704120325126,92.96338076744648,90.86653974394004
1530,90.98068402390977,110.03574627136985,89.26967115135854,96.45752361509649,False,False,维持,0.46551724137931033,0.47413793103448276,0.0603448275862069,97.53547544408133,91.54309836901609,99.56151841832575
1531,89.95669144191862,112.69593998531992,86.87929096095269,96.67704758638874,False,False,缓和,0.49137931034482757,0.41379310344827586,0.09482758620689655,97.97412236633761,91.84496069918117,89.13504427053344
1532,90.10616889984024,111.14945431036709,88.81256825701705,97.83028634058779,False,False,缓和,0.6379310344827587,0.1810344827586207,0.1810344827586207,96.00782947543703,92.92286953508182,100.99060911779597
1533,86.60907855926169,113.17786392485748,86.36246992724209,98.4604174719903,False,False,缓和,0.4482758620689655,0.47413793103448276,0.07758620689655173,100.71019296036037,96.9805178064398,96.65729646494196
1534,85.85134402465813,112.43349911757416,85.76842266898848,95.5580519046537,False,False,缓和,0.6120689655172413,0.3706896551724138,0.017241379310344827,96.73949894060496,97.28746373185746,91.20951654319856
1535,91.33658080882789,107.28754049660846,87.00782319684187,96.1381116407835,False,False,维持,0.5948275862068966,0.29310344827586204,0.11206896551724138,93.92743958839851,91.12832121572934,99.6890566889472
1536,89.03313901240146,109.29396955372887,89.03313901240146,96.89870917062034,False,False,缓和,0.6206896551724138,0.19827586206896552,0.1810344827586207,92.50465411271516,89.99143906172954,108.3084988823758
1537,90.77397373747509,121.33679236688921,87.23053896151964,99.19895067764847,True,False,升级,0.5258620689655172,0.2672413793103448,0.20689655172413793,104.51508009026828,88.96070267468018,91.39587126426797
1538,99.45394906631263,112.12840848774623,85.57217337189061,99.22884323622856,False,False,缓和,0.45689655172413796,0.3793103448275862,0.16379310344827586,101.06991338725624,110.44791488482073,96.06677471111702
1539,88.34215644876599,110.52219111608156,87.16398011009433,98.08310183700567,False,False,缓和,0.47413793103448276,0.46551724137931033,0.0603448275862069,103.6870659941042,99.22332350838792,106.50259760645038
1540,92.21214534567522,110.45537084976104,90.93668460651402,98.36326507575149,False,False,缓和,0.5258620689655172,0.3448275862068966,0.12931034482758622,95.78450630737362,97.29545737820094,96.30020589531864
1541,87.73450633684355,110.95316546972317,86.9889618116498,96.61868379732182,False,False,缓和,0.603448275862069,0.31896551724137934,0.07758620689655173,103.14203620843284,94.54481604567692,101.45192269954833
1542,92.9612903124642,126.19898460930446,89.72651111151697,101.49762409526006,True,False,缓和,0.47413793103448276,0.28448275862068967,0.2413793103448276,111.30961018525402,90.87559714933295,95.45041102646306
1543,87.71109076393414,116.28812763436476,85.99149442451139,98.2216198700844,False,False,维持,0.3793103448275862,0.5086206896551724,0.11206896551724138,111.1272719692711,96.82491981558356,93.84394642677366
1544,93.82706715945083,119.44584329113954,88.89869665322284,100.55096093932244,False,False,维持,0.3879310344827586,0.3793103448275862,0.23275862068965517,106.38678390504386,112.75851870588961,93.79510386167077
1545,86.3716646757518,114.18718349340823,86.3716646757518,97.99443643859557,False,False,缓和,0.5086206896551724,0.33620689655172414,0.15517241379310345,108.36976958762122,95.99068728860642,93.812529580642
1546,89.90044592591752,111.29270235599466,87.77003988180121,97.9165449889909,False,False,缓和,0.5775862068965517,0.25,0.1724137931034483,93.37701124076813,96.55649908785895,98.4426873281567
1547,86.05034386990143,132.16185825116324,84.65840838323882,98.27735168017028,True,True,缓和,0.5603448275862069,0.3103448275862069,0.12931034482758622,102.71666416562722,92.50151004163854,101.0513039195234
1548,90.88671590715379,110.60156425686684,88.10378550103412,97.6197390227922,False,False,缓和,0.5775862068965517,0.3706896551724138,0.05172413793103448,96.88875733048256,92.52360449861523,92.02759883394843
1549,86.81598315491216,112.84490841186083,84.47814182977238,94.86901763409321,False,False,缓和,0.646551724137931,0.3448275862068966,0.008620689655172414,107.51922086702237,98.19893173760097,88.53509307182391
1550,94.33747272535544,130.54512251160278,87.53785935573792,101.947883128188,True,True,缓和,0.4051724137931034,0.35344827586206895,0.2413793103448276,123.5321873192624,104.91223023861667,102.69567565496271
1551,90.8945114945762,110.52074549590195,88.35210560129059,96.53416753771673,False,False,缓和,0.5862068965517241,0.35344827586206895,0.0603448275862069,105.26020342918557,98.45504039519183,90.26452548129149
1552,91.82562999896624,117.8819998957652,85.40675204739802,98.6074614339486,False,False,升级,0.5948275862068966,0.22413793103448276,0.1810344827586207,108.07562467311307,104.56707391085817,90.55463524345011
1553,91.30658303595384,110.70724201996974,91.30658303595384,99.44537835904389,False,False,维持,0.4051724137931034,0.4482758620689655,0.14655172413793102,95.77227206779222,95.54038140423154,101.91426584267428
1554,86.98728748333829,117.08059868782162,85.64756565327062,98.34192056266724,False,False,缓和,0.5344827586206896,0.35344827586206895,0.11206896551724138,113.57591065189362,96.31861937199764,92.44133822835761
1555,93.6819883256398,110.54902303002035,89.2086403433653,98.7995355423894,False,False,缓和,0.43103448275862066,0.4224137931034483,0.14655172413793102,99.78730533568395,93.89154991048156,94.3137843906933
1556,92.02941197147145,125.72710468654927,89.99614255785474,100.69110647120202,True,False,缓和,0.41379310344827586,0.3706896551724138,0.21551724137931033,104.64145645701724,93.89439368913652,99.0304704832578
1557,85.19086250938676,127.05781925520121,85.19086250938676,100.1334081727941,True,False,缓和,0.49137931034482757,0.3706896551724138,0.13793103448275862,100.14633154257777,92.78881902361816,93.63566802609674
1558,99.33623011296575,112.21157190717801,88.1543902117787,97.20891024280465,False,False,升级,0.5086206896551724,0.35344827586206895,0.13793103448275862,100.50283829663249,92.86446526483805,92.06812086888047
1559,85.09724648001576,120.53211195979445,85.09724648001576,97.55175220755045,True,False,缓和,0.5775862068965517,0.31896551724137934,0.10344827586206896,104.45893822860214,105.4562081969762,91.38241451342843
1560,88.0100020556243,109.64023781757946,87.72491587083071,98.55124981503526,False,False,缓和,0.5172413793103449,0.28448275862068967,0.19827586206896552,98.8458890629286,92.051052811334,106.88374231711173
1561,92.56499404082311,121.30934401792601,90.0061165174455,101.95048248582734,True,False,维持,0.43103448275862066,0.3275862068965517,0.2413793103448276,106.03477258149796,104.45980109764301,92.93254855836784
1562,98.88070058676192,126.83073157193446,88.55666595425195,99.83238133919059,True,False,维持,0.4827586206896552,0.3017241379310345,0.21551724137931033,96.20152034617232,98.68568095493447,93.19229141854065
1563,84.46153485457695,119.99965287997397,84.46153485457695,99.86035985219459,False,False,缓和,0.4051724137931034,0.45689655172413796,0.13793103448275862,111.94247343374718,101.0670358060337,91.40953999512256
1564,90.4641191252757,121.20814069818633,87.40920047978094,101.16864310380507,True,False,维持,0.47413793103448276,0.28448275862068967,0.2413793103448276,103.59089279094813,100.08596089350934,96.19398845247174
1565,89.60123704454173,127.77425294271009,87.52439060189646,98.01669421922878,True,False,维持,0.6551724137931034,0.16379310344827586,0.1810344827586207,108.02009618231294,92.42685603893595,88.52148179265674
1566,86.75857189000936,120.47596438773121,85.48282750456806,100.65420882143695,True,False,缓和,0.3706896551724138,0.49137931034482757,0.13793103448275862,107.60903135270348,97.1078385251111,102.7010407230235
1567,93.57387594340639,120.134152470437,87.87617584256276,100.68827212342109,True,False,维持,0.4051724137931034,0.3448275862068966,0.25,105.78069567652484,93.4683917559219,107.17715041865276
1568,87.64395430069736,123.9467864039479,86.50472405357787,95.84045297174282,True,False,缓和,0.6896551724137931,0.20689655172413793,0.10344827586206896,93.28543490440565,94.33072250834458,88.79956975282343
1569,105.26843920585979,119.33734263377453,86.36141593266716,99.43926937748901,False,False,升级,0.4827586206896552,0.33620689655172414,0.1810344827586207,119.33734263377453,91.917982482159,96.58069686746121
1570,87.23790908797098,118.19117819099853,87.23790908797098,98.72959009427193,False,False,缓和,0.5258620689655172,0.31896551724137934,0.15517241379310345,102.35488754627964,94.03645735185769,93.68844352860809
1571,91.62260965613179,118.54060865653607,87.74053103256325,95.75570056265707,False,False,维持,0.7413793103448276,0.20689655172413793,0.05172413793103448,101.52539228729628,92.56062762622338,88.9975046478237
1572,87.34976823998163,124.09376473811976,87.34976823998163,98.05211900435508,True,False,缓和,0.6120689655172413,0.25862068965517243,0.12931034482758622,99.5255985882013,92.7943440779229,97.36384689976158
1573,109.92746412345153,111.44764116168982,89.22723556386165,98.11959566808001,False,False,升级,0.5431034482758621,0.31896551724137934,0.13793103448275862,103.77996414666522,91.96666664364383,92.70168624016837
1574,91.0108021063273,120.11883798063151,88.24494680875165,96.88320249173208,True,False,缓和,0.5689655172413793,0.3103448275862069,0.1206896551724138,103.17320215893334,93.87745870146068,89.03797889121446
1575,92.97327445506366,112.54593061790881,91.61726293513343,99.4789706020193,False,False,缓和,0.47413793103448276,0.35344827586206895,0.1724137931034483,102.44563075322979,94.9471560404007,93.51379476893301
1576,98.5700063618415,122.467106246999,86.5551056220171,98.68831896030551,True,False,升级,0.5,0.3017241379310345,0.19827586206896552,107.44689830600717,105.07063994318082,97.13330816298448
1577,94.98049476781887,119.28805574068535,91.21944578330199,102.94805175814032,False,False,维持,0.27586206896551724,0.47413793103448276,0.25,117.88640303643395,98.81922241198183,97.83584199799593
1578,97.10517369243729,114.14781094626176,87.26096815916766,98.6438431370371,False,False,维持,0.46551724137931033,0.4396551724137931,0.09482758620689655,101.36630322690537,97.44012039711394,93.00575940884592
1579,95.25138028947266,110.02640422635328,85.55346324492727,97.74810262214656,False,False,维持,0.47413793103448276,0.47413793103448276,0.05172413793103448,101.61968614303399,96.49172361022981,97.99048850522821
1580,86.29154764166603,110.69535318003292,86.29154764166603,96.23994135737253,False,False,缓和,0.6293103448275862,0.28448275862068967,0.08620689655172414,93.8806775455076,95.85179175486913,90.86985337383021
1581,90.8373139019861,116.88713851391232,86.47757445060074,99.38148570846856,False,False,维持,0.4224137931034483,0.4051724137931034,0.1724137931034483,96.99281622560137,111.97461806629286,86.47757445060074
1582,88.53284240406336,115.03812402809622,85.85679866172465,97.88277905085405,False,False,缓和,0.5948275862068966,0.28448275862068967,0.1206896551724138,104.00749414197597,91.82779464799441,91.18176330903962
1583,86.06675632525715,113.20084729575724,86.06675632525715,95.17874460696069,False,False,缓和,0.6551724137931034,0.2413793103448276,0.10344827586206896,105.77038168097904,93.12370779690008,92.27242206303637
1584,88.3153815615546,120.56112629625339,85.57281004680502,101.49159409989387,True,False,维持,0.43103448275862066,0.3275862068965517,0.2413793103448276,104.51328591465175,101.60458653191938,104.26498723709119
1585,90.26091188431536,124.82291432247384,85.03121975052531,103.6530388347801,True,False,维持,0.25,0.49137931034482757,0.25862068965517243,110.54108098772707,104.55002759546281,91.09573774616555
1586,93.09090010700307,110.4515522420671,87.04308817324629,97.4879671430611,False,False,升级,0.603448275862069,0.3103448275862069,0.08620689655172414,102.41914203562112,100.545916391294,94.7043155766364
1587,98.88171311870111,119.85940262103229,87.68851606640717,102.62611405897334,False,False,升级,0.27586206896551724,0.4396551724137931,0.28448275862068967,119.17030624075839,112.12494562076355,94.11192861902117
1588,86.06561149283351,126.44962286103501,86.06561149283351,99.8343929238296,True,False,缓和,0.5517241379310345,0.29310344827586204,0.15517241379310345,97.90320917088388,104.32554051942196,91.68835066956547
1589,92.25042928970784,122.70331698751129,86.55036568262138,98.0338450556472,True,False,升级,0.5775862068965517,0.33620689655172414,0.08620689655172414,99.94467107475023,96.40617276635074,94.69960268403491
1590,89.85699156253659,119.44968009238158,87.79490943425488,97.94315571288402,False,False,缓和,0.6724137931034483,0.2413793103448276,0.08620689655172414,100.3120596858499,98.1112958779775,89.05992820697685
1591,94.63554508337214,119.0568763474359,87.60204507590998,95.12046698772374,False,False,维持,0.6896551724137931,0.23275862068965517,0.07758620689655173,99.18126605001468,90.29014499618135,89.36256715477981
1592,87.06878993188701,123.03125998119101,87.06878993188701,101.62630652746964,True,False,缓和,0.35344827586206895,0.46551724137931033,0.1810344827586207,108.75659569759512,93.03757279194633,96.91332459544587
1593,93.35669555746504,114.29699686808887,88.7216250290408,99.0546740880647,False,False,维持,0.5172413793103449,0.3017241379310345,0.1810344827586207,96.53818809621147,101.62152732602307,93.41172386071105
1594,95.39934477232917,117.42168381392669,88.5102036588667,99.03599776559773,False,False,升级,0.4827586206896552,0.4051724137931034,0.11206896551724138,107.40129809198088,95.24859768578366,92.3678082096199
1595,85.69254955473602,121.513566411182,85.10376437416606,99.85378609260675,True,False,缓和,0.5,0.3017241379310345,0.19827586206896552,96.77297743840687,96.03598090789741,104.28494070644135
1596,88.19196341383328,123.24616515842943,87.61094749227507,100.5402188763075,True,False,缓和,0.41379310344827586,0.3793103448275862,0.20689655172413793,102.57867575550218,97.82976944949232,97.2706733815933
1597,86.11902805328563,112.73054745418159,85.80722028203299,96.54312275323966,False,False,缓和,0.6206896551724138,0.28448275862068967,0.09482758620689655,94.12100425366306,99.3465168454057,86.92224743296603
1598,101.88590913495469,120.70061152858742,83.8756764879424,100.26918754875547,True,False,升级,0.3706896551724138,0.4224137931034483,0.20689655172413793,119.42846528814863,106.44956670145284,91.42388653927262
1599,96.46154276146149,126.67963022323768,88.77539604574893,100.82318326650083,True,False,升级,0.41379310344827586,0.33620689655172414,0.25,108.6567417659111,91.61722003643638,93.01847405261167
1600,89.10919604632701,114.00363343373165,84.5956005037276,94.63792996393508,False,False,维持,0.5775862068965517,0.35344827586206895,0.06896551724137931,96.08641340129124,93.06030376307348,89.48834244642958
1601,96.58520255283474,113.42704419403167,88.2599519017197,98.62801070868869,False,False,维持,0.47413793103448276,0.3706896551724138,0.15517241379310345,100.19036572439063,92.98102551151707,92.43404505805881
1602,92.12787769886913,116.64758666753072,85.68495970131976,97.45096363122535,False,False,维持,0.603448275862069,0.3017241379310345,0.09482758620689655,108.6251913110118,99.75534706225497,91.22262149716205
1603,86.82414737757829,113.72583855996164,83.96206604926914,96.50138016335244,False,False,缓和,0.6120689655172413,0.3017241379310345,0.08620689655172414,112.86670037693368,90.59911748007222,89.94507757202142
1604,90.41176983528965,113.37472188452202,87.69159061187351,96.64718721860834,False,False,缓和,0.6206896551724138,0.29310344827586204,0.08620689655172414,94.75034227715737,96.5720066455281,92.8784048641748
1605,93.36898206107375,114.84318915536483,89.66163302091269,99.70362585341293,False,False,维持,0.46551724137931033,0.3620689655172414,0.1724137931034483,98.11648264734482,109.08844299049267,91.00824336559464
1606,90.76263114313868,136.99054785272224,90.76263114313868,103.04419864748046,True,True,维持,0.29310344827586204,0.4827586206896552,0.22413793103448276,99.67391651472731,102.6910224929056,93.85226228385946
1607,86.85165482712503,118.00599084745694,85.6470844472965,97.1389557249233,False,False,缓和,0.6810344827586207,0.2413793103448276,0.07758620689655173,100.02786866877098,102.03526872233678,90.95347680047811
1608,90.05999894037637,113.57327050555945,87.86639010954231,99.73146779182885,False,False,缓和,0.3706896551724138,0.45689655172413796,0.1724137931034483,108.3807846762201,93.54490477166351,97.7801418297103
1609,88.20300474969643,113.69439764929459,86.8602853118018,97.6875809358214,False,False,缓和,0.5431034482758621,0.3275862068965517,0.12931034482758622,95.53129356667354,99.58570628794526,93.33967664645057
1610,83.50863545861132,119.43910085505563,83.50863545861132,94.56139648282048,False,False,缓和,0.7931034482758621,0.15517241379310345,0.05172413793103448,97.81812345348682,92.92906293038891,89.29113197338083
1611,88.70713610658908,126.4085152345275,85.89239789291634,100.24631480619529,True,False,维持,0.5,0.2672413793103448,0.23275862068965517,113.17907464555503,95.67680728306568,107.12593467761018
1612,87.92426148754716,116.95756480261727,87.92166317866509,101.13201869169524,False,False,缓和,0.45689655172413796,0.3793103448275862,0.16379310344827586,103.8423604036668,98.60629087809373,114.67590809764783
1613,100.1454769970326,122.99202845390006,85.33310189382449,100.34278241925523,True,False,升级,0.3448275862068966,0.43103448275862066,0.22413793103448276,110.3882324730144,97.11839686599735,95.23108974472623
1614,105.35681229760144,125.37316203744426,84.8712040860113,97.83711699687488,True,False,升级,0.6379310344827587,0.16379310344827586,0.19827586206896552,104.00764538808835,92.22799188495385,90.60890970145391
1615,100.31138524119598,125.28082195661167,87.90130719631966,100.61378780574363,True,False,升级,0.43103448275862066,0.27586206896551724,0.29310344827586204,98.15103482392921,101.45840549262446,101.91483157809424
1616,98.30639119374715,125.33028746124324,84.82950651075721,99.34960732538991,True,False,缓和,0.4827586206896552,0.31896551724137934,0.19827586206896552,108.21141402835565,89.76817777701919,87.64011174095383
1617,90.90775296023254,116.07086548897668,86.92441912047629,97.85178914773043,False,False,维持,0.4827586206896552,0.4224137931034483,0.09482758620689655,99.22027152501478,100.21868594782697,87.03723568258974
1618,88.56705582020311,119.55273395684944,86.17012043339898,97.09668608507737,False,False,缓和,0.6724137931034483,0.2413793103448276,0.08620689655172414,100.2723942914087,97.44437384402471,86.40121944478669
1619,102.67235803585861,114.5377114570668,85.36452227479776,96.23243167600747,False,False,维持,0.6120689655172413,0.25862068965517243,0.12931034482758622,96.2473799409494,91.15749325492368,86.24741391067435
1620,87.15481101579496,116.01336534077554,85.77745586935569,97.68495454715948,False,False,维持,0.45689655172413796,0.4482758620689655,0.09482758620689655,109.13643357211129,92.52482352786765,89.01468409602448
1621,92.96414277354246,113.89736031389066,90.257083364659,98.4560019466924,False,False,缓和,0.5775862068965517,0.28448275862068967,0.13793103448275862,98.51647736098221,95.09448558725501,92.5562220730317
1622,89.87004722491659,114.30329938759331,87.7715906531891,100.16200880238802,False,False,维持,0.3275862068965517,0.5689655172413793,0.10344827586206896,97.40015629777378,103.81113689456063,100.56565259587049
1623,87.69012587791921,116.09584627236089,86.45330619652718,94.83976939287824,False,False,缓和,0.6120689655172413,0.3706896551724138,0.017241379310344827,91.06887185886337,94.71350843797326,94.51778381928787
1624,93.84947570304467,129.20950865760813,85.93250727521396,100.04830551671822,True,False,升级,0.49137931034482757,0.29310344827586204,0.21551724137931033,110.43465681993983,93.16489536634863,97.20940805489602
1625,89.82608161950522,114.35254544850005,85.65075941789907,96.85680887289527,False,False,维持,0.5,0.43103448275862066,0.06896551724137931,97.88595875361847,105.14282677720212,92.46359917396737
1626,88.96917285527842,124.35249964405129,88.96917285527842,101.64629840978897,True,False,维持,0.4396551724137931,0.3620689655172414,0.19827586206896552,122.2390721194557,96.729627334801,98.79039957955708
1627,88.74991200557345,126.78209939632646,85.65840754979148,98.55001477505277,True,False,缓和,0.5,0.3879310344827586,0.11206896551724138,105.62511497003086,95.55538061619563,94.04817546202071
1628,88.24487039680942,110.68280398515036,87.3034510511601,97.78450027037096,False,False,缓和,0.41379310344827586,0.49137931034482757,0.09482758620689655,96.6038611618625,101.16592838400533,90.28579254118814
1629,92.56602730068303,119.40084183279392,87.25992471293459,98.54981683599964,False,False,缓和,0.5862068965517241,0.2672413793103448,0.14655172413793102,100.51808158688033,97.87114473109429,89.46161693295774
1630,88.0059906588907,110.04022804093296,85.76838207009722,96.2434450086343,False,False,维持,0.6293103448275862,0.3017241379310345,0.06896551724137931,103.74949546218427,97.16907868088967,91.28117698306644
1631,104.80286666557609,112.54308512956294,86.78352682808298,98.0351830469974,False,False,升级,0.5344827586206896,0.3448275862068966,0.1206896551724138,97.14547026074766,96.6563147169212,92.65237968358528
1632,88.27785218610867,130.2735322955923,87.00012919751279,102.2737053826689,True,True,缓和,0.3620689655172414,0.4396551724137931,0.19827586206896552,123.9120677563764,93.55921515523505,100.09435445419105
1633,99.86897668346491,119.7172190412889,88.12854361137204,99.34227205913231,False,False,维持,0.46551724137931033,0.3448275862068966,0.1896551724137931,93.04724317937888,109.61971032339359,90.84700233020341
1634,97.48051693433368,116.12911184435366,88.91221559410022,99.55303972824733,False,False,升级,0.47413793103448276,0.33620689655172414,0.1896551724137931,104.16974722167923,94.09135796659574,89.30253809539428
1635,97.06728033981283,121.08524052580542,86.18704686680408,98.30432902480608,True,False,升级,0.5344827586206896,0.29310344827586204,0.1724137931034483,96.62947292549306,93.51802004054794,95.10635354576365
1636,86.76611120445926,117.7736649181446,85.96773890440156,96.64696991493743,False,False,维持,0.6637931034482759,0.2672413793103448,0.06896551724137931,95.66140577849811,95.01366099650198,88.44669766645222
1637,92.7544979685034,111.69311510732128,90.48782665726316,98.03051131217154,False,False,缓和,0.46551724137931033,0.41379310344827586,0.1206896551724138,99.79631717550093,101.8481754942881,92.20305592688727
1638,85.52909859818072,126.90186144295483,84.61123711686811,100.04446119970235,True,False,缓和,0.3879310344827586,0.45689655172413796,0.15517241379310345,103.22867776222856,100.94511314742206,95.63053303823428
1639,88.67191960492255,114.12607315971702,88.47275816298948,97.0499582342244,False,False,维持,0.5517241379310345,0.33620689655172414,0.11206896551724138,90.61439312828729,93.29470720890035,111.69864313231903
1640,89.77967122970736,116.28738186695288,89.77967122970736,96.78543569677629,False,False,缓和,0.5948275862068966,0.33620689655172414,0.06896551724137931,97.17821334226088,92.91947135977668,98.589231145943
1641,96.62217745099092,127.05014080689334,84.7994899988492,98.36285240409006,True,False,维持,0.5258620689655172,0.33620689655172414,0.13793103448275862,125.53574094940187,99.72716221368465,92.10986662732832
1642,98.190144455714,115.12943547189263,84.88778917749453,96.96391725453488,False,False,升级,0.5086206896551724,0.35344827586206895,0.13793103448275862,92.35875650984126,99.71392059032196,91.21064674916286
1643,89.75770513013263,109.62395129500548,86.64763517595544,94.0343027383078,False,False,维持,0.6982758620689655,0.27586206896551724,0.02586206896551724,97.82984285940414,91.80227301110978,89.92485107763885
1644,89.21723294274305,122.13000287250782,87.94385236342978,98.78236585342736,True,False,缓和,0.6293103448275862,0.23275862068965517,0.13793103448275862,100.57766932698489,92.28360800699645,93.18045535616373
1645,96.27603113361437,112.51408192209057,87.78028299688141,96.74064112551861,False,False,升级,0.5603448275862069,0.3448275862068966,0.09482758620689655,91.89448383290741,97.23078074287737,93.90097408940316
1646,90.37065080900875,125.09814556914482,87.32341324195824,99.84456688699244,True,False,缓和,0.5,0.3448275862068966,0.15517241379310345,107.7900412655756,92.37238877236672,97.4519313174677
1647,92.86495259419384,112.24377742713702,86.88569169841838,96.1394713314849,False,False,缓和,0.5431034482758621,0.33620689655172414,0.1206896551724138,93.77102340785515,93.36788821448641,88.79566023209283
1648,89.4642313636283,114.66185054529709,88.87230941119951,98.54699615197795,False,False,缓和,0.41379310344827586,0.39655172413793105,0.1896551724137931,103.3360534736068,95.97908323185065,112.49178718691854
1649,88.0721228567328,129.41167714882496,85.77105065485159,99.48091782087172,True,False,维持,0.49137931034482757,0.3793103448275862,0.12931034482758622,97.55290955913955,97.63200478483316,92.78971875404842
1650,94.10290929168995,120.74701151416875,85.3699538056815,100.32946959353934,True,False,升级,0.46551724137931033,0.33620689655172414,0.19827586206896552,104.87562543383761,108.24999645140412,90.33681693103385
1651,97.78299531285053,118.56760516316423,86.19397979992496,98.2215471144012,False,False,升级,0.5172413793103449,0.4051724137931034,0.07758620689655173,105.92494315419788,94.03911876410852,89.6563862635879
1652,86.10637056236672,117.52432092842406,85.5293387734802,98.96778604392526,False,False,缓和,0.3103448275862069,0.6206896551724138,0.06896551724137931,98.84907552855074,101.90100573729667,97.88048722555799
1653,87.06883471983711,115.6194530116361,84.53368705884759,98.9780782741344,False,False,缓和,0.3448275862068966,0.5689655172413793,0.08620689655172414,104.18905906874176,104.84477742024202,94.1617110181359
1654,95.93547705902043,113.68727009229617,88.72629787473808,99.3574237544341,False,False,缓和,0.47413793103448276,0.3620689655172414,0.16379310344827586,99.22015872481205,92.33646494723648,108.61544006094184
1655,87.82155356792009,109.46797816449245,85.07707049064143,93.21577685820124,False,False,缓和,0.6637931034482759,0.33620689655172414,0.0,98.95302309143976,92.9836791509339,95.48128391338305
1656,87.71608855125423,116.13648722409035,87.71608855125423,100.18917305395992,False,False,维持,0.45689655172413796,0.3879310344827586,0.15517241379310345,110.6134176077854,95.72087325574924,94.78767749267212
1657,88.90869212461472,118.20188269151862,86.9992299599288,96.26490929919083,False,False,缓和,0.5603448275862069,0.3275862068965517,0.11206896551724138,98.59396497591044,90.3807819767742,97.59708978327767
1658,95.47630046831118,131.6518334756353,88.29435553366768,101.91052660509615,True,True,维持,0.3706896551724138,0.33620689655172414,0.29310344827586204,98.66752721613577,92.15791970945926,90.7087438999373
1659,88.30904304706506,136.48220698299582,88.30904304706506,104.58842428158901,True,True,维持,0.20689655172413793,0.49137931034482757,0.3017241379310345,101.35847291046335,99.20787315808765,101.6465543601243
1660,94.99456549241617,123.24704213234281,88.66723767885884,99.21921387242584,True,False,缓和,0.3793103448275862,0.4827586206896552,0.13793103448275862,97.67966881364882,94.78884278439135,91.06788914689965
1661,92.4491559321253,116.50718972198301,87.40502899715858,98.65095198501423,False,False,维持,0.46551724137931033,0.4051724137931034,0.12931034482758622,102.41162122811707,92.92255635884638,113.95600055447233
1662,87.5795470756127,110.28302376711665,87.10957463531902,96.13949403126219,False,False,缓和,0.5689655172413793,0.3706896551724138,0.0603448275862069,104.69959913383131,95.29885583505522,93.88622532079793
1663,97.00951468452982,130.64324227478787,90.932918512902,101.01395010733627,True,True,升级,0.43103448275862066,0.2672413793103448,0.3017241379310345,94.11672894417399,92.47115351498032,97.25476437937212
1664,87.9756949874133,124.09514493634374,86.39665731466656,100.90915818408166,True,False,缓和,0.45689655172413796,0.23275862068965517,0.3103448275862069,100.87889773847787,100.8554419924309,109.2712429717923
1665,83.91884889909275,122.95363635081345,83.91884889909275,104.29748583926299,True,False,缓和,0.25862068965517243,0.4224137931034483,0.31896551724137934,109.29504733919471,101.77085167907285,98.86327100003498
1666,91.5933230726316,111.68780824863391,90.04699988873146,98.41448676741088,False,False,维持,0.4396551724137931,0.47413793103448276,0.08620689655172414,100.86840303718252,104.50905510173331,93.77366710096356
1667,90.4683950206013,122.81667888191281,87.3955350960657,97.18053382800474,True,False,缓和,0.6206896551724138,0.29310344827586204,0.08620689655172414,109.12801109922371,89.96169767022407,90.51696634118727
1668,90.38682910370194,119.87563947331068,88.69685781123354,99.63487306396553,False,False,缓和,0.39655172413793105,0.43103448275862066,0.1724137931034483,103.43668655114847,93.44765312457436,97.59047757168896
1669,90.40052532017927,114.99692434046919,86.34058926597352,96.68686528620073,False,False,维持,0.6206896551724138,0.2672413793103448,0.11206896551724138,106.97599399806757,99.91889676088475,92.86387580855636
1670,105.89380057358274,115.23084296546973,88.9350893391075,99.1552716967839,False,False,升级,0.5086206896551724,0.29310344827586204,0.19827586206896552,115.23084296546973,96.22985650020664,90.198106642908
1671,86.63483277762697,110.38553456113098,85.0954048484749,95.71356786959478,False,False,缓和,0.6293103448275862,0.31896551724137934,0.05172413793103448,100.95876033763766,96.66131400267948,93.57271469528312
1672,88.26841164120849,124.90562601489609,88.22737940954076,101.05513449462518,True,False,缓和,0.3275862068965517,0.46551724137931033,0.20689655172413793,95.12934712085818,96.4241136952346,96.92604966830463
1673,88.41261582327931,110.22057463043699,88.41261582327931,98.03704416020716,False,False,缓和,0.39655172413793105,0.5172413793103449,0.08620689655172414,100.74663833508829,97.57720553274191,91.13229329729127
1674,97.53582106909381,130.35415961939688,85.74111818112284,100.96629537402397,True,True,升级,0.47413793103448276,0.3103448275862069,0.21551724137931033,122.95732788533887,93.29084407001454,94.70667911137802
1675,92.5715525772166,119.6665581180715,88.12903996981318,98.99043461248746,False,False,维持,0.47413793103448276,0.4482758620689655,0.07758620689655173,102.53228028475588,90.40727836054606,97.71935526028736
1676,100.69216189250196,110.73642297709095,88.09877218845017,95.22181560428635,False,False,升级,0.6379310344827587,0.31896551724137934,0.04310344827586207,93.2515953772502,93.6707655265637,94.64540614795087
1677,91.2853177620603,125.28383471410699,89.11614641098589,100.51229713401726,True,False,缓和,0.4224137931034483,0.4224137931034483,0.15517241379310345,109.36917595003104,97.18333207441103,91.98768020501126
1678,90.16867347546854,111.2033755413164,87.07794951732214,95.88395765709058,False,False,缓和,0.7327586206896551,0.1724137931034483,0.09482758620689655,92.98487704985119,97.87070003030826,92.59845652885654
1679,90.04516229494949,110.71683399540724,86.12212388626315,96.93583700702274,False,False,缓和,0.5431034482758621,0.3275862068965517,0.12931034482758622,94.08987811869079,103.27968055003149,89.38103534903838
1680,86.93445081310233,124.45345098209175,86.22936437216823,99.32968946819129,True,False,缓和,0.47413793103448276,0.35344827586206895,0.1724137931034483,100.21452614468949,103.29557435653577,94.80515723541997
1681,88.36537341704039,114.80981739135197,88.36537341704039,99.36749286494015,False,False,缓和,0.3448275862068966,0.5344827586206896,0.1206896551724138,104.28589788969325,92.37499351484684,104.2367478821361
1682,91.69483201702032,110.78551366432683,87.21850119563601,95.5138390209515,False,False,维持,0.5862068965517241,0.3706896551724138,0.04310344827586207,99.73180111684934,95.52822529027792,90.85352147985252
1683,85.07789170706907,117.39037174914,84.36087489376254,93.4100321765048,False,False,缓和,0.7931034482758621,0.16379310344827586,0.04310344827586207,93.92891912802928,90.47976465268518,89.89206847308256
1684,84.55293282949091,118.66244143911442,84.45274984591913,96.25933891575677,False,False,缓和,0.6637931034482759,0.25862068965517243,0.07758620689655173,104.40958051845743,91.06560585443424,93.19746419841981
1685,100.20761622750359,124.90693709010645,88.02704416483255,101.58056540149933,True,False,维持,0.3017241379310345,0.4396551724137931,0.25862068965517243,103.42683874183014,99.34653155358993,96.92133619076793
1686,87.2493971572472,114.6734923255003,87.2493971572472,98.89445042357616,False,False,缓和,0.41379310344827586,0.5,0.08620689655172414,108.6590826591194,96.60098023360817,90.49835444722913
1687,93.93276616937858,117.86157957761414,88.70330505710317,98.58772098243632,False,False,升级,0.41379310344827586,0.4827586206896552,0.10344827586206896,103.14860195158134,95.40108616965502,89.09957203172803
1688,90.22003913936875,109.68783044154289,88.58556595572345,96.30140484807227,False,False,缓和,0.5258620689655172,0.4051724137931034,0.06896551724137931,105.67823190390149,89.30188417804627,94.82942492953389
1689,91.73146158335062,118.83932637487673,87.14106672655,99.6516809142191,False,False,缓和,0.4482758620689655,0.4482758620689655,0.10344827586206896,116.34296007871217,93.6996541061029,96.28767986563398
1690,94.1520692927678,123.03360295747282,91.86571489984313,101.50604609780393,True,False,缓和,0.5,0.25,0.25,96.56280398556449,98.25499022417631,99.95690761158608
1691,86.75391894820207,124.88443743337186,86.16051435967093,95.9345547709959,True,False,维持,0.6637931034482759,0.29310344827586204,0.04310344827586207,97.83391891503716,91.44977750621723,91.1923263290512
1692,85.75622008620539,112.38712328985288,82.97475094582632,98.54387543065602,False,False,缓和,0.41379310344827586,0.4051724137931034,0.1810344827586207,104.46675266617328,103.91900650848721,105.57036732240789
1693,89.48995124741515,125.75206393312133,85.10746967900674,100.4781702538468,True,False,缓和,0.41379310344827586,0.3793103448275862,0.20689655172413793,104.0492279378164,97.11963148518905,92.1932979472273
1694,95.82396602515814,111.97791915508066,87.98638415397365,97.17753829823283,False,False,维持,0.4827586206896552,0.43103448275862066,0.08620689655172414,102.75771065152904,100.37738578624585,91.15894175005363
1695,85.23639378766222,126.26597495469389,85.23639378766222,96.4223628343613,True,False,缓和,0.7241379310344828,0.16379310344827586,0.11206896551724138,96.17433811273641,95.32573946116614,94.52354264167963
1696,87.1737372597693,124.02582463890221,85.96266357946999,98.49417780976091,True,False,缓和,0.4224137931034483,0.4482758620689655,0.12931034482758622,118.58755856389254,102.11545805106053,96.99878055291468
1697,96.27339630282025,114.51214607583327,92.13771745475148,99.55923570645851,False,False,维持,0.4482758620689655,0.4051724137931034,0.14655172413793102,107.35015526061022,94.13706880890503,94.43513719608664
1698,87.4945757106867,122.81679546416318,86.61143071365868,101.8885398002296,True,False,缓和,0.4396551724137931,0.3879310344827586,0.1724137931034483,108.53021088840573,108.2759990508538,97.27697786307003
1699,85.35293803603466,136.05912507382868,85.23798054236052,99.12052521827178,True,True,缓和,0.5517241379310345,0.3275862068965517,0.1206896551724138,101.82899810287256,90.62468130037409,93.08114354468245
1700,93.84892650623088,121.52246910497895,84.45039281953267,97.27026696148306,True,False,维持,0.5862068965517241,0.29310344827586204,0.1206896551724138,108.30183247442808,91.75238003794162,93.06538280973966
1701,88.41612095440128,113.14294542061567,85.58245394070345,96.9683912679376,False,False,维持,0.5,0.46551724137931033,0.034482758620689655,107.06612304964457,98.70362147093456,88.63036036340482
1702,94.89423166653447,118.37791996909233,89.201928385194,98.05534171832704,False,False,升级,0.5603448275862069,0.33620689655172414,0.10344827586206896,94.00684955886405,99.0880900504539,93.55719524320305
1703,89.07398269702776,111.59384648398517,85.4903550901333,97.85745371646871,False,False,维持,0.4396551724137931,0.5086206896551724,0.05172413793103448,105.19723341051188,93.03892443444317,91.70352616389091
1704,88.3481522591543,116.66873426175435,88.3481522591543,100.04612236021063,False,False,缓和,0.3017241379310345,0.6206896551724138,0.07758620689655173,112.25820588866318,95.12568734915087,98.83467060264081
1705,105.64579958464118,115.49177152685158,88.70985280067018,99.28317052918662,False,False,维持,0.39655172413793105,0.45689655172413796,0.14655172413793102,107.11154841360243,97.674312524937,93.99629969259583
1706,85.00720185525162,115.6287682205927,84.8203539331537,97.69932316955382,False,False,缓和,0.5172413793103449,0.3793103448275862,0.10344827586206896,111.12506771834464,92.32037431943111,90.21355648885053
1707,94.03314796677337,124.8014362892274,86.80876125763619,96.97976035916477,True,False,升级,0.5689655172413793,0.2672413793103448,0.16379310344827586,100.26875649902145,87.47483168762761,91.32388780312756
1708,87.6772423570291,111.99192327627196,86.96838460580487,96.82908638404648,False,False,缓和,0.6206896551724138,0.3103448275862069,0.06896551724137931,96.03219261853236,96.38237533663488,95.08610404286443
1709,87.76720054351298,116.20875305878619,87.76720054351298,100.39431079170795,False,False,缓和,0.45689655172413796,0.3706896551724138,0.1724137931034483,112.57269391428535,95.64993859591306,91.45432335592972
1710,86.66017250838134,121.4519224746983,86.66017250838134,99.07269294309395,True,False,缓和,0.5948275862068966,0.19827586206896552,0.20689655172413793,114.10875769222186,98.36611498531309,90.97916988066332
1711,88.35591434079448,111.68314939876797,88.35591434079448,96.7535470873485,False,False,缓和,0.5603448275862069,0.33620689655172414,0.10344827586206896,104.1845901619753,90.57950432534865,95.27535071185224
1712,87.01276763424035,112.00950597476346,86.32262874010326,96.19579678861486,False,False,缓和,0.4827586206896552,0.5086206896551724,0.008620689655172414,96.62525861082702,93.65771625728028,95.456908243694
1713,99.23191583230627,119.82543423109647,92.81939567738979,102.01545456954476,False,False,维持,0.33620689655172414,0.41379310344827586,0.25,93.39496067570136,99.07205075196747,96.49920759626242
1714,93.15782136447308,119.34071558218876,89.87624174368936,100.65781480893148,False,False,维持,0.5258620689655172,0.23275862068965517,0.2413793103448276,95.23367836912905,92.11153021495234,103.99001899870532
1715,93.65482511801459,117.37052959465909,87.78186075974634,98.08051832553356,False,False,维持,0.5603448275862069,0.35344827586206895,0.08620689655172414,105.23850596665126,97.71698904775347,91.0871596478054
1716,95.55818511959943,119.74644404212808,86.12363012861313,102.48542620571021,False,False,维持,0.21551724137931033,0.5775862068965517,0.20689655172413793,105.92086155627139,98.06516763136851,102.42900682056006
1717,90.7525872086955,117.05280065947812,89.18765005751236,101.44590253187607,False,False,维持,0.3103448275862069,0.47413793103448276,0.21551724137931033,102.63280724249267,89.88228059725012,105.48024142119962
1718,86.57974809320845,118.71249019040113,86.57974809320845,99.05855742143729,False,False,缓和,0.5,0.3017241379310345,0.19827586206896552,97.19964399902551,99.84678015949262,87.87706111482998
1719,92.99885190632533,128.64415243363914,87.07714398297135,99.03044576543158,True,False,维持,0.5172413793103449,0.3448275862068966,0.13793103448275862,97.7098855390287,94.21116516570567,99.210113694955
1720,93.86563756145699,119.14290130612366,86.49918618180372,99.98954934754771,False,False,升级,0.45689655172413796,0.4051724137931034,0.13793103448275862,99.09043365837617,94.85614693027516,94.2737629803343
1721,91.61796486590109,125.63272994375266,85.40716444171551,99.22834360650566,True,False,维持,0.4827586206896552,0.3879310344827586,0.12931034482758622,106.1192218811949,96.27133357632671,88.41364425621556
1722,88.09924633457445,114.28080254859017,83.87710127067632,95.82481282392536,False,False,维持,0.6810344827586207,0.2413793103448276,0.07758620689655173,94.17348735817913,112.85701284055466,90.62309523151825
1723,92.99713500445202,118.71284043424168,85.69205993013492,97.92006477894162,False,False,维持,0.49137931034482757,0.33620689655172414,0.1724137931034483,102.64693479134209,100.07429914383334,93.50103265405215
1724,99.50780993296951,122.93139484660765,87.1620687105217,99.74229163733766,True,False,维持,0.4051724137931034,0.43103448275862066,0.16379310344827586,102.6572899656255,99.10814644169133,92.37365581798822
1725,87.97827480711261,117.25387293583775,87.97827480711261,97.95426004509048,False,False,缓和,0.3448275862068966,0.5431034482758621,0.11206896551724138,94.95752159813982,98.81766252080506,93.00338013977489
1726,90.2129318129595,114.29179609115947,89.68283780939153,99.33322993136098,False,False,缓和,0.47413793103448276,0.46551724137931033,0.0603448275862069,100.94004348210153,107.76887990462605,93.14230658707473
1727,106.40723897553612,116.62128379103649,87.60370495924096,99.21549084817053,False,False,升级,0.603448275862069,0.20689655172413793,0.1896551724137931,104.60504140464346,96.63148695451896,89.82737683278883
1728,100.18050072026462,121.64785753393238,89.44713117556995,104.54645283887201,True,False,升级,0.2413793103448276,0.39655172413793105,0.3620689655172414,109.88965794709085,110.5258506143368,96.13886139035134
1729,87.55170346462641,110.15040456628932,85.47369795195247,94.29879736310077,False,False,缓和,0.6637931034482759,0.3275862068965517,0.008620689655172414,98.74058083387717,98.27224905795954,91.98213172910235
1730,88.63150949842331,131.28400937139136,86.73554720798269,100.9200738650873,True,True,缓和,0.5258620689655172,0.2672413793103448,0.20689655172413793,100.99227841672814,98.34772688920664,92.99912807016413
1731,85.19657834835746,116.5194424580981,85.19657834835746,100.02481778235506,False,False,缓和,0.4051724137931034,0.49137931034482757,0.10344827586206896,111.56006642182716,99.28657723593966,91.85854388861544
1732,89.41050360862936,120.50613769222294,88.66003308630934,98.94283632595801,True,False,缓和,0.4051724137931034,0.46551724137931033,0.12931034482758622,99.66442690120897,101.85948247616034,89.57502904432738
1733,93.85950156281419,111.66434544555288,88.19609229159984,98.75708986354402,False,False,升级,0.35344827586206895,0.5086206896551724,0.13793103448275862,100.34941102522693,97.92625869966201,102.52357731761029
1734,90.72790017150697,112.53721353319943,90.72790017150697,98.40623641263342,False,False,维持,0.43103448275862066,0.5,0.06896551724137931,105.32843750039385,90.99664431249396,99.5392992829845
1735,105.0203575500393,125.18036468742065,89.93672119566656,99.21847343377934,True,False,升级,0.43103448275862066,0.4051724137931034,0.16379310344827586,96.5173726052043,93.9291862648703,96.60175316131566
1736,87.45330029885208,112.15929495261994,86.40091170422829,98.83060981409822,False,False,缓和,0.47413793103448276,0.41379310344827586,0.11206896551724138,107.86714595629638,93.85588871267524,89.81384751795754
1737,90.51432704935941,125.40590094209787,88.0988985225799,100.26396833247473,True,False,缓和,0.45689655172413796,0.3448275862068966,0.19827586206896552,103.75354740523474,100.27233982278813,93.45113917660359
1738,99.34102477135035,117.0516211204069,87.89511819735331,102.30204687267852,False,False,升级,0.2413793103448276,0.5517241379310345,0.20689655172413793,116.67558906016863,100.76976149301264,109.93549316158301
1739,91.33554203947124,113.19193860329554,86.17898731460008,96.22464896615332,False,False,缓和,0.6724137931034483,0.21551724137931033,0.11206896551724138,92.5725976290395,94.33629367593618,89.31369296807706
1740,94.57119732021522,111.20871361935845,86.8126620262775,97.02168485088623,False,False,维持,0.5344827586206896,0.4051724137931034,0.0603448275862069,105.13609339900187,94.61542211452058,95.04751450710005
1741,88.92705291651804,115.80056183422785,85.65487370886169,100.95816008906692,False,False,缓和,0.43103448275862066,0.33620689655172414,0.23275862068965517,105.59897918023402,98.24667438909677,101.4824888359691
1742,88.44986925296645,134.1686014296077,88.44986925296645,102.097155878862,True,True,缓和,0.29310344827586204,0.5344827586206896,0.1724137931034483,111.69816214826757,96.91913329058731,94.56019673635403
1743,89.45907651210149,112.87426896639685,87.78687383701495,97.42473561389545,False,False,缓和,0.5517241379310345,0.35344827586206895,0.09482758620689655,107.80453553944233,106.10709186977927,88.61521367830215
1744,90.70758119541186,127.4660064576306,85.77831766597804,99.42466335840562,True,False,维持,0.4396551724137931,0.4482758620689655,0.11206896551724138,103.48972928291154,100.6822210814123,92.34506285458608
1745,85.28736745740176,129.9883451370041,83.74432016873128,102.13437192603594,True,False,缓和,0.33620689655172414,0.49137931034482757,0.1724137931034483,116.66096448933959,100.24193815196237,94.9359125068559
1746,87.77023850921852,120.22185787908933,87.49934758295971,99.02984153954412,True,False,缓和,0.31896551724137934,0.5517241379310345,0.12931034482758622,113.10746774926629,97.55854824747945,92.11353413589116
1747,90.21817557253105,126.96438795386761,86.09193152101265,100.46247013926484,True,False,维持,0.5862068965517241,0.19827586206896552,0.21551724137931033,104.9851788262844,114.33882835574005,100.12252819738276
1748,96.95513477290349,130.57103596424832,89.81749052128407,99.69846115954958,True,True,缓和,0.47413793103448276,0.39655172413793105,0.12931034482758622,98.96005844886575,100.75916658487871,91.50864252182151
1749,88.90726227291884,122.03027338977964,87.1686707477582,95.95398074432991,True,False,维持,0.6724137931034483,0.21551724137931033,0.11206896551724138,104.93537073662876,92.06312052955367,91.94655042810301
1750,86.48075123738984,111.44363282252101,86.48075123738984,95.14626168949829,False,False,缓和,0.5689655172413793,0.43103448275862066,0.0,95.93476163826182,92.67915087305168,89.80168531621626
1751,87.91476154546251,116.70103934498108,87.69886331119291,97.23637444014277,False,False,缓和,0.6120689655172413,0.33620689655172414,0.05172413793103448,105.63445264862631,91.21696519193429,93.26328815194475
1752,101.2638831492798,123.54174659074681,90.14914346972587,100.4385190743238,True,False,维持,0.43103448275862066,0.3448275862068966,0.22413793103448276,107.9500089060838,97.48401628574922,92.57089306327852
1753,91.07714916614599,112.8415111550138,86.65365851246177,100.25996647067313,False,False,维持,0.39655172413793105,0.46551724137931033,0.13793103448275862,104.75300504536087,104.11288162307639,98.32803805829387
1754,95.50092241942338,109.57569751427162,89.3545471616072,98.37077782054025,False,False,缓和,0.49137931034482757,0.3879310344827586,0.1206896551724138,107.76841899184184,104.07439115679519,93.87672139553449
1755,96.71008865949176,120.75158930038094,93.6989256696565,104.57317758698818,True,False,维持,0.28448275862068967,0.3620689655172414,0.35344827586206895,96.77951736516718,96.81564264702416,110.2173006193939
1756,86.75767804453409,125.25945715322588,86.75767804453409,101.11868196896455,True,False,缓和,0.3879310344827586,0.4224137931034483,0.1896551724137931,105.20388523769486,103.92919468025836,98.06950409883464
1757,103.56941683842791,130.2718479066242,87.5799412024348,102.26036857183094,True,True,升级,0.3706896551724138,0.35344827586206895,0.27586206896551724,113.7833957730214,95.50169587746244,90.60458435998949
1758,96.07160086106629,120.34444689333225,88.40194203608488,99.25511806926134,True,False,升级,0.5086206896551724,0.3275862068965517,0.16379310344827586,116.16688439260219,90.13731752391735,99.71642690562635
1759,88.69598904425871,113.0406864522423,86.4493704387106,93.79891925025441,False,False,缓和,0.7327586206896551,0.2672413793103448,0.0,94.93396339316918,93.66813402986998,87.59073465415017
1760,90.44595638730627,111.6380917973471,89.11835481166115,97.1069371079257,False,False,缓和,0.6206896551724138,0.28448275862068967,0.09482758620689655,95.02852852589753,109.6343627388283,91.08643742276338
1761,87.91411400721536,128.60825788083832,87.91411400721536,102.5432935177122,True,False,缓和,0.27586206896551724,0.46551724137931033,0.25862068965517243,101.01589179833509,103.14615540894386,102.45041483043937
1762,91.67095947733844,108.74678361897631,87.13210780890215,93.58185989994978,False,False,缓和,0.896551724137931,0.05172413793103448,0.05172413793103448,93.60992384868231,89.93321508096867,89.64690574764883
1763,88.57226165993227,112.8555345989694,88.57226165993227,97.29916116738535,False,False,缓和,0.5948275862068966,0.3275862068965517,0.07758620689655173,100.22884920662152,101.7203287736399,97.04243504953993
1764,94.32529135796239,131.00123962979058,85.87057497821704,100.39139963730406,True,True,维持,0.35344827586206895,0.5086206896551724,0.13793103448275862,104.21794460800359,96.67707140929645,87.61051921227867
1765,89.919200998906,119.88953573353993,88.24944052765515,101.48077415008164,False,False,维持,0.3275862068965517,0.43103448275862066,0.2413793103448276,105.63773529504007,105.6442258679182,101.26543999414406
1766,90.75842226515303,119.12973963121172,87.34686769850872,97.6137432780952,False,False,缓和,0.5948275862068966,0.3017241379310345,0.10344827586206896,96.11014752407853,99.16430205324997,90.0711129396073
1767,98.24808896077782,114.56614688033106,85.55901789840851,97.93327997217287,False,False,升级,0.6120689655172413,0.20689655172413793,0.1810344827586207,112.0472155609656,93.81996506809661,97.19481006806356
1768,92.98287635737617,114.85836218817028,84.29714628427368,98.71738485315646,False,False,缓和,0.4224137931034483,0.3793103448275862,0.19827586206896552,107.08227169400394,93.44254444423694,87.49933220265869
1769,92.4671468130965,121.70441479309204,88.44147397913235,102.37566537132454,True,False,缓和,0.4224137931034483,0.31896551724137934,0.25862068965517243,105.78323069859958,97.77641569010882,100.59761090838778
1770,90.7192537333314,110.10596095570685,87.79808286363816,97.31423782554971,False,False,缓和,0.43103448275862066,0.4482758620689655,0.1206896551724138,94.9971628942401,100.3595211678817,87.79808286363816
1771,89.49672570065137,114.62549249719702,87.02904036168302,96.67486071665138,False,False,维持,0.6637931034482759,0.20689655172413793,0.12931034482758622,94.99901770639852,99.82675583762958,100.87939425563403
1772,86.34648309771589,118.11731706253542,84.25117655764952,96.66042647699355,False,False,缓和,0.5603448275862069,0.3706896551724138,0.06896551724137931,99.55795061849327,96.48347035256575,92.84288938340579
1773,85.97238248808831,108.09055129869587,85.97238248808831,97.31607308793275,False,False,缓和,0.46551724137931033,0.45689655172413796,0.07758620689655173,98.38244196355865,99.69977152243645,96.0290555604085
1774,90.32964662291513,123.18809769452483,86.48414708303969,98.59489433730072,True,False,缓和,0.5258620689655172,0.33620689655172414,0.13793103448275862,115.03396621514202,94.12192732124612,94.48800633822671
1775,90.28425604665394,124.3144684540874,87.43374108341823,96.8673217280742,True,False,缓和,0.6982758620689655,0.14655172413793102,0.15517241379310345,95.77782915059471,89.12639374416017,87.60050064256363
1776,89.13296245606598,115.78163963485149,87.00842433228786,99.69072863170516,False,False,维持,0.35344827586206895,0.5517241379310345,0.09482758620689655,111.91519869766196,95.27475277123918,91.47199132668072
1777,86.48689450134256,109.04787923159014,84.93962942575952,93.70090964970784,False,False,维持,0.7758620689655172,0.20689655172413793,0.017241379310344827,96.22715272653184,93.82843245843422,94.61154980827818
1778,88.31958884754589,117.36590758084202,86.03741446429072,101.67397315723703,False,False,缓和,0.3879310344827586,0.3706896551724138,0.2413793103448276,104.80067793558729,100.08080860125288,99.00276007168621
1779,85.3303660836193,124.46011468042867,85.3303660836193,101.61008375768424,True,False,缓和,0.39655172413793105,0.3706896551724138,0.23275862068965517,97.66524289540929,108.81210537496322,102.05024914812137
1780,86.07772093514602,112.73004626502656,86.07772093514602,96.54025783765215,False,False,缓和,0.5,0.4224137931034483,0.07758620689655173,97.78772131532175,98.71867680772817,93.9282073816917
1781,91.97692162980287,109.11488316518337,87.9209822856391,96.8825131702874,False,False,升级,0.5258620689655172,0.43103448275862066,0.04310344827586207,97.17135487865157,99.92395322829634,100.14814368118697
1782,87.06933170642476,117.48109455357772,86.9424340671363,97.30505116525573,False,False,缓和,0.5603448275862069,0.3620689655172414,0.07758620689655173,97.71101600224411,98.75832317757562,94.86301980614395
1783,86.11493459249306,113.73821131699785,86.10188581220625,95.06697449996862,False,False,缓和,0.8017241379310345,0.13793103448275862,0.0603448275862069,95.67634742769722,98.31437453810801,91.82753113357323
1784,86.48124437678709,112.70443714163329,84.72867430554112,95.86990611866449,False,False,缓和,0.6637931034482759,0.28448275862068967,0.05172413793103448,105.74498732495887,95.23025685523395,93.74314012547845
1785,88.60307764815505,112.914404232815,87.72955747521443,97.1323968389228,False,False,缓和,0.46551724137931033,0.4224137931034483,0.11206896551724138,94.71110893490695,101.53677271721266,92.97252559464718
1786,85.45379727634057,108.67469607252528,83.71329762994866,97.2916967041647,False,False,维持,0.5258620689655172,0.4051724137931034,0.06896551724137931,106.86024931819536,98.35822114908059,96.91743514223457
1787,101.54633304295814,115.1159144734239,89.65311512488516,99.27939926337295,False,False,升级,0.3448275862068966,0.5344827586206896,0.1206896551724138,93.80481667090635,101.76140803648528,90.20050590299842
1788,90.62280525269728,114.81497690071629,87.68421876954471,100.178718627046,False,False,缓和,0.45689655172413796,0.4224137931034483,0.1206896551724138,112.69248924349769,103.30114114790103,88.09980344842144
1789,90.19591976964445,113.33158714640429,88.46416196694747,98.97911411187357,False,False,缓和,0.4051724137931034,0.4396551724137931,0.15517241379310345,98.93433399471687,93.99281927634236,89.01474381743908
1790,88.40363140565636,118.70479771194871,86.06604106673299,97.7976201915324,False,False,缓和,0.5948275862068966,0.3103448275862069,0.09482758620689655,111.65528148788557,95.43092410758933,108.52279977063608
1791,87.20662620806817,118.61012528762032,86.82831771891168,99.60322154690085,False,False,缓和,0.46551724137931033,0.3879310344827586,0.14655172413793102,94.19490827070025,96.42562341262749,110.50195527905086
1792,92.117733787032,110.84113297037042,85.83421291648743,95.48607201139913,False,False,维持,0.6206896551724138,0.31896551724137934,0.0603448275862069,94.22905589355929,92.1075097750274,88.60110730046424
1793,101.72145379854003,116.06844532299797,90.03223542016947,98.97473636662161,False,False,升级,0.5431034482758621,0.22413793103448276,0.23275862068965517,94.93512458032654,94.5080555837803,94.96861554504376
1794,91.20192041533028,109.21817776200811,88.34920887961118,96.77746157414346,False,False,缓和,0.4827586206896552,0.45689655172413796,0.0603448275862069,100.27311232534689,98.74283991324174,92.59039723144512
1795,87.17271546022825,115.07208761324489,86.09962090084444,97.46809004950467,False,False,缓和,0.5344827586206896,0.3879310344827586,0.07758620689655173,101.61525623423954,94.77697630890626,98.62476878691731
1796,85.2727741303385,113.25218468867419,84.30380658073292,95.54911746114904,False,False,缓和,0.603448275862069,0.3706896551724138,0.02586206896551724,108.12011998434178,94.37040228482381,91.20558192252282
1797,90.46304066931039,111.88690643016025,86.6561437207603,97.39018025269267,False,False,维持,0.5086206896551724,0.3879310344827586,0.10344827586206896,96.02878550553906,97.15175001862836,101.57384706997414
1798,90.22645220661289,120.75526905584698,87.32798220987827,103.3737545824845,True,False,维持,0.31896551724137934,0.4224137931034483,0.25862068965517243,94.09569491397949,103.97561421632221,91.17565851550091
1799,109.01887099540151,128.366710079562,88.78193187694899,102.53371969745133,True,False,升级,0.25,0.5344827586206896,0.21551724137931033,128.366710079562,100.18380927206269,94.01987705467009
1800,90.28223311920347,115.00107420291314,87.88461041634712,99.71445705318844,False,False,缓和,0.5603448275862069,0.1810344827586207,0.25862068965517243,95.40270736340405,106.28138233086396,88.32044160456428
1801,96.2344279481857,114.49895938550038,87.11374144570945,96.84054781421904,False,False,缓和,0.6379310344827587,0.21551724137931033,0.14655172413793102,93.16068699695843,90.49937184612652,97.2118894211577
1802,86.04117196471572,126.53264458984536,86.04117196471572,100.81473294089781,True,False,缓和,0.35344827586206895,0.5086206896551724,0.13793103448275862,120.90158824675373,100.84824173056735,91.02864757265311
1803,94.68281873521983,121.8660811056824,86.90584884116913,99.31501589468898,True,False,维持,0.45689655172413796,0.39655172413793105,0.14655172413793102,104.20132783345812,95.6118423182481,101.24822996123501
1804,91.78839385840928,129.39863711433244,86.93242420497823,102.37998308158107,True,False,维持,0.4224137931034483,0.4051724137931034,0.1724137931034483,109.63271078221146,93.7536752877301,89.26254594233646
1805,85.64725160309158,111.145296409319,84.30992508902082,96.56080189299229,False,False,维持,0.603448275862069,0.3103448275862069,0.08620689655172414,93.26052266766933,94.11334055265628,89.74341112389494
1806,90.35492623300586,118.39199363020131,87.81535173549165,101.33638250831972,False,False,缓和,0.4482758620689655,0.28448275862068967,0.2672413793103448,99.85827057079204,98.82744961374465,101.63813485644937
1807,96.50295900827864,112.36072874301762,86.02071132065325,95.0036275040951,False,False,升级,0.7931034482758621,0.1206896551724138,0.08620689655172414,99.3269865518207,92.02947750462656,89.09927689785864
1808,93.6882655815674,134.89157227747455,88.09708226865475,105.47258711112801,True,True,缓和,0.27586206896551724,0.3103448275862069,0.41379310344827586,113.0073574671131,100.16020305366348,97.35760898988956
1809,100.77827474830814,118.50289407835538,88.41704394574876,101.43958615986533,False,False,缓和,0.3793103448275862,0.3448275862068966,0.27586206896551724,110.25231649632043,117.66691139230085,91.6590225999374
1810,87.3056354345025,110.75450170786644,85.36480855317077,96.66766858123354,False,False,缓和,0.6379310344827587,0.25,0.11206896551724138,98.68238041700472,95.6261797802903,102.89240998916749
1811,95.60692709925382,127.06628252754338,87.00131809068753,99.86674927666402,True,False,缓和,0.49137931034482757,0.3103448275862069,0.19827586206896552,101.7179009613994,100.78195127714517,92.93916611940223
1812,87.22237071081166,132.77216161713721,87.22237071081166,99.21945257110636,True,True,缓和,0.5689655172413793,0.29310344827586204,0.13793103448275862,108.61432508234012,91.74451338515249,94.8068532124339
1813,100.7518313519264,114.64615843458482,88.42407400784704,98.86572356039333,False,False,维持,0.46551724137931033,0.31896551724137934,0.21551724137931033,96.94263270012236,105.05782796954739,103.42773942242606
1814,89.23945883883698,113.6159040258068,86.7975276188309,99.96125112019496,False,False,缓和,0.41379310344827586,0.4051724137931034,0.1810344827586207,97.65519676378244,96.4787428285731,93.40797236758796
1815,93.40988940145101,110.76438197851627,86.2077681538579,97.54839424366142,False,False,缓和,0.45689655172413796,0.4396551724137931,0.10344827586206896,104.74823314216589,96.49016447611548,86.60569264636634
1816,88.28591135653836,117.82389768911013,85.28866871441053,99.14467237866108,False,False,缓和,0.5,0.3793103448275862,0.1206896551724138,95.9356093739587,95.77882835678727,97.65728777673702
1817,86.99344586569319,124.27313032381484,86.99344586569319,100.23659321362945,True,False,缓和,0.41379310344827586,0.3620689655172414,0.22413793103448276,100.56867466259021,97.86397333064346,108.52805369111726
1818,97.59387653779162,123.75477467199339,86.36881698155109,100.41179507373367,True,False,升级,0.4224137931034483,0.39655172413793105,0.1810344827586207,118.70590897091816,94.97310517869832,99.69985845881227
1819,91.32502924526938,114.55307726858426,86.90783464831011,97.8902385680922,False,False,维持,0.49137931034482757,0.3879310344827586,0.1206896551724138,96.02839276778671,108.55880738160603,89.36186954506519
1820,88.56621812520497,115.60343025380207,87.07777854078405,98.71918881005155,False,False,维持,0.49137931034482757,0.3706896551724138,0.13793103448275862,100.45256795526272,110.21115842441478,92.16606097673086
1821,86.65512719331075,125.51693215049245,84.4254345793546,101.00524853365488,True,False,缓和,0.4482758620689655,0.3103448275862069,0.2413793103448276,108.95490804391581,99.68654889680447,99.27221915304362
1822,88.99405651316064,118.28371644270021,86.30378176302821,97.92476638636144,False,False,缓和,0.603448275862069,0.27586206896551724,0.1206896551724138,96.01395561274313,107.00865236301603,93.92270649161313
1823,88.28595311523888,113.62383126859945,86.64526319886191,97.92765461762252,False,False,维持,0.5603448275862069,0.3103448275862069,0.12931034482758622,93.4221394388501,99.11383541514161,91.9534247257513
1824,94.26692102294928,125.8835334158651,90.37694325204819,99.30337472484022,True,False,维持,0.5172413793103449,0.3275862068965517,0.15517241379310345,96.42716394134284,92.66879000332223,95.94502535465773
1825,92.6964882272957,116.5173035410691,91.28409442451546,103.32429661737191,False,False,缓和,0.3706896551724138,0.33620689655172414,0.29310344827586204,110.36343082848984,96.05175726109437,106.06212750526868
1826,90.52480380850797,117.54144403641799,89.93250998045879,101.23801817589957,False,False,缓和,0.3620689655172414,0.4396551724137931,0.19827586206896552,95.78536122556166,97.90952668156604,94.83858730700801
1827,89.44285093481663,114.46946424717497,85.19841613077168,94.95945605272212,False,False,缓和,0.7327586206896551,0.20689655172413793,0.0603448275862069,113.91926116070549,91.79953747411636,90.2561971970071
1828,91.04236881039847,121.53874927181849,87.66267190900284,100.71846752471822,True,False,维持,0.47413793103448276,0.3017241379310345,0.22413793103448276,108.30072572391296,92.85791205416511,97.5147360554098
1829,89.46827246222955,118.47472462917099,89.46827246222955,102.60949989012083,False,False,缓和,0.3620689655172414,0.3448275862068966,0.29310344827586204,93.74251570901349,109.11146928195731,110.78541341090055
1830,90.10757214960513,110.22775040090093,86.27249310111736,95.58346846794196,False,False,缓和,0.6724137931034483,0.31896551724137934,0.008620689655172414,96.77276930369567,93.76084350261618,87.1381995543139
1831,95.45895367431692,129.78176232924577,87.2566107524353,105.65346137596194,True,False,缓和,0.25862068965517243,0.35344827586206895,0.3879310344827586,112.71477681110244,108.03521521664179,96.69855935294379
1832,90.0458966157368,118.44176016462679,89.28735424128146,97.75957484609195,False,False,维持,0.5862068965517241,0.33620689655172414,0.07758620689655173,102.7914354807092,96.2111050138732,95.63744946682975
1833,90.28464265927694,115.27907785130144,87.1578919235348,97.97206977586815,False,False,维持,0.6206896551724138,0.25862068965517243,0.1206896551724138,115.27907785130144,107.6447396938721,89.56638272574614
1834,87.8514977629057,112.77071858387656,87.0325547137263,97.63359877617332,False,False,缓和,0.5258620689655172,0.3793103448275862,0.09482758620689655,110.22736246380047,102.15860376858248,92.76904114712103
1835,97.57788019696567,116.88266691252538,89.57061414247633,98.08501619684361,False,False,升级,0.46551724137931033,0.43103448275862066,0.10344827586206896,95.68511709660396,98.57694867952105,99.75397228983087
1836,86.24938711496394,109.17794609233461,86.21316420538533,98.32570650285027,False,False,缓和,0.5431034482758621,0.29310344827586204,0.16379310344827586,99.71134199414173,94.24526281923207,97.48680724602181
1837,94.60458280506721,118.82572139568246,87.29412973850718,100.66006565416758,False,False,缓和,0.47413793103448276,0.33620689655172414,0.1896551724137931,100.92072654403336,114.01622173492414,93.03176620956908
1838,97.36484133567203,109.54739552568158,89.6302888786307,98.11306121256207,False,False,维持,0.3793103448275862,0.5689655172413793,0.05172413793103448,97.6617839713746,93.85978463097217,95.30205379551025
1839,92.02345259938205,111.86362702982383,84.88469978854408,97.42836383005691,False,False,维持,0.5344827586206896,0.3879310344827586,0.07758620689655173,109.1628447810948,96.1415310477902,88.7989995908406
1840,88.18787556942964,124.53928192480811,87.2230969582072,97.62396794396055,True,False,缓和,0.5948275862068966,0.3017241379310345,0.10344827586206896,92.12439074773113,99.05095702917099,91.70894686030508
1841,94.46673039044688,110.29478332111024,86.51663438043903,94.90938290184086,False,False,升级,0.6120689655172413,0.33620689655172414,0.05172413793103448,102.07133775560094,93.59089490789478,87.76876454180497
1842,92.48582803847331,113.73038942620225,84.51469411451653,96.0801635931983,False,False,缓和,0.6637931034482759,0.2672413793103448,0.06896551724137931,95.78326955899205,100.41774233802465,90.40317373955064
1843,85.59342977362984,110.7588647824794,85.59342977362984,97.14626112282298,False,False,缓和,0.5431034482758621,0.29310344827586204,0.16379310344827586,94.62789667627942,95.38750657084333,90.45600050406209
1844,93.31245309942331,113.96442945140392,89.452130976954,98.83358546750182,False,False,维持,0.5172413793103449,0.3448275862068966,0.13793103448275862,112.36938797798278,96.30399693974806,92.83567390822013
1845,87.02981468851847,123.14700536576115,87.02335424080697,98.52690887376126,True,False,缓和,0.6120689655172413,0.27586206896551724,0.11206896551724138,111.22325681751813,91.22786373859687,88.30869265960295
1846,86.56710765366128,113.33746401346139,86.47196985824318,97.47328092393273,False,False,缓和,0.5258620689655172,0.3620689655172414,0.11206896551724138,93.43405064216525,95.34220415593073,92.04284307875676
1847,92.95442623290081,111.01189523106444,88.93767096153728,100.06434061165993,False,False,缓和,0.4051724137931034,0.3879310344827586,0.20689655172413793,101.57789702700215,104.36977161291927,92.66764944143847
1848,87.14579088555459,129.44702041471282,87.14579088555459,101.92838762272099,True,False,缓和,0.4051724137931034,0.3879310344827586,0.20689655172413793,121.26807870306186,98.19881649376252,89.44184662234908
1849,94.4777793176681,112.1387012375712,88.9944426483189,97.87010860026174,False,False,维持,0.46551724137931033,0.45689655172413796,0.07758620689655173,100.87973535201438,99.31041369527843,97.88671502396214
1850,90.83869245037708,115.14465422844297,86.7731858228176,98.34620117778502,False,False,缓和,0.5258620689655172,0.3275862068965517,0.14655172413793102,101.57125458516417,91.544523912253,107.44180411587902
1851,89.93497061793083,112.15773792953206,88.9748978866254,96.57720715048953,False,False,缓和,0.49137931034482757,0.35344827586206895,0.15517241379310345,90.81236473258033,94.8447089063803,94.96430291226831
1852,88.96666016210321,112.67785079582421,85.5057054813013,97.30265877393597,False,False,维持,0.5862068965517241,0.28448275862068967,0.12931034482758622,105.84227719340652,89.68858004055436,99.52147021894841
1853,90.40653808024598,121.03895158887134,86.98632830838314,98.57355028239456,True,False,维持,0.5344827586206896,0.3620689655172414,0.10344827586206896,105.80690129929478,92.0504140951605,88.31188833698891
1854,93.275351111521,116.97637554282356,89.57336444038053,99.2267358664816,False,False,维持,0.3706896551724138,0.47413793103448276,0.15517241379310345,114.90673138861675,96.83997283102549,89.72067089948085
1855,87.35523874846048,118.53067311352183,85.20254308742976,97.49620685241207,False,False,维持,0.5258620689655172,0.35344827586206895,0.1206896551724138,100.34307722050552,96.5891157063102,95.34422342396837
1856,99.1167086554205,110.62056439426483,86.81557389259777,96.1645601314238,False,False,升级,0.49137931034482757,0.4051724137931034,0.10344827586206896,100.2589820220767,99.75664983775494,100.56319519648942
1857,97.81951829700469,112.56295015876921,88.98094431183858,98.09079348705,False,False,升级,0.4482758620689655,0.41379310344827586,0.13793103448275862,106.09072020184412,107.49781534511563,94.62494228477273
1858,101.87460234888711,110.11835845186675,88.22577026684485,97.2805314071705,False,False,升级,0.4482758620689655,0.47413793103448276,0.07758620689655173,108.04591805487614,98.8578653458503,90.87393307666066
1859,109.70309822907636,119.63376348025524,88.34573069072464,100.39003465655335,False,False,维持,0.5344827586206896,0.21551724137931033,0.25,101.62311541829784,93.48014677527993,91.12813454484954
1860,87.38424236922351,109.8930445885208,87.38424236922351,96.02272465270813,False,False,缓和,0.5775862068965517,0.33620689655172414,0.08620689655172414,93.80613896118255,96.24402768248328,90.05374052761108
1861,92.72125928111491,111.80898358634819,90.53910791581117,100.24312890973478,False,False,维持,0.28448275862068967,0.5431034482758621,0.1724137931034483,106.1428872301975,100.66814225196563,98.55767383932198
1862,88.24881786495979,127.12630558409924,86.02804994904264,104.46592517082944,True,False,缓和,0.3017241379310345,0.4827586206896552,0.21551724137931033,121.46675960620587,105.47829497074292,96.57263759455256
1863,87.54059529977157,116.56678469337888,86.57285572738087,95.53832076148889,False,False,缓和,0.7758620689655172,0.12931034482758622,0.09482758620689655,92.3329811245426,95.4639478583436,92.79997713449279
1864,90.35464023876577,115.03080778599123,88.50788175703882,98.3192129704996,False,False,维持,0.47413793103448276,0.4396551724137931,0.08620689655172414,110.61217632292816,95.65121174906761,100.8165963949859
1865,89.7376095396626,114.36855205240172,89.16535813500512,101.44249587208255,False,False,缓和,0.35344827586206895,0.43103448275862066,0.21551724137931033,102.43280287577704,95.28507310660781,91.07752057744042
1866,89.1044373877069,131.92889040019625,88.5859178157377,97.39277114119415,True,True,缓和,0.6896551724137931,0.21551724137931033,0.09482758620689655,94.87822592495762,97.16329782221774,94.33757588469044
1867,86.25111714022917,111.79957647800954,86.25111714022917,96.45641182243591,False,False,缓和,0.6206896551724138,0.2672413793103448,0.11206896551724138,96.94662032038245,109.40056209686465,89.8377052093259
1868,90.72207360395608,123.02064737044057,84.81140648317282,103.04277578271862,True,False,缓和,0.4396551724137931,0.21551724137931033,0.3448275862068966,104.63170488084813,92.03869588087319,96.87542780317949
1869,85.02707941476736,114.14360727320287,85.02707941476736,97.40956888807898,False,False,缓和,0.5344827586206896,0.3793103448275862,0.08620689655172414,102.56340814949765,96.01552246341332,94.44334560289842
1870,88.1011048278887,118.66706791303672,88.1011048278887,98.99558893689877,False,False,缓和,0.5775862068965517,0.22413793103448276,0.19827586206896552,94.85877852817094,115.30601621275385,91.04433434951993
1871,95.28401386380192,108.15834465140806,87.53305212558766,97.41153984871501,False,False,升级,0.5517241379310345,0.3706896551724138,0.07758620689655173,101.96884637131163,94.50307696396906,104.0416319134294
1872,93.4028054455991,124.71721351352159,87.13450646727193,100.59998993252167,True,False,缓和,0.49137931034482757,0.3706896551724138,0.13793103448275862,120.72310655362826,102.24237623871194,91.00921458401062
1873,95.36063630807573,114.33130394413837,86.19578488286716,96.95373739991643,False,False,维持,0.5344827586206896,0.3879310344827586,0.07758620689655173,99.19755431251036,97.29909013276557,91.80610347718545
1874,92.95531394871219,130.3752076065271,86.96260669470591,98.60418776978244,True,True,缓和,0.5862068965517241,0.2672413793103448,0.14655172413793102,99.4881409769014,93.42545921813274,91.05885388168647
1875,97.04742378520864,127.44681424226144,87.60716456720584,97.45356753384252,True,False,维持,0.6120689655172413,0.27586206896551724,0.11206896551724138,94.89044002494883,100.22096614543928,92.2262303025057
1876,104.85760701431467,115.34545721621525,88.90500650452577,99.86311828087807,False,False,升级,0.29310344827586204,0.5689655172413793,0.13793103448275862,101.78359509024364,96.9854144520736,92.95010090329289
1877,100.1630723103655,116.56573558285956,86.43710806067688,100.8202985415431,False,False,维持,0.45689655172413796,0.3017241379310345,0.2413793103448276,108.7205851657192,112.5526039023515,91.06809521446847
1878,102.84626922164388,111.18135121675115,89.40240817343658,97.81083447750483,False,False,升级,0.603448275862069,0.2672413793103448,0.12931034482758622,98.90197446308393,106.93778882206831,91.27438300432354
1879,91.6705235355449,126.26957917346677,89.48997849156332,100.3988595656859,True,False,缓和,0.41379310344827586,0.4482758620689655,0.13793103448275862,111.85264821750626,96.99571712774889,95.35473859863266
1880,86.44435194374167,120.37280504346981,86.44435194374167,100.74111188087554,True,False,缓和,0.3793103448275862,0.46551724137931033,0.15517241379310345,100.86822244470048,98.99804654021167,96.85032663295738
1881,88.01633075382071,126.0409425078976,86.83340307568812,101.24070274621715,True,False,维持,0.5,0.22413793103448276,0.27586206896551724,113.39917304389982,96.73620688620473,103.33613800410264
1882,93.60248580865232,118.64440318290104,84.39887616089412,98.88716444788098,False,False,缓和,0.5172413793103449,0.3879310344827586,0.09482758620689655,103.77658056294054,97.96476506283037,92.26854165033649
1883,88.65424879228678,124.71638912164953,84.96685759680533,99.79499851170098,True,False,维持,0.47413793103448276,0.35344827586206895,0.1724137931034483,108.15300322119899,90.33845757256843,99.5209630920833
1884,91.4248289073522,113.17444868153825,88.50566179278155,96.8210115655061,False,False,维持,0.4827586206896552,0.47413793103448276,0.04310344827586207,94.82168083636412,92.68128466523567,96.11691094951792
1885,86.11624348609573,118.86579084890658,84.37951539257696,98.45980516275556,False,False,缓和,0.5172413793103449,0.3879310344827586,0.09482758620689655,100.35974946084157,92.56597726747113,94.09861072115594
1886,91.65310280221811,117.98465453642312,87.40146881971907,97.65795978190066,False,False,缓和,0.603448275862069,0.3017241379310345,0.09482758620689655,101.09163004166916,88.63473717483849,89.18699185771783
1887,95.11599020618661,129.05602923666734,87.57417152263697,97.14851209092143,True,False,维持,0.5862068965517241,0.33620689655172414,0.07758620689655173,95.67128628146226,99.47098798167005,92.57703666647068
1888,86.5466851531182,113.33747107193251,86.5466851531182,95.88524262979521,False,False,缓和,0.6206896551724138,0.3017241379310345,0.07758620689655173,113.33747107193251,91.3226208683091,92.62602014196639
1889,88.36159911082615,125.21558549060512,86.56300168907809,99.42915384923919,True,False,缓和,0.5431034482758621,0.2672413793103448,0.1896551724137931,101.38861117568338,94.90478180082151,104.71754795978558
1890,89.79109512059262,126.20918491854779,86.59136109915354,96.67532417442412,True,False,维持,0.6551724137931034,0.2672413793103448,0.07758620689655173,101.47179450122489,95.21770533312622,91.37855217950117
1891,100.82344325161543,115.29601246011741,87.99952752485376,98.31471209749245,False,False,维持,0.4827586206896552,0.3879310344827586,0.12931034482758622,113.85782848873512,95.96634265733061,101.88440741939782
1892,96.54984293855783,116.96349557056874,90.66680767072252,99.28328914685319,False,False,维持,0.5172413793103449,0.3103448275862069,0.1724137931034483,100.66547072800796,94.08154262448906,92.0026173419002
1893,91.34132780095374,111.4630820456502,87.03109013248705,96.40291194985556,False,False,维持,0.6120689655172413,0.2413793103448276,0.14655172413793102,93.26677621817838,100.67051255029246,97.8676362860889
1894,85.61833078569913,110.09248589648159,85.61833078569913,95.31898898085765,False,False,缓和,0.6379310344827587,0.3017241379310345,0.0603448275862069,96.57137203290944,92.49280129669094,95.30065667672922
1895,96.57275773263022,127.34821901289952,86.4403969260975,100.6588532752545,True,False,维持,0.39655172413793105,0.4051724137931034,0.19827586206896552,105.34342141833315,90.32809420774716,100.15650498529536
1896,92.52209884997302,109.29773583141369,87.81821200163108,95.27072120364501,False,False,缓和,0.6810344827586207,0.23275862068965517,0.08620689655172414,94.89653405935421,88.73865784994446,89.93531714935925
1897,87.28678193902076,113.5524570575736,85.5515028223719,95.56025982905739,False,False,缓和,0.6120689655172413,0.3620689655172414,0.02586206896551724,98.86843449956766,99.75652880994606,86.96383191353117
1898,88.9254153026386,110.56087148692325,84.35643774316316,96.69017054327422,False,False,维持,0.7068965517241379,0.20689655172413793,0.08620689655172414,105.25080640478609,94.09984466128624,100.57649743869814
1899,99.73566696822465,124.11929685407156,87.33440201836882,99.07161012499914,True,False,升级,0.5,0.3879310344827586,0.11206896551724138,103.49223883463068,106.93697805871113,91.58258687364466
1900,85.88888462948185,122.49091541895342,85.88888462948185,101.35498053139008,True,False,缓和,0.4051724137931034,0.3706896551724138,0.22413793103448276,101.86078123680498,94.65292629423845,90.24770634431778
1901,91.7065248344443,120.84354888418966,91.51248398981524,102.79222548267362,True,False,缓和,0.25,0.46551724137931033,0.28448275862068967,110.72782293454789,108.16245659920288,97.21913662864868
1902,88.8357422871206,115.37850478829743,88.8357422871206,102.88479339416854,False,False,缓和,0.27586206896551724,0.46551724137931033,0.25862068965517243,103.54136204798237,113.83853594990113,107.06418060657339
1903,86.38114680982947,112.02725109614973,86.38114680982947,97.08204571323098,False,False,缓和,0.6293103448275862,0.2672413793103448,0.10344827586206896,103.63004846704682,92.7643210809219,97.41053156940421
1904,88.66489734881874,115.509892148071,86.33290243367344,99.16109606715139,False,False,缓和,0.5603448275862069,0.3017241379310345,0.13793103448275862,108.84010163938821,113.19538444479768,90.39437893634992
1905,97.40277079951831,112.95131862778119,87.840411711204,97.644191461789,False,False,维持,0.5,0.4224137931034483,0.07758620689655173,101.82591479782711,96.608620721487,91.14943336500775
1906,92.18291489158023,122.9831719884717,89.30313177729909,102.25610052054903,True,False,维持,0.2413793103448276,0.5517241379310345,0.20689655172413793,104.98207889068266,99.89635920893251,96.54680929064963
1907,97.89568040219454,120.50499174622979,88.01774141830796,98.71124440405687,True,False,升级,0.4051724137931034,0.4396551724137931,0.15517241379310345,120.50499174622979,96.0538806529681,97.54897868949176
1908,90.54332030336472,124.392989566865,87.49365888758349,97.57887993587036,True,False,缓和,0.5948275862068966,0.31896551724137934,0.08620689655172414,111.12047139097197,96.39047540201277,93.58761675889862
1909,90.16715083742288,125.91710418660284,86.22652140851012,99.58231681577125,True,False,维持,0.4827586206896552,0.35344827586206895,0.16379310344827586,114.02678659373396,92.28903873754788,98.06461958976274
1910,88.88382787866098,120.79133278295369,87.0220566403302,99.6135861785529,True,False,缓和,0.47413793103448276,0.3620689655172414,0.16379310344827586,91.87139018446416,93.6470441668919,94.86023618826256
1911,98.18210143335264,119.87100460210733,87.34006231304002,99.7292444809877,False,False,升级,0.4827586206896552,0.3275862068965517,0.1896551724137931,105.32535407001397,93.78618788224956,94.51831611649953
1912,90.5121172370433,130.96169055534628,89.05443682014213,103.57445742410552,True,True,缓和,0.4224137931034483,0.22413793103448276,0.35344827586206895,111.48191659448854,100.30142141128744,103.07842654159148
1913,92.76893249146913,129.93006344761804,86.25380485318348,99.20252239731794,True,False,升级,0.4051724137931034,0.43103448275862066,0.16379310344827586,107.28213299870299,106.2800636831723,87.24786289134795
1914,92.49598632089443,119.96703875044706,89.26856097201951,98.802842040218,False,False,维持,0.5431034482758621,0.2672413793103448,0.1896551724137931,106.42151234822684,94.22331966098317,92.84765459271802
1915,92.01302225842792,113.16538938972107,86.8695642955056,100.12625576806147,False,False,缓和,0.4224137931034483,0.27586206896551724,0.3017241379310345,95.9798104083427,97.82314266097404,99.12969167835645
1916,102.71495994763602,111.96870359322595,92.36026608367617,103.53007204833445,False,False,升级,0.15517241379310345,0.5517241379310345,0.29310344827586204,104.2181166086244,105.09692699899935,103.95524421753068
1917,94.29685109468231,129.36318160624072,89.49429140513395,99.51094245843991,True,False,维持,0.3793103448275862,0.49137931034482757,0.12931034482758622,105.6801075341998,94.09750315914128,91.07161305951225
1918,89.93816504248308,122.18392055412053,86.8725738919601,98.45078773291492,True,False,维持,0.5,0.35344827586206895,0.14655172413793102,113.09889176629422,104.65323869813155,93.33497404551362
1919,89.90160403715076,121.42868088631914,86.26593037681396,98.45417988294507,True,False,维持,0.5431034482758621,0.3275862068965517,0.12931034482758622,97.34390919884589,99.09293904825128,99.07806381908222
1920,92.96554723220868,110.69070833323633,87.52194507623744,97.55993630505706,False,False,缓和,0.5603448275862069,0.28448275862068967,0.15517241379310345,95.93193069748143,103.90762315181284,102.33495076087559
1921,98.10825875534691,114.56262044348108,86.50232275749423,97.9299798871101,False,False,维持,0.5,0.3879310344827586,0.11206896551724138,108.52020892695911,95.56353979085083,88.76240521707246
1922,94.61089702505416,111.23101165280248,88.3508057541764,96.236472559511,False,False,升级,0.5258620689655172,0.43103448275862066,0.04310344827586207,104.30551867579976,93.4675920355134,96.41632831623471
1923,88.6300466453749,110.37045114582817,88.6300466453749,96.84144334688308,False,False,缓和,0.6293103448275862,0.28448275862068967,0.08620689655172414,94.61351814291274,98.69140666664048,89.90461138314564
1924,86.4267373674918,118.15052131795727,86.4267373674918,100.96937392169166,False,False,缓和,0.4396551724137931,0.29310344827586204,0.2672413793103448,99.01862713591086,106.40582049408361,99.58967053203945
1925,87.74012069366589,113.50816710068,84.36577982371149,96.04691267051818,False,False,维持,0.5862068965517241,0.3275862068965517,0.08620689655172414,107.06114133481921,91.48546165131953,91.89822551324373
1926,92.7269553660954,115.11823528604364,87.19594475542019,101.09083607505853,False,False,维持,0.35344827586206895,0.3706896551724138,0.27586206896551724,97.76488450569956,94.89561490957712,94.79862446055725
1927,96.18612499517256,122.30992263786653,85.80077005386806,96.5058294804736,True,False,升级,0.6120689655172413,0.28448275862068967,0.10344827586206896,98.92461799278182,90.62463633943031,88.1737317792262
1928,100.31090880189733,111.94208071379362,85.8836108591423,96.41057759385045,False,False,升级,0.5258620689655172,0.3879310344827586,0.08620689655172414,110.34321994047183,98.61793193864861,90.68515013003682
1929,96.5902960364738,113.68200853411935,88.44344194772442,98.94079709076769,False,False,维持,0.47413793103448276,0.39655172413793105,0.12931034482758622,103.33267146885811,97.26727641061153,90.39904845151236
1930,90.03553401424148,111.52447793041229,86.42641694654296,96.50159155374214,False,False,缓和,0.6982758620689655,0.19827586206896552,0.10344827586206896,97.09729292435202,105.38832142341101,87.95720396069612
1931,91.53285299394805,110.64024605590456,90.01449129584462,95.53346472686505,False,False,缓和,0.6810344827586207,0.22413793103448276,0.09482758620689655,93.1568203337996,91.47579987563677,91.00483622294608
1932,87.33681578482434,125.10318261755188,85.32063221834044,98.70800771175358,True,False,缓和,0.6637931034482759,0.12931034482758622,0.20689655172413793,120.89068139590309,93.9167069448299,88.67252217962664
1933,92.4215401697857,113.47193064259902,87.09249485234176,96.93869628877358,False,False,维持,0.5,0.41379310344827586,0.08620689655172414,98.67496152874128,93.19167443876566,94.66913128063716
1934,89.73941437179182,121.66177952309411,88.69755134437916,97.25329681314099,True,False,维持,0.5603448275862069,0.3103448275862069,0.12931034482758622,105.35224371061524,90.39549345897112,92.24595633688463
1935,89.3781259815966,122.40128541156953,88.8079896368176,100.542479212186,True,False,缓和,0.47413793103448276,0.3879310344827586,0.13793103448275862,106.70978514992522,96.63433238874191,89.44984334253715
1936,92.15716017029676,113.78349809828414,89.00916972161858,98.44697047658802,False,False,维持,0.46551724137931033,0.4396551724137931,0.09482758620689655,110.27323118366208,98.28081550224886,94.5617322376634
1937,88.82397986836845,114.507476649976,85.26480535125133,98.43399735873052,False,False,缓和,0.5517241379310345,0.2672413793103448,0.1810344827586207,95.84111484883083,105.41283590103693,88.34847842275107
1938,90.06727213672328,120.22408247932105,89.90326452373968,100.4467830560685,True,False,维持,0.28448275862068967,0.5431034482758621,0.1724137931034483,97.37036422576266,96.55504669086797,96.79492829330486
1939,90.32523043569195,122.2606545212566,86.94063515641731,102.36527095974618,True,False,缓和,0.4051724137931034,0.31896551724137934,0.27586206896551724,98.21262222216643,93.9024378095352,93.30006697658006
1940,87.7644393639692,117.02167302113695,84.91592451858436,97.56102397790089,False,False,缓和,0.5775862068965517,0.27586206896551724,0.14655172413793102,101.4573677108948,91.47371560534938,95.21319329079017
1941,90.0369339111145,132.94787918947625,87.67958149975186,101.91676904750688,True,True,缓和,0.45689655172413796,0.3879310344827586,0.15517241379310345,112.69404636770314,97.5637651981059,90.57286166190218
1942,87.08926025896443,117.45110750303998,85.75460837959531,102.66517131687989,False,False,维持,0.45689655172413796,0.1896551724137931,0.35344827586206895,102.75126881434433,96.38852978309505,109.74028465198035
1943,99.65012392638167,111.06880801810645,91.15276521626558,97.64780006900695,False,False,升级,0.5689655172413793,0.2413793103448276,0.1896551724137931,101.20578128371454,93.39559177314221,93.21841298556917
1944,82.88727373022775,121.24024110897166,82.88727373022775,99.99332920073778,True,False,缓和,0.49137931034482757,0.41379310344827586,0.09482758620689655,107.01664156716704,97.31388046466134,95.63085636544905
1945,85.70387221251906,111.47421694735814,85.70387221251906,96.57079055456862,False,False,缓和,0.4827586206896552,0.43103448275862066,0.08620689655172414,98.42438483479353,92.4570653309119,92.77223086152944
1946,89.90076792330666,124.68924253436427,89.41303439438875,101.51058584782673,True,False,维持,0.29310344827586204,0.5086206896551724,0.19827586206896552,105.78111844865042,98.84892111851597,96.4118455446332
1947,90.98023744212281,111.50850951209682,86.74902124846355,97.11722848817197,False,False,维持,0.4482758620689655,0.4396551724137931,0.11206896551724138,105.3158603247372,97.37348990740432,89.32835419153707
1948,96.79350564301399,126.29152813243672,85.74262769714173,101.78570556489522,True,False,维持,0.41379310344827586,0.3448275862068966,0.2413793103448276,121.87304116209452,98.2267406281181,90.72674069073948
1949,89.64030329032718,115.2903557368036,86.44831209593747,97.31440094229345,False,False,缓和,0.5689655172413793,0.31896551724137934,0.11206896551724138,94.29551749887291,108.34708073212424,87.10466253899408
1950,94.03170720612746,118.89502086844259,86.63017672177187,101.50194463195311,False,False,维持,0.31896551724137934,0.4827586206896552,0.19827586206896552,104.70539806930401,100.4926672012577,97.35299252509914
1951,100.71893127756053,125.1545893556218,84.81482590520474,101.98507877760237,True,False,维持,0.3879310344827586,0.3793103448275862,0.23275862068965517,113.65250233087318,93.62791830780773,89.99778577722823
1952,102.17825191580228,115.38739881513068,88.24202847538157,99.13325504027551,False,False,升级,0.4396551724137931,0.3879310344827586,0.1724137931034483,103.97352805976497,97.75477686033653,92.99102948107864
1953,98.77685998706382,116.05600631335443,88.83422344481997,98.11620886061817,False,False,升级,0.5431034482758621,0.27586206896551724,0.1810344827586207,95.9241618418792,93.2894367147603,93.49568991856684
1954,88.36614123261045,126.80230321177673,87.79791912864667,98.31360942720933,True,False,缓和,0.7155172413793104,0.14655172413793102,0.13793103448275862,100.7788278345442,93.70375921524118,89.78972242870043
1955,93.13023773189137,112.74405840393517,86.37676498710536,98.0633888553468,False,False,升级,0.3879310344827586,0.5,0.11206896551724138,106.97213741249288,97.70601707988804,93.1159008190198
1956,88.72758651256788,116.93530010819099,86.91832422193865,95.93959477508776,False,False,缓和,0.7327586206896551,0.1896551724137931,0.07758620689655173,101.29267341743991,100.86405047176918,89.63088092227188
1957,85.91928369742952,133.53374095965353,85.91928369742952,105.745168978792,True,True,缓和,0.3706896551724138,0.3103448275862069,0.31896551724137934,130.5270918559235,95.96665245385937,105.43182970250714
1958,93.65969510317031,126.39996406832607,87.45206281422517,99.45869375863195,True,False,升级,0.5258620689655172,0.2672413793103448,0.20689655172413793,115.10899226569614,95.21780902369801,91.77919393458389
1959,87.83865945791702,116.86081035995736,85.70449858459338,98.22544462731533,False,False,缓和,0.45689655172413796,0.41379310344827586,0.12931034482758622,103.26407932580064,95.62036858707137,93.3147217962112
1960,93.48648717050445,124.12356400404462,86.65919334303945,101.75227833183234,True,False,缓和,0.3620689655172414,0.43103448275862066,0.20689655172413793,100.86660861334778,108.14937109964849,87.16026315063857
1961,92.45270629402255,112.67633513231607,91.49160572498306,99.77208052839994,False,False,维持,0.41379310344827586,0.46551724137931033,0.1206896551724138,105.10932765276937,94.87705718725029,97.0365170673816
1962,93.32336430191755,122.79385463431133,89.93521389403308,102.5020956057175,True,False,缓和,0.46551724137931033,0.1810344827586207,0.35344827586206895,92.28388969075594,119.08439134981687,105.65261980067213
1963,92.27659784007255,111.16833742600168,88.24070705383222,96.63455813446568,False,False,缓和,0.5948275862068966,0.3103448275862069,0.09482758620689655,98.60515989583213,97.580153319772,103.69695402496002
1964,86.45404794086852,119.57652774274348,86.45404794086852,100.22273496969324,False,False,缓和,0.47413793103448276,0.3879310344827586,0.13793103448275862,115.5610950856326,96.4312334901401,96.4302602365309
1965,87.78608521389488,126.76753793779724,86.98962113474188,99.65686705170997,True,False,缓和,0.5086206896551724,0.3620689655172414,0.12931034482758622,117.97346681829085,95.74976616430912,92.94080901640542
1966,86.88797297875033,109.55262118362006,85.92993770959514,96.23587046195175,False,False,维持,0.5086206896551724,0.43103448275862066,0.0603448275862069,99.63865914271025,103.60009547868353,95.5169258742475
1967,89.72761540339803,115.68176943206308,89.72761540339803,100.51335624090349,False,False,维持,0.43103448275862066,0.3879310344827586,0.1810344827586207,110.81028378041518,93.5152967119352,106.50752199760939
1968,89.67114515575011,119.79022786088287,87.55184530341971,98.05865420222567,False,False,缓和,0.5344827586206896,0.29310344827586204,0.1724137931034483,109.41781236309077,93.04486242200016,90.79177920198117
1969,101.24395074319746,124.4995566342498,90.95707665139948,102.80132162616621,True,False,升级,0.3448275862068966,0.3275862068965517,0.3275862068965517,112.72764515332375,96.64040371728596,109.53722521577502
1970,89.28257983458391,112.06180755967253,87.21571058416099,96.68174414143489,False,False,缓和,0.6120689655172413,0.29310344827586204,0.09482758620689655,94.50906809336428,93.47613816194013,96.80376366648342
1971,103.72249070228325,123.6672396874737,90.02120469758462,105.9980285153155,True,False,维持,0.2672413793103448,0.31896551724137934,0.41379310344827586,103.92839901480873,114.10154435993243,108.86887864344921
1972,85.87405384472537,114.59776678372106,84.38224719444987,97.6172307981944,False,False,维持,0.5689655172413793,0.3448275862068966,0.08620689655172414,102.28932169914225,102.27191454961336,91.91588681621815
1973,88.84515755943053,121.09070646136547,85.82177602649838,101.06479014190259,True,False,维持,0.3879310344827586,0.43103448275862066,0.1810344827586207,103.44199201736477,103.7407997421034,94.53467264243879
1974,98.72529390395184,113.82778662515175,89.34810402258323,99.01363712848342,False,False,维持,0.39655172413793105,0.5086206896551724,0.09482758620689655,102.30177006377448,95.31037320373586,90.13567681723609
1975,96.37111606354853,120.4681028739434,89.1866285249435,100.83754448596405,True,False,升级,0.4827586206896552,0.2672413793103448,0.25,108.05088183596158,104.52634800889966,115.05729423551256
1976,97.24886369151761,110.24440529439056,91.28006011436845,98.59105505064598,False,False,缓和,0.3620689655172414,0.4827586206896552,0.15517241379310345,98.9490648014879,93.13545955289285,98.512129350509
1977,90.90278883159196,112.42333883533249,90.53542072102672,99.60377085607466,False,False,维持,0.39655172413793105,0.3706896551724138,0.23275862068965517,105.01988200130805,102.75663296632517,96.18286047338678
1978,85.43117234202069,109.1173086096579,85.43117234202069,97.46970204376191,False,False,缓和,0.5775862068965517,0.3448275862068966,0.07758620689655173,94.72082757752199,102.07597063875802,87.72342694057109
1979,88.19760047858612,109.51153707093874,86.75991634161609,95.53861877957492,False,False,缓和,0.7068965517241379,0.19827586206896552,0.09482758620689655,93.09314486127333,93.09426733326475,88.42345992356061
1980,88.87345390199418,125.30010904197435,86.06681830618975,99.89816225827525,True,False,缓和,0.603448275862069,0.1724137931034483,0.22413793103448276,116.07290541053386,93.11604151393686,96.87080733915379
1981,92.02695459352542,119.21599208552345,89.10428187843445,99.34401549170624,False,False,缓和,0.49137931034482757,0.29310344827586204,0.21551724137931033,93.75772058448315,104.8487379311398,94.95899175418265
1982,100.26670731052067,127.32511732544913,86.57741207657158,105.43242016445286,True,False,升级,0.2672413793103448,0.3448275862068966,0.3879310344827586,107.49711778952604,107.37909605697904,103.08566301990093
1983,86.1636090734588,124.24262804794259,86.1636090734588,98.57139152454468,True,False,缓和,0.5431034482758621,0.3275862068965517,0.12931034482758622,103.80548010999475,96.1536960694617,90.5713505635359
1984,85.6549357021951,117.41975913465137,85.6549357021951,99.74694067292351,False,False,缓和,0.33620689655172414,0.5258620689655172,0.13793103448275862,106.84788747209666,99.38201146864378,100.20531101982618
1985,87.57639718674514,126.42685642893073,87.57639718674514,99.38147431306177,True,False,缓和,0.5,0.3620689655172414,0.13793103448275862,100.84785676455378,90.95166169510225,95.52919159945101
1986,90.78870126500955,118.2332692004338,86.82946594382766,97.71259326089816,False,False,缓和,0.603448275862069,0.31896551724137934,0.07758620689655173,118.2332692004338,96.58148859286548,89.88457974791231
1987,100.47850901061308,122.92403039761005,87.62015745520294,100.81235849310772,True,False,升级,0.4482758620689655,0.3275862068965517,0.22413793103448276,117.43884989232178,93.42492284590696,91.06749851682875
1988,95.47757626915235,117.8194778500234,86.52871324726121,96.97197793408591,False,False,维持,0.6724137931034483,0.1724137931034483,0.15517241379310345,99.220485144298,103.86499665270219,90.78101614940506
1989,88.97368327761315,109.69576242068187,88.97368327761315,95.43236483282301,False,False,缓和,0.6551724137931034,0.23275862068965517,0.11206896551724138,90.95549525685982,94.48773630382652,100.99096508483173
1990,90.57229228116519,120.87752380710478,88.8656136502241,102.59471751207266,True,False,缓和,0.4224137931034483,0.35344827586206895,0.22413793103448276,106.13083980769089,95.7133744056274,98.44974466489796
1991,98.82032090406032,108.64623331776201,86.9060230496655,95.1913495915271,False,False,升级,0.5948275862068966,0.29310344827586204,0.11206896551724138,95.0621869816336,97.12984827094176,103.66975347208341
1992,93.6796499710478,116.38991264791242,90.04392891413741,100.59308424900159,False,False,升级,0.3620689655172414,0.4224137931034483,0.21551724137931033,112.17582601620653,94.67637522314162,99.62656317103423
1993,88.78640209801023,123.99110894707604,86.23417081902652,97.48060045612992,True,False,缓和,0.5862068965517241,0.31896551724137934,0.09482758620689655,104.97266448705953,96.5035958853241,87.80493226426574
1994,89.49273227334874,121.68315098961837,83.95856754268577,96.86599764383213,True,False,缓和,0.6724137931034483,0.22413793103448276,0.10344827586206896,97.53219975793208,94.00047015495618,89.32903796512768
1995,92.95693124114142,112.4079694475952,88.45362893942229,95.17415516133784,False,False,维持,0.5,0.47413793103448276,0.02586206896551724,97.30931515059982,92.01612127852385,94.08037428042743
1996,86.94883561535136,115.90224772452103,86.2079195487791,95.22438644740154,False,False,维持,0.6896551724137931,0.25862068965517243,0.05172413793103448,96.73322496769164,86.80670866397095,91.22748773105728
1997,89.50160171275358,127.25648011134794,87.50871649325067,98.17400157565656,True,False,缓和,0.49137931034482757,0.3879310344827586,0.1206896551724138,104.96364186847255,94.35025959568392,88.13380596121736
1998,87.26116831033306,119.94964128901783,87.26116831033306,100.00961033742998,False,False,缓和,0.6206896551724138,0.1896551724137931,0.1896551724137931,93.07505917050655,96.42391662589448,89.38677454745203
1999,91.87476947057965,121.72284855373728,90.02024532813363,103.22726299453446,True,False,缓和,0.3017241379310345,0.3793103448275862,0.31896551724137934,99.56950801224744,94.61022719747338,104.28046530671163
2000,90.17333040680337,118.42435391077358,86.67265339047053,96.89847849565469,False,False,缓和,0.5172413793103449,0.4224137931034483,0.0603448275862069,100.2000331307506,91.46850617997076,93.88884935200598
2001,97.63886669448465,112.06397995139562,84.9805582818847,93.99416802485753,False,False,升级,0.7586206896551724,0.15517241379310345,0.08620689655172414,96.77443226263534,90.208506038834,91.31341879182567
2002,101.3094159373178,114.73087682686331,88.86499447940001,97.84689835569336,False,False,升级,0.47413793103448276,0.41379310344827586,0.11206896551724138,109.13143224201762,104.22154766600187,88.86499447940001
2003,106.57305512675597,114.61839431368247,87.92751035751895,97.47502916864637,False,False,升级,0.5775862068965517,0.2413793103448276,0.1810344827586207,102.21484775269036,96.09745075284614,91.9733519920311
2004,89.79711309033543,111.07727662145729,89.79711309033543,99.67439986779677,False,False,缓和,0.4827586206896552,0.33620689655172414,0.1810344827586207,99.52778399970262,102.1575933374573,95.24607564024511
2005,94.79514190725378,110.74265302268454,86.73078426991027,94.1524449772521,False,False,升级,0.75,0.23275862068965517,0.017241379310344827,93.21118918374367,90.6162746343386,90.98008672090702
2006,94.19931759075686,113.86464100993183,87.09414599727616,100.31728138392154,False,False,维持,0.46551724137931033,0.31896551724137934,0.21551724137931033,101.77362117691108,111.78491393229959,89.57953391364238
2007,97.92235777290813,115.95091039192285,86.88955097752803,100.53066774259672,False,False,维持,0.4396551724137931,0.3448275862068966,0.21551724137931033,113.22931944775996,98.59423445460708,107.30401408658307
2008,93.16324193664065,108.17104550676115,87.74870445300844,96.44009023031063,False,False,缓和,0.5258620689655172,0.3879310344827586,0.08620689655172414,104.11414134692687,91.0520876087589,96.76327568675282
2009,87.86653747314563,116.60896736454414,85.89242028413078,95.95229876590979,False,False,缓和,0.5862068965517241,0.3620689655172414,0.05172413793103448,90.6972491672513,93.75451485869232,90.43496211587888
2010,89.27054386296513,121.50488054137908,89.0880495044823,101.10186886326078,True,False,维持,0.5517241379310345,0.2413793103448276,0.20689655172413793,101.4101763781254,97.1095654360599,105.420706126793
2011,90.98953897809551,115.74649239359951,88.08745436878563,100.34690266917984,False,False,缓和,0.49137931034482757,0.3275862068965517,0.1810344827586207,115.74649239359951,108.5173031241472,90.28208083530563
2012,87.59611183844314,124.7507342362832,87.59611183844314,101.23300795793202,True,False,缓和,0.3275862068965517,0.46551724137931033,0.20689655172413793,94.31064686238435,106.84856931921765,94.93284123358343
2013,99.93831328957766,111.9179010142868,89.56818849013281,98.68474886413463,False,False,维持,0.41379310344827586,0.3275862068965517,0.25862068965517243,98.59010564686555,91.22786326466125,101.84829693444807
2014,88.33525554424106,122.99169818955258,87.56546519446594,103.54791808372481,True,False,缓和,0.3017241379310345,0.47413793103448276,0.22413793103448276,113.31580253277569,109.00773264364567,96.15789367797562
2015,93.63228532676061,116.75358533683846,86.18838882158666,102.1126157859529,False,False,维持,0.3275862068965517,0.43103448275862066,0.2413793103448276,107.31276239437483,110.26882482028044,106.9194547636969
2016,87.14740387222196,127.75373213543376,87.07897356367805,103.24902843609708,True,False,缓和,0.3017241379310345,0.46551724137931033,0.23275862068965517,105.90418446012244,101.5533187993461,101.3884291593277
2017,88.80051226439551,118.95311768745276,86.62844506479611,100.18250426052931,False,False,缓和,0.46551724137931033,0.33620689655172414,0.19827586206896552,98.0097948046465,107.87775963830924,89.95161335453588
2018,96.50287220034348,119.6947891239348,90.17724640744565,102.30517527696323,False,False,维持,0.29310344827586204,0.43103448275862066,0.27586206896551724,119.3345804060052,99.9718587006244,95.58757694828994
2019,93.13368775786695,111.00891294696342,85.04730118100923,98.04339314690102,False,False,维持,0.5086206896551724,0.3103448275862069,0.1810344827586207,97.96700942653818,107.78646809710138,93.91192241941083
2020,95.17417181475602,111.27278372235082,85.4771767845298,98.34033516707876,False,False,维持,0.5086206896551724,0.3706896551724138,0.1206896551724138,94.93751210589674,106.20683116126764,98.89539382022633
2021,99.28388927969466,112.45887513263484,86.8895581097801,98.61403253359833,False,False,升级,0.4224137931034483,0.4051724137931034,0.1724137931034483,95.95403657664906,92.71799125519672,95.27725292171077
2022,92.65533262491175,114.83146471541734,86.93652278832458,96.91649433537695,False,False,维持,0.5344827586206896,0.3879310344827586,0.07758620689655173,112.60400983348018,96.20553388153382,93.35674229492774
2023,86.23220373245978,113.73572881643064,85.98501317665068,97.08677007065003,False,False,缓和,0.6551724137931034,0.3275862068965517,0.017241379310344827,103.03298012843109,93.28073671543878,92.94079537143253
2024,86.39390632816686,111.81239751708338,85.67362429394993,100.12518195633317,False,False,缓和,0.3706896551724138,0.46551724137931033,0.16379310344827586,97.51419295993628,103.70288414996493,99.89612961422664
2025,88.42975758876663,120.42108437842805,87.08458498822331,98.76076863594662,True,False,维持,0.49137931034482757,0.4396551724137931,0.06896551724137931,105.4773349532591,95.15501329423115,87.08458498822331
2026,91.78773665822077,114.57863636928306,85.57317294303138,96.00582394652623,False,False,缓和,0.6982758620689655,0.1896551724137931,0.11206896551724138,110.43707755674762,92.2850850517214,87.75012999699211
2027,87.49890365974811,127.70530249182816,84.66008743621131,101.60769760058459,True,False,缓和,0.47413793103448276,0.27586206896551724,0.25,95.07402834896412,96.69734329846841,101.8859256399451
2028,88.31138057981528,112.14398269114096,86.25934906891138,97.08574479914556,False,False,缓和,0.6379310344827587,0.22413793103448276,0.13793103448275862,95.65207223180185,107.92558344140829,91.17101563164744
2029,93.8939433088367,129.65438371962054,89.93031609073971,104.39211849863695,True,False,维持,0.25862068965517243,0.4482758620689655,0.29310344827586204,116.07676547212738,100.57876834511794,105.88200158104495
2030,85.78293129476461,119.24900002166655,85.15713207924409,99.59396730890647,False,False,缓和,0.5517241379310345,0.22413793103448276,0.22413793103448276,109.83383127203093,94.47604852833003,96.56523806031642
2031,91.15431023973045,122.30327625395816,88.20411351601682,97.58204353118415,True,False,维持,0.47413793103448276,0.43103448275862066,0.09482758620689655,97.64202745249118,100.36286131917736,92.91226158991107
2032,87.63705706804222,113.5440177159998,87.63705706804222,98.11695735414678,False,False,缓和,0.5603448275862069,0.33620689655172414,0.10344827586206896,102.02008435025957,97.72159943330793,89.41979049283894
2033,101.41077721007582,120.75782045354265,86.49015377407365,96.16073897952585,True,False,维持,0.6982758620689655,0.1810344827586207,0.1206896551724138,95.11224273918224,94.60218536840311,89.05657800681227
2034,92.17218145568134,120.20467520089622,88.30119435032246,98.7395835864995,True,False,维持,0.47413793103448276,0.39655172413793105,0.12931034482758622,114.24177975553077,100.5175716653011,88.9841569878539
2035,100.44316570437127,109.7851708830671,86.00226200255592,97.29769915709734,False,False,升级,0.5,0.3793103448275862,0.1206896551724138,99.54050699310197,98.71977161132524,90.74755500890332
2036,86.09914608154018,118.7722848641321,86.09914608154018,102.16485780259877,False,False,维持,0.39655172413793105,0.3103448275862069,0.29310344827586204,103.33885145204513,98.09094936040249,99.06717801213874
2037,88.28494236064653,129.40792246513635,88.07545201462077,97.30807839797305,True,False,维持,0.46551724137931033,0.3879310344827586,0.14655172413793102,102.02901700575451,93.04985676272055,98.86866412155318
2038,86.08081169173984,115.97460003380428,86.08081169173984,96.22054557112682,False,False,缓和,0.646551724137931,0.27586206896551724,0.07758620689655173,92.5677436508133,91.72646036782946,91.85798997889175
2039,93.93665784186742,119.65883110352277,90.2572854532968,100.83113192907591,False,False,升级,0.3620689655172414,0.5,0.13793103448275862,110.38870015312602,96.52635208138682,97.91513935974942
2040,89.35420276003371,118.6699396567039,87.77186645085659,99.71353662593565,False,False,维持,0.43103448275862066,0.5,0.06896551724137931,113.12338923303568,95.18060978218165,92.57883795375919
2041,92.04206968998646,113.59069301033904,87.09428414419617,97.71520274140615,False,False,缓和,0.4482758620689655,0.4051724137931034,0.14655172413793102,93.42977609761061,103.71018592265783,94.6491788555983
2042,90.74406923620052,111.3283054309974,86.65322639990315,97.54012609767662,False,False,缓和,0.6206896551724138,0.25862068965517243,0.1206896551724138,102.80314192553521,90.19535363723129,106.39006348018322
2043,98.34825857928972,120.24735912926069,86.46667176920984,98.62761845269718,True,False,升级,0.5431034482758621,0.25862068965517243,0.19827586206896552,96.97092582510594,112.69243695217146,89.78675662965404
2044,91.8157157059431,112.68708707007858,91.8157157059431,97.95407684346094,False,False,维持,0.4827586206896552,0.43103448275862066,0.08620689655172414,100.86018521467113,92.89804573721702,96.59589126414672
2045,88.9322157232391,110.96256312452331,86.91944619534623,98.25183145906374,False,False,缓和,0.33620689655172414,0.6120689655172413,0.05172413793103448,105.53162765133474,98.1684206731622,93.33536932200086
2046,87.9185433087619,122.95975111335065,87.9185433087619,101.57608119060042,True,False,维持,0.27586206896551724,0.5689655172413793,0.15517241379310345,111.54848060155948,97.48024405344944,98.84527753537905
2047,94.92354785116466,119.32091384836286,85.63123633838892,98.2346959897754,False,False,维持,0.47413793103448276,0.3879310344827586,0.13793103448275862,98.19991372636262,90.47513493164875,96.64419700517682
2048,89.02754497971787,111.9791316656128,85.0237794996583,97.68985741586262,False,False,维持,0.5172413793103449,0.3620689655172414,0.1206896551724138,108.39303898770345,97.26339295460467,87.54226848858382
2049,88.71188164952837,117.83510604906138,87.08189913420735,97.54291261882256,False,False,缓和,0.5258620689655172,0.3793103448275862,0.09482758620689655,105.02035602321497,99.62772360831653,94.76480935581982
2050,88.44739665583994,130.9292624259233,86.92790181695361,102.24416366824121,True,True,缓和,0.4224137931034483,0.28448275862068967,0.29310344827586204,100.38120984001722,100.45829543257686,96.9376662041136
2051,89.39366642842832,123.76727695129915,85.18193812766958,98.37660611316403,True,False,维持,0.46551724137931033,0.4482758620689655,0.08620689655172414,101.18722663420299,94.47351825680104,97.45692994799128
2052,97.53119801009458,123.28136471916804,90.56329775322591,101.18882736624148,True,False,维持,0.3103448275862069,0.46551724137931033,0.22413793103448276,105.11482171381263,93.79901483517371,90.62897056854582
2053,87.21064171143671,119.46614981059466,86.7702222798123,101.471642825953,False,False,缓和,0.45689655172413796,0.29310344827586204,0.25,102.86805540660514,113.15405784609815,112.20068497567308
2054,95.53090001402313,129.30461828973404,85.59208999650302,99.31335702512115,True,False,维持,0.46551724137931033,0.3620689655172414,0.1724137931034483,107.66408196375669,101.6715283182444,88.70232035022
2055,98.19112170242717,112.95531174641103,86.59903056846063,97.62507050686284,False,False,维持,0.46551724137931033,0.4224137931034483,0.11206896551724138,95.09624558920505,107.77582385156714,93.24888001494031
2056,86.264316813175,126.78753945741511,86.264316813175,99.22495206719852,True,False,缓和,0.46551724137931033,0.39655172413793105,0.13793103448275862,96.15544868545032,95.45082422513406,92.6574300941282
2057,91.85004816648731,115.55728184389947,89.40358128230031,98.09807322951147,False,False,缓和,0.5948275862068966,0.23275862068965517,0.1724137931034483,98.03196740343459,109.9194403479218,94.16873408728632
2058,89.58215273002264,110.70956353501747,88.16902029932399,96.80742668587104,False,False,缓和,0.6120689655172413,0.25862068965517243,0.12931034482758622,94.14828111830546,106.75509069746056,95.02760770047249
2059,91.31473002086244,113.05648316375603,89.2910438137433,97.53341729334116,False,False,维持,0.5,0.3793103448275862,0.1206896551724138,99.69283971043407,92.71169828974271,90.07681998311402
2060,89.10693180987842,111.15103266308428,86.1873730223815,95.69355531617661,False,False,缓和,0.5775862068965517,0.39655172413793105,0.02586206896551724,95.95820290202184,94.82060273768143,94.19070383076782
2061,92.1472704051107,121.21407216551448,90.28848661607813,101.2679015545671,True,False,缓和,0.3448275862068966,0.4482758620689655,0.20689655172413793,114.38925492593452,103.1712369776099,92.91397520933936
2062,89.70536902113089,110.73363208761597,89.13926949592016,98.3203298382473,False,False,缓和,0.5517241379310345,0.28448275862068967,0.16379310344827586,98.12071020351947,103.82510398259095,96.1962186868335
2063,101.30544547050208,121.48023617401543,89.91204083573878,99.93428034806877,True,False,维持,0.46551724137931033,0.3275862068965517,0.20689655172413793,101.78308167923703,95.18809502265542,94.08862604492037
2064,90.47397469144337,113.76543046621855,83.84743005670569,96.30125199244281,False,False,升级,0.6293103448275862,0.2413793103448276,0.12931034482758622,98.78503375904899,103.18271453961783,95.38645297714648
2065,91.1069099371454,110.30444762073277,84.73387721784428,97.5672617029854,False,False,升级,0.47413793103448276,0.43103448275862066,0.09482758620689655,103.27531794345943,91.10759505973175,98.659658453889
2066,89.0408877879574,121.99044018932564,86.80665112573385,98.03906565027077,True,False,缓和,0.47413793103448276,0.3793103448275862,0.14655172413793102,101.25473410146455,92.04659188560085,95.79376188629884
2067,89.99038905607418,116.24312441988445,89.99038905607418,99.83198701926098,False,False,缓和,0.4051724137931034,0.4396551724137931,0.15517241379310345,100.59880967389,98.74344259712858,95.39339616915191
2068,89.85537897163726,119.84319414294278,84.86111060961831,100.34444659082777,False,False,维持,0.5689655172413793,0.20689655172413793,0.22413793103448276,94.79307073855017,118.46790511784461,92.35907755132443
2069,86.09234019331583,136.3438089151414,84.61893348218786,101.87980696304743,True,True,缓和,0.5775862068965517,0.15517241379310345,0.2672413793103448,104.28195925155983,107.91121645362236,105.48236823413997
2070,87.2539532807023,110.90983053564067,87.2539532807023,98.04735831172698,False,False,缓和,0.4224137931034483,0.5086206896551724,0.06896551724137931,92.17608226633932,110.90983053564067,96.67576679769084
2071,88.21509743858094,111.45440428698886,88.21509743858094,97.78824336721264,False,False,缓和,0.603448275862069,0.23275862068965517,0.16379310344827586,95.44715948654691,93.30813289772797,102.37359347128896
2072,85.14519899224054,113.56713668040996,84.82232533725629,95.49040877161318,False,False,缓和,0.6551724137931034,0.28448275862068967,0.0603448275862069,100.23445445001963,92.11258139145889,94.80681813707757
2073,92.45076923952358,118.22228269787705,86.5792748610883,98.87398722426927,False,False,升级,0.49137931034482757,0.43103448275862066,0.07758620689655173,104.15080045049376,94.15436406808135,104.9107640528103
2074,85.18211958495314,116.34820532702307,84.49177026857781,97.9052153264932,False,False,维持,0.4482758620689655,0.4482758620689655,0.10344827586206896,101.19933854393479,96.23825827877953,94.86428687824035
2075,87.33287860847575,123.18152173024488,86.58205078835212,102.3439960063,True,False,缓和,0.43103448275862066,0.25862068965517243,0.3103448275862069,95.48901583219475,105.12188781017612,92.56669706415295
2076,91.39876143770888,108.98680016666556,88.02998262576901,97.55640529944702,False,False,维持,0.5862068965517241,0.28448275862068967,0.12931034482758622,104.39352898332642,92.20938602717443,94.14569219333055
2077,92.52381219884161,112.34206469957631,87.02887779161371,97.48528476806115,False,False,维持,0.4396551724137931,0.4827586206896552,0.07758620689655173,100.73979196432569,95.05524717576235,89.6219086188631
2078,93.75007971784149,119.93936913986106,87.83121253776856,101.44958526264021,False,False,缓和,0.3448275862068966,0.4396551724137931,0.21551724137931033,93.43243029961906,101.73021502638656,97.59470039976514
2079,92.06481648695599,125.25263538173459,87.46323936274797,96.81649682667835,True,False,维持,0.6724137931034483,0.25,0.07758620689655173,120.22595737173502,91.3298849354699,92.57291958803239
2080,92.7539838817519,122.38398936566483,89.72402362506324,103.47443895852196,True,False,缓和,0.4224137931034483,0.3017241379310345,0.27586206896551724,110.82620256143547,113.69784715075731,103.63281887213905
2081,89.58808510895544,113.85312249956186,86.86547609018713,96.71564849457627,False,False,维持,0.4396551724137931,0.46551724137931033,0.09482758620689655,94.10426903404718,100.6331255592926,98.52580923995393
2082,98.3181173448834,111.56187985537801,89.1045260823291,99.43858777678705,False,False,维持,0.4396551724137931,0.3448275862068966,0.21551724137931033,95.300408353397,97.43126356581432,102.27161765368919
2083,99.11244634647609,117.88566560142263,86.63838015515604,95.87708769830373,False,False,升级,0.6206896551724138,0.3275862068965517,0.05172413793103448,95.8500582715636,94.67294191109856,94.58025595965503
2084,90.6097865233431,112.93487366584263,88.82304762575387,97.9436989004396,False,False,缓和,0.5172413793103449,0.3620689655172414,0.1206896551724138,105.73347417152034,93.98736296866987,94.9084849022726
2085,93.69925785205575,125.89769484918295,87.18563332967048,99.17066804767549,True,False,缓和,0.47413793103448276,0.35344827586206895,0.1724137931034483,98.71084473500142,112.9346782044275,88.95882559962914
2086,87.79479786156404,116.46584206963941,85.8711431235671,100.25983395546007,False,False,缓和,0.4224137931034483,0.35344827586206895,0.22413793103448276,107.29513175594043,97.94501777758433,109.93921029327285
2087,91.96336284145849,113.45030648963518,88.16637488160067,95.49802169431281,False,False,维持,0.7068965517241379,0.25,0.04310344827586207,104.75410436029121,93.12777221545022,90.90123531825716
2088,89.96787294851556,118.80046870427861,88.77168675654273,98.37884594668303,False,False,维持,0.49137931034482757,0.3448275862068966,0.16379310344827586,113.86321239596576,90.08474858626212,94.31978064630668
2089,86.48838173853807,122.78428752594954,84.85101732890237,99.49889043088862,True,False,缓和,0.3103448275862069,0.5775862068965517,0.11206896551724138,94.63514008904868,108.79148908685036,94.78773678304262
2090,88.65207932168107,110.45926915784729,85.62324413864404,95.40565658981662,False,False,缓和,0.7155172413793104,0.20689655172413793,0.07758620689655173,99.78590144700833,92.68268598021861,88.2786633687753
2091,88.2760616964001,110.11927836473224,87.45977441843964,96.90006240915834,False,False,缓和,0.6379310344827587,0.2672413793103448,0.09482758620689655,103.61164957965948,98.75100465790334,90.81017806591674
2092,100.72923366367044,110.56000543260512,89.7752397781858,98.56181863382922,False,False,维持,0.4482758620689655,0.31896551724137934,0.23275862068965517,93.31209712013931,93.38257143008019,95.23742446824812
2093,85.80449797200583,114.43318166254738,85.68708076027673,94.87241577095857,False,False,缓和,0.7068965517241379,0.22413793103448276,0.06896551724137931,100.12144843718492,87.67861494321154,93.49861691118858
2094,90.59951369693896,111.15935396902312,90.05511851160281,98.15989407823312,False,False,缓和,0.5344827586206896,0.3620689655172414,0.10344827586206896,107.06215428349658,90.08003388287247,93.00789915464892
2095,87.43629309502458,123.07489209870886,87.43629309502458,98.97830338492581,True,False,缓和,0.4051724137931034,0.4396551724137931,0.15517241379310345,99.04761198977019,96.83746008847798,90.6640377143835
2096,90.4455076083991,115.19817531739653,87.7783864127934,96.69095610244054,False,False,维持,0.49137931034482757,0.4396551724137931,0.06896551724137931,94.99610387109719,96.81647793413437,89.92522125598089
2097,104.48776887397207,116.7462331663479,88.5274939198513,99.0250652085932,False,False,升级,0.5,0.25862068965517243,0.2413793103448276,102.24180115317552,100.58319800621268,89.82044833212218
2098,97.31645501894909,120.16701689038116,89.11475396122403,101.02690444962565,True,False,维持,0.35344827586206895,0.3879310344827586,0.25862068965517243,107.02174375754015,105.2374536545508,95.52924951761496
2099,91.43980097302497,115.12194400033495,87.46039847503056,98.13987909546321,False,False,维持,0.5517241379310345,0.3017241379310345,0.14655172413793102,94.9096877180747,104.7691844847871,89.61538996986533
2100,88.75549305089112,113.66901546907415,85.32189924301628,97.97591723350807,False,False,缓和,0.5603448275862069,0.3793103448275862,0.0603448275862069,106.61862980536715,96.67250673466678,96.2352260517096
2101,86.39566363616815,124.31269351802268,86.39566363616815,98.96614076137801,True,False,缓和,0.5344827586206896,0.28448275862068967,0.1810344827586207,99.78239647370398,92.39995548971189,108.11977793436282
2102,91.80514614631728,121.48885485807502,91.74623907258604,103.03237922423112,True,False,缓和,0.21551724137931033,0.5172413793103449,0.2672413793103448,99.47082575865748,103.87904271426063,99.11588552354463
2103,88.51006316449732,126.18998600228527,86.7054989812318,96.97323777093331,True,False,维持,0.5948275862068966,0.3103448275862069,0.09482758620689655,94.73049396860628,97.84635388286371,89.02054924814489
2104,102.37078904072696,127.055834780102,86.35065127612641,99.24811271685104,True,False,升级,0.5258620689655172,0.25862068965517243,0.21551724137931033,127.055834780102,91.96515076908399,90.34157983736677
2105,86.99209982197866,127.85141137328718,85.95875345646887,98.60293372306504,True,False,缓和,0.6206896551724138,0.22413793103448276,0.15517241379310345,97.69206037726555,92.66564617117797,91.58095708764895
2106,96.22066751788124,120.82455666976894,87.91715152524867,97.74049855893992,True,False,升级,0.6551724137931034,0.20689655172413793,0.13793103448275862,97.75181593425816,92.28027659878045,90.91222732469083
2107,89.34400174516846,122.59270831904016,89.19932251449964,104.24151297477863,True,False,缓和,0.3017241379310345,0.4224137931034483,0.27586206896551724,108.46303914835944,110.47027899351674,99.00900678944481
2108,90.31234322345944,125.46877836747652,87.05288565113872,103.01899913420412,True,False,维持,0.46551724137931033,0.20689655172413793,0.3275862068965517,109.09993239560295,95.81992554696379,88.3824744176377
2109,92.72022097021637,108.96880047422037,88.3647063440162,96.35313999706837,False,False,维持,0.5517241379310345,0.3793103448275862,0.06896551724137931,102.95838972618554,92.42293042114217,98.3129139818255
2110,88.74225635023197,124.48052895869853,86.91010857856496,99.88937679092238,True,False,缓和,0.5344827586206896,0.35344827586206895,0.11206896551724138,110.58733795974672,91.76289407263003,94.41337233099004
2111,85.46365907510169,126.58553039004588,85.46365907510169,102.20486229435087,True,False,缓和,0.47413793103448276,0.29310344827586204,0.23275862068965517,122.84439586983021,94.42746673464383,101.52860036416635
2112,87.10226151496043,118.74836325324961,87.10226151496043,100.86054502506589,False,False,缓和,0.43103448275862066,0.28448275862068967,0.28448275862068967,113.17077106346873,97.49594460468155,106.51444965060355
2113,87.38275115329841,117.71262329551695,87.17894845745748,100.58892212568664,False,False,缓和,0.3706896551724138,0.43103448275862066,0.19827586206896552,107.56858273265547,101.46590041234317,92.73671000112091
2114,97.71679200523108,113.13490841986122,91.15043072080485,101.09294642473517,False,False,升级,0.27586206896551724,0.46551724137931033,0.25862068965517243,99.4021537251755,102.42107783032051,105.06822314396288
2115,101.23022236089189,122.47999615105375,86.42484493637761,98.81791017540736,True,False,升级,0.5431034482758621,0.27586206896551724,0.1810344827586207,105.18524821315201,96.5099710999547,96.75780031190433
2116,93.47335626355516,120.15042916514643,90.44568101936346,99.2647132518712,True,False,维持,0.43103448275862066,0.3793103448275862,0.1896551724137931,93.24102937202642,91.87276010627717,99.58269098872553
2117,93.0903503163002,116.73888032962282,87.52325626712052,100.60892044697772,False,False,缓和,0.3448275862068966,0.49137931034482757,0.16379310344827586,104.24788006507123,101.5183779626588,100.95844388836737
2118,90.61420321720885,109.62233689861205,86.73343563167082,95.88373568909188,False,False,缓和,0.5689655172413793,0.35344827586206895,0.07758620689655173,92.4300749146052,94.42719438983497,97.29246235212833
2119,91.68107738842347,120.63778038509281,88.44808263712508,101.18125230156448,True,False,缓和,0.4827586206896552,0.3275862068965517,0.1896551724137931,99.98057126854788,105.99081572565841,92.43688843431623
2120,86.91903606165955,114.99938028934913,86.82325711329803,96.15963042545052,False,False,缓和,0.5948275862068966,0.3448275862068966,0.0603448275862069,94.76481132520756,102.21168390548904,88.48650890773568
2121,97.55920392073132,113.60902776896675,89.40945768144778,98.45664824397055,False,False,缓和,0.47413793103448276,0.41379310344827586,0.11206896551724138,99.06439227655936,90.53257122647915,107.91979036192552
2122,90.21151736636511,114.78819110127293,86.76955822965249,97.73534872977629,False,False,维持,0.5086206896551724,0.3879310344827586,0.10344827586206896,95.06387122333133,109.61559024184076,92.65509259968705
2123,95.02043721364072,116.29197326394926,88.21791930563111,98.4882877508921,False,False,缓和,0.49137931034482757,0.3793103448275862,0.12931034482758622,92.30443906395857,98.22359590077824,96.9261226929084
2124,91.8336003497173,128.31599065124698,90.425973316022,100.84954733992305,True,False,缓和,0.45689655172413796,0.3879310344827586,0.15517241379310345,97.16648171587933,100.43892115450026,93.5237639030937
2125,90.21808354186217,116.60802549716522,86.43746491400351,97.31250678269916,False,False,维持,0.5775862068965517,0.3275862068965517,0.09482758620689655,104.70989671265397,97.88836474497292,90.87376790239823
2126,92.87799150897867,129.2553549548434,85.65688153357067,100.37626210289383,True,False,缓和,0.3706896551724138,0.43103448275862066,0.19827586206896552,113.53392481948389,93.89598869393984,88.07597230015377
2127,99.95077760693006,119.26062297449828,88.5575136233163,100.84706415145756,False,False,升级,0.3620689655172414,0.3793103448275862,0.25862068965517243,114.91916900959706,103.16448640980367,90.45213374757711
2128,87.2219895112827,111.3152588450011,85.9255602265741,95.67407419674988,False,False,维持,0.6206896551724138,0.3017241379310345,0.07758620689655173,93.36308527933397,98.32408331510544,97.77940604861864
2129,92.18869476431853,121.68444145647597,86.00405855607077,98.73463648230769,True,False,维持,0.5603448275862069,0.25,0.1896551724137931,112.02463931764076,95.83311395262731,88.20810595811503
2130,87.01728629401704,126.19568344549135,86.52348658124257,100.14263675126872,True,False,缓和,0.5,0.2672413793103448,0.23275862068965517,97.3003314750975,105.5454986813203,100.9931859003367
2131,85.82590569794412,116.66613513422863,85.39850366933845,99.6325560750119,False,False,缓和,0.28448275862068967,0.5603448275862069,0.15517241379310345,103.05150135631025,95.76399337881813,101.26526990239101
2132,87.18330138826893,123.62157658690622,85.78662447403235,100.43557129611828,True,False,缓和,0.5172413793103449,0.31896551724137934,0.16379310344827586,105.67343227708503,94.30860252398037,91.43281580272391
2133,87.41232143607097,111.83863188971344,86.76609282589,94.83622500242654,False,False,缓和,0.75,0.21551724137931033,0.034482758620689655,104.96739620177323,93.46636653471953,97.18288612193324
2134,93.71187339913303,123.1025893756426,87.89449097501812,101.45693773926948,True,False,维持,0.4051724137931034,0.41379310344827586,0.1810344827586207,109.01296509435736,94.45759221327472,95.8400267080329
2135,91.44130755914387,114.38702972183434,87.81991397956446,97.4756919350375,False,False,缓和,0.5775862068965517,0.3017241379310345,0.1206896551724138,114.21184986314687,91.38426246690989,90.01026389771813
2136,99.99020141707082,119.22863913276224,85.71571896400056,100.32894453069538,False,False,维持,0.3793103448275862,0.43103448275862066,0.1896551724137931,98.30840325411467,115.20326621422721,96.07997827890013
2137,86.29483790176617,108.91596210217118,86.29483790176617,93.7833456233213,False,False,缓和,0.7758620689655172,0.19827586206896552,0.02586206896551724,104.78946951820564,90.26245510976624,88.75099916280887
2138,88.17339638039122,116.85483703108463,88.17339638039122,97.5337736612696,False,False,缓和,0.46551724137931033,0.46551724137931033,0.06896551724137931,98.51502224717511,98.23046050660818,97.6765904540509
2139,92.66976342498766,132.00682754509685,89.70775684822412,99.72661887218477,True,True,缓和,0.5,0.25,0.25,111.22165480398564,93.12555949223346,110.25222238708204
2140,95.55519263392088,111.50216664168752,89.99737183541204,99.13437561513865,False,False,缓和,0.5,0.25862068965517243,0.2413793103448276,92.35867350198467,95.81023704463641,101.61128911208024
2141,103.236810005064,116.86561540655144,88.3860003550224,102.69367062546549,False,False,升级,0.25862068965517243,0.47413793103448276,0.2672413793103448,101.93407168738838,95.36103794352968,108.02638107661329
2142,87.53669565977508,111.36866791033238,86.55496055134887,97.90935155825807,False,False,缓和,0.5,0.4396551724137931,0.0603448275862069,107.36079009612132,98.01662735565404,88.30132422933606
2143,89.48359539305704,111.72975947061376,86.34857207736628,96.09950605762494,False,False,维持,0.5603448275862069,0.39655172413793105,0.04310344827586207,95.90808981891844,92.98644725590637,89.84924117884756
2144,85.57457008810317,112.5851550032237,85.57457008810317,97.91001656285044,False,False,缓和,0.46551724137931033,0.46551724137931033,0.06896551724137931,98.56556116362657,92.17990326152784,98.4583157328674
2145,97.26552275380315,134.37211660052685,87.02283446450221,100.00345225861643,True,True,缓和,0.47413793103448276,0.41379310344827586,0.11206896551724138,112.96816579284342,94.58933711618118,92.67743425981482
2146,93.78504557874282,123.89891633383573,89.10129464060213,99.45813106834444,True,False,维持,0.2413793103448276,0.6120689655172413,0.14655172413793102,99.28401239445513,91.72723639023724,91.34362484358779
2147,88.96139046396202,115.62848619323736,86.36614520987564,97.00793966963901,False,False,缓和,0.5689655172413793,0.35344827586206895,0.07758620689655173,97.14559305857131,91.98549985427367,92.4062484039761
2148,98.38441985610429,119.71821131984608,87.44110408808415,99.99153345487704,False,False,升级,0.5431034482758621,0.23275862068965517,0.22413793103448276,112.69242394773109,94.10288524582054,103.8279832537555
2149,87.77802327274505,120.80919030620657,85.29017901434246,97.74214421395308,True,False,缓和,0.6120689655172413,0.3017241379310345,0.08620689655172414,110.46356515066459,92.22230542711242,91.82113740534813
2150,87.42667087757312,112.7680059027828,87.42667087757312,97.23642082273521,False,False,缓和,0.45689655172413796,0.4827586206896552,0.0603448275862069,108.49204802455114,97.41372085080503,94.34122017668824
2151,98.85350414189536,113.03971129244395,86.66519574920854,100.56540796225109,False,False,维持,0.3275862068965517,0.5172413793103449,0.15517241379310345,103.7159778635207,105.14225347488593,87.12947096056199
2152,95.1115704693107,113.51286467572979,88.64629355746132,96.20842687112042,False,False,维持,0.6120689655172413,0.3017241379310345,0.08620689655172414,103.92890708710611,90.92765057198183,88.651338013754
2153,85.1177630908922,115.15054303063843,85.1177630908922,96.85457099609732,False,False,缓和,0.6206896551724138,0.2672413793103448,0.11206896551724138,97.98748079021925,90.51475250901352,101.75563866203836
2154,92.65356953016871,124.32085783139063,87.97319763353106,100.24987491423666,True,False,维持,0.49137931034482757,0.2672413793103448,0.2413793103448276,106.77119295745248,97.15906034181072,89.40760029011113
2155,90.46903851316063,117.8594882427575,89.90687259610601,99.16606836574172,False,False,缓和,0.43103448275862066,0.33620689655172414,0.23275862068965517,112.26500393735013,93.77710771821774,95.24415933970617
2156,95.89987072403484,119.20474144445551,88.61529732992463,99.59347684954548,False,False,缓和,0.47413793103448276,0.35344827586206895,0.1724137931034483,103.76553087481841,92.77082821307509,94.83481991009096
2157,87.3335258546387,116.9755488382971,85.4874223701821,97.60683034075642,False,False,缓和,0.46551724137931033,0.4482758620689655,0.08620689655172414,100.60330563526493,109.55284655680576,97.09774562469345
2158,87.44131991459426,130.83590773623993,84.33178318491264,102.21924297701935,True,True,维持,0.41379310344827586,0.35344827586206895,0.23275862068965517,128.81100208960228,97.5407981369934,95.09812752455109
2159,93.19872884999087,123.54018692183564,87.62783623453828,99.18614005395335,True,False,升级,0.5862068965517241,0.16379310344827586,0.25,102.66608368861186,92.14022918489351,103.79667242637385
2160,85.53202360967808,132.48967879609742,84.62669283983976,106.28221697714392,True,True,缓和,0.3448275862068966,0.3103448275862069,0.3448275862068966,124.88245385672046,101.78384106016846,91.47466451718205
2161,93.27670355201464,121.86509689155363,88.9933801919412,100.06866807956678,True,False,缓和,0.5172413793103449,0.3706896551724138,0.11206896551724138,107.37287477133296,93.53769236700587,94.41809324270237
2162,104.60222086402067,117.53065019139386,87.15974562048109,98.96567065247184,False,False,升级,0.5517241379310345,0.25,0.19827586206896552,94.22292288825955,91.40598454667943,89.5821867485146
2163,94.38963234566783,112.9722328436846,88.81453804810899,97.58123346902731,False,False,缓和,0.5689655172413793,0.3103448275862069,0.1206896551724138,94.53463138400045,96.73790351912682,90.11263155951173
2164,95.30097419857769,116.80664459631318,91.1483042371973,101.43549901002676,False,False,维持,0.39655172413793105,0.3620689655172414,0.2413793103448276,108.23766701899008,94.57096298992141,100.99598705335838
2165,85.4271846512154,122.69472175060599,83.63589493478062,95.70342473729328,True,False,缓和,0.7241379310344828,0.1896551724137931,0.08620689655172414,98.843775022276,93.11799785179512,89.40439767451251
2166,86.33855492497936,118.60446095264295,85.36518753828284,98.1058508514788,False,False,缓和,0.603448275862069,0.25862068965517243,0.13793103448275862,98.84971488904598,94.34840535555055,99.87286987500454
2167,87.49661461556074,121.94600460336824,86.2859607203039,98.13376359192304,True,False,维持,0.4482758620689655,0.4827586206896552,0.06896551724137931,106.16546741258576,96.49256575536059,88.41834151903133
2168,95.8051038067954,115.4679490598985,85.5725459710224,99.08643542056224,False,False,维持,0.4396551724137931,0.3706896551724138,0.1896551724137931,110.33432146097938,104.23932718611974,89.49123782881048
2169,98.13913571270872,117.36464734089772,90.74305186707245,99.71208932290583,False,False,升级,0.47413793103448276,0.3017241379310345,0.22413793103448276,97.38384278916806,93.67548918262594,104.8347766101433
2170,89.52268256502484,123.32987706120207,86.95410731412147,97.12735176481966,True,False,维持,0.5603448275862069,0.31896551724137934,0.1206896551724138,102.87801958186775,92.28270499366508,88.83976221867422
2171,87.41631754191691,114.79196348694015,87.05690519288399,99.93700289528648,False,False,缓和,0.25862068965517243,0.6379310344827587,0.10344827586206896,103.98324519643191,111.23536621903592,92.94881921431812
2172,96.06193534947134,131.38817965950037,88.77454323599213,101.84904523504157,True,True,升级,0.4051724137931034,0.3879310344827586,0.20689655172413793,103.0857518084738,102.59292786893195,92.42343218306995
2173,89.22783297595846,127.69277896358076,84.1261350446458,102.2571308467858,True,False,维持,0.3879310344827586,0.33620689655172414,0.27586206896551724,97.4585227923552,101.1619797624126,88.99814539973387
2174,87.68877917028135,108.87684136060572,83.85220382419028,95.48975273403892,False,False,维持,0.5603448275862069,0.3706896551724138,0.06896551724137931,103.14663652711654,100.34323457151268,88.74297170097995
2175,89.38357573270923,112.13406677874852,87.78170652800456,96.15286223524072,False,False,缓和,0.7155172413793104,0.19827586206896552,0.08620689655172414,96.16323813097054,93.31235122202308,89.5938495083576
2176,104.28405697628338,117.54545887462002,85.92091949130588,100.44291287475777,False,False,维持,0.4827586206896552,0.3017241379310345,0.21551724137931033,100.13010567510233,100.53954136763105,98.07949566136053
2177,89.49847995413384,120.02831681799123,85.53772965907174,98.66953184021756,True,False,缓和,0.5,0.3620689655172414,0.13793103448275862,107.5454141896286,98.71952835301762,107.14377881769586
2178,92.69905878267664,127.909738430446,88.23562279956201,99.84467557647292,True,False,维持,0.41379310344827586,0.39655172413793105,0.1896551724137931,118.13812702225657,99.72499387181183,91.89636678604707
2179,91.11323971042614,109.9009729773278,85.28242625154023,94.9659023661017,False,False,缓和,0.5431034482758621,0.43103448275862066,0.02586206896551724,90.3508702246526,95.53745992544621,98.8255383523714
2180,92.46868855825382,118.03515632107462,87.90330251860591,96.3982858547051,False,False,维持,0.5948275862068966,0.33620689655172414,0.06896551724137931,93.72363239007211,97.16939129344975,92.57553586633675
2181,86.69473799395321,121.58397359602903,86.69473799395321,99.44736824952614,True,False,缓和,0.4396551724137931,0.46551724137931033,0.09482758620689655,105.84236712135063,96.01212557693296,92.70164894034137
2182,102.95533932235197,118.20164941043106,86.34247332222824,98.9207051902161,False,False,维持,0.5344827586206896,0.25862068965517243,0.20689655172413793,106.09153426980838,104.8340083428205,89.46907748765315
2183,96.36361052146457,115.95038029641921,87.62975608001075,97.09530295870299,False,False,缓和,0.6379310344827587,0.20689655172413793,0.15517241379310345,115.95038029641921,90.99409490349544,97.14113428999818
2184,89.009831802023,126.37784985702244,88.9037810563324,103.80117756306745,True,False,缓和,0.3017241379310345,0.45689655172413796,0.2413793103448276,105.48633152479593,100.63740749785259,101.41205293749168
2185,89.87913252334766,115.27119027273334,88.10399495946118,98.41936138900569,False,False,缓和,0.5258620689655172,0.3448275862068966,0.12931034482758622,110.46840955517615,94.14959446862053,90.43362326682548
2186,91.95420699879797,113.15234481493863,89.27007265833869,98.08112982784488,False,False,维持,0.4396551724137931,0.5,0.0603448275862069,109.45382637554944,94.80694900668564,93.62729209352744
2187,87.60719686358144,120.97080187733965,87.2890380964579,100.15583657325135,True,False,维持,0.4224137931034483,0.3879310344827586,0.1896551724137931,97.73135819470623,97.96122965931167,106.0210584157937
2188,90.12736943532448,111.64640322898971,90.12736943532448,99.75963105644789,False,False,缓和,0.4224137931034483,0.43103448275862066,0.14655172413793102,104.52497404904132,92.618556303738,90.56762816792858
2189,91.0531371364488,112.43319319266813,88.74857457734812,98.12251798837393,False,False,维持,0.4482758620689655,0.43103448275862066,0.1206896551724138,99.50217190516051,94.82025546711566,95.92266466349564
2190,92.66001974391084,116.76876442171819,87.1133894951083,100.05834237742307,False,False,缓和,0.4827586206896552,0.33620689655172414,0.1810344827586207,109.77692818155924,99.13167664859395,89.5050049166281
2191,88.03633423470639,121.53302768540841,88.03633423470639,100.84498449302852,True,False,缓和,0.3879310344827586,0.43103448275862066,0.1810344827586207,108.18954739938756,99.29281578801132,93.20995415285168
2192,92.61700460236072,118.955422258335,87.40241779503292,96.02100224329136,False,False,维持,0.6637931034482759,0.28448275862068967,0.05172413793103448,114.26582580202361,92.29638078458508,89.5988085109423
2193,88.54709493280139,125.56000196768963,86.30738533711383,99.1700602852125,True,False,缓和,0.5,0.3448275862068966,0.15517241379310345,95.69789155026244,91.61873820601836,102.0512576381719
2194,96.95781305519311,121.26738373119474,88.12958944795689,97.73250647625966,True,False,维持,0.5086206896551724,0.39655172413793105,0.09482758620689655,110.85232781194854,90.83039766827046,89.93297718016453
2195,88.16153322072351,121.9686761382087,87.32814520747796,99.88512097485844,True,False,缓和,0.5258620689655172,0.2413793103448276,0.23275862068965517,115.92049025265902,102.22194102709356,90.02010521581586
2196,84.66424200741744,111.27357197205717,83.79006719949179,96.62644822792932,False,False,缓和,0.46551724137931033,0.49137931034482757,0.04310344827586207,99.02535797875949,98.13622474863841,97.40951423239109
2197,85.38678389574461,112.79601980379013,85.36333566092986,98.71419606278887,False,False,缓和,0.5,0.41379310344827586,0.08620689655172414,103.59590454194426,100.29087776307475,99.25499054165496
2198,102.05996734304286,114.10756434348427,91.36789599754394,98.29871060484253,False,False,升级,0.4051724137931034,0.4482758620689655,0.14655172413793102,102.84997245245607,94.0203326500693,93.03825159963345
2199,88.23604161040616,109.08520284758525,87.69847147693672,98.24391873031313,False,False,维持,0.45689655172413796,0.4396551724137931,0.10344827586206896,98.3405137775355,94.47315587117654,105.06457427305972
2200,97.06356533917807,122.07658788688059,89.45618821427165,101.4016621089715,True,False,维持,0.27586206896551724,0.4396551724137931,0.28448275862068967,97.48596732035978,102.9315255025699,99.71852940169931
2201,88.72625687660909,119.97685867296173,88.3554661354409,99.35003774154876,False,False,缓和,0.4224137931034483,0.3879310344827586,0.1896551724137931,102.5056566466831,103.82056859402489,93.31247909198132
2202,98.7965967297345,115.39106203751841,86.57739186020419,97.75301177850427,False,False,维持,0.5431034482758621,0.31896551724137934,0.13793103448275862,95.62998895522304,91.93819898882765,96.79034098055084
2203,96.90052113449926,122.75263501014102,87.8396119168774,102.77545043223402,True,False,升级,0.3448275862068966,0.4482758620689655,0.20689655172413793,107.1950603138741,103.38575904637112,91.27653129111052
2204,87.87281121619303,117.90115990718799,87.87281121619303,99.35258632862666,False,False,缓和,0.41379310344827586,0.4482758620689655,0.13793103448275862,106.74901210837768,100.29426674672712,95.53001327915163
2205,92.80698828855355,109.38937693871506,84.32207532248607,96.00948383180763,False,False,缓和,0.6206896551724138,0.23275862068965517,0.14655172413793102,95.36716583593453,105.85131391374283,94.61384288648392
2206,90.41815869875518,119.76188799795116,86.95377414218217,98.091910232885,False,False,维持,0.4224137931034483,0.47413793103448276,0.10344827586206896,117.84975275494887,95.4168477231485,90.46610259933152
2207,90.6875645861438,121.36575525502735,89.4420049058228,101.15523914304644,True,False,缓和,0.45689655172413796,0.31896551724137934,0.22413793103448276,120.28305222109918,101.38787942409401,90.00233794696392
2208,86.17309771524684,118.42400943606916,85.27545765542106,97.32943037407331,False,False,缓和,0.6293103448275862,0.3017241379310345,0.06896551724137931,101.41170724262673,97.0317418573392,89.65418545462258
2209,91.00710043224525,115.67187872547532,89.33377981262744,97.4222861182078,False,False,缓和,0.49137931034482757,0.4224137931034483,0.08620689655172414,96.69756328756932,95.54502086759358,94.05460871870454
2210,92.9131140991849,121.03728603375086,87.28624104676861,99.22325780548968,True,False,维持,0.4396551724137931,0.39655172413793105,0.16379310344827586,108.86071148298008,101.06581333887237,87.45791286557258
2211,95.88051308377527,128.5959133877968,87.62777267913117,99.74272206623829,True,False,升级,0.45689655172413796,0.35344827586206895,0.1896551724137931,105.41677397057781,90.94831804321605,98.77571397201221
2212,89.6245829183732,110.96962811240492,88.14942139864209,94.64333661589319,False,False,维持,0.6982758620689655,0.19827586206896552,0.10344827586206896,92.90369234874798,92.68571483358042,98.54951083924053
2213,85.4283507499359,117.41588809526914,85.4283507499359,98.79847324677155,False,False,缓和,0.45689655172413796,0.41379310344827586,0.12931034482758622,102.823573383287,93.21487046900856,90.11368287829644
2214,90.70621326084644,113.85751525754682,85.74325082865784,97.30688272177899,False,False,缓和,0.5344827586206896,0.39655172413793105,0.06896551724137931,98.77975686152794,94.3029267703265,94.84187031454977
2215,88.55575055169137,107.24340258165361,87.24920541975943,95.12292789343904,False,False,缓和,0.5689655172413793,0.3620689655172414,0.06896551724137931,94.62297419021824,95.5074207243845,93.08812358652325
2216,90.84467228422423,124.72264369035992,87.8150856304718,100.05949376902046,True,False,维持,0.5172413793103449,0.2672413793103448,0.21551724137931033,112.98122639591631,93.07137945938469,98.07094123175789
2217,88.31455377788335,118.65986149577164,88.31455377788335,103.81761262338301,False,False,缓和,0.1896551724137931,0.5689655172413793,0.2413793103448276,112.08889601870415,113.49828002340402,95.26436474139257
2218,99.27499063207404,110.83506947963092,87.73577713027665,99.14838062485502,False,False,缓和,0.45689655172413796,0.3448275862068966,0.19827586206896552,97.6739544915256,92.9078496508659,99.59569265008979
2219,99.68704138860595,115.84886160929157,88.67420877367098,100.4175907246625,False,False,升级,0.49137931034482757,0.28448275862068967,0.22413793103448276,115.84886160929157,106.60898424187513,98.60657139986974
2220,96.34870747913207,126.10028984559987,89.70152228063665,100.74916268718475,True,False,缓和,0.5,0.2672413793103448,0.23275862068965517,99.23984598594812,95.82710109605445,103.24389360289979
2221,88.11550569057917,115.72217303280696,88.11550569057917,98.1990519479002,False,False,缓和,0.5689655172413793,0.3103448275862069,0.1206896551724138,97.44290316988734,94.05154366570606,93.57706883406972
2222,85.62279513350114,119.21901434832077,85.62279513350114,99.53637496597433,False,False,缓和,0.49137931034482757,0.3879310344827586,0.1206896551724138,108.72428790248308,104.10842387085393,90.63102609323353
2223,91.56111582701394,123.26947583947171,87.74122000641466,98.56638134036608,True,False,维持,0.4051724137931034,0.46551724137931033,0.12931034482758622,93.37256934405217,102.16995562039031,91.93143297554035
2224,88.95439183226574,123.89302239863514,88.95439183226574,101.82060585002303,True,False,缓和,0.33620689655172414,0.45689655172413796,0.20689655172413793,99.35140629744986,102.00280739371722,105.9234726420187
2225,85.94102355574002,112.83477251645755,84.95474433442254,95.41141724969268,False,False,缓和,0.5689655172413793,0.4051724137931034,0.02586206896551724,103.60124524004428,89.4131759298976,98.06441893016562
2226,90.92530299308953,122.53723215403623,87.63311683470819,100.77589160755998,True,False,缓和,0.4051724137931034,0.43103448275862066,0.16379310344827586,112.12893782710331,101.56013002745026,89.66115211843685
2227,90.39031480953673,111.36429693290083,87.9242879032293,96.58349476939524,False,False,维持,0.5603448275862069,0.39655172413793105,0.04310344827586207,97.375921775173,93.76860808810329,88.54057764022355
2228,86.15883857075364,119.47692822036258,85.19726372439841,96.29505279427516,False,False,缓和,0.7672413793103449,0.14655172413793102,0.08620689655172414,98.04509654855097,92.4888180183914,91.62325712980831
2229,91.84788028277028,114.8098068648032,87.52977800591205,98.79849315327147,False,False,缓和,0.43103448275862066,0.5,0.06896551724137931,93.99345578523524,102.54660913640454,98.37988004564689
2230,95.6245670158576,117.78096852374195,90.12178014671132,100.89655792423274,False,False,维持,0.39655172413793105,0.39655172413793105,0.20689655172413793,96.28524249290017,116.36701365570104,95.0439216042784
2231,92.68510775813387,127.86426413500786,86.612721523186,100.09604380842275,True,False,升级,0.5172413793103449,0.3275862068965517,0.15517241379310345,116.17467170740271,93.332035915451,97.15841714679041
2232,88.45722217561682,117.05401458020528,87.45813014111515,97.44662298542862,False,False,维持,0.5775862068965517,0.29310344827586204,0.12931034482758622,107.86563084937306,98.02841452958786,90.14077825881616
2233,101.0587443108507,119.90713047021649,89.9161642190558,100.96529882181798,False,False,缓和,0.31896551724137934,0.45689655172413796,0.22413793103448276,98.01075256171077,101.90146043746014,94.89423296436247
2234,100.75105170223445,110.39801080632166,85.26178898997486,94.9894830180376,False,False,升级,0.5775862068965517,0.3793103448275862,0.04310344827586207,93.8637440181503,92.99100644467794,91.09097057998324
2235,87.71282551472572,127.68746766686168,84.7413712634456,99.5848433503848,True,False,缓和,0.5431034482758621,0.29310344827586204,0.16379310344827586,104.63604335104388,95.55608552416325,90.94897060885457
2236,90.32040153363583,116.05497591397244,86.04748127119002,97.41614287755125,False,False,缓和,0.4224137931034483,0.5258620689655172,0.05172413793103448,98.34820447097535,95.26723403442134,89.95458635344932
2237,95.23560486790225,115.02659132352234,90.39982715495562,99.8539924436526,False,False,维持,0.5,0.28448275862068967,0.21551724137931033,103.33872657312055,104.28116293032744,93.66093321023226
2238,104.21594390474594,125.92136786547498,88.01269626547897,101.25585158105439,True,False,维持,0.3275862068965517,0.43103448275862066,0.2413793103448276,115.68294218964206,92.90245439449627,94.27354625858649
2239,94.71457696546477,111.9791505126127,86.77438220827837,95.55441036648448,False,False,升级,0.6637931034482759,0.23275862068965517,0.10344827586206896,91.13209885387234,99.32568418186946,94.69264162560324
2240,89.85987254119092,119.28294507815465,89.16376133648556,101.11005486372167,False,False,维持,0.33620689655172414,0.47413793103448276,0.1896551724137931,118.33064521278362,115.24354392783152,95.99404470866365
2241,99.18263703597205,129.17859788728828,87.80090378806308,101.95032857511009,True,False,升级,0.2672413793103448,0.5775862068965517,0.15517241379310345,116.21697621271616,97.7297489737172,93.89751133534718
2242,92.67365342265772,110.19386542582333,87.38789605422673,96.60198774127699,False,False,缓和,0.6120689655172413,0.21551724137931033,0.1724137931034483,94.77262385045191,96.88359479077323,96.00169697328674
2243,88.20358958475259,121.3609330147786,88.16066095630607,101.28462031962151,True,False,缓和,0.45689655172413796,0.3017241379310345,0.2413793103448276,111.87074511057818,93.90270835065111,88.16066095630607
2244,97.38246247130006,126.84346800063445,88.1365527490774,101.79283189047598,True,False,升级,0.47413793103448276,0.23275862068965517,0.29310344827586204,120.20168897955125,92.04966910425748,107.64884411947881
2245,89.2967410903032,123.82033571016203,87.39302552540585,98.28383019985428,True,False,缓和,0.5775862068965517,0.3103448275862069,0.11206896551724138,93.19139319876292,99.218030446882,90.44447746680532
2246,90.61154825876288,126.12274245898082,87.81791827111233,99.41555079389566,True,False,缓和,0.39655172413793105,0.45689655172413796,0.14655172413793102,124.75614646813332,100.76590279017337,89.31076259170963
2247,86.2756979495077,112.8825712517347,84.36398935716143,95.81214765350525,False,False,缓和,0.5431034482758621,0.43103448275862066,0.02586206896551724,99.67264439837905,98.87027912992718,88.65849158355115
2248,106.28235939546542,130.83927911495084,88.95158809900678,103.2780236036536,True,True,升级,0.4482758620689655,0.27586206896551724,0.27586206896551724,105.96060518011758,99.21693243692918,93.3467673182222
2249,93.70551241683825,111.77325211514535,85.32607873962458,92.47796713411122,False,False,升级,0.8275862068965517,0.1206896551724138,0.05172413793103448,91.21646745772357,94.52968941905166,90.83342944785052
2250,87.51064463861096,121.56371833807692,87.25490120984118,101.37249785452576,True,False,缓和,0.33620689655172414,0.45689655172413796,0.20689655172413793,107.96381935764569,98.31931942679914,87.9204727442727
2251,101.36276753354113,115.19814424170976,86.50257612334185,99.60992010764268,False,False,升级,0.5689655172413793,0.20689655172413793,0.22413793103448276,106.43976303270252,96.51566061167951,98.74106787496709
2252,90.08969161259743,119.43048696651708,88.31714063049702,101.95001573018627,False,False,缓和,0.3879310344827586,0.3706896551724138,0.2413793103448276,101.59938203953907,99.34519540745865,106.43365004363795
2253,96.01298042434296,127.34662066667528,84.53870247409637,100.20254109525527,True,False,升级,0.5344827586206896,0.2413793103448276,0.22413793103448276,108.36052057634987,106.61437355419075,90.06093688939325
2254,89.7926094009743,126.21781006908645,87.49792014157217,99.99502708442051,True,False,维持,0.46551724137931033,0.3448275862068966,0.1896551724137931,97.74488990186283,107.00042794086053,92.36876009699398
2255,94.28801229224008,109.23405021234092,85.03445879744726,95.72026383015587,False,False,缓和,0.603448275862069,0.29310344827586204,0.10344827586206896,95.13949743019798,99.49954575955599,90.33936001705717
2256,87.31954233572618,109.8886266365348,85.90403426279067,96.79348734813799,False,False,维持,0.5,0.4396551724137931,0.0603448275862069,101.82984554533765,94.66896954900142,97.84402315513202
2257,88.89715343968768,121.55023155157483,84.79734425963527,98.35456162625054,True,False,缓和,0.5258620689655172,0.3017241379310345,0.1724137931034483,91.11493143802099,99.30339932266328,104.01170868720203
2258,93.527118349336,111.48996485915923,84.05108192066409,96.59151482280376,False,False,缓和,0.46551724137931033,0.4396551724137931,0.09482758620689655,102.87638807274537,95.55042827427172,89.51449359719022
2259,102.58041040797353,119.85077836450743,87.7725058524576,100.94925363474903,False,False,维持,0.2672413793103448,0.5431034482758621,0.1896551724137931,106.144126595678,100.27896789396657,89.20758103854882
2260,86.63551311034782,121.64275550549571,86.63551311034782,101.57054689554239,True,False,缓和,0.3017241379310345,0.5172413793103449,0.1810344827586207,111.11960794985067,105.77623649369951,94.42399830108401
2261,86.40204733824291,113.80702902391005,85.3543704829565,96.87509445814645,False,False,缓和,0.646551724137931,0.2413793103448276,0.11206896551724138,94.61163402329788,113.80702902391005,92.6052755645229
2262,86.97464027996234,121.0929590414822,86.81346499625297,97.74984710552039,True,False,缓和,0.5689655172413793,0.33620689655172414,0.09482758620689655,106.24550924432953,91.98009202118556,93.42790073170012
2263,97.68695211700965,111.37003340807291,86.31337385136591,97.11460840094571,False,False,升级,0.5344827586206896,0.3793103448275862,0.08620689655172414,96.95030306036618,101.66374341882046,89.34425365162255
2264,89.18663216294355,115.56861954612263,86.1062821316539,96.661315782442,False,False,维持,0.5431034482758621,0.4051724137931034,0.05172413793103448,92.9870760664258,102.99672017240232,102.03621212726671
2265,96.45181338955625,109.60621135198213,86.74212358284794,96.2548941333369,False,False,升级,0.5172413793103449,0.39655172413793105,0.08620689655172414,98.18445082188978,96.58260537758301,94.0219769368381
2266,90.09369305861642,110.07768049843595,86.524561567857,94.92453610048845,False,False,缓和,0.7758620689655172,0.16379310344827586,0.0603448275862069,103.00581917302763,92.2741960038155,94.16789060572663
2267,92.06502413217986,125.65855890927445,87.55386320727993,102.48098389427118,True,False,缓和,0.3620689655172414,0.3620689655172414,0.27586206896551724,110.44558239002082,101.84305061201106,101.36249793903788
2268,87.74389636388193,110.46804570496452,86.49946035171283,98.47799856233371,False,False,缓和,0.5,0.3620689655172414,0.13793103448275862,106.28793217139851,92.08808452733098,95.459533065896
2269,93.77404774144469,113.64629554323157,87.77301193074061,95.45243302218495,False,False,升级,0.6293103448275862,0.33620689655172414,0.034482758620689655,97.14394058341335,94.6765022043522,99.40472173975581
2270,89.22905901971023,123.79125228213628,88.02562030714549,99.2385681051376,True,False,缓和,0.3706896551724138,0.4051724137931034,0.22413793103448276,92.48723079599937,104.68147950513367,103.7101996989823
2271,85.57327380446895,116.23437736525503,85.57327380446895,97.56115685021965,False,False,缓和,0.7155172413793104,0.13793103448275862,0.14655172413793102,103.23369831339487,91.86781823914724,92.63261410816706
2272,88.25947773528316,113.06063814913021,88.21266307844806,99.95907847649562,False,False,缓和,0.5086206896551724,0.27586206896551724,0.21551724137931033,94.8083291332884,104.10190394197316,106.01689540593182
2273,97.6568679817504,120.936592557511,87.8662852402413,99.72039055079597,True,False,升级,0.45689655172413796,0.2413793103448276,0.3017241379310345,104.35162381153351,95.20165011747304,97.81282512290927
2274,89.90993552479421,111.2627747178131,89.42455020314382,97.26762972528925,False,False,缓和,0.4396551724137931,0.4827586206896552,0.07758620689655173,107.5920966138644,92.3270800660348,95.12433867823269
2275,91.09728853253254,109.83879343375078,85.09411804597057,95.46241858696702,False,False,缓和,0.603448275862069,0.3448275862068966,0.05172413793103448,96.96269254490868,97.872647357808,96.84431869116061
2276,86.22617112669957,116.61223642152113,86.22617112669957,100.07088828604623,False,False,缓和,0.4482758620689655,0.33620689655172414,0.21551724137931033,112.78846673168168,107.64399755045586,102.73031200795886
2277,97.46668760363211,123.77552771434044,89.53739248074442,99.35004852023016,True,False,缓和,0.5086206896551724,0.28448275862068967,0.20689655172413793,101.4006979967287,93.26382442411087,92.31953138849559
2278,90.02265688076973,120.08103380886757,87.12816102707433,97.89266961132668,True,False,维持,0.46551724137931033,0.46551724137931033,0.06896551724137931,94.81522437057508,92.95223465403373,96.18107842138123
2279,92.77564747954264,111.01137089723997,86.85290496264481,96.16734504140913,False,False,缓和,0.6206896551724138,0.3275862068965517,0.05172413793103448,106.66556354216112,91.86861028865204,97.23155004300123
2280,89.99734960360422,118.4953057506398,86.11968333969635,98.38761496161457,False,False,维持,0.5,0.3879310344827586,0.11206896551724138,92.19228441057516,103.10149607630993,92.55912670661401
2281,90.16633959260012,120.45581271623875,88.95316064330218,98.79437170668142,True,False,维持,0.5086206896551724,0.33620689655172414,0.15517241379310345,105.206459626079,93.10786389445573,102.27589216284359
2282,86.05673021944973,127.58531306627957,86.05673021944973,98.74036757104543,True,False,缓和,0.5603448275862069,0.31896551724137934,0.1206896551724138,102.23128470966064,96.39264703025647,90.85992652980006
2283,98.04849734760226,120.0696988300631,88.7094891791466,100.27014411368236,True,False,升级,0.5517241379310345,0.25,0.19827586206896552,100.01223167155779,101.3436632432017,97.5963429650763
2284,84.549126159301,122.9228483383685,84.549126159301,98.33353187447283,True,False,维持,0.5517241379310345,0.3275862068965517,0.1206896551724138,94.80211613788849,93.80046804002711,92.00041239237771
2285,102.92398075999026,120.03373183139408,90.24907548580906,101.37804051632503,True,False,维持,0.3275862068965517,0.3706896551724138,0.3017241379310345,97.13554818364618,97.47237892769876,97.46774826038187
2286,91.81687472294578,118.90278412741456,90.08629859912435,100.33631414227818,False,False,缓和,0.49137931034482757,0.27586206896551724,0.23275862068965517,115.56781417140459,97.55940121214253,98.54554466506362
2287,85.62345867303262,117.60964830462513,84.49873928377487,98.80349460990915,False,False,缓和,0.5,0.3793103448275862,0.1206896551724138,114.23450350813839,105.32627071777623,90.612549451644
2288,89.46652819780392,114.25334989081335,86.80055167179468,94.4951806684835,False,False,缓和,0.6982758620689655,0.27586206896551724,0.02586206896551724,93.51731755068904,95.37337547116083,91.95402868137496
2289,99.46075484102137,120.2987703002532,84.75940910887543,99.94983200539185,True,False,维持,0.47413793103448276,0.3448275862068966,0.1810344827586207,113.92422005154978,99.35679229513153,91.50483782735839
2290,91.83739995190409,111.82360365033456,85.41762499504239,98.01905567223604,False,False,升级,0.45689655172413796,0.3793103448275862,0.16379310344827586,93.72475146546246,102.39698543301306,91.97465999755946
2291,90.8109117339131,119.2791287697989,87.97515789505437,99.32357519797334,False,False,维持,0.4224137931034483,0.3706896551724138,0.20689655172413793,104.49890077947275,97.29837875429239,103.15250532620591
2292,90.42599392204197,123.10614733167615,84.60060112001827,100.89880355852493,True,False,升级,0.5344827586206896,0.27586206896551724,0.1896551724137931,115.96185066485964,103.74807998984653,96.64082943360425
2293,92.27964850221701,113.07076486048678,86.86807527325543,99.20141540852805,False,False,维持,0.4396551724137931,0.47413793103448276,0.08620689655172414,103.60809991295676,105.96353369990892,98.07597508411213
2294,86.26056649800968,115.26896511422872,84.80756629789616,98.53382989056578,False,False,缓和,0.5172413793103449,0.4051724137931034,0.07758620689655173,107.01457107573987,106.224668399943,94.99322773565576
2295,92.74143104155499,123.47130574713728,91.38212838385502,103.65990345873368,True,False,缓和,0.1896551724137931,0.5948275862068966,0.21551724137931033,104.48474362800643,99.98864189415059,112.35846497646826
2296,102.71338286638938,112.04418603506377,87.94303311910274,96.04063219086402,False,False,升级,0.5258620689655172,0.39655172413793105,0.07758620689655173,96.70555591472531,95.67118088562512,87.94303311910274
2297,101.56447749099718,114.33476226512107,90.80435657104181,100.30452856036374,False,False,升级,0.35344827586206895,0.41379310344827586,0.23275862068965517,103.07405366647657,105.5829167511241,94.8547657482119
2298,87.69583671008468,110.30507974955268,86.91411210879582,100.10415951764172,False,False,缓和,0.41379310344827586,0.45689655172413796,0.12931034482758622,102.53691466930732,99.24023287863395,97.81467667673935
2299,95.94825003155903,108.44743853082704,88.70578603394142,98.3644561861658,False,False,缓和,0.4224137931034483,0.5086206896551724,0.06896551724137931,100.7077351271351,98.04946607961847,90.99649403331601
2300,106.73794585506668,115.73403418836293,89.18983162057395,101.55112165495798,False,False,升级,0.28448275862068967,0.5258620689655172,0.1896551724137931,98.9493621833019,104.54249473568366,92.51539365432845
2301,88.86551797389026,116.91204708225827,88.86551797389026,98.67024653110758,False,False,缓和,0.5172413793103449,0.39655172413793105,0.08620689655172414,94.98147287572907,96.4095788868076,94.25897617592125
2302,93.48207388402706,126.24197525843645,86.49800260020989,99.15172471407773,True,False,维持,0.3793103448275862,0.5086206896551724,0.11206896551724138,104.52545233981735,95.73168745282737,97.72256255112495
2303,85.89290072183779,112.64910282379101,85.89290072183779,96.28309531953009,False,False,缓和,0.5775862068965517,0.3793103448275862,0.04310344827586207,98.62212313383215,101.58419048315291,96.53507837012148
2304,88.65782142391576,111.49801658960797,86.96644988216677,98.05014749369121,False,False,维持,0.3793103448275862,0.49137931034482757,0.12931034482758622,103.02049482618365,99.33210277740474,103.03268703644734
2305,92.23582787558327,122.03633319913841,89.00421586205125,99.39496817031718,True,False,缓和,0.3706896551724138,0.49137931034482757,0.13793103448275862,107.89751708691978,93.44716397077178,89.05865164195932
2306,93.2344910839247,123.1735315136597,86.38861431213412,100.54218905269778,True,False,维持,0.5517241379310345,0.22413793103448276,0.22413793103448276,117.37334778711396,94.17958405760119,91.30030028078473
2307,92.43902942420203,112.28534796449141,87.97067990602552,98.69472267135134,False,False,维持,0.5086206896551724,0.3275862068965517,0.16379310344827586,97.29704995377463,106.05311853491284,93.19197595597574
2308,86.4218567955364,113.37805061118873,86.30758808748139,96.85421839098476,False,False,缓和,0.6810344827586207,0.20689655172413793,0.11206896551724138,92.41129287654357,102.10664835250635,94.23418915490562
2309,88.87284736062419,121.5749916670581,86.57853888108893,98.32882215461201,True,False,缓和,0.5344827586206896,0.28448275862068967,0.1810344827586207,94.36251129324069,113.1896837655008,86.57853888108893
2310,90.94249204168364,127.19406108864345,90.27431917906412,103.40462793847479,True,False,缓和,0.3879310344827586,0.28448275862068967,0.3275862068965517,112.95868028086136,100.98552497986346,96.34776059161159
2311,90.96273042322606,119.50919484334518,88.74643687410392,97.23583997661954,False,False,维持,0.5689655172413793,0.3017241379310345,0.12931034482758622,98.02866756844176,92.97157841028078,90.23182847553583
2312,91.66798445451168,113.09380097825405,89.69862726430715,98.51005656041893,False,False,维持,0.4482758620689655,0.46551724137931033,0.08620689655172414,107.70474646836566,94.34360196366124,96.9251969959875
2313,86.43876980606797,116.09931590966941,86.43876980606797,96.77629731183937,False,False,缓和,0.603448275862069,0.3275862068965517,0.06896551724137931,98.07434306816431,98.98355310926122,94.3533359652991
2314,87.77143171577973,114.04860515344913,85.36553611002927,94.18132178607505,False,False,维持,0.7758620689655172,0.19827586206896552,0.02586206896551724,104.58138283608119,92.12131915577461,89.03757243546588
2315,86.84567715444439,123.66991837435418,86.84567715444439,100.51838602261655,True,False,缓和,0.5258620689655172,0.3017241379310345,0.1724137931034483,99.37829361129356,93.18820756341813,101.80962918294352
2316,102.76003712726036,113.31610860173726,87.58376406601644,98.75036672583065,False,False,缓和,0.5517241379310345,0.3017241379310345,0.14655172413793102,94.4488245573678,98.15712624484263,90.84253127532882
2317,89.63143928328434,128.38964563643555,88.51179655246726,103.40720742215463,True,False,维持,0.3706896551724138,0.3448275862068966,0.28448275862068967,125.50891875842375,101.79426031521298,90.04955569467907
2318,90.61463636738995,108.78088884035454,89.3634398244649,98.47806077468343,False,False,维持,0.4396551724137931,0.4051724137931034,0.15517241379310345,93.85939675156749,96.04789471492528,101.57461719760217
2319,95.08083586772604,127.22629191824215,88.77528752083093,101.35644374935758,True,False,维持,0.4224137931034483,0.3620689655172414,0.21551724137931033,111.91687989298597,91.42405689332753,95.68936137298144
2320,84.64858896778014,110.38418169675634,84.42133518673373,96.00643773965035,False,False,缓和,0.7068965517241379,0.1810344827586207,0.11206896551724138,93.45988883179717,91.35777386576164,99.57247795388678
2321,88.50581551770524,121.52216347106345,85.31786399417156,101.0081198566436,True,False,缓和,0.3620689655172414,0.47413793103448276,0.16379310344827586,110.34813783524359,113.08241951134775,97.5341716406865
2322,87.80618823570595,125.21586765172296,87.80618823570595,101.9505293528876,True,False,缓和,0.4827586206896552,0.28448275862068967,0.23275862068965517,108.8457692092463,112.49146013107139,92.85868929674882
2323,91.4000467506625,121.88942102429829,87.16006192462022,98.85142092220026,True,False,缓和,0.4482758620689655,0.4482758620689655,0.10344827586206896,104.43621693273705,93.59165972803136,87.4647877250459
2324,89.77728504736368,112.27401791230797,85.26324912502218,97.32392529818873,False,False,维持,0.5431034482758621,0.31896551724137934,0.13793103448275862,94.58952455514753,92.29447088690675,95.76461561869634
2325,92.53716628387843,111.68419794143374,87.87972834436505,97.15600726865594,False,False,维持,0.603448275862069,0.2672413793103448,0.12931034482758622,102.44981838583722,94.93455475152997,100.97582295379921
2326,84.81914125382912,124.15725945832602,84.48918518402948,98.72980402891574,True,False,缓和,0.5862068965517241,0.22413793103448276,0.1896551724137931,119.70658181121858,94.7472820198927,89.47835637106728
2327,100.96781377075503,114.29293792771325,89.55514629199496,99.25031170038429,False,False,升级,0.5517241379310345,0.25,0.19827586206896552,101.9502474431878,94.83253031312563,91.73653947618851
2328,87.03161928139878,115.34473990661614,86.142458843769,97.34323998693625,False,False,缓和,0.5603448275862069,0.3620689655172414,0.07758620689655173,104.86845896666429,94.70439616602897,104.80918157158511
2329,88.91687400471629,114.55704232973508,83.89950344140408,97.55406490508803,False,False,缓和,0.5517241379310345,0.41379310344827586,0.034482758620689655,93.49823673923444,98.523149932958,92.72562214667599
2330,83.92018086341368,115.40189091145858,83.92018086341368,96.89458774855255,False,False,缓和,0.5086206896551724,0.43103448275862066,0.0603448275862069,103.25383563260544,92.07636500402566,95.5529471699104
2331,86.46354280736274,118.70988241379969,86.46354280736274,101.51632229959974,False,False,缓和,0.3103448275862069,0.5086206896551724,0.1810344827586207,100.86953793440216,112.91792814147291,94.68300431537858
2332,93.50280522880173,115.1811752849322,87.96727872956052,98.40809831061947,False,False,维持,0.47413793103448276,0.39655172413793105,0.12931034482758622,98.05396712177517,92.29356360150842,91.8409841568485
2333,91.65140332432179,114.48794845046105,91.4440561197436,102.34958135003663,False,False,维持,0.27586206896551724,0.5086206896551724,0.21551724137931033,104.31099316317429,101.45795491728146,103.51144936659772
2334,110.0890502324831,122.02904104684275,88.15674818339987,99.65671448111308,True,False,升级,0.5431034482758621,0.25,0.20689655172413793,121.32682060825965,92.88938871885163,89.96236958019382
2335,90.05761056789318,129.31997421951442,90.05761056789318,104.05203375816117,True,False,缓和,0.31896551724137934,0.3879310344827586,0.29310344827586204,107.2417331821406,96.90866790621256,96.23058447847475
2336,90.40489947172826,127.84494428043095,89.82949688963959,102.60547283337968,True,False,缓和,0.43103448275862066,0.3275862068965517,0.2413793103448276,101.3821030614953,94.94230980304354,95.31276877182272
2337,102.30718490247382,110.59027072706758,88.31787810106404,98.35661905762599,False,False,维持,0.49137931034482757,0.3448275862068966,0.16379310344827586,102.02920601940109,97.7726647582784,99.38922861070314
2338,90.10386884801324,120.91869633088073,86.92220393229171,101.11496189675171,True,False,缓和,0.3275862068965517,0.5172413793103449,0.15517241379310345,106.49184094522498,98.80938765731703,94.17268820194377
2339,88.7840333535997,113.72975647913196,87.53071242696724,97.73159256242731,False,False,缓和,0.603448275862069,0.23275862068965517,0.16379310344827586,96.45168684759827,99.70051273502669,88.12150851082254
2340,88.10060565105057,115.78039288750078,86.52383593405665,99.3344608362357,False,False,缓和,0.5862068965517241,0.2413793103448276,0.1724137931034483,95.96979964775007,100.82583995075424,98.94754349015325
2341,91.83178092635252,125.52261656887082,90.86726757063488,103.84306976563367,True,False,维持,0.1896551724137931,0.47413793103448276,0.33620689655172414,108.83219489958047,111.27354106318643,98.81638216537502
2342,94.89938731851132,126.6438938318831,86.96803579178541,99.7378397677379,True,False,升级,0.43103448275862066,0.39655172413793105,0.1724137931034483,107.39467332596367,91.04478714267361,91.18384960424737
2343,89.19270645813415,117.41352746092292,89.13349438501795,97.43433307446763,False,False,维持,0.603448275862069,0.3275862068965517,0.06896551724137931,110.23560252369718,95.36239363862477,89.64502629022996
2344,94.72206876405933,116.26579546657453,87.0990244068057,96.82258595391228,False,False,升级,0.4482758620689655,0.4827586206896552,0.06896551724137931,96.33516758968237,95.11949934266713,101.71715046812139
2345,89.52842874157076,120.0323576435677,86.20102496620662,98.24912946758508,True,False,缓和,0.6379310344827587,0.1724137931034483,0.1896551724137931,97.18891866294331,91.51477830564129,110.95712674172151
2346,88.73801416780748,114.13623576357105,85.8059544701522,97.68256602415127,False,False,缓和,0.5862068965517241,0.22413793103448276,0.1896551724137931,98.43605658603329,93.223310863301,102.04004340188472
2347,100.89380666825535,126.08146579735636,87.6153549088229,101.24743190555603,True,False,升级,0.3793103448275862,0.3275862068965517,0.29310344827586204,99.23947633238066,101.30834785104747,97.30864255685468
2348,102.96063022969014,108.81905807130683,87.72457158855838,93.67183985784021,False,False,升级,0.7931034482758621,0.1206896551724138,0.08620689655172414,91.30915697203373,92.1381303131965,91.5591022793272
2349,89.96988630253034,126.041961620052,84.67306011448957,100.84144664294463,True,False,缓和,0.41379310344827586,0.39655172413793105,0.1896551724137931,100.44481578595054,98.84224892383146,93.16342249679295
2350,92.80271705392694,119.05476925636326,89.28046697991371,98.52022149362942,False,False,维持,0.5775862068965517,0.29310344827586204,0.12931034482758622,104.36933876082246,92.20272503642883,92.94235152419915
2351,92.21185678614911,107.35376366174239,87.60242917439543,94.66978552466061,False,False,缓和,0.7586206896551724,0.1896551724137931,0.05172413793103448,92.04852202430075,91.81312261812747,99.03135360780124
2352,92.76257190957766,122.727990198996,87.28375650958176,101.54915999267598,True,False,缓和,0.4827586206896552,0.22413793103448276,0.29310344827586204,119.69091052696484,95.978238130556,91.00107751301756
2353,85.47679791472349,119.72909550365401,84.42264664784388,95.60629943707858,False,False,缓和,0.5517241379310345,0.4051724137931034,0.04310344827586207,104.60432950602183,99.53043543427616,92.72878055358251
2354,89.68815530357928,110.7290414101142,89.68815530357928,96.76183832113712,False,False,缓和,0.5,0.3706896551724138,0.12931034482758622,93.60570236490601,92.60518415392306,95.66010122155448
2355,99.73289638494072,114.85880144187526,89.48766850924284,98.55197490366199,False,False,升级,0.5086206896551724,0.23275862068965517,0.25862068965517243,94.53134174064567,114.85880144187526,99.94614847808317
2356,86.45659312812622,118.20034430634452,85.56455656162359,98.2843309127947,False,False,缓和,0.5689655172413793,0.3103448275862069,0.1206896551724138,97.06224158468035,94.78649472760236,107.57678365043039
2357,95.21324502226389,118.1241128361914,86.30754518371216,99.40597717910344,False,False,升级,0.5431034482758621,0.21551724137931033,0.2413793103448276,94.73485269652149,102.01934597063023,114.96091340532492
2358,83.73303065621919,125.16662344887878,83.73303065621919,98.33799187025157,True,False,维持,0.5086206896551724,0.3793103448275862,0.11206896551724138,99.90408603445783,100.33839757113779,96.29671343629836
2359,88.45688526401526,109.72797494981711,86.6274074775068,96.89295120402491,False,False,缓和,0.6120689655172413,0.25,0.13793103448275862,97.1183312489851,89.8740204101816,97.25060652219592
2360,87.58235532147216,110.20917710466536,85.92248757976967,97.27499781581356,False,False,维持,0.603448275862069,0.31896551724137934,0.07758620689655173,96.79610383080639,99.3064437182327,93.20707992565525
2361,91.68710845013192,143.88220032613376,86.96096541773584,100.91794489936504,True,True,缓和,0.5172413793103449,0.28448275862068967,0.19827586206896552,101.00267994602703,95.87282101685577,90.62377093210998
2362,98.82987265655325,118.15775434490901,87.71106252024501,99.59799884183806,False,False,升级,0.33620689655172414,0.5172413793103449,0.14655172413793102,109.39988735491085,103.69879553406746,93.9918817034281
2363,89.07221278584493,120.86904873808334,89.07221278584493,101.30090208245792,True,False,缓和,0.5,0.27586206896551724,0.22413793103448276,102.28550958507316,95.62443955861701,100.52876023694103
2364,100.75029990598416,126.84162878728607,87.90074047453874,102.26990965098668,True,False,维持,0.3879310344827586,0.3448275862068966,0.2672413793103448,99.27881271380238,110.40525892979377,91.4639005186779
2365,85.48536159424361,111.29952636645476,85.48536159424361,96.41446732522797,False,False,维持,0.5344827586206896,0.3879310344827586,0.07758620689655173,96.13375202224195,89.60643649454113,103.29940316841127
2366,100.51278962671378,111.77710889747364,89.31324575598975,98.014863961112,False,False,升级,0.5258620689655172,0.3448275862068966,0.12931034482758622,93.97973664629733,96.58572009550502,98.61040194828328
2367,96.60541628190978,117.1426454824727,87.97640071327766,98.49003298783906,False,False,升级,0.5517241379310345,0.3017241379310345,0.14655172413793102,94.31577767854807,106.2499449743423,92.91083605680826
2368,88.55757129090426,117.42913409752221,83.96381219040454,100.45544858689406,False,False,维持,0.4224137931034483,0.35344827586206895,0.22413793103448276,98.05404032073811,99.95667601858432,104.62200384595478
2369,90.58162051994788,117.24429311452636,84.20315945667173,95.42106366756728,False,False,维持,0.6120689655172413,0.33620689655172414,0.05172413793103448,95.53439816209578,90.34228543144697,92.17180312438202
2370,92.57229909968854,112.82153290225475,87.77166764516696,98.7390849177144,False,False,维持,0.5689655172413793,0.25862068965517243,0.1724137931034483,97.1515842963908,96.50819627717806,105.58265592924768
2371,87.88275363841724,116.30299640252557,87.73474031422315,97.04536526958613,False,False,缓和,0.5862068965517241,0.3017241379310345,0.11206896551724138,94.46340009935167,97.38393329916481,90.33712691158169
2372,90.81164262381017,121.5213634074793,87.32376260268154,97.84619841843684,True,False,维持,0.6293103448275862,0.22413793103448276,0.14655172413793102,97.11889238875023,94.60565401963466,95.96299063172437
2373,88.6706474684173,120.60567069953315,88.6706474684173,101.63235663186448,True,False,缓和,0.4051724137931034,0.4482758620689655,0.14655172413793102,97.5401662580911,102.96672903231703,94.13203842224202
2374,95.34388678647737,110.00753567147814,87.2407659725808,96.30420218831082,False,False,升级,0.5258620689655172,0.43103448275862066,0.04310344827586207,95.18000711980054,100.72834066165795,90.339800468316
2375,90.70841910042024,122.08028219388075,87.73410329071565,96.93872053374292,True,False,维持,0.6724137931034483,0.23275862068965517,0.09482758620689655,100.75891769149688,91.49465668528568,90.4406451627032
2376,89.09122654287978,110.12751135045104,89.09122654287978,96.00700028889038,False,False,缓和,0.6810344827586207,0.28448275862068967,0.034482758620689655,106.25892288715745,95.32119098259618,90.64905265323245
2377,98.86511710438742,129.8101532884701,88.09996247495185,100.60069956058803,True,False,维持,0.35344827586206895,0.3793103448275862,0.2672413793103448,95.52110100078559,98.93718990776844,104.75303410224532
2378,91.58699491925752,132.39851844888966,87.98209170957902,103.50738706822385,True,True,维持,0.33620689655172414,0.33620689655172414,0.3275862068965517,112.41630330527373,93.61161789167885,100.63215971400867
2379,94.52465741842875,109.42402356485917,90.2225085324368,97.9957113364238,False,False,维持,0.45689655172413796,0.4396551724137931,0.10344827586206896,98.68845149648024,96.46406306343364,106.39077254197952
2380,84.25378921682722,122.99628647402494,84.25378921682722,100.9872675320569,True,False,缓和,0.3879310344827586,0.39655172413793105,0.21551724137931033,94.31613402786967,118.31706707232605,93.81264500393218
2381,97.48663421531232,126.46618069225549,87.83805496409201,98.4349105581964,True,False,维持,0.5689655172413793,0.23275862068965517,0.19827586206896552,97.33375387629633,93.5624563202711,93.89606172726265
2382,95.30954286717743,124.35117587592255,87.72334001204794,98.20853776247492,True,False,维持,0.5,0.35344827586206895,0.14655172413793102,101.39669941870541,99.51841790849568,93.40871002268577
2383,89.75123273840637,130.64656374076608,87.74700301550209,98.94748386196218,True,True,缓和,0.45689655172413796,0.4482758620689655,0.09482758620689655,94.09461915088691,97.01707534533398,94.17183859678475
2384,87.52064973810765,114.83401854854708,85.65389945351556,95.99369496004356,False,False,缓和,0.5258620689655172,0.4482758620689655,0.02586206896551724,94.14525968996954,98.1543469772649,88.49355482098068
2385,94.36651179493572,112.80650799637556,87.72894979513872,98.73585773356481,False,False,维持,0.3275862068965517,0.5948275862068966,0.07758620689655173,102.91150882928062,92.73287997755048,103.85179754626299
2386,90.48614553635852,117.52860949305015,85.05984134693847,99.90157623924011,False,False,维持,0.27586206896551724,0.6120689655172413,0.11206896551724138,94.37458125024008,101.28290603466819,98.2903627134147
2387,85.18441439627443,110.61944576735429,85.18441439627443,93.17897460856996,False,False,缓和,0.7586206896551724,0.2413793103448276,0.0,102.92797957416252,89.30405449424681,88.56475927670083
2388,86.49021436144088,119.94366300114945,86.49021436144088,100.9518449942582,False,False,缓和,0.5172413793103449,0.3017241379310345,0.1810344827586207,105.84457212092128,96.14401433479397,101.8915973014134
2389,86.09987464691442,115.24987915330962,85.9849950467491,94.48500946492975,False,False,缓和,0.6982758620689655,0.27586206896551724,0.02586206896551724,93.76720764258968,92.52415104282179,90.57820449538404
2390,87.17309546467166,120.56974233155596,87.15221930541328,99.93713957455068,True,False,维持,0.45689655172413796,0.3448275862068966,0.19827586206896552,95.30546195813838,118.54297450862879,92.94116338983903
2391,88.62802821648302,127.45666041017992,88.36451639928045,100.40818218373822,True,False,缓和,0.5948275862068966,0.25,0.15517241379310345,106.89141478669119,102.87638437891307,92.01754555746221
2392,98.4666576646983,122.67754542218017,88.07245200556353,103.76589209639779,True,False,升级,0.3275862068965517,0.3793103448275862,0.29310344827586204,111.9361593932096,97.82178039141311,102.18465298025475
2393,90.1046833471006,108.12245298379753,88.82656681491589,96.48884453940524,False,False,缓和,0.6293103448275862,0.3103448275862069,0.0603448275862069,101.9437689779382,91.4583408833799,90.47899619092273
2394,91.26303582415365,117.01789970472898,84.86195178758237,95.4826875813214,False,False,缓和,0.6379310344827587,0.3017241379310345,0.0603448275862069,97.55856081817012,96.12841298566482,85.36305888647614
2395,100.92287333088683,111.72738920883455,87.92541481234775,96.69420191143162,False,False,缓和,0.5862068965517241,0.3017241379310345,0.11206896551724138,93.56929437470065,93.75049105392017,96.23357213553753
2396,90.59848968068178,111.31598816536791,85.64360966448808,97.39710052576861,False,False,维持,0.5689655172413793,0.3103448275862069,0.1206896551724138,93.22237353901741,94.76071312952621,91.82780332768004
2397,85.72676137181874,119.02683205065381,85.72676137181874,100.35625549838592,False,False,缓和,0.5086206896551724,0.19827586206896552,0.29310344827586204,93.14378829090893,104.40234462248507,91.08199319728084
2398,86.80587606737502,123.38293484171814,83.74195449191917,97.66692700864654,True,False,缓和,0.6379310344827587,0.23275862068965517,0.12931034482758622,103.91530226874964,92.70896060604761,89.95195273261724
2399,95.11059758451964,110.08514469486906,84.87439718813563,95.04518059397341,False,False,缓和,0.6293103448275862,0.28448275862068967,0.08620689655172414,91.60282621648223,93.04679095153936,95.22702316125041
2400,89.81414957796073,115.61703891891146,86.76334362941775,98.28678634583054,False,False,维持,0.5689655172413793,0.23275862068965517,0.19827586206896552,99.75748787417105,91.85744674075717,107.13845970630882
2401,87.93846133761207,113.24701721857741,86.24716310517917,95.09398148965144,False,False,缓和,0.7155172413793104,0.22413793103448276,0.0603448275862069,109.96046638115484,102.74840128082135,88.87033612251953
2402,89.7809590488655,114.44662287831372,88.30413268995139,100.09263469229188,False,False,维持,0.3017241379310345,0.5603448275862069,0.13793103448275862,97.90940489538693,104.13551736938152,96.8279739638248
2403,89.60897424824016,122.80642523203551,87.76042145643305,99.17738544160022,True,False,缓和,0.4482758620689655,0.41379310344827586,0.13793103448275862,112.56420899540625,92.61525747245241,93.3793674705462
2404,92.12996427606821,121.12455666514698,87.51346151275125,97.82466048710536,True,False,缓和,0.46551724137931033,0.46551724137931033,0.06896551724137931,97.18686024381567,96.61195586260861,89.46504015809548
2405,93.43686508558339,111.50096168831891,88.84416775369995,98.29328654671825,False,False,缓和,0.5172413793103449,0.3706896551724138,0.11206896551724138,101.52761189098625,93.07296216583079,90.24318180577981
2406,95.13919690057799,110.30958778659092,89.04373182288619,97.24205252880533,False,False,维持,0.5862068965517241,0.3448275862068966,0.06896551724137931,100.72341782184138,94.47345931456293,95.4236549654822
2407,89.88087139504808,120.02862283021858,88.50318492054375,100.2267724013478,True,False,缓和,0.4224137931034483,0.3706896551724138,0.20689655172413793,112.23042924147597,102.84111497400487,95.21106446252006
2408,85.01205096778727,112.7962525345575,85.01205096778727,99.25021825790509,False,False,缓和,0.4482758620689655,0.4051724137931034,0.14655172413793102,97.60485320185916,105.2819282641166,88.32252032608598
2409,91.50176407806389,108.64917568459344,87.66845354434233,95.55393258398452,False,False,缓和,0.6810344827586207,0.21551724137931033,0.10344827586206896,95.94374678818666,92.76116523128896,97.7753056467385
2410,86.75170222615257,120.86588719064375,85.37248951923188,99.08692475897446,True,False,维持,0.35344827586206895,0.5258620689655172,0.1206896551724138,94.85489753835562,100.40713438769156,96.57161575130927
2411,85.50082035580152,113.24137161936676,85.44781560678047,98.9001806116553,False,False,缓和,0.4482758620689655,0.3793103448275862,0.1724137931034483,108.85165284183938,103.1406831120922,95.83463490439645
2412,88.68399753355224,124.15119489763508,84.52294754429076,97.41643874797089,True,False,缓和,0.603448275862069,0.35344827586206895,0.04310344827586207,103.61637623073943,92.17173132555196,95.6367148605116
2413,98.25577176332261,115.63401965760735,86.16637869416036,97.94274747135827,False,False,维持,0.5086206896551724,0.3706896551724138,0.1206896551724138,95.47394255800373,92.91931679298253,95.71020252781827
2414,84.91361765727946,108.48102393357112,84.91361765727946,97.31430634396172,False,False,缓和,0.5862068965517241,0.29310344827586204,0.1206896551724138,100.05991798476613,100.53228860531301,99.53133957984575
2415,90.46649147216003,112.5122202974546,87.40058304923795,96.48742873227347,False,False,缓和,0.5086206896551724,0.3879310344827586,0.10344827586206896,99.45806927482613,96.78068621919864,91.58246128515255
2416,87.7110129545777,118.54317669509001,86.76404611826777,96.58755085774325,False,False,缓和,0.6982758620689655,0.21551724137931033,0.08620689655172414,112.6196839015627,95.02118142986144,90.54421537956027
2417,86.70066758618032,109.0197787942816,85.13229418677268,96.7853000111987,False,False,维持,0.5258620689655172,0.39655172413793105,0.07758620689655173,104.3323516183652,91.6460052026546,92.94897258323638
2418,87.10822983878688,117.94453619297387,86.73332242714095,97.08961157194894,False,False,缓和,0.6293103448275862,0.29310344827586204,0.07758620689655173,106.92889036747533,107.39753092516013,89.07476937056599
2419,103.0719134672495,122.57898299464395,86.22954396515986,100.31496288400784,True,False,维持,0.5603448275862069,0.1896551724137931,0.25,95.07742907808584,106.3277585077165,88.06710254531156
2420,90.342156530596,117.8387774504969,86.51538321783607,97.38465888664267,False,False,维持,0.45689655172413796,0.45689655172413796,0.08620689655172414,101.67856860489613,101.23464457826721,93.67800912276066
2421,94.4074688293664,110.10903322431083,88.3239683764877,94.86621816732135,False,False,升级,0.6982758620689655,0.28448275862068967,0.017241379310344827,91.57462224046304,91.17201434752681,97.71952092117596
2422,91.10028157461572,121.38867836716193,87.88544668484039,98.8427555037654,True,False,维持,0.4827586206896552,0.3706896551724138,0.14655172413793102,113.22987284414029,93.65945278318179,90.68024658460969
2423,86.2123878286626,107.4926311410108,86.19227092151777,94.09826203926538,False,False,缓和,0.7327586206896551,0.23275862068965517,0.034482758620689655,96.10186296917334,89.00754881688104,92.45269132621283
2424,88.48592010775626,110.00716513472592,86.3211594360721,94.56604710203922,False,False,缓和,0.6982758620689655,0.29310344827586204,0.008620689655172414,103.03712159987299,91.1179633136558,89.48278119795185
2425,94.99793160364135,119.90495975035019,88.29789335689851,98.3984038817655,False,False,维持,0.5086206896551724,0.3706896551724138,0.1206896551724138,103.53037055185776,91.78455003612181,103.41885072763962
2426,91.76966899539485,111.18870225621711,87.47858758545303,96.72061082987642,False,False,维持,0.5517241379310345,0.35344827586206895,0.09482758620689655,98.91712491545945,108.81940619186238,98.06935531564415
2427,88.57343488852601,115.93543742433823,86.52738214069107,98.31463897991843,False,False,缓和,0.5517241379310345,0.3017241379310345,0.14655172413793102,93.93036345736965,109.39853283061362,89.9472416910075
2428,90.15265844170187,120.86869179251485,84.80788216105087,97.67792201839669,True,False,缓和,0.5948275862068966,0.25,0.15517241379310345,117.67238986842133,93.06205937911587,87.77746635719768
2429,100.02509244219675,122.85536998492357,87.34495041643636,101.56213202949361,True,False,升级,0.31896551724137934,0.4396551724137931,0.2413793103448276,120.31581770146187,100.89877566008718,98.94459475690881
2430,95.49142152363233,125.84703446229571,86.86560932885115,100.15734077562169,True,False,维持,0.3879310344827586,0.45689655172413796,0.15517241379310345,93.7977483224686,101.8063990616129,99.54843177276946
2431,86.48044123941601,111.0806058718443,86.41125238266291,97.67938884737394,False,False,缓和,0.49137931034482757,0.39655172413793105,0.11206896551724138,98.17449548490414,98.66422276803198,89.66185980094885
2432,86.99252692951023,118.16716339616826,86.57016249824878,98.04807655538582,False,False,缓和,0.5086206896551724,0.3706896551724138,0.1206896551724138,101.04349485204798,93.25438998301972,95.6643653645395
2433,95.55321207701785,110.61454906888906,88.21214290436001,96.83192679106818,False,False,维持,0.5948275862068966,0.3017241379310345,0.10344827586206896,93.08059824854004,93.40284315725626,89.5933924486355
2434,92.3807101591048,124.35685294393146,87.50298187262821,100.56884227861123,True,False,缓和,0.3620689655172414,0.43103448275862066,0.20689655172413793,97.26249436606989,103.42056507976838,100.79961711890812
2435,91.58394206012092,118.58431939299452,86.72113749998756,100.04526289601421,False,False,维持,0.3620689655172414,0.5,0.13793103448275862,103.97124415797389,92.30013242794385,93.58727865147618
2436,93.84745616593746,115.04345222870577,91.87559812898265,102.2174996493854,False,False,缓和,0.3017241379310345,0.35344827586206895,0.3448275862068966,99.82295938889128,94.5111446489535,95.94329316864655
2437,86.57989357464481,114.75482861714234,86.57989357464481,97.54940326528559,False,False,缓和,0.49137931034482757,0.3275862068965517,0.1810344827586207,102.50901695554862,103.76312107998173,99.56934368374077
2438,93.28789305118634,112.69486731753386,87.66484460958544,98.56517968410037,False,False,升级,0.4396551724137931,0.4482758620689655,0.11206896551724138,96.41773273779066,96.31127663265768,96.44850379764735
2439,97.69924688103913,118.33722049932389,89.42309861212304,102.4924641160716,False,False,升级,0.3448275862068966,0.3448275862068966,0.3103448275862069,101.68067341939808,92.48798767819576,113.57066874577829
2440,104.46933315827958,121.4213986931139,87.3618468367702,103.14612841507387,True,False,升级,0.43103448275862066,0.31896551724137934,0.25,106.24488714198225,101.1454778092498,91.58873827362636
2441,99.88850922524456,121.75390636482548,89.55839020888438,100.90213311428604,True,False,缓和,0.3620689655172414,0.43103448275862066,0.20689655172413793,112.05636401749278,97.37550155034779,95.45453020674223
2442,92.51126607813278,112.83066647984512,86.39628405742792,98.43225263271869,False,False,缓和,0.4051724137931034,0.4827586206896552,0.11206896551724138,102.76652812046274,93.20885189754175,93.72276330941712
2443,87.3693308064203,129.09582800524586,87.3693308064203,100.77140718613734,True,False,缓和,0.43103448275862066,0.3793103448275862,0.1896551724137931,101.0748822239422,100.78861949242429,93.20718514880909
2444,93.90330333053247,130.7779828825844,89.10667923234486,102.5627984096103,True,True,维持,0.39655172413793105,0.33620689655172414,0.2672413793103448,110.22145256630972,92.77907387468451,94.90315436014188
2445,106.11235479872485,124.84832016654086,88.30102147422663,98.45454302296396,True,False,升级,0.5517241379310345,0.2672413793103448,0.1810344827586207,95.83693524638844,109.81204118189868,90.89830669558843
2446,88.9718400761183,116.49040214264967,88.5654910345553,99.19298826532196,False,False,缓和,0.47413793103448276,0.35344827586206895,0.1724137931034483,91.89360058526614,107.36466834345921,103.9218682461076
2447,87.67016198810782,120.8374436247158,86.62139013135578,98.55030967173515,True,False,缓和,0.5344827586206896,0.3103448275862069,0.15517241379310345,108.86536430793593,90.53559484630308,97.78288447006655
2448,84.58004969036556,117.19139827424023,84.58004969036556,97.51990242486835,False,False,缓和,0.5344827586206896,0.41379310344827586,0.05172413793103448,97.47888171484679,97.03387195505738,90.26880304553214
2449,86.45070194708177,112.00474708250255,85.75152652125492,97.061369339088,False,False,缓和,0.5344827586206896,0.3706896551724138,0.09482758620689655,109.84113609846737,101.40990510723744,95.39011201062166
2450,105.91945531583758,115.20654313393864,89.74633118579392,99.8643384823334,False,False,升级,0.43103448275862066,0.31896551724137934,0.25,97.44547163954799,98.33540183612446,91.21107449961721
2451,95.21116376373391,128.87738956442467,87.8695896368335,102.3592171187405,True,False,维持,0.4051724137931034,0.3017241379310345,0.29310344827586204,115.83266225697909,93.60599461898094,93.67327656616479
2452,93.71590206542157,122.02030014045776,88.90997026628769,98.76281894512245,True,False,缓和,0.3706896551724138,0.5172413793103449,0.11206896551724138,95.89562195398528,95.98386892687529,97.53530694344961
2453,94.48965957148135,126.40419918563563,87.75122420235748,102.97521859198763,True,False,缓和,0.4827586206896552,0.29310344827586204,0.22413793103448276,113.61508866472987,101.50440001202777,92.91816140323706
2454,88.47433650980491,117.88828287952015,87.97232237561435,99.21053019954356,False,False,缓和,0.5172413793103449,0.27586206896551724,0.20689655172413793,96.0105936605456,100.33854867458179,93.85994789344437
2455,90.92443524326916,116.35004449636499,86.24441135928889,97.64334368608537,False,False,升级,0.5603448275862069,0.29310344827586204,0.14655172413793102,98.50888495450599,95.01725265929767,89.5595442684218
2456,90.94028601797906,118.64310307029285,85.46523436380595,97.2865021175288,False,False,升级,0.5948275862068966,0.3017241379310345,0.10344827586206896,107.78006648915357,90.18128329635626,92.6612961016603
2457,99.85792924780287,109.34391028401112,86.67718561530783,95.33921743651234,False,False,升级,0.4827586206896552,0.4224137931034483,0.09482758620689655,92.91137125459062,90.46308795386683,94.8426004607472
2458,100.75878306540862,118.80027642789585,87.17444580079554,99.88113117325108,False,False,升级,0.4051724137931034,0.45689655172413796,0.13793103448275862,105.11412937842643,96.38372358923765,92.36272715493449
2459,87.95094570938855,133.55457759508533,87.71715152293014,99.73609176754618,True,True,缓和,0.5431034482758621,0.29310344827586204,0.16379310344827586,99.72719618625243,92.29575482991068,90.27384231702982
2460,85.47765344324364,112.73780069012898,84.99556483529231,96.41135218804894,False,False,缓和,0.6896551724137931,0.23275862068965517,0.07758620689655173,96.0500377219459,92.371357639617,99.26003176179512
2461,91.09261446163427,113.13749885363454,89.86973573345982,98.57900131374753,False,False,缓和,0.46551724137931033,0.3706896551724138,0.16379310344827586,94.94761956860499,95.99538602347519,99.46139330199603
2462,93.58051417226947,116.41504473131279,88.43974516609093,97.37383270261024,False,False,缓和,0.6120689655172413,0.2672413793103448,0.1206896551724138,96.93333944805875,98.41599539974196,89.97338796862098
2463,92.26424718257779,118.18469076069213,87.1742469533758,98.0838854381967,False,False,维持,0.5517241379310345,0.35344827586206895,0.09482758620689655,112.70004936930954,92.91470823297101,96.13049567593298
2464,86.39549046581809,121.49083029952111,85.14753365976607,98.20828975709797,True,False,缓和,0.49137931034482757,0.39655172413793105,0.11206896551724138,93.22122882984995,96.54364998096715,101.32056207365602
2465,91.60482887230366,115.19236079467431,88.77687301675618,100.60898439932858,False,False,缓和,0.4482758620689655,0.35344827586206895,0.19827586206896552,104.76037509225753,97.5520815540833,89.54083193473201
2466,91.13818146630071,109.79742358915307,84.25045823427665,94.9294791636714,False,False,维持,0.5948275862068966,0.3448275862068966,0.0603448275862069,95.99434469099353,98.22303232287095,101.47846628169522
2467,88.31914673228724,109.69265400684654,88.19302808597332,95.7972181723535,False,False,缓和,0.6379310344827587,0.25,0.11206896551724138,95.64491111560446,94.16824407472264,103.21855747190847
2468,97.05814504239306,112.85675671382744,90.05564539290195,98.54557311510398,False,False,维持,0.47413793103448276,0.3103448275862069,0.21551724137931033,91.68451949099368,94.76692950389051,90.071008544007
2469,85.85947550536582,116.47707695038095,85.7068661294731,96.82872325300484,False,False,缓和,0.6120689655172413,0.3017241379310345,0.08620689655172414,97.42337207932056,92.67432503552405,102.87736744742996
2470,89.2324682497293,118.70380980559536,89.00133302953616,99.06983511643227,False,False,缓和,0.6120689655172413,0.14655172413793102,0.2413793103448276,94.04689439502002,111.79133837825248,90.52816816815488
2471,89.54642111625488,114.9575088230276,87.38163255748715,100.20379223937115,False,False,维持,0.4482758620689655,0.3620689655172414,0.1896551724137931,112.36681364086095,106.45054356443764,88.08149525324181
2472,88.88432896242382,125.24938850123195,86.23268872517971,100.43673679675678,True,False,维持,0.4827586206896552,0.3448275862068966,0.1724137931034483,98.43746380976307,99.55696847543354,94.61519610336313
2473,89.41404213517191,115.8603131868851,87.65398005706105,99.46066905163565,False,False,维持,0.35344827586206895,0.5603448275862069,0.08620689655172414,105.63287915439798,103.6228630240057,97.67857892991064
2474,87.87310877816184,114.21466387395526,86.595402798772,96.37043416755574,False,False,缓和,0.7241379310344828,0.13793103448275862,0.13793103448275862,93.61058951394435,92.83206898320066,91.71715040767721
2475,100.48064309205344,115.86952031822386,91.03053432771833,100.9281310736207,False,False,缓和,0.3275862068965517,0.5517241379310345,0.1206896551724138,107.50993274772898,97.00878090631402,94.11282203883121
2476,89.36161982884784,109.27838374368113,88.46711082036983,95.629608481146,False,False,维持,0.5862068965517241,0.3620689655172414,0.05172413793103448,103.88879036236588,93.390239403414,94.85646955560146
2477,86.69528556605489,118.43608926755206,86.69528556605489,97.79985420552083,False,False,缓和,0.6206896551724138,0.25862068965517243,0.1206896551724138,97.01487167154109,91.0626572800672,93.93739883047036
2478,88.41097670596547,110.14417860104432,86.70728002825768,97.47772330055173,False,False,维持,0.49137931034482757,0.4224137931034483,0.08620689655172414,101.87353740654824,97.24609217525932,93.4735798627741
2479,86.80458574521847,112.57300860381288,86.73435098075018,95.83614951713844,False,False,缓和,0.6982758620689655,0.23275862068965517,0.06896551724137931,97.18816027520938,93.29175786135957,91.41652429144223
2480,87.9965013912521,114.91446256232365,87.87826707485412,97.00052112641039,False,False,缓和,0.5603448275862069,0.31896551724137934,0.1206896551724138,98.77294220722564,101.99325407438889,90.70812438289194
2481,87.9161471999396,125.98930678199795,87.9024481216601,101.62918677423632,True,False,缓和,0.3103448275862069,0.5086206896551724,0.1810344827586207,98.32167604371837,102.34377375573628,98.29503301936026
2482,91.13573876344114,115.11000001326018,87.53543785986467,99.36060106782783,False,False,维持,0.5517241379310345,0.25862068965517243,0.1896551724137931,113.59611609372737,91.19846145770956,89.65725227927106
2483,98.94973765765782,116.18871033626424,86.55545593123779,99.83960718135677,False,False,升级,0.39655172413793105,0.3706896551724138,0.23275862068965517,110.21549890253888,95.75803586938403,95.18415352720231
2484,90.98698295148994,108.6229042258809,88.45732828444797,97.9634130723401,False,False,缓和,0.5344827586206896,0.3706896551724138,0.09482758620689655,100.52424659002322,101.05514150638935,101.81102456811875
2485,86.5815428473687,112.43803706600187,85.80543420001293,95.35780214218785,False,False,缓和,0.7327586206896551,0.1810344827586207,0.08620689655172414,93.29737321019812,96.48621786577209,100.44471497890027
2486,89.50546420902177,120.09174835390355,89.06666314928171,100.047602751557,True,False,缓和,0.4224137931034483,0.3879310344827586,0.1896551724137931,107.72160683325288,96.80052754193794,90.71123153230339
2487,110.47205505638513,114.95113852264697,88.26354792919092,98.95762750395323,False,False,升级,0.5258620689655172,0.3017241379310345,0.1724137931034483,100.32383549701916,106.13792152835313,93.70883995232855
2488,86.8480193470812,110.06023602905302,85.94584539726559,97.98531353944149,False,False,维持,0.5086206896551724,0.3879310344827586,0.10344827586206896,102.25035263008486,100.43624763582626,95.58690426615863
2489,108.85450431870706,116.7996543498556,89.4060094375958,101.00165635247532,False,False,升级,0.27586206896551724,0.5172413793103449,0.20689655172413793,111.44567410929764,105.11822093615848,89.4060094375958
2490,85.11620582570781,110.30682602773929,84.42343780523329,97.29023303630711,False,False,缓和,0.49137931034482757,0.4051724137931034,0.10344827586206896,110.30682602773929,93.04730267950691,97.39537489997407
2491,100.34520158756892,114.85485550565258,91.11633243359785,101.67581282284031,False,False,缓和,0.3706896551724138,0.43103448275862066,0.19827586206896552,96.25152567579416,94.58573993695622,93.21796116028163
2492,87.04638112946647,124.43704043306758,84.25413290146167,100.20258305907095,True,False,维持,0.43103448275862066,0.3793103448275862,0.1896551724137931,120.6591707136513,94.9522757081621,102.7940730169864
2493,91.68985849036788,127.37756705047813,88.45546143612114,98.9790153065204,True,False,维持,0.4396551724137931,0.4482758620689655,0.11206896551724138,102.76136545200481,96.13417591033435,92.61859507803014
2494,96.93721790574384,107.94066382962157,87.90805482515306,97.25470944415014,False,False,维持,0.3275862068965517,0.5862068965517241,0.08620689655172414,105.82186762647845,93.30552054472078,93.98514344828142
2495,106.14237041190319,115.11742051919562,88.1209237044278,98.89642279255702,False,False,升级,0.3448275862068966,0.5,0.15517241379310345,106.46677999297242,97.37360617627229,95.23588280807097
2496,89.54971072273293,109.85328468672152,87.156013991143,96.35246384326152,False,False,缓和,0.5948275862068966,0.2672413793103448,0.13793103448275862,99.17091718776206,90.12839710454418,99.05157356734556
2497,87.7513520790589,123.81072650412918,87.7513520790589,100.1373687474989,True,False,缓和,0.3793103448275862,0.49137931034482757,0.12931034482758622,97.92888607403309,104.49888194900366,90.33598234889854
2498,89.00118569850406,120.73797925563541,85.61723199415772,98.18104355773418,True,False,缓和,0.603448275862069,0.28448275862068967,0.11206896551724138,98.11704098652335,90.15237329711195,89.95215411532216
2499,88.06215926494632,127.54345612170856,87.16626989430017,100.51713799831411,True,False,缓和,0.46551724137931033,0.3017241379310345,0.23275862068965517,109.73585494615122,94.50280283789293,88.42592767241338
2500,92.64747911649079,124.30661727122113,88.17181923619563,98.42540224276085,True,False,升级,0.5344827586206896,0.28448275862068967,0.1810344827586207,100.98751359179029,90.13506797364694,102.01145649170934
2501,96.20642429661191,123.75636569567516,88.06126943887153,98.5592397321742,True,False,维持,0.6293103448275862,0.13793103448275862,0.23275862068965517,92.83818695912188,91.97882615317086,97.62848639035629
2502,89.50118060006761,118.80660529378986,88.21574822995092,101.99825972220984,False,False,缓和,0.4482758620689655,0.28448275862068967,0.2672413793103448,101.96680830369007,107.30229204080449,98.6939248228305
2503,99.74296818998953,116.53778124269961,87.05011249619183,98.87359472462296,False,False,升级,0.5344827586206896,0.3103448275862069,0.15517241379310345,95.27252021085957,100.96711137922298,103.30459472812638
2504,93.21019488743845,112.11284609614098,85.53230499086904,93.92235177859888,False,False,维持,0.7155172413793104,0.27586206896551724,0.008620689655172414,95.02141525610573,92.4557180089919,90.25459305269581
2505,86.72094509520728,118.9850681021621,85.81031153239577,97.69899829970582,False,False,缓和,0.5948275862068966,0.29310344827586204,0.11206896551724138,96.50823765733321,101.98900127108325,87.55513099071194
2506,87.20838246054882,125.77158003268879,87.09343076746433,102.20712592027431,True,False,缓和,0.3103448275862069,0.5172413793103449,0.1724137931034483,123.10989080593329,94.83462170036404,90.50422988544112
2507,94.17229505119757,123.85928620953412,88.5370587031722,99.16949055484915,True,False,升级,0.41379310344827586,0.4051724137931034,0.1810344827586207,99.05114748337326,103.53994010512965,96.09064662958818
2508,91.67903620906725,116.08430800902516,88.25514518212522,100.4296225549403,False,False,缓和,0.49137931034482757,0.3103448275862069,0.19827586206896552,109.92852947633611,92.65540302638675,94.74862849215515
2509,88.44513724925889,116.85561330066373,83.97793237916208,96.76051321833638,False,False,缓和,0.6120689655172413,0.28448275862068967,0.10344827586206896,96.4155572402133,98.26609560997794,90.28332391598343
2510,86.62056244073241,111.78958685375554,85.89090857697367,93.75004429759994,False,False,缓和,0.7413793103448276,0.23275862068965517,0.02586206896551724,93.55570151480605,95.7048959141536,89.63572556334711
2511,89.50373367108689,112.10953454171808,89.50373367108689,100.17138965451299,False,False,缓和,0.4396551724137931,0.3793103448275862,0.1810344827586207,94.89717377433617,107.2562164773826,97.78889335220288
2512,99.7405102707816,120.27519145303619,91.63633315977235,100.22179874812504,True,False,升级,0.27586206896551724,0.5086206896551724,0.21551724137931033,95.7750692004179,96.05039766590096,99.64907168066507
2513,88.82410055371903,115.7823576328997,86.76789200968268,98.43409408558848,False,False,维持,0.5258620689655172,0.33620689655172414,0.13793103448275862,96.59699906883947,94.83091558267876,90.90577126114835
2514,90.7577201002113,131.05115374634173,86.36404136175064,102.48172101984832,True,True,缓和,0.2672413793103448,0.5862068965517241,0.14655172413793102,108.38946906211223,93.91921936812065,90.20898380551922
2515,87.00004919032247,115.58377587457264,86.90375982384643,99.4411674114898,False,False,维持,0.27586206896551724,0.6120689655172413,0.11206896551724138,100.92237124880546,103.93102087323201,91.73165042013713
2516,99.55397876833756,113.48349130474729,86.50640312178693,97.46316597766457,False,False,升级,0.5172413793103449,0.3275862068965517,0.15517241379310345,95.84332081653392,104.38922516148402,93.64575353307363
2517,101.38074739387865,112.19362271976298,83.98797932966751,96.37455253478203,False,False,升级,0.5517241379310345,0.35344827586206895,0.09482758620689655,100.59391289127025,92.04679610074434,88.3981848079099
2518,88.16460197449386,112.40140365882249,86.14192678330991,94.85781339514725,False,False,缓和,0.6637931034482759,0.3275862068965517,0.008620689655172414,92.59843933095145,89.77738537637913,92.25546436621063
2519,87.85595776561442,110.22885291995597,85.20396562169837,94.87752127567346,False,False,缓和,0.7758620689655172,0.19827586206896552,0.02586206896551724,97.5735396534583,91.31876210768596,99.34874787703862
2520,99.9677200360937,116.97411619993227,86.49293777593978,99.40433237140005,False,False,维持,0.4224137931034483,0.4396551724137931,0.13793103448275862,108.76993452557512,93.11877252912558,92.46277994351261
2521,88.01598116202518,118.5986069388221,87.6969752117581,98.6851478942243,False,False,缓和,0.5086206896551724,0.3448275862068966,0.14655172413793102,102.15466947793938,94.51170862308692,103.34013567117391
2522,85.24960948343734,112.7670689298241,83.83075467704265,97.33868897916476,False,False,缓和,0.6120689655172413,0.2413793103448276,0.14655172413793102,95.56012661186587,103.68426602957477,106.33769486942589
2523,87.46299344691867,117.3165621891943,86.56147469733396,98.26935089227108,False,False,缓和,0.5258620689655172,0.3103448275862069,0.16379310344827586,108.90349254216163,97.93425485874988,91.56920178635461
2524,87.3130883316264,116.25089509110857,87.13029897751824,98.21867806990905,False,False,缓和,0.5344827586206896,0.3103448275862069,0.15517241379310345,95.9346651189612,106.91082399905571,96.75959567866961
2525,90.69464444678079,114.02709410968265,86.97732757607446,97.26643287169513,False,False,缓和,0.6637931034482759,0.2413793103448276,0.09482758620689655,97.53086334868415,92.56665355665564,89.98019400091437
2526,85.45882274240023,126.59324114466726,85.45882274240023,101.68072366194494,True,False,缓和,0.33620689655172414,0.5086206896551724,0.15517241379310345,107.19072440349277,93.47617182296952,96.20237473055518
2527,87.0880755692685,114.08890638269068,87.0880755692685,98.80488042586465,False,False,缓和,0.5689655172413793,0.25,0.1810344827586207,93.71136378085552,103.0471814500949,95.70437391335658
2528,84.25311188857299,116.9032682726555,84.25311188857299,98.0340760931261,False,False,缓和,0.5172413793103449,0.35344827586206895,0.12931034482758622,95.54711867282829,95.41186572903797,99.01534236285202
2529,92.09409779817805,118.92544014379358,88.9128501544071,99.41908772699074,False,False,维持,0.39655172413793105,0.4827586206896552,0.1206896551724138,102.20953449246207,115.78943758080784,92.80562760508558
2530,89.32364531948303,134.02415987974456,86.22560529100687,105.89162082790507,True,True,维持,0.3706896551724138,0.23275862068965517,0.39655172413793105,103.73099442086082,104.29068989110138,103.4152407615354
2531,85.57987470540148,111.51492394132376,85.14286086040536,98.74952898143812,False,False,缓和,0.45689655172413796,0.33620689655172414,0.20689655172413793,92.90812187305791,107.48295323542233,109.48901220645858
2532,92.1773336467885,121.60022006554752,87.53869824579596,98.04711018520287,True,False,维持,0.4827586206896552,0.4482758620689655,0.06896551724137931,106.9373689596123,90.27267229187099,95.05771940791341
2533,88.80604522315397,123.48661413305241,87.81008151190883,100.03014783418666,True,False,缓和,0.47413793103448276,0.3620689655172414,0.16379310344827586,93.26066376917066,98.12377370458923,100.9536167206406
2534,98.21376882921086,115.94020222610294,90.73536681183118,101.36077163725511,False,False,升级,0.3103448275862069,0.46551724137931033,0.22413793103448276,93.93933284809974,114.31171302525357,92.80081919326267
2535,99.23797402637504,119.1254584206179,86.75781267814172,99.39969911258298,False,False,升级,0.4482758620689655,0.3448275862068966,0.20689655172413793,94.92198722951373,117.74330244817843,92.84814104395915
2536,88.53994378488113,122.13311971263276,87.40540118540056,99.57715167417341,True,False,缓和,0.5344827586206896,0.2672413793103448,0.19827586206896552,109.743405810247,94.350294172755,88.1948789309178
2537,92.30430804485476,121.80738657363081,87.6456040076212,98.66980601416307,True,False,维持,0.5603448275862069,0.28448275862068967,0.15517241379310345,102.7569872617337,93.45832070273981,93.51448354766993
2538,96.91319397995593,109.27224095069712,88.05668570040694,95.8638426141265,False,False,维持,0.6551724137931034,0.2413793103448276,0.10344827586206896,92.46215086459435,99.5303644920061,94.07535810449347
2539,93.6246396225907,114.19187903654809,86.24738537641541,97.08579887785616,False,False,维持,0.6206896551724138,0.28448275862068967,0.09482758620689655,93.89071899704598,103.1245221641512,91.37048706695256
2540,89.61868018877485,124.84823226100441,89.20935350706935,97.87838333658011,True,False,维持,0.7241379310344828,0.12931034482758622,0.14655172413793102,97.29281028095852,98.45061361745927,93.1340877000946
2541,93.42592094924782,121.6821753478973,88.64440680021325,99.01115378402964,True,False,缓和,0.49137931034482757,0.3620689655172414,0.14655172413793102,99.87445790271605,95.02528868828618,96.2783181576152
2542,99.82255167272808,116.26167668782331,85.4969735422228,97.73685304708157,False,False,升级,0.43103448275862066,0.4051724137931034,0.16379310344827586,92.6912461860452,99.8116155610203,94.87653916642236
2543,95.22464307042316,111.03806926516675,89.01732468271766,99.1484437861512,False,False,维持,0.5775862068965517,0.2672413793103448,0.15517241379310345,104.62392624319068,99.24633160016451,89.74740137856301
2544,90.49958175386631,118.52097562636771,85.52311401360048,97.6083956241342,False,False,缓和,0.5344827586206896,0.3706896551724138,0.09482758620689655,104.8826225286914,92.07194821603784,93.59615692019327
2545,92.01409214462475,114.86997002699876,87.81162568953593,97.30756327061117,False,False,维持,0.5344827586206896,0.3793103448275862,0.08620689655172414,95.85212272958147,93.43979365738971,95.92808806131896
2546,94.45600712240484,118.76705103844604,88.09209524710941,99.22710812848993,False,False,维持,0.39655172413793105,0.4827586206896552,0.1206896551724138,102.41810023018778,100.4701871159361,95.20710477757399
2547,86.39737295054458,114.45654680411855,86.39737295054458,101.12607589805673,False,False,缓和,0.3793103448275862,0.46551724137931033,0.15517241379310345,107.48658364714508,105.96619198076829,101.99608518718479
2548,91.55690873533317,111.4173068692117,85.33942999231415,98.66723476709294,False,False,维持,0.5086206896551724,0.3103448275862069,0.1810344827586207,94.30403237810907,102.03206906711199,91.29872819274152
2549,89.95965741514783,130.57597824357677,87.50933320209134,99.83422862390043,True,True,缓和,0.4482758620689655,0.4482758620689655,0.10344827586206896,112.26256055463061,94.6138984912471,91.87210105300018
2550,94.43411090804116,110.42204850235078,91.73886741790193,98.89445489173654,False,False,缓和,0.47413793103448276,0.33620689655172414,0.1896551724137931,95.00870851082705,94.46726555907604,96.8614249277377
2551,92.34735800901771,125.66177116290952,89.13580061556043,102.69584237292293,True,False,缓和,0.3879310344827586,0.43103448275862066,0.1810344827586207,120.44618969208311,91.84604816677158,103.47964439265202
2552,85.21441194862622,119.81476471862415,85.21441194862622,101.2730062267277,False,False,缓和,0.5086206896551724,0.28448275862068967,0.20689655172413793,108.58627212176523,94.243591808418,94.05549442692606
2553,103.36438299872931,117.51006437548891,92.37822539939238,101.46683938341792,False,False,升级,0.33620689655172414,0.4827586206896552,0.1810344827586207,107.89066066684217,100.5881986176562,97.83401948690529
2554,96.9485824430146,123.35533242536843,87.4186909073726,98.69655943608203,True,False,维持,0.5517241379310345,0.3017241379310345,0.14655172413793102,95.0633471296014,91.90920306757452,102.31869161546149
2555,87.90619213720754,121.97385247928246,86.57067480842119,97.91032212043027,True,False,缓和,0.6206896551724138,0.29310344827586204,0.08620689655172414,115.51318203138862,92.54646275897757,91.6019451201362
2556,95.84294045533004,125.5264023232239,87.88377084223667,96.74000368270389,True,False,维持,0.603448275862069,0.3017241379310345,0.09482758620689655,96.19701427079977,92.16128176593645,95.89827155071052
2557,86.65345183071727,133.41297076695258,86.65345183071727,103.48299734029209,True,True,缓和,0.5,0.23275862068965517,0.2672413793103448,129.87380328094136,105.26963224680297,90.50083505311022
2558,93.29903249188405,113.29869448052959,88.85699186334872,97.51361544215611,False,False,维持,0.3706896551724138,0.49137931034482757,0.13793103448275862,112.16474874971357,96.7707077884499,92.97066541015744
2559,89.17049956898363,122.79443770622905,87.19065728122096,100.59812941143961,True,False,缓和,0.31896551724137934,0.5258620689655172,0.15517241379310345,112.36010697379595,106.0613123344293,93.09993205694323
2560,87.82024738653261,114.4005940223746,87.09411165249995,97.52328728858562,False,False,缓和,0.5689655172413793,0.33620689655172414,0.09482758620689655,95.65651522022048,102.40229211702072,93.1596424884379
2561,90.16133332384432,116.15962404329937,84.32161072793127,95.94546183162393,False,False,缓和,0.7241379310344828,0.19827586206896552,0.07758620689655173,110.56787076039524,91.91603736349553,91.75659462755975
2562,89.13993021256573,114.63769910977163,87.93076692560903,99.26576212268067,False,False,维持,0.39655172413793105,0.3706896551724138,0.23275862068965517,105.62956651315716,98.96575277954986,101.5406214480177
2563,87.97535592340591,136.82129520036838,87.97535592340591,102.76228345653838,True,True,缓和,0.49137931034482757,0.23275862068965517,0.27586206896551724,118.99090086188684,92.21279808039073,90.91767277870687
2564,90.5110359263812,119.51130732555278,89.15077428168709,98.43257924835925,False,False,缓和,0.646551724137931,0.14655172413793102,0.20689655172413793,98.15159099582344,90.32325246189808,103.36096664356022
2565,86.45925865243404,110.09067820563,86.25736923361586,94.68882142760413,False,False,缓和,0.7068965517241379,0.22413793103448276,0.06896551724137931,93.0851603019309,90.93788515598109,96.22801907111567
2566,91.7029359839205,116.6831033861363,86.32975104425056,96.17599525713985,False,False,维持,0.5775862068965517,0.3017241379310345,0.1206896551724138,94.57788504423435,103.11084632618258,86.32975104425056
2567,94.03454120349998,118.82246871627717,88.27719756339725,101.24372274698624,False,False,维持,0.35344827586206895,0.4482758620689655,0.19827586206896552,116.97122009237734,98.50170048577189,98.79370786016077
2568,86.63842884974324,132.47637410049947,85.77953467409833,102.70394759173206,True,True,缓和,0.3706896551724138,0.3879310344827586,0.2413793103448276,121.73454074144512,112.62078829250324,101.97023965229272
2569,86.21882120765547,123.82918896018647,85.54071435072258,101.17660067477536,True,False,缓和,0.5086206896551724,0.2672413793103448,0.22413793103448276,117.97981207614042,116.27229379203378,87.34712707675848
2570,85.619003004175,117.39740094173386,85.619003004175,99.1462216208488,False,False,缓和,0.41379310344827586,0.43103448275862066,0.15517241379310345,110.7929174499384,108.4163231546518,91.92918579901513
2571,87.38894136682636,114.64986561964167,87.13254717857507,98.56871374348323,False,False,缓和,0.47413793103448276,0.39655172413793105,0.12931034482758622,101.11080588596059,109.88857514863315,92.60259657294336
2572,88.00447510344743,110.39954480975109,86.66782739536394,95.86504000073982,False,False,维持,0.6206896551724138,0.2672413793103448,0.11206896551724138,95.42939025249821,95.82228057100873,90.74571979522143
2573,87.24533493384365,118.04679050623902,86.70795964582298,100.16172279069652,False,False,维持,0.3879310344827586,0.47413793103448276,0.13793103448275862,102.13851594906872,100.65824022251536,94.1281065597764
2574,97.80315861221474,126.92244469101223,91.03238365486564,103.4676247618614,True,False,维持,0.29310344827586204,0.3448275862068966,0.3620689655172414,105.2892085357205,109.07397719081006,95.34782553800208
2575,108.04511733745808,116.97392612817193,87.06720682154116,100.66709418898543,False,False,升级,0.41379310344827586,0.3879310344827586,0.19827586206896552,102.29471339161007,101.61589496907703,106.43177442326987
2576,90.07444861303946,119.66014410106517,87.85741701615179,99.63069101302489,False,False,缓和,0.4224137931034483,0.3706896551724138,0.20689655172413793,119.66014410106517,105.32759629613327,96.87949098485001
2577,86.00841674116757,108.4579889658733,85.83022571315699,94.5259479632397,False,False,缓和,0.6206896551724138,0.35344827586206895,0.02586206896551724,102.58032378047274,93.54704954875496,89.07580775731088
2578,102.62190889471582,127.69264635440673,91.39056888052122,101.92472029306585,True,False,升级,0.29310344827586204,0.46551724137931033,0.2413793103448276,125.62249498676117,96.07824458808516,101.15142104193227
2579,86.57506528679616,112.09320510611565,85.41432884679307,96.28773381146405,False,False,缓和,0.5948275862068966,0.3706896551724138,0.034482758620689655,99.21902094053839,97.9444798695718,97.43940908619035
2580,108.95125848405065,110.17423048719269,87.2287247632759,96.16007398765586,False,False,升级,0.6206896551724138,0.28448275862068967,0.09482758620689655,94.7700582283345,89.79969094549907,88.73389908480068
2581,90.24648269582804,111.55694686391334,86.51117412521158,95.25017285222272,False,False,缓和,0.7155172413793104,0.22413793103448276,0.0603448275862069,93.7725867364686,96.14612636957501,94.32848237140055
2582,104.03455402997734,131.7731193314257,86.79871826480205,100.69414246842096,True,True,升级,0.5948275862068966,0.11206896551724138,0.29310344827586204,127.64742752988265,93.20761889196913,90.07954963469611
2583,89.30871719082998,116.44255744521814,89.00401132741285,97.79350589258073,False,False,缓和,0.5775862068965517,0.3275862068965517,0.09482758620689655,104.84682359955777,98.44215197878297,89.80597986944117
2584,90.70207108317491,112.95104554610336,83.9184360541672,96.74895001711053,False,False,维持,0.5344827586206896,0.35344827586206895,0.11206896551724138,98.31565545883663,92.71091442162862,91.68798196851094
2585,85.92923277542428,109.11117561608474,85.00551057890733,93.17271117231225,False,False,缓和,0.8706896551724138,0.10344827586206896,0.02586206896551724,95.75426759511748,91.30232916873052,92.72025221501504
2586,85.79323607536172,122.01019364109138,85.32600331365146,97.93748543977908,True,False,缓和,0.6120689655172413,0.23275862068965517,0.15517241379310345,102.8739591593229,98.08719579830152,93.86760181291889
2587,87.24652042510647,124.56765032152265,85.84188200510857,102.26705826094708,True,False,缓和,0.3017241379310345,0.45689655172413796,0.2413793103448276,105.12747481138236,101.93822841110405,100.59510642710163
2588,85.04504231053994,126.52565433093466,85.04504231053994,98.7217853008081,True,False,缓和,0.5775862068965517,0.22413793103448276,0.19827586206896552,94.71635889989828,118.37504690858998,95.27788419133896
2589,99.75566404382572,112.93569197614502,88.72759937366526,99.16065338076417,False,False,升级,0.5086206896551724,0.35344827586206895,0.13793103448275862,109.51642505570354,95.97227949635027,99.80928273125357
2590,84.48656724175356,109.52927622348889,84.48656724175356,94.66176034282101,False,False,缓和,0.7586206896551724,0.1724137931034483,0.06896551724137931,95.38327046242374,93.82520392305982,90.7226433474789
2591,91.39919816674892,113.81246521533348,89.03534015695755,98.35785593225062,False,False,维持,0.33620689655172414,0.5775862068965517,0.08620689655172414,98.40970971339016,92.79031159256279,99.20874284504842
2592,95.05283832697175,119.8181482694863,88.00244745373372,100.32242758114523,False,False,维持,0.47413793103448276,0.35344827586206895,0.1724137931034483,97.38000215811807,102.88666034584817,94.88938131037804
2593,86.63356470082785,119.74668852638479,86.63356470082785,103.94126283170935,False,False,缓和,0.2413793103448276,0.5,0.25862068965517243,103.21236829654764,99.83450710367885,96.14934681557656
2594,84.80869276316935,110.29512831075589,84.80869276316935,96.57396588084606,False,False,缓和,0.5517241379310345,0.41379310344827586,0.034482758620689655,100.34168479448732,94.97112285828169,92.59728337355895
2595,88.07175995177181,119.29636029291143,87.10048382802039,94.92021212911895,False,False,缓和,0.7155172413793104,0.20689655172413793,0.07758620689655173,92.90856807774921,92.5162461384271,97.09861870256242
2596,88.59748823259609,109.47187845402829,88.26001563384686,95.75393624759525,False,False,缓和,0.5862068965517241,0.3620689655172414,0.05172413793103448,93.29523407517577,97.2731940707431,90.80067810681508
2597,90.47042939429745,113.12737464913566,88.49742318730124,96.43170975030657,False,False,维持,0.5862068965517241,0.3879310344827586,0.02586206896551724,97.24831578237092,97.08182809602856,89.86353229934431
2598,89.05158943789569,124.81052522917007,84.33505990649623,101.15271474266001,True,False,缓和,0.5086206896551724,0.2413793103448276,0.25,111.58906615065902,92.67815539073865,99.46277196587883
2599,91.77023669127901,113.76466644251647,87.20195283641574,97.97460331248728,False,False,缓和,0.3879310344827586,0.5172413793103449,0.09482758620689655,100.2324549761572,92.72203489154744,91.93312865981719
2600,91.04357770527469,118.39284878424274,88.27561757728239,98.28288259770696,False,False,维持,0.5172413793103449,0.4051724137931034,0.07758620689655173,100.00670772285112,98.58556446912989,97.72886638824208
2601,89.9269663880835,118.3207899285732,87.87998745457945,98.83850109041991,False,False,缓和,0.5517241379310345,0.22413793103448276,0.22413793103448276,97.07770277703779,109.30959819453331,90.07923196465826
2602,90.4426269372801,115.60299131597877,87.46675682032416,98.21275846470168,False,False,缓和,0.5172413793103449,0.3706896551724138,0.11206896551724138,92.77797340316145,99.57245477602703,98.75230693832702
2603,87.29687374219473,113.14768734572219,85.94604227341792,98.20991011812127,False,False,缓和,0.603448275862069,0.27586206896551724,0.1206896551724138,100.621305487454,100.14223890668674,94.01939159414293
2604,88.24283619549948,125.19995511831175,88.24283619549948,102.05047648159845,True,False,缓和,0.3103448275862069,0.39655172413793105,0.29310344827586204,112.6726895940151,92.48437231005215,89.67319759768372
2605,94.9511454330085,122.39457830257322,87.9234159742295,98.53409407820091,True,False,维持,0.5344827586206896,0.3793103448275862,0.08620689655172414,112.3746162142902,102.69332322125433,92.1571146739614
2606,98.0473550190214,117.84399245975038,88.11941165093424,99.14150272787774,False,False,维持,0.5431034482758621,0.27586206896551724,0.1810344827586207,98.59377650633361,102.47232477944151,102.12007315508289
2607,88.47007762706353,130.15316639440314,87.53575681826962,99.53889638345365,True,True,缓和,0.49137931034482757,0.3706896551724138,0.13793103448275862,93.75599749569066,105.48528780336841,94.74838576665938
2608,88.26736842973241,120.97392038976237,88.10167146594567,101.0524612512942,True,False,缓和,0.41379310344827586,0.4051724137931034,0.1810344827586207,109.67732012811915,93.23541754866618,107.19880228054761
2609,96.12058288662722,111.86112955228187,88.77770233110759,95.94247377563607,False,False,升级,0.5344827586206896,0.3620689655172414,0.10344827586206896,94.9824119212536,89.902440850178,96.36314721013032
2610,85.99147695322723,134.48472189694712,85.82234052320646,100.74007070874435,True,True,缓和,0.5258620689655172,0.28448275862068967,0.1896551724137931,98.08276228742942,92.41956882873268,102.49287362445853
2611,87.90879718457144,121.28180637167365,86.81654276391444,99.54454135031973,True,False,缓和,0.5431034482758621,0.3103448275862069,0.14655172413793102,101.64776870731303,95.04236122168712,94.46012645875555
2612,88.47600912696139,113.74287767574836,86.29850340533916,97.47886391177312,False,False,维持,0.5431034482758621,0.3275862068965517,0.12931034482758622,99.15404875446646,105.28022535562796,96.96053341964861
2613,86.23219715030332,115.05716350228052,86.00889604682553,100.86155868351862,False,False,缓和,0.46551724137931033,0.3448275862068966,0.1896551724137931,100.66603042432352,107.85544595102273,97.80611878019367
2614,89.6742095938388,112.48146500489884,87.81702283490137,94.90514255539686,False,False,缓和,0.8017241379310345,0.15517241379310345,0.04310344827586207,97.09942067345105,93.49744385360816,90.21031006462508
2615,86.36558319649815,110.85871716112659,84.44346985912753,97.65403854499299,False,False,缓和,0.5603448275862069,0.29310344827586204,0.14655172413793102,94.75744834632044,94.5459189547647,106.87833161670311
2616,92.79138196649045,121.46375602758467,88.24396488342121,100.13941796077142,True,False,缓和,0.47413793103448276,0.3620689655172414,0.16379310344827586,96.96599178454498,92.51210450145284,90.66017572254243
2617,91.67525309688294,113.97886379039159,87.9774962350325,102.20169565772024,False,False,缓和,0.27586206896551724,0.4827586206896552,0.2413793103448276,109.49995252374863,104.16979556101832,112.64866951868335
2618,85.48723445328928,115.02526816084494,85.48723445328928,96.96247469980814,False,False,缓和,0.5258620689655172,0.39655172413793105,0.07758620689655173,98.25847157365575,96.60914326236598,88.9716235047478
2619,88.38421049521189,124.07878610757068,88.38421049521189,98.5173839565654,True,False,缓和,0.4224137931034483,0.5,0.07758620689655173,106.44056961334064,93.39836879492402,91.01677846444748
2620,85.46626060082926,110.98389075863048,85.46626060082926,96.71083180111079,False,False,缓和,0.46551724137931033,0.5,0.034482758620689655,94.67319051700518,97.04290948607532,94.37628022991635
2621,92.09010525205727,123.04087792990612,87.72308790299246,100.02919709669771,True,False,维持,0.5172413793103449,0.28448275862068967,0.19827586206896552,112.06918978121273,103.26663616788458,90.32954482716396
2622,95.00317781528709,118.86887656929807,88.11248344544195,99.88302626703407,False,False,缓和,0.3448275862068966,0.46551724137931033,0.1896551724137931,105.6222517788485,97.77476118040728,90.20765458890601
2623,88.93822442166527,116.89478472669556,88.93822442166527,97.69555270497406,False,False,缓和,0.5431034482758621,0.3448275862068966,0.11206896551724138,98.29670352675593,90.99279214940435,96.01691553433947
2624,88.83834024915356,128.22895370893872,88.00419644474944,103.84324072255066,True,False,缓和,0.3706896551724138,0.3017241379310345,0.3275862068965517,100.19486365059959,110.42912074707041,96.01739858553513
2625,90.620376459664,114.82791706162028,88.48477141676105,98.2833286182908,False,False,缓和,0.5948275862068966,0.23275862068965517,0.1724137931034483,93.72189593489244,105.64068976556918,89.49303082411382
2626,89.12949719084203,119.10354169066035,88.72865471285128,101.15359052411131,False,False,缓和,0.47413793103448276,0.31896551724137934,0.20689655172413793,109.62077464620963,91.61347257969577,103.08844123493901
2627,96.58347503790974,110.96964833791739,85.68269641436171,98.72914983766898,False,False,维持,0.47413793103448276,0.39655172413793105,0.12931034482758622,103.55246477544254,104.74033169879931,101.92129447771897
2628,91.40634150574202,114.03791224825893,85.82928166550876,98.51962574576781,False,False,维持,0.4482758620689655,0.47413793103448276,0.07758620689655173,111.89400207344168,91.93375831326777,98.24513729960485
2629,92.04748574726003,130.68064723725985,86.2932665316145,99.32629525300219,True,True,缓和,0.4051724137931034,0.3879310344827586,0.20689655172413793,95.84555911726403,94.951132678761,92.08985850333333
2630,90.50076081295553,120.7938464227625,87.01096465425056,99.08182941380018,True,False,缓和,0.5086206896551724,0.3275862068965517,0.16379310344827586,99.30762969569155,107.33323090401338,92.37166761072145
2631,108.79313968932787,122.12955061624044,84.90624893143912,98.12337435577088,True,False,升级,0.45689655172413796,0.33620689655172414,0.20689655172413793,95.39951618520818,92.67384817237064,94.3358222096983
2632,85.7332777716522,122.36512608657125,85.7332777716522,99.17266018699151,True,False,缓和,0.47413793103448276,0.4224137931034483,0.10344827586206896,100.22457695244812,100.17079014468005,89.83335945712481
2633,91.9102979981247,109.61195408880717,85.80125978631884,97.31636870044412,False,False,缓和,0.3793103448275862,0.5775862068965517,0.04310344827586207,102.77182697208458,96.41957955305762,86.9397978401901
2634,87.6308563093788,116.0996763469669,87.6308563093788,94.5231354846248,False,False,缓和,0.7758620689655172,0.1724137931034483,0.05172413793103448,97.97768226437232,90.42054859676531,94.50265025503772
2635,87.32135676543398,114.19027716955416,85.49312566201975,97.49250845430046,False,False,缓和,0.6379310344827587,0.23275862068965517,0.12931034482758622,94.65155726690335,108.11752323610732,94.27547988419016
2636,98.07941271066632,123.90581420218844,88.42926248833889,101.93481021136213,True,False,升级,0.45689655172413796,0.25862068965517243,0.28448275862068967,113.64168797128131,116.02375737853222,104.12883170446956
2637,90.28912793069932,110.9117516487636,88.39758687673567,95.37116045179529,False,False,升级,0.6637931034482759,0.27586206896551724,0.0603448275862069,92.73282868647307,100.26440842444805,89.65465460214153
2638,86.85904797091882,115.07516051080877,86.75311559302101,97.92360282543794,False,False,缓和,0.46551724137931033,0.46551724137931033,0.06896551724137931,104.77266302430345,98.6993528228497,92.08989473921397
2639,103.41652372857959,116.67196269070425,89.66575646420655,100.41520472050053,False,False,升级,0.4224137931034483,0.39655172413793105,0.1810344827586207,103.76852370340234,93.5390647665238,93.64539915693429
2640,87.51844148685264,120.16191296085935,86.73078422350164,97.12652545091834,True,False,缓和,0.6206896551724138,0.27586206896551724,0.10344827586206896,96.09337377882827,92.89482743376747,104.46567747117834
2641,97.73384041107373,131.47676090813988,88.35834529271192,105.13137414515664,True,True,维持,0.3017241379310345,0.3706896551724138,0.3275862068965517,111.58372946984878,95.12052194835854,99.16923125566734
2642,87.6478591152975,110.50745056065485,86.67452633752205,96.10148457274668,False,False,缓和,0.6896551724137931,0.21551724137931033,0.09482758620689655,93.473880966609,93.3892638450793,88.6496620820798
2643,92.40586782775519,114.39462530772087,89.95925357269633,97.97367682014038,False,False,维持,0.5517241379310345,0.25862068965517243,0.1896551724137931,90.77307134870539,91.39570001432648,106.2937372090391
2644,99.94013472581427,112.70672612417843,89.33592406760943,97.933162815232,False,False,升级,0.3879310344827586,0.4827586206896552,0.12931034482758622,91.24876066989054,95.68509979034046,98.11097611243154
2645,87.00317886288545,122.64629594121232,86.77596815234351,97.30744545121465,True,False,缓和,0.5689655172413793,0.3275862068965517,0.10344827586206896,97.9750308587914,112.35076807398663,94.78691226273436
2646,88.8606107473623,118.70168232010461,87.60350234752646,98.82785248950358,False,False,缓和,0.4051724137931034,0.5086206896551724,0.08620689655172414,103.31142310533771,94.15833305495224,98.39162716743209
2647,93.14340711112739,115.80629772426194,88.17281480087814,99.4579995977694,False,False,升级,0.46551724137931033,0.33620689655172414,0.19827586206896552,110.8941515570776,101.4414103588367,98.03013036781772
2648,87.50576496296314,122.09460756401093,87.50576496296314,100.00073939263578,True,False,维持,0.3793103448275862,0.4827586206896552,0.13793103448275862,106.69274959710589,97.88055417655751,92.35402528571841
2649,89.28895438659374,124.72351769215227,89.28895438659374,104.13094201032665,True,False,缓和,0.3275862068965517,0.39655172413793105,0.27586206896551724,105.59284940479837,108.4376120460462,96.44088063068094
2650,86.14799869643795,122.6970186525227,85.70438969048638,96.7584307288908,True,False,缓和,0.646551724137931,0.25,0.10344827586206896,111.92452541752084,93.26891337211751,88.86549060450528
2651,90.81574497477168,125.44924271123676,87.0399485129466,98.77489180318663,True,False,维持,0.5086206896551724,0.41379310344827586,0.07758620689655173,106.05554208378824,100.20292019962426,98.16431109216818
2652,87.68707877194349,114.40019185610231,87.63163197872794,98.54438132908757,False,False,缓和,0.5258620689655172,0.3448275862068966,0.12931034482758622,98.51313683493667,93.60459676168882,98.24499881286991
2653,86.87926046135689,121.07637097093684,86.87926046135689,99.62631222812757,True,False,缓和,0.4051724137931034,0.4224137931034483,0.1724137931034483,94.28948108941431,100.20625353398853,92.66635982102194
2654,91.44908546526096,123.90567317124565,86.5668158516307,98.1114669589126,True,False,维持,0.5,0.31896551724137934,0.1810344827586207,101.725937943714,89.37876931430283,87.24187296271732
2655,89.7976509271164,108.34283849297908,88.17972207441366,95.49470703230455,False,False,缓和,0.7068965517241379,0.21551724137931033,0.07758620689655173,102.5072815623374,89.96391995432516,91.72904964881023
2656,87.5679563803264,114.46394739035063,85.91940927496374,97.27425626215756,False,False,缓和,0.5862068965517241,0.25862068965517243,0.15517241379310345,99.89846928195496,92.89137858311786,92.95619551968055
2657,91.58471892210721,116.81976996143376,86.92099980251787,101.47899862013702,False,False,维持,0.3879310344827586,0.3706896551724138,0.2413793103448276,95.12098062485005,102.69057590200342,106.88776407873452
2658,92.04745182225872,125.67083836805557,86.34545825859283,102.49445466810275,True,False,维持,0.43103448275862066,0.3448275862068966,0.22413793103448276,109.48910862333149,108.63637144015053,91.30472229458076
2659,88.07063188648871,120.26315631419291,88.07063188648871,97.87939214516251,True,False,缓和,0.6206896551724138,0.29310344827586204,0.08620689655172414,97.96409445400289,94.99456125747865,93.89550995539773
2660,87.08530877071837,119.8447598784514,84.0282592717598,98.85069323191027,False,False,维持,0.46551724137931033,0.4051724137931034,0.12931034482758622,106.08673531634555,99.48370109187881,99.84168057262059
2661,94.21753236627511,125.57724857725243,89.24835184449891,99.61921927971036,True,False,升级,0.5431034482758621,0.25862068965517243,0.19827586206896552,108.80456760517224,93.35233989845071,105.17599623176538
2662,93.1415348370088,109.85025648882726,88.38067812783427,95.76206702939578,False,False,维持,0.6120689655172413,0.27586206896551724,0.11206896551724138,91.43708167882194,93.15620937117109,103.82689716570202
2663,93.92868066094358,118.13724079188228,89.84011703683079,99.78391942235974,False,False,升级,0.46551724137931033,0.3793103448275862,0.15517241379310345,114.17114982636,91.9652731261813,96.11221995073232
2664,88.04005150940874,108.85428675032021,87.83316844571652,96.69641569242219,False,False,缓和,0.5086206896551724,0.4482758620689655,0.04310344827586207,99.91554995918118,94.92710471059148,100.86929464528079
2665,89.41232618154716,118.78283153724165,88.91668245613204,97.48981802808697,False,False,缓和,0.49137931034482757,0.4051724137931034,0.10344827586206896,100.3265784901291,98.97252856305998,96.89389021903425
2666,88.75823833329365,110.98236538232855,85.45039496097013,97.15494364530225,False,False,缓和,0.5689655172413793,0.3879310344827586,0.04310344827586207,99.212885894146,102.43291292510956,89.43390169622838
2667,93.54311536053794,120.53262671163263,86.14733458190814,97.08113957188579,True,False,升级,0.5862068965517241,0.3448275862068966,0.06896551724137931,99.67503033967203,98.50284539795652,90.95795363502363
2668,97.99989759922776,114.56421093371613,91.52626624803477,100.94485384162634,False,False,升级,0.39655172413793105,0.3879310344827586,0.21551724137931033,114.56421093371613,92.17089541403021,103.28788426722369
2669,95.18317601631061,116.297681053869,90.32274795448953,99.94730467138056,False,False,维持,0.5431034482758621,0.2413793103448276,0.21551724137931033,92.42789448890404,105.4561521450485,90.49600220888767
2670,88.96982764176688,117.96893965634278,85.1792344029803,96.97654273687115,False,False,缓和,0.4396551724137931,0.5344827586206896,0.02586206896551724,98.42233592505717,94.11927033976282,96.1474817639426
2671,90.51782652075366,115.20065145507495,88.19309839441716,99.99259475153627,False,False,缓和,0.5431034482758621,0.23275862068965517,0.22413793103448276,95.54703515532636,103.3459802869342,88.19309839441716
2672,86.82629707237274,133.67718235747117,86.4207458250821,100.29035583443218,True,True,缓和,0.4827586206896552,0.3879310344827586,0.12931034482758622,105.30341490050178,100.6426580350826,90.50170157428798
2673,88.7072691741532,130.90486526866957,85.53586994854157,103.08997599025265,True,True,维持,0.3275862068965517,0.3879310344827586,0.28448275862068967,104.47031345244564,111.04690412178695,94.53909505281815
2674,98.35655459470347,117.52891502439995,86.8363769233437,101.28022558089536,False,False,升级,0.41379310344827586,0.3793103448275862,0.20689655172413793,115.01309363852431,97.02485211239964,93.1082927980749
2675,90.39260901513643,127.6558662824841,87.70516462736956,97.54174275890774,True,False,维持,0.5258620689655172,0.3448275862068966,0.12931034482758622,107.24663513764366,89.99018998056347,95.56761260038814
2676,84.08679674686496,130.7202870850091,84.08679674686496,98.4958885098999,True,True,缓和,0.5086206896551724,0.3448275862068966,0.14655172413793102,100.31529643254935,89.6101845657664,92.14845511110929
2677,90.97711705094447,117.6557128501809,86.00611458243577,99.49343268350545,False,False,缓和,0.4827586206896552,0.3448275862068966,0.1724137931034483,92.77770528326083,94.24248238154779,95.23350834128142
2678,88.37320133040117,109.65459100531277,86.63639278663344,95.15645953707215,False,False,维持,0.6551724137931034,0.3103448275862069,0.034482758620689655,93.053237282767,101.7567954776648,89.59134796317248
2679,94.2280878005758,116.56840874341428,85.26816133788488,96.49969479339534,False,False,缓和,0.5862068965517241,0.33620689655172414,0.07758620689655173,108.32963508039899,96.45752416875565,89.13954829592774
2680,102.91315441723876,111.6802219504026,90.32527451476884,98.15009114616973,False,False,升级,0.5517241379310345,0.28448275862068967,0.16379310344827586,96.46953846904898,93.08468514588941,91.85362168715278
2681,89.87469629032391,112.62501092721263,88.88515960803745,97.67961997141025,False,False,维持,0.5862068965517241,0.25862068965517243,0.15517241379310345,95.24243607189743,93.69380214639926,94.64476334074722
2682,95.30946233062524,120.06665867110225,85.71382814655433,99.81758770320349,True,False,维持,0.41379310344827586,0.43103448275862066,0.15517241379310345,107.16237643658738,98.09851377510533,92.44884317712427
2683,88.29492994008278,114.45690078169851,87.17329785349754,96.99384767888306,False,False,维持,0.6379310344827587,0.22413793103448276,0.13793103448275862,95.3340982946176,101.52714450603722,92.39507877762742
2684,100.55655094805601,119.44239120157079,92.58860726938599,100.84355424353467,False,False,升级,0.4224137931034483,0.3017241379310345,0.27586206896551724,93.12949340722477,99.58040408070613,103.14030280660509
2685,89.59224186883978,122.89347938912441,87.1960837793404,101.15941115524787,True,False,维持,0.41379310344827586,0.4396551724137931,0.14655172413793102,113.59405358201613,97.31584124478513,93.82827911856485
2686,86.99271451706436,120.41166038769884,85.18424634914591,99.54913869474728,True,False,缓和,0.603448275862069,0.20689655172413793,0.1896551724137931,110.22666483009878,102.88606124892314,100.61665035010458
2687,86.02254580933685,122.5690323701405,86.02254580933685,99.63938984040671,True,False,缓和,0.5344827586206896,0.29310344827586204,0.1724137931034483,101.87890101968023,100.78106420717675,97.10471731980014
2688,88.0278094442106,119.63491020090272,88.0278094442106,101.61520155729467,False,False,缓和,0.4051724137931034,0.43103448275862066,0.16379310344827586,105.62189623356913,92.77776725757002,116.15802114785639
2689,83.78413549634891,116.17157533670685,83.39957703288215,98.43130769575663,False,False,缓和,0.5086206896551724,0.39655172413793105,0.09482758620689655,105.50258542728659,99.68535476697095,98.3842895584569
2690,103.12425188925657,108.70047116589944,86.91558706371924,96.65749818788703,False,False,缓和,0.5517241379310345,0.3706896551724138,0.07758620689655173,100.94561670252982,92.00061443578646,92.47940378167672
2691,90.30579910401407,130.0326706045237,90.24525669582361,103.10741468948473,True,True,维持,0.43103448275862066,0.27586206896551724,0.29310344827586204,122.2228565906856,97.69531153444314,94.733779583723
2692,87.54563194290498,121.06342653216433,86.386921211203,97.24078101262093,True,False,缓和,0.6896551724137931,0.19827586206896552,0.11206896551724138,108.03971270530809,94.36164995464101,97.82154155715615
2693,92.92534883765768,109.17294018040099,87.39279124897698,95.52040145643706,False,False,升级,0.6551724137931034,0.23275862068965517,0.11206896551724138,95.20051877368823,95.22908619932944,101.04643514997343
2694,86.8833037794146,123.92889056386781,86.47841219828501,100.73659395244003,True,False,缓和,0.5344827586206896,0.21551724137931033,0.25,111.40279010976123,112.43324211629675,88.47228301376671
2695,86.43112815628079,125.36464308401341,84.940074416942,98.89149547777672,True,False,缓和,0.5603448275862069,0.3103448275862069,0.12931034482758622,114.38170083510757,97.09992092995654,88.27468401451827
2696,89.35292699735926,124.58198550976522,85.099465380589,98.95484424410108,True,False,维持,0.5,0.4051724137931034,0.09482758620689655,112.93838085921688,93.16441410079725,93.54600773196869
2697,90.4072788846435,113.84097637472236,87.84561552612266,97.61907397726159,False,False,缓和,0.5172413793103449,0.39655172413793105,0.08620689655172414,108.37378097817715,93.39906694383943,96.05103387011295
2698,106.95621690662993,120.69726176206309,86.66895531742685,97.85592707393961,True,False,升级,0.4482758620689655,0.4051724137931034,0.14655172413793102,93.85362385475513,98.87111195547654,100.04305883066203
2699,96.71077157858207,112.44488625069293,86.84065510601245,98.47046540941804,False,False,升级,0.4827586206896552,0.3879310344827586,0.12931034482758622,97.55252465523914,90.99442458106545,94.38798699823965
2700,94.09987198202461,115.75732996859043,92.66441894130662,102.50334937874472,False,False,维持,0.1896551724137931,0.6120689655172413,0.19827586206896552,102.05424820869318,104.04885807466877,105.41138620393797
2701,95.14940022809255,123.00576084728756,89.55048502325792,99.74202902683375,True,False,维持,0.5689655172413793,0.2413793103448276,0.1896551724137931,96.87245828897353,94.46843806286161,89.90088495830776
2702,90.94369866626688,114.16678590192174,85.93693494371679,98.4682738271778,False,False,维持,0.49137931034482757,0.3706896551724138,0.13793103448275862,99.8329170260854,92.43476796859701,100.63438970801825
2703,103.24014284588094,120.33233218182433,87.83673748090551,100.94490312766855,True,False,维持,0.3706896551724138,0.4482758620689655,0.1810344827586207,99.63572629037697,99.68944356115496,101.77606392619684
2704,92.86588809472039,113.70474503706038,89.50724282896797,98.66109022577011,False,False,缓和,0.4396551724137931,0.43103448275862066,0.12931034482758622,93.61232066551663,92.77803072526393,93.00627020065247
2705,91.32254370594121,112.05874759714158,90.81659264899993,99.62948480211418,False,False,缓和,0.45689655172413796,0.41379310344827586,0.12931034482758622,92.78117253485038,104.36730921978611,93.93345980977722
2706,91.73923767656201,120.39073854044216,88.15898071097295,98.51433071375864,True,False,缓和,0.5603448275862069,0.23275862068965517,0.20689655172413793,95.50952601790809,103.49923909451327,90.08144689574173
2707,92.12223216268444,128.11538470506946,87.76999376065224,99.76855738451151,True,False,维持,0.39655172413793105,0.49137931034482757,0.11206896551724138,97.95176764142309,103.64569477155077,91.61797130171482
2708,95.20377812970217,128.9379301894024,88.43144772411317,101.72961268341295,True,False,缓和,0.3620689655172414,0.4482758620689655,0.1896551724137931,101.70134870815092,99.77713159599703,88.93834027446951
2709,91.32218975610955,124.45360767205449,89.02902488856247,97.77233375841928,True,False,缓和,0.6379310344827587,0.1896551724137931,0.1724137931034483,96.16781354941695,89.37436825462544,96.92479101960527
2710,84.94549398463104,116.7545378954721,84.94549398463104,99.9531548298485,False,False,缓和,0.4482758620689655,0.33620689655172414,0.21551724137931033,94.97449441171541,95.3305867851723,92.71231117366007
2711,86.11670472060663,123.23014774064883,84.88588702178106,98.05776470240554,True,False,缓和,0.47413793103448276,0.4224137931034483,0.10344827586206896,117.54017072413613,95.03634997708357,93.25145589134294
2712,87.42000845122978,112.77282731952349,86.74453075672474,96.7411086264884,False,False,缓和,0.5948275862068966,0.28448275862068967,0.1206896551724138,100.06291142003569,108.14619181394073,91.98189136239773
2713,92.12958628435373,116.34637020709101,88.58986256874866,100.2107249318866,False,False,维持,0.4827586206896552,0.3448275862068966,0.1724137931034483,96.42938110651049,98.12470862185037,111.40584774676643
2714,88.4108302119507,118.82985855952634,88.02595117565771,100.513206865217,False,False,缓和,0.45689655172413796,0.3793103448275862,0.16379310344827586,104.72923584368534,99.4406941569013,92.58449636552919
2715,87.33109815975477,113.916879465297,87.33109815975477,100.80519801112037,False,False,缓和,0.3706896551724138,0.4224137931034483,0.20689655172413793,108.12866604491579,96.74999094193623,92.05341057978305
2716,99.40599161928417,120.81815372150398,87.44991273856178,99.70470478179432,True,False,升级,0.47413793103448276,0.3017241379310345,0.22413793103448276,120.68469684927693,96.72598469015291,92.7705393917294
2717,104.9632208013446,123.55801405135743,92.34609774899117,106.37543903365497,True,False,升级,0.16379310344827586,0.46551724137931033,0.3706896551724138,117.35764239728817,104.92057979429364,104.3150156628078
2718,101.0041282106341,125.32937296554441,89.70261932784096,104.1008170372537,True,False,升级,0.25,0.41379310344827586,0.33620689655172414,97.86025992339191,106.1787237967787,99.28539407356628
2719,87.67760773369481,125.84294857513882,86.35759107471732,98.51175531576338,True,False,维持,0.43103448275862066,0.4827586206896552,0.08620689655172414,97.0690839378837,96.69181354035273,97.88454952942368
2720,87.3468066878349,113.62516866664659,87.3468066878349,96.66530078150598,False,False,缓和,0.5689655172413793,0.3706896551724138,0.0603448275862069,94.07366996787212,93.73791857080096,99.97846998588079
2721,88.86566547436045,109.01890676221731,87.98967653084286,98.26133166111111,False,False,缓和,0.5344827586206896,0.31896551724137934,0.14655172413793102,97.6077323930856,98.57138699651122,102.98442133335158
2722,88.50216673645053,114.20149635358916,87.10678846790371,97.30236610801043,False,False,维持,0.5948275862068966,0.3275862068965517,0.07758620689655173,108.05465017702745,92.52319427218816,99.01817947644555
2723,93.24177112512693,113.31547013207476,85.56320879416232,95.88100323065696,False,False,缓和,0.6810344827586207,0.22413793103448276,0.09482758620689655,99.64076344384482,93.62806137664775,91.15726156365508
2724,95.52580357731712,108.6699780931032,85.44286691403477,94.84718417956064,False,False,缓和,0.7758620689655172,0.13793103448275862,0.08620689655172414,94.20201195443686,91.8148043735926,95.25188857330164
2725,87.71656314803528,126.8970557895002,87.58615038282474,100.15476273399413,True,False,缓和,0.39655172413793105,0.5172413793103449,0.08620689655172414,112.64646713413471,94.62277449158242,88.30006098496739
2726,96.67369603188399,121.70451653046813,89.41667919125436,101.64217812494776,True,False,缓和,0.3017241379310345,0.45689655172413796,0.2413793103448276,113.51810006207695,99.06632613501837,99.22252609133237
2727,91.85491127307192,115.58433486968408,87.52106973445498,98.29938232076144,False,False,缓和,0.5775862068965517,0.27586206896551724,0.14655172413793102,95.53206991876353,89.99910525735716,91.35003296121901
2728,90.72598878047913,115.84060206901283,88.50261554219527,97.86528777456542,False,False,缓和,0.6637931034482759,0.22413793103448276,0.11206896551724138,102.1926514110464,109.59809834118806,90.90810692228914
2729,88.24360817281747,119.61545536605067,85.63064783004248,98.8609942551816,False,False,缓和,0.5431034482758621,0.28448275862068967,0.1724137931034483,94.74406029614188,108.99211985180106,89.3847486633167
2730,94.82389997475588,125.34201826980483,87.56162151093045,101.92889383612444,True,False,缓和,0.4224137931034483,0.31896551724137934,0.25862068965517243,100.61460061461052,93.61029754686265,109.62243673215308
2731,98.16626163744961,119.4333529018483,89.78559582427465,99.4038829980853,False,False,升级,0.4482758620689655,0.33620689655172414,0.21551724137931033,98.35833233042027,94.19780724359477,92.65682009918118
2732,95.61142196733232,113.66460548247953,87.02055988876188,97.48186171158859,False,False,维持,0.5086206896551724,0.39655172413793105,0.09482758620689655,99.761348358578,91.06820971875186,87.91813455637937
2733,91.32295032919436,123.252180123397,89.01804218922943,101.96336281718442,True,False,维持,0.2672413793103448,0.5172413793103449,0.21551724137931033,91.01116130986718,115.3097487162468,97.92760042099515
2734,92.56310248138598,112.35822198154509,88.23531089948885,98.95786513886212,False,False,缓和,0.47413793103448276,0.3879310344827586,0.13793103448275862,95.54524237170136,103.2381921412883,92.31319982536775
2735,90.03686813170026,132.63030298842165,89.87345624237103,101.10906398404794,True,True,缓和,0.5517241379310345,0.16379310344827586,0.28448275862068967,100.4862767873326,92.15054296127224,95.8410266813951
2736,88.95176501381466,123.72980279662335,88.73746546321362,99.75157103938314,True,False,缓和,0.46551724137931033,0.3879310344827586,0.14655172413793102,97.68887952043066,91.48706856117664,102.72061286437824
2737,88.23673072789057,116.19740015487132,88.23673072789057,98.06187635327379,False,False,缓和,0.5258620689655172,0.3275862068965517,0.14655172413793102,99.49730317829162,91.18901519944016,111.09338213680039
2738,87.5179077066236,134.8469900672766,87.49727618373537,104.0637769433602,True,True,缓和,0.31896551724137934,0.4396551724137931,0.2413793103448276,104.86730103919457,104.03401992767431,91.32119829983108
2739,101.08950544042494,111.74592232100784,87.4252384148996,97.37163833702024,False,False,升级,0.6120689655172413,0.3017241379310345,0.08620689655172414,96.3853916056131,99.90937956224288,91.1220160063728
2740,97.65323863797364,116.4624985222144,87.38216765343564,99.21116260362203,False,False,维持,0.4827586206896552,0.3275862068965517,0.1896551724137931,96.13567386864642,107.43849813716093,87.50372078401463
2741,100.73229582613347,117.13030551321405,86.26159396644438,96.80357788975263,False,False,维持,0.6637931034482759,0.19827586206896552,0.13793103448275862,97.30480717200157,93.1855865418704,95.08720708681007
2742,94.88842058197497,127.11465279818596,88.84251537556676,100.84413765059463,True,False,维持,0.4827586206896552,0.33620689655172414,0.1810344827586207,104.0283329358716,96.60612718039629,92.41781735577551
2743,88.17456513484292,112.60936805525556,85.45317903118296,96.11839484476747,False,False,维持,0.5775862068965517,0.2672413793103448,0.15517241379310345,91.20526805759101,105.25357512608271,95.19978378806236
2744,96.12972151897763,115.04932310259595,89.12085636011979,97.50563027154169,False,False,维持,0.5431034482758621,0.33620689655172414,0.1206896551724138,93.42376269590652,100.15686609151447,91.82192054796637
2745,96.32745837460249,119.5219378816656,88.98044923408455,99.85304384234601,False,False,维持,0.2413793103448276,0.5948275862068966,0.16379310344827586,98.07479744766306,101.4281679293115,97.43739489138694
2746,97.75058496686287,111.50388664738885,86.62479808483104,97.84270783150805,False,False,升级,0.6120689655172413,0.2672413793103448,0.1206896551724138,107.48050851968013,94.16172649015249,96.03115669874892
2747,97.49400088405052,114.08981372172082,91.22478994092609,101.2271762097856,False,False,维持,0.5,0.22413793103448276,0.27586206896551724,100.50846502070111,100.91977535720657,110.6348453751974
2748,89.62785443389242,114.16128721440114,87.46266549081284,97.72064699443007,False,False,缓和,0.6120689655172413,0.21551724137931033,0.1724137931034483,97.99948867290816,93.59416483042307,113.66470773448118
2749,84.2560096765989,119.69910550991816,84.2560096765989,96.85316786803907,False,False,缓和,0.6810344827586207,0.20689655172413793,0.11206896551724138,104.42799844387933,96.95339757169181,92.2095892334857
2750,90.36221033709045,120.90215079275848,85.47518579455898,100.67214168695803,True,False,维持,0.39655172413793105,0.41379310344827586,0.1896551724137931,114.39049452054586,111.00162550064128,94.92864942509578
2751,103.0344444573717,116.04747015664074,90.08571591431246,98.33189632585128,False,False,升级,0.49137931034482757,0.31896551724137934,0.1896551724137931,94.35121190226299,94.55419881157884,91.37320474858204
2752,90.0471604418456,122.90505680404084,90.0471604418456,104.06093973566341,True,False,缓和,0.3793103448275862,0.31896551724137934,0.3017241379310345,109.0876517086339,105.28499389535442,96.02971923840096
2753,87.17960281202316,124.75996373610049,86.53592320978338,98.82266726195698,True,False,缓和,0.603448275862069,0.25862068965517243,0.13793103448275862,105.14908497730558,92.18789305383314,100.96664115373835
2754,88.7175376621023,112.68040342363675,88.69217860409964,97.7970251063797,False,False,缓和,0.6724137931034483,0.1896551724137931,0.13793103448275862,107.63858621184332,90.61511957454633,94.0564922136956
2755,88.94533373980029,115.80823522350595,87.45764262830546,99.50075022986151,False,False,缓和,0.3879310344827586,0.49137931034482757,0.1206896551724138,104.65392897736743,107.19989431569186,108.48800810738716
2756,87.66684787045938,113.68964900916359,87.60545580804695,98.4422837432331,False,False,缓和,0.5258620689655172,0.3706896551724138,0.10344827586206896,93.140300526117,99.61455618508747,96.68475300222363
2757,95.09922246846237,122.97488965285856,89.44897154413945,101.09536340842115,True,False,维持,0.3275862068965517,0.49137931034482757,0.1810344827586207,102.84625005605068,96.11244157228201,92.11102188477395
2758,90.49381475174417,114.78688047253016,89.89471231467486,99.30153859098701,False,False,缓和,0.43103448275862066,0.4396551724137931,0.12931034482758622,101.63421379710492,96.81184099313799,89.89471231467486
2759,96.68519500773746,125.25007144249884,87.0466960826201,102.03206534456736,True,False,升级,0.3275862068965517,0.4482758620689655,0.22413793103448276,118.1486136419996,106.98268101076032,91.99168394506138
2760,90.3708883483328,117.97974257796204,88.66395463636384,97.73819697263764,False,False,缓和,0.5775862068965517,0.27586206896551724,0.14655172413793102,95.60470386794375,104.45155139447607,101.8813251983936
2761,92.82670034397168,112.99801277885061,86.13735562858393,98.15606009397673,False,False,缓和,0.3793103448275862,0.49137931034482757,0.12931034482758622,95.04816061943458,102.3115788931624,91.94715339338707
2762,91.11172422588821,127.6515301157515,86.9020275774289,98.28298689491788,True,False,维持,0.5948275862068966,0.2413793103448276,0.16379310344827586,96.42722894821333,99.38930557871802,94.051716991283
2763,85.05771579491984,116.32938289423478,85.05771579491984,96.32077435386782,False,False,缓和,0.6379310344827587,0.3448275862068966,0.017241379310344827,104.28249341378691,92.92955797717485,89.53359985753424
2764,101.64434606439538,112.30778950665096,90.13788475702124,100.6169227905041,False,False,缓和,0.27586206896551724,0.5258620689655172,0.19827586206896552,101.24251405290957,98.5945396756473,97.95103400802068
2765,93.0332348838944,115.87071857526712,86.52378656017409,96.68723215756624,False,False,升级,0.41379310344827586,0.5,0.08620689655172414,91.76222928849933,98.86689783539825,98.25734749531291
2766,84.54321405578072,121.65912337204789,84.0661286572671,99.62710903292954,True,False,缓和,0.49137931034482757,0.3103448275862069,0.19827586206896552,112.94552302459994,102.40383349335728,100.32929208377895
2767,90.49638124967646,116.72471438900321,87.80529495264108,100.51391864055779,False,False,缓和,0.43103448275862066,0.3793103448275862,0.1896551724137931,99.08319474028436,98.24081742157728,103.73287050204438
2768,99.84413166370388,111.5135001481191,86.22783860374079,96.14208875141976,False,False,升级,0.6551724137931034,0.28448275862068967,0.0603448275862069,92.89527807469054,93.90359748504976,97.53217801137583
2769,96.99720009486634,116.23610228194853,84.77867297453301,96.51234679125905,False,False,升级,0.6120689655172413,0.28448275862068967,0.10344827586206896,109.14585865600647,91.85894400071304,95.35277550072851
2770,88.18633599623354,109.69568218041675,88.0011248075001,96.52672603939371,False,False,缓和,0.6120689655172413,0.3017241379310345,0.08620689655172414,95.95488557519427,102.37936351133092,94.13920405889101
2771,90.86659126214488,111.07274840139635,87.62899250330663,99.61880645731414,False,False,维持,0.3793103448275862,0.45689655172413796,0.16379310344827586,100.90363874582266,98.92925753932123,96.68530676532279
2772,104.62057040130338,112.92417674893845,88.38159259569335,96.87396211065253,False,False,维持,0.5431034482758621,0.3620689655172414,0.09482758620689655,100.71815673169753,88.76965898498395,93.87143037287761
2773,86.28769936240442,115.24834178134797,86.28769936240442,98.41869608731925,False,False,缓和,0.5689655172413793,0.25,0.1810344827586207,100.6352973689621,92.46823775833886,105.5920533988367
2774,90.16726626745334,113.26327436061341,85.46305634053415,97.42826906852538,False,False,升级,0.49137931034482757,0.4224137931034483,0.08620689655172414,103.07529389426523,97.15223757115666,90.01671999946231
2775,89.02013686443642,118.41336410451015,89.02013686443642,99.3807318851446,False,False,缓和,0.5172413793103449,0.3448275862068966,0.13793103448275862,102.86654398771731,93.7981462241203,96.49351535123228
2776,93.66473084633601,124.93898554069641,87.014416065564,98.8424276295157,True,False,维持,0.28448275862068967,0.6206896551724138,0.09482758620689655,118.52094074679506,91.86089518535167,93.1237461112952
2777,88.2645618560079,109.2435562462239,88.154371486376,96.37923912658893,False,False,缓和,0.6293103448275862,0.31896551724137934,0.05172413793103448,106.65502794364927,91.31209077995936,88.274714775453
2778,89.50117472099274,125.37208165397843,88.82655061395887,101.72898239818903,True,False,缓和,0.47413793103448276,0.25862068965517243,0.2672413793103448,118.02926805725079,101.58021365410731,100.06149944590013
2779,93.45534310289389,122.97664957166211,88.65173327748869,101.65065272621521,True,False,缓和,0.39655172413793105,0.3275862068965517,0.27586206896551724,98.42648142700794,101.80320458102896,105.1273525701554
2780,102.03652213259114,118.77386559005019,89.64509886302108,102.64347813078228,False,False,升级,0.2672413793103448,0.3793103448275862,0.35344827586206895,100.9862735133922,101.44268786531028,102.78472024729189
2781,94.01351540325062,125.68781178244855,87.21789866231752,97.88829224559623,True,False,缓和,0.5603448275862069,0.31896551724137934,0.1206896551724138,105.85726595789248,92.88304760276354,89.95683109624014
2782,86.34945619736637,112.8178772972325,86.34945619736637,97.69930354495335,False,False,缓和,0.5431034482758621,0.3620689655172414,0.09482758620689655,97.82242234610885,105.39459548994544,103.03816677470836
2783,96.9610997793832,130.13964172614277,89.71923520614972,102.50074308800606,True,True,维持,0.2413793103448276,0.4827586206896552,0.27586206896551724,99.56321459319616,108.91418183953203,107.27592477989558
2784,86.96676664484015,107.91856154674709,85.8280895079277,96.45430435283859,False,False,缓和,0.5,0.43103448275862066,0.06896551724137931,101.11602758425352,97.89851083109225,96.4085489181723
2785,90.5192599913654,112.65921366944318,86.1102451932756,94.11272282841668,False,False,维持,0.6896551724137931,0.2672413793103448,0.04310344827586207,98.23570744925851,99.16642330075841,86.44945886800146
2786,101.0609446668957,109.46126644255503,85.71082849693404,95.21910163964857,False,False,升级,0.5603448275862069,0.3103448275862069,0.12931034482758622,94.65767083330444,95.49724551984119,92.13822479967638
2787,102.89301789064012,110.18615104895277,89.9572553247194,98.37801989729536,False,False,升级,0.3448275862068966,0.5689655172413793,0.08620689655172414,107.33178887390027,94.90173323005669,94.70173584386947
2788,92.48913588885799,126.26950934976227,87.97930187387301,100.36537517324082,True,False,维持,0.5172413793103449,0.3103448275862069,0.1724137931034483,107.74796209216792,105.55438609722643,97.55386486456838
2789,88.80500163891186,122.33310292084124,87.39011755594302,94.82181055731918,True,False,缓和,0.8362068965517241,0.10344827586206896,0.0603448275862069,103.96688921993717,90.46128016451097,88.56565409293678
2790,100.83714052312205,117.7487601023662,88.3712577717101,100.66993796150287,False,False,升级,0.23275862068965517,0.5431034482758621,0.22413793103448276,92.85456108090689,114.1935286546969,94.83251046192584
2791,98.18235766829623,118.98920218100331,87.50242712421945,99.81035178046437,False,False,维持,0.49137931034482757,0.27586206896551724,0.23275862068965517,108.60540114466401,92.22620944397165,99.06343377344898
2792,90.90801407000404,115.82230807841137,90.02332281434725,102.10460114177535,False,False,维持,0.08620689655172414,0.7844827586206896,0.12931034482758622,113.71112039605369,101.43101359945095,95.74615998712412
2793,92.67429688612853,123.73445780440518,88.78346666631298,104.87295468245516,True,False,缓和,0.3103448275862069,0.3103448275862069,0.3793103448275862,100.63661820724765,107.09370608411143,97.44605877863245
2794,91.2930933581155,117.18803548049569,88.55087981326169,100.9760054862299,False,False,升级,0.3706896551724138,0.45689655172413796,0.1724137931034483,112.66516650735272,105.67879943552425,90.04331989058896
2795,88.16173225284524,127.04301726785845,87.59272051215339,103.20472103979056,True,False,缓和,0.23275862068965517,0.5431034482758621,0.22413793103448276,109.60330334789525,106.79172544648704,91.25435774735419
2796,88.1752761529296,108.76303751637744,88.1752761529296,96.13006204021247,False,False,缓和,0.6293103448275862,0.3017241379310345,0.06896551724137931,94.72097769704423,91.5878343660446,97.72133537242534
2797,85.00736416719694,118.43844814095687,84.55186692568321,96.09128041417944,False,False,缓和,0.6982758620689655,0.21551724137931033,0.08620689655172414,105.90853661462597,95.06414824043574,88.51339430816142
2798,97.3270831288545,117.497158702822,86.81270201491749,101.78347242183247,False,False,升级,0.29310344827586204,0.45689655172413796,0.25,100.32307045166634,103.12369731680883,96.9136940793012
2799,86.65185026675249,120.42212959112557,86.28325474231829,98.94143399663253,True,False,缓和,0.46551724137931033,0.39655172413793105,0.13793103448275862,103.5377283163681,91.70656178653041,99.41939041310786
2800,85.57933830760071,114.01064323255048,85.0438442100101,95.52649533432218,False,False,缓和,0.603448275862069,0.3793103448275862,0.017241379310344827,102.57804124720421,93.3093461645447,95.65322369738723
2801,88.78655647536176,114.70996610699962,87.69022597857021,98.78756134938891,False,False,维持,0.43103448275862066,0.3879310344827586,0.1810344827586207,109.43083787829998,94.087540249978,108.07207631598638
2802,87.7424211010556,111.87899976930413,86.27358493307693,98.48623918286263,False,False,维持,0.49137931034482757,0.3879310344827586,0.1206896551724138,97.32918050288501,93.34228388571354,98.7273731571973
2803,89.16961510262135,117.99071674770718,87.47814998536684,100.93942081730223,False,False,缓和,0.28448275862068967,0.47413793103448276,0.2413793103448276,110.15876586895305,93.70795007058355,96.26368324035782
2804,86.49327102515551,116.76980658194243,85.5541596144419,98.00301085697222,False,False,缓和,0.603448275862069,0.29310344827586204,0.10344827586206896,106.93039388156222,95.61585303779331,95.04642085411345
2805,101.68124352435217,110.9105407478709,85.47117620101704,97.63533819800945,False,False,升级,0.4482758620689655,0.46551724137931033,0.08620689655172414,100.36067910393538,100.12940010493607,89.65402303499417
2806,86.65887231962809,112.54197830053808,86.42519925795926,95.93416222008776,False,False,维持,0.6810344827586207,0.25,0.06896551724137931,99.64363171017746,95.7283929690894,88.31616180770581
2807,95.09218375739032,120.2282505423995,88.80768687750316,99.97292510193395,True,False,维持,0.5,0.3103448275862069,0.1896551724137931,103.6074570994159,92.85438979759175,90.46430548587276
2808,90.25399840653087,125.66296816161208,86.23554378739586,101.2698928049613,True,False,缓和,0.39655172413793105,0.3879310344827586,0.21551724137931033,123.64799106800477,97.09240051122057,99.86543471510382
2809,91.60592790540653,116.6504499029073,85.39618262597679,97.78382670843884,False,False,维持,0.5775862068965517,0.33620689655172414,0.08620689655172414,107.92213346204049,90.65742804532098,91.17307681660964
2810,88.5862404215313,119.40266068008154,88.5862404215313,101.01910146129948,False,False,缓和,0.41379310344827586,0.43103448275862066,0.15517241379310345,103.75248872809512,95.48128635094258,95.4811620874687
2811,88.71995857991625,118.82410356631446,86.78016604086518,97.51482034704499,False,False,维持,0.5344827586206896,0.3793103448275862,0.08620689655172414,99.61677912980737,96.09735558078955,92.4017073746985
2812,87.93706916251294,109.50826051479278,85.33658296901369,98.2728830615134,False,False,缓和,0.5086206896551724,0.35344827586206895,0.13793103448275862,100.09172528240063,98.42176159934361,96.429173052622
2813,100.47135701251423,111.67563530531842,88.45235920379359,97.68366340207305,False,False,维持,0.5431034482758621,0.33620689655172414,0.1206896551724138,96.30285353855385,93.48925890747878,91.98713582285168
2814,92.9641847691959,114.56358244034763,87.70662013700935,96.89843292340498,False,False,维持,0.5517241379310345,0.3793103448275862,0.06896551724137931,111.80668509251778,92.9735965074584,88.00557418088933
2815,87.61247831579635,123.0171877329932,83.87747616890763,97.96289532778803,True,False,缓和,0.6293103448275862,0.27586206896551724,0.09482758620689655,118.28914330295996,93.32685450631024,95.82513078125805
2816,85.4584416761323,119.33706153710543,85.4299357722869,97.05897698693613,False,False,缓和,0.603448275862069,0.29310344827586204,0.10344827586206896,103.0460171702718,94.49284881473577,95.14639175073735
2817,87.94092492771975,128.30340282286704,87.0088894134928,99.60991132746291,True,False,缓和,0.3275862068965517,0.5517241379310345,0.1206896551724138,109.17997769679128,96.33113173521318,94.63225263751384
2818,90.27956232531311,116.42555889338992,89.49733077735333,101.49419125223241,False,False,缓和,0.35344827586206895,0.43103448275862066,0.21551724137931033,97.63746476673614,98.53079851806764,111.8886666881948
2819,94.9898093019286,121.46751176085255,86.68718304243998,101.61820357522329,True,False,维持,0.43103448275862066,0.3706896551724138,0.19827586206896552,107.72914355153043,94.80074409391071,107.0952111507843
2820,96.66672191003873,115.10192520403506,89.14898397590717,97.85564127285676,False,False,维持,0.5172413793103449,0.31896551724137934,0.16379310344827586,107.37821883004037,93.69902749665472,93.93630938667008
2821,90.51887926237227,119.44883306731283,85.56021128298079,98.0049402081021,False,False,维持,0.5948275862068966,0.27586206896551724,0.12931034482758622,99.07547218738085,102.12754552794455,91.32564294430776
2822,102.44331030418405,113.62944957657767,89.02445412961686,100.16304427506515,False,False,升级,0.4396551724137931,0.3706896551724138,0.1896551724137931,107.64696251543081,101.8070310568075,93.71635764450255
2823,99.07823530730526,113.55460804046274,85.41472967670356,97.4084233072883,False,False,升级,0.5862068965517241,0.25,0.16379310344827586,95.58494001538675,110.96764354231064,88.54371049688014
2824,93.19756572790972,111.37100230018375,88.47312700765927,100.79889335342281,False,False,升级,0.3448275862068966,0.4224137931034483,0.23275862068965517,100.29306320541804,104.03099914731943,107.17410319285487
2825,91.86148591144723,109.7311374037645,88.73553059835771,98.15251172520725,False,False,缓和,0.5431034482758621,0.3793103448275862,0.07758620689655173,103.09181574598949,95.14300796093326,92.3099519201721
2826,88.02651708366382,114.13065752581772,88.02651708366382,97.52065780584586,False,False,缓和,0.603448275862069,0.3017241379310345,0.09482758620689655,109.3508012865669,90.97833502355874,94.37462750426496
2827,93.009583469322,111.28449198901659,87.33690665422365,93.84767009249336,False,False,缓和,0.7586206896551724,0.1810344827586207,0.0603448275862069,91.811000412058,94.83340276134055,89.67068604329135
2828,89.45697743907064,122.31248344563426,87.16892564279347,99.22059276446728,True,False,维持,0.5258620689655172,0.29310344827586204,0.1810344827586207,113.57732729373755,96.877242282631,92.46970643913528
2829,89.2128799225156,113.15461629571291,86.91317423292888,97.45654621847882,False,False,维持,0.49137931034482757,0.3793103448275862,0.12931034482758622,95.99850988492997,89.41275825746074,93.98747377366986
2830,87.88416757482358,119.62767313423184,86.84695424246092,99.07817394575973,False,False,维持,0.5258620689655172,0.29310344827586204,0.1810344827586207,93.75525215316611,98.70050473694498,99.02964603260067
2831,90.8564710342768,114.14388483593397,89.54666748285673,98.64150454130196,False,False,缓和,0.5258620689655172,0.3275862068965517,0.14655172413793102,106.58816186639926,94.6260645610424,99.24373741231578
2832,90.50003588299147,120.06294397337781,87.1072254882541,97.37513391987265,True,False,维持,0.5431034482758621,0.35344827586206895,0.10344827586206896,97.64290805872058,100.81231247750348,90.27006313331475
2833,87.4579325212552,121.05824108068742,86.86816942591297,98.37184736082749,True,False,维持,0.5689655172413793,0.3275862068965517,0.10344827586206896,116.71746248860777,104.19051841435528,93.04011637756031
2834,89.43697070105422,132.4587280714431,89.43697070105422,102.71677346467801,True,True,缓和,0.39655172413793105,0.31896551724137934,0.28448275862068967,92.39719161241592,96.21885834444275,94.15685918426385
2835,92.55643521060294,112.72041880165955,86.50238037624929,95.98017761441439,False,False,维持,0.5775862068965517,0.3448275862068966,0.07758620689655173,112.72041880165955,92.75923445484084,87.46985670886518
2836,94.79777517006352,111.9610123710957,89.23423636547037,98.61760740954833,False,False,维持,0.4482758620689655,0.3448275862068966,0.20689655172413793,96.8530739171572,94.90046295186607,107.49531269415066
2837,90.45727921782883,113.03502845438429,90.41287017766372,96.78530859455763,False,False,缓和,0.6206896551724138,0.3103448275862069,0.06896551724137931,92.58912650237103,92.7333198688436,94.73645908075606
2838,97.18322744484298,124.19634583318097,85.87427657947745,97.36918728157418,True,False,升级,0.5431034482758621,0.3706896551724138,0.08620689655172414,96.14122819776536,97.1975330419637,91.79893534926065
2839,90.9916453080741,117.15929493837798,86.58841437428917,96.72290114988158,False,False,维持,0.46551724137931033,0.46551724137931033,0.06896551724137931,112.10517439586798,91.57361853999824,91.65546546613479
2840,88.80800000341036,116.85749600211533,86.10327571506645,100.71412793875307,False,False,维持,0.29310344827586204,0.5086206896551724,0.19827586206896552,111.55471572004201,106.68048422822827,90.76768886674556
2841,88.44192919178072,124.12825536150153,88.44192919178072,97.59313299982746,True,False,缓和,0.5258620689655172,0.3793103448275862,0.09482758620689655,97.61972275917357,98.5419950179483,90.33910230226702
2842,96.08628435465556,117.28695793142718,87.90143240661034,100.05942597236282,False,False,维持,0.4051724137931034,0.47413793103448276,0.1206896551724138,108.68983507644964,103.84299277142088,92.05289313099995
2843,88.67606184643995,115.40078306716929,88.67606184643995,97.06190626356712,False,False,缓和,0.5258620689655172,0.3103448275862069,0.16379310344827586,97.06495773353357,106.10319341854462,95.16061148489476
2844,100.54124959225523,109.35273887170364,88.13487467570211,97.54174312190857,False,False,维持,0.3706896551724138,0.5258620689655172,0.10344827586206896,105.97909713863952,95.93806311430241,98.65080996910419
2845,85.13136198768952,120.16408385879666,85.13136198768952,98.28200136151155,True,False,缓和,0.5258620689655172,0.41379310344827586,0.0603448275862069,105.20843972581982,97.13568409790682,92.92010085492565
2846,89.47195609321018,113.17523107453488,87.04782156267038,97.14291204341832,False,False,缓和,0.6982758620689655,0.13793103448275862,0.16379310344827586,100.27827657946013,104.75364243081349,93.44841092661251
2847,114.89719249464041,120.08381949949819,89.84470462547631,100.3179687575801,True,False,缓和,0.39655172413793105,0.41379310344827586,0.1896551724137931,103.78535204142527,94.5819514936903,91.44679766677223
2848,89.52198216856684,126.68132071342261,86.73165279303888,96.87771528831942,True,False,缓和,0.6293103448275862,0.27586206896551724,0.09482758620689655,93.8916225901926,93.59348195184585,88.474855373009
2849,97.4265412687494,112.99991753983213,90.20829690324572,96.6099032233713,False,False,维持,0.4224137931034483,0.47413793103448276,0.10344827586206896,100.91275227254842,96.91564487495303,92.78432376674138
2850,88.6567311264591,111.47014719438384,88.6567311264591,97.11997067107731,False,False,缓和,0.5689655172413793,0.3448275862068966,0.08620689655172414,100.62303661685326,96.08603135422707,95.08570990384432
2851,104.07036987927853,122.31246490844174,89.76708287607178,101.66419158195096,True,False,升级,0.31896551724137934,0.41379310344827586,0.2672413793103448,105.50890889243203,104.55821172619869,96.01293657459426
2852,87.06663241314291,114.07036942933779,86.42906375645937,97.77241444392622,False,False,维持,0.5,0.3620689655172414,0.13793103448275862,107.71601988137851,93.35033535609166,90.46833312006844
2853,88.42459849904148,123.77607397590437,85.4959903737788,101.98946775117338,True,False,缓和,0.4396551724137931,0.25,0.3103448275862069,107.49365229464377,107.75230693270753,94.03039165076532
2854,88.71013775296605,127.11683729186042,88.71013775296605,104.40834587049946,True,False,缓和,0.33620689655172414,0.31896551724137934,0.3448275862068966,124.70788560546046,113.37340974381617,96.08426797615566
2855,95.72070970907863,110.7349793401357,87.52464484907455,99.28232083185348,False,False,维持,0.3620689655172414,0.5172413793103449,0.1206896551724138,106.56117647286884,93.33464445116113,93.53281094426565
2856,88.6641740228113,126.64117265211043,86.67852358051381,102.48312576488452,True,False,缓和,0.4051724137931034,0.3706896551724138,0.22413793103448276,100.03871816962175,110.12259096687988,92.74869894184819
2857,90.82996566463163,125.4451310997383,89.5258980823329,103.1401115701943,True,False,缓和,0.4224137931034483,0.31896551724137934,0.25862068965517243,103.74484038486808,118.66420763556737,97.14089480827207
2858,99.52049855791631,129.20302142102423,89.41821608693945,102.704781269128,True,False,维持,0.29310344827586204,0.43103448275862066,0.27586206896551724,107.42040055714612,106.33501950374574,102.66224860381489
2859,91.22426746250908,127.57075183989154,88.98763218976961,103.04578619477914,True,False,升级,0.3793103448275862,0.3103448275862069,0.3103448275862069,110.09031009446446,94.3485459980179,98.99313762794013
2860,93.49325966110304,117.19449502835857,87.27689640077864,97.04683778461471,False,False,维持,0.6293103448275862,0.20689655172413793,0.16379310344827586,105.50422945168769,93.91890977005497,88.90897638542415
2861,87.34080765418082,111.31860787444387,87.34080765418082,97.11136157644427,False,False,缓和,0.6293103448275862,0.27586206896551724,0.09482758620689655,94.97510845976225,97.93818891207003,88.98614313331058
2862,100.88664054499874,116.56905760913433,86.69947383708826,100.20974336452839,False,False,缓和,0.33620689655172414,0.47413793103448276,0.1896551724137931,103.27039649119493,105.581342808809,96.42653053672261
2863,95.38989478374897,115.33035415285339,89.77276354248866,100.1964834175463,False,False,维持,0.3275862068965517,0.5086206896551724,0.16379310344827586,105.19292276808204,103.61581684518514,98.45764106685404
2864,97.36465854472402,112.38078878424596,88.08634327001035,98.37290528813652,False,False,维持,0.4482758620689655,0.43103448275862066,0.1206896551724138,103.9328749337149,97.5597251138957,90.95852454646644
2865,91.39655100145808,116.23580786316154,89.40931983339338,98.8743446076251,False,False,缓和,0.46551724137931033,0.3706896551724138,0.16379310344827586,105.50889813670966,97.41399007355213,90.57869145788618
2866,87.77574261908173,111.36799734404427,84.90724833192573,96.08786333495225,False,False,缓和,0.5689655172413793,0.3620689655172414,0.06896551724137931,104.73617786588022,103.91033428352284,93.29829651355693
2867,100.89352273808798,119.40380167741391,83.63689907031602,98.3551127865457,False,False,维持,0.5172413793103449,0.3448275862068966,0.13793103448275862,101.81003608945177,112.2358132448174,95.25132363376717
2868,86.99039861546042,120.83613508275425,86.99039861546042,99.15449069344656,True,False,缓和,0.4396551724137931,0.4396551724137931,0.1206896551724138,107.03915277583792,97.3790275882546,90.06054314712625
2869,87.88638530644282,115.12589289084346,87.10032188521149,96.80171953414629,False,False,维持,0.6551724137931034,0.28448275862068967,0.0603448275862069,93.75109134196126,101.5843435666624,94.95908815146755
2870,90.82595159837543,112.00398675290997,85.93929610404848,98.15514276499957,False,False,升级,0.4827586206896552,0.31896551724137934,0.19827586206896552,102.02150530856747,98.28228970698827,97.04225660224681
2871,86.99963228911949,116.46139753179158,86.30745418462136,97.01899290402666,False,False,缓和,0.46551724137931033,0.4827586206896552,0.05172413793103448,103.24158195038116,96.05627749790517,95.36076399690397
2872,88.33338784048634,119.6750388204488,87.53083776236964,97.35473044320815,False,False,缓和,0.6293103448275862,0.25,0.1206896551724138,108.92741958932795,94.96323957114117,90.84342325468008
2873,104.17906710570622,119.23498236140897,85.63743616238324,101.57975557577207,False,False,升级,0.43103448275862066,0.27586206896551724,0.29310344827586204,111.70255202326972,95.42241372202314,91.75142870608485
2874,91.63448581725206,123.12260187745359,87.95067402140648,98.89208398020524,True,False,升级,0.49137931034482757,0.3793103448275862,0.12931034482758622,107.58886295212929,93.70175501523329,88.79484422120315
2875,89.74691724798016,109.10278541649592,85.64436196262551,97.37635835486387,False,False,缓和,0.5258620689655172,0.46551724137931033,0.008620689655172414,103.02574320430516,93.21668845667314,98.67726992869692
2876,86.49480476232839,121.79734505379047,86.49480476232839,101.45041053439152,True,False,缓和,0.39655172413793105,0.3879310344827586,0.21551724137931033,103.7376636200771,111.68480234207777,91.92145448607293
2877,88.78219710372412,109.89341996565891,84.50352638979263,92.54870799700262,False,False,缓和,0.8448275862068966,0.15517241379310345,0.0,94.15485376611288,90.82389757374568,89.53012223541998
2878,94.96254517550621,114.5603909031103,86.49426279516,97.00582268109372,False,False,维持,0.6206896551724138,0.28448275862068967,0.09482758620689655,103.1983579686764,95.32908422686624,89.6693876010937
2879,87.7779413140102,113.55825046864037,84.13940405502662,97.5587046775243,False,False,缓和,0.4482758620689655,0.4827586206896552,0.06896551724137931,103.65212356707153,108.7494619374271,92.50158934843489
2880,89.6587979612914,110.97749589945228,89.09775311959645,97.207116098136,False,False,维持,0.5258620689655172,0.41379310344827586,0.0603448275862069,95.04888924114923,92.84656039858433,101.57346805013178
2881,87.52548535526627,115.88599646562997,87.17984584856796,95.92871824527624,False,False,缓和,0.5775862068965517,0.39655172413793105,0.02586206896551724,103.53560521442718,96.16774068566235,95.32381975416718
2882,90.14171390101548,134.59810654316897,88.08736248316353,101.60755900308753,True,True,维持,0.45689655172413796,0.35344827586206895,0.1896551724137931,117.12111768289542,100.42947072947884,92.0807219900189
2883,89.81816604118596,111.90188041906053,89.81816604118596,98.64910385772595,False,False,缓和,0.4482758620689655,0.41379310344827586,0.13793103448275862,100.7002496198118,93.30053138233824,90.3534190748915
2884,91.13568056806635,122.59470305373634,86.34437808069168,99.8408215358853,True,False,维持,0.41379310344827586,0.41379310344827586,0.1724137931034483,102.1337020866946,107.03649141246841,99.47608254835994
2885,94.91136584415683,127.18269376600841,87.01171499774695,101.86114330267634,True,False,升级,0.4224137931034483,0.3448275862068966,0.23275862068965517,114.29678464398003,100.22377323563084,92.43542489430685
2886,97.09440293639906,112.85510115682175,87.34117961758105,97.47002956683534,False,False,维持,0.49137931034482757,0.4224137931034483,0.08620689655172414,102.48616530875256,94.14168910024581,92.27136602632889
2887,92.0093477725019,112.6773630333536,87.91053371569416,96.2686939844962,False,False,维持,0.6120689655172413,0.3017241379310345,0.08620689655172414,100.4523595748404,91.48796800894365,97.35185416690464
2888,97.84905861758054,120.17756861162928,85.95027851656268,98.06254606044668,True,False,升级,0.5517241379310345,0.3017241379310345,0.14655172413793102,95.56900700692833,99.045113041039,97.19819613244381
2889,89.36642615245366,110.90370723799867,86.75439086478305,99.77490162559772,False,False,维持,0.4396551724137931,0.3793103448275862,0.1810344827586207,101.3362592921724,97.08268063104161,101.48422187351548
2890,87.48642353659395,128.9629769521877,87.48642353659395,97.98033673515702,True,False,缓和,0.5603448275862069,0.3448275862068966,0.09482758620689655,105.1048143653836,98.31178729388363,92.50442483409633
2891,102.61299778765964,122.2114587297877,87.35465819224133,98.93361099197163,True,False,升级,0.4827586206896552,0.3793103448275862,0.13793103448275862,101.32365985454116,95.71942148362449,93.31876442713755
2892,83.67066433279142,109.47717618366582,82.55240884333098,95.5679519039969,False,False,缓和,0.5,0.39655172413793105,0.10344827586206896,91.75284349854005,103.38568635130474,91.27044319829069
2893,86.97614771440523,111.66683296593553,85.50531776121262,96.8854914172823,False,False,维持,0.5172413793103449,0.35344827586206895,0.12931034482758622,96.56952551096403,96.06887423831455,107.75535630419976
2894,87.5872429528665,113.30625756477521,86.9217709016945,96.58728829607216,False,False,缓和,0.6551724137931034,0.3017241379310345,0.04310344827586207,113.30625756477521,92.0050834597716,89.86853004826006
2895,90.51550444757841,125.65124052464618,90.51550444757841,105.24245534264875,True,False,缓和,0.3448275862068966,0.23275862068965517,0.4224137931034483,114.50080412029958,98.3692120014267,107.7112439001575
2896,88.51368281350864,125.99394405131858,86.15274459115463,98.93075239599266,True,False,缓和,0.5431034482758621,0.3017241379310345,0.15517241379310345,109.39992196833785,95.829414070282,97.23170492491694
2897,98.35457569293679,118.679835153902,88.95764424950924,100.45310552784167,False,False,缓和,0.3879310344827586,0.45689655172413796,0.15517241379310345,103.37379655860042,98.69156860367968,91.42320587095003
2898,85.0064038939185,110.22367149810614,85.0064038939185,96.2570115207007,False,False,缓和,0.5603448275862069,0.41379310344827586,0.02586206896551724,100.39192898175764,96.04069331524362,94.71402523636817
2899,95.5235900982526,113.02312881791785,87.27115492268555,101.30749136385934,False,False,维持,0.41379310344827586,0.3448275862068966,0.2413793103448276,98.82322490268548,101.68170756998765,91.16650135878821
2900,93.12351505747743,124.99483728215988,89.18535627403081,100.91768420055612,True,False,维持,0.4396551724137931,0.33620689655172414,0.22413793103448276,100.19138121419479,97.3231300022654,99.14416246846925
2901,87.64064142618766,116.35297582795361,87.52667992214688,98.71538443520026,False,False,缓和,0.4827586206896552,0.41379310344827586,0.10344827586206896,102.67761763681366,109.36058467835247,97.09836561261994
2902,88.4342440853359,110.65576981657904,87.21791844946604,98.0508630803385,False,False,缓和,0.5,0.3620689655172414,0.13793103448275862,98.81610410457539,91.32221006998029,95.78214647281317
2903,91.14373758363926,112.79135290464491,88.40678407210878,98.09381544946146,False,False,缓和,0.5086206896551724,0.35344827586206895,0.13793103448275862,103.43051970158427,93.92811540767111,96.35967337720713
2904,90.96109811781407,117.18959669199349,85.13781718340626,98.7476218292661,False,False,维持,0.3793103448275862,0.5344827586206896,0.08620689655172414,99.70056399158788,97.92385577981021,88.08613923209268
2905,96.0092216096061,113.10806115325758,87.7573289277156,96.1181588003463,False,False,维持,0.6206896551724138,0.29310344827586204,0.08620689655172414,99.31647340385858,91.44602118017008,95.81370088594247
2906,91.77150295827653,118.57120181438626,88.05529547092483,98.37768436809489,False,False,升级,0.4396551724137931,0.47413793103448276,0.08620689655172414,104.04589749339384,102.01620280903289,91.24024248913263
2907,93.78887780179927,109.60603219539743,87.70122170981782,97.58239541405928,False,False,维持,0.39655172413793105,0.4827586206896552,0.1206896551724138,97.48551016591257,100.39286662541411,92.83337952111832
2908,92.17314961068949,112.26094729283452,83.97384981274197,95.70660548039024,False,False,缓和,0.646551724137931,0.1896551724137931,0.16379310344827586,95.64835702647225,95.6129519262862,97.47590928729849
2909,92.27531133047965,126.56780593233364,86.5732524330588,96.70004173996823,True,False,升级,0.4827586206896552,0.4224137931034483,0.09482758620689655,93.47486184324471,96.24606841645148,89.34544907863273
2910,95.13902417725653,112.7693788183375,86.46108362220852,96.40491940613062,False,False,维持,0.5517241379310345,0.4224137931034483,0.02586206896551724,99.09334207852763,101.7937411950026,94.27305888200789
2911,90.34175537635596,110.55148602129478,89.21545934880616,94.97194498330927,False,False,缓和,0.6120689655172413,0.35344827586206895,0.034482758620689655,93.652259487125,91.71919076110716,95.68970143260142
2912,98.97452232096175,121.45262024025912,88.76343602303771,100.32615518959807,True,False,维持,0.5,0.33620689655172414,0.16379310344827586,104.03453309830641,96.53863979719196,90.81649517392802
2913,87.40864377930488,130.63512033492518,85.36513692908008,99.69439304464302,True,True,缓和,0.5344827586206896,0.27586206896551724,0.1896551724137931,127.7631751293055,93.34798780981346,91.04382657760954
2914,96.38347883825075,117.05763142283409,85.21925688467395,98.0441357035185,False,False,维持,0.4827586206896552,0.3620689655172414,0.15517241379310345,95.55237256163886,97.67885854297752,100.29148934279864
2915,85.49970939938481,119.4531281504954,85.49970939938481,98.12833921254683,False,False,缓和,0.5603448275862069,0.3017241379310345,0.13793103448275862,99.32751562724809,100.5719287592165,89.41455609237826
2916,87.5109100250738,111.77993576265767,85.30440727896841,96.42569314626019,False,False,缓和,0.5603448275862069,0.3706896551724138,0.06896551724137931,95.76855942308585,100.36934321894935,95.52124744259052
2917,86.20738358420337,125.79573425915426,86.20738358420337,98.7029847417634,True,False,缓和,0.6293103448275862,0.23275862068965517,0.13793103448275862,109.62884210869315,99.05451710441974,93.10185565785014
2918,91.4117137179342,115.41755466987712,85.68640154218195,99.51326042678832,False,False,升级,0.5172413793103449,0.31896551724137934,0.16379310344827586,99.64529021590549,112.37815171430562,89.68658652768734
2919,93.85643911702518,113.6385325665942,87.2013367208192,96.50874763655703,False,False,维持,0.5948275862068966,0.27586206896551724,0.12931034482758622,91.95239286669042,105.81082472691914,90.5504848307247
2920,88.67495539180693,112.49212157351607,86.33758858166398,98.06390121465189,False,False,维持,0.47413793103448276,0.47413793103448276,0.05172413793103448,106.6343734540912,91.76331500055544,87.0092652279735
2921,89.29754813101111,110.26330491517334,87.29447232490739,95.89480027530571,False,False,缓和,0.6982758620689655,0.2672413793103448,0.034482758620689655,94.96625236965149,97.29381338050297,90.79111609493066
2922,87.85612681997964,110.27748592742935,87.79290939267473,96.97591021241983,False,False,维持,0.4827586206896552,0.43103448275862066,0.08620689655172414,94.71147775736597,106.77359571320177,98.37087777242687
2923,90.36821890251791,117.0173728135465,88.4770462925165,97.51186002767808,False,False,维持,0.3706896551724138,0.47413793103448276,0.15517241379310345,104.0949931937129,90.343985828864,91.40066378500936
2924,93.72434469909598,121.36623985334677,85.05168827526448,98.71610980371625,True,False,维持,0.5086206896551724,0.39655172413793105,0.09482758620689655,106.98298709597701,102.08844884510428,94.81887709785286
2925,88.45363293132647,123.48354541988869,88.45363293132647,99.88626473575717,True,False,维持,0.3793103448275862,0.41379310344827586,0.20689655172413793,97.24815323977963,91.33933549286448,96.99236017121164
2926,89.84839881633734,127.94410913974544,89.84839881633734,106.84378737039444,True,False,缓和,0.19827586206896552,0.4051724137931034,0.39655172413793105,110.98020705647134,99.60138558138982,108.4777594844103
2927,96.65008962254385,117.89973703673634,92.28468575683604,103.20509915479538,False,False,维持,0.2672413793103448,0.4051724137931034,0.3275862068965517,100.98396503696966,94.99997000260383,100.44666764394057
2928,85.57382192997477,118.72603744686772,84.73685150234382,97.56198075241312,False,False,缓和,0.603448275862069,0.29310344827586204,0.10344827586206896,103.9797220214204,101.28440134028857,89.11605602106113
2929,89.88165153866852,122.44645901233335,88.15187120027346,100.11548809933315,True,False,维持,0.3620689655172414,0.4827586206896552,0.15517241379310345,109.52510731995335,104.68890450452567,90.35269823408294
2930,90.2482357654378,118.53036760174501,87.31344067853375,95.65425640210455,False,False,维持,0.6379310344827587,0.2672413793103448,0.09482758620689655,95.51430457374423,92.79203493294662,97.0613654781112
2931,86.56261777611563,123.1495602825214,86.56261777611563,101.98651286853327,True,False,缓和,0.21551724137931033,0.6120689655172413,0.1724137931034483,105.78151993832793,105.17489927959187,103.99022032773848
2932,98.6578042632074,126.52466707469667,89.34229007895937,100.55698326132168,True,False,维持,0.46551724137931033,0.27586206896551724,0.25862068965517243,99.47563174126856,94.6532628486079,104.3388355076631
2933,89.92988415123045,110.83281851033954,89.13595514234079,96.88514054820617,False,False,缓和,0.5775862068965517,0.3275862068965517,0.09482758620689655,100.57177551426828,90.80624236251025,93.72185226790654
2934,88.185034827793,109.71078807918171,88.185034827793,96.50822559156698,False,False,缓和,0.6120689655172413,0.27586206896551724,0.11206896551724138,96.52650528901628,93.09602362752382,96.2456467134261
2935,90.2445496214298,116.18192495613238,89.16573703748088,99.42586862423316,False,False,缓和,0.5431034482758621,0.29310344827586204,0.16379310344827586,105.54780430670088,113.83972687802581,94.03462859354258
2936,95.22542079878808,119.36186771808431,87.2486332137207,96.91957562899202,False,False,缓和,0.5775862068965517,0.3448275862068966,0.07758620689655173,94.07761644663776,100.80561277838603,87.45697415069682
2937,90.27892316121915,112.41586583181017,88.71642008357293,97.6687641482257,False,False,维持,0.4482758620689655,0.4224137931034483,0.12931034482758622,98.75460816544879,93.01694169886308,96.55013204473346
2938,94.04402992332234,114.53308199460777,87.61445012380861,97.2136769949347,False,False,缓和,0.5,0.28448275862068967,0.21551724137931033,103.87183296627084,92.53331462427879,99.44251551988029
2939,87.3628155756964,127.40731441296718,85.09799663929117,102.87375810067897,True,False,缓和,0.33620689655172414,0.4827586206896552,0.1810344827586207,117.21113694510218,102.36831650174058,91.69778028546013
2940,95.88854902715649,132.45866336171386,88.27479475753223,101.7873118289123,True,True,维持,0.41379310344827586,0.3706896551724138,0.21551724137931033,95.56413326159038,98.02140630502404,96.2800272944565
2941,93.66729527150356,121.09390199295963,85.1157506161569,97.04235710145628,True,False,升级,0.7068965517241379,0.1810344827586207,0.11206896551724138,97.25923744024094,96.94130396324246,86.61005991893991
2942,86.17901555371216,120.07251294272655,86.17901555371216,100.45356115108082,True,False,缓和,0.39655172413793105,0.35344827586206895,0.25,103.43265626515883,109.60948860474333,93.22985788967135
2943,96.52677319436178,110.11879191083194,86.89291754269753,97.388979644488,False,False,维持,0.49137931034482757,0.43103448275862066,0.07758620689655173,95.99729472844083,96.48952244935012,87.24784908767315
2944,91.24732392459593,112.77736651545733,90.84877308556689,100.74023082535231,False,False,缓和,0.31896551724137934,0.49137931034482757,0.1896551724137931,107.08770090620794,97.05287291897338,93.18082829970389
2945,89.26201286750174,110.00572928587655,88.4465910375329,97.58724011841893,False,False,缓和,0.47413793103448276,0.41379310344827586,0.11206896551724138,97.99457259670542,105.99245504502247,95.88801171579908
2946,94.00241660519694,123.66488343705844,88.2619362823097,101.56905637175076,True,False,维持,0.47413793103448276,0.27586206896551724,0.25,105.84881229926265,91.84465415742032,114.0185234511982
2947,93.94056442218375,127.49368672006712,89.50643698496688,99.18849678977436,True,False,升级,0.5086206896551724,0.3706896551724138,0.1206896551724138,102.60151539794408,93.34652214051523,97.10003407168288
2948,86.05223408288926,120.6996290319128,86.05223408288926,101.17255775948976,True,False,缓和,0.3879310344827586,0.4827586206896552,0.12931034482758622,114.92977657639453,103.19234290259249,95.17552591283645
2949,90.15495327910219,121.81977350298914,90.15495327910219,102.71568103370197,True,False,缓和,0.4051724137931034,0.33620689655172414,0.25862068965517243,96.44855337821102,98.35612267114111,102.07183248831018
2950,92.5688597189965,129.1456488596223,85.99859399384202,103.55234438283028,True,False,维持,0.29310344827586204,0.49137931034482757,0.21551724137931033,120.79557449580025,106.95156043964882,109.23235574538525
2951,87.49777725057857,116.29079993557094,87.49777725057857,100.99680309849086,False,False,缓和,0.41379310344827586,0.39655172413793105,0.1896551724137931,114.01930890590222,103.38784340206064,99.05332728217233
2952,94.30875606108441,117.34167131373742,90.72274677815349,99.28377055019871,False,False,缓和,0.46551724137931033,0.3793103448275862,0.15517241379310345,102.99226560436166,97.88373400310915,93.7735084015846
2953,88.80511213161358,117.39911744491693,85.53560113384239,99.0614116992269,False,False,缓和,0.41379310344827586,0.5172413793103449,0.06896551724137931,108.07422648356324,94.48464085367911,94.01006089491871
2954,88.50610517699364,110.79494768285394,86.70143858017077,95.03272781995733,False,False,缓和,0.5862068965517241,0.3275862068965517,0.08620689655172414,91.13888640618387,96.28907379640727,93.04618967179275
2955,91.29004978612662,118.94493640989182,88.44114451293947,100.27554090308078,False,False,缓和,0.49137931034482757,0.29310344827586204,0.21551724137931033,105.19214805830948,114.97180539541455,90.39251696059223
2956,105.72756838057373,125.58115914840083,89.0126897375702,102.8800084339544,True,False,升级,0.3448275862068966,0.2672413793103448,0.3879310344827586,124.5871564269914,95.85239613555405,111.52880137846917
2957,96.60668194965713,111.3679839899407,89.63880711925371,95.67562801439179,False,False,升级,0.5775862068965517,0.3620689655172414,0.0603448275862069,97.5304496615945,94.67082301834712,94.89279390788818
2958,97.86953829719899,120.08146289871736,86.57503726532565,99.14051938477742,True,False,维持,0.4482758620689655,0.4396551724137931,0.11206896551724138,99.2632533415002,90.55379857431873,91.55256164744105
2959,87.75660965282965,126.63635032508547,87.18359733409672,100.28890670398181,True,False,缓和,0.4827586206896552,0.25,0.2672413793103448,106.29757892487754,96.4274002588926,90.99308831258267
2960,85.7465943496352,132.622410556642,85.36319023213481,103.17752195998042,True,True,缓和,0.3793103448275862,0.31896551724137934,0.3017241379310345,105.6255096037678,105.8772343382027,102.85597482648487
2961,85.87926120051398,109.8918828743337,85.52882883411412,98.7562765022296,False,False,缓和,0.5689655172413793,0.2672413793103448,0.16379310344827586,96.35705288412218,98.20284485763081,101.74073312952586
2962,85.08655586903991,127.99920081415002,85.08655586903991,97.70573896562883,True,False,缓和,0.6724137931034483,0.1810344827586207,0.14655172413793102,121.65652105401954,93.11356484029834,91.30021785238806
2963,90.60520007020627,111.39485143225619,90.09400385603648,99.04476068849962,False,False,缓和,0.5344827586206896,0.3275862068965517,0.13793103448275862,96.30140070549511,110.52691340829129,94.98773440126877
2964,87.27920649413106,111.33359326384137,83.8617520480812,94.36539222318699,False,False,缓和,0.646551724137931,0.3017241379310345,0.05172413793103448,94.03165337917383,97.21037960541341,89.96054933994169
2965,91.00782831103032,113.59966857382324,87.01909847118515,96.81209029606296,False,False,维持,0.5689655172413793,0.3275862068965517,0.10344827586206896,104.52867269612055,91.44460602962,89.25239559567247
2966,96.82708896488428,112.66357383381391,85.85811884483459,97.78077263827454,False,False,维持,0.47413793103448276,0.33620689655172414,0.1896551724137931,97.34837519712543,94.04880784413156,105.59606716859243
2967,90.38735329640421,126.54373832455255,85.7726112864987,100.11493468063318,True,False,维持,0.33620689655172414,0.5086206896551724,0.15517241379310345,95.70085993186635,116.61387657253617,93.57642251952596
2968,97.16585057317305,113.3929749580102,85.54651281120405,97.21825176516795,False,False,缓和,0.6120689655172413,0.29310344827586204,0.09482758620689655,106.87615456921324,94.58057958505486,87.8467657831814
2969,89.29568021946345,119.97523197130755,86.62572781058014,96.68516371445368,False,False,缓和,0.646551724137931,0.25,0.10344827586206896,99.08631002528358,93.29472622472767,92.3431065207874
2970,85.06315701647603,110.97231671767194,83.66823031180738,96.36950905794858,False,False,缓和,0.5948275862068966,0.3448275862068966,0.0603448275862069,107.44767927640936,92.72884831930838,97.0715662030023
2971,86.75797375454765,120.55505155131956,86.34363548604743,100.15961105173376,True,False,缓和,0.39655172413793105,0.4827586206896552,0.1206896551724138,112.60728665541649,98.15127805710611,92.21268512763126
2972,85.9121599250253,120.41648723662804,85.9121599250253,96.53651930320572,True,False,缓和,0.46551724137931033,0.46551724137931033,0.06896551724137931,100.26450791289325,89.6910456335051,94.03985844527678
2973,96.92320712341659,127.62472724848105,88.02203625613902,100.68166071789155,True,False,维持,0.3879310344827586,0.4827586206896552,0.12931034482758622,105.05181460089456,98.7302465651341,90.25154507710307
2974,89.14331133614547,111.80023558220206,87.03230970910943,99.48379748961895,False,False,维持,0.21551724137931033,0.6637931034482759,0.1206896551724138,98.53888760171378,100.22592335122822,93.2900918416398
2975,93.43169015580244,113.27013001425088,86.40036947707914,98.80620746641607,False,False,维持,0.4482758620689655,0.3706896551724138,0.1810344827586207,102.74654719863187,101.59998338341079,89.95885657812337
2976,101.95286450486768,125.1521842986499,89.00522747245974,100.31640489660141,True,False,升级,0.43103448275862066,0.43103448275862066,0.13793103448275862,100.61420456918911,94.74698564760293,97.71516434447383
2977,87.69956538140329,119.61029449539508,85.78276473498771,95.20238369945663,False,False,维持,0.6810344827586207,0.25862068965517243,0.0603448275862069,96.82832227655753,93.51504548951004,95.0423689402759
2978,92.70804052381229,118.04300782974019,87.20352393741186,98.83257538790878,False,False,维持,0.45689655172413796,0.41379310344827586,0.12931034482758622,94.00842121864804,115.26895619330418,96.00333795096121
2979,86.54288026577976,112.12047282273542,86.54288026577976,98.2289057015274,False,False,缓和,0.3620689655172414,0.5775862068965517,0.0603448275862069,96.2456690754618,102.76200399324426,91.61079526342424
2980,88.65484443930984,122.71744696629422,87.7734063783733,101.64099354003223,True,False,缓和,0.3620689655172414,0.35344827586206895,0.28448275862068967,103.64038523114625,109.9528568273986,92.13817194356052
2981,91.7776197579736,107.10891997178429,89.88873292625831,98.93370746659042,False,False,维持,0.4051724137931034,0.49137931034482757,0.10344827586206896,105.1468651806656,91.52304741886014,100.6067205262027
2982,95.10046462898416,119.72998249909931,88.83767482692588,96.82297863680635,False,False,升级,0.6724137931034483,0.21551724137931033,0.11206896551724138,102.58437334476511,95.25937983613284,92.48199695129505
2983,91.26909459399853,125.74371521336434,89.2142410782119,103.44790724089522,True,False,缓和,0.28448275862068967,0.4482758620689655,0.2672413793103448,105.58082388122068,106.23944824611465,99.17452351056491
2984,90.17350237956357,114.66376228001482,88.04833262277657,99.02403490714066,False,False,维持,0.3706896551724138,0.49137931034482757,0.13793103448275862,94.3273773267919,94.56002878382591,90.83956191698667
2985,94.50449101079,128.8173560835122,91.29891735546683,103.32332458520325,True,False,维持,0.4051724137931034,0.25,0.3448275862068966,97.66506044559097,93.79000009629009,102.33704865751487
2986,88.331632109198,125.2181619670339,86.677829815762,104.43984090853549,True,False,缓和,0.25,0.45689655172413796,0.29310344827586204,119.49154451548313,117.70147094332795,95.53835162996532
2987,113.24586812331226,125.52860852036974,84.10412630698309,101.16914476964517,True,False,升级,0.5344827586206896,0.19827586206896552,0.2672413793103448,121.72095904536069,94.06866096112925,101.08281287931358
2988,87.47125226086878,136.6235968349687,87.28060054762071,99.5872449507099,True,True,维持,0.5603448275862069,0.3017241379310345,0.13793103448275862,103.26163472933376,94.50041172489924,99.71237274070269
2989,88.75033214965579,119.00879794571823,85.62008843795554,98.33917870706914,False,False,维持,0.3879310344827586,0.5,0.11206896551724138,103.85903333875427,96.32022006662244,93.78818371297771
2990,86.08181935308903,115.08454392975477,86.08181935308903,95.0552744995856,False,False,缓和,0.7241379310344828,0.19827586206896552,0.07758620689655173,103.08888252713804,92.12093969856795,92.14088286309142
2991,92.37926549456539,111.96929335202312,88.36193202533013,99.45741787062718,False,False,维持,0.3879310344827586,0.47413793103448276,0.13793103448275862,94.6463234066444,101.35406636331197,100.16817421876266
2992,91.34742789994081,122.74738397727253,89.25057214082756,100.48050256671574,True,False,维持,0.46551724137931033,0.3448275862068966,0.1896551724137931,116.25965734306412,91.35886473092118,98.42105262950385
2993,85.75931499637805,114.62228779895874,85.63462423521646,96.14200152209746,False,False,缓和,0.5775862068965517,0.35344827586206895,0.06896551724137931,90.69737412370142,99.10636065007283,92.0529330363059
2994,88.79984533883204,109.2753026431205,86.38355402394642,97.81988796389385,False,False,缓和,0.45689655172413796,0.45689655172413796,0.08620689655172414,99.00662707937303,99.89573541767045,99.30702429421304
2995,91.00269878657019,120.38977538748631,88.31106026896437,103.45982509034823,True,False,维持,0.29310344827586204,0.43103448275862066,0.27586206896551724,116.43739440786065,110.83396197078063,94.2618561603334
2996,91.8171889457067,111.26096391660631,86.1654306471646,95.69553242327079,False,False,缓和,0.7241379310344828,0.1896551724137931,0.08620689655172414,102.7395682335857,94.91139046601074,95.78017048180291
2997,98.67613862956584,123.0654092656115,87.47103911423658,99.36130300940448,True,False,缓和,0.46551724137931033,0.35344827586206895,0.1810344827586207,109.75841226812038,104.05621761198277,93.38342269294526
2998,91.1545437946992,126.02235695587233,87.17469352199815,99.34505259051724,True,False,缓和,0.29310344827586204,0.5689655172413793,0.13793103448275862,93.6734076005624,97.47266512025824,96.17002622939005
2999,102.38439690077082,109.5221010003724,88.21357152333687,95.33986151761225,False,False,升级,0.6724137931034483,0.23275862068965517,0.09482758620689655,100.62769925222184,102.3719138373956,91.3134047581608
3000,95.90952269564971,126.38889747892928,89.94276843286698,101.3797988708657,True,False,维持,0.35344827586206895,0.4396551724137931,0.20689655172413793,107.17516296994393,91.47263005612537,89.94276843286698
