sample_id,样本类型,RMSE,MAE,峰值误差,末日误差,高价平台RMSE,低价回落RMSE,前期RMSE,中期RMSE,后期RMSE,模拟峰值,实际峰值,模拟末日价格,实际末日价格,综合得分,平台解释得分,assumption_base_supply,assumption_base_demand,assumption_base_elasticity,assumption_long_elasticity,assumption_supply_interruption,assumption_spr_max_release,assumption_spr_delay_days,assumption_spr_ramp_days,assumption_route_start_day,assumption_route_max_capacity,assumption_route_ramp_days,assumption_commercial_inventory,assumption_inventory_daily_cap,assumption_observed_demand_decline,assumption_demand_decline_ramp_days,assumption_fear_initial,assumption_fear_decay,behavior_pressure_scale,behavior_risk_weight,behavior_uncertainty_floor,behavior_inventory_response,behavior_adjustment_speed,behavior_buffer_relief_strength,behavior_buffer_relief_decay_days,behavior_relief_discount_strength,behavior_relief_start_day,behavior_relief_peak_day,behavior_relief_decay_days
0,最优参数,3.439811749485181,2.8548897149407795,-3.6396745742061256,0.11032542579387439,2.8321250235869257,3.376959600911873,3.140100083755209,4.391530584063217,2.810066411861871,110.42032542579388,114.06,110.42032542579388,110.31,6.6376071367503995,4.332125023586926,10000.0,10000.0,-0.05,-0.2479268282215809,1492.5231232556928,669.5786337029315,3,7,8,237.04455194773104,26,58000.0,250.0,430.0,21,0.1242457730383778,0.1144763363562861,0.0283196277825184,2.4623399459761344,0.2470498531171951,0.6663057882452106,0.3443042960449208,0.22,14,0.24,27,46,4
1,局部扰动,3.504963100180547,2.9728278519049867,-4.400472256670639,-0.6504722566706391,3.6336477512457406,3.2254418512263268,3.1296570986546777,4.407138394535898,2.971586065513247,109.65952774332936,114.06,109.65952774332936,110.31,7.112603262565187,5.654025556582252,10000.0,10000.0,-0.05,-0.24565770961383043,1493.4198605072363,650.9005185024831,3,7,8,231.76806573974832,26,58000.0,250.0,430.0,21,0.12563666316628894,0.11329173989714877,0.03412356004421923,2.3436599740934687,0.2522098042634076,0.6837226893587682,0.3505421906337195,0.21508261586101463,14,0.24,28,47,4
2,局部扰动,3.5407868648035254,2.988450306500188,-4.0002939893003315,-0.25029398930033153,3.280306311048209,3.741690290743632,3.1339438597388494,4.224071437430149,3.2283958585921226,110.05970601069967,114.06,110.05970601069967,110.31,7.033042449186621,4.9805415024884745,10000.0,10000.0,-0.05,-0.2444322878955951,1489.0008601441436,665.4980399624916,3,7,8,249.13633307203523,25,58000.0,250.0,430.0,21,0.12429276810139048,0.11002301534234336,0.030708854120610484,2.509469678695848,0.23943348367978703,0.6661749346176422,0.33573349705737304,0.2162591074085878,14,0.23318923574060316,28,47,4
3,局部扰动,3.444068346078227,2.843055954328586,-3.9769224376488808,-0.22692243764888076,3.130507367928591,3.3435969151335168,3.1644790511607983,4.330578623700162,2.8695938835843124,110.08307756235112,114.06,110.08307756235112,110.31,6.783540812962035,4.812045318047695,10000.0,10000.0,-0.05,-0.24367791033091155,1499.2833616806379,657.60541072384,3,7,9,244.1444668254393,27,58000.0,250.0,430.0,21,0.1230324448836863,0.11673851625241889,0.02575555062180812,2.4408638541080387,0.2440232382880938,0.6616001436068539,0.3367773840908333,0.22,14,0.2398098668677438,28,46,4
4,局部扰动,3.4533991594409863,2.830805921312107,-4.0664945250093325,-0.3164945250093325,3.1662378887435425,3.248651915549341,3.1797212851258387,4.469563054439332,2.740347633276119,109.99350547499067,114.06,109.99350547499067,110.31,6.816691418543121,4.919433508751008,10000.0,10000.0,-0.05,-0.24687562992316628,1491.583492427244,641.6480056003992,4,7,7,238.09244406340065,25,58000.0,252.09695725826893,430.0,21,0.11902991341290145,0.11510071588282544,0.02669988962271374,2.4432157134736125,0.24290966807861716,0.6997646004559991,0.3496746860895429,0.21299873849198353,14,0.24,27,46,4
5,局部扰动,3.5878245099015507,3.006215048789528,-3.9929725239101117,-0.2429725239101117,3.0843203859951123,3.3450842058285155,3.162536152310382,4.60561251320519,2.9693111279879227,110.06702747608989,114.06,110.06702747608989,110.31,6.978579203509195,4.778698405123202,10000.0,10000.0,-0.05,-0.24707687654215005,1482.3421272444484,691.0951413605135,3,7,7,239.63829691690643,27,58000.0,255.23752683977278,430.0,21,0.1173821154064934,0.11531824476607673,0.02792004776081327,2.4059048423066307,0.24817843036474152,0.6529493411864506,0.33844618336193055,0.2087656462695242,13,0.2327010743839087,27,46,4
6,局部扰动,3.4973138328587323,2.936480958466363,-4.0189294365400485,-0.2689294365400485,3.3318803629761455,3.5689291069990947,3.1326754462720205,4.338342968099779,3.017315901203372,110.04107056345995,114.06,110.04107056345995,110.31,6.950160444949236,5.047023912208184,10000.0,10000.0,-0.05,-0.24762999131908955,1508.0073412074112,678.7522569304248,3,7,8,237.81134492163864,26,58000.0,250.0,430.0,21,0.12270479996801377,0.11815161296669202,0.030099340953393974,2.4377650612729047,0.24751565201174228,0.661443937211118,0.3430622435325283,0.2113472296942984,14,0.23071894561693215,27,46,5
7,局部扰动,3.57806943884484,3.0169553027232454,-3.9500401805445904,-0.20004018054459038,3.5471254433956023,3.65850716739976,3.1446910514492847,4.403419515136206,3.152303571580019,110.10995981945541,114.06,110.10995981945541,110.31,7.081875537605866,5.207157587831274,10000.0,10000.0,-0.05,-0.25,1513.8136651511595,652.9040699913332,3,7,7,243.4016510500524,27,58000.0,257.52121153275465,430.0,21,0.12828260108161071,0.11585617091019246,0.02693481926722285,2.4406820209817686,0.2525587401645932,0.6740026988744253,0.32768669793304805,0.21546439600287187,14,0.24,26,47,5
8,局部扰动,3.808305272286469,3.2614599869009946,-1.962168532777909,1.787831467222091,1.6942479542338402,4.33012139402426,3.2274404273375272,4.278431770793687,3.7562450189092504,112.0978314672221,114.06,112.0978314672221,110.31,7.258084656886427,3.1942479542338402,10000.0,10000.0,-0.05,-0.25,1510.6323762783636,643.0945118130412,3,7,8,237.22699435076026,26,58000.0,250.0,430.0,21,0.12659999501500582,0.1124055178504511,0.026866828767603962,2.5110946602593422,0.25958036246268007,0.659336756236421,0.33635324761742413,0.22,14,0.23807157934798873,27,45,4
9,局部扰动,3.5046959739956365,2.936258759489265,-3.9576402437752307,-0.20764024377523072,3.2345603754414523,3.3816792285395034,3.1328317075737147,4.414217795913618,2.962123401356002,110.10235975622477,114.06,110.10235975622477,110.31,6.880848553810378,4.900672570461637,10000.0,10000.0,-0.05,-0.2463492750044243,1491.9771057180353,670.9571951840704,3,7,8,242.458175222006,26,58000.0,250.0,430.0,21,0.1252661422417172,0.11627486219333182,0.027951565285909738,2.414382102249249,0.2503073029272461,0.6610361280054766,0.34830999293509246,0.22,14,0.23489376095643624,27,47,4
10,局部扰动,4.03212766835558,3.407790505744673,-1.4518646038130356,2.2981353961869644,1.6747293249400532,4.7858335812638,3.333478619663874,4.345265144232277,4.1478564592846565,112.60813539618697,114.06,112.60813539618697,110.31,7.677757295872196,3.174729324940053,10000.0,10000.0,-0.05,-0.244234303463183,1494.93624865166,700.0,3,7,8,231.40141883227386,26,58000.0,261.81539442628707,430.0,21,0.12833270668835872,0.1077231427222238,0.02788667494292472,2.6320434503161647,0.25679714965463657,0.6686835561038227,0.336473307018263,0.2196497920625169,14,0.24,27,46,4
11,局部扰动,3.491424594483782,2.9503434469167327,-3.124373421157827,0.6256265788421729,2.428700327853295,3.750037241060935,3.191635418976836,4.284443249313801,3.02135135041572,110.93562657884218,114.06,110.93562657884218,110.31,6.752990359264559,3.928700327853295,10000.0,10000.0,-0.05,-0.24740333235595643,1515.2601960042964,651.5642263951547,3,7,7,234.10074229890589,26,58000.0,250.0,430.0,21,0.12076892783147991,0.11422411056160932,0.028644101149027858,2.5088329146095054,0.24415595258583417,0.6786655381309353,0.3432149668427747,0.22,14,0.24,27,46,4
12,局部扰动,3.6143542993176467,3.0835575095040575,-2.709166058538429,1.040833941461571,2.1026798780916542,4.09637224181584,3.201280887924119,4.247497378812998,3.349599505031251,111.35083394146157,114.06,111.35083394146157,110.31,6.965926284545404,3.6026798780916542,10000.0,10000.0,-0.05,-0.25,1493.5636432918752,677.0831135826637,3,7,9,234.37527240362792,26,58000.0,250.0,430.0,21,0.12933327916494416,0.113694383803581,0.027108151880460302,2.5066063847582316,0.2519875980754178,0.6548710835721954,0.35083528204208797,0.21142150240577556,13,0.2381045232419362,27,46,4
13,局部扰动,3.5610546999459407,3.0137203462274034,-3.635908107662985,0.11409189233701511,2.82646073671843,3.5691437140573448,3.1468256197533195,4.466059650661588,3.048526708631923,110.42409189233702,114.06,110.42409189233702,110.31,6.845455313604412,4.32646073671843,10000.0,10000.0,-0.05,-0.24838000207203087,1486.5675655907753,677.244544643603,3,7,8,233.0365296626318,26,58000.0,253.67300712999457,430.0,21,0.12398692603078938,0.1162242009212209,0.02844918988940425,2.5769253404129957,0.23622692070865522,0.6769073304375016,0.3307397132841342,0.21779780157790787,15,0.22969115584691835,27,46,4
14,局部扰动,3.4616536721849,2.832547462601934,-4.00886495777543,-0.2588649577754296,3.137781502294015,3.181919261165172,3.1415353006756472,4.5012235005410774,2.7516597259708195,110.05113504222457,114.06,110.05113504222457,110.31,6.78398540235843,4.844873468514359,10000.0,10000.0,-0.05,-0.24333424620268018,1485.079073847361,669.9788066540827,3,7,8,236.92737183814504,26,58000.0,250.0,430.0,21,0.12071888493557328,0.11661518341447517,0.027577573851948815,2.4401082124708395,0.2459915145148659,0.6282947817726885,0.34317230127435316,0.22,14,0.2380935148374735,27,46,4
15,局部扰动,3.5909954074079797,2.981812411282056,-4.873758642157995,-1.1237586421579948,4.100681077772294,2.960293935473485,3.1160865890350764,4.712440908336538,2.8906422617956515,109.18624135784201,114.06,109.18624135784201,110.31,7.45438077323796,6.49968799149869,10000.0,10000.0,-0.05,-0.23984189644841927,1496.152937151452,668.2161728512147,3,7,8,227.67407222806878,26,58000.0,253.96624208187075,430.0,21,0.12852224095596732,0.11445223413055157,0.031660783331564114,2.358841407127919,0.2491988139943729,0.6328457365878113,0.3487339731950882,0.22,15,0.22834087421439067,27,46,5
16,局部扰动,3.514239715263416,2.9615352198754215,-3.1819628186900957,0.5680371813099043,2.4989322784627586,3.7840055314429963,3.122045863582743,4.284788360661591,3.1155820632877402,110.8780371813099,114.06,110.8780371813099,110.31,6.798227290059177,3.9989322784627586,10000.0,10000.0,-0.05,-0.24673386071690676,1480.0587367087714,651.243141654712,3,7,8,228.85307179896378,26,58000.0,250.0,430.0,21,0.13124853211108314,0.1145151833177703,0.029957573705901748,2.476825865623232,0.25316566339199725,0.6639352782572537,0.3284360162946962,0.21196571567447847,13,0.24,27,46,4
17,局部扰动,3.8998041162779034,3.1100844570561397,-5.8422745719621645,-2.0922745719621645,4.787198662689337,2.562115482706407,3.1933676161545126,5.272573192914139,3.072270461724545,108.21772542803784,114.06,108.21772542803784,110.31,8.339509840150088,7.961018320259069,10000.0,10000.0,-0.05,-0.25,1509.9166043720809,670.689719475937,3,7,9,239.17528212958956,25,58000.0,256.09106421815255,430.0,21,0.12494183228580111,0.11653867683027674,0.02938426531084058,2.290782993156268,0.23327719387002793,0.690584928663916,0.3450278314064315,0.22,14,0.23734805019296104,27,46,4
18,局部扰动,3.7426989407799467,3.1971904251799783,-2.426572955576603,1.323427044423397,1.948716213933247,4.243310631421329,3.2657657354290084,4.30614378938951,3.5686522846681523,111.6334270444234,114.06,111.6334270444234,110.31,7.165960192965431,3.4487162139332472,10000.0,10000.0,-0.05,-0.24517753603780557,1503.295044104912,681.2021746901476,3,7,9,240.10777976309072,26,58000.0,250.0,430.0,21,0.12198953852521441,0.10829783150044245,0.031017936935994715,2.5321524530124733,0.2522954360027308,0.6897643200463146,0.34701702435022613,0.21265489718611805,14,0.2354719078919385,27,46,4
19,局部扰动,3.533487101078499,2.9898211686588576,-3.4418681708978767,0.30813182910212333,2.6925788619231072,3.5290362416061583,3.1534776360699053,4.452712691096516,2.987056942679477,110.61813182910213,114.06,110.61813182910213,110.31,6.788420134253456,4.192578861923107,10000.0,10000.0,-0.05,-0.24113990526674192,1500.231507754574,692.1622450883274,3,7,8,237.41547364118233,27,58000.0,252.64584484426774,430.0,21,0.12803703212330522,0.11366106400285363,0.026102147406625975,2.504058883779793,0.24344006916083177,0.7006929738384696,0.33197965824772335,0.21998991125512063,14,0.24,27,46,4
20,局部扰动,3.44749572262216,2.8538316407566837,-3.789689944693478,-0.039689944693478196,2.9829877656885126,3.4309717863509217,3.1539355052635427,4.296533221186971,2.91839210353304,110.27031005530652,114.06,110.27031005530652,110.31,6.699746109940677,4.514739721443295,10000.0,10000.0,-0.05,-0.25,1502.862514501343,670.6380072877178,3,7,8,234.88179630042043,26,58000.0,259.4162437489096,430.0,21,0.1224177535795013,0.11490497695448895,0.026822873024325497,2.4214784182435247,0.24836701861497912,0.6779843574036678,0.33444313002818915,0.21692823666809324,14,0.24,28,46,4
21,局部扰动,3.6224721656449193,3.0947264068890847,-3.7692717220513003,-0.019271722051300344,2.887682134125438,3.7086119849508967,3.117983263233138,4.392691506980075,3.2844920879749493,110.2907282779487,114.06,110.2907282779487,110.31,6.974336466239057,4.403099511766478,10000.0,10000.0,-0.05,-0.25,1493.7703159250696,700.0,3,7,7,240.2803197338346,26,58000.0,250.0,430.0,21,0.12431066053166144,0.11256545658740164,0.03372279886823377,2.4971676362411306,0.24001582534087554,0.6704280450054884,0.33435715754304474,0.22,14,0.22285352286990398,28,46,4
22,局部扰动,3.617191461186447,2.983926759005349,-4.772585754892944,-1.022585754892944,3.7689232469726415,2.9431886486662338,3.1932183704469947,4.844809762807229,2.769680959557423,109.28741424510706,114.06,109.28741424510706,110.31,7.385573443404933,6.086991850886997,10000.0,10000.0,-0.05,-0.25,1467.9758520433595,645.8198707648567,3,7,8,244.41509757021672,27,58000.0,251.30168201162738,430.0,21,0.12345638586339273,0.11409873347359656,0.023778348350566702,2.481664491400275,0.2324289803296084,0.6893158574838615,0.3496951781393508,0.21279347837485232,14,0.24,27,46,4
23,局部扰动,3.4603995345528524,2.897119098487535,-3.132506651393882,0.6174933486061178,2.487205649545051,3.5325282309114674,3.1425392636144878,4.357513485255343,2.8979366311899994,110.92749334860612,114.06,110.92749334860612,110.31,6.67184505445756,3.987205649545051,10000.0,10000.0,-0.05,-0.25,1486.41730348675,658.6806437301568,3,7,8,242.3456293433764,26,58000.0,250.0,430.0,21,0.12364317460492497,0.11280477270237259,0.028961282988308933,2.4662697218326883,0.25750478577430785,0.6334281593287051,0.33765930056668886,0.22,15,0.2399461520796146,27,46,4
24,局部扰动,3.7595310165107287,3.1973539951208827,-2.5048282319754946,1.2451717680245054,1.9558140850756898,4.328225039720235,3.238062522153571,4.201231878763111,3.7015244690201827,111.55517176802451,114.06,111.55517176802451,110.31,7.203231957356586,3.45581408507569,10000.0,10000.0,-0.05,-0.2495387718512815,1519.1574237726984,666.8171039785258,3,7,9,227.45921870364867,27,58000.0,250.0,430.0,21,0.11798649464659693,0.11625923559425112,0.024342941366543396,2.5029313749796858,0.25160673278958745,0.6853159596708959,0.3516041541771094,0.22,14,0.2214304436377952,27,46,4
25,局部扰动,3.7149718055782364,3.0013745102006255,-4.710486397178144,-0.9604863971781441,3.776603159181655,2.7377798570217586,3.187894967753258,5.114943064569975,2.732348548622153,109.34951360282186,114.06,109.34951360282186,110.31,7.444644835080342,6.04499227692417,10000.0,10000.0,-0.05,-0.25,1477.0479848623627,643.6495034816495,4,7,7,235.90280857249394,26,58000.0,250.0,430.0,21,0.12163660467194212,0.11997431635300856,0.02737741303545385,2.375971723125109,0.24681907634406103,0.7046314193023568,0.34325896748818313,0.22,15,0.24,27,46,4
26,局部扰动,3.5855612339301297,3.0152362410835343,-4.6166782227741265,-0.8666782227741265,3.7414007338584105,3.2476731438910638,3.130731026580601,4.5601185085604,3.0272232674100708,109.44332177722588,114.06,109.44332177722588,110.31,7.339159842508372,5.934743312077712,10000.0,10000.0,-0.05,-0.25,1489.3731199264344,640.8718840425672,3,7,8,230.84693300015755,26,58000.0,250.0,430.0,21,0.12705374260268246,0.11095363090880477,0.029004293945888007,2.4004719914788586,0.24230411004320562,0.6605301142816435,0.3506413387514939,0.22,14,0.2209817937334758,27,47,4
27,局部扰动,3.6544637862713785,2.997063643394168,-4.574048744915402,-0.8240487449154017,3.58472293291192,2.9237487233444255,3.16300077668875,4.95390810890733,2.76635969522035,109.4859512550846,114.06,109.4859512550846,110.31,7.311242743033286,5.743961928844242,10000.0,10000.0,-0.05,-0.24204454253883234,1466.372116157654,676.876196285153,3,7,7,236.0487455429512,26,58000.0,250.0,430.0,21,0.12539698983060032,0.1168071115406096,0.027174949277584418,2.4440232229509493,0.23875154478102092,0.6758964344015518,0.3407274051331271,0.22,13,0.23308143691707803,26,46,4
28,局部扰动,3.587595762981454,2.9601436276260022,-4.438865754236943,-0.688865754236943,3.465769079416736,3.0315918401040287,3.1444080023362293,4.745583247601526,2.8285166137405264,109.62113424576306,114.06,109.62113424576306,110.31,7.169069185985139,5.51686168280629,10000.0,10000.0,-0.05,-0.25,1474.1839171789761,688.2239772934356,3,7,9,225.83708360344582,26,58000.0,254.01739962165834,430.0,21,0.12298716872550489,0.11239409367388127,0.026807216491672333,2.4164803664070456,0.24518943461745324,0.6845346069472725,0.35429241553278223,0.21738846254659366,15,0.23105178935020668,28,46,4
29,局部扰动,3.4796340229769087,2.8440547917956547,-4.132910557127474,-0.3829105571274738,3.2600504157326946,3.2167312144873024,3.133981830167581,4.590639537429943,2.707004781698007,109.92708944287253,114.06,109.92708944287253,110.31,6.884178379469235,5.066378861434673,10000.0,10000.0,-0.05,-0.240341919921794,1488.817249972924,652.8553062435161,3,7,7,230.8698972485362,27,58000.0,250.0,430.0,21,0.1270733649759406,0.11534458892533483,0.028350887001127426,2.5012724715869066,0.23648976749940645,0.6758407916099125,0.334561707495349,0.2130790528171184,14,0.24,26,46,4
30,局部扰动,3.666951166655661,3.089988326159209,-4.788553437575402,-1.038553437575402,3.96607173958353,3.2272161765288176,3.1487797693117074,4.652303507562146,3.1355296821063745,109.2714465624246,114.06,109.2714465624246,110.31,7.560635222281318,6.296914489643852,10000.0,10000.0,-0.05,-0.24662611379520824,1479.9227172737653,686.8171717686738,3,7,7,229.66730744094068,26,58000.0,258.48625056151224,430.0,21,0.1164849370690718,0.11419131259447172,0.02932797521037573,2.3899177845984987,0.2454685039313629,0.6422076517030871,0.34392049585249523,0.22,13,0.22654845779928884,28,46,5
31,局部扰动,3.5346856757218426,2.9605822372690103,-4.065058072245776,-0.3150580722457761,3.3317448919751746,3.40289247343447,3.183217537955923,4.583363437137554,2.83818714451541,109.99494192775423,114.06,109.99494192775423,110.31,6.981607590270913,5.083791349771795,10000.0,10000.0,-0.05,-0.24752215596982,1482.4639686373816,667.7373681843659,3,7,7,235.8613290014956,25,58000.0,250.0,430.0,21,0.12376264272172889,0.11552562481064776,0.02288638186380343,2.47954845661896,0.2450212136117788,0.6623979859832392,0.3646067502019361,0.20008110890280184,14,0.23880521886002576,26,46,5
32,局部扰动,3.5802424164185798,3.038995839265351,-4.408659472005027,-0.6586594720050272,3.6773915820385614,3.291103451163132,3.1243659596833266,4.585859297113572,2.9907355276524776,109.65134052799498,114.06,109.65134052799498,110.31,7.234205963129064,5.7043191596425835,10000.0,10000.0,-0.05,-0.24806941385021353,1488.5865096115183,673.7209609573174,3,7,8,236.7855232611505,27,58000.0,250.0,430.0,21,0.12395335875848033,0.11466328906746552,0.03062879928068849,2.482828565340728,0.24053510121098118,0.6738214285559256,0.3391797940181161,0.22,14,0.23240372708069199,27,46,5
33,局部扰动,3.7289373408132858,3.0276510852706005,-5.5687232985350335,-1.8187232985350335,4.636628496216422,2.836432953269956,3.16667960694793,4.90821464204439,3.0241436343263817,108.49127670146497,114.06,108.49127670146497,110.31,8.016748195232934,7.591607135044448,10000.0,10000.0,-0.05,-0.2449883220459848,1485.4664389627196,674.27166929953,3,7,8,235.65659004284046,27,58000.0,250.0,430.0,21,0.1278902640225073,0.11191408665453652,0.028188919544269,2.445467173373649,0.22820146668594532,0.67207736351538,0.3293232670650277,0.22,14,0.24,27,45,5
34,局部扰动,3.569476661474394,2.943534016566406,-4.413810945310203,-0.6638109453102032,3.4377603113309463,2.9695177331479696,3.12659428735118,4.8009614108857015,2.7244290840574426,109.6461890546898,114.06,109.6461890546898,110.31,7.110072744449027,5.46880906757911,10000.0,10000.0,-0.05,-0.25,1480.643816408263,697.9608017571649,3,7,8,229.95138670393732,27,58000.0,250.69554900842272,430.0,21,0.1292147237033037,0.11748317414078432,0.028034639916077176,2.451426521740179,0.23841940696046393,0.6495137015694857,0.35738928139815507,0.22,14,0.24,27,46,4
35,局部扰动,3.574268166585126,2.9109621216006536,-4.358197163163041,-0.608197163163041,3.450273647352767,3.025516362856555,3.1367988121721235,4.783281917671297,2.752630752944303,109.70180283683696,114.06,109.70180283683696,110.31,7.105974105536775,5.4368313778832,10000.0,10000.0,-0.05,-0.25,1485.7969942385175,671.3373078853376,3,7,8,230.72185180284612,27,58000.0,250.0,430.0,21,0.12305949477599581,0.11538820222825394,0.027265278156124277,2.3624658674746426,0.2527713781964573,0.658886076983698,0.3608875875855361,0.22,14,0.23179486863768256,26,45,5
36,局部扰动,3.5662322669900393,2.91693661139908,-4.0239849198370905,-0.2739849198370905,3.130615104239453,3.0033334736879467,3.1641638766531095,4.7962978967352194,2.697747615687572,110.03601508016291,114.06,110.03601508016291,110.31,6.890567755446842,4.849803040109126,10000.0,10000.0,-0.05,-0.25,1469.2904945510948,666.690670556157,3,7,7,231.91718960868056,26,58000.0,250.0,430.0,21,0.12741607035220914,0.11864112520740615,0.02345298016565349,2.436066388214619,0.2499765976497259,0.639630960961906,0.35723363992227597,0.22,15,0.23913039100612304,27,46,4
37,局部扰动,3.5694913780620126,2.9613128155565023,-4.100528766699384,-0.3505287666993837,3.239998176756319,3.1448635760484116,3.1649702492368084,4.700273287883824,2.816744075426888,109.95947123330062,114.06,109.95947123330062,110.31,6.980147651310213,5.020421190115826,10000.0,10000.0,-0.05,-0.24222678875111622,1485.9444232923968,694.0979496826441,4,7,8,239.69152749005855,25,58000.0,257.35886925073726,430.0,21,0.11794949552195905,0.1182303316150964,0.029015686027840267,2.4547571412062257,0.24301016055824856,0.6783497305211525,0.3307104785143241,0.22,14,0.23846438835929035,27,46,4
38,局部扰动,3.741375975429721,3.1593752752550333,-2.8098273964152156,0.9401726035847844,2.3303739375045724,4.405845566309647,3.1933696057749295,4.120122835940529,3.74212607205828,111.25017260358479,114.06,111.25017260358479,110.31,7.232194684146728,3.830373937504573,10000.0,10000.0,-0.05,-0.25,1503.7701788670443,652.6066028909873,3,7,8,243.97551348913424,26,58000.0,250.0,430.0,21,0.120593148338666,0.1151144269076498,0.026004974844369835,2.507227386277876,0.2531030644436304,0.6421515692954343,0.3405288113767907,0.22,14,0.22834059809533236,28,47,4
39,局部扰动,3.5561420205878487,2.9951146858959863,-3.1863200649678305,0.5636799350321695,2.6201618736742915,3.8566515082266575,3.254180891293823,4.513233887149737,2.928238309646055,110.87367993503217,114.06,110.87367993503217,110.31,6.880720239020917,4.1201618736742915,10000.0,10000.0,-0.05,-0.2456395841894503,1512.103509949222,628.7920307987192,3,7,8,246.81696951652552,26,58000.0,255.66113889228743,430.0,21,0.12587604349321196,0.11409116702189659,0.030599535867488523,2.4788122303869193,0.2498531369938677,0.6588158898554117,0.35466901981070725,0.22,14,0.24,26,47,4
40,局部扰动,3.5796758365442702,3.0007170297093686,-4.358187145638283,-0.6081871456382828,3.395486158164563,3.2686553457064784,3.161567975247095,4.642690247791226,2.9092053190625773,109.70181285436172,114.06,109.70181285436172,110.31,7.16120888222921,5.382035874675189,10000.0,10000.0,-0.05,-0.24085792343586082,1470.733036773575,682.2450098815015,4,7,8,235.78566075048255,26,58000.0,260.23231356436025,430.0,21,0.12352495524052139,0.1159726796157947,0.027982865846849055,2.502003880456436,0.235444202821014,0.6726193974788116,0.3378795959246344,0.20894341164455502,14,0.22932583632378764,27,46,4
41,局部扰动,3.625665261905546,3.0093636295977704,-4.786596243655211,-1.036596243655211,3.997451733110179,2.9198038230824577,3.1224703128010534,4.805549919594526,2.8796185708916378,109.27340375634479,114.06,109.27340375634479,110.31,7.437009790319724,6.326728728034348,10000.0,10000.0,-0.05,-0.24382526727012382,1474.2478814918982,631.4498419141074,3,7,8,250.53513405736084,27,58000.0,260.5321976829234,430.0,21,0.12273707013571995,0.11589759872493136,0.03163475938027417,2.423107397103597,0.24165439137935898,0.6468967352722949,0.34146159695251027,0.2177289559096947,14,0.23942059677774852,26,47,4
42,局部扰动,3.843255515610291,3.2766939505348343,-2.4773936410929167,1.2726063589070833,1.885283030242856,4.3705664758309775,3.214415805870761,4.350324550577871,3.7849105521416235,111.58260635890709,114.06,111.58260635890709,110.31,7.315432995900978,3.385283030242856,10000.0,10000.0,-0.05,-0.2488878273446912,1472.4568263331973,661.5983898616623,4,7,8,241.83524846089253,25,58000.0,269.6865844577898,430.0,21,0.125264890979351,0.11214718907974239,0.031264550209434534,2.634798433135562,0.24319200791514248,0.6935088376731793,0.32484132402317056,0.21192773852669589,13,0.2354899069035078,27,45,4
43,局部扰动,3.4635708272073797,2.8418564240118958,-4.007456581173983,-0.25745658117398307,3.1495450503384754,3.3783165761858913,3.126060315801955,4.486293730293811,2.7822603699732094,110.05254341882602,114.06,110.05254341882602,110.31,6.824244382126574,4.8555103152776615,10000.0,10000.0,-0.05,-0.24972229938981005,1502.0093453731308,636.6065309182663,3,7,8,236.35579721621977,25,58000.0,251.20486533496594,430.0,21,0.12337135494877169,0.11451197333116316,0.029968323778430173,2.405429903810904,0.24606515597188208,0.638710392038247,0.33466696914553856,0.22,13,0.23808215981084024,27,46,4
44,局部扰动,3.4546654714132,2.8622959040982905,-4.077286233207545,-0.3272862332075448,3.037369852197112,3.315063916875848,3.1405468016795965,4.381561191516235,2.8596565469123765,109.98271376679246,114.06,109.98271376679246,110.31,6.821652396851541,4.7991988387631475,10000.0,10000.0,-0.05,-0.24328668927531727,1505.4400118045396,661.6467633680212,3,7,8,246.4172517523118,26,58000.0,250.0,430.0,21,0.13054878096553976,0.11169925170248596,0.02870513266515131,2.439040793866764,0.23894727001329533,0.6599487102846755,0.3476079387559603,0.22,14,0.24,28,45,4
45,局部扰动,3.745332445530328,3.203705491085464,-2.7133337004455598,1.0366662995544402,2.3465507755929385,4.509112242278232,3.2791295979912864,4.200541337904912,3.651238735018056,111.34666629955444,114.06,111.34666629955444,110.31,7.265572065067866,3.846550775592939,10000.0,10000.0,-0.05,-0.25,1526.6709922137945,669.113104475656,3,7,8,234.13630633484064,26,58000.0,250.0,430.0,21,0.12786830693415538,0.11747880750484907,0.03249083172907581,2.5289674120175984,0.2504961272431812,0.6713208933080229,0.3373485414669309,0.22,13,0.24,28,46,5
46,局部扰动,3.5265087554705867,2.9576684634725994,-3.6478736981587048,0.10212630184129523,2.8533360997805235,3.3574808058859844,3.1374012519716117,4.5358276950465095,2.8930107157322653,110.4121263018413,114.06,110.4121263018413,110.31,6.755491433063189,4.353336099780523,10000.0,10000.0,-0.05,-0.25,1476.2430896672815,665.2250552902756,3,7,7,239.97014432515923,25,58000.0,250.0,430.0,21,0.12366709583370605,0.11389109927359939,0.0278311927539789,2.5016074285826915,0.2454958921706896,0.6149774580336275,0.33487261910489324,0.22,14,0.24,27,46,4
47,局部扰动,3.6098525602541622,3.088940403242658,-2.8680156197889204,0.8819843802110796,2.2408650699121457,3.8902000021336915,3.2255762466435614,4.347218040348629,3.2396619774798623,111.19198438021108,114.06,111.19198438021108,110.31,6.932192010521041,3.7408650699121457,10000.0,10000.0,-0.05,-0.24106285262244098,1486.8954627196424,652.549136228302,4,7,7,236.57186905810406,25,58000.0,250.6645355988451,430.0,21,0.12407035225867188,0.11330439279439061,0.028220194241555686,2.529680431024488,0.25028253340728207,0.6867660759771371,0.3419047181777029,0.21542466459230533,14,0.23860643632960563,27,46,4
48,局部扰动,3.5116542591585644,2.880339567235331,-3.6357164387466554,0.1142835612533446,2.71556903502362,3.2174644728000996,3.126793305703056,4.578873757318251,2.8131369603460556,110.42428356125335,114.06,110.42428356125335,110.31,6.6848920980036395,4.21556903502362,10000.0,10000.0,-0.05,-0.24857577634882663,1521.139268236751,669.4869097126491,3,7,7,237.45119133816883,26,58000.0,250.0,430.0,21,0.11742649181153843,0.11053567137333985,0.029922376674684063,2.334632326098845,0.25715286602670556,0.656509275676417,0.3449553936022399,0.22,15,0.23823760905752137,27,45,4
49,局部扰动,3.552004322704953,2.969209253348746,-4.034561054080427,-0.2845610540804273,3.3548697939859617,3.259880213512184,3.1916743317064933,4.649652403808651,2.808536447264287,110.02543894591957,114.06,110.02543894591957,110.31,6.9665614733406205,5.0825186372503035,10000.0,10000.0,-0.05,-0.25,1488.7274678206174,685.6935647966325,4,7,7,240.4615576133795,27,58000.0,250.0,430.0,21,0.12329988634859447,0.11798005569549197,0.02450797618657232,2.4814363231752954,0.24555435995359015,0.6688181143385472,0.3525968595506442,0.22,14,0.24,26,46,5
50,局部扰动,3.524161809559402,2.952564009952184,-3.1493824450011374,0.6006175549988626,2.3041045105617504,3.619723855397954,3.1698152247607188,4.352860790799869,3.0512946831396994,110.91061755499886,114.06,110.91061755499886,110.31,6.753312822697656,3.8041045105617504,10000.0,10000.0,-0.05,-0.25,1487.8819462738106,666.3541127811254,3,7,9,225.12267074619473,26,58000.0,250.4187487799122,430.0,21,0.1214812100129242,0.10947192221258958,0.027622037707932135,2.4899239902440775,0.2493263433801452,0.6639494366658547,0.3491666123229697,0.22,14,0.24,27,45,4
51,局部扰动,3.7452693769904797,3.0224165865571093,-4.933238750926762,-1.183238750926762,3.9579406065080764,2.7031775625948633,3.1747636381213,5.162838083092845,2.770637194527295,109.12676124907324,114.06,109.12676124907324,110.31,7.607216768711419,6.404531607249487,10000.0,10000.0,-0.05,-0.23956653099761754,1487.8431722302926,695.9567993814927,4,7,8,234.09445522983793,27,58000.0,255.6648624877697,430.0,21,0.12185508668081127,0.11677292948548504,0.027599154402928545,2.357460617309841,0.24340535786991008,0.6481780797367103,0.3471016639397228,0.21760362828705943,15,0.23873221818477636,27,46,4
52,局部扰动,3.5933316041117735,3.072149641876182,-3.306852233173416,0.4431477668265842,2.9510618301774896,4.037585008911509,3.301304285621768,4.211595246420212,3.278670459795938,110.75314776682659,114.06,110.75314776682659,110.31,7.026622195192105,4.45106183017749,10000.0,10000.0,-0.05,-0.24034491994626137,1485.6373626251825,648.8217470667933,4,7,9,239.3129790493028,26,58000.0,251.95397433002213,430.0,21,0.1226018846510729,0.11206876794321488,0.031009500792429864,2.491720934738372,0.25896093193741077,0.6683775198159458,0.35405713641187,0.22,14,0.24,27,47,5
53,局部扰动,3.682084270976962,3.1565225116838347,-2.3753200517677158,1.3746799482322842,1.9417354170364054,4.066567706981903,3.2861703776048135,4.301750021561463,3.4212044097929124,111.68467994823229,114.06,111.68467994823229,110.31,7.050428009863458,3.441735417036406,10000.0,10000.0,-0.05,-0.25,1495.3968112043656,691.5507254894659,4,7,8,229.1859639608183,27,58000.0,250.0,430.0,21,0.12564753823591598,0.1109425806550452,0.02986584467260444,2.5022343139932115,0.2586563516275429,0.6463545574913515,0.3483284902314426,0.22,14,0.24,27,46,4
54,局部扰动,3.5163479301676754,2.893573320806736,-4.448024371697741,-0.6980243716977412,3.5579530427876955,3.0940810702281842,3.1622146974031633,4.524584847825669,2.863352637715161,109.61197562830226,114.06,109.61197562830226,110.31,7.108905866707076,5.616372540145888,10000.0,10000.0,-0.05,-0.247630880165362,1497.5592563494122,673.1301679383962,3,7,8,240.20937966460784,25,58000.0,253.91813610113465,430.0,21,0.12716302443334448,0.11340331014099646,0.02907893306077672,2.3420952618368562,0.25006236867363857,0.6747582546451517,0.32702517926991825,0.21865230062789834,14,0.23389724049172972,28,46,4
55,局部扰动,3.458883683123721,2.8810033435109763,-3.6155869904729485,0.13441300952705149,2.7862668404286195,3.445197227815768,3.1474044450525045,4.281614752695022,2.965832900925211,110.44441300952705,114.06,110.44441300952705,110.31,6.679012086567446,4.28626684042862,10000.0,10000.0,-0.05,-0.2475727648231608,1493.0884854737606,676.5642279321492,3,7,8,235.02605291489377,26,58000.0,271.7981010340069,430.0,21,0.11764091518312315,0.11535415034003878,0.027109785091798715,2.3979960389653083,0.25446843800746294,0.6622649412535977,0.3501568197649438,0.22,14,0.23421612315004223,28,46,4
56,局部扰动,3.535858143231352,3.004142197448118,-2.827961214890891,0.922038785109109,2.2281268373202754,3.8763474572462395,3.1867575452406594,4.2612194241014985,3.1561273385361566,111.23203878510911,114.06,111.23203878510911,110.31,6.825781807646739,3.728126837320276,10000.0,10000.0,-0.05,-0.24666231193132312,1506.743181307255,678.0534516594067,3,7,8,237.9114045653094,27,58000.0,250.0,430.0,21,0.12859808663873953,0.11560617656358577,0.028491220550503918,2.5007353954932157,0.25110668083301974,0.6586222106322465,0.34197646995736686,0.22,14,0.23895302408910438,27,46,4
57,局部扰动,3.811989039078501,3.224700587436028,-2.5138242878272905,1.2361757121727095,2.1870885538969462,4.491925100084262,3.288497840733446,4.288362713109487,3.729041845557461,111.54617571217271,114.06,111.54617571217271,110.31,7.3408584244483395,3.6870885538969462,10000.0,10000.0,-0.05,-0.24368506243331597,1504.3087888502696,683.7297700532113,3,7,7,243.63187595130725,27,58000.0,250.8778315931204,430.0,21,0.12260681709082633,0.11529154288468531,0.021999573488997073,2.6217437766237794,0.24711041605505643,0.648462537511231,0.3411297864450607,0.22,14,0.23279793582714384,27,46,5
58,局部扰动,3.5638160114492052,3.011130906992374,-2.9250432625311333,0.8249567374688667,2.2810899015080004,3.735381170662837,3.1399191657531498,4.38093985940601,3.140285073144391,111.13495673746887,114.06,111.13495673746887,110.31,6.8373503404532485,3.7810899015080004,10000.0,10000.0,-0.05,-0.25,1497.9614803399209,661.8886925601515,3,7,9,232.3370850016164,26,58000.0,250.0,430.0,21,0.12023725786443729,0.11168443405979966,0.031248592652096518,2.4255715429370572,0.26036762998787366,0.6376034156387466,0.3393371255831535,0.22,14,0.22846965712131487,26,46,4
59,局部扰动,3.546303964314012,2.937676381285988,-3.958566712907654,-0.20856671290765405,3.107849850790178,3.19358357166654,3.143185181487151,4.702471621884556,2.762395511793276,110.10143328709235,114.06,110.10143328709235,110.31,6.869891514168355,4.774703221116301,10000.0,10000.0,-0.05,-0.24977019186660893,1473.9047941832816,665.9278144463468,3,7,7,237.03185933864333,25,58000.0,250.0,430.0,21,0.11917243293633725,0.11564351423313511,0.028738270333365037,2.501996138264981,0.24129484044980753,0.6919073680464382,0.3334520838868484,0.2106732539979756,14,0.24,26,46,4
60,局部扰动,3.480715260294195,2.9221209677332327,-4.3823199446974,-0.6323199446974002,3.668822120934852,3.400371960263261,3.1869604281746295,4.396225242569872,2.8868205234205506,109.6776800553026,114.06,109.6776800553026,110.31,7.107259481100678,5.674678076692771,10000.0,10000.0,-0.05,-0.24586753884528276,1500.2144922171651,683.7098203115214,4,7,9,236.109477431901,26,58000.0,250.0,430.0,21,0.12723826743456132,0.11313004863425179,0.02861863999726642,2.4663259621326175,0.2406999342994231,0.6680152070367275,0.3477822131509418,0.21049691498241865,14,0.24,27,46,5
61,局部扰动,3.4581874908017967,2.876782829091269,-3.7805481356723902,-0.03054813567239023,2.903674091388124,3.412635158756649,3.1654048089795954,4.412924180590601,2.82222921015715,110.27945186432761,114.06,110.27945186432761,110.31,6.689160330715496,4.4281125999260365,10000.0,10000.0,-0.05,-0.2407314635170552,1478.0053249613768,661.6446259149823,3,7,9,226.74870777334203,26,58000.0,253.387614749395,430.0,21,0.1244729509314837,0.11691914550826583,0.027352198053896614,2.515446607684198,0.2424171277829253,0.6573999316672534,0.35550179238672236,0.21378435918622604,15,0.23245231077925496,27,46,4
62,局部扰动,3.7611363015248562,3.19574843109439,-2.1979861433344183,1.5520138566655817,1.8446936729534367,4.268103662527584,3.2362535258734026,4.318963484271452,3.614572259474538,111.86201385666558,114.06,111.86201385666558,110.31,7.190948752478915,3.3446936729534364,10000.0,10000.0,-0.05,-0.2488216772337672,1496.7588187129843,692.9221051895731,3,7,9,243.59997929812644,26,58000.0,262.8353795831411,430.0,21,0.1294422002888015,0.11659612554712777,0.024443057589124864,2.5413812964348717,0.2557574754446234,0.7025392484903668,0.34903454181388843,0.21115511143693652,14,0.23923592721374534,27,46,4
63,局部扰动,3.5555663641557658,3.0159616744367934,-3.166362749425275,0.5836372505747249,2.493740240543628,3.6149366094579816,3.131886631162776,4.502611725698098,3.0064167431836575,110.89363725057473,114.06,110.89363725057473,110.31,6.816792669064845,3.993740240543628,10000.0,10000.0,-0.05,-0.23469200333976906,1475.669697273058,678.3968576161535,3,7,8,229.1336791107523,27,58000.0,250.0,430.0,21,0.12612748778324087,0.11778225106807867,0.02910197352844236,2.527420070563586,0.24942285662489297,0.6560948049551368,0.3281865481474471,0.209159240305351,14,0.24,26,46,4
64,局部扰动,3.475341651011793,2.929537966510363,-4.110758282084916,-0.360758282084916,3.4034684112191087,3.6119361146668276,3.157229954062402,4.310524407368644,2.9745762487760183,109.94924171791509,114.06,109.94924171791509,110.31,6.979905888424309,5.192075036887042,10000.0,10000.0,-0.05,-0.24171576248865206,1493.5696522907992,662.0716833514663,3,7,8,234.95267636634242,27,58000.0,250.0,430.0,21,0.12366605934215276,0.11274902641936668,0.0307350493148365,2.4821905535749127,0.2418966882289941,0.6538634296002132,0.3490573023529913,0.20623104512311463,13,0.24,27,46,5
65,局部扰动,3.577263644744238,3.06127552666458,-3.0827409534612826,0.6672590465387174,2.419111973546516,3.7679031195831456,3.1379951156908548,4.312418040996584,3.236540338466446,110.97725904653872,114.06,110.97725904653872,110.31,6.8783427943545705,3.919111973546516,10000.0,10000.0,-0.05,-0.24855375685588185,1486.5723842093603,679.8025846799214,3,7,8,235.68335402514487,27,58000.0,250.0,430.0,21,0.12366722420213624,0.11054226214559262,0.02966236225673257,2.4858795420680724,0.2532246938475275,0.6560847021218056,0.3354857351968146,0.22,14,0.24,28,46,4
66,局部扰动,3.629926939722269,3.0753630881394876,-2.4526047638895676,1.2973952361104324,2.0506575887906275,4.1036309261092265,3.167705736017312,4.269978843880428,3.383974660243771,111.60739523611043,114.06,111.60739523611043,110.31,6.9926864949776535,3.5506575887906275,10000.0,10000.0,-0.05,-0.2397349130271645,1502.6347896882712,674.2643154932044,3,7,8,232.62863387334752,25,58000.0,251.3946292801909,430.0,21,0.12529549300181755,0.11155353861858512,0.02656743438885886,2.484273110340319,0.26033074520624455,0.6718030862047103,0.3246024103579231,0.21536764289907553,14,0.24,27,46,4
67,局部扰动,3.543564262306255,2.9496448665054023,-4.21575843633606,-0.46575843633605984,3.320708648983119,3.2148144673450734,3.1373326924136,4.573148935420713,2.8995229170873897,109.84424156366394,114.06,109.84424156366394,110.31,7.02710038054291,5.193315398051967,10000.0,10000.0,-0.05,-0.25,1487.8304873714987,686.9617763880318,3,7,8,240.7894626365326,26,58000.0,250.0,430.0,21,0.12250078534815312,0.11772962602402165,0.02913200939159438,2.407490655301372,0.24585655494669248,0.6770354265181668,0.33720707335131805,0.20780383174118983,14,0.24,28,46,4
68,局部扰动,3.4888896582369844,2.933589234923296,-3.8605853983812324,-0.11058539838123238,2.9512870184353366,3.435486562404611,3.138779482090482,4.325713176731277,3.0046925391101693,110.19941460161877,114.06,110.19941460161877,110.31,6.786317497605112,4.539755337140323,10000.0,10000.0,-0.05,-0.25,1495.3897998631842,648.4898863369075,3,7,8,239.72377110430818,26,58000.0,250.0,430.0,21,0.12563505047692863,0.1134734801177756,0.03353411550659498,2.3541855566314265,0.25525506743568865,0.6562926081006173,0.3536138307069898,0.2188670271875999,14,0.22518310741903957,28,46,4
69,局部扰动,3.7587322826141962,3.0487947519589276,-5.040872937628606,-1.290872937628606,4.056836160482561,2.7662042329590264,3.2892068126528096,5.10158350562742,2.815918097767007,109.0191270623714,114.06,109.0191270623714,110.31,7.709827386343767,6.589534510585446,10000.0,10000.0,-0.05,-0.25,1481.3758447408047,678.665518752514,3,7,7,230.33579202367667,27,58000.0,250.0,430.0,21,0.11936141301035323,0.1186168565843302,0.023109398286332343,2.4152953587919517,0.23491682438864414,0.6509286687789743,0.3381213263115397,0.22,14,0.24,27,46,4
70,局部扰动,3.6751416172843974,3.133800429384443,-3.0703951603003787,0.6796048396996213,2.7718201911375897,4.302001501718931,3.2717838349005564,4.255382113377552,3.450607197146424,110.98960483969962,114.06,110.98960483969962,110.31,7.173624367529153,4.271820191137589,10000.0,10000.0,-0.05,-0.2486709014262673,1501.905529404569,665.4395442790542,4,7,9,234.24503049134069,26,58000.0,250.0,430.0,21,0.1269255280024812,0.11153094943799423,0.027736087642175822,2.4650023031528465,0.2620472147634901,0.6662186534584423,0.34991863948494467,0.20621598670179367,14,0.24,27,47,5
71,局部扰动,3.4505946427932344,2.836853143693116,-4.264745816807832,-0.5147458168078316,3.3356006887543503,3.1070803311000743,3.154822753687889,4.454646964073664,2.7637747579446295,109.79525418319217,114.06,109.79525418319217,110.31,6.902460645829344,5.247397342200616,10000.0,10000.0,-0.05,-0.25,1481.8909991613789,655.9915735265992,4,7,8,248.56153085053563,26,58000.0,256.22032224387476,430.0,21,0.12067955927023555,0.12,0.030438940073511698,2.3860993074594408,0.24879531747935046,0.6673039083330835,0.3547224317675007,0.21811639762952292,14,0.24,28,46,4
72,局部扰动,3.530306920723088,2.990733092583256,-3.420844034628729,0.329155965371271,2.648142200705212,3.5552848180391057,3.1611399239886357,4.444175682656175,2.983050955948472,110.63915596537127,114.06,110.63915596537127,110.31,6.783524361212574,4.148142200705212,10000.0,10000.0,-0.05,-0.24768919123342686,1502.9953726833558,699.7481901683601,3,7,8,230.22289302451387,26,58000.0,250.0,430.0,21,0.12391234950168654,0.11023389749557361,0.025265606237182894,2.4748288697693277,0.24585733996838546,0.6330883707635583,0.34128565447371106,0.21341312422801037,14,0.24,27,46,4
73,局部扰动,3.62281616857685,3.0931529827239643,-4.528052644052167,-0.7780526440521669,4.028230906792974,3.255045811731026,3.1194818755889315,4.58787056660896,3.1015973918449182,109.53194735594784,114.06,109.53194735594784,110.31,7.396252564126687,6.150673022034708,10000.0,10000.0,-0.05,-0.24873199107549512,1481.3882148944142,668.814264734177,3,7,8,237.8707613434,25,58000.0,250.0,430.0,21,0.12436362415933215,0.1143317732959225,0.03028337697391365,2.4000389884306594,0.25905986476194265,0.6868784466743448,0.33623105937239994,0.22,14,0.24,27,46,6
74,局部扰动,3.48878939109499,2.8871673994748095,-4.513235536674728,-0.7632355366747277,3.546880443272532,3.189461307356756,3.1189415484172476,4.525178998640458,2.813308299307396,109.54676446332527,114.06,109.54676446332527,110.31,7.112070443935969,5.657468872612314,10000.0,10000.0,-0.05,-0.23720045976785353,1505.415790781008,700.0,3,7,9,237.99419726355572,25,58000.0,250.0,430.0,21,0.1306682084071853,0.11823789325522466,0.029145936353281034,2.467128763155395,0.2313144416224499,0.6417141667351837,0.33901086401941616,0.21479716040168945,14,0.23160206120637394,27,46,4
75,局部扰动,3.6557393101270175,3.1032369606294914,-3.1485044902296266,0.6014955097703734,2.5420919206893084,4.229763399341324,3.215352620901933,4.207856554869421,3.472034968778329,110.91149550977038,114.06,110.91149550977038,110.31,7.094236681073034,4.042091920689309,10000.0,10000.0,-0.05,-0.25,1501.0890647447568,674.0837924596187,3,7,9,231.0357668896452,26,58000.0,250.0,430.0,21,0.12092628476793425,0.11489637179878279,0.0268500945914101,2.591257822344449,0.23670029941594736,0.6694541255543022,0.3445013756164839,0.22,13,0.2332437910520382,27,47,4
76,局部扰动,3.7049586134404224,3.113126445293198,-4.771818810936068,-1.0218188109360682,3.9440536230361523,3.0340000611399742,3.1673528328267375,4.860309162082731,3.01076803441349,109.28818118906393,114.06,109.28818118906393,110.31,7.557762818405836,6.261508671785007,10000.0,10000.0,-0.05,-0.25,1501.549365793078,700.0,3,7,8,237.75151522076388,27,58000.0,250.0,430.0,21,0.12428620399898654,0.11302806750909912,0.026870160366238086,2.3569797559214436,0.2435304721953037,0.6985731227907183,0.34027835208775314,0.21542428694586296,14,0.23187078354861176,27,47,4
77,局部扰动,3.550448432099021,2.877560336545625,-4.183935749123108,-0.4339357491231084,3.1592124143194584,3.1444911290210866,3.140459241274558,4.7344210899414945,2.73920163612379,109.8760642508769,114.06,109.8760642508769,110.31,6.9736517188243425,5.006361013617945,10000.0,10000.0,-0.05,-0.23044828425273003,1498.4928754344087,623.6504958759494,3,7,7,244.76158398392926,25,58000.0,250.0,430.0,21,0.1253143884291926,0.11352814124977272,0.02815267519660237,2.466903541783697,0.2360995704029054,0.6736479235295901,0.33594560398962325,0.22,14,0.24,26,45,4
78,局部扰动,3.5861941775749395,3.0686502905667536,-3.7927611212106314,-0.04276112121063136,3.099246135360118,3.712863086386125,3.1447603376275186,4.348932040887137,3.2221454499011855,110.26723887878937,114.06,110.26723887878937,110.31,6.967868224377216,4.633455032328623,10000.0,10000.0,-0.05,-0.25,1496.6915758387813,677.5553147521312,3,7,9,242.29184581732284,26,58000.0,250.0,430.0,21,0.12251338673062574,0.11004740255373478,0.030765304776939555,2.466453552614731,0.24493475705538584,0.6819109278200006,0.34465574531878057,0.2107634398166058,14,0.24,28,47,4
79,局部扰动,3.6093517172366107,3.081421938668538,-2.6792055874866634,1.0707944125133366,2.156122667813357,3.7802357471041765,3.148265943948626,4.377717550759524,3.250876770450751,111.38079441251334,114.06,111.38079441251334,110.31,6.905028110559146,3.6561226678133565,10000.0,10000.0,-0.05,-0.2480116690667964,1486.6735238828967,675.1107383574507,3,7,7,239.75474510173652,26,58000.0,250.0,430.0,21,0.12039218844662519,0.11436744143931288,0.02773126926912441,2.46274024264372,0.2617732669258538,0.6691029802531573,0.33490174516408866,0.22,14,0.24,27,46,4
80,局部扰动,3.5156920685985042,2.982428919042481,-3.5782510486866954,0.1717489513133046,2.7458579155095837,3.5543284837038467,3.1600889768226805,4.439663279960617,2.95012386235261,110.4817489513133,114.06,110.4817489513133,110.31,6.768929896594764,4.245857915509584,10000.0,10000.0,-0.05,-0.240086758175028,1484.2012103040943,686.1226369677453,3,7,7,231.35460550755252,25,58000.0,256.7677143874115,430.0,21,0.12178880742791107,0.11078582815484618,0.02814371839179584,2.54142010375475,0.23889332141473948,0.6712314348984678,0.347377491732911,0.21011065059260076,14,0.24,27,46,4
81,局部扰动,3.6850266096271613,3.0065953849176457,-4.7833386290806175,-1.0333386290806175,3.78946193407334,2.806349479336105,3.164575595023864,5.015289507561994,2.7804559555882067,109.27666137091938,114.06,109.27666137091938,110.31,7.4556570734211185,6.116132837337834,10000.0,10000.0,-0.05,-0.25,1483.9786809657637,665.5261578548323,3,7,7,239.08786943930997,26,58000.0,250.0,430.0,21,0.12188231705426002,0.11426595253461597,0.02855524862182584,2.344640825356444,0.24562151065695967,0.6719189758682068,0.34493733180570035,0.21445361219281645,14,0.23349435156947176,27,46,4
82,局部扰动,3.8300108614449955,3.272194585378251,-1.7914249156780642,1.9585750843219358,1.7139027496171368,4.4715986783873065,3.4145415818957208,4.380542204303883,3.637601844315485,112.26857508432194,114.06,112.26857508432194,110.31,7.3300911765341175,3.2139027496171373,10000.0,10000.0,-0.05,-0.24811175517207124,1509.1267010529318,651.6029118971101,3,7,7,236.06210882227282,26,58000.0,250.72660850840126,430.0,21,0.12353475198261682,0.11757507052321742,0.03350675876861618,2.5804955839606407,0.25505325969821546,0.6318743423805343,0.34876789960181676,0.21723800964797096,14,0.24,26,46,4
83,局部扰动,3.614697045160418,3.0342464573471806,-4.109015037578573,-0.35901503757857256,3.399696328411448,3.0793042894936673,3.1194709076244123,4.776515979787797,2.8833185464833058,109.95098496242143,114.06,109.95098496242143,110.31,7.056998798297812,5.186908358474305,10000.0,10000.0,-0.05,-0.25,1466.4998936510574,668.2373050062881,3,7,8,230.66993053923642,26,58000.0,250.0,430.0,21,0.12622014577677115,0.11867612991051703,0.029537411007610977,2.4053786378453292,0.25585390551473486,0.6575687876613938,0.34744786977165243,0.22,15,0.23824524780587603,27,47,4
84,局部扰动,3.49407944932122,2.9410624426655074,-3.0989629906740532,0.6510370093259468,2.3961282464452163,3.6877596660163197,3.143432083842514,4.273511852242755,3.0645572000123873,110.96103700932595,114.06,110.96103700932595,110.31,6.741500844969699,3.8961282464452163,10000.0,10000.0,-0.05,-0.24875998459470458,1475.5239013433202,647.4922587629676,3,7,7,239.06850273390546,26,58000.0,250.0,430.0,21,0.11927657249195087,0.11498488104333023,0.02815538425336177,2.4529192946750498,0.2570580006899198,0.6517413084480919,0.3457877695597308,0.2150459320735482,13,0.24,27,46,4
85,局部扰动,3.6560674069787997,2.9697885393435017,-5.20873097991533,-1.4587309799153303,4.177464026810919,2.75064585601579,3.1331147321031096,4.915866575408093,2.8332483703541524,108.85126902008467,114.06,108.85126902008467,110.31,7.660094669610269,6.844448810743184,10000.0,10000.0,-0.05,-0.25,1482.1332947774465,652.4080123042207,3,7,9,235.8585527611029,26,58000.0,260.0691548612041,430.0,21,0.12832867249059796,0.11534173419975138,0.031042472926237265,2.381037079028771,0.2363929639291501,0.661192688155039,0.34248264198902423,0.22,14,0.22988500100257883,27,46,4
86,局部扰动,3.4519680540587343,2.8204681836513332,-3.756159002281393,-0.0061590022813931,2.9597220930535446,3.1503530634785313,3.1254412664380635,4.532980551783967,2.69935483259838,110.30384099771861,114.06,110.30384099771861,110.31,6.62065595852388,4.46464929487866,10000.0,10000.0,-0.05,-0.24231046036787526,1505.0615899053716,679.8851728323529,3,7,9,243.21037659827954,27,58000.0,250.0,430.0,21,0.12250346145656571,0.11731850107991114,0.02947032093959547,2.3729598512742887,0.2558714540996717,0.6555310831823605,0.344951055793457,0.22,15,0.24,27,46,4
87,局部扰动,3.6029241216979435,3.0590185555915297,-2.654408044440487,1.095591955559513,1.9829046086301156,3.8772536926980057,3.2035245359406366,4.291994874850984,3.2830264664832773,111.40559195555952,114.06,111.40559195555952,110.31,6.8934521687180625,3.4829046086301156,10000.0,10000.0,-0.05,-0.24413943408860925,1505.4141964509226,666.0513984081276,3,7,8,234.5727343722374,26,58000.0,250.0,430.0,21,0.1313783477554903,0.11171455073790404,0.026297246936455874,2.4718701574777935,0.2550008441688375,0.6496384534187536,0.3490495150763137,0.22,14,0.24,27,45,4
88,局部扰动,3.528352651284172,2.968318287685296,-4.5562457088330035,-0.8062457088330035,3.749071247848122,3.2242284926027964,3.1395518139449847,4.495149647859008,2.938680505276629,109.503754291167,114.06,109.503754291167,110.31,7.229011702471016,5.894067814914525,10000.0,10000.0,-0.05,-0.25,1494.0727762608542,669.1955809635552,3,7,7,226.1878599645875,25,58000.0,250.0,430.0,21,0.12556350549425113,0.11715494254239785,0.026973040020090874,2.4916176120482922,0.2322856774996119,0.6605431391295313,0.3467375022839494,0.22,14,0.236818287514071,27,47,4
89,局部扰动,3.4664703486232935,2.9167848753486503,-3.4578850777955097,0.2921149222044903,2.6172260545195134,3.5329522304947667,3.156391710862205,4.305705339786644,2.95696831233605,110.60211492220449,114.06,110.60211492220449,110.31,6.687297346698853,4.117226054519513,10000.0,10000.0,-0.05,-0.25,1497.2149368170851,664.7187618733994,3,7,8,234.63384463291803,25,58000.0,250.0,430.0,21,0.12810460951376054,0.11471651013262299,0.028613123736047328,2.4154656198438675,0.2514488746046997,0.6594108939498129,0.3587513412363316,0.22,13,0.23555795645280975,27,46,4
90,局部扰动,3.530750211550835,2.950016198524378,-4.312227922825798,-0.562227922825798,3.405717618243747,3.1901173769002855,3.1320305445093095,4.576597937917656,2.8644438864312973,109.7477720771742,114.06,109.7477720771742,110.31,7.059466864849927,5.355499956504385,10000.0,10000.0,-0.05,-0.24895390084072846,1495.3816597338243,649.159452998899,3,7,8,245.3755603416677,25,58000.0,259.61603762348136,430.0,21,0.1277233614744018,0.11483620091253402,0.029431456071885503,2.4852394636591923,0.23576578986939586,0.7132797064236254,0.33808353686393383,0.2182163718532672,15,0.23691960192394598,28,46,4
91,局部扰动,3.6183379548914507,3.026792348556128,-5.013984639267804,-1.2639846392678038,4.234075826874727,3.1690833736067736,3.207798116143101,4.587456513452173,3.042811525660341,109.0460153607322,114.06,109.0460153607322,110.31,7.625814054012684,6.745263538288969,10000.0,10000.0,-0.05,-0.24498105040158114,1481.4603496695574,666.3975544090144,3,7,7,252.4044013564424,27,58000.0,250.0,430.0,21,0.13000609068375618,0.11635073508998778,0.024595169381885714,2.456510536124453,0.2375157726774103,0.6478645278202352,0.3264336772913486,0.21596999507680628,14,0.22555156586363823,27,46,5
92,局部扰动,3.539493324721417,3.008791177274399,-3.0064429502009204,0.7435570497990796,2.3012116273744616,3.871167644496584,3.191128184958553,4.233617691456801,3.1873488399590473,111.05355704979908,114.06,111.05355704979908,110.31,6.833355393689397,3.8012116273744616,10000.0,10000.0,-0.05,-0.2480509276857461,1502.9931250803336,667.0930008005596,3,7,9,235.39883719914826,26,58000.0,259.6429091885746,430.0,21,0.1278717878891615,0.1114081303382767,0.030007064300621642,2.467781047384157,0.25082290683414404,0.6768499389124484,0.35004302488106076,0.22,13,0.2361972350458451,27,46,4
93,局部扰动,3.542844373365963,2.9568747180126125,-4.454902902544092,-0.7049029025440916,3.4724288759228292,3.181692870591161,3.138790937287449,4.584730619539979,2.8845373128899316,109.60509709745591,114.06,109.60509709745591,110.31,7.1496590307451156,5.536351197958102,10000.0,10000.0,-0.05,-0.25,1481.8865058249348,663.1529564790059,3,7,7,238.97351610263397,25,58000.0,267.6834939712652,430.0,21,0.1215055948476773,0.11359804370027202,0.027726873423287748,2.5005586637990667,0.23193305264373526,0.6431640151676906,0.3488180965511789,0.21855228524642958,14,0.23567133962494347,28,46,4
94,局部扰动,3.6474595603159945,3.091275119230633,-2.4498606126665408,1.3001393873334592,1.9091907415363356,3.973926145831212,3.190326232736325,4.289508465682427,3.397645268389965,111.61013938733346,114.06,111.61013938733346,110.31,6.97330815928318,3.409190741536336,10000.0,10000.0,-0.05,-0.2387035717631168,1506.4038001631177,657.999790797488,3,7,7,238.43290194265285,26,58000.0,250.0,430.0,21,0.1257464126888316,0.11596742601633105,0.02385367081493151,2.4731524946257553,0.25847876784018425,0.6946821831929753,0.3322212374926321,0.21918739711327437,14,0.24,27,45,4
95,局部扰动,4.058183666839799,3.476695530862669,-1.4650606626216387,2.2849393373783613,1.612898431575245,4.739176566261281,3.474996359011155,4.491692915590565,4.037216420098461,112.59493933737836,114.06,112.59493933737836,110.31,7.700118848941963,3.112898431575245,10000.0,10000.0,-0.05,-0.24804460768197395,1519.11862157832,644.371049705012,3,7,7,245.3529418775054,25,58000.0,250.0,430.0,21,0.12254780700834278,0.11141028236604034,0.03250037891338459,2.623868415865885,0.2505449291177006,0.6385049607217305,0.34303805577349306,0.21652323024321518,14,0.24,26,45,4
96,局部扰动,3.7131273180452085,2.9905746750478657,-4.364177081259342,-0.6141770812593421,3.291212452719209,2.874013439255037,3.1556690451014386,5.120074717723214,2.740033334219736,109.69582291874066,114.06,109.69582291874066,110.31,7.23680654328421,5.282554117726683,10000.0,10000.0,-0.05,-0.25,1454.8304008806122,682.3242251177741,3,7,8,243.3539335393317,26,58000.0,250.0,430.0,21,0.12624171998587397,0.11957281490158189,0.02712295989427173,2.4424998871393604,0.24402158973710628,0.6621615623920966,0.3458095109932028,0.22,14,0.24,26,45,4
97,局部扰动,3.5091103736900306,2.977330952282211,-3.533124352632214,0.21687564736778597,2.9333493898675744,3.8799422411242843,3.218565586397979,4.29038336197475,3.0455517758469743,110.52687564736779,114.06,110.52687564736779,110.31,6.85761936139811,4.433349389867574,10000.0,10000.0,-0.05,-0.24883012424709527,1498.783219698264,675.5334354474606,3,7,8,229.73324353787677,27,58000.0,250.0,430.0,21,0.1218867820263103,0.11511764022466434,0.02849822002791588,2.5609948095271227,0.2412568806580045,0.6296462730179636,0.3506490747661794,0.20933446912465964,14,0.24,27,46,5
98,局部扰动,3.632211594910358,3.111553900888069,-2.904257855252723,0.8457421447472768,2.1072678003973384,3.7571041933987748,3.1839643672236817,4.420957014582118,3.2494265887782965,111.15574214474728,114.06,111.15574214474728,110.31,6.914354978815891,3.6072678003973384,10000.0,10000.0,-0.05,-0.25,1489.4505152505358,669.7804997899107,3,7,8,228.83043454165883,26,58000.0,258.802457400002,430.0,21,0.12265808904465714,0.11388963762888415,0.029118011499845057,2.4841758694672933,0.2519179826887565,0.6956278534630931,0.3561001884765788,0.21105809005537357,14,0.24,27,45,4
99,局部扰动,3.656769996115159,3.0392102644238115,-3.9463664430899286,-0.19636644308992857,2.88464256427224,3.257816067685864,3.154417130775924,4.758281864469984,2.997452910768589,110.11363355691007,114.06,110.11363355691007,110.31,7.003303575697773,4.5417357187441825,10000.0,10000.0,-0.05,-0.24933011587183576,1504.9613060061781,682.8957011453585,3,7,7,229.99146693601062,26,58000.0,253.97998529735324,430.0,21,0.13023441335269273,0.11910269011125016,0.024310167293827678,2.3757568603831682,0.24745432532174874,0.7007284862352828,0.3498726545812742,0.22,14,0.22539146398495208,27,45,4
100,局部扰动,3.6454436364894534,2.9767148583048235,-4.566962751616927,-0.8169627516169271,3.544061230695246,2.8565444797853576,3.1408879372492695,4.983553181031932,2.717559728361178,109.49303724838308,114.06,109.49303724838308,110.31,7.272957750981478,5.697631431988788,10000.0,10000.0,-0.05,-0.24131736263240106,1473.5159033535322,682.6758369079748,3,7,9,238.39042834877986,26,58000.0,250.0,430.0,21,0.12398626877285257,0.11585861233508793,0.027298474659401373,2.413628202635585,0.2432402591792647,0.6895870485493947,0.3685062205887835,0.22,15,0.23092951772467027,27,46,4
101,局部扰动,3.5882776971401533,3.008371761882251,-4.319425842411775,-0.5694258424117749,3.3684250542774077,3.2171957036909395,3.120565029518641,4.678871383800638,2.9169535899014463,109.74057415758823,114.06,109.74057415758823,110.31,7.139862326812006,5.323965728206828,10000.0,10000.0,-0.05,-0.24620834063733285,1477.0431004340949,679.9581079277904,3,7,8,244.8232723295547,25,58000.0,250.0,430.0,21,0.12867054257800206,0.11463021042760647,0.02921154566503607,2.501771530537293,0.23522918423859449,0.6371645507400265,0.335170464520594,0.22,14,0.2272499637572238,27,46,4
102,局部扰动,3.4801889682725973,2.929403728883479,-3.3327560307895823,0.41724396921041773,2.598499481481175,3.6485150476729054,3.143607581518034,4.318357513243528,2.986947671690785,110.72724396921042,114.06,110.72724396921042,110.31,6.7306451898121455,4.098499481481174,10000.0,10000.0,-0.05,-0.24346915509025335,1510.1057472477576,685.3114390115314,3,7,8,234.42321799763945,26,58000.0,251.09406227006204,430.0,21,0.12982063122773435,0.11209096141053679,0.030870600629254015,2.4479180974653114,0.24981720880745567,0.671446114555188,0.337010877906619,0.2157657261562075,14,0.23711482486244856,27,46,4
103,局部扰动,3.5513627040996236,3.0366493981126093,-3.418704127237973,0.331295872762027,2.868537250296441,3.732125197620549,3.1686912894017865,4.364721716645541,3.1091443925158755,110.64129587276203,114.06,110.64129587276203,110.31,6.883646172232426,4.368537250296441,10000.0,10000.0,-0.05,-0.25,1491.1205057913212,697.7238709106003,3,7,8,244.7065782193832,26,58000.0,250.0,430.0,21,0.12904291672440266,0.11121112540471523,0.028637278448459317,2.511952423430838,0.2507502650372,0.655631816822162,0.34209996523209274,0.22,14,0.23911035994673782,27,46,5
104,局部扰动,3.5169713116616093,2.908886153484979,-4.6226595654349865,-0.8726595654349865,3.725241920786326,3.1134325751205787,3.129437599628502,4.5662126681583395,2.839740607728154,109.43734043456502,114.06,109.43734043456502,110.31,7.213503609272494,5.923369573134314,10000.0,10000.0,-0.05,-0.24453201359457885,1509.6212193893189,662.079653917601,3,7,8,225.3778448943879,26,58000.0,254.06237365335778,430.0,21,0.126196058095711,0.11905126258924652,0.029225123684908125,2.3845103839213126,0.24158864062767715,0.6630822750044286,0.33743306128228956,0.22,13,0.2369890689396033,27,45,5
105,局部扰动,3.6707763325365317,3.104156199990197,-4.938980786980352,-1.188980786980352,4.418145558349449,3.220226303599835,3.173270235134216,4.531021639629695,3.2487599496636057,109.12101921301965,114.06,109.12101921301965,110.31,7.707472070989196,6.8693301879337305,10000.0,10000.0,-0.05,-0.25,1498.5979637279302,693.8555050962602,3,7,10,226.1465867458774,26,58000.0,250.0,430.0,21,0.1218893588199899,0.11574231516387284,0.0277215718753705,2.3993125928824277,0.24669875819723638,0.6699889193383298,0.3262513520225233,0.218108673188872,14,0.23837856298820656,27,47,5
106,局部扰动,3.6491836550470236,3.1144677747387433,-2.4231815559255665,1.3268184440744335,1.9640187271265215,4.158285937587259,3.235630584326329,4.244533136642442,3.416860730517336,111.63681844407444,114.06,111.63681844407444,110.31,7.0212734330948035,3.4640187271265215,10000.0,10000.0,-0.05,-0.24761312808847213,1501.2469692357784,677.1546529758152,3,7,8,230.0477910226053,26,58000.0,262.9189371090049,430.0,21,0.12102496024621139,0.11408086756172106,0.02575734031262795,2.556463941061653,0.25079782628585207,0.6119480400289443,0.3467727556216506,0.22,14,0.2374164118699277,27,46,4
107,局部扰动,3.682647426469329,3.1180003185011804,-2.8124472664851936,0.9375527335148064,2.3688320725818612,4.312366464623156,3.232226593657234,4.14645962959454,3.573867282391632,111.24755273351481,114.06,111.24755273351481,110.31,7.139814295285223,3.868832072581861,10000.0,10000.0,-0.05,-0.24733552329966935,1524.0837029419167,656.5745696868378,4,7,8,237.14412674538565,25,58000.0,250.0,430.0,21,0.12201555752903466,0.1140057738068154,0.024745434884600157,2.4629152784889823,0.25477172612302,0.6510348798837279,0.3399657598373621,0.21580984001954262,14,0.2376198360682668,28,47,4
108,局部扰动,3.4865046763479945,2.945333529331702,-3.0640390726836415,0.6859609273163585,2.3973160190487266,3.7051230328708025,3.1645145361605076,4.2907532377886906,3.017877856291888,110.99596092731636,114.06,110.99596092731636,110.31,6.735172418494309,3.8973160190487266,10000.0,10000.0,-0.05,-0.24521096798706332,1496.336614570332,656.198614246928,3,7,8,229.47730338184545,25,58000.0,261.0800423491255,430.0,21,0.12402086863129252,0.1162668464587967,0.03294794358312157,2.474992203356698,0.25294385569752004,0.6591377960563773,0.34207531899470217,0.21750178076309662,14,0.24,27,46,4
109,局部扰动,3.6135265919112265,2.9641501866626525,-4.987954638676939,-1.2379546386769391,3.9963916926188854,3.026475812118465,3.2781784656547814,4.712961297618084,2.8574828293557912,109.07204536132306,114.06,109.07204536132306,110.31,7.538114260266791,6.486755403560437,10000.0,10000.0,-0.05,-0.24740256033284005,1500.3410343058656,690.8422760374526,3,7,8,233.1371216420688,27,58000.0,250.0,430.0,21,0.11572024313498953,0.11079613940679194,0.023589701280410075,2.4598796364810678,0.22729156808404333,0.6504588369146933,0.3276220460905528,0.22,14,0.22800520217196119,27,46,4
110,局部扰动,3.4962389862084624,2.8656914226951047,-4.4897130701716605,-0.7397130701716605,3.5762427160571204,3.048871735552949,3.1348272610559684,4.597179273690372,2.7456826792164177,109.57028692982834,114.06,109.57028692982834,110.31,7.086406854022325,5.668013172194449,10000.0,10000.0,-0.05,-0.25,1472.2323101501747,663.4795568228537,3,7,9,237.31600148058834,26,58000.0,263.73427121308583,430.0,21,0.12380163804401109,0.11600985250967884,0.029112882705631463,2.496303758495622,0.2356460077317317,0.6389540672313323,0.33495552626864095,0.22,14,0.24,27,46,4
111,局部扰动,3.504044693676937,2.9518173031779247,-3.3537561340409354,0.3962438659590646,2.814075395105971,3.6846394288458826,3.1514695513826667,4.319777685759302,3.0418280114458147,110.70624386595907,114.06,110.70624386595907,110.31,6.8032820039503275,4.314075395105971,10000.0,10000.0,-0.05,-0.25,1473.110778036619,642.7959257652466,3,7,8,238.7167156043227,27,58000.0,250.0,430.0,21,0.12172505737050862,0.10748022295685689,0.029775605714756303,2.5047662305210343,0.2548144662161721,0.6512689117586618,0.3371085346839197,0.21819592250262954,15,0.24,27,47,4
112,局部扰动,3.521136957158054,2.9438290814411308,-3.7308866597498422,0.019113340250157762,2.7019476593425606,3.486744075249769,3.179531526449642,4.422318551846196,2.9707014117108335,110.32911334025016,114.06,110.32911334025016,110.31,6.751946970120356,4.2019476593425615,10000.0,10000.0,-0.05,-0.2481155482921683,1495.0368248175457,664.2816756650813,3,7,7,227.9226705542512,26,58000.0,250.0,430.0,21,0.1262780294060844,0.1158700995478654,0.030516853430720782,2.4959985826318607,0.23828761241932453,0.6706412692549912,0.3575004139581011,0.22,14,0.23190957287464095,27,45,4
113,局部扰动,3.667725661496912,3.004301102227393,-4.816675170365656,-1.0666751703656558,3.822067623937258,2.771922018389114,3.1167640794920244,5.020251662109599,2.7525257161205845,109.24332482963435,114.06,109.24332482963435,110.31,7.4418821129559865,6.175407760229783,10000.0,10000.0,-0.05,-0.24548264345857704,1475.4114497761757,671.3513132026769,3,7,8,229.8253553186603,27,58000.0,259.68031929739334,430.0,21,0.13283738974418405,0.11371661331422443,0.031173939888451914,2.3886287091532763,0.2416080996086681,0.6822331204444764,0.3511655450628792,0.22,14,0.24,27,46,4
114,局部扰动,3.5344951749998623,2.992217836322434,-3.043597855819911,0.706402144180089,2.3777972698208574,3.881363779662542,3.150807142875568,4.1709577503974,3.250657813212006,111.01640214418009,114.06,111.01640214418009,110.31,6.838860546592169,3.8777972698208574,10000.0,10000.0,-0.05,-0.24565769656030484,1495.093863913577,681.3292938997322,3,7,9,245.50028883411215,26,58000.0,261.38187277400345,430.0,21,0.11439780710119124,0.11057317951211267,0.029945806668391087,2.4895739131838877,0.251849111731026,0.6688783235710424,0.3385130802766933,0.22,14,0.2359836951848659,28,46,4
115,局部扰动,3.5387055420013596,2.967224242973914,-3.125663224210868,0.624336775789132,2.344819737932734,3.7326425482074037,3.150353407712714,4.346029415886237,3.1047467644357187,110.93433677578913,114.06,110.93433677578913,110.31,6.8019413565883635,3.844819737932734,10000.0,10000.0,-0.05,-0.24327852750916934,1534.8364624501446,658.9569973948055,3,7,7,229.89842771799707,26,58000.0,250.0,430.0,21,0.12660548385778847,0.11698977821601143,0.027521452063940813,2.4776360653225753,0.2432314040858983,0.6864035539086087,0.3237345302586171,0.22,14,0.24,27,45,4
116,局部扰动,3.614596485390165,3.0463714834342532,-3.644899308956468,0.10510069104353192,2.6584790477099527,3.3692651208881546,3.111710284463194,4.627755500908714,3.0446542777818424,110.41510069104353,114.06,110.41510069104353,110.31,6.8518647631040634,4.158479047709952,10000.0,10000.0,-0.05,-0.25,1484.8640065330615,681.5344260019615,3,7,8,242.90037860397894,27,58000.0,251.5458751196365,430.0,21,0.13378067666633212,0.11712415564577221,0.030637102710219855,2.395876324778505,0.2519503840159788,0.7041414054802787,0.3431457147633298,0.22,13,0.23363389728297237,27,45,4
117,局部扰动,3.644553669727847,3.0992827236389355,-3.419678126654617,0.3303218733453832,2.571687807674892,3.7417209176007242,3.1574065453229663,4.437706753659646,3.277925683464407,110.64032187334539,114.06,110.64032187334539,110.31,6.971772918615988,4.071687807674892,10000.0,10000.0,-0.05,-0.23947946398229397,1469.252379099007,690.2344637075787,3,7,9,238.4162660163562,27,58000.0,253.15110344770176,430.0,21,0.12408535023027081,0.11364425555571117,0.026229021449608942,2.526237384316599,0.24557670185256097,0.624152694315155,0.3480674079380602,0.22,14,0.2208680919669225,27,46,4
118,局部扰动,3.692425000657856,3.161072155190872,-2.285289137417564,1.4647108625824359,1.877179529552395,4.286873352235379,3.319195575979509,4.150714055806176,3.5508448177975027,111.77471086258244,114.06,111.77471086258244,110.31,7.104415899640037,3.377179529552395,10000.0,10000.0,-0.05,-0.25,1506.6703676152415,664.5062051958396,3,7,9,232.76795838515747,26,58000.0,250.0,430.0,21,0.12157607495617957,0.1150817256675197,0.030142682318984027,2.522658568079049,0.2551540321978253,0.6745610454910457,0.3589031991497383,0.22,14,0.24,28,46,4
119,局部扰动,3.490503023777103,2.8756325992751592,-4.191137445824239,-0.4411374458242392,3.145194531571491,3.2361176449214564,3.1246446816585327,4.544058833875941,2.7942976343917705,109.86886255417576,114.06,109.86886255417576,110.31,6.916513226274252,4.998104488230883,10000.0,10000.0,-0.05,-0.24418986405735968,1508.3596798704505,665.313221161839,3,7,8,237.07131139904442,26,58000.0,254.48387065943822,430.0,21,0.12161816759511633,0.11863918191018016,0.031153219724553285,2.4577890983284543,0.23461792097366768,0.6575929827649029,0.3409118960269256,0.21390084311516813,14,0.24,27,45,4
120,局部扰动,3.5740722406629843,2.9697495877347735,-4.415816415981169,-0.665816415981169,3.504034822125783,3.129495474516515,3.165152221867629,4.655768583567619,2.877970842965516,109.64418358401883,114.06,109.64418358401883,110.31,7.169149284972373,5.536687954910718,10000.0,10000.0,-0.05,-0.25,1484.5099523026672,669.356796152025,3,7,8,239.9388377455553,26,58000.0,250.0,430.0,21,0.12565573540140842,0.11928020914843132,0.026104138789565266,2.4751296174203925,0.2378555916496707,0.667418442220654,0.333870883899825,0.21714559705582925,15,0.23456686054349438,28,46,4
121,局部扰动,3.611132545945766,3.058975902490682,-3.8546675459850803,-0.10466754598508032,3.2046594764270124,3.5636706517661585,3.187019698340492,4.497789432537527,3.123667129969741,110.20533245401492,114.06,110.20533245401492,110.31,7.014829759520929,4.788393513215077,10000.0,10000.0,-0.05,-0.24853551452063,1494.502485062141,670.2493255657566,3,7,7,238.7651357246705,26,58000.0,260.21990988943327,430.0,21,0.1216641891125344,0.11521093891161362,0.025488924180555303,2.44403633737679,0.2483523707815608,0.6798484637825469,0.32849556467672947,0.20721155908451516,14,0.24,27,47,4
122,局部扰动,3.578227947398116,2.9968586354803053,-3.3032012846592806,0.44679871534071935,2.775583985750028,3.789544483611106,3.1408664904107355,4.382939730441237,3.173650341235612,110.75679871534072,114.06,110.75679871534072,110.31,6.923137296002301,4.275583985750028,10000.0,10000.0,-0.05,-0.25,1506.280068707455,657.7202048910341,3,7,8,237.21852705396816,25,58000.0,250.0,430.0,21,0.12599399759453916,0.11738324958633466,0.02810954300790851,2.462439067456995,0.25296896178712536,0.652963152750863,0.32084277931636296,0.22,14,0.2334184833197743,26,47,4
123,局部扰动,3.4531799169090514,2.8551553387834994,-3.5764412426807297,0.17355875731927028,2.814627826446959,3.352599614537102,3.140972020142936,4.412792950557306,2.823233796685231,110.48355875731927,114.06,110.48355875731927,110.31,6.6521538392461075,4.3146278264469595,10000.0,10000.0,-0.05,-0.24878364362217908,1486.6556242852528,645.8322032591157,3,7,7,240.1286251150203,25,58000.0,254.08891742208752,430.0,21,0.12393929369077364,0.1122458335636473,0.027678187562995952,2.424638136496121,0.2542254989003465,0.6602162614651347,0.3357002018116133,0.22,14,0.24,27,46,4
124,局部扰动,3.7654014858453353,3.1356213116913683,-4.981567962114525,-1.231567962114525,4.1310545047422975,2.9145713754125135,3.1835239977187855,4.993807902095086,3.0204281115268925,109.07843203788548,114.06,109.07843203788548,110.31,7.738844980134974,6.616308874433918,10000.0,10000.0,-0.05,-0.25,1473.9640377813466,686.1302647671309,3,7,8,238.89309097627978,26,58000.0,254.24011098730176,430.0,21,0.12093475352025958,0.11506459030712494,0.027901914747399476,2.398997369027467,0.24094629625161212,0.6747427464469055,0.3398493421686156,0.22,14,0.23040463776246203,27,47,4
125,局部扰动,3.484402956059684,2.863108611271945,-4.251972293116694,-0.5019722931166939,3.38282602530578,3.1332494461840814,3.1241067837410967,4.553172973958585,2.7679207356845166,109.80802770688331,114.06,109.80802770688331,110.31,6.951198595418373,5.284403859799135,10000.0,10000.0,-0.05,-0.25,1505.2494954279825,639.1455586110864,3,7,8,237.18982597282272,27,58000.0,250.0,430.0,21,0.12531431120943906,0.1105657772559747,0.030627377800046433,2.3704601413679662,0.24768239678455697,0.6733363326239361,0.3303985104808346,0.21493600147419764,14,0.23757662287465175,27,46,4
126,局部扰动,3.63116609006867,2.9341231201737785,-5.048119271009952,-1.298119271009952,4.069589666196126,2.791011831426525,3.173949510986732,4.858540748775262,2.8050763897773563,109.01188072899005,114.06,109.01188072899005,110.31,7.546952922940706,6.608085083004088,10000.0,10000.0,-0.05,-0.25,1482.8026439876496,663.757219062201,3,7,9,233.1539526309856,26,58000.0,251.05739501500145,430.0,21,0.12353963612481952,0.1162040634697149,0.027581973201773788,2.406493294511431,0.23605753816310165,0.6724480132998579,0.3401684573659198,0.22,14,0.24,27,46,4
127,局部扰动,3.8082468572427564,3.2436211589535686,-1.9245130755386128,1.8254869244613872,1.739098589714947,4.366110168731864,3.468952176039485,4.278307191643374,3.6416998557128952,112.13548692446139,114.06,112.13548692446139,110.31,7.281462920445067,3.239098589714947,10000.0,10000.0,-0.05,-0.24682628494527,1495.6808535570922,690.8309443837417,3,7,8,236.3505237424171,27,58000.0,250.5062078259286,430.0,21,0.1270344139307423,0.11370289897172796,0.03215931182194,2.6084330940089573,0.2535031883667241,0.6751846933199308,0.35879103734691387,0.22,15,0.24,27,46,4
128,局部扰动,3.4540888791599293,2.8408166635279426,-4.114012186682018,-0.36401218668201807,3.24638866183208,3.175822048160066,3.112425718239408,4.504357961454147,2.744735896049499,109.94598781331798,114.06,109.94598781331798,110.31,6.834567133962597,5.037598411177695,10000.0,10000.0,-0.05,-0.24042014732024972,1486.6667203073466,674.3480176492279,3,7,9,238.14775382905654,25,58000.0,261.1345293985537,430.0,21,0.12703607220134608,0.11396079204410348,0.031771651920715446,2.449631461422577,0.24342996049423923,0.6535959341173538,0.3376992068447356,0.21897250794139408,14,0.24,27,46,4
129,局部扰动,3.4605463628573156,2.8673403312718593,-4.207244344899408,-0.4572443448994079,3.1402968304088605,3.334356367014347,3.1373345994293365,4.352716767117044,2.906068970713198,109.8527556551006,114.06,109.8527556551006,110.31,6.909433567399902,5.006092306328387,10000.0,10000.0,-0.05,-0.24768542044944997,1490.1898480899094,644.879431866345,3,7,8,234.0933511189284,26,58000.0,251.72680520468876,430.0,21,0.12336720832923653,0.12,0.028298724880957988,2.491860804287549,0.23226514139326074,0.6417319902120608,0.3398830079285452,0.22,13,0.24,28,45,4
130,局部扰动,3.762516188053061,3.0455690252405505,-5.163428147472601,-1.413428147472601,4.092974176665529,2.6680260880031863,3.1294699640848345,5.19741510237774,2.8054976108949425,108.8965718525274,114.06,108.8965718525274,110.31,7.746965454692734,6.72371669464361,10000.0,10000.0,-0.05,-0.25,1479.2352546500279,690.6569726609616,3,7,7,237.38476983058325,25,58000.0,250.0,430.0,21,0.12327583737388387,0.11281593159778958,0.03096492058830209,2.3730506598012915,0.23698966704482388,0.6936127426333757,0.3666918011624065,0.22,14,0.24,27,46,4
131,局部扰动,3.477561956389644,2.9355686082741657,-3.543098131701825,0.20690186829817492,2.8673181350734613,3.6054694423233626,3.1967913502649896,4.295123189700986,2.9729792662611656,110.51690186829818,114.06,110.51690186829818,110.31,6.751155282406704,4.367318135073461,10000.0,10000.0,-0.05,-0.24786360504361363,1507.4063827142559,663.1182272416395,3,7,8,229.99160188762613,26,58000.0,250.0,430.0,21,0.12844547546873,0.11698678655455301,0.027344212858200635,2.4543907535334744,0.2476567229177355,0.6713264423996433,0.36151840183597844,0.22,14,0.24,27,47,4
132,局部扰动,3.68180438236134,3.033660967491717,-5.092456764038388,-1.3424567640383884,4.097618033533872,2.8963061802123846,3.2528855350577937,4.867756906303831,2.8903512056217933,108.96754323596161,114.06,108.96754323596161,110.31,7.666628053622243,6.671583444764583,10000.0,10000.0,-0.05,-0.25,1468.0551006174242,681.4330524269226,3,7,8,232.64010740589111,25,58000.0,250.0,430.0,21,0.11883125022782864,0.11021572733580405,0.02397093322111049,2.4800056326334334,0.2291277856158236,0.702852102710445,0.33697640490002123,0.22,14,0.24,28,46,4
133,局部扰动,3.5361267316138876,2.881037568395213,-4.652585855427844,-0.9025858554278443,3.6677487568331446,2.9455140787594805,3.155033222645455,4.693385288834688,2.736926904441047,109.40741414457216,114.06,109.40741414457216,110.31,7.2071022784351,5.8898174411754205,10000.0,10000.0,-0.05,-0.24919753643111692,1486.458031005824,656.4199007952006,3,7,9,233.88114707968026,25,58000.0,250.0,430.0,21,0.12305039453751135,0.11241952319856027,0.02653052343352176,2.401244148623921,0.240688423753504,0.6579246163077078,0.3500339709823231,0.21894225990524943,14,0.23486104522251003,27,46,4
134,局部扰动,3.4235768350425375,2.8404439703769193,-3.972144392585932,-0.22214439258593188,3.082372592210708,3.332813528390417,3.166437557527225,4.337374358374392,2.807230294739386,110.08785560741407,114.06,110.08785560741407,110.31,6.741563018609372,4.760088106279453,10000.0,10000.0,-0.05,-0.24047829400690235,1483.4346407640212,656.8239999175984,3,7,8,239.57668784679495,26,58000.0,250.0,430.0,21,0.12305795210088223,0.11367869684060511,0.029917218185860794,2.4966145361197802,0.24133472014419524,0.6745988991670886,0.35546774728179426,0.22,15,0.23709735036117288,28,46,4
135,局部扰动,3.4998807692934033,2.8832715825271658,-3.7398219856309822,0.010178014369017774,2.7704857023548,3.322985079450714,3.1512538367665495,4.467670592349691,2.884986365246875,110.32017801436902,114.06,110.32017801436902,110.31,6.69766831690459,4.2704857023548,10000.0,10000.0,-0.05,-0.25,1509.3620480237805,649.4902664481092,3,7,8,237.5387473212413,26,58000.0,250.0,430.0,21,0.12700499097788906,0.11031931306412082,0.026069044895567262,2.3595603327487096,0.25120548828118705,0.6607681332813967,0.3393212998754161,0.22,13,0.24,27,45,4
136,局部扰动,3.4800734730670015,2.85176761903494,-4.434300404528145,-0.6843004045281447,3.496827615159763,3.1144254423362634,3.1552796126745317,4.549321810880871,2.7415639824248017,109.62569959547186,114.06,109.62569959547186,110.31,7.041163064662271,5.544267938782278,10000.0,10000.0,-0.05,-0.24549137271468824,1494.1433181180828,681.8686532090471,3,7,9,228.459669904015,26,58000.0,250.0,430.0,21,0.11966945368449798,0.11638767369808674,0.026950034246932823,2.4355377828127716,0.23834484191227198,0.6792985473965238,0.34387980639576726,0.20936289065455915,14,0.24,27,46,4
137,局部扰动,3.489194023246068,2.840609741696352,-4.34582155182764,-0.5958215518276404,3.376821240344391,3.03960763486982,3.1636074225595,4.602048251917867,2.7029916593325356,109.71417844817236,114.06,109.71417844817236,110.31,6.979383461513873,5.353478481806503,10000.0,10000.0,-0.05,-0.2379579385684888,1488.2517805803272,622.3507710744747,3,7,8,243.09450041321952,26,58000.0,263.1248034618043,430.0,21,0.12158204908591029,0.11106186491607328,0.02545470916546782,2.3957615549056985,0.2448273860477242,0.687167502570001,0.36035913667898556,0.21895240579408662,14,0.2366755257188844,27,46,4
138,局部扰动,3.527901603867174,2.9933403411831216,-3.2319445713599464,0.5180554286400536,2.6961967452766267,3.851395246987491,3.2094882626452956,4.286076132282119,3.101649966968113,110.82805542864006,114.06,110.82805542864006,110.31,6.8592497529939696,4.196196745276627,10000.0,10000.0,-0.05,-0.25,1526.6133236334158,645.254367082096,3,7,7,235.68264730372238,26,58000.0,256.7675564939096,430.0,21,0.12282935590514868,0.11145348509143649,0.029355144569378454,2.491353226062376,0.24703818656409077,0.6794282164659791,0.3414680668883637,0.2187612945485307,15,0.24,27,47,4
139,局部扰动,3.4872264944432065,2.908420681389483,-3.1132801909537164,0.6367198090462836,2.4481079528370784,3.547675860624799,3.1254885803564476,4.441035027111311,2.8935056969951245,110.94671980904629,114.06,110.94671980904629,110.31,6.7036741910888,3.9481079528370784,10000.0,10000.0,-0.05,-0.25,1487.4247032738338,646.0601000363073,3,7,7,233.77346936569214,26,58000.0,250.0,430.0,21,0.12264918751058296,0.11416890487707418,0.029761059759507828,2.3973178649009452,0.26312179447516415,0.6549089460057171,0.33890106987335084,0.20506513135257465,14,0.24,26,46,4
140,局部扰动,3.599220274128593,2.950002812819395,-5.329042885777483,-1.5790428857774828,4.272618080322718,2.859650117550781,3.177633073660802,4.696867431590359,2.8948478035492333,108.73095711422252,114.06,108.73095711422252,110.31,7.6814319712050105,7.035852388944704,10000.0,10000.0,-0.05,-0.24109193391214548,1487.9923184207917,651.2543573599844,3,7,9,228.60405273710353,26,58000.0,252.75533290262203,430.0,21,0.12125022240232482,0.11391742453297511,0.026947248226861682,2.3904630884173894,0.2318511607980383,0.6744542216616092,0.34967551451827483,0.21169364308705213,14,0.23475651999867925,28,46,4
141,局部扰动,3.4555931393834554,2.8741788515041784,-3.4985042785437486,0.25149572145625143,2.749921128378659,3.4613076859607554,3.1411472304173005,4.3687176733124,2.8748260302277324,110.56149572145625,114.06,110.56149572145625,110.31,6.672343952074559,4.249921128378659,10000.0,10000.0,-0.05,-0.25,1504.8620780974559,658.8332690377875,3,7,8,242.2542123971284,27,58000.0,250.55918291604593,430.0,21,0.1206697885043956,0.11729787800253405,0.028498866211347364,2.4536379424898027,0.24835748835927693,0.6758560793993366,0.3337785849217248,0.22,14,0.24,27,46,4
142,局部扰动,3.596784722817855,2.9646778899105457,-4.363996701828043,-0.613996701828043,3.5016169073945496,2.9868114073598293,3.1711274873181083,4.820846299799735,2.7525849681833163,109.69600329817196,114.06,109.69600329817196,110.31,7.140453976801564,5.492814268856985,10000.0,10000.0,-0.05,-0.25,1488.2309905250875,681.9447963689139,4,7,8,239.93272948944931,26,58000.0,250.0,430.0,21,0.12401400473346165,0.1148877264032046,0.027915462136036816,2.422822771344387,0.24467504903184328,0.6904790201998103,0.328749326723315,0.21504204322220594,15,0.24,27,46,4
143,局部扰动,3.6424615841778585,3.0941403125437494,-3.011710570338849,0.7382894296611511,2.209594228940219,3.6554131099947327,3.1531520095079806,4.533185357779673,3.186604385206694,111.04828942966115,114.06,111.04828942966115,110.31,6.9147388232127245,3.709594228940219,10000.0,10000.0,-0.05,-0.24780682921507446,1475.9235554781592,674.0068233250769,3,7,9,247.36687279336914,27,58000.0,250.0,430.0,21,0.12037662045988569,0.11653817921581185,0.028846741041257788,2.5582854272440505,0.245400399696886,0.6559351796756868,0.33736402379625124,0.22,14,0.23497116909839375,26,45,4
144,局部扰动,3.9528911943389176,3.3639868729334377,-1.8057658397737697,1.9442341602262303,1.7123938662477685,4.736882810963998,3.3254140591706025,4.307136210445125,4.0083482319978625,112.25423416022623,114.06,112.25423416022623,110.31,7.547009602374416,3.2123938662477682,10000.0,10000.0,-0.05,-0.24801057322534809,1515.6146627401008,638.2813573422171,3,7,8,234.6758132455035,26,58000.0,250.0,430.0,21,0.12410721874980202,0.11509104910435229,0.02919585080731525,2.572070625298445,0.254651619737699,0.6469176933099904,0.3404419044671285,0.21721566468240275,14,0.23113664967979816,27,46,4
145,局部扰动,3.7256213616978764,2.96295402209218,-5.146665804970269,-1.3966658049702687,4.142623777670918,2.6602981294906374,3.1562620051613246,5.078821808382907,2.82664016153001,108.91333419502973,114.06,108.91333419502973,110.31,7.701373490594159,6.759956421647134,10000.0,10000.0,-0.05,-0.24752348106056313,1490.7938404180939,664.4084610026412,3,7,7,244.14388855456184,26,58000.0,250.0,430.0,21,0.12449293188662883,0.11557101235054215,0.027582551891558973,2.3063828424694024,0.24605094952089365,0.6605396616104243,0.35816824164612315,0.21726118059732955,15,0.24,27,46,4
146,局部扰动,3.5514953164862133,2.999784187304532,-4.085749259944777,-0.33574925994477667,3.2531286458814757,3.604533482065398,3.154443745377766,4.351517786191839,3.129338176182553,109.97425074005523,114.06,109.97425074005523,110.31,7.053364062616568,5.021728053837298,10000.0,10000.0,-0.05,-0.24707639865347475,1504.8331641278278,684.3673622297279,3,7,7,237.45066686660144,26,58000.0,250.0,430.0,21,0.12437948856200705,0.11897198543978671,0.029581380583080564,2.4775218410216073,0.23713761756452018,0.63898932731046,0.35620381130516915,0.22,14,0.22181574650751282,27,47,4
147,局部扰动,3.474334120390147,2.8943271586681636,-3.9254638114719143,-0.17546381147191425,3.064391585548279,3.374809661860678,3.1227770904299685,4.426930220471213,2.8754198690209956,110.13453618852809,114.06,110.13453618852809,110.31,6.793957766251593,4.70476263472581,10000.0,10000.0,-0.05,-0.2436490181493453,1512.515790845316,667.5630822231328,3,7,9,241.44391469841364,25,58000.0,257.8487365442208,430.0,21,0.12095140944401596,0.11611105656433374,0.03249398150129251,2.4431458082565367,0.2416617869187913,0.6748049959871898,0.3347082300058221,0.22,14,0.23209745799169818,27,46,4
148,局部扰动,3.6545600862893006,3.137339473058052,-2.4637229189121115,1.2862770810878885,1.95170145781175,3.9741005819620425,3.2158045043783,4.334965854671058,3.3631394300654107,111.59627708108789,114.06,111.59627708108789,110.31,6.988424804266321,3.45170145781175,10000.0,10000.0,-0.05,-0.25,1477.6200967225177,700.0,3,7,8,239.91774276971123,26,58000.0,250.0,430.0,21,0.11571622534301215,0.11499901102210217,0.0282303650483735,2.5141326064852043,0.2584786552828483,0.6616272582120027,0.36344955830990855,0.21222343684802195,14,0.24,27,46,4
149,局部扰动,3.547920338184439,3.0106593738927474,-3.3971393526684324,0.35286064733156763,2.6539038530581873,3.5927616432469507,3.178455800769766,4.43931233139832,3.0237368215735874,110.66286064733157,114.06,110.66286064733157,110.31,6.818750848037612,4.153903853058187,10000.0,10000.0,-0.05,-0.24802560501539375,1505.3644676721835,700.0,3,7,7,241.15980556061749,26,58000.0,259.0478470775672,430.0,21,0.12195417269163164,0.11502717124426669,0.024447903134134898,2.5032050874240848,0.242973688147837,0.6702739099715073,0.33202310980043237,0.21561406282214546,14,0.24,27,46,4
150,局部扰动,3.511033620235384,2.961906828483237,-3.3219557098604895,0.4280442901395105,2.708631578745814,3.7823742149397135,3.1844276320717575,4.26493945707392,3.0926651551038145,110.73804429013951,114.06,110.73804429013951,110.31,6.820161708859548,4.208631578745814,10000.0,10000.0,-0.05,-0.25,1492.7907125618478,655.3415823681014,3,7,8,247.24578800712604,26,58000.0,256.3325568337498,430.0,21,0.11686423416353132,0.11191764854861856,0.026210208920222165,2.482348076017454,0.2504667810967541,0.655264025815285,0.354704364982061,0.21332762711221523,14,0.24,27,47,4
151,局部扰动,3.656538758836634,3.1261251898866895,-2.1736955952117683,1.5763044047882317,1.8614008074065387,4.150225094756311,3.2173895659616623,4.23357341344547,3.451991256231188,111.88630440478823,114.06,111.88630440478823,110.31,7.027078600893631,3.3614008074065387,10000.0,10000.0,-0.05,-0.24538961558253952,1494.77611453739,671.9157709220307,3,7,9,237.81053791796683,26,58000.0,273.9675335412206,430.0,21,0.12728919354530607,0.11329607917645866,0.029252122273861782,2.4954924159487484,0.2631936022079521,0.6596071775379853,0.34617020952940225,0.22,14,0.24,27,46,4
152,局部扰动,3.482439722353507,2.839834310003329,-4.1128261711669865,-0.36282617116698646,3.223065173892562,3.1498643981802856,3.1407080429439893,4.623686689194674,2.6731162285058536,109.94717382883302,114.06,109.94717382883302,110.31,6.85903515612268,5.013326110826151,10000.0,10000.0,-0.05,-0.25,1502.1529460629965,661.0497591577713,3,7,8,239.29453170818755,27,58000.0,255.21601268013617,430.0,21,0.12734320403019198,0.11165264306269015,0.027815294131560763,2.4637408959313327,0.2383060247962594,0.6781965765038218,0.3435577627158574,0.21993779143834724,14,0.24,26,46,4
153,局部扰动,3.5536595231671226,3.022260415527956,-3.4488815571083933,0.3011184428916067,2.7905051232011835,3.5325304009328478,3.2450942359728923,4.479472347220952,2.961293142292848,110.61111844289161,114.06,110.61111844289161,110.31,6.833127441555767,4.290505123201183,10000.0,10000.0,-0.05,-0.2441847520879026,1488.000410875716,689.2410926385351,3,7,7,240.97304847329184,25,58000.0,250.0,430.0,21,0.1249225134154455,0.11572631281253865,0.03518898455115145,2.423069648022828,0.2572534750300735,0.6656202690451077,0.36824912283636635,0.21243802137462364,15,0.24,27,47,4
154,局部扰动,3.5075432229405092,2.9437731212942078,-4.286858154951048,-0.536858154951048,3.5386914095417707,3.210324284810353,3.130113082350164,4.490781831767187,2.89349144639755,109.77314184504895,114.06,109.77314184504895,110.31,7.04312732541125,5.468177933502609,10000.0,10000.0,-0.05,-0.25,1503.1223453077894,683.1062867786901,3,7,8,237.50740388180645,26,58000.0,258.6694167258715,430.0,21,0.12617596718723784,0.11134850015123274,0.02790489179916654,2.4012862284766436,0.24539599278767182,0.6710018406291536,0.3470309338358554,0.22,14,0.24,27,47,4
155,局部扰动,3.529769329401043,2.8792807129356484,-4.4103065570438105,-0.6603065570438105,3.5205868212969795,3.0365136489712357,3.2371093921716176,4.635873991166605,2.7340903702842327,109.64969344295619,114.06,109.64969344295619,110.31,7.088462032731877,5.548832066932028,10000.0,10000.0,-0.05,-0.25,1474.2928756968297,665.2740127590365,3,7,7,232.14973308702207,27,58000.0,250.0,430.0,21,0.12219527803377035,0.11102417513757007,0.023841366250045546,2.422210511751999,0.2452148449741952,0.6464133593394009,0.33370178542907986,0.21821264240491034,14,0.24,27,46,4
156,局部扰动,3.451485761312946,2.8912652630332203,-3.6467490933619047,0.10325090663809533,2.779192416445808,3.509351992227275,3.215823286099111,4.343737144154134,2.845859443526313,110.4132509066381,114.06,110.4132509066381,110.31,6.674612479177758,4.279192416445809,10000.0,10000.0,-0.05,-0.23652685190084533,1487.5074702317131,657.1820518408335,3,7,8,238.3577919114287,26,58000.0,267.4212748483804,430.0,21,0.12588187687745878,0.11523855062405627,0.0316819791710003,2.5308769116933827,0.23874635862682822,0.6693646440071851,0.35859518285499625,0.22,14,0.2372160556554934,27,46,4
157,局部扰动,3.663788431108271,3.141328110953613,-3.029544624726441,0.7204553752735592,2.529213792225274,3.9743660959798586,3.1589699351627507,4.337758234012824,3.410612626201597,111.03045537527356,114.06,111.03045537527356,110.31,7.058096818999471,4.029213792225274,10000.0,10000.0,-0.05,-0.24513029002819037,1480.2853501745985,678.7965878150524,3,7,7,236.82849398016035,28,58000.0,250.0,430.0,21,0.125502940012723,0.11559422055002887,0.026847198829780893,2.4720620997560383,0.2622821513276475,0.6810713726525819,0.34473145466162114,0.22,14,0.22782525133752984,27,46,5
158,局部扰动,3.5833578938920745,2.9767312964233814,-3.9759951650298007,-0.22599516502980066,2.9551280178725614,3.139351567713322,3.1238671207996855,4.745624667186873,2.82862512610881,110.0840048349702,114.06,110.0840048349702,110.31,6.896899740282739,4.635924149896402,10000.0,10000.0,-0.05,-0.24787480567541686,1499.17708512634,686.6887892349064,3,7,9,238.6992408588244,26,58000.0,255.38276706687944,430.0,21,0.12399436749833884,0.11410674124929725,0.02970803172968789,2.4149979924294054,0.24408778321273433,0.6830935509481983,0.34511939665012836,0.22,14,0.24,27,45,4
159,局部扰动,3.6580338796106826,3.0169323302319895,-5.21031242425245,-1.4603124242524501,4.452929508192063,2.8423499176733245,3.138879764477591,4.77488995493963,2.9917623463849106,108.84968757574755,114.06,108.84968757574755,110.31,7.732906470613642,7.121179447594023,10000.0,10000.0,-0.05,-0.24201437143977683,1471.346717003066,650.2788501600994,3,7,8,245.54834464146376,27,58000.0,250.0,430.0,21,0.11779074136965353,0.11049475142859701,0.03168915455993965,2.3942114051535155,0.24427579341254504,0.6755737021854554,0.33936472353027297,0.22,14,0.23868995801977827,27,46,5
160,局部扰动,3.6938867970098856,3.1016748504450344,-4.586790468388685,-0.8367904683886849,3.8640283822679353,3.033342002391093,3.1788601086096455,4.836636563972722,3.0000108869729822,109.47320953161132,114.06,109.47320953161132,110.31,7.447909885920401,6.033460756978883,10000.0,10000.0,-0.05,-0.24723015326036352,1476.4933859488715,685.1651223781523,3,7,8,233.72042517458942,26,58000.0,250.0,430.0,21,0.12996952280820329,0.11846114546560199,0.027607212429405316,2.4112823458451165,0.2462670027780301,0.6578275763140491,0.3251497522395226,0.22,14,0.24,27,47,4
161,局部扰动,3.6093773001761424,2.989162889363546,-4.153925129265957,-0.40392512926595714,3.063207513252602,3.090643251579235,3.130514367283017,4.810451909331085,2.824233722639649,109.90607487073405,114.06,109.90607487073405,110.31,7.018218543886805,4.886347616665367,10000.0,10000.0,-0.05,-0.24543580558452444,1480.9688421412427,671.0709446739384,3,7,7,236.3663944633064,26,58000.0,250.0,430.0,21,0.11739120005415447,0.11236600605997978,0.029592566181981618,2.4147317285060663,0.24423859883944493,0.6500376865165647,0.35946036545893556,0.21614654418060678,14,0.23751132965563934,27,45,4
162,局部扰动,3.5929186460555504,3.0410702058913985,-2.8445255089002046,0.9054744910997954,2.100937045789797,3.810379283687135,3.152032150072808,4.3058009952662815,3.273047785229162,111.2154744910998,114.06,111.2154744910998,110.31,6.8732897773246355,3.600937045789797,10000.0,10000.0,-0.05,-0.2459272398874767,1483.3226635229407,690.0236209394295,3,7,10,236.08068277455837,27,58000.0,262.5960338525404,430.0,21,0.12888811309632556,0.1117840159423696,0.028880329092170202,2.4843607133282375,0.2553425684580688,0.6335232887498822,0.34364382255358855,0.22,14,0.23453380865204146,27,45,4
163,局部扰动,3.8735412137093337,3.3042519713736307,-1.7643780602310954,1.9856219397689046,1.700409017136155,4.493716257130303,3.249703556606589,4.2909019599488785,3.8807628760057913,112.2956219397689,114.06,112.2956219397689,110.31,7.390162569219355,3.200409017136155,10000.0,10000.0,-0.05,-0.25,1492.216935410119,663.6841566776205,3,7,10,243.25237094200662,26,58000.0,253.29060366005513,430.0,21,0.12030346562385094,0.11405191896873594,0.03154129038528606,2.5112692993637666,0.2672033234295042,0.6578837352442473,0.3441315533494945,0.22,14,0.22729045608613407,26,46,4
164,局部扰动,3.5584347967142724,3.034384313461113,-3.265857467574918,0.4841425324250821,2.481353572540743,3.9820291008252084,3.2570694048259234,4.1605294343665085,3.261897583045752,110.79414253242508,114.06,110.79414253242508,110.31,6.898863623016504,3.981353572540743,10000.0,10000.0,-0.05,-0.25,1519.3799062015942,659.4257598636332,3,7,7,234.83916881071409,26,58000.0,250.0,430.0,21,0.1276898726973106,0.10958668561360076,0.031101636728451985,2.5122768982893997,0.24008626305098416,0.6666052495918832,0.3499447758975176,0.22,14,0.23095713300205276,28,46,4
165,局部扰动,3.4867865005659078,2.930220689680813,-3.4425171661112444,0.30748283388875564,2.6566523700670635,3.6576914789064237,3.1636225716945163,4.313346523587706,2.9975409273284126,110.61748283388876,114.06,110.61748283388876,110.31,6.745836622326541,4.1566523700670635,10000.0,10000.0,-0.05,-0.25,1522.9407141222564,671.5145019784968,3,7,9,228.53457777579223,26,58000.0,271.4537020009832,430.0,21,0.12247248861484558,0.10880988358271944,0.02852799123388156,2.4699906266928338,0.24273635757822484,0.6775736894016022,0.34098172982529157,0.21933505851310564,14,0.23417240153172886,27,46,4
166,局部扰动,3.4905425512532,2.915066129082387,-3.79144523728624,-0.041445237286239944,2.9389929675303788,3.5566193310474215,3.156886975483833,4.343134365109625,2.9821221364731136,110.26855476271376,114.06,110.26855476271376,110.31,6.777017878186476,4.472149157359371,10000.0,10000.0,-0.05,-0.25,1499.6678833295643,642.4587930299233,4,7,7,240.7563483243262,26,58000.0,259.14609352148733,430.0,21,0.11887739175692882,0.11254268117832296,0.02960477318934856,2.4486543124222426,0.2435078272841924,0.6376750157108986,0.33313383665128543,0.21477755978492763,13,0.23383212753033333,27,46,4
167,局部扰动,3.6570920706825967,3.1040090277516126,-4.234583381233946,-0.4845833812339464,3.4226585590262495,3.6036977608689806,3.1346611248423164,4.468748155691889,3.291806465041781,109.82541661876606,114.06,109.82541661876606,110.31,7.292153250419851,5.310325264013407,10000.0,10000.0,-0.05,-0.25,1465.522736754338,673.1793911475027,3,7,7,232.07736358338343,27,58000.0,254.12272349399225,430.0,21,0.12409247655347592,0.1153011079518601,0.027864121434966457,2.496005203100953,0.2409081362711429,0.6472136966269564,0.342877975691221,0.21355878197360373,14,0.22561954307224666,28,47,4
168,局部扰动,3.509939257303009,2.957571324540443,-4.598205476317375,-0.848205476317375,3.7756921586357737,3.2203295975042097,3.1641945226012584,4.3959330840887745,2.976354440583051,109.46179452368263,114.06,109.46179452368263,110.31,7.230603985099704,5.954256539689673,10000.0,10000.0,-0.05,-0.25,1479.4384584783913,647.3383907576934,3,7,9,233.82672896520958,26,58000.0,250.0,430.0,21,0.12166365481472602,0.11467368188919673,0.02527131563620623,2.447323184447578,0.23926150277660732,0.6884605954450346,0.35680016896300226,0.2157521029618026,14,0.24,28,47,4
169,局部扰动,3.553597134686444,3.0036834561642105,-3.3460883068603238,0.40391169313967623,2.8435069774836257,3.9310897228788257,3.164782235319384,4.265521627721472,3.207065564545904,110.71391169313968,114.06,110.71391169313968,110.31,6.926823181267326,4.343506977483625,10000.0,10000.0,-0.05,-0.24897166253170977,1493.103990882839,628.2023514911066,3,7,7,237.99238948389336,27,58000.0,250.0,430.0,21,0.12201540683081527,0.11779924540618301,0.027880854091416652,2.5457925585576806,0.2488628246388361,0.6464410665762302,0.3266015543921007,0.22,14,0.2352027991896541,27,46,5
170,局部扰动,3.621125882903021,3.1168427471453866,-2.923789143458606,0.8262108565413939,2.1453138935750773,3.7038478395695047,3.156019556901441,4.3635217400173865,3.2881306081024166,111.1362108565414,114.06,111.1362108565414,110.31,6.895134585977558,3.6453138935750773,10000.0,10000.0,-0.05,-0.24096792328123953,1450.7910019255564,659.6829996606332,3,7,9,239.59485379909015,26,58000.0,251.96208811020745,430.0,21,0.12311823193007149,0.1142021732190401,0.03357906696852124,2.497872398190417,0.25842703319400373,0.692367426344797,0.3501441133883327,0.22,14,0.24,28,45,4
171,局部扰动,3.628735888646582,3.105228219277231,-3.2131953380732625,0.5368046619267375,2.6364924199007356,3.918276218436415,3.1521563470706937,4.296406838555807,3.366436301164581,110.84680466192674,114.06,110.84680466192674,110.31,7.006125820531388,4.136492419900735,10000.0,10000.0,-0.05,-0.24358755401126528,1479.9122661141084,684.0068802675572,3,7,8,237.46945418523848,25,58000.0,250.0,430.0,21,0.12375661223976553,0.11404420283458488,0.029703382765776797,2.472454262034879,0.2555957717190682,0.7113603847333577,0.3486020608157554,0.2131645453120923,14,0.24,28,47,4
172,局部扰动,3.5648957103521877,2.9550537598370887,-4.20141885272578,-0.4514188527257801,3.2439036962262127,3.1119977321209094,3.1380054214965196,4.757119779836656,2.7555109016113644,109.85858114727422,114.06,109.85858114727422,110.31,7.008186326744511,5.105038778406836,10000.0,10000.0,-0.05,-0.2465741849318254,1492.8669066229213,684.2147618468892,3,7,8,227.89476286871167,26,58000.0,250.0,430.0,21,0.11822270924530506,0.11361716896380844,0.0286461248730085,2.4655210831590137,0.2358933346890664,0.6909256067736991,0.34834102828285246,0.22,13,0.23757183767303236,26,46,4
173,局部扰动,3.592916408973345,2.938712866977628,-4.658949502649719,-0.908949502649719,3.6780278362301613,3.0227332671102882,3.2100089679396997,4.715464814938382,2.838275562952533,109.40105049735028,114.06,109.40105049735028,110.31,7.30968630395692,5.9051874383499365,10000.0,10000.0,-0.05,-0.24044262427072788,1459.8536440685025,637.6017531491021,3,7,9,232.338070632578,25,58000.0,250.0,430.0,21,0.11567242663393976,0.11377509354408277,0.02779464056903556,2.427481574983381,0.24311070746793698,0.670552188215402,0.33553233262148524,0.21966474527814941,14,0.22313056354032781,27,46,4
174,局部扰动,3.467869682365182,2.9062894047203476,-3.508006366000103,0.24199363399989693,2.663789923790522,3.646574296612972,3.3053442987786297,4.311827331154471,2.8680277512279555,110.5519936339999,114.06,110.5519936339999,110.31,6.716226816837094,4.163789923790522,10000.0,10000.0,-0.05,-0.24427673749005627,1501.510425467953,662.3047951678053,4,7,8,229.14795399033795,26,58000.0,277.46950681246454,430.0,21,0.12295683031298141,0.11278694198628147,0.030072357406930227,2.5429491459448457,0.23624515213888642,0.6592444876105636,0.3614066823970376,0.21808968717123856,14,0.24,27,46,4
175,局部扰动,3.4508286858482644,2.890506087414334,-3.404495061443896,0.345504938556104,2.6507727065934206,3.507763493878117,3.153837781156319,4.343854203968194,2.8801245458716562,110.6555049385561,114.06,110.6555049385561,110.31,6.665262724134983,4.150772706593421,10000.0,10000.0,-0.05,-0.24696422968877393,1515.491851365435,654.3406229484264,3,7,8,243.90415527057294,26,58000.0,250.0,430.0,21,0.12206563309745523,0.11254679134434234,0.029949369876305126,2.4305655008508253,0.24978358920237584,0.6957912098879092,0.34281594027453866,0.22,14,0.23998892948941666,27,46,4
176,局部扰动,3.6294995799117267,3.102519470952795,-3.862809178023369,-0.11280917802336887,3.5121507773301515,3.544254541645247,3.1104153242757127,4.535045591056049,3.1744203344928423,110.19719082197663,114.06,110.19719082197663,110.31,7.083903114166432,5.102398119748847,10000.0,10000.0,-0.05,-0.24990550609412784,1478.2725564066602,665.2690653639655,3,7,8,240.17645149557225,26,58000.0,251.33333101855823,430.0,21,0.12737086248308147,0.11576134037709726,0.03242690440996192,2.50227723214736,0.25581651049961257,0.6623225922347578,0.31994378974543825,0.22,15,0.24,26,47,5
177,局部扰动,3.740688138015826,3.190561560919483,-2.247509142446944,1.502490857553056,1.888440935634124,4.361413354571651,3.2653644116265155,4.2343298518047865,3.621128829843292,111.81249085755306,114.06,111.81249085755306,110.31,7.185899726045044,3.388440935634124,10000.0,10000.0,-0.05,-0.25,1500.206564585542,659.7797473913026,4,7,8,242.67945270783477,26,58000.0,273.5177661422229,430.0,21,0.12923663060544502,0.11188265723438712,0.031303234974838376,2.513126192593933,0.25750312556844784,0.6869184614607869,0.3365343151771465,0.22,13,0.23784272752703733,27,46,4
178,局部扰动,3.5675903782078797,3.015248255052102,-3.235449349386002,0.5145506506139981,2.692568189599034,3.93975677049487,3.1546182302422068,4.254810114059541,3.2554624091792177,110.824550650614,114.06,110.824550650614,110.31,6.93147399283598,4.192568189599034,10000.0,10000.0,-0.05,-0.2437256074227125,1508.464356206099,661.956974758974,3,7,8,238.62622696612456,27,58000.0,256.2574686418477,430.0,21,0.1284035716905433,0.11707530804647498,0.029070129588097453,2.496588732550784,0.24842784150713493,0.667467913596522,0.33293611916778626,0.21869697412425382,14,0.2369567749198454,27,47,4
179,局部扰动,3.4466202761733324,2.8392481291026486,-3.7787097541054635,-0.028709754105463503,2.9378908497905365,3.269366300588749,3.1663039872485266,4.450766945187572,2.7501683165145923,110.28129024589454,114.06,110.28129024589454,110.31,6.647788035960304,4.460858653074907,10000.0,10000.0,-0.05,-0.24822280545011882,1488.396834670392,671.7026951831031,4,7,9,242.26286249947847,26,58000.0,256.6338237267785,430.0,21,0.12055581437415731,0.112520904483229,0.029565757412534824,2.418690020881158,0.250854962671625,0.6551176525421294,0.3493780287867158,0.22,14,0.24,27,46,4
180,局部扰动,3.650862185297284,3.1245327918629475,-3.3839421048497513,0.36605789515024867,2.735588797078827,3.989407802357694,3.2282800795138757,4.321452542100379,3.3596733968046837,110.67605789515025,114.06,110.67605789515025,110.31,7.058305930059559,4.235588797078827,10000.0,10000.0,-0.05,-0.24895601426335567,1499.4338323061213,665.3038131632044,3,7,7,235.46065180809848,26,58000.0,250.65737132641922,430.0,21,0.12393398984440124,0.1120987560370983,0.02406912479925562,2.537135192902663,0.2445338437700201,0.6834280814294986,0.35600159521366587,0.22,14,0.22433251245115482,27,46,5
181,局部扰动,3.5845422271396323,3.0140321276009496,-3.637631804302842,0.11236819569715806,2.6285988516294405,3.420383702509191,3.192556044476601,4.516195256714767,3.0346455631399336,110.42236819569716,114.06,110.42236819569716,110.31,6.821405888628712,4.128598851629441,10000.0,10000.0,-0.05,-0.24606158247972823,1468.377527777156,654.9494014729383,4,7,8,244.01995572293148,26,58000.0,250.0,430.0,21,0.12228514404934732,0.1086649921030843,0.025707164759532834,2.443954424375497,0.25044240984456495,0.6731703842720305,0.3633277323231753,0.22,14,0.23654219286405653,28,45,4
182,局部扰动,3.727257295100449,3.1796533474247846,-2.8461836261491555,0.9038163738508445,2.3321619795377813,4.100429533323522,3.1575533768805433,4.390544803125378,3.5153040338374653,111.21381637385085,114.06,111.21381637385085,110.31,7.148876234413347,3.8321619795377813,10000.0,10000.0,-0.05,-0.24008290206593885,1463.262643848293,662.8514030867026,3,7,9,237.08527744954256,25,58000.0,250.0,430.0,21,0.12338574776739421,0.11121939312854508,0.02763533176950045,2.491287907971919,0.2599866338721658,0.6736468385719513,0.3441336700126062,0.21459586352340096,13,0.23021257999665629,26,47,4
183,局部扰动,3.501637998199174,2.911036806942895,-4.357245106871218,-0.6072451068712184,3.4599366184431686,3.2858423475118044,3.185874836725857,4.505995913049764,2.829468966279186,109.70275489312878,114.06,109.70275489312878,110.31,7.06766931551315,5.445732703940144,10000.0,10000.0,-0.05,-0.25,1497.4379241283975,643.9159127952792,4,7,8,246.88203464647438,26,58000.0,250.55163068417212,430.0,21,0.12369883759073935,0.11166176935123606,0.02959072402369509,2.4440130816670536,0.24128085337502364,0.6772195136633858,0.35058350902557855,0.22,14,0.23262552207858578,27,45,5
184,局部扰动,3.6980107462030176,3.156338235946753,-2.247956490680977,1.502043509319023,1.857333964654102,4.069449942374922,3.352029522970309,4.367050196150741,3.3698250277044193,111.81204350931903,114.06,111.81204350931903,110.31,7.067072077275892,3.357333964654102,10000.0,10000.0,-0.05,-0.24448663423238298,1500.11904260184,666.663291865604,3,7,8,243.5136352015836,26,58000.0,250.0,430.0,21,0.1282563930924816,0.11140900052530449,0.031173585341039638,2.5312798970169927,0.2554819393169668,0.691679047579315,0.35694184181047695,0.22,14,0.24,26,46,4
185,局部扰动,3.5230319525380223,2.911912965078216,-4.758144117790181,-1.0081441177901809,3.7717761917661967,2.990463444825068,3.1203185135597598,4.631500987387442,2.790538495077388,109.30185588220982,114.06,109.30185588220982,110.31,7.26326192360464,6.078291485998342,10000.0,10000.0,-0.05,-0.25,1517.4707422931194,644.6866943824248,3,7,7,244.42006010985466,26,58000.0,254.146360341697,430.0,21,0.1274062776180067,0.1099032510317926,0.03130911671986675,2.3567310784829307,0.23745537774994419,0.6748372919817647,0.3393323486940219,0.22,13,0.23614483930904062,27,46,4
186,局部扰动,3.4628999604240076,2.8519583679288476,-4.391463192360433,-0.6414631923604333,3.443072905557834,3.1855044186039003,3.13780899627664,4.476540363034332,2.783976372343402,109.66853680763957,114.06,109.66853680763957,110.31,7.006247798307708,5.456243459446181,10000.0,10000.0,-0.05,-0.2466058177536347,1496.7777426398873,670.6722401831554,3,7,9,239.75934585416312,27,58000.0,261.7266862561749,430.0,21,0.12237341855157712,0.1140855541860895,0.02822982782181627,2.473653127993609,0.23247070125691,0.6679281953143779,0.3409332520531118,0.22,13,0.23965473832845338,27,46,4
187,局部扰动,3.5282323766733867,2.946526183772881,-3.9535467712621966,-0.20354677126219656,3.1149797029042308,3.26003443627497,3.1175318433849553,4.65007427233062,2.7859662536901246,110.1064532287378,114.06,110.1064532287378,110.31,6.857468237256596,4.777817119913989,10000.0,10000.0,-0.05,-0.24713619776340987,1495.3519578619967,669.6842442904405,3,7,7,231.22992313233743,26,58000.0,252.4690027289582,430.0,21,0.1301644785200914,0.11374638084639775,0.030717259665775085,2.50767642958216,0.23680253443628663,0.6846054538506032,0.3282165641190295,0.2138684990465374,14,0.24,26,46,4
188,局部扰动,3.497000983369839,2.9463857686060226,-4.16192125999639,-0.4119212599963902,3.4219406178950513,3.348899384098279,3.1292190786883367,4.340666855885198,3.0161719301293193,109.89807874000361,114.06,109.89807874000361,110.31,6.987755791762263,5.251477625892163,10000.0,10000.0,-0.05,-0.25,1475.3159081416188,645.6659056730357,3,7,8,234.14837190915878,27,58000.0,263.5927182802856,430.0,21,0.12381415508189884,0.11594305172656318,0.029285351261019946,2.4229544642871668,0.24980767220869768,0.686863584029394,0.348122009824945,0.22,14,0.23792083339149975,28,47,4
189,局部扰动,3.5510599221476054,2.884261058651246,-4.071088023724002,-0.3210880237240019,3.078944604051784,3.109458333882919,3.121279094010736,4.7471958928890015,2.737681008628879,109.988911976276,114.06,109.988911976276,110.31,6.904093303511267,4.835815023030985,10000.0,10000.0,-0.05,-0.2339481393755312,1494.6355730434125,672.3923446219716,3,7,9,234.05642140869585,26,58000.0,250.0,430.0,21,0.1303838060258577,0.11633756882943884,0.029351812677608207,2.415894481221284,0.24472210439032333,0.6592416131072097,0.3332918140485968,0.21751246779523045,14,0.24,26,45,4
190,局部扰动,3.4668506479756576,2.813160988762476,-3.8732373725104026,-0.12323737251040257,3.0397901040680178,3.3492978462427416,3.1650870041702808,4.574013323283674,2.670638888973675,110.1867626274896,114.06,110.1867626274896,110.31,6.740556632848971,4.63838000207634,10000.0,10000.0,-0.05,-0.24296444367917738,1495.8579041102591,637.1944443845888,3,7,9,238.89639258131788,26,58000.0,250.0,430.0,21,0.12269207869921818,0.1138978928740668,0.025148023902375395,2.4287206810111943,0.24933304471452247,0.6296918710572628,0.35043730422589814,0.2149853407184993,15,0.2395749301298434,27,46,4
191,局部扰动,3.545955607244102,3.0236749910840404,-3.2185126783254105,0.5314873216745895,2.7017618396522014,3.679866488731092,3.1866117904734765,4.447883749651337,3.0057408096626914,110.84148732167459,114.06,110.84148732167459,110.31,6.84734302780152,4.201761839652201,10000.0,10000.0,-0.05,-0.24527152285670303,1492.988847288277,694.0849444077506,3,7,7,240.39469869632504,26,58000.0,250.0,430.0,21,0.12392806140735677,0.11030892941753112,0.02710631336564805,2.4979860673520773,0.25440276177650545,0.692275125000275,0.34904985161780744,0.21856862008161204,14,0.24,26,46,5
192,局部扰动,3.5187072273988353,2.9346407572395172,-3.5429773316031543,0.2070226683968457,2.7382905817818024,3.5402546087260736,3.17365722402323,4.429675739161215,2.9603598824798087,110.51702266839685,114.06,110.51702266839685,110.31,6.772312512085139,4.238290581781802,10000.0,10000.0,-0.05,-0.2458285933342452,1502.9673424397859,700.0,3,7,10,247.83586748054788,27,58000.0,261.745452921322,430.0,21,0.1189996961943412,0.11602861555409101,0.02561857648081147,2.464865667630205,0.24456252292065056,0.6522049385945646,0.33239300392841364,0.22,13,0.2323705950167188,26,46,4
193,局部扰动,3.4802974629447316,2.9168521256946764,-3.539107388804922,0.21089261119507796,2.7238545002489425,3.511814426795716,3.1271693329900736,4.33449803288843,2.9806706391262727,110.52089261119508,114.06,110.52089261119508,110.31,6.713467664313205,4.223854500248942,10000.0,10000.0,-0.05,-0.24196337921716035,1509.5499117125996,657.1702409957885,3,7,7,241.17100280298445,27,58000.0,250.0,430.0,21,0.1286352198539404,0.11337874617241539,0.028241782452579408,2.37650352428903,0.25354438476117186,0.633645288483,0.34200224188749667,0.22,13,0.23396959304670273,27,46,4
194,局部扰动,3.7357544943628933,3.1870849554829292,-4.985297877149094,-1.235297877149094,4.400205816462615,3.20234914749864,3.1511324423348888,4.643320075201385,3.3158906344175114,109.07470212285091,114.06,109.07470212285091,110.31,7.8102868743986384,6.888444118181891,10000.0,10000.0,-0.05,-0.2339744630549447,1482.3959346862696,678.7753177333288,3,7,7,252.03280709577936,26,58000.0,258.54283859932843,430.0,21,0.12307879634963168,0.11200052447073194,0.02698775608474495,2.401621485309111,0.24676924457028682,0.6650744110346967,0.3435554917558543,0.22,14,0.23801873834790263,28,47,5
195,局部扰动,3.5631701336677937,3.056240071441434,-3.2246416045598636,0.5253583954401364,2.7091830910335237,3.8204942341405213,3.18124171104733,4.34673118175471,3.148575262619261,110.83535839544014,114.06,110.83535839544014,110.31,6.903604773647834,4.209183091033523,10000.0,10000.0,-0.05,-0.24824976633769938,1469.1550784811932,695.3273267497464,3,7,9,237.4615753167715,26,58000.0,261.0612989923284,430.0,21,0.1259372121839958,0.10801159391928579,0.02982224682044654,2.532939769735053,0.25501036816437234,0.6821752816042227,0.34719875450275867,0.21637595609436677,14,0.24,27,46,5
196,局部扰动,3.783300908194189,3.0756670138645177,-5.766522153406427,-2.0165221534064273,4.927494296628267,2.7755491516665516,3.175300971334615,4.913073608976839,3.1590447183564154,108.29347784659358,114.06,108.29347784659358,110.31,8.218691867962828,8.040712019353409,10000.0,10000.0,-0.05,-0.24513012304669524,1499.677461476865,697.6491291721259,4,7,9,230.84515882087192,26,58000.0,250.0,430.0,21,0.11935222167342503,0.11858982796509182,0.02809658838983617,2.4023440170800314,0.2292912535133868,0.674495428423658,0.3460345278544279,0.22,14,0.23652359614913884,27,46,5
197,局部扰动,3.5253795339015466,2.975271398150899,-4.64618568288013,-0.8961856828801302,3.813531607161122,3.191664510784185,3.1371329277123388,4.479348894603684,2.9482866301880555,109.41381431711987,114.06,109.41381431711987,110.31,7.269861856324699,6.030480153465226,10000.0,10000.0,-0.05,-0.24762419233913252,1478.1161447014442,663.6921228737203,3,7,9,235.9011392694653,27,58000.0,250.0,430.0,21,0.12393217125480861,0.1125662216058062,0.027947849148878563,2.4780241925701905,0.2338887891222997,0.6524458045810699,0.34982199189188173,0.22,13,0.24,27,47,4
198,局部扰动,3.520400726787059,2.857230442224645,-4.44010646493787,-0.6901064649378696,3.4742254317733052,3.0150116514397594,3.1399761736012803,4.727613878637568,2.6612703990500357,109.61989353506213,114.06,109.61989353506213,110.31,7.067924026131921,5.526310603723601,10000.0,10000.0,-0.05,-0.25,1507.5783326305302,658.0151768565707,3,7,8,245.17206367032486,26,58000.0,268.3761375077879,430.0,21,0.12808711498107073,0.11843093506095999,0.029854021750515908,2.449347661187341,0.23371863759692985,0.6719348221880435,0.354524120697981,0.22,14,0.24,26,46,4
199,局部扰动,3.5996033040182027,3.083431471215466,-2.8491167764132967,0.9008832235867033,2.4538471838370723,4.154864307683106,3.252798442593633,4.258159472580339,3.2790390391469746,111.2108832235867,114.06,111.2108832235867,110.31,7.002142095023389,3.9538471838370723,10000.0,10000.0,-0.05,-0.24331578357603487,1522.8059775509255,686.947858499554,3,7,8,235.7139018442929,27,58000.0,252.08313243754512,430.0,21,0.12382763799063536,0.11258827870379678,0.029512595050805182,2.5243539973634284,0.2515550649119725,0.6612063133917641,0.34129942440441857,0.22,14,0.23994818484014588,27,46,5
200,局部扰动,3.593079121175756,3.0760066072278875,-2.858677165960728,0.891322834039272,2.170898557380252,3.8565645378053603,3.241900639877295,4.351687727221637,3.18583386607334,111.20132283403927,114.06,111.20132283403927,110.31,6.892142363234796,3.670898557380252,10000.0,10000.0,-0.05,-0.2433824735304397,1490.0295807347713,694.8865907707334,3,7,8,235.87358123969904,27,58000.0,255.27403383454157,430.0,21,0.12473562272603235,0.1166983401237313,0.025230952147167997,2.53548427112672,0.24758277084846225,0.6729524566781739,0.36734119245719066,0.2117274362543643,14,0.24,27,46,4
201,局部扰动,3.47254633517978,2.8856245523519526,-3.317919827071563,0.4320801729284369,2.595424749704865,3.455200849327057,3.160640578655728,4.463898536309995,2.8101770047806705,110.74208017292844,114.06,110.74208017292844,110.31,6.6761767638172085,4.095424749704865,10000.0,10000.0,-0.05,-0.24231647550840407,1497.8958606848255,646.864973272622,3,7,8,233.3541735404254,26,58000.0,250.74877749711834,430.0,21,0.12669671916944222,0.11125409553213854,0.02627525459549702,2.4578585261423442,0.2513730697411105,0.7006052185424774,0.3396147154705324,0.22,14,0.24,26,46,4
202,局部扰动,3.6212048216107724,3.076022930821597,-3.1291796232657276,0.6208203767342724,2.5246524265703374,4.175200639456994,3.2597636185523373,4.249261980743802,3.334737013201153,110.93082037673427,114.06,110.93082037673427,110.31,7.03381555382704,4.024652426570338,10000.0,10000.0,-0.05,-0.25,1498.941320723276,678.7500380538933,4,7,9,236.2663198126527,26,58000.0,250.0,430.0,21,0.1215365769650535,0.11686417742837948,0.026688768145421687,2.5374578479751615,0.2431634566920004,0.6697305288120671,0.3554200470736781,0.2061014502357213,13,0.24,27,47,4
203,局部扰动,3.6238512189336984,3.0883914045002574,-3.051725333336293,0.698274666663707,2.556279899459669,4.182693926947378,3.2230554847442296,4.259827405857449,3.3506994692482923,111.00827466666371,114.06,111.00827466666371,110.31,7.046163695373256,4.056279899459669,10000.0,10000.0,-0.05,-0.25,1509.434612414585,670.4614426329617,3,7,7,239.7620146182039,27,58000.0,254.8941415091938,430.0,21,0.12533720590363584,0.11291163902853737,0.02456817328708827,2.540421883012862,0.24853703827821993,0.638047688499423,0.34358140836685525,0.21416627874106675,14,0.23257343559146568,27,46,5
204,局部扰动,3.436288222423248,2.8490880146227777,-3.627898568135123,0.12210143186487699,2.804189934943395,3.3569365593895437,3.150917145344011,4.39347073376755,2.7922023371586486,110.43210143186488,114.06,110.43210143186488,110.31,6.625193331130063,4.304189934943395,10000.0,10000.0,-0.05,-0.2498502251086783,1504.3947567116018,662.9993084246486,3,7,8,249.79185860307223,26,58000.0,256.92508860243447,430.0,21,0.12377202184178578,0.11352066051226714,0.02685197389956082,2.4286812942247904,0.2485049841358594,0.6372947369578011,0.35156638178065547,0.22,14,0.24,27,46,4
205,局部扰动,3.6692711718524493,3.1035457297207927,-2.693795847059974,1.0562041529400261,2.2731735806634923,4.210019485075902,3.2186890673964217,4.2056403028865414,3.503332056492331,111.36620415294003,114.06,111.36620415294003,110.31,7.092380218515212,3.7731735806634923,10000.0,10000.0,-0.05,-0.25,1517.0770139396025,660.8557904834413,4,7,8,229.27135842779197,26,58000.0,254.74601283433432,430.0,21,0.11850292517867625,0.11566362494230552,0.025865718828795757,2.4414491684407036,0.2601511500829785,0.6432279488347079,0.34265104299888366,0.21805329309757945,14,0.23277826364385235,27,47,4
206,局部扰动,3.759653229770652,3.190676729328738,-2.2765232118053262,1.4734767881946738,2.03315765379152,4.482352680280982,3.3021165299427087,4.245442606544385,3.637980735483578,111.78347678819468,114.06,111.78347678819468,110.31,7.255667828465186,3.5331576537915206,10000.0,10000.0,-0.05,-0.2454123491863044,1521.773025910208,681.1248345337289,3,7,9,236.8703165895879,25,58000.0,250.0,430.0,21,0.12343659545821685,0.11774568596992353,0.029957978499116366,2.5411057416376237,0.25301198705308764,0.7050561664922486,0.3458022250548659,0.2188488618194925,14,0.24,27,47,4
207,局部扰动,3.552606874658876,2.930664683193958,-4.054810546252497,-0.30481054625249726,3.166759806794445,3.1163580604719425,3.170857215691864,4.697907665755715,2.768739763702855,110.0051894537475,114.06,110.0051894537475,110.31,6.91835498561684,4.9106082437964425,10000.0,10000.0,-0.05,-0.25,1471.365262393786,654.1750274935247,3,7,8,234.03871368503135,25,58000.0,250.0,430.0,21,0.12638026246749656,0.1145282232994187,0.024488265613179912,2.454703719253134,0.24563158805644436,0.6735065433551444,0.3449336545882289,0.2189985036811534,14,0.24,27,46,4
208,局部扰动,3.431762854637364,2.8396495859818365,-4.380863509388433,-0.6308635093884334,3.441815114901386,3.271174295751801,3.1371594631683415,4.35573458525696,2.8273193766559697,109.67913649061157,114.06,109.67913649061157,110.31,6.978799847941802,5.446505922412133,10000.0,10000.0,-0.05,-0.25,1496.8124575207712,659.3159288455006,3,7,9,233.99462507102822,27,58000.0,250.0,430.0,21,0.13043661268128728,0.11456611727840295,0.029010938696625507,2.4850133574910758,0.23277287082031722,0.6699076655382454,0.3450821756779279,0.2168641401000227,14,0.24,28,46,4
209,局部扰动,3.6451908839233393,3.0989645185735775,-2.3496560442854104,1.4003439557145896,1.966449443481881,4.147835358882799,3.1888032378817988,4.261751426505747,3.4162962582251533,111.71034395571459,114.06,111.71034395571459,110.31,7.0157857490372875,3.4664494434818813,10000.0,10000.0,-0.05,-0.24566233857129563,1523.8223917697035,677.7473672033311,3,7,7,229.93869532419188,27,58000.0,250.0,430.0,21,0.12462343896303767,0.11233904320563662,0.025751433055626133,2.4633171069614144,0.25935240541366217,0.62137623381459,0.33510229816480297,0.21562604126786306,14,0.24,27,46,4
210,局部扰动,3.871804552171499,3.304448747815681,-2.307447253342957,1.442552746657043,1.8948147981931378,4.669888742426333,3.351353973873038,4.241671943823346,3.8677408331672734,111.75255274665705,114.06,111.75255274665705,110.31,7.4260908429637364,3.394814798193138,10000.0,10000.0,-0.05,-0.25,1507.6663754453355,653.6526003104125,3,7,8,240.7917212585524,26,58000.0,251.41280812790927,430.0,21,0.12646183810613693,0.11263824374658302,0.031949610247427596,2.628959895439374,0.24235434201620207,0.6718213567426979,0.33943260497986294,0.2173281566406157,14,0.23231566130025574,28,46,4
211,局部扰动,3.6116231308547526,3.097151897618796,-2.64876376802232,1.1012362319776798,2.1151521540331504,3.870999542179999,3.174062341151704,4.338576731250827,3.2781305173684316,111.41123623197768,114.06,111.41123623197768,110.31,6.92231786496563,3.615152154033151,10000.0,10000.0,-0.05,-0.25,1491.88862825351,682.1263387389558,3,7,8,225.81753370975247,25,58000.0,251.71998446707337,430.0,21,0.132650518491318,0.11194860487094802,0.028398060397697194,2.4881556533409794,0.2576449394108498,0.6658211687057817,0.3412577989561509,0.22,14,0.24,27,46,4
212,局部扰动,3.4461545781544127,2.8238900515656744,-4.117212486621412,-0.3672124866214119,3.192163569171791,3.1776061269926563,3.150469978965719,4.490006960856975,2.715675801439175,109.94278751337859,114.06,109.94278751337859,110.31,6.8178727124062695,4.98593355846892,10000.0,10000.0,-0.05,-0.24852810006190024,1500.9226474016596,660.5573831461444,3,7,8,235.43894539045652,27,58000.0,250.0,430.0,21,0.12011181363184814,0.11809850891262014,0.02740732289699097,2.457863582991004,0.23849068280427174,0.6500131580122875,0.35583263679457866,0.22,14,0.24,27,46,4
213,局部扰动,3.4604338237948147,2.845533465323858,-4.491599465765859,-0.7415994657658587,3.5362822254290984,3.0488357440587843,3.1327054038603963,4.485799147663422,2.7703009370831504,109.56840053423414,114.06,109.56840053423414,110.31,7.036261065992221,5.629561798041785,10000.0,10000.0,-0.05,-0.25,1500.4915661194539,682.7050247169234,3,7,9,241.12161642430107,27,58000.0,250.0,430.0,21,0.12634016457677924,0.11277806875975853,0.02767249144974707,2.382594422780056,0.24261968234583625,0.6703834868992434,0.35210647289364555,0.22,14,0.24,28,46,4
214,局部扰动,3.650704905492418,3.0048346418867307,-4.9908142937308355,-1.2408142937308355,3.940762897555928,2.8385267438170936,3.1326530252392617,4.949516712754078,2.7787890966919897,109.06918570626917,114.06,109.06918570626917,110.31,7.531162992155519,6.433414332540597,10000.0,10000.0,-0.05,-0.25,1500.3376195033607,696.0760103263966,3,7,9,240.07615445259188,26,58000.0,250.0,430.0,21,0.13038010653648197,0.11587312757239009,0.027635448848008316,2.4433408553598204,0.22724200250972493,0.662138949055722,0.3589904500346045,0.22,14,0.24,27,46,4
215,局部扰动,3.518636817528223,2.8674041462303865,-4.247063225538923,-0.49706322553892335,3.3408418901197003,3.104803908710665,3.2829153907240043,4.5667648233399545,2.7515310980623293,109.81293677446108,114.06,109.81293677446108,110.31,6.989543479445508,5.238492470550839,10000.0,10000.0,-0.05,-0.25,1491.3943685251586,667.2228381829466,3,7,7,237.88718513813498,27,58000.0,250.0,430.0,21,0.1191929711853387,0.11537191494797475,0.021828738706115076,2.3673268833254983,0.24852032144504438,0.6658638652932759,0.34023012162419747,0.22,13,0.24,27,46,4
216,局部扰动,3.563956366113227,2.9794230925570857,-3.8765277890343413,-0.12652778903434125,2.890615999607917,3.2258750046706255,3.111400760062665,4.668374120670026,2.8675616856837265,110.18347221096566,114.06,110.18347221096566,110.31,6.834877861071575,4.4918382308353895,10000.0,10000.0,-0.05,-0.25,1497.9886976744929,699.6961345136181,3,7,8,234.28288748895355,26,58000.0,252.86692080588867,430.0,21,0.12037560028533573,0.11511278593612759,0.032628837049061554,2.4637205641395465,0.24032593202816188,0.6793962603104684,0.33593156389778706,0.22,14,0.24,27,45,4
217,局部扰动,3.587031888590372,3.064568417091246,-2.6704828519407755,1.0795171480592245,2.093401891051056,4.041106163052425,3.251647730117037,4.271864929176228,3.2373102828536098,111.38951714805923,114.06,111.38951714805923,110.31,6.917954509029269,3.5934018910510566,10000.0,10000.0,-0.05,-0.25,1520.1478361244406,664.3066902801341,3,7,7,240.97575172260596,27,58000.0,250.0,430.0,21,0.1279774904919473,0.11141927948579217,0.02741460300491972,2.4807281307954523,0.251999249458087,0.6577413812731878,0.35426574319368037,0.21069826446015513,14,0.24,27,46,4
218,局部扰动,4.101615192068619,3.246798079131605,-5.728682680908619,-1.9786826809086193,4.73284006319299,2.5833526740283865,3.2304297191216755,5.70645250606178,3.110554457756148,108.33131731909138,114.06,108.33131731909138,110.31,8.549277558699677,7.815786207919886,10000.0,10000.0,-0.05,-0.2450567045083944,1478.8577224890655,693.8009834278214,3,7,8,238.6175097308971,25,58000.0,262.8174636151295,430.0,21,0.12361590051244595,0.11892474053376285,0.026443783319235345,2.297797383831688,0.24268716392291978,0.6414833211146609,0.3547096280557363,0.22,14,0.24,26,45,5
219,局部扰动,3.707141266863304,3.0348458867918184,-5.452767816302426,-1.7027678163024262,4.657326619127922,2.801497232122449,3.1460139496804733,4.833388308481086,3.0569109530999485,108.60723218369758,114.06,108.60723218369758,110.31,7.9340275213880025,7.519540872169863,10000.0,10000.0,-0.05,-0.24873977651499446,1491.1427502165986,643.9376188658285,3,7,8,242.2897645635682,26,58000.0,258.1092543307025,430.0,21,0.12799807915579764,0.12,0.028145844467360927,2.388561471485223,0.2373830019550134,0.6233021836730017,0.34293751052917804,0.22,14,0.23790941915237107,27,46,5
220,局部扰动,3.5284011586854738,2.954936590904833,-3.688053198685438,0.061946801314562094,2.838893919390421,3.2652554389290884,3.134143128712187,4.591235282448113,2.8411827965970184,110.37194680131456,114.06,110.37194680131456,110.31,6.733536878393701,4.338893919390421,10000.0,10000.0,-0.05,-0.24911002854633488,1493.8518312431277,688.0290027341596,3,7,7,236.1560619409037,26,58000.0,253.2506172214247,430.0,21,0.1268553061101533,0.11947903856147772,0.026923751612059864,2.4341869131114904,0.24842291721880985,0.6472308120544551,0.3515263825325633,0.22,14,0.23851829312487643,27,46,4
221,局部扰动,3.4827886906032144,2.919845525011194,-2.966011156883056,0.7839888431169442,2.348841010079798,3.6037493287360194,3.1315878577738183,4.30848561071383,3.0096166635145516,111.09398884311695,114.06,111.09398884311695,110.31,6.707528979094652,3.848841010079798,10000.0,10000.0,-0.05,-0.24777321253376516,1481.516424727614,663.5652514196413,3,7,8,230.17575741777884,27,58000.0,271.61234940289347,430.0,21,0.12836815190874218,0.11732082260726899,0.028095478809952824,2.430807163802022,0.2628996433767716,0.6650619409191282,0.339295743978518,0.22,14,0.24,27,46,4
222,局部扰动,3.454259597915327,2.895059610287706,-3.5209041083671053,0.22909589163289468,2.6791982429155654,3.566264851451579,3.196618299082626,4.319818855060798,2.888516572588405,110.5390958916329,114.06,110.5390958916329,110.31,6.681427243758715,4.179198242915566,10000.0,10000.0,-0.05,-0.25,1506.0047155349612,682.9067100759163,3,7,7,230.94339551495685,26,58000.0,251.67000137531355,430.0,21,0.1274576407926,0.11675926940325915,0.026074929838932635,2.521384760413121,0.23794240527327593,0.6353085568795137,0.3579711732150333,0.22,14,0.23755938192342052,27,46,4
223,局部扰动,3.5199422477980624,2.971311384360432,-3.499474300957658,0.2505256990423419,2.9483454130037394,3.854053483133826,3.1510021220111852,4.25191463952271,3.144305859904419,110.56052569904234,114.06,110.56052569904234,110.31,6.872775037831691,4.448345413003739,10000.0,10000.0,-0.05,-0.24486556806974596,1487.0405112984686,644.2280386050056,3,7,7,234.04281664973814,26,58000.0,250.0,430.0,21,0.12208668921095299,0.11599445076194305,0.029410422410516165,2.5398300573967343,0.24663636946242065,0.6565753892973196,0.33190510251451505,0.22,13,0.24,27,46,5
224,局部扰动,3.464972195701869,2.872422763943986,-4.188916992627782,-0.4389169926277816,3.222703290162526,3.2793272312884856,3.1786062276497242,4.464528205823514,2.778235172243442,109.87108300737222,114.06,109.87108300737222,110.31,6.903427700561284,5.073836884264752,10000.0,10000.0,-0.05,-0.24526060175912295,1495.5826302479875,673.3329988040925,3,7,8,239.50273116574954,26,58000.0,250.0,430.0,21,0.1267339205506519,0.10972456537674774,0.03197949784640298,2.470634303671143,0.23657838040722717,0.653688351933425,0.35758770078461144,0.22,14,0.23260487409810812,27,46,4
225,局部扰动,3.7535262367188578,3.201114718659211,-2.4251912906351123,1.3248087093648877,1.9767126990876493,4.359584494259561,3.200360029790584,4.23176731734135,3.6821112689218296,111.63480870936489,114.06,111.63480870936489,110.31,7.205634096078731,3.4767126990876496,10000.0,10000.0,-0.05,-0.24657537765112866,1506.3292909272602,634.3874884045659,3,7,7,237.53023859760572,26,58000.0,264.5813578694294,430.0,21,0.1258307012832459,0.11566005818106939,0.03344324500368222,2.5220456613683324,0.2544834349971038,0.6432532583154329,0.3304698412283386,0.2192665176142125,14,0.22671987817577305,27,46,4
226,局部扰动,3.511367778273264,2.9082539443926914,-3.499492141652425,0.25050785834757505,2.6430862429127755,3.569068366753928,3.17049941292864,4.403226674258852,2.969335064155965,110.56050785834758,114.06,110.56050785834758,110.31,6.75611585565384,4.1430862429127755,10000.0,10000.0,-0.05,-0.2463704161560588,1510.1714353905963,651.7784232505277,3,7,9,235.57436924272264,26,58000.0,267.9858295296287,430.0,21,0.11860485598265737,0.10930381187296252,0.027564815538327635,2.5054965805473928,0.23989907101894878,0.6571899839259779,0.3174489150643956,0.22,14,0.24,27,45,4
227,局部扰动,3.4890862447884494,2.8873336396807976,-3.855250255484947,-0.10525025548494682,3.037091558991275,3.2592530842694436,3.1258843842710866,4.492747830866173,2.8445570569710883,110.20474974451506,114.06,110.20474974451506,110.31,6.754934284845134,4.621291763379233,10000.0,10000.0,-0.05,-0.24900598150164419,1476.6170642233392,663.3880221244837,3,7,9,244.1865513789508,26,58000.0,253.58487019027817,430.0,21,0.12459159035659546,0.11040464588195807,0.030648841827082093,2.3872688798774173,0.25666255250041614,0.6806882107491352,0.33100921069784417,0.21797542257928415,14,0.23301732565253763,27,46,4
228,局部扰动,3.524108034785401,2.944902126240682,-3.561264526864491,0.18873547313550887,2.896157528077134,3.685919287868127,3.2130302259861967,4.539517469651934,2.8387561219043125,110.49873547313551,114.06,110.49873547313551,110.31,6.822715734889361,4.396157528077134,10000.0,10000.0,-0.05,-0.25,1506.5477657068736,624.1135568209595,3,7,9,238.03071009678516,26,58000.0,255.0752822476801,430.0,21,0.1270376305476125,0.11795813517248507,0.02505894720481168,2.5021177934794925,0.24253499916641608,0.6779125461402494,0.357997925250225,0.21803662895847353,14,0.24,26,47,4
229,局部扰动,3.42591711326034,2.833529528045639,-3.7821851928056276,-0.032185192805627594,2.9937268293411465,3.3080625510864237,3.1255803648429867,4.3571707415615135,2.8170135832718035,110.27781480719437,114.06,110.27781480719437,110.31,6.639903311377065,4.519474983585648,10000.0,10000.0,-0.05,-0.2471240285050482,1474.695117599218,629.6551825513104,3,7,8,247.15419003288912,26,58000.0,250.0,430.0,21,0.12556547289766534,0.11154091498434789,0.032763686817804415,2.4386556056724817,0.25385236299733127,0.6765342683418881,0.33904678096425384,0.22,15,0.24,28,46,4
230,局部扰动,3.7699496385979288,3.0663239159512616,-5.659245981887423,-1.9092459818874232,4.830547122604858,2.715181959590043,3.1723581784733734,4.9101065507798545,3.1285586478214094,108.40075401811258,114.06,108.40075401811258,110.31,8.125461475682446,7.857943908114796,10000.0,10000.0,-0.05,-0.24198950735583347,1474.7609498342765,656.8901416090449,3,7,9,235.6374879370562,26,58000.0,254.03643110588757,430.0,21,0.11956009293417308,0.11364246645616946,0.029720063191839795,2.345135154658262,0.24071502547754758,0.6248757038607151,0.34738604918942934,0.22,13,0.24,27,46,5
231,局部扰动,3.542988423885345,2.9248418519938295,-3.54760480566938,0.20239519433062014,2.574139245309354,3.3573683045072973,3.1534328632769952,4.552058392147738,2.9109354998470844,110.51239519433062,114.06,110.51239519433062,110.31,6.742182705833036,4.074139245309354,10000.0,10000.0,-0.05,-0.24758906584169119,1483.0288524050718,652.0964384293412,3,7,7,239.5307435368794,25,58000.0,278.375061431286,430.0,21,0.12836195456329938,0.114758903098462,0.024772772649367347,2.424421250325447,0.25039072367273457,0.6667200474398709,0.3529539157169227,0.22,13,0.2374794213375643,26,45,4
232,局部扰动,3.8697842726281833,3.322492978973742,-1.744029482387674,2.005970517612326,1.6561280678074384,4.449782179287954,3.2823309231551074,4.2902299331083515,3.858601492781776,112.31597051761233,114.06,112.31597051761233,110.31,7.372718372404082,3.1561280678074386,10000.0,10000.0,-0.05,-0.24770109321060524,1488.361853275785,637.6540960189008,4,7,9,243.56147370497857,26,58000.0,250.0,430.0,21,0.12604864626940865,0.11692163287788336,0.03099844465978045,2.554301638717654,0.2623842737167288,0.6530438054060365,0.3311910164676915,0.22,14,0.24,27,45,4
233,局部扰动,3.504441459097883,2.9321080699332525,-4.329193830934145,-0.5791938309341447,3.6385012179084693,3.4218411372809476,3.1644260035654006,4.394625458875269,2.9632935751710723,109.73080616906586,114.06,109.73080616906586,110.31,7.117264289438762,5.601856282655785,10000.0,10000.0,-0.05,-0.25,1511.4508286009245,632.2111748003647,3,7,7,246.69749281559618,26,58000.0,272.3338726874867,430.0,21,0.12283904418378894,0.11302831177316766,0.0259163720714014,2.4785904104742946,0.23874499737264784,0.6579802301293405,0.33367129860668665,0.22,14,0.23436426138758032,27,46,5
234,局部扰动,3.6542177399552602,3.1153799272812703,-2.6340802417994666,1.1159197582005334,2.24630692583672,4.232045808728724,3.228912639380923,4.220046021968233,3.452014265271938,111.42591975820054,114.06,111.42591975820054,110.31,7.073965619422813,3.74630692583672,10000.0,10000.0,-0.05,-0.25,1505.2602792726923,657.5073338448693,3,7,8,233.0886559039568,26,58000.0,267.6792162620799,430.0,21,0.1283486572328415,0.1134087860596862,0.03127271490971029,2.498404175800681,0.25656360512963944,0.6743343322276983,0.34385371306287776,0.21810593408112403,14,0.2380950454718021,27,47,4
235,局部扰动,3.58801027907665,3.0624845966506435,-3.005439486958366,0.744560513041634,2.5174783777201197,3.727325764404968,3.196812433548384,4.39792851778995,3.15470213319208,111.05456051304164,114.06,111.05456051304164,110.31,6.902993997114818,4.01747837772012,10000.0,10000.0,-0.05,-0.24758874812583276,1487.6206610029217,680.3873554318443,4,7,7,222.81337885624222,26,58000.0,265.92007804323197,430.0,21,0.12386262017880674,0.1160507903668537,0.029423840867027873,2.4540552651580776,0.2615412008246812,0.695408669963112,0.34765200516543565,0.22,15,0.24,27,47,4
236,局部扰动,3.4588975909766773,2.9154074961102685,-3.351992484129397,0.3980075158706029,2.5609870806300226,3.591164961918817,3.1620355012662,4.2865419441669195,2.9529436297683396,110.7080075158706,114.06,110.7080075158706,110.31,6.6847148688203735,4.060987080630023,10000.0,10000.0,-0.05,-0.24267542069861775,1501.729041579148,689.0109337172152,3,7,8,239.35783390472784,26,58000.0,250.0,430.0,21,0.12549967405120174,0.10979947891182246,0.029916141946743975,2.435764156047183,0.25006555530033353,0.6399296708640635,0.3529637300030649,0.22,13,0.24,27,46,4
237,局部扰动,3.459277759089983,2.902484620911688,-3.3518980686956183,0.39810193130438165,2.6207186735033074,3.566102961567203,3.1772844436611907,4.354319721496112,2.878291624220432,110.70810193130438,114.06,110.70810193130438,110.31,6.686074181941349,4.1207186735033074,10000.0,10000.0,-0.05,-0.25,1500.8611653129983,666.9495833471424,3,7,8,238.35806321238746,25,58000.0,250.0,430.0,21,0.12591201125934653,0.12,0.031124129217666458,2.52541078909017,0.24398160971707614,0.6773445085982885,0.3420232239141884,0.22,15,0.23859709055867206,27,46,4
238,局部扰动,3.5975685000501363,3.0290185103114187,-4.212547295716206,-0.462547295716206,3.3363422943428356,3.3786675432546738,3.180159861542071,4.59433761964374,2.9967938478521083,109.8474527042838,114.06,109.8474527042838,110.31,7.136688875415373,5.206380130915801,10000.0,10000.0,-0.05,-0.25,1500.909604330963,672.8513040065585,3,7,8,241.9844590794849,25,58000.0,250.0,430.0,21,0.11710409199773653,0.10909247179580984,0.02615965586968359,2.424440892725278,0.24341885902836632,0.7023988891654711,0.33481085848253234,0.21656763851752936,13,0.23156964570924818,27,45,5
239,局部扰动,3.454030031937561,2.8302957927603787,-4.116107667752189,-0.36610766775218906,3.1859545548297032,3.1410995318877615,3.1409804134560813,4.48781706178469,2.7455983299223488,109.94389233224781,114.06,109.94389233224781,110.31,6.821732977805214,4.978840689031454,10000.0,10000.0,-0.05,-0.25,1489.2352204194399,666.4171050151792,3,7,8,233.07854184297526,26,58000.0,266.3350523089349,430.0,21,0.1263281709603824,0.11802522466892577,0.026436511704127023,2.3999182527292318,0.24605289896732382,0.6592808612223618,0.35344893043753794,0.22,13,0.24,27,46,4
240,局部扰动,3.479394586518573,2.8653024251133745,-4.438945858023544,-0.6889458580235441,3.5182878143290455,3.194088661501724,3.1381743048240818,4.543807661129174,2.7560188434908794,109.62105414197646,114.06,109.62105414197646,110.31,7.060020581591584,5.569444500747881,10000.0,10000.0,-0.05,-0.24356446486894678,1487.2031089765883,659.777909276679,3,7,8,237.3506095308193,26,58000.0,251.31963258915005,430.0,21,0.12837406587835876,0.11425652967940686,0.029179478667098517,2.5620366088271713,0.22712892292347614,0.6438482471387106,0.3371670070962728,0.21938113134511922,15,0.23563678222642237,27,46,4
241,局部扰动,3.574682641728568,3.0521662422566194,-3.926614861136386,-0.17661486113638603,3.1858402823922836,3.5049891805985807,3.120527795278585,4.490227024409353,3.073851332766834,110.13338513886362,114.06,110.13338513886362,110.31,6.979517242367112,4.827132171301392,10000.0,10000.0,-0.05,-0.2484423579725224,1486.732990654107,687.2669715050754,3,7,10,243.36728826078183,25,58000.0,276.3360494212618,430.0,21,0.1291121029234329,0.1165916624425894,0.03249166586770212,2.4382691094856472,0.24648557080731115,0.6897993121288946,0.34868374638059546,0.21222756313544242,13,0.24,27,47,4
242,局部扰动,3.864300027727078,3.300642514464724,-2.569935573286827,1.180064426713173,1.9588151165077332,4.475880644884477,3.3087001138835364,4.203743189277905,3.898025264999491,111.49006442671318,114.06,111.49006442671318,110.31,7.375921776697384,3.458815116507733,10000.0,10000.0,-0.05,-0.25,1496.557268491122,683.1284587731003,3,7,7,243.47618824134852,26,58000.0,252.32332751014278,430.0,21,0.12554818388390912,0.11234254316568132,0.027546231833329177,2.5851690617747654,0.2442580759141231,0.6361455446630226,0.36071669453541444,0.22,14,0.22257773636746447,28,46,4
243,局部扰动,3.673643876109991,3.138084087402001,-2.310360422921093,1.439639577078907,1.926987597236019,4.243142876157144,3.2369416551036676,4.176796324310675,3.5274828443391675,111.74963957707891,114.06,111.74963957707891,110.31,7.073035181768396,3.4269875972360193,10000.0,10000.0,-0.05,-0.25,1504.3602985859338,656.9672069946587,3,7,8,240.45031383097523,26,58000.0,250.0,430.0,21,0.1170240097703642,0.11429973927576922,0.028286042557406143,2.517105163002954,0.2584520174741566,0.6661089317096769,0.3467051294879432,0.21620114815919286,15,0.2373965003559098,28,46,4
244,局部扰动,3.557857583513925,3.013396291977793,-3.2199978222704573,0.5300021777295427,2.4771538096488523,3.6039560121659577,3.2182349335736187,4.494917252625578,2.9720667365318665,110.84000217772954,114.06,110.84000217772954,110.31,6.815193120957242,3.9771538096488523,10000.0,10000.0,-0.05,-0.25,1487.0575761099537,686.0990543281165,4,7,8,229.62757749450083,25,58000.0,251.66876367479034,430.0,21,0.11886450919876632,0.11226224278614416,0.028215684911763638,2.5561010162495608,0.24205635132687126,0.6803824976837657,0.3445428501038744,0.22,14,0.23760957760830034,26,46,4
245,局部扰动,3.4714167710776014,2.835055879161587,-4.1750117492874494,-0.42501174928744945,3.292595571899176,3.107422545051091,3.143602746104145,4.549369020470127,2.724444400079639,109.88498825071255,114.06,109.88498825071255,110.31,6.879454056154274,5.132604971329135,10000.0,10000.0,-0.05,-0.24436269198060206,1492.3647690606956,665.6569443989159,3,7,8,237.55927488862497,26,58000.0,250.0,430.0,21,0.12407351454002802,0.11434369083083185,0.027488331553875037,2.4209698826856565,0.24473301105141781,0.6944435202852818,0.3409310553221683,0.22,14,0.24,27,46,4
246,局部扰动,3.5434780890598243,2.9921494080076307,-4.0385517479758875,-0.28855174797588745,3.4036834600183496,3.3214360420424707,3.1245056847413584,4.543998087703884,2.9368605387319664,110.02144825202411,114.06,110.02144825202411,110.31,6.9805927318845535,5.134524858399059,10000.0,10000.0,-0.05,-0.24459284567663978,1458.3152886017758,623.717048283731,3,7,8,240.86908252886602,26,58000.0,270.3050150536702,430.0,21,0.12488649449928518,0.11002253699110318,0.031626824660368806,2.4721293894738583,0.25362750703918696,0.7110326888963874,0.3384697443276616,0.21766997300574553,14,0.24,27,46,5
247,局部扰动,3.7262722351625315,3.1854065211222387,-5.011800810925692,-1.261800810925692,4.429581228404585,3.1669739919349635,3.1395975860769734,4.691216554622424,3.2527046456199735,109.04819918907431,114.06,109.04819918907431,110.31,7.803759635983598,6.939021877145139,10000.0,10000.0,-0.05,-0.24419069454165596,1481.0919726205566,674.3596456549942,3,7,8,234.85319646395146,26,58000.0,250.0,430.0,21,0.12220188277999962,0.11738697606518336,0.028757986696744942,2.428138068900478,0.24346158928960057,0.6892519457214477,0.34080698036344564,0.20997485787298617,14,0.23930090832727827,27,47,5
248,局部扰动,3.7646488557613154,3.1934501606613312,-2.0867110178389368,1.6632889821610632,1.8435899995261331,4.405047272176993,3.217234088276605,4.451629283130794,3.523013682319808,111.97328898216107,114.06,111.97328898216107,110.31,7.2216663811766,3.343589999526133,10000.0,10000.0,-0.05,-0.24685751047831073,1505.5994276069973,626.536720702851,3,7,7,229.68702954869207,26,58000.0,250.0,430.0,21,0.1279231911201082,0.11284793274876541,0.03205103859589815,2.4441363472152977,0.2691731569676908,0.6229730701557331,0.3381575911048101,0.2110109386858005,14,0.23730180507792759,27,46,4
249,局部扰动,3.5704759655619305,3.058989969706393,-3.5509372783140662,0.19906272168593375,2.9501897816658778,3.778277081609953,3.166484320132507,4.312178745694587,3.2056533886882015,110.50906272168594,114.06,110.50906272168594,110.31,6.927504621449028,4.450189781665878,10000.0,10000.0,-0.05,-0.2462835080263282,1476.1951895719233,674.9891744240311,3,7,8,233.89328248243302,26,58000.0,250.0,430.0,21,0.12483740791441116,0.11536161935967991,0.0300416437448588,2.5007060165409536,0.2539433348838333,0.7082190807479335,0.3494740869792424,0.21116274436193,15,0.23350022769408593,28,46,5
250,局部扰动,3.608650070793261,3.084573376886888,-3.0485522864227192,0.7014477135772808,2.2357498862400353,3.700988213072707,3.161012281032221,4.4243387789626585,3.2002197056601376,111.01144771357728,114.06,111.01144771357728,110.31,6.881544491979428,3.7357498862400353,10000.0,10000.0,-0.05,-0.24173233909957767,1499.6703172730233,700.0,3,7,7,238.2233786203055,26,58000.0,250.0,430.0,21,0.12021677644780437,0.11206409428593823,0.028767577351148068,2.5272746789659575,0.2436915671508423,0.6857001513661436,0.3401652173313999,0.22,14,0.239196818393167,27,45,4
251,局部扰动,3.492179782630313,2.932987472102101,-4.0869568181873035,-0.3369568181873035,3.3659488013961525,3.259839376462863,3.1204515068290553,4.4591569767836425,2.8908573146929073,109.9730431818127,114.06,109.9730431818127,110.31,6.915381093465585,5.135514255945996,10000.0,10000.0,-0.05,-0.24975097385048264,1481.6084722508735,665.6172187996503,3,7,8,235.42391733333545,26,58000.0,250.0,430.0,21,0.12745612274712406,0.11583215134115812,0.030597193644336426,2.4171464678515577,0.2503897613374198,0.652173951046007,0.34853485337003465,0.21934568519798456,14,0.24,27,47,4
252,局部扰动,3.7209147951369834,3.0540445283891104,-5.414774975550316,-1.6647749755503156,4.503826744068876,2.810808575355624,3.18189584940593,4.873832935192609,3.0311947990009567,108.64522502444969,114.06,108.64522502444969,110.31,7.913885607280966,7.335646724509129,10000.0,10000.0,-0.05,-0.24307548439723026,1490.156478864415,663.4602603842095,4,7,8,241.15189540139363,27,58000.0,250.0,430.0,21,0.12425196739630567,0.11417476498346793,0.025059241354872475,2.4004251279968924,0.23104684263705866,0.6777547074286934,0.36288221689734906,0.22,14,0.24,27,47,4
253,局部扰动,3.435918448828289,2.8437696962955954,-3.8975783522124203,-0.14757835221242033,2.9898888474726486,3.29166427255392,3.186371411557133,4.430097346165415,2.7308761157812573,110.16242164778758,114.06,110.16242164778758,110.31,6.698845555271813,4.607951529242585,10000.0,10000.0,-0.05,-0.24829697157052974,1506.7538940836353,675.2612005087876,3,7,8,242.9873065658288,26,58000.0,263.5664448515896,430.0,21,0.1307960381807082,0.11810277605374223,0.03092085156031939,2.446483865321581,0.24145546773118112,0.6552148503947801,0.36255879433067084,0.22,14,0.24,27,46,4
254,局部扰动,3.4368013687616292,2.847696262168052,-3.9856411764066593,-0.23564117640665927,3.0672461292689297,3.3581307297521636,3.167623884838702,4.406708524898676,2.76968620932985,110.07435882359334,114.06,110.07435882359334,110.31,6.764853755738214,4.755759070394258,10000.0,10000.0,-0.05,-0.24713643071332783,1490.9577060270487,641.0793047078677,3,7,9,240.12290039712323,27,58000.0,263.7482943146295,430.0,21,0.13036240105656158,0.11800087956936005,0.02906289315727699,2.5009729344394955,0.2368266027862119,0.6361310928422789,0.35618875245405657,0.21430224624205582,14,0.23861758735670133,27,46,4
255,局部扰动,3.848640448143931,3.280803975948623,-1.8236885738032385,1.9263114261967615,1.7090014552221737,4.4090873595753495,3.320383995614878,4.28012645365874,3.802294599606284,112.23631142619676,114.06,112.23631142619676,110.31,7.341416244302623,3.209001455222174,10000.0,10000.0,-0.05,-0.24703410459177336,1481.8049538857872,664.0620585227473,3,7,8,227.72466490162503,26,58000.0,250.0,430.0,21,0.12111037724091442,0.11753568211246632,0.030716328422491033,2.582075834568524,0.2592792368994369,0.6828006328637244,0.3540726259744012,0.22,14,0.23908838776803432,27,46,4
256,局部扰动,3.4423613467603724,2.877222252975016,-3.567295970626617,0.18270402937338304,2.7554170702576397,3.4428951109805106,3.142080688334068,4.3637324206110435,2.8444059133935076,110.49270402937339,114.06,110.49270402937339,110.31,6.647220866228424,4.25541707025764,10000.0,10000.0,-0.05,-0.25,1486.5399869263651,674.7698626113739,3,7,8,235.318504878936,26,58000.0,250.0,430.0,21,0.12117911772532818,0.11705695981368053,0.031431453381785074,2.482462632759648,0.24644759405167938,0.6321326320290153,0.3486935341215893,0.2177417052150395,14,0.23893275699556918,27,46,4
257,局部扰动,3.481282400784536,2.858629779040255,-4.477766396044018,-0.7277663960440179,3.4989731841694365,3.052571837067705,3.132747419032171,4.586321948459191,2.7172552027097696,109.58223360395598,114.06,109.58223360395598,110.31,7.048480447888668,5.581186301004651,10000.0,10000.0,-0.05,-0.24610105281530792,1511.258070035792,639.5065999544533,3,7,7,234.55677851447734,26,58000.0,263.8666635831974,430.0,21,0.1237147662883017,0.11442551683747787,0.029570674374722508,2.3538669516980266,0.24346275802008177,0.6755909665821013,0.35720529263133605,0.20859055477245161,14,0.23828001733425327,27,46,4
258,局部扰动,3.4956060656455956,2.8719472995295203,-3.986576441217011,-0.23657644121701082,2.948460608029572,3.267189271286797,3.1539550846223863,4.521292081908593,2.815561625030402,110.07342355878299,114.06,110.07342355878299,110.31,6.810259376718499,4.6377217610031805,10000.0,10000.0,-0.05,-0.2423762120955827,1494.4047914052703,649.168071275707,3,7,7,236.95531587311888,26,58000.0,250.0,430.0,21,0.1206146079307185,0.11764759739567231,0.026777759817456708,2.481987338378331,0.23704192831620646,0.6730483403146852,0.3511610517084159,0.22,14,0.23944849061165266,27,45,4
259,局部扰动,3.518639058246477,2.9507694736301375,-3.7124565061830026,0.0375434938169974,2.8646248931483296,3.2784345514884845,3.118847957439518,4.580160057503948,2.8353910731458365,110.347543493817,114.06,110.347543493817,110.31,6.724579541136969,4.36462489314833,10000.0,10000.0,-0.05,-0.24395354102808084,1487.6351189246814,700.0,3,7,9,243.30989309289436,26,58000.0,252.13395492116723,430.0,21,0.12561922955369534,0.12,0.029792752492196282,2.4119851287748237,0.2517400989311371,0.6315848955181872,0.35063083495845276,0.21038700177024922,14,0.24,27,46,4
260,局部扰动,3.852728743778029,3.2838361357789476,-1.8497548673399962,1.9002451326600038,1.7193441470203044,4.512515906974163,3.238790588092845,4.239937846834932,3.8775018536430164,112.21024513266,114.06,112.21024513266,110.31,7.3632932315665,3.219344147020305,10000.0,10000.0,-0.05,-0.25,1489.99018856103,665.74334831256,3,7,9,240.0010564930822,26,58000.0,251.85678745759625,430.0,21,0.12147838671958819,0.11721022841908955,0.029662540198696696,2.5094949853885624,0.2663554894106278,0.6341577770340002,0.3485956591903089,0.21466366402713552,14,0.23139214503541644,27,46,4
261,局部扰动,3.4970489308756383,2.9171073544736146,-4.677994044667102,-0.927994044667102,3.9358381816485086,3.1553699617694937,3.166116551214587,4.405471133970048,2.9323195710428323,109.3820059553329,114.06,109.3820059553329,110.31,7.259396616351485,6.17823341738219,10000.0,10000.0,-0.05,-0.249193161978616,1472.0034476770045,646.5736118639221,3,7,9,239.6593239996255,27,58000.0,250.0,430.0,21,0.12757876833630602,0.11380036790443554,0.024268787072529264,2.430433218275961,0.2464489087129133,0.6755836096438689,0.35223270564203035,0.2188047368984445,14,0.24,28,46,5
262,局部扰动,3.559636896186679,2.9910780975330846,-3.925144143571231,-0.17514414357123087,3.031026878477224,3.3538780554515726,3.1373840541812057,4.522482237014047,2.9940566396387376,110.13485585642877,114.06,110.13485585642877,110.31,6.904917992625001,4.671142193334209,10000.0,10000.0,-0.05,-0.2458398272436257,1473.246527620505,680.4181842667133,3,7,8,239.32693363945182,25,58000.0,250.0,430.0,21,0.12306092043240716,0.10961446273558358,0.027725624401127507,2.4462111659918073,0.24777448426300935,0.6759667038718704,0.3453101003798996,0.22,14,0.23233682904478947,28,46,4
263,局部扰动,3.648890411572191,3.099777828365714,-3.713904980994016,0.036095019005983886,3.0028040638024787,3.7727021456109116,3.1632067890863764,4.373713168832526,3.342273758270598,110.34609501900599,114.06,110.34609501900599,110.31,7.036241829741803,4.502804063802479,10000.0,10000.0,-0.05,-0.2485034767689706,1478.514261313628,673.9824453068483,3,7,7,246.7608514455915,26,58000.0,255.0711174460728,430.0,21,0.12408820233513608,0.11595886072922125,0.024908567978076293,2.461957767293656,0.2484459624269467,0.6997549418793164,0.34516936562148465,0.21788873449941312,13,0.23563709063026217,28,47,4
264,局部扰动,3.7053749477273477,3.0244722850562162,-4.826619042367369,-1.0766190423673692,3.8875745472830268,2.757748907876778,3.1358022309397637,5.069122966627291,2.7916631166233574,109.23338095763263,114.06,109.23338095763263,110.31,7.506474887003189,6.248869781176921,10000.0,10000.0,-0.05,-0.25,1486.0979664951738,685.6064552054374,3,7,8,230.58284283394553,26,58000.0,263.8224653464196,430.0,21,0.12343107589248076,0.11330523476982812,0.03193311216446326,2.3734305144603063,0.2441316372388627,0.6535315419219899,0.33099912846213714,0.21754660677230314,15,0.2329227107499657,27,46,4
265,局部扰动,3.4822328360121624,2.8859250186460033,-4.043672190425951,-0.2936721904259514,3.1638435521589243,3.2361096959858333,3.1158543409659014,4.4992654067026505,2.8249906388270283,110.01632780957405,114.06,110.01632780957405,110.31,6.843774284514221,4.8987813044996855,10000.0,10000.0,-0.05,-0.2422908042422875,1510.087683758237,678.9939161783728,3,7,9,232.62829756891847,27,58000.0,250.0,430.0,21,0.12479260025998755,0.11734129845903404,0.031374994959612025,2.390846717732865,0.24669546365313172,0.6706235041759493,0.3372060971636735,0.22,14,0.23166997123775893,27,46,4
266,局部扰动,3.561560553323261,3.014498347989544,-4.362500474207039,-0.6125004742070388,3.59822988928203,3.2373412498911462,3.1412997304234827,4.611713816247083,2.9048461967974184,109.69749952579296,114.06,109.69749952579296,110.31,7.162875616113143,5.588230268647661,10000.0,10000.0,-0.05,-0.24376117004180556,1500.1463841529023,685.788105467442,3,7,8,240.82677759362505,26,58000.0,250.0,430.0,21,0.12371086826033643,0.1177785041925107,0.03113394034518566,2.3937212370169356,0.2481170553801147,0.6777020639867932,0.35971640815744227,0.21096279432363346,14,0.23462001800516305,27,46,5
267,局部扰动,3.6247353547845136,2.945950870844781,-4.564291578387341,-0.8142915783873406,3.431054941232493,2.991163551396705,3.1746192136195286,4.813008004150248,2.8385909541433665,109.49570842161266,114.06,109.49570842161266,110.31,7.263695883373277,5.582488203942365,10000.0,10000.0,-0.05,-0.25,1476.8197688223354,662.3615700784275,3,7,8,243.25564681914977,25,58000.0,250.0,430.0,21,0.1273781930410368,0.11182087016742305,0.026030328847831644,2.3326322430821307,0.24974014024718647,0.648790783020681,0.3492782718443884,0.21747849617413115,14,0.22343836971102535,27,45,4
268,局部扰动,3.56026561496154,3.0469100834625236,-3.1274127518449575,0.6225872481550425,2.6261931510274006,3.753973965082001,3.1920200669216743,4.359548162083991,3.1237526408701513,110.93258724815504,114.06,110.93258724815504,110.31,6.87950292657547,4.126193151027401,10000.0,10000.0,-0.05,-0.25,1499.2734143543212,667.9733262178847,3,7,7,231.4284552127327,27,58000.0,250.0,430.0,21,0.12100051570766583,0.11705024583094947,0.024818648465365627,2.463849837619821,0.2583209603042126,0.6808991467106953,0.35359070609520715,0.22,14,0.24,27,46,5
269,局部扰动,3.555037423140118,3.0353092303156615,-3.1416705130045273,0.6083294869954727,2.3510185015756107,3.5417760880882856,3.184544841431592,4.455794504634138,3.022529215371556,110.91832948699548,114.06,110.91832948699548,110.31,6.786522348876892,3.8510185015756107,10000.0,10000.0,-0.05,-0.25,1479.5700187015648,662.6658902385333,3,7,7,234.78083496329563,26,58000.0,250.0,430.0,21,0.12627008997306616,0.11408119245008086,0.028683512333370333,2.4102463307362725,0.2588657068597431,0.6537224256172287,0.3746151192964985,0.2193587847866233,13,0.24,27,46,4
270,局部扰动,3.555208822425466,2.942898886977665,-3.857891639188182,-0.1078916391881819,3.0060090836747957,3.071222059652949,3.1157321906555073,4.787083239645619,2.7063018902051317,110.20210836081182,114.06,110.20210836081182,110.31,6.792953585221957,4.592322395025342,10000.0,10000.0,-0.05,-0.2478544602232476,1497.825148738396,685.3517355484748,3,7,7,233.06528172994516,27,58000.0,250.0,430.0,21,0.12496365472590289,0.11481347424670947,0.03087009343241378,2.4035771538017046,0.2494111187111173,0.6547064882498134,0.34486632146806645,0.22,14,0.24,26,46,4
271,局部扰动,3.51893533613645,2.870772940449163,-4.428712958815353,-0.6787129588153533,3.3609850621707866,3.108006510365616,3.1267127715043013,4.638364407161463,2.767774332381328,109.63128704118465,114.06,109.63128704118465,110.31,7.067953740063319,5.403955429223069,10000.0,10000.0,-0.05,-0.24340092466958665,1508.9425822339476,664.3151588606024,3,7,7,240.86591479504122,26,58000.0,278.6707059164537,430.0,21,0.12980502580621628,0.11535284357280894,0.027965871955218814,2.4483828966130012,0.23264680940750526,0.651692831235456,0.33862413337136976,0.22,14,0.23982561913330672,27,45,4
272,局部扰动,3.5309296253516456,2.982007163464134,-3.444162663723503,0.3058373362764968,2.6968141818856712,3.404500111765702,3.118679572477796,4.514947536786179,2.936867801958702,110.6158373362765,114.06,110.6158373362765,110.31,6.75822509703039,4.196814181885672,10000.0,10000.0,-0.05,-0.24453313665359136,1470.5794016383857,671.7561659474009,3,7,8,233.35569370978394,26,58000.0,250.0,430.0,21,0.12381855464961596,0.11691370325684738,0.030625148629752956,2.4876278189716694,0.25120938248652275,0.6370050530196752,0.3348169868366883,0.22,14,0.24,27,46,4
273,局部扰动,3.6386395896388435,3.1139604853724654,-3.40971502769753,0.3402849723024701,2.717820606694752,3.995629702194736,3.223290757833747,4.326868216058484,3.3283446098365426,110.65028497230247,114.06,110.65028497230247,110.31,7.037661382290877,4.217820606694752,10000.0,10000.0,-0.05,-0.25,1473.8356699705996,661.2509631118711,3,7,9,238.3535595815224,26,58000.0,278.3765190031279,430.0,21,0.1298386805332099,0.11728231989442248,0.03158210456552359,2.597143086579256,0.23689780857899825,0.6961817513690358,0.3547770555658735,0.21507313238730508,13,0.23675547485743276,27,47,4
274,局部扰动,3.463827013655081,2.8945627895209625,-3.334017222251461,0.415982777748539,2.6069151615197805,3.5779113808708636,3.1570422845391226,4.326618494266314,2.929339487757126,110.72598277774854,114.06,110.72598277774854,110.31,6.695007876580165,4.1069151615197805,10000.0,10000.0,-0.05,-0.24906976532826922,1507.3117737171237,662.1087561770379,3,7,9,245.06090863154463,26,58000.0,259.8440376907955,430.0,21,0.12688183995502536,0.11672729469953087,0.02633223246595194,2.4744034346307817,0.24737500258653147,0.6696035863134608,0.3378165174953229,0.22,14,0.24,27,46,4
275,局部扰动,3.464063767939206,2.857792855284195,-4.221828274669448,-0.47182827466944843,3.1579106745162657,3.216082866652301,3.1318973329897073,4.439327507650653,2.829980197080476,109.83817172533055,114.06,109.83817172533055,110.31,6.896911425066641,5.035373294251825,10000.0,10000.0,-0.05,-0.25,1503.3491875986629,668.8551295743072,3,7,8,231.12926844087147,25,58000.0,251.34119503752953,430.0,21,0.1293952631984443,0.11338566692877085,0.02791604113008719,2.4119236949985785,0.24045299549696092,0.6703292674590771,0.34985781782016145,0.21850765047950818,14,0.24,28,45,4
276,局部扰动,3.4598597845381858,2.881436202380922,-3.6090576927558544,0.14094230724414558,2.8473625627319676,3.433163804260176,3.1149105015961354,4.389596646142443,2.879813186190829,110.45094230724415,114.06,110.45094230724415,110.31,6.680888000319999,4.347362562731967,10000.0,10000.0,-0.05,-0.23998585852338866,1483.1918117134935,658.9357042097885,3,7,9,237.86011789588244,27,58000.0,252.1239780116021,430.0,21,0.12438687951777824,0.1150461092338665,0.03184262440582958,2.4687301138879576,0.24950199436966922,0.6429344293170944,0.32902149265255165,0.21915918107506155,14,0.238020418412765,27,46,4
277,局部扰动,3.4470303306148904,2.83259115000883,-3.7605785746686706,-0.010578574668670626,2.91486921616838,3.281901057406333,3.1777146424784766,4.440556348668622,2.7553989355028405,110.29942142533133,114.06,110.29942142533133,110.31,6.639927589302352,4.423332075903317,10000.0,10000.0,-0.05,-0.25,1504.3590270295306,672.3298800211812,4,7,7,243.2873396674623,25,58000.0,253.48542518222663,430.0,21,0.12060469125483612,0.11590479516476511,0.02565131889273968,2.4103701757232048,0.24888795078008444,0.6477313973101051,0.351383448326668,0.22,14,0.24,27,46,4
278,局部扰动,3.573047341942649,3.035959058583507,-3.842023572187813,-0.09202357218781287,3.136457258787294,3.412772584660514,3.131880506522105,4.541246051412201,3.013070303939444,110.21797642781219,114.06,110.21797642781219,110.31,6.912353445145368,4.710076116537545,10000.0,10000.0,-0.05,-0.24891269311550585,1489.5259149854664,666.101427116272,3,7,7,231.91529107412035,26,58000.0,250.0,430.0,21,0.12056006526262836,0.11296637146456466,0.032539509788843526,2.4285894292498598,0.25015980590235426,0.6813888204533787,0.34858710404474985,0.21753569171680603,14,0.23832747131258442,27,47,4
279,局部扰动,3.7744928084222553,3.1969514952879305,-2.1877226642562277,1.5622773357437723,1.96842726764494,4.484548969708646,3.3134430957507464,4.374010158075474,3.563954127493357,111.87227733574377,114.06,111.87227733574377,110.31,7.269095713311692,3.46842726764494,10000.0,10000.0,-0.05,-0.25,1492.8466706316628,685.250519263712,3,7,9,242.17649099241194,27,58000.0,258.84267592234903,430.0,21,0.12494406841998461,0.11787835649347103,0.030474631996537802,2.580377183541055,0.25459102300586534,0.6304572524610796,0.35240392741306104,0.20771442963071443,14,0.24,26,47,4
280,局部扰动,3.7522254294131505,3.2116292189523628,-2.621607924443069,1.1283920755569312,2.020692199262435,4.187499137777083,3.2314189597371548,4.290886331699995,3.618842029838129,111.43839207555693,114.06,111.43839207555693,110.31,7.169566908223558,3.520692199262435,10000.0,10000.0,-0.05,-0.24903181365422308,1475.0644510875898,668.4877104834974,3,7,8,233.4706666108539,27,58000.0,254.11244248527925,430.0,21,0.1280667849628788,0.11636802822118368,0.026030413657859974,2.5889927341076397,0.24813621173301295,0.7049851735371839,0.3526145064145044,0.22,14,0.22599650836047822,27,46,4
281,局部扰动,3.5601107293369108,3.0184713765848215,-3.525283999674315,0.22471600032568517,2.947108080155942,3.989857238119506,3.1964800392823154,4.167411987946591,3.291309032513935,110.53471600032569,114.06,110.53471600032569,110.31,6.957689713358075,4.4471080801559415,10000.0,10000.0,-0.05,-0.24823070132898215,1503.1539011552163,679.6259721237337,4,7,7,237.3862501916723,26,58000.0,253.3953155462591,430.0,21,0.1208813175992766,0.1158741871856408,0.028723685295392987,2.516596594683704,0.24678287044546318,0.6465698691353778,0.3363865317651796,0.2181755574431349,14,0.23324926227319062,28,46,5
282,局部扰动,3.510696321052993,2.9409914320764297,-3.2868049747085877,0.4631950252914123,2.3904052987401867,3.5337008098492566,3.168214980120429,4.379781859874762,2.991903221108311,110.77319502529141,114.06,110.77319502529141,110.31,6.722785213500377,3.8904052987401867,10000.0,10000.0,-0.05,-0.24448814576094396,1484.3320608456418,669.3567153453077,3,7,9,234.20754282235256,26,58000.0,250.0,430.0,21,0.12399999596470065,0.1132906555058,0.028213019015168553,2.481524978542469,0.24881166454104506,0.6496177636292397,0.35542288758901686,0.22,14,0.24,27,45,4
283,局部扰动,3.660432778402848,2.9155804175784352,-4.792810629927089,-1.0428106299270894,3.703537670760914,2.861329227743846,3.165782942179502,4.959673386095502,2.775078672399326,109.26718937007291,114.06,109.26718937007291,110.31,7.424836393902947,6.037786174702585,10000.0,10000.0,-0.05,-0.24459514327627735,1475.7519761853464,630.9599095932865,3,7,9,240.08132172451957,26,58000.0,250.6911414314309,430.0,21,0.12566917221624815,0.11851539108687804,0.02683224913489806,2.404899169064451,0.24104601905156692,0.6449010356815692,0.3445640071869008,0.22,15,0.23915613585683504,27,45,4
284,局部扰动,3.56390305518868,3.0433603761654506,-2.9724126706952063,0.7775873293047937,2.326501709885851,3.698152744953601,3.162647963444198,4.386799508612962,3.1230535030550715,111.0875873293048,114.06,111.0875873293048,110.31,6.8355084994252175,3.826501709885851,10000.0,10000.0,-0.05,-0.24555658127802818,1511.1021662916826,681.8585569925876,3,7,8,227.95014121969263,26,58000.0,250.68704358619425,430.0,21,0.1267430360439102,0.11251252952950616,0.028002411243165055,2.4548378726712428,0.2532976483086404,0.693013688346226,0.3409579287747276,0.22,14,0.24,27,46,4
285,局部扰动,3.5296961490798657,2.859375125849408,-4.205990331923104,-0.455990331923104,3.208777737430605,3.0952815692503752,3.148314786100447,4.675207712576949,2.7435295265634365,109.8540096680769,114.06,109.8540096680769,110.31,6.956017156147628,5.073570002969088,10000.0,10000.0,-0.05,-0.24699779069739494,1491.9028880119643,668.107638631883,3,7,10,237.93233754918435,26,58000.0,259.20920935675656,430.0,21,0.12400754328749977,0.11854609118860285,0.02786704208995858,2.4306949956476247,0.24345676032575556,0.678993842335534,0.334536294444953,0.21524703650777882,15,0.24,27,45,4
286,局部扰动,3.740926290094904,2.9575090262066324,-4.85112813644858,-1.1011281364485797,3.749449869728784,2.8136885909470513,3.21460188188702,5.122089963936244,2.7841110501758046,109.20887186355142,114.06,109.20887186355142,110.31,7.5568583888569885,6.130352378887648,10000.0,10000.0,-0.05,-0.2417669632463804,1492.120036457457,668.3956659201232,3,7,8,240.3474396663577,27,58000.0,250.0,430.0,21,0.12815691531603382,0.11385967937699652,0.02493898157126995,2.3193500386296972,0.2453117662771788,0.638665951427154,0.3416108555460942,0.2161172252861499,14,0.24,26,45,4
287,局部扰动,3.6462494859795056,3.1105754344199315,-3.203278179801913,0.546721820198087,2.6580330676432338,3.9758284975396903,3.1573338338046875,4.274865559885396,3.423151154474495,110.85672182019809,114.06,110.85672182019809,110.31,7.04597080174126,4.158033067643234,10000.0,10000.0,-0.05,-0.24543773072325414,1504.0616464508312,675.7062680145326,3,7,8,236.62828688531138,26,58000.0,250.0,430.0,21,0.1262269638225392,0.11471010844344907,0.02780351701039896,2.4814539246983376,0.25082814967502726,0.6972900778891501,0.3374433435944959,0.2192221172500805,14,0.24,28,47,4
288,局部扰动,3.486416069792724,2.8364917143297914,-3.9909422034472897,-0.24094220344728967,3.104787310358984,3.082651291875711,3.13492737294598,4.6588715509924885,2.64717116549009,110.06905779655271,114.06,110.06905779655271,110.31,6.777182071096311,4.7975410731168155,10000.0,10000.0,-0.05,-0.2496474785592119,1491.7671561633383,659.0722287095657,3,7,9,234.24479736734912,26,58000.0,250.0,430.0,21,0.12473344095856663,0.11429918664164934,0.03007261358144268,2.412529668452482,0.24774308763095051,0.6692537263580857,0.3528506109314253,0.22,14,0.24,26,46,4
289,局部扰动,3.559481355256457,2.9673983309995324,-4.192884126274507,-0.4428841262745067,3.2985295763184705,3.2668087075204184,3.162756223193576,4.618669450968272,2.8795911141960295,109.8671158737255,114.06,109.8671158737255,110.31,7.043681697336138,5.152836877338077,10000.0,10000.0,-0.05,-0.25,1471.5543765099046,690.3019165268832,3,7,9,228.96500654279566,26,58000.0,254.2261915764618,430.0,21,0.12807497137844062,0.11598446441348476,0.02646648523721951,2.4789972667907056,0.24097576077103433,0.6634355085845924,0.33090395441257436,0.20492901752105294,14,0.23612495615850843,27,46,4
290,局部扰动,3.611913364459365,3.0715208954245385,-4.534079797340411,-0.7840797973404108,3.7557209111387517,3.200784306575418,3.1456820321700465,4.654522955127426,2.991731382204095,109.52592020265959,114.06,109.52592020265959,110.31,7.328784832389371,5.88298474901108,10000.0,10000.0,-0.05,-0.2474477937038556,1501.9526514663248,667.1682831126635,3,7,8,236.3024220966587,26,58000.0,250.0,430.0,21,0.12783447315783872,0.11775816010594803,0.02661113442775849,2.490049298017017,0.2313782081632228,0.7072241652573121,0.338152517028712,0.22,14,0.24,27,47,4
291,局部扰动,3.4886494074158034,2.889257021688766,-4.15659385336302,-0.40659385336302023,3.2218487181413367,3.246050749779874,3.1322687210133204,4.498477350649339,2.8336471220167256,109.90340614663698,114.06,109.90340614663698,110.31,6.91492909467327,5.047123800831753,10000.0,10000.0,-0.05,-0.24834219394003468,1495.9886397292528,648.678013405889,3,7,8,237.6529723333824,26,58000.0,250.0,430.0,21,0.12547536900266532,0.11323908879172463,0.028764848818316643,2.4261340747526385,0.2428752923216468,0.6547783229140824,0.3455199360128639,0.22,14,0.22837990281685347,27,46,4
292,局部扰动,3.44961947252994,2.8207386945149246,-4.130585426031274,-0.3805854260312742,3.2079229785122814,3.1646180235123964,3.152189775039055,4.498572304837658,2.7148163503567737,109.92941457396873,114.06,109.92941457396873,110.31,6.8284609979025115,5.0123913193373015,10000.0,10000.0,-0.05,-0.24269969470482058,1504.6186876847123,664.6665246873067,3,7,8,241.01189217365763,26,58000.0,269.719632927884,430.0,21,0.11906836475460912,0.1154528850096498,0.026812052617630307,2.443895673895624,0.23932753772998847,0.6688120411093671,0.35465850158054285,0.22,14,0.24,27,46,4
293,局部扰动,3.603012447873523,3.0547569013331066,-3.8728403703611463,-0.12284037036114626,3.204734761237012,3.5507076266188804,3.148074720641724,4.433375578556892,3.1846099781878663,110.18715962963886,114.06,110.18715962963886,110.31,7.0111320334906395,4.803007057525929,10000.0,10000.0,-0.05,-0.25,1483.1748959193096,669.8195717353715,3,7,8,230.3677050070162,26,58000.0,262.1909141775075,430.0,21,0.12315454392376965,0.11528812980278963,0.027207333417110163,2.466479380188209,0.24755912390860932,0.6659804631411887,0.33530986819320985,0.22,14,0.24,28,47,4
294,局部扰动,3.613075564124103,3.0440260577538587,-4.477741373167092,-0.7277413731670919,3.782111818008007,3.083079259495038,3.1134562339457417,4.729768533200552,2.9332156842784856,109.58225862683291,114.06,109.58225862683291,110.31,7.281996016687285,5.864304916541681,10000.0,10000.0,-0.05,-0.24368325771091928,1492.6430875805866,694.2909542945428,3,7,9,242.6831502044978,26,58000.0,250.0,430.0,21,0.1221070964400137,0.1157418965777972,0.0320994011058894,2.359373550644494,0.2540866784071667,0.6691158806551665,0.33577774030753316,0.21599227387563746,14,0.23628563203889819,27,46,5
295,局部扰动,3.442991596380513,2.869168512525374,-3.608290451940107,0.1417095480598931,2.8061545259038505,3.490723415763281,3.1847310418519106,4.386720861205811,2.7972663816673395,110.4517095480599,114.06,110.4517095480599,110.31,6.661412644573523,4.306154525903851,10000.0,10000.0,-0.05,-0.25,1513.3127000827774,678.0463775760849,3,7,7,235.20106530418312,26,58000.0,250.0,430.0,21,0.12618330501197383,0.11364697383210508,0.03268622283195092,2.4625192427723643,0.24471572071149425,0.6343129284673723,0.3481595159843537,0.21073139627854226,15,0.24,27,46,4
296,局部扰动,3.58955189320256,3.042272269814619,-4.257360324361542,-0.5073603243615423,3.4606716208635566,3.3076405922314382,3.18155193179831,4.597295324213853,2.9718350007806458,109.80263967563846,114.06,109.80263967563846,110.31,7.150732059758423,5.366559880352791,10000.0,10000.0,-0.05,-0.2467411414580099,1501.993723607645,700.0,3,7,7,228.90016733221927,26,58000.0,250.0,430.0,21,0.12184867826358796,0.11427442161341035,0.022710518378351637,2.461190211444343,0.23747113613136894,0.6810338759390961,0.3534259956002628,0.21648513486068108,14,0.23759251049651,27,47,4
297,局部扰动,3.9907194319389663,3.374627152596365,-1.8338152237128043,1.9161847762871957,1.7635723392338645,4.847350751066895,3.2183691282676787,4.295825156582788,4.142084946119571,112.2261847762872,114.06,112.2261847762872,110.31,7.620866261314025,3.263572339233865,10000.0,10000.0,-0.05,-0.2454789418221738,1500.3546006062982,661.4334897179706,3,7,8,240.57587215180422,26,58000.0,250.98413482109174,430.0,21,0.12668737800055113,0.11463427952766544,0.025526099551601594,2.599173512945567,0.25412746943084863,0.6561305864164193,0.31971451438423937,0.21909140050698062,13,0.24,28,46,4
298,局部扰动,3.547526298410927,3.009380877654073,-3.057566119381903,0.692433880618097,2.3580176335913023,3.5293020299263,3.1684543542599846,4.522769680743783,2.9447370276970846,111.0024338806181,114.06,111.0024338806181,110.31,6.7741245520531885,3.8580176335913023,10000.0,10000.0,-0.05,-0.24750487782612157,1487.2089688916487,682.331453195355,3,7,9,247.2884210305665,27,58000.0,250.0,430.0,21,0.11997242218149982,0.11258165972212737,0.03172599356220467,2.461342411506288,0.2551931487227134,0.6794626168741329,0.3522217413565592,0.21480175576667235,14,0.24,26,46,4
299,局部扰动,3.455044576475642,2.909275866694475,-3.6943208390608078,0.05567916093919223,3.1131845804657163,3.6508953859522775,3.179514468883151,4.2129529293085035,3.0034049799850155,110.3656791609392,114.06,110.3656791609392,110.31,6.759676375244169,4.613184580465717,10000.0,10000.0,-0.05,-0.2447322120787182,1500.650511758745,673.4635182681877,3,7,9,244.1666649187512,26,58000.0,250.0,430.0,21,0.12047275670761186,0.11880592678761318,0.027831311735883508,2.509400487886159,0.24765164917,0.678561824626896,0.34686367613334884,0.22,15,0.24,28,46,5
300,局部扰动,3.5207828946945585,2.940127906727077,-3.194954218164142,0.5550457818358581,2.5171249237279922,3.760195510304646,3.1520441198527225,4.430914038503181,2.976581358918243,110.86504578183586,114.06,110.86504578183586,110.31,6.798678737808379,4.017124923727993,10000.0,10000.0,-0.05,-0.24599110501902594,1496.531421586132,660.7037511018731,3,7,8,234.37095936232578,25,58000.0,250.0,430.0,21,0.12858461711562175,0.11546803292717445,0.02639434687359934,2.4902744083902264,0.24940966340277598,0.6549774225833324,0.32857397273295946,0.1995536733703632,14,0.24,26,46,4
301,局部扰动,3.610920877255549,3.0596836511567274,-4.314650824913684,-0.5646508249136843,3.540452086195455,3.1756148757703637,3.130191553404877,4.710148889012807,2.939115142176215,109.74534917508632,114.06,109.74534917508632,110.31,7.187573817716531,5.4921727461264025,10000.0,10000.0,-0.05,-0.25,1482.8554105885949,662.5304727207,3,7,8,231.42308665181972,26,58000.0,250.0,430.0,21,0.12689158143180743,0.11546784249320266,0.030079251643484878,2.458535319133929,0.2430528211370662,0.6827011903732674,0.34849432111241635,0.22,15,0.2336630981186379,27,47,4
302,局部扰动,3.58543389712417,2.9723645502445164,-4.912856982204005,-1.162856982204005,4.141704098069811,2.9926088369702266,3.1799849944758853,4.645077403145018,2.911681720381135,109.147143017796,114.06,109.147143017796,110.31,7.481754941864196,6.571989683833015,10000.0,10000.0,-0.05,-0.25,1498.1169148619672,682.3729185946817,3,7,9,241.0695847287552,26,58000.0,250.0,430.0,21,0.12246985024889036,0.11571118727406772,0.02466824243823479,2.3872540614072153,0.24335293719165535,0.6650829501917809,0.3465630233477451,0.22,14,0.23506932458807223,27,46,5
303,局部扰动,3.49070665926168,2.9297076465939664,-3.4670309586836794,0.2829690413163206,2.680446412594881,3.5255771629916204,3.1470956233883296,4.380409246567247,2.9514597299885112,110.59296904131632,114.06,110.59296904131632,110.31,6.726089298347821,4.180446412594881,10000.0,10000.0,-0.05,-0.25,1466.706644772203,644.8649390271157,3,7,8,231.2299050773827,26,58000.0,250.0,430.0,21,0.12591133306648988,0.11425128772348762,0.02879474480614259,2.5129808635841306,0.2502419031736638,0.642490353491923,0.34446960588280956,0.22,15,0.2288001711296405,27,46,4
304,局部扰动,3.687297069815489,3.142029420673025,-2.722258526203291,1.0277414737967092,2.1494722451954376,4.171648122694219,3.2134509139954393,4.242135562532674,3.517943209653659,111.33774147379671,114.06,111.33774147379671,110.31,7.08990179729063,3.649472245195438,10000.0,10000.0,-0.05,-0.25,1493.4188206418762,695.081058159517,3,7,7,237.49627031647566,27,58000.0,250.0,430.0,21,0.11642763360667653,0.11247682202623603,0.027011016897213823,2.6281026174072455,0.23960994111092387,0.6660846269896497,0.33716296875308316,0.22,14,0.24,28,46,4
305,局部扰动,3.5869476415764865,3.048198831991171,-3.0032372678366244,0.7467627321633756,2.174041726240277,3.869623591200887,3.1844095925603666,4.27754634408198,3.2669787155941465,111.05676273216338,114.06,111.05676273216338,110.31,6.880415164740884,3.674041726240277,10000.0,10000.0,-0.05,-0.24720798310820155,1501.8772621179992,660.7473193110795,3,7,7,238.4989722317913,25,58000.0,250.0,430.0,21,0.12676729909652076,0.11443355401762112,0.028559642018312043,2.5116862615510405,0.24404338228769193,0.6707998519191605,0.34726382589919935,0.22,13,0.23766823684791352,27,45,4
306,局部扰动,3.568169294134475,3.0016810078217624,-3.7190689072596257,0.03093109274037431,2.97032508824496,3.4661214922391737,3.1838688699764983,4.581100318886739,2.9305153495805483,110.34093109274038,114.06,110.34093109274038,110.31,6.848455546199375,4.47032508824496,10000.0,10000.0,-0.05,-0.24447552375559767,1473.8482999928262,661.0777946599453,3,7,8,241.7815306239511,26,58000.0,250.9114181334655,430.0,21,0.12388127642956137,0.11043181512776336,0.0250396489244855,2.5235090132387303,0.2450293713200953,0.6807238922523289,0.32741495767705975,0.22,13,0.23997562966496414,26,45,5
307,局部扰动,3.56010640084428,2.9410008898093687,-4.012724293324226,-0.26272429332422575,3.1290004087045,3.140581382885947,3.2088208181087396,4.698270126364216,2.7665193615226413,110.04727570667578,114.06,110.04727570667578,110.31,6.9098114414761564,4.839179843363881,10000.0,10000.0,-0.05,-0.24487552227127732,1483.016118823718,695.4622355324125,4,7,7,238.01464484996433,25,58000.0,250.0,430.0,21,0.12171164917950793,0.10893741509359652,0.022733750992658668,2.4252521574037362,0.24737715464246965,0.648547325195551,0.34638015785519544,0.22,14,0.24,27,46,4
308,局部扰动,3.4864355795623583,2.931944079477263,-3.3069312441479326,0.4430687558520674,2.5578747092882566,3.708079463964519,3.159709794761432,4.275767608130631,3.034473779748389,110.75306875585207,114.06,110.75306875585207,110.31,6.748187095963571,4.0578747092882566,10000.0,10000.0,-0.05,-0.25,1472.604102512331,638.8750265653304,3,7,7,244.57108550942357,26,58000.0,250.0,430.0,21,0.12628098019961945,0.11065261994560407,0.026725990421667293,2.5395028988154653,0.24492687466173507,0.6649478513993325,0.3389043470108872,0.22,13,0.24,27,46,4
309,局部扰动,3.582945414830314,3.0281752224001726,-4.778826987521995,-1.0288269875219953,3.917578087442145,3.2618046693230602,3.1810522809516426,4.431431189584944,3.1189796691811518,109.281173012478,114.06,109.281173012478,110.31,7.445593469726681,6.2406396774597415,10000.0,10000.0,-0.05,-0.23827120030283835,1484.1343251712412,648.601744231767,3,7,7,239.47717783120814,26,58000.0,250.3188005858572,430.0,21,0.11732503897858075,0.11847171854283013,0.02694475857752395,2.4151161047819873,0.23830476599240658,0.6705425079682291,0.3439109392726169,0.22,13,0.23064481907761758,28,47,4
310,局部扰动,3.5469920805339883,2.995487537718281,-2.896991443328929,0.853008556671071,2.3002013964197983,3.4931855105777805,3.1578130764053913,4.536716010700825,2.934996728690345,111.16300855667107,114.06,111.16300855667107,110.31,6.76508901135152,3.8002013964197983,10000.0,10000.0,-0.05,-0.24748152708128662,1470.3659880661935,662.2746439740529,3,7,8,248.8812060667674,27,58000.0,271.08247982171537,430.0,21,0.1319059777829747,0.11534924752734305,0.02632712642570157,2.5043775422850096,0.2585755186462126,0.6864719419617986,0.3411860602927714,0.22,15,0.24,26,46,4
311,局部扰动,3.519023698502619,3.0016504348845543,-3.180111717555434,0.5698882824445661,2.694252479158663,3.906123609990747,3.2119926557170353,4.254548005238608,3.1071339660312054,110.87988828244457,114.06,110.87988828244457,110.31,6.860027227497275,4.1942524791586635,10000.0,10000.0,-0.05,-0.25,1504.2291213655649,664.4711478550989,3,7,9,243.44030791056346,26,58000.0,256.0313442728615,430.0,21,0.12539992560936192,0.11271100463793121,0.030090653763091918,2.5081104472965623,0.2524926857861802,0.6825260456553771,0.3435332860159374,0.22,14,0.24,27,46,5
312,局部扰动,3.6322849408679603,3.081624525960423,-2.980330427533559,0.7696695724664409,2.1884663753037765,3.5378456627666552,3.143868116333941,4.5873230106752905,3.113475253937287,111.07966957246644,114.06,111.07966957246644,110.31,6.874019076034667,3.6884663753037765,10000.0,10000.0,-0.05,-0.23708966051592337,1480.86630401061,681.258329203452,3,7,8,241.2319399461831,26,58000.0,250.0,430.0,21,0.12676132902160903,0.11263232323298146,0.029405770995902795,2.465225900630617,0.2556643137057259,0.6506683896479516,0.34460903211992,0.22,14,0.23737527065462097,26,45,4
313,局部扰动,3.560500826539211,2.9727545871308787,-5.029161447123585,-1.2791614471235846,4.285844694531313,3.069545574626057,3.1559673615572406,4.484717509156588,3.023798749836079,109.03083855287642,114.06,109.03083855287642,110.31,7.542684344813365,6.809173852230181,10000.0,10000.0,-0.05,-0.24586184784342832,1489.3600765991473,678.2891876886237,3,7,9,240.9990238395188,26,58000.0,250.0,430.0,21,0.12258438435128853,0.11692562473761067,0.02737865739801844,2.436273921729155,0.23848953909884443,0.6646050469417095,0.3375862004673766,0.22,14,0.2398512197495799,28,46,5
314,局部扰动,3.541193172595138,2.9481762931525988,-3.6146321974635356,0.1353678025364644,2.826281045651062,3.161040522068749,3.122087537560512,4.732009048367607,2.7267090451191387,110.44536780253647,114.06,110.44536780253647,110.31,6.724190231974815,4.326281045651061,10000.0,10000.0,-0.05,-0.24832978111457885,1471.823186477281,671.9928983741619,3,7,7,236.2976966717892,26,58000.0,250.0,430.0,21,0.1267875012460794,0.1147495578479467,0.031697303386839334,2.467676747092226,0.2522259853440462,0.6769720654327206,0.3432534352520353,0.2181857251469455,15,0.23848876231517652,26,46,4
315,局部扰动,3.448765654884508,2.8168598494845996,-3.907772191836642,-0.15777219183664215,3.0730491855504822,3.221539256952234,3.1531752502618047,4.498646712854568,2.7117567820047515,110.15222780816336,114.06,110.15222780816336,110.31,6.716932441629791,4.699266939019796,10000.0,10000.0,-0.05,-0.24398617303129239,1492.2762943431096,685.3681080316655,3,7,9,234.59835372837634,26,58000.0,250.0,430.0,21,0.12419789534201309,0.11162865171159049,0.025902542914620463,2.464838795766585,0.24504395694102624,0.6612032036051592,0.3444459411508173,0.21920801767447612,15,0.24,27,46,4
316,局部扰动,3.542070255175714,2.9945782437765205,-3.000620524123491,0.7493794758765091,2.298149758579111,3.777555635790576,3.217052298631443,4.373196896920685,3.05143558764819,111.05937947587651,114.06,111.05937947587651,110.31,6.81431001644164,3.7981497585791115,10000.0,10000.0,-0.05,-0.24031605608677978,1502.2800504956926,637.2964093698201,3,7,8,234.39641141648514,27,58000.0,261.4645351699277,430.0,21,0.12396224425044378,0.11628016309657763,0.029877633321095838,2.4926261602054693,0.24948533472428297,0.6999554533931289,0.35304716259586383,0.2151385364799604,14,0.23345577776470014,26,46,4
317,局部扰动,3.4782422772999677,2.8885967770641834,-4.15561842027995,-0.40561842027995,3.4974380395485167,3.2962236153043554,3.176540050959411,4.422815887881725,2.8590966828472255,109.90438157972005,114.06,109.90438157972005,110.31,6.955266638686444,5.321932775772477,10000.0,10000.0,-0.05,-0.2492841968119359,1501.4537239806245,662.5392647936015,3,7,9,238.94220868512508,27,58000.0,250.0,430.0,21,0.1219240911500866,0.11964665079474351,0.024272595394271915,2.4263004071197822,0.24919379024090493,0.6805103121883485,0.34417891624886116,0.22,14,0.24,27,46,5
318,局部扰动,3.5666485071146883,3.031843162594504,-3.3028471900948375,0.4471528099051625,2.5106532939426103,3.537085889106086,3.149941495195888,4.472487313676079,3.05487672515153,110.75715280990516,114.06,110.75715280990516,110.31,6.816848869332345,4.01065329394261,10000.0,10000.0,-0.05,-0.25,1514.3666293085764,700.0,3,7,7,237.88444460092882,27,58000.0,250.0,430.0,21,0.12104053731777696,0.11959231267113488,0.027309710244881755,2.4241786449694183,0.25067639309239775,0.6634052902433428,0.35445237489407005,0.22,14,0.23316685745882945,27,46,4
319,局部扰动,3.4760305780609415,2.8839250971855956,-4.3480208340232025,-0.5980208340232025,3.4273818064812116,3.2906265737637823,3.1415446538838747,4.38679138316427,2.9100057500745473,109.7119791659768,114.06,109.7119791659768,110.31,7.028761367080241,5.405798473699774,10000.0,10000.0,-0.05,-0.24639732504577344,1478.4842220490532,649.8367105865532,3,7,9,240.47212260147504,27,58000.0,250.0,430.0,21,0.1287721485334339,0.11730476320286257,0.027790590668285077,2.460209884669378,0.24019618836115578,0.6604803321711833,0.3343284963800232,0.2142581796944565,14,0.2327899347968919,28,46,4
320,局部扰动,3.7675570069315967,3.199644264064301,-2.152366148505223,1.597633851494777,1.828619272121936,4.298560774454731,3.2767625050121207,4.2912336426414015,3.6320782631654702,111.90763385149478,114.06,111.90763385149478,110.31,7.207406154814685,3.3286192721219363,10000.0,10000.0,-0.05,-0.2441746006709896,1482.594557573572,700.0,3,7,9,238.0153138826457,26,58000.0,253.98325657860443,430.0,21,0.12570869427895684,0.1155304044876317,0.026988602441907133,2.6296529286742003,0.24919241945680498,0.6648001599664143,0.3469516787187873,0.22,14,0.24,27,46,4
321,局部扰动,3.5832040826802554,2.994742620906687,-3.5979198967410326,0.15208010325896737,2.807081712824879,3.250979100048603,3.1460170786969686,4.711062777339093,2.85374387321266,110.46208010325897,114.06,110.46208010325897,110.31,6.803570062678291,4.307081712824879,10000.0,10000.0,-0.05,-0.242619466961609,1468.8700077384906,677.4129559802054,3,7,8,241.0965548253549,27,58000.0,254.24637110342402,430.0,21,0.1273938945391714,0.1154580036756291,0.02714338011850516,2.4334604896017193,0.25553079331026335,0.6682962481016295,0.3343118207007804,0.2179775824248304,14,0.23395393230547676,26,46,4
322,局部扰动,3.4926677864870057,2.838237204755959,-4.168893180217353,-0.4188931802173528,3.333078448949576,3.0223181122639766,3.130176988160475,4.636757501843965,2.6936444659619356,109.89110681978265,114.06,109.89110681978265,110.31,6.892036887808448,5.1681929931234585,10000.0,10000.0,-0.05,-0.2498560156273884,1508.9091894181774,671.6124956476709,3,7,7,237.12283099921328,26,58000.0,250.0,430.0,21,0.12465284448130208,0.11895086499150088,0.028674932860340344,2.3772896122573703,0.24942540584170964,0.651031752017334,0.3348126154310215,0.21935906197575752,15,0.24,27,46,4
323,局部扰动,3.639287591966469,2.9837636761178574,-4.440912795970689,-0.6909127959706893,3.587917511107446,2.922922662290645,3.180553421926802,4.884135527733442,2.794561158419666,109.61908720402931,114.06,109.61908720402931,110.31,7.2352957385064816,5.640647747883998,10000.0,10000.0,-0.05,-0.242228540314053,1478.732076920931,689.6536109730471,3,7,7,228.92479975763953,27,58000.0,252.2279524944988,430.0,21,0.129292227819265,0.11293725786513865,0.0293252079638738,2.375466390407577,0.24998109246251674,0.6552501129461572,0.3191281322032526,0.2171828171710213,14,0.24,27,46,4
324,局部扰动,3.5677933285606485,2.879072111085159,-4.404564603969888,-0.654564603969888,3.4850753223506357,3.0812841024565,3.1179658304421594,4.8233292197898905,2.6983149771331894,109.65543539603011,114.06,109.65543539603011,110.31,7.128391939053683,5.508727005526546,10000.0,10000.0,-0.05,-0.24326205380819205,1501.6398137431117,626.5735285492377,3,7,8,236.26484672990577,26,58000.0,250.0,430.0,21,0.12292872205380867,0.11271404497058066,0.03240251710396081,2.344017228029953,0.2494469819099693,0.625961371849358,0.33708149635635554,0.22,14,0.22834013680631365,26,46,4
325,局部扰动,4.598530214948864,3.8745970790745012,-0.513127492629323,3.236872507370677,1.8917838163298095,5.464821282954098,3.364021988748091,4.42830850518062,5.226836318696472,113.54687250737068,114.06,113.54687250737068,110.31,8.653719440335417,3.3917838163298097,10000.0,10000.0,-0.05,-0.23833388133623964,1474.179673739624,652.2716921244456,4,7,7,230.0896319588966,26,58000.0,250.0,430.0,21,0.11833413366470218,0.1127919323245117,0.02811389132089917,2.610280484060969,0.2748383385587265,0.6786915525270585,0.33373628523961685,0.21595728467616246,14,0.23267574527413226,28,45,4
326,局部扰动,3.4939988272398863,2.9277390909203094,-3.235795394855714,0.5142046051442861,2.4964014538611425,3.6770458470551532,3.1530771954951176,4.299311119314068,3.034965754895834,110.82420460514429,114.06,110.82420460514429,110.31,6.746617961704553,3.9964014538611425,10000.0,10000.0,-0.05,-0.24714703541913846,1479.4708121096683,657.5855983328768,3,7,8,241.03153656814106,27,58000.0,250.0,430.0,21,0.12566590198026656,0.1156425649862036,0.025715446455127623,2.418295414683503,0.25825198586974,0.6741423739866362,0.3449951759978285,0.20582219944469482,13,0.24,27,46,4
327,局部扰动,3.4346580633425456,2.850943671271027,-3.7108579260902275,0.039142073909772535,2.8554558575243982,3.358390513275049,3.159023184159565,4.399498495469236,2.7766404514939533,110.34914207390977,114.06,110.34914207390977,110.31,6.626261720880571,4.355455857524398,10000.0,10000.0,-0.05,-0.2404639239483495,1510.4778558202108,659.225117994771,3,7,8,239.6287416816837,26,58000.0,262.12844162316503,430.0,21,0.11986977746554964,0.11055180786583599,0.031548468761423504,2.3856693616209887,0.2507808910214893,0.6853468166375113,0.3569372676398338,0.2123610015346345,14,0.24,27,46,4
328,局部扰动,3.623729058128734,3.082193779271054,-2.895511606301625,0.8544883936983751,2.261477289138542,3.685743070280002,3.1551328273604855,4.442334811162416,3.22387470515823,111.16448839369838,114.06,111.16448839369838,110.31,6.911102387386063,3.761477289138542,10000.0,10000.0,-0.05,-0.25,1482.81853362129,686.4214019548207,3,7,8,243.13331791270733,26,58000.0,250.0,430.0,21,0.12289534400579308,0.11269187306129619,0.026157252081424432,2.4360777580627477,0.2635996196488013,0.675221600272728,0.3442785211031131,0.22,15,0.22890088973661843,27,46,4
329,局部扰动,3.490725572402557,2.9485600296004777,-2.892515589111568,0.8574844108884321,2.255318702484773,3.695111516038861,3.1761742256636962,4.274211972524813,3.0377329373308637,111.16748441088843,114.06,111.16748441088843,110.31,6.7278559437088665,3.7553187024847725,10000.0,10000.0,-0.05,-0.25,1502.029989671099,665.0331217340832,3,7,7,234.5170422341959,27,58000.0,250.0,430.0,21,0.12226347689450737,0.1123994359395176,0.028646301376180454,2.435675089206263,0.2584256825992549,0.6626560989205815,0.35308438496325384,0.22,14,0.24,27,46,4
330,局部扰动,3.4753184832021806,2.911224245369414,-3.8676787799712002,-0.11767877997120024,2.9911546431792337,3.467439387602786,3.1357095529105345,4.3852723758996275,2.9129641423882435,110.1923212200288,114.06,110.1923212200288,110.31,6.777937597521711,4.585297667156194,10000.0,10000.0,-0.05,-0.24509863444894195,1515.5501106861864,679.3267053734157,3,7,7,242.6668519838144,25,58000.0,250.0,430.0,21,0.1261600998732499,0.11567693793637827,0.030866418610320013,2.4669963343474204,0.238505669997459,0.6527322603208013,0.33994154528105014,0.21908033848838404,14,0.2307688631851807,27,46,4
331,局部扰动,3.537817284190648,2.987694160838472,-3.6590298945550472,0.09097010544495276,2.823818776684756,3.346488331000925,3.1129167373548596,4.561429807577103,2.910221797042016,110.40097010544496,114.06,110.40097010544496,110.31,6.763068014405173,4.323818776684756,10000.0,10000.0,-0.05,-0.24360224404513206,1475.1902968614274,695.4794951657574,3,7,9,243.40744251848017,25,58000.0,270.8512996648466,430.0,21,0.122062141920566,0.10965521639765863,0.03314911301561198,2.430680827751158,0.25293469452790823,0.664583879511227,0.34548896393870726,0.21426297481930895,14,0.23566277673488448,27,46,4
332,局部扰动,3.65755765298637,3.1241992154386575,-2.7887711771534356,0.9612288228465644,2.1479804441051025,4.036997515420493,3.2892461300836286,4.308149266264681,3.3560382309068317,111.27122882284657,114.06,111.27122882284657,110.31,7.02025004264518,3.6479804441051025,10000.0,10000.0,-0.05,-0.2497493559137634,1487.5078298216515,699.2805156748243,4,7,9,235.47548259005384,26,58000.0,250.0,430.0,21,0.12593136772765023,0.10899797685622711,0.02418764545975142,2.5945231066592553,0.24291976592737619,0.6468564330775444,0.3510260288515829,0.22,14,0.23511680028631127,27,46,4
333,局部扰动,3.489332556062469,2.91790441448387,-3.9529362244734187,-0.20293622447341875,3.2732626523278903,3.664908268486908,3.1636100830644867,4.386665501782802,2.9323964043318314,110.10706377552658,114.06,110.10706377552658,110.31,6.915191166213739,4.9356116319066246,10000.0,10000.0,-0.05,-0.25,1502.774653768283,637.1928213875408,3,7,9,231.90120106105522,26,58000.0,251.6220423991403,430.0,21,0.12474978462360192,0.11316967516484686,0.02738768832415857,2.4545981873298253,0.2462999154801044,0.6456507989262793,0.34945310168125493,0.22,13,0.23589993729690617,27,46,5
334,局部扰动,3.591876373270599,3.071532363389371,-3.29125356511274,0.4587464348872601,2.737556734238105,3.8783244735696467,3.181458318911432,4.3393304202729075,3.225766827892611,110.76874643488726,114.06,110.76874643488726,110.31,6.956678288116005,4.2375567342381055,10000.0,10000.0,-0.05,-0.25,1486.2523426324967,676.5740115291271,3,7,7,229.59437955356572,28,58000.0,261.28324482459846,430.0,21,0.12478013732947957,0.1179528039948533,0.02510446936171055,2.5386406780430137,0.24831698014084558,0.6713321374836887,0.345902005999065,0.22,13,0.24,27,46,5
335,局部扰动,3.714050560409548,3.0418079999544374,-4.9613613423169625,-1.2113613423169625,3.884773073098053,2.797031548565209,3.139533079591882,5.067173187499362,2.8169649903741565,109.09863865768304,114.06,109.09863865768304,110.31,7.587203254476924,6.353862146951624,10000.0,10000.0,-0.05,-0.25,1468.5449958768647,665.0114653261136,3,7,8,238.36966986819496,26,58000.0,250.0,430.0,21,0.11873536444080098,0.11503676266511247,0.031689301386002657,2.339672537383769,0.24536715351372074,0.6548204975002345,0.3578835579110277,0.20968894272556224,14,0.22444700930004835,27,46,4
336,局部扰动,3.994239599381834,3.395145467643385,-1.495935501757188,2.254064498242812,1.6837017965375352,4.802190345452583,3.2687102694798,4.264290977214422,4.150582737822171,112.56406449824281,114.06,112.56406449824281,110.31,7.624957398367366,3.1837017965375356,10000.0,10000.0,-0.05,-0.25,1515.2418574152762,681.1213239028671,3,7,8,230.39773951174223,26,58000.0,250.0,430.0,21,0.11764651831586836,0.11950687021252414,0.025336076929581855,2.5567763048700827,0.26165002019170275,0.6546747566139716,0.33782246735714355,0.22,14,0.2397816569752396,28,46,4
337,局部扰动,3.569510074658275,3.028452031008291,-3.598223736126215,0.15177626387378496,2.9614602430561567,3.505993999067975,3.1406805033114193,4.543597462343717,2.9966806644772315,110.46177626387379,114.06,110.46177626387379,110.31,6.863912719627141,4.461460243056156,10000.0,10000.0,-0.05,-0.25,1505.0637885203168,694.1604018501296,3,7,8,242.58676579815122,27,58000.0,250.0,430.0,21,0.12121876249872654,0.11634393019790544,0.02879762559380469,2.4721130190075287,0.2459377431473341,0.7153566411718492,0.33958923733573587,0.21612861495644145,14,0.24,26,47,4
338,局部扰动,3.6062848918644868,3.0608620531780604,-3.768360407327151,-0.01836040732715105,3.101752603516823,3.651337272601002,3.225251575155951,4.441933376705354,3.144063480082748,110.29163959267285,114.06,110.29163959267285,110.31,6.973044295395659,4.616440929378544,10000.0,10000.0,-0.05,-0.24638682609918294,1463.3971221933843,664.5468982344548,3,7,8,231.3641831715266,26,58000.0,256.02993221491175,430.0,21,0.12234796043081199,0.1174637464027277,0.02129158372427556,2.50629766419266,0.24972024254407968,0.6304517902043487,0.34453094357625663,0.21957077795079993,13,0.23320986175448796,27,46,5
339,局部扰动,3.9003672790581123,3.122502231088562,-5.592393789075615,-1.842393789075615,4.5815675382245855,2.5975381089846885,3.2020383311379583,5.342013309351491,2.9879819193235044,108.46760621092439,114.06,108.46760621092439,110.31,8.197359416830036,7.555482569485077,10000.0,10000.0,-0.05,-0.25,1467.6928050624074,672.7654292265145,3,7,9,249.1939577740272,27,58000.0,250.0,430.0,21,0.12432269262794793,0.10611808704721871,0.028383056824431905,2.3614434488702343,0.23756085095854673,0.677221114104024,0.34003473490200653,0.2097518909388951,15,0.24,27,46,4
340,局部扰动,3.5760799294706205,3.0169103863196467,-3.356075415002124,0.3939245849978761,2.4851852534022174,3.4321051252018386,3.116731459322962,4.5486850540350705,3.0216861224455713,110.70392458499788,114.06,110.70392458499788,110.31,6.800086352910346,3.9851852534022174,10000.0,10000.0,-0.05,-0.24779257981671562,1484.7492748803525,690.9184037450334,3,7,8,241.10277678132323,26,58000.0,253.5067369372748,430.0,21,0.12184901089748995,0.12,0.03081239029838491,2.4874182472794844,0.24759776731301122,0.6440510603640264,0.3341771414884974,0.22,14,0.24,27,45,4
341,局部扰动,3.591670126821236,2.9905453805713367,-4.184451912134364,-0.43445191213436374,3.2824814462732643,3.1016025500271884,3.107919708274193,4.758702936451719,2.846216978209545,109.87554808786564,114.06,109.87554808786564,110.31,7.0441479366724105,5.130042975980755,10000.0,10000.0,-0.05,-0.2381424081800796,1486.2713496919082,686.2473119422964,3,7,9,234.1746247280701,27,58000.0,250.0,430.0,21,0.1299818269047877,0.11003016288116388,0.0323687123395498,2.3814430923272454,0.2499183621490445,0.6812360042383644,0.33536696134905497,0.22,14,0.23118075767426932,27,46,4
342,局部扰动,3.637068156433452,3.104714732195941,-3.015855836489024,0.734144163510976,2.516285796160637,3.9407966145199413,3.1564927134569505,4.398663002957412,3.2952127172291217,111.04414416351098,114.06,111.04414416351098,110.31,7.010318599717651,4.016285796160637,10000.0,10000.0,-0.05,-0.24797021444082012,1502.4958808697068,685.8381548538754,3,7,7,243.03295869640533,25,58000.0,270.80943085575365,430.0,21,0.13074203794194644,0.11504480947844833,0.029486930728575552,2.525463174203017,0.24854194191983217,0.6499034952910795,0.3332480863585905,0.21738200979194983,14,0.23686465101565057,26,47,4
343,局部扰动,3.5521334286289132,2.9816093951243174,-3.319339286854486,0.4306607131455138,2.7462556662777033,3.797663652917969,3.1317477182479574,4.285569825446985,3.202678815340221,110.74066071314552,114.06,110.74066071314552,110.31,6.885744563757712,4.246255666277704,10000.0,10000.0,-0.05,-0.24387553208217558,1492.686786483253,671.9804002403339,3,7,7,246.59917088794552,27,58000.0,257.3717772573937,430.0,21,0.12425259256739449,0.11677646445203087,0.027997173806247257,2.41459749881819,0.2595887575059943,0.648101130046006,0.3377238418123654,0.21098113621196782,14,0.2351480135898092,27,47,4
344,局部扰动,3.515591690315117,2.9498746181077737,-4.3090317623640715,-0.5590317623640715,3.341225799914821,3.6167338219747025,3.11025898620454,4.3371588844022995,3.07654433310647,109.75096823763593,114.06,109.75096823763593,110.31,7.116820065753604,5.2884512098060785,10000.0,10000.0,-0.05,-0.25,1524.694285871003,656.7960717533458,3,7,9,244.2468693938916,26,58000.0,277.69174952950107,430.0,21,0.1288482843848236,0.11500704558850561,0.032103988476820604,2.392050969719834,0.23817260949928573,0.6569225863693372,0.3340295876274318,0.21577461831275685,13,0.22144295165375716,28,46,4
345,局部扰动,3.554823460998221,2.969209964242411,-3.052363387012889,0.697636612987111,2.2337360509536066,3.544444645083064,3.153124204105347,4.49193338642302,3.0035120728207936,111.00763661298711,114.06,111.00763661298711,110.31,6.770804819376716,3.733736050953607,10000.0,10000.0,-0.05,-0.25,1506.15862349279,668.4487129426865,3,7,9,237.94152049150446,26,58000.0,260.4344342247002,430.0,21,0.1310275692000259,0.11516623972177692,0.026326654255876603,2.3939915240910596,0.25826737590579224,0.6608613034327084,0.35278082355688606,0.21262041706729645,14,0.24,26,45,4
346,局部扰动,3.568752482064148,2.9897459567355167,-4.633098423976193,-0.8830984239761932,3.875989668197373,3.3421598133026946,3.1520554291577083,4.529532502560198,3.00263728048398,109.42690157602381,114.06,109.42690157602381,110.31,7.361399251770791,6.082468407378328,10000.0,10000.0,-0.05,-0.24948380372534362,1499.3056381466702,645.1317447250298,3,7,9,234.04057264564437,25,58000.0,250.0,430.0,21,0.12590610349474202,0.10820312045715523,0.02755001045832279,2.4639800605264557,0.2368495112802663,0.6898618181579816,0.32524725548130373,0.22,13,0.22708441634610077,26,46,5
347,局部扰动,3.4606088368920846,2.89042346617864,-3.295315291375303,0.454684708624697,2.542081267100515,3.568439476126601,3.160911694267433,4.327361342357567,2.918068875943266,110.7646847086247,114.06,110.7646847086247,110.31,6.680819530155973,4.0420812671005155,10000.0,10000.0,-0.05,-0.25,1495.6267094696334,641.8196166662443,3,7,8,240.28159706330808,26,58000.0,268.69539258723984,430.0,21,0.12539114016081834,0.1165503519290411,0.025560582258064714,2.427456032316583,0.25468890794893034,0.6773699563903464,0.35144785551802227,0.20964754359804091,14,0.24,27,46,4
348,局部扰动,3.7833341323700846,3.2283750418436243,-2.1723910879846073,1.5776089120153927,1.7365917203975294,4.1264237099498144,3.258130249447286,4.40114196875865,3.5888460837834137,111.8876089120154,114.06,111.8876089120154,110.31,7.1805645650871766,3.2365917203975294,10000.0,10000.0,-0.05,-0.25,1510.6287767026563,687.3770930071192,3,7,7,233.88969373314902,26,58000.0,259.1729581605296,430.0,21,0.12236187400837092,0.1157700144584565,0.027319347580263338,2.579270919293769,0.24721955972007406,0.6774866562105162,0.3456623035174758,0.22,14,0.24,26,45,4
349,局部扰动,3.528240109245282,2.935518040072918,-3.904145530735022,-0.1541455307350219,3.0063488394638376,3.1939283354281147,3.148064529681886,4.630351228414792,2.7899005978042823,110.15585446926498,114.06,110.15585446926498,110.31,6.809057022949051,4.629665264051855,10000.0,10000.0,-0.05,-0.2460819918415482,1504.357299714351,700.0,3,7,8,239.94652509705494,26,58000.0,250.0,430.0,21,0.12152895394171334,0.11804483048388144,0.02614025333378602,2.436996360324925,0.2428137919471449,0.6691585294329446,0.3544321773637283,0.22,14,0.23924291905573833,27,46,4
350,局部扰动,3.5887903154967806,2.952817621450643,-4.433418018978642,-0.6834180189786423,3.486469668794608,2.93853649324304,3.1312967365590656,4.834342722839407,2.737793229116641,109.62658198102136,114.06,109.62658198102136,110.31,7.146914959508921,5.533204083977522,10000.0,10000.0,-0.05,-0.25,1489.3557721525,678.2821102039314,3,7,9,228.84680137890263,26,58000.0,250.0,430.0,21,0.12319913366161947,0.11792233421540661,0.02893162259083978,2.4134025298883426,0.24153274138359804,0.6838810241700309,0.3473692364500182,0.21866123622198336,14,0.24,27,46,4
351,局部扰动,3.4858140782739735,2.9389704281561193,-3.338274624185459,0.41172537581454094,2.58022889640705,3.7933672777846805,3.179774057939418,4.195862425637039,3.095673906770631,110.72172537581454,114.06,110.72172537581454,110.31,6.768538472774889,4.08022889640705,10000.0,10000.0,-0.05,-0.25,1493.4884616537438,675.227222934594,3,7,8,224.30717245326002,26,58000.0,250.0,430.0,21,0.12316718889059083,0.11360923865378236,0.025116200698169826,2.5318253542119478,0.24246991179766908,0.6578474462318008,0.3443452137299974,0.21445633623407442,14,0.24,28,46,4
352,局部扰动,3.5685888723893817,3.054773222962581,-3.164639461770051,0.5853605382299492,2.4421011434799307,3.670462655355915,3.180121430657924,4.407892947123211,3.105631153775296,110.89536053822995,114.06,110.89536053822995,110.31,6.844430681800223,3.9421011434799307,10000.0,10000.0,-0.05,-0.2471522881415889,1490.579484678712,666.3628869194202,3,7,8,234.42702821646463,26,58000.0,255.61993413290276,430.0,21,0.1221956141058061,0.11999912623013294,0.0352671164318057,2.5059432089117823,0.24820336174691227,0.7050160592146365,0.3434132273118363,0.22,14,0.23639696704523608,27,46,4
353,局部扰动,3.59241545856933,3.0627799876480224,-3.203069418767882,0.5469305812321181,2.544781755347842,3.782982301359585,3.152453149870711,4.325924144657469,3.253879740530043,110.85693058123212,114.06,110.85693058123212,110.31,6.915519693816626,4.0447817553478425,10000.0,10000.0,-0.05,-0.25,1472.3562419201387,685.3964386569913,3,7,9,238.30455227973192,25,58000.0,263.68511410736994,430.0,21,0.13209749798608234,0.11267726382712413,0.026360515356397225,2.5346983490295116,0.249601322516141,0.6747243715672455,0.32127228308975897,0.22,14,0.24,28,46,4
354,局部扰动,3.698232569469649,3.1123569701723173,-4.723609441987534,-0.9736094419875343,3.9387902310692513,3.1098484450878954,3.2648338942197555,4.747246162212833,3.05800371135928,109.33639055801247,114.06,109.33639055801247,110.31,7.5488383479568295,6.217677784659279,10000.0,10000.0,-0.05,-0.24774630734025832,1460.2801008681865,677.7666662233626,3,7,8,240.10742639763507,26,58000.0,250.0,430.0,21,0.12450622204189782,0.11397255603180043,0.022147527317043555,2.438740878621856,0.24310757407450287,0.6452113842868379,0.3389461636515272,0.22,14,0.24,28,47,4
355,局部扰动,3.6115103532099857,2.9893528320878984,-4.432652390876356,-0.6826523908763562,3.4934342018545523,3.0102449431390297,3.121364059049263,4.8227971030268355,2.8214743478231727,109.62734760912365,114.06,109.62734760912365,110.31,7.195727871204857,5.539556114555638,10000.0,10000.0,-0.05,-0.24423702635889594,1480.1989363629766,665.8969637820106,3,7,8,227.49102541651817,26,58000.0,266.7881731566919,430.0,21,0.1268958052570572,0.11089136122447174,0.03086555267726815,2.411994373108333,0.24390373698620066,0.6905055181689418,0.3358069719231368,0.22,14,0.23155190703605003,27,46,4
356,局部扰动,3.5951162771147613,3.0044749705848344,-3.5172679688720336,0.23273203112796637,2.609099978602137,3.3850829143944656,3.2081105689405356,4.599603458602941,2.969230883237156,110.54273203112797,114.06,110.54273203112797,110.31,6.828820042340389,4.109099978602138,10000.0,10000.0,-0.05,-0.25,1473.3876676607401,685.1032632003538,3,7,8,242.60759258254902,25,58000.0,268.94618860411856,430.0,21,0.12477619067948652,0.11863902271947563,0.023326029497033322,2.4947667666383415,0.24669023792711472,0.6698990758232153,0.3339113741908415,0.21886721364955058,14,0.2397060565087074,27,45,4
357,局部扰动,4.062852009289331,3.4150129861427385,-2.0561640719201506,1.6938359280798494,1.9074198057379916,4.975072318195469,3.4880253151791147,4.360995203580259,4.135939012169153,112.00383592807985,114.06,112.00383592807985,110.31,7.7655212782707785,3.407419805737992,10000.0,10000.0,-0.05,-0.24954408170990552,1497.1592692471863,681.5036753804519,4,7,8,235.98103634700624,26,58000.0,250.0,430.0,21,0.12575277656315328,0.11331586487003102,0.028391508313386285,2.6535038972404803,0.25008522014424045,0.6533362456415241,0.34963939981976433,0.21322958604085107,14,0.2282698044595514,27,46,5
358,局部扰动,3.5155567857375463,2.945601841557842,-3.7454608268000555,0.004539173199944457,2.8826830682958824,3.2563388042196624,3.1333148033592098,4.584573012861018,2.8138247437749624,110.31453917319995,114.06,110.31453917319995,110.31,6.716962181227386,4.382683068295883,10000.0,10000.0,-0.05,-0.2468355866042973,1463.5898581416673,680.8348284087868,3,7,8,225.95942936857637,26,58000.0,257.96151867364796,430.0,21,0.12783764175564005,0.11807809408855287,0.03064305606645179,2.5002843781940163,0.24569660964027376,0.6620510503891625,0.35325578992851714,0.22,14,0.24,27,46,4
359,局部扰动,3.55904657985379,2.9434012749631076,-4.410701059588121,-0.6607010595881206,3.4601489581472817,3.0206491054726663,3.120214202293654,4.7037694697123404,2.8100501025804143,109.64929894041188,114.06,109.64929894041188,110.31,7.113788298480809,5.488709805817778,10000.0,10000.0,-0.05,-0.24014833101436864,1457.1240582944597,665.6400545334812,3,7,9,246.55371424500942,25,58000.0,254.0628319366385,430.0,21,0.12816670905233388,0.11357956300436313,0.030784052091481513,2.4043038670786943,0.24878671167474392,0.6875907694885605,0.35128277687143034,0.2135452801778034,14,0.24,28,46,4
360,局部扰动,3.44172755287769,2.8349786658013825,-4.197335203141108,-0.4473352031411082,3.2604858489020048,3.2559583029087444,3.145356104229356,4.45852360573804,2.740946131152307,109.8626647968589,114.06,109.8626647968589,110.31,6.874009634953566,5.118354011414891,10000.0,10000.0,-0.05,-0.24615041505533705,1482.438518860712,648.8303067816146,3,7,8,232.8351150751836,27,58000.0,257.624031371217,430.0,21,0.12145514598273263,0.11251863137007394,0.030870057400233273,2.4846819442035155,0.23755208996385022,0.6887645157978722,0.3531696335575069,0.20989034743853552,14,0.24,27,46,4
361,局部扰动,3.4598711917300484,2.870503580174639,-3.6293862932737397,0.12061370672626026,2.862262190946082,3.5056491670040373,3.1288635265581384,4.372346515741043,2.8893988921462666,110.43061370672626,114.06,110.43061370672626,110.31,6.6964950614312295,4.3622621909460815,10000.0,10000.0,-0.05,-0.2466342792586992,1504.3735690346546,647.5165635182907,3,7,9,235.75022675507276,26,58000.0,271.52162004409223,430.0,21,0.12894540849370584,0.11660460049117224,0.028949305372081964,2.4462880658632624,0.24745367779555627,0.6749885844576603,0.32897856910887047,0.21046280777322643,14,0.24,27,46,4
362,局部扰动,3.778197466329116,3.2060659567152383,-2.3267496837050743,1.4232503162949257,2.1079335193307083,4.425782445261897,3.3657507091109813,4.305155310151585,3.6025623997928333,111.73325031629493,114.06,111.73325031629493,110.31,7.281160804464827,3.6079335193307083,10000.0,10000.0,-0.05,-0.23710914947956527,1499.3998676858396,683.522523742439,4,7,8,227.05702813419447,25,58000.0,250.0,430.0,21,0.12585987731145437,0.1166820230859723,0.03192723656734447,2.5205081309627686,0.2629937087019758,0.6581697965668487,0.34611854647219614,0.21292649968587324,14,0.24,27,46,5
363,局部扰动,3.9180612083009634,3.137220648625995,-5.687725528321934,-1.9377255283219341,4.60123461256096,2.5694332927912313,3.1545501287984306,5.403469944996294,2.991475915034403,108.37227447167807,114.06,108.37227447167807,110.31,8.25814895419396,7.651415035218507,10000.0,10000.0,-0.05,-0.23888163891306624,1481.7676168634816,692.6292034549135,3,7,7,237.30576210130454,26,58000.0,250.0,430.0,21,0.12633852404501641,0.11684497827552037,0.028396660840521785,2.3784275627113374,0.22899998273178437,0.6553363016298108,0.35640695819092305,0.22,14,0.24,27,46,4
364,局部扰动,3.482770261597283,2.8308264985417773,-4.127402704413242,-0.3774027044132424,3.230205660833447,3.001684495619255,3.140754393846793,4.616367808997231,2.6824476714788177,109.93259729558676,114.06,109.93259729558676,110.31,6.841130782127196,5.032127824364041,10000.0,10000.0,-0.05,-0.2493231661479439,1485.4338706155988,647.3443236586816,3,7,8,245.41025535606857,26,58000.0,250.0,430.0,21,0.12799770337863753,0.11712294810152327,0.026969940266415325,2.3531751810293913,0.2541939521647593,0.6895624448974164,0.35288213424062453,0.22,14,0.24,27,46,4
365,局部扰动,3.5102246749565578,2.9441396207174995,-3.6724782013491506,0.0775217986508494,3.086584562338176,3.5895406702975556,3.1340053008067708,4.362494067469986,3.0262054665137534,110.38752179865085,114.06,110.38752179865085,110.31,6.817502678059073,4.586584562338176,10000.0,10000.0,-0.05,-0.25,1490.2857381206704,644.9462083923869,3,7,8,233.85728840396368,26,58000.0,262.92259613280487,430.0,21,0.12112787594297598,0.1162393023787601,0.030229259151028486,2.518353950919415,0.24599037504803814,0.6375572254719502,0.3278352632016456,0.22,15,0.23882802986734472,27,47,4
366,局部扰动,3.631187812658228,2.9567477432566385,-4.28695393441744,-0.5369539344174399,3.377814466226965,2.9217699775331716,3.203445415868712,4.899906143235451,2.7388243566182044,109.77304606558256,114.06,109.77304606558256,110.31,7.1207984203198675,5.3073776137609165,10000.0,10000.0,-0.05,-0.25,1464.2031884086582,680.9308452332895,3,7,8,235.03794521070597,26,58000.0,250.0,430.0,21,0.1204190207226636,0.11649679257221714,0.025797813041096115,2.391489204046127,0.2513768024711999,0.6872165490557559,0.3430147128939855,0.22,14,0.23835330582845124,27,46,4
367,局部扰动,3.4415421295839868,2.866062013609098,-3.3907186865245933,0.3592813134754067,2.6511317303507402,3.4259906811145298,3.1598746864888785,4.391432187256087,2.8031903679223054,110.66928131347541,114.06,110.66928131347541,110.31,6.634585368486393,4.15113173035074,10000.0,10000.0,-0.05,-0.24476549306606582,1504.0688450597982,675.7561729396772,3,7,9,238.26851348921522,27,58000.0,250.0,430.0,21,0.12817106241033246,0.11529950715311955,0.02691715102039947,2.4494081016036917,0.2517564413495559,0.6560004358927348,0.3472093921555116,0.22,15,0.24,27,46,4
368,局部扰动,3.4577970226119277,2.883729865701707,-3.861450421788291,-0.11145042178829101,3.22826639850766,3.506320842224063,3.1616435983041327,4.33647692251389,2.9012823882047627,110.19854957821171,114.06,110.19854957821171,110.31,6.795332716168159,4.817426735938293,10000.0,10000.0,-0.05,-0.25,1473.3048164058425,629.4171464275878,3,7,9,236.4749264782116,27,58000.0,261.37249139031366,430.0,21,0.12288675579884865,0.10836968329180825,0.026921737401156845,2.470243875018073,0.25295710866971494,0.6618558235345895,0.34915779895681903,0.21337574502230824,14,0.23972081595924377,27,46,5
369,局部扰动,3.514556772087292,2.9633203592199915,-3.40024763057194,0.3497523694280602,2.622524154945317,3.726154203168304,3.1394083059902536,4.2099163848068235,3.174712246626591,110.65975236942806,114.06,110.65975236942806,110.31,6.799497937659224,4.122524154945317,10000.0,10000.0,-0.05,-0.2477102050916245,1502.664164468263,680.8451701444563,3,7,9,243.48760014302823,26,58000.0,250.0,430.0,21,0.12495058185193961,0.11348992388345339,0.0278077544025665,2.4341168017887584,0.2516689998857859,0.6605021332313435,0.3401815861853553,0.22,14,0.2298558964756178,28,46,4
370,局部扰动,3.5278318381264513,2.8775281730658877,-4.251327270505982,-0.5013272705059819,3.2008937159024624,3.0597612426095875,3.122128422315181,4.669017735004952,2.7609243337948945,109.80867272949402,114.06,109.80867272949402,110.31,6.966224109870735,5.101955532307248,10000.0,10000.0,-0.05,-0.24364334222705838,1480.8234674513408,673.1146390862319,3,7,8,237.35622705939207,27,58000.0,251.8978368625938,430.0,21,0.12789991321329167,0.11771308580061156,0.029480240204160516,2.3934990066536987,0.24673849210944493,0.6614994367726418,0.34609331866351584,0.2152031095414449,14,0.24,27,45,4
371,局部扰动,3.564173514467946,2.935648884459907,-4.379035839241098,-0.629035839241098,3.276752126874676,3.0950338114212887,3.1371929840350936,4.66034259948092,2.862137302149092,109.6809641607589,114.06,109.6809641607589,110.31,7.096747531622231,5.279980798267555,10000.0,10000.0,-0.05,-0.24689530231015805,1497.2260702179142,659.9573524906685,3,7,9,233.26795792127467,27,58000.0,253.26892215061224,430.0,21,0.12481910040569609,0.11599942138116312,0.030381196465506174,2.3281584433477196,0.2477535307062101,0.6782965903400829,0.3415517832241455,0.21786043125092636,13,0.22896216073120212,27,45,4
372,局部扰动,3.7274678307547653,3.19409504744178,-2.832998003231822,0.9170019967681782,2.06910123495095,3.986197894566261,3.1818437790531107,4.366869623295371,3.5239697803891064,111.22700199676818,114.06,111.22700199676818,110.31,7.091358905609601,3.56910123495095,10000.0,10000.0,-0.05,-0.24666643791621806,1484.9088317600826,681.5192360218907,3,7,7,225.35441735822306,26,58000.0,258.52381146836444,430.0,21,0.1201255745757746,0.11832669445960356,0.025989415504012462,2.585136533911816,0.24256277220549652,0.706300512398294,0.338440778976026,0.22,14,0.22912187355280383,27,45,4
373,局部扰动,3.6580909929810526,3.1171806798201014,-2.8737001101603283,0.8762998898396717,2.215921857784914,4.213590322348729,3.1944105658093536,4.166258835522305,3.5206881207696066,111.18629988983967,114.06,111.18629988983967,110.31,7.059744714061872,3.715921857784914,10000.0,10000.0,-0.05,-0.24090944607799963,1492.378019631158,662.4432638769144,3,7,8,234.74564729941946,26,58000.0,258.52183543257445,430.0,21,0.12200538952056962,0.11143217251177681,0.02897010731610224,2.537204853773717,0.24814729869755778,0.6602520141310307,0.34376580339771945,0.21293794475424785,14,0.22952040201551382,28,46,4
374,局部扰动,3.6162868341711887,3.0840007150051845,-2.857168113448793,0.8928318865512068,2.0707941876055935,3.9504344471296213,3.270559406203345,4.270006195611052,3.2996602538648374,111.20283188655121,114.06,111.20283188655121,110.31,6.931432475036318,3.5707941876055935,10000.0,10000.0,-0.05,-0.23955616316217287,1497.5606918787828,657.551176064031,3,7,8,245.5469368599202,26,58000.0,250.0,430.0,21,0.12966013495501183,0.11134711341369459,0.033162015539505554,2.493192156433395,0.24889677475610425,0.6692773425190586,0.3537061224801513,0.21783928299491545,13,0.23949487568840333,27,45,4
375,局部扰动,3.5908925887041043,3.005818810187255,-4.824834267405038,-1.0748342674050377,4.007793631117972,3.037530241350212,3.121966133798831,4.707345691315649,2.8925733681598174,109.23516573259496,114.06,109.23516573259496,110.31,7.43267312242961,6.367661045042002,10000.0,10000.0,-0.05,-0.24412361258429552,1474.4406154321161,659.3634558063391,3,7,9,231.94350518229996,26,58000.0,250.0,430.0,21,0.1221768940886708,0.11677309443446969,0.032084610089605003,2.4919420924892024,0.23241268172843027,0.6697717202452038,0.34485505260097066,0.21225703072501403,14,0.24,26,47,4
376,局部扰动,3.4738741430708133,2.8618279828225752,-3.9098995550898508,-0.15989955508985076,2.916083437157614,3.2993561518607333,3.1740386334301225,4.396269422409314,2.876162708605925,110.15010044491015,114.06,110.15010044491015,110.31,6.753271820019619,4.544003081229494,10000.0,10000.0,-0.05,-0.24368520874857666,1491.216614623184,661.6679877345512,3,7,9,232.48138746396938,26,58000.0,258.213068290667,430.0,21,0.12278124753520145,0.11532988268045082,0.024821255299141677,2.423313678589272,0.24627536461297592,0.6617998908297356,0.3433109759958529,0.22,14,0.24,28,45,4
377,局部扰动,3.492099093506616,2.837032407604066,-4.488802011771995,-0.7388020117719947,3.4148655816711915,3.2079836608786616,3.145039307853929,4.551533130341935,2.7785267695240305,109.57119798822801,114.06,109.57119798822801,110.31,7.08795040611068,5.505907191088787,10000.0,10000.0,-0.05,-0.25,1478.7264386919678,620.8893135361135,3,7,9,228.49238991482625,26,58000.0,259.8555002782247,430.0,21,0.12472064242925746,0.11684915583278767,0.027744984260745585,2.4481661553813368,0.2381097205272834,0.6501759563219307,0.3452363066273091,0.22,14,0.24,28,45,4
378,局部扰动,3.537416681130637,2.9372510808691965,-3.58220520097332,0.16779479902668015,2.6903433155061163,3.5886787846135224,3.165129590732754,4.410727947519519,3.031978599053051,110.47779479902668,114.06,110.47779479902668,110.31,6.800179152058145,4.190343315506116,10000.0,10000.0,-0.05,-0.2481277332078793,1488.2463545605153,674.311195740695,3,7,9,231.1859713381192,27,58000.0,250.0,430.0,21,0.12080945171060102,0.11407941123731948,0.027923936149815528,2.5092064165404606,0.24223231901046594,0.6643810268489023,0.3179112444952997,0.21351178314511102,14,0.23429953437014836,27,45,4
379,局部扰动,3.536901873971537,2.999471217253311,-3.584304007128708,0.16569599287129222,2.984984998133317,3.971942211284127,3.1742018495988336,4.163104254202768,3.2511814277548194,110.4756959928713,114.06,110.4756959928713,110.31,6.923573410818301,4.484984998133317,10000.0,10000.0,-0.05,-0.24621133882724913,1505.2503049894278,669.0293666357634,3,7,8,241.69943320220378,27,58000.0,250.446567361746,430.0,21,0.12226007145175095,0.11163364084542453,0.029997056165423225,2.5045027110728375,0.24508527814457468,0.6652023217915928,0.34163191134456256,0.21582093057284701,13,0.24,28,46,5
380,局部扰动,3.4795166840568887,2.912558805953387,-2.9177543820723315,0.8322456179276685,2.335349419884209,3.598200011064287,3.149294711708851,4.334273253060199,2.966656756022382,111.14224561792767,114.06,111.14224561792767,110.31,6.70113375178379,3.835349419884209,10000.0,10000.0,-0.05,-0.24402825936884914,1514.743082663585,668.3224512285273,3,7,7,239.02539066085407,25,58000.0,250.0,430.0,21,0.12791172537915516,0.11986630882609563,0.02598350552931421,2.399833851765317,0.26290599186329466,0.6506967031693386,0.33864435269814064,0.21824113511966076,15,0.24,27,46,4
381,局部扰动,3.581911485222516,2.973124720343798,-4.180521246660902,-0.4305212466609021,3.446701679485128,3.261003462447143,3.153980285644842,4.690321895665749,2.8683241663823367,109.8794787533391,114.06,109.8794787533391,110.31,7.087246533089268,5.29111867681385,10000.0,10000.0,-0.05,-0.24032360217456653,1500.7702045375972,676.9197150816666,4,7,8,235.12183945033442,26,58000.0,252.00326142866027,430.0,21,0.12000100837559413,0.1150445929123459,0.029857063488848742,2.443473510951066,0.24278713096520638,0.6495715957247423,0.3331694580682688,0.22,14,0.23049648049146182,25,47,4
382,局部扰动,3.4588636893130946,2.9026612685224755,-3.619770269062215,0.1302297309377849,2.7791884073182467,3.5091153224605716,3.1713627304894256,4.348402001421381,2.88657477200762,110.44022973093779,114.06,110.44022973093779,110.31,6.685849421791293,4.279188407318247,10000.0,10000.0,-0.05,-0.23578393985213053,1493.6487763269804,673.8143392641082,3,7,8,240.8990416308249,27,58000.0,252.1467543854837,430.0,21,0.11552545686680538,0.10874855668474105,0.03233221543881423,2.4977370739162894,0.24228505499803618,0.6475581750601702,0.34971844513159145,0.22,14,0.23539559946597816,27,46,4
383,局部扰动,3.5847158593415176,3.004025227214366,-3.5204749929817893,0.22952500701821066,2.5745456406141396,3.2769230072103364,3.1267951164079686,4.654073963049367,2.9302823802857447,110.53952500701821,114.06,110.53952500701821,110.31,6.783375215068723,4.074545640614139,10000.0,10000.0,-0.05,-0.25,1475.8281833108497,686.7646494072117,3,7,7,232.99505681551943,26,58000.0,250.0,430.0,21,0.1270851549555456,0.11553475008923562,0.02829259845556464,2.428569631052717,0.2531184409705046,0.6951969949767508,0.3521404655137512,0.22,14,0.24,27,45,4
384,局部扰动,3.5849281545797402,3.0476001700510524,-3.7339505422236385,0.016049457776361464,3.0849696611258586,3.5463370045194913,3.122912911482553,4.477564250588391,3.110811224370978,110.32604945777636,114.06,110.32604945777636,110.31,6.908820017286235,4.584969661125859,10000.0,10000.0,-0.05,-0.24601457007959665,1481.7184339222092,670.0863462949862,3,7,8,234.84984001101733,27,58000.0,250.0,430.0,21,0.12672037262595653,0.12,0.031980740267174325,2.505067082632611,0.2452313443837139,0.7198566079634771,0.3340209244129212,0.22,14,0.23866125045589098,27,47,4
385,局部扰动,3.8323557834079103,3.2743601020246307,-2.0161624214674134,1.7338375785325866,1.688085871026808,4.3988176587274905,3.210957996677501,4.171177510985224,3.8950815732868813,112.04383757853259,114.06,112.04383757853259,110.31,7.301018665670675,3.188085871026808,10000.0,10000.0,-0.05,-0.2383467822250273,1495.3223967616098,645.8192489435237,3,7,7,237.57055245924528,26,58000.0,271.53335936385906,430.0,21,0.1227052375709995,0.11408446283575549,0.024363143148912712,2.493907063952515,0.26170231618286693,0.6703772047878941,0.3445899627490745,0.22,13,0.24,28,45,4
386,局部扰动,3.6598345184323486,3.045348046449686,-4.179788285078004,-0.42978828507800415,3.191925556864747,3.1798557661276012,3.1756829685233265,4.804563285731794,2.944192812749196,109.880211714922,114.06,109.880211714922,110.31,7.1419863749556,5.03575618492715,10000.0,10000.0,-0.05,-0.25,1467.2431805835956,666.7708357578622,3,7,8,239.43211111335592,26,58000.0,259.4612779996269,430.0,21,0.12273142744626067,0.11607932147726711,0.02530601043947192,2.3870473475780267,0.25136912859887184,0.7042651352924301,0.3538600634473273,0.2181476231652822,14,0.2196833347251279,27,46,4
387,局部扰动,3.567477023200733,3.043040278873049,-2.9840202739571566,0.7659797260428434,2.3156437495902087,3.761240370777937,3.2019338002721467,4.361790472224442,3.1343552530912056,111.07597972604285,114.06,111.07597972604285,110.31,6.8519766969374425,3.8156437495902087,10000.0,10000.0,-0.05,-0.2403086539387825,1500.0654039436893,644.4285000409561,3,7,7,241.33128806701185,25,58000.0,250.76713610065303,430.0,21,0.12994420114136576,0.11132531664780775,0.025775066799560625,2.5120554604187912,0.24807158978411506,0.717105763406673,0.3455959084642661,0.22,14,0.24,27,46,4
388,局部扰动,3.5287056243222685,2.9863488823991022,-3.471491682011603,0.2785083179883969,2.8747443191806443,3.822200187228387,3.147512752444376,4.282091233355031,3.1403490797621476,110.5885083179884,114.06,110.5885083179884,110.31,6.868654034453009,4.374744319180644,10000.0,10000.0,-0.05,-0.2464587190199806,1502.2089337666946,692.082444347873,3,7,9,232.2678093011314,27,58000.0,255.44064006887768,430.0,21,0.12302641714979523,0.11348500513566753,0.032557080424104885,2.501779068409261,0.2454245699253024,0.6580212674191375,0.33596199418173645,0.21328362117342223,14,0.24,27,47,4
389,局部扰动,3.6913488030976733,3.0911548518714813,-4.8188685198048375,-1.0688685198048375,4.006168789087545,2.9329142112850604,3.1466059878669173,4.886967532515524,2.9562833036181266,109.24113148019516,114.06,109.24113148019516,110.31,7.547349330501449,6.361263604931415,10000.0,10000.0,-0.05,-0.25,1491.5811465806237,679.6800111317343,3,7,9,240.8891701535381,26,58000.0,252.34300929944027,430.0,21,0.12545614930210172,0.11414695933268042,0.027382350212143643,2.39931755643168,0.23993310518962158,0.6819205370365623,0.34465219628441157,0.22,14,0.24,27,47,4
390,局部扰动,3.565449486989749,2.9296131935564285,-4.225861122086329,-0.4758611220863287,3.352586659708757,3.010227111400836,3.144194873704949,4.776382111292254,2.7310615550899477,109.83413887791367,114.06,109.83413887791367,110.31,7.016376189052917,5.23327555737782,10000.0,10000.0,-0.05,-0.25,1480.8215970005924,665.5950310145366,3,7,9,232.48192510185376,25,58000.0,250.0,430.0,21,0.1258505482871319,0.11572715516107294,0.02731853898208331,2.468630140496369,0.2421618611719025,0.6935221809517457,0.3379073706402199,0.22,15,0.24,27,46,4
391,局部扰动,3.580946595014893,3.003813297994153,-3.259732947505242,0.4902670524947581,2.67693390852247,3.7879530068941443,3.16187536238419,4.373161365211673,3.1784290317384105,110.80026705249476,114.06,110.80026705249476,110.31,6.915153208183365,4.17693390852247,10000.0,10000.0,-0.05,-0.2448198320188688,1498.0389404886755,671.5660474134523,3,7,8,238.65136401663122,26,58000.0,250.0,430.0,21,0.12302435016317169,0.11617298896955491,0.025346008424116082,2.423382973680966,0.25811162758348727,0.6473744351711178,0.3384940863115748,0.21448014065123572,14,0.2295682180502404,26,47,4
392,局部扰动,3.9244233235769705,3.316783429838105,-1.6258889880414102,2.1241110119585898,1.6797381840327386,4.571271188140768,3.3509235758216893,4.400222292424763,3.8660153191238535,112.43411101195859,114.06,112.43411101195859,110.31,7.4814386772770165,3.179738184032739,10000.0,10000.0,-0.05,-0.24668589646780392,1504.1844440915377,677.6140319231989,3,7,7,230.41224691814637,26,58000.0,254.3510125948833,430.0,21,0.12935131865986624,0.10756797099921671,0.02705264730593383,2.5862204538383904,0.2571469531320594,0.6760506053573685,0.3455214816465169,0.21337578971247112,14,0.24,26,46,4
393,局部扰动,3.5168375152305598,2.9234276076425023,-3.2849443686525603,0.46505563134743966,2.4390111649552897,3.5704655879808125,3.1534987577655786,4.386350022780816,3.009379710743375,110.77505563134744,114.06,110.77505563134744,110.31,6.745095978977146,3.9390111649552897,10000.0,10000.0,-0.05,-0.25,1510.057801421902,685.0427559637129,3,7,8,234.3260472860433,27,58000.0,259.3049933842662,430.0,21,0.12668003071100928,0.11501121962943445,0.025440983625028814,2.428054863113791,0.25107155366778355,0.6475182006638257,0.3348454737256917,0.21370736110592475,14,0.24,27,45,4
394,局部扰动,3.643975458916183,3.085652815817265,-3.0137515122828233,0.7362484877171767,2.133458280600859,3.83126009319371,3.219588307538371,4.383961903684977,3.293013408549078,111.04624848771718,114.06,111.04624848771718,110.31,6.945601881052673,3.633458280600859,10000.0,10000.0,-0.05,-0.2418353272292925,1495.9802431539567,672.7110361342396,3,7,9,233.69991762514965,25,58000.0,250.9902036600895,430.0,21,0.12369938456956316,0.11730251992095325,0.03239856911923784,2.4467217256912486,0.2517904531703894,0.645827115266501,0.36419905127646923,0.21428822837054617,13,0.229722161732201,26,45,4
395,局部扰动,3.47747488134727,2.8583449462404626,-4.25571119642828,-0.5057111964282797,3.325445853775923,3.092902353575345,3.129261847115711,4.5696726797522365,2.727360986213119,109.80428880357172,114.06,109.80428880357172,110.31,6.92538134219246,5.230014810918547,10000.0,10000.0,-0.05,-0.24607391332788975,1487.4451349265125,672.7147926923438,3,7,9,236.67467490268743,27,58000.0,250.0,430.0,21,0.12798561032399935,0.11439382547707114,0.03318795149764865,2.40882855514276,0.24530156040814546,0.6801083307855691,0.34980300148397847,0.22,14,0.23602355744494113,27,46,4
396,局部扰动,3.6066780103063762,3.0714226303940397,-3.9687936323462623,-0.21879363234626226,3.507995421205709,3.940150467008969,3.2103208025536625,4.26834934855276,3.309026370650008,110.09120636765374,114.06,110.09120636765374,110.31,7.183626706954437,5.183030327082719,10000.0,10000.0,-0.05,-0.25,1504.748649111336,659.4997128587164,4,7,8,242.02196776818627,26,58000.0,252.75515723530015,430.0,21,0.12785747777065617,0.11873050963965892,0.028084704909399603,2.5407336616121414,0.24078811984691822,0.6604802322855096,0.3365038548995219,0.21347269597647248,14,0.23792144861351333,27,47,5
397,局部扰动,3.8955620511759643,3.3407472127953026,-2.2799265027498308,1.4700734972501692,1.7497255185468767,4.3746719518468,3.23252235561318,4.236596358418901,3.9751901992026943,111.78007349725017,114.06,111.78007349725017,110.31,7.380793986693262,3.2497255185468767,10000.0,10000.0,-0.05,-0.24760169755393122,1502.3585573596952,690.5477910129787,3,7,9,232.67566113172748,27,58000.0,250.0,430.0,21,0.1209346311731479,0.11685868982772762,0.025183122489402247,2.5278931639494813,0.25293115505614094,0.673189119128395,0.35315785621669044,0.22,14,0.22838594346477462,28,45,4
398,局部扰动,3.638597203231498,3.087432993584547,-3.4364559480468984,0.31354405195310164,3.062876753005166,4.103916988266158,3.169470731654545,4.261023820884752,3.4109235867089946,110.6235440519531,114.06,110.6235440519531,110.31,7.108036568580171,4.562876753005166,10000.0,10000.0,-0.05,-0.23749230190114776,1522.3349755450663,669.5315668988346,3,7,10,234.56091992119306,25,58000.0,250.0,430.0,21,0.11763023247009309,0.1142667424204495,0.029421890579777062,2.4251750267333905,0.2598791822517199,0.6746638682290111,0.33945674644855034,0.20687443659544247,15,0.23168659432326746,27,47,5
399,局部扰动,3.519352710892508,2.8669153758141097,-4.514763695746964,-0.7647636957469643,3.577944342412861,2.9403219936051856,3.1451309106294203,4.6794477303379605,2.711327503185934,109.54523630425304,114.06,109.54523630425304,110.31,7.106434371679059,5.689755299010432,10000.0,10000.0,-0.05,-0.2425925877228017,1512.7106711008228,666.0325460571962,3,7,7,240.94841444797638,27,58000.0,264.36397323831545,430.0,21,0.1204167213612075,0.11101312464449313,0.027926774826622265,2.3518206903737613,0.24408986872898406,0.6858084706035525,0.3458437204747679,0.22,14,0.24,27,46,4
400,局部扰动,3.4427711245806654,2.8527568703369037,-3.888030875439199,-0.138030875439199,3.0609219126856897,3.4782794290369186,3.1470300222246115,4.279782181470258,2.9264775176464886,110.1719691245608,114.06,110.1719691245608,110.31,6.758097020277557,4.6713466130370485,10000.0,10000.0,-0.05,-0.25,1499.2910154582385,677.4896142271059,3,7,8,238.67949560141992,26,58000.0,252.9636044525526,430.0,21,0.1275583023389446,0.10908793737611858,0.02623850637640961,2.4747792980933845,0.24131746997366,0.6400226940657916,0.3329074420031799,0.21801463903733187,14,0.24,28,46,4
401,局部扰动,3.4281357722623245,2.832698207717421,-4.1195029654211766,-0.36950296542117655,3.212202002226393,3.2800752024664024,3.1359391191870163,4.344353309533265,2.8300626689722166,109.94049703457883,114.06,109.94049703457883,110.31,6.8237023153411975,5.007804374563333,10000.0,10000.0,-0.05,-0.25,1491.8743304745024,658.0818849159429,3,7,8,239.55670271412646,25,58000.0,250.0,430.0,21,0.12433194618081665,0.11516260420076647,0.028812667517198864,2.455278463952307,0.2409325084963091,0.6693314822654769,0.3484719178979485,0.22,14,0.2387684009545049,28,46,4
402,局部扰动,3.6838171927740317,2.9419414517223386,-4.873023072930309,-1.1230230729303088,3.9205655549427565,2.753345747446001,3.226996358391938,5.012060755776138,2.7429938137498273,109.1869769270697,114.06,109.1869769270697,110.31,7.505290383549503,6.318984013287004,10000.0,10000.0,-0.05,-0.2493905683299321,1503.0122086157373,679.1087108180618,3,7,7,236.87612424637143,26,58000.0,253.79900729843533,430.0,21,0.1232008106203993,0.11120139611815315,0.025250843881263144,2.2981919676075853,0.24753231048276966,0.6619509911359652,0.3403102698325239,0.21393600748719796,14,0.24,26,46,4
403,局部扰动,3.5304095171616825,2.9333399543601693,-4.184758206726798,-0.4347582067267979,3.279280446327365,3.207182591547779,3.1332926004491486,4.621220651234252,2.8146058717915072,109.8752417932732,114.06,109.8752417932732,110.31,6.982406290740927,5.127087011708803,10000.0,10000.0,-0.05,-0.2470989001009442,1469.7117821859165,675.0201587275984,3,7,8,237.32011821792773,25,58000.0,283.37718578820056,430.0,21,0.12669351092323303,0.11602150318156935,0.028293769419306815,2.48903487251315,0.23991165140822313,0.6661945149608197,0.3394850082294109,0.20635109758232692,14,0.24,27,46,4
404,局部扰动,3.5410518132382114,2.989581585560697,-3.7865716333616177,-0.03657163336161773,2.948439538082927,3.5119160783394316,3.2131414682945345,4.412876074127734,3.0126755466669954,110.27342836663838,114.06,110.27342836663838,110.31,6.839323576555208,4.477696844772221,10000.0,10000.0,-0.05,-0.24597079357741458,1484.2754095935866,677.9824311488031,3,7,9,237.05322246023542,26,58000.0,259.63893986076613,430.0,21,0.12463569029214285,0.11711230704921738,0.02202206638821418,2.525281003286774,0.23875119240462173,0.686870715102327,0.3373329070192191,0.2164457986323134,14,0.24,28,46,4
405,局部扰动,4.016716572330109,3.414634037534078,-1.5519674032969561,2.198032596703044,1.657492391839809,4.732043828052697,3.366590272547731,4.263222359910104,4.157840636195519,112.50803259670305,114.06,112.50803259670305,110.31,7.640998780400851,3.157492391839809,10000.0,10000.0,-0.05,-0.25,1492.7603066099148,681.9861395437458,3,7,8,237.49883004102324,26,58000.0,250.0,430.0,21,0.1249565111974254,0.11348986402567268,0.02790696195902547,2.5732255316118944,0.2616716382178342,0.6293602212557204,0.35737179969285754,0.2190346362326893,14,0.23936697986358163,28,46,4
406,局部扰动,3.588433117626262,2.9169228911838383,-4.875814257868512,-1.1258142578685124,3.9189039393961713,2.854747823525989,3.174138405569031,4.780941906808157,2.7732122083425694,109.18418574213149,114.06,109.18418574213149,110.31,7.400527567798121,6.319555345690981,10000.0,10000.0,-0.05,-0.24295801638285403,1507.8844582881102,684.5079432656667,3,7,7,237.62703849740018,26,58000.0,268.31230328377933,430.0,21,0.12157824763448714,0.11376111350667557,0.02711118855016784,2.379323890373971,0.23706373952535031,0.6761944662266736,0.3379424942235185,0.22,14,0.24,27,46,4
407,局部扰动,4.1769789984997585,3.5113418016858056,-1.2712928909179482,2.478707109082052,1.6683820526665263,5.0130762011892,3.3413990071678588,4.35315457692559,4.442517926727125,112.78870710908205,114.06,112.78870710908205,110.31,7.926525034969992,3.1683820526665265,10000.0,10000.0,-0.05,-0.25,1500.6016495507124,683.2572392632711,3,7,8,245.15550571207996,26,58000.0,257.42260304576473,430.0,21,0.130899520654531,0.11805713586441326,0.024460483863420306,2.6225271857771943,0.25888609842685906,0.6854344444155387,0.34199075347414815,0.21739307148114337,14,0.24,28,46,4
408,局部扰动,3.6833594081740126,3.159564985872281,-2.461532801132634,1.288467198867366,2.0546833605408112,4.2936635643079475,3.236075188300795,4.203594772463063,3.5288696783832387,111.59846719886737,114.06,111.59846719886737,110.31,7.106801651174579,3.5546833605408112,10000.0,10000.0,-0.05,-0.24655729068742138,1504.519017277845,681.6532206551217,3,7,9,236.66162417577704,25,58000.0,250.0,430.0,21,0.12466247510962038,0.11205290305911922,0.028896787424258424,2.50045606737605,0.260345495209454,0.6406996958627109,0.3457057031979785,0.21555073780397793,14,0.24,28,45,5
409,局部扰动,3.675859596035994,2.9798812368862078,-4.308157583653369,-0.5581575836533688,3.4234496489586155,2.895664855305513,3.235039389776967,4.985385669988939,2.747051675996396,109.75184241634663,114.06,109.75184241634663,110.31,7.192687938830056,5.369975715881311,10000.0,10000.0,-0.05,-0.24652707997083506,1473.376395410804,678.7122129855439,3,7,8,242.7891954676539,26,58000.0,250.0,430.0,21,0.12260664761857903,0.11557393804826943,0.02474343119610111,2.3582116952787,0.25549269826287996,0.6446985931943728,0.3361693152769614,0.22,15,0.23279720182991953,27,46,4
410,局部扰动,3.5826309848662974,2.9742554403759427,-5.105567806689294,-1.3555678066892938,4.276777731427951,2.9985521775055703,3.174625644436261,4.62516343883325,2.9282744478698213,108.95443219331071,114.06,108.95443219331071,110.31,7.586956640150584,6.861231976779386,10000.0,10000.0,-0.05,-0.25,1497.8837816496423,675.4577725017958,3,7,8,237.09689850197603,25,58000.0,258.73714686801696,430.0,21,0.11838852724691354,0.11437331063916498,0.024459508421803368,2.387023502339458,0.23937617022891844,0.6634323791433548,0.36121433179989015,0.20785484252093528,14,0.23717188944973303,27,46,5
411,局部扰动,3.61419054338465,2.948317616401528,-4.977492060021703,-1.227492060021703,4.0090492863711535,2.8136268832716778,3.1977906378579757,4.8013373445817376,2.8085320035057895,109.0825079399783,114.06,109.0825079399783,110.31,7.489803320862798,6.491042934388515,10000.0,10000.0,-0.05,-0.25,1491.4820284176392,671.291079407635,3,7,10,231.93149392681687,26,58000.0,250.0,430.0,21,0.1257444557724871,0.1141089282604709,0.028242137336783654,2.3258716501177465,0.2435127325642287,0.647887621295663,0.3338360933752138,0.21692416594453842,13,0.24,27,46,4
412,局部扰动,3.5137163733273296,2.953194026798742,-3.5717023976702222,0.17829760232977776,2.9266388552950118,3.669199002843742,3.1608788863654365,4.299670017138975,3.0799068193675456,110.48829760232978,114.06,110.48829760232978,110.31,6.821731998156631,4.426638855295012,10000.0,10000.0,-0.05,-0.24496328754339972,1509.7144891128823,651.6926966942434,3,7,7,237.225034290522,26,58000.0,250.0,430.0,21,0.11966553354012342,0.12,0.027009809997267396,2.4706093836793115,0.2458536860107361,0.7074765795640685,0.343619733455672,0.22,14,0.23686820375040396,27,47,4
413,局部扰动,3.6093885653999425,3.0658890643297214,-4.066589883094252,-0.3165898830942524,3.3654649888917403,3.6093228575221867,3.1752828372244615,4.410875615471198,3.2070263911599226,109.99341011690575,114.06,109.99341011690575,110.31,7.143955640212376,5.118736895367142,10000.0,10000.0,-0.05,-0.25,1497.7634190423219,679.2592700578867,3,7,8,236.47481978405463,26,58000.0,250.0,430.0,21,0.12494164410358449,0.11684278184752693,0.023942864660524282,2.4391216378455822,0.24834617428344402,0.6774884732230039,0.3404106961865768,0.21544974569107203,14,0.22925809726159704,28,46,5
414,局部扰动,3.753132887196079,3.222479447117123,-2.407880311960753,1.3421196880392472,1.953101585596798,4.09709436806855,3.1876603198957816,4.327043479322251,3.61252492032384,111.65211968803925,114.06,111.65211968803925,110.31,7.152700037254355,3.453101585596798,10000.0,10000.0,-0.05,-0.24999747507309167,1496.94142362484,678.8641409059882,4,7,7,234.46723149123167,26,58000.0,250.0,430.0,21,0.12365588360331767,0.12,0.030208631138499347,2.425178527998084,0.26718415838918697,0.6957279203362092,0.3412904399303777,0.21907919257105854,14,0.22853876813623675,27,46,4
415,局部扰动,3.455641363819256,2.8559342766057165,-3.6359398514837693,0.1140601485162307,2.8322364487079126,3.4827529201692498,3.1607792244739987,4.483638557673824,2.742687667225895,110.42406014851623,114.06,110.42406014851623,110.31,6.674089278140118,4.332236448707913,10000.0,10000.0,-0.05,-0.25,1487.079905830453,616.6320929401359,3,7,8,229.6697643444313,26,58000.0,256.0978352109257,430.0,21,0.12435134670385165,0.11309294027895353,0.03331225503963217,2.44233263862705,0.2509206534495103,0.646987313271783,0.34860122583725933,0.21870520278142044,14,0.24,27,46,4
416,局部扰动,3.6357319375405,3.107302400690916,-3.3990121792700307,0.35098782072996926,3.011970778039252,4.198716221514051,3.261120552675092,4.13497937399818,3.4620143284526996,110.66098782072997,114.06,110.66098782072997,110.31,7.121540435477693,4.5119707780392515,10000.0,10000.0,-0.05,-0.24387141123941986,1516.8279303942666,663.5279939734834,3,7,8,233.42325182314673,26,58000.0,250.0,430.0,21,0.12725677164222793,0.12,0.030417645618999158,2.4874656817113836,0.25177260550652114,0.6721373285158719,0.35376818534023546,0.21631516946401474,14,0.24,28,47,5
417,局部扰动,3.4600686956655062,2.84602257871516,-4.145310165979041,-0.39531016597904056,3.203873821238345,3.20190741433497,3.1489404519551045,4.46322798730319,2.783931143260415,109.91468983402096,114.06,109.91468983402096,110.31,6.859450496619991,5.020121954021578,10000.0,10000.0,-0.05,-0.24507804341844358,1493.3313736129724,666.1390376679027,3,7,8,231.72166409308977,26,58000.0,250.0,430.0,21,0.1231679543092842,0.12,0.0263186407321814,2.4285896714947617,0.24142470641528027,0.6757879233326177,0.350834716686487,0.22,13,0.23738328107165826,27,46,4
418,局部扰动,3.4792920278984463,2.9202485207297273,-3.9742484523210493,-0.22424845232104929,3.06802060304387,3.6213776447063117,3.1495281941511335,4.251673767626181,3.0446106548842065,110.08575154767895,114.06,110.08575154767895,110.31,6.8784290512390704,4.74741936490071,10000.0,10000.0,-0.05,-0.2445874806634598,1494.095984052862,654.9018913369762,3,7,9,233.7585494030543,26,58000.0,254.9105244494589,430.0,21,0.12318635630023872,0.10835568395747276,0.027870072761483757,2.50009557768916,0.23686037072392419,0.6469852315765778,0.341078931969943,0.21163391056329334,14,0.23046992304663652,28,46,4
419,局部扰动,3.5822577562951015,3.056924037808622,-4.487972021978408,-0.7379720219784076,3.988337784730413,3.473994736177789,3.1525190942410304,4.37479689147147,3.1850262485184353,109.5720279780216,114.06,109.5720279780216,110.31,7.3644975294257655,6.078715402313139,10000.0,10000.0,-0.05,-0.2421201349895526,1501.9489350623965,691.3784868416403,4,7,8,229.2178950939075,26,58000.0,280.88123778029455,430.0,21,0.13005809479163247,0.11675041448203373,0.028986284092416534,2.4596457520749175,0.24438594834441182,0.6625461797426041,0.3359698326472005,0.22,14,0.24,27,47,5
420,局部扰动,3.667457224804045,3.1411015820161436,-2.412531544315783,1.337468455684217,1.9643637770613118,4.036060332367595,3.2089439056483884,4.306280362754051,3.4213887186258596,111.64746845568422,114.06,111.64746845568422,110.31,7.023152955534567,3.464363777061312,10000.0,10000.0,-0.05,-0.2494859815693365,1463.9657995414257,664.4630250100842,3,7,8,231.9642735098874,26,58000.0,250.0,430.0,21,0.12588847613243365,0.1138805483908744,0.02832653894509836,2.579581525169322,0.255496975732517,0.638388150264126,0.3457061598808066,0.22,14,0.24,27,46,4
421,局部扰动,3.6121995214075167,3.1079624676814146,-2.8850255527302977,0.8649744472697023,2.193173253337651,3.841044622862821,3.1997413800698182,4.353321682599015,3.253319171683793,111.1749744472697,114.06,111.1749744472697,110.31,6.9177772823103,3.693173253337651,10000.0,10000.0,-0.05,-0.24935189029413274,1499.7772945360186,690.5698061026627,3,7,7,233.58999345542236,25,58000.0,263.0599170762175,430.0,21,0.12379276540791011,0.11283517811186353,0.030059941777012284,2.4705777323269396,0.2519172496547885,0.6961673454497118,0.3594795970021081,0.22,13,0.23831906475105238,27,46,4
422,局部扰动,3.4933749862725763,2.8769730959879687,-4.537961440221437,-0.7879614402214372,3.6238435805129323,3.1003707191677154,3.134993114945845,4.567271136430383,2.7707592697341226,109.52203855977857,114.06,109.52203855977857,110.31,7.122609279616641,5.754212732690082,10000.0,10000.0,-0.05,-0.25,1501.3085189818128,670.1191270407307,3,7,9,228.6750595475753,26,58000.0,269.5729975605659,430.0,21,0.1206210497200423,0.11362405054849851,0.030005662545635556,2.4474507645679275,0.23497392707115863,0.6808700327865198,0.33143793723205767,0.21277776642209803,14,0.24,27,46,4
423,局部扰动,3.6049918057799655,2.9489496222361784,-5.1404452091400685,-1.3904452091400685,4.181213331161428,2.860623802587635,3.1697296187680815,4.731367469970696,2.8776118900794847,108.91955479085993,114.06,108.91955479085993,110.31,7.588888224895944,6.793569498473483,10000.0,10000.0,-0.05,-0.24661554508819178,1497.7696543865563,669.3566607435306,3,7,7,245.73724857272794,26,58000.0,266.2385404829187,430.0,21,0.12706184396981482,0.11302714305167366,0.02784908362881569,2.39078371731821,0.23608169461900236,0.6319509935855556,0.3311127093441037,0.21720413424474241,15,0.23483297018382585,28,46,4
424,局部扰动,3.746894195501839,3.1801582382362956,-2.4313139625719913,1.3186860374280087,2.0616450073894717,4.252207554873016,3.2604001572283203,4.34435956699158,3.549937621618096,111.62868603742801,114.06,111.62868603742801,110.31,7.189032547156447,3.5616450073894717,10000.0,10000.0,-0.05,-0.24759181706422365,1480.592487923341,672.6354405959918,3,7,10,234.7929511630004,26,58000.0,250.0,430.0,21,0.1243494966338445,0.11428977721112774,0.025773653735943713,2.552909626042168,0.2560315490005514,0.7077217504387513,0.3582538434514194,0.21491713948876476,14,0.23405808682843848,26,47,4
425,局部扰动,3.507449077356829,2.939948616008718,-3.2022331401801125,0.5477668598198875,2.454278969451679,3.8048823902329527,3.2395890123249402,4.4270714875978605,2.895574466786218,110.85776685981989,114.06,110.85776685981989,110.31,6.779060760019762,3.954278969451679,10000.0,10000.0,-0.05,-0.24553945766213692,1516.7998511232547,652.7269669793852,3,7,9,228.98703543164072,27,58000.0,250.07302980628174,430.0,21,0.12345946238731992,0.11595011105243463,0.0293459070632683,2.474027500762356,0.24651439009315565,0.6308171683237038,0.3593717699266528,0.21519268283438997,14,0.24,27,46,4
426,局部扰动,3.5229287095155706,2.9715761188512575,-3.8195735630594214,-0.06957356305942142,3.118801165008091,3.7612986621692506,3.1533621312283064,4.177027447928927,3.2164813043011913,110.24042643694058,114.06,110.24042643694058,110.31,6.907704131107071,4.674460015455629,10000.0,10000.0,-0.05,-0.24994918675905228,1501.576574098537,631.0416768063367,3,7,8,243.7806655832856,27,58000.0,261.52172398238156,430.0,21,0.12392819385296824,0.11730118031524002,0.02737733014443264,2.482704982197459,0.24083698514542937,0.6843428928351382,0.34206973097761234,0.22,13,0.24,28,47,4
427,局部扰动,3.7030085321493726,3.161987405451623,-2.341199752815612,1.408800247184388,1.943949590381703,4.331878113871245,3.243385961909722,4.179798604074005,3.5887351136587897,111.71880024718439,114.06,111.71880024718439,110.31,7.131533511939301,3.4439495903817035,10000.0,10000.0,-0.05,-0.25,1506.673143632778,664.8730030662223,3,7,9,232.0752993176822,25,58000.0,250.0,430.0,21,0.1268579705685256,0.11391987002970727,0.02838141225081031,2.5478278804787013,0.25240854524847034,0.7054712875472569,0.34000468714830573,0.22,14,0.24,28,46,4
428,局部扰动,3.466506940248576,2.8380754258075864,-4.173717552709817,-0.42371755270981737,3.2899871410627446,3.2382528102326154,3.1854860340214604,4.482289123279895,2.7591706991204554,109.88628244729018,114.06,109.88628244729018,110.31,6.9003471606871205,5.128961183230598,10000.0,10000.0,-0.05,-0.24749014999075045,1503.619811866325,663.5672087007129,3,7,9,241.4068508000821,26,58000.0,260.53686762796247,430.0,21,0.12249984921187512,0.11357035235405656,0.024145246075724106,2.481760155741193,0.23538173799452422,0.6764636647769379,0.3370671632603308,0.22,14,0.24,27,46,4
429,局部扰动,3.4994020427616785,2.895284075036416,-3.5204579578379622,0.22954204216203777,2.5793837980509737,3.3586877169307927,3.1492868058955703,4.460444274159371,2.892284557994558,110.53954204216204,114.06,110.53954204216204,110.31,6.686129453670582,4.079383798050974,10000.0,10000.0,-0.05,-0.25,1499.7938232004433,689.3458939744338,3,7,8,238.8264635411547,27,58000.0,264.65993559314626,430.0,21,0.12560879579763964,0.10935475368328246,0.025338423316588914,2.3975914441396178,0.2526636396986147,0.6321344894262486,0.35373932778122236,0.22,14,0.24,27,45,4
430,局部扰动,3.5583300030698406,3.015115094042611,-3.881703802347616,-0.1317038023476158,3.1454580838217057,3.3670703043807126,3.1412592577994216,4.549232839833109,2.961329269483732,110.17829619765239,114.06,110.17829619765239,110.31,6.901386401711028,4.750821125699798,10000.0,10000.0,-0.05,-0.25,1494.9457383459057,697.5280187308099,3,7,8,237.32615993057112,27,58000.0,250.0,430.0,21,0.12121144162709437,0.11586005232574563,0.02758408241119015,2.4268432835377993,0.2481279635052583,0.639213438657421,0.3582691792759818,0.2155844428035325,14,0.24,27,47,4
431,局部扰动,3.465092401434327,2.9171416554793637,-3.5714251698756243,0.1785748301243757,2.7556410150668165,3.6075318943794064,3.1500235872110776,4.22664322084138,3.032078421951602,110.48857483012438,114.06,110.48857483012438,110.31,6.717697169106444,4.255641015066817,10000.0,10000.0,-0.05,-0.25,1515.219259928892,660.9850449533103,3,7,9,235.8196349863138,26,58000.0,252.04271148698416,430.0,21,0.1181567662946094,0.11384258208131354,0.029734344288966555,2.4394142991147323,0.24604925435410208,0.675293012604726,0.3446972622029381,0.22,14,0.2347766373776836,28,46,4
432,局部扰动,3.6599387458422017,3.1247877885932285,-2.4150156421237767,1.3349843578762233,1.9982371821187717,4.001314923073521,3.178516328461117,4.383044871928641,3.3529602786094546,111.64498435787623,114.06,111.64498435787623,110.31,7.007580421403536,3.4982371821187717,10000.0,10000.0,-0.05,-0.2452313892083991,1491.74891836678,685.7761739980394,3,7,8,228.50985449773043,27,58000.0,263.33707299366904,430.0,21,0.12528361152182935,0.11989056170095179,0.029347115216041122,2.58325815454853,0.25023645117130555,0.6432997356467078,0.33057181165231775,0.22,14,0.24,26,46,4
433,局部扰动,3.6142532748942195,2.915949298542792,-4.731636707272401,-0.9816367072724006,3.608828520704041,2.9221244508939623,3.163580716216274,4.839124695753899,2.7856739621456503,109.3283632927276,114.06,109.3283632927276,110.31,7.335042435055958,5.894137886521961,10000.0,10000.0,-0.05,-0.23909901857989638,1469.2373404429354,639.0922681381767,3,7,7,237.5695117064771,27,58000.0,258.3126220393855,430.0,21,0.1258450587243456,0.11840186111064205,0.027443424028412582,2.4180385264301836,0.23933590445134417,0.6697589825217233,0.34410575905084817,0.22,14,0.23296836582811575,27,45,4
434,局部扰动,3.4638942395966104,2.8981127946968464,-3.975852465450913,-0.2258524654509131,3.0572545305341743,3.502555265401889,3.166465431569076,4.375620044640755,2.875161813000626,110.08414753454909,114.06,110.08414753454909,110.31,6.8271553598872785,4.737936502894905,10000.0,10000.0,-0.05,-0.24744084771947458,1494.8078240381606,654.9224083063775,3,7,8,232.14026448478197,26,58000.0,250.0,430.0,21,0.12059418189492528,0.11264942080248783,0.03335245853193368,2.497595824820646,0.236524456547408,0.6716283853404295,0.34855124108065594,0.20713101356386837,14,0.23347891842661264,27,46,4
435,局部扰动,3.691189328777764,3.130822833746002,-2.3373729537926096,1.4126270462073904,1.9845529438423228,4.243046639577229,3.169102737118659,4.260907924715905,3.5328012348045847,111.72262704620739,114.06,111.72262704620739,110.31,7.100757519473356,3.4845529438423233,10000.0,10000.0,-0.05,-0.24536771210579608,1473.8850262716917,652.3893818591563,3,7,8,235.80939146929998,27,58000.0,264.89629345200143,430.0,21,0.12382547182856336,0.11388785269241969,0.02849748911082945,2.5867842093424707,0.25580991993975116,0.6728939416777305,0.32127723678956277,0.22,14,0.23708600763577506,27,46,4
436,局部扰动,3.543962933869152,2.954521479561641,-3.8093462444533657,-0.05934624445336567,2.9954647968676213,3.2695182717704947,3.1279114939211183,4.550492863231391,2.9295298102909406,110.25065375554664,114.06,110.25065375554664,110.31,6.807225641032669,4.542941792430314,10000.0,10000.0,-0.05,-0.24857557040527464,1477.0969346313536,683.6655958780699,3,7,8,244.42306546188226,26,58000.0,250.0,430.0,21,0.12586643075592754,0.1163493429383598,0.02901109563037149,2.4111495838466253,0.2538334401563844,0.6571452330459837,0.3354772636502437,0.22,14,0.24,28,46,4
437,局部扰动,3.5583236334879116,3.004547628114231,-3.3832689580070365,0.36673104199296347,2.4949345766476996,3.4590572078066684,3.161279682684972,4.532415060193456,2.96733884518879,110.67673104199297,114.06,110.67673104199297,110.31,6.780895030769308,3.9949345766476996,10000.0,10000.0,-0.05,-0.25,1496.9730916370015,681.778262349191,3,7,7,237.0264278750807,25,58000.0,250.0,430.0,21,0.12693797190282508,0.11218574757482182,0.0322426369741541,2.488029546122834,0.24592691163085031,0.6451039651187922,0.34392931378785485,0.2163532864811469,15,0.24,27,45,4
438,局部扰动,3.521046646342236,2.9891448375215774,-2.8210765704060066,0.9289234295939934,2.2091178746765427,3.8309046147253176,3.198292903602394,4.2592551961403275,3.1152465033672434,111.238923429594,114.06,111.238923429594,110.31,6.794073472249203,3.7091178746765427,10000.0,10000.0,-0.05,-0.24740622949625124,1492.8750065357397,667.7643533737261,3,7,8,247.3826337159368,27,58000.0,250.0,430.0,21,0.12547547328955616,0.11396201339521055,0.027664010019913886,2.511143605990318,0.25233855700721797,0.6483065575973633,0.34933198254652226,0.22,14,0.24,27,46,4
439,局部扰动,3.8127912290337336,3.245889471337836,-2.275204176926664,1.474795823073336,1.8186136103738573,4.458599280710378,3.275127045629894,4.2070082235006865,3.798141503378601,111.78479582307334,114.06,111.78479582307334,110.31,7.293392635175165,3.3186136103738573,10000.0,10000.0,-0.05,-0.24857870444656152,1497.1541676196175,664.3648574040719,3,7,8,238.52374722105347,26,58000.0,250.26702532989762,430.0,21,0.12095735011383903,0.11354284110925734,0.02490093538672429,2.535778812076944,0.2530738623919434,0.6755598936310124,0.3620458302168529,0.21780657020368427,13,0.22805370578265557,27,46,4
440,局部扰动,3.630650621339356,3.112713184250244,-2.5501983171147202,1.1998016828852798,2.0058420762560822,3.913589580725609,3.235694644578946,4.32400601872885,3.3053303999686348,111.50980168288528,114.06,111.50980168288528,110.31,6.948086693043932,3.5058420762560822,10000.0,10000.0,-0.05,-0.24907328501904305,1510.4119872065453,674.5572049908179,3,7,7,238.44982641549433,26,58000.0,250.0,430.0,21,0.11921064068847943,0.11608683486630193,0.025660924374541472,2.490217578140425,0.2539417804199075,0.6722171791625714,0.3605397424859583,0.22,14,0.24,27,46,4
441,局部扰动,3.632076071634964,3.016182926526663,-3.9799169931093417,-0.22991699310934166,3.0755177597338164,3.1589877809148468,3.153965453527282,4.835462621997477,2.8457542433281646,110.08008300689066,114.06,110.08008300689066,110.31,6.986451315920953,4.75945135422129,10000.0,10000.0,-0.05,-0.25,1448.2240027015207,648.2976600575917,3,7,8,237.0908778176506,26,58000.0,262.91260152978566,430.0,21,0.12090378467734644,0.1146302231881131,0.0274398222785905,2.5026560957891766,0.2471358435449764,0.6708761353456121,0.3426048547980092,0.22,15,0.22271693224206013,26,46,4
442,局部扰动,3.606370060797707,3.00717506228816,-4.903956455086231,-1.153956455086231,4.056686216568936,2.951258609566214,3.1334437107068234,4.705511091265607,2.9299990372097406,109.15604354491377,114.06,109.15604354491377,110.31,7.483454350728215,6.479851380637921,10000.0,10000.0,-0.05,-0.25,1488.7076908608958,659.207677880758,3,7,10,239.5720423330524,27,58000.0,250.0,430.0,21,0.12889830703846808,0.11194870687438696,0.028125724471302467,2.3789437348373608,0.24160562335603772,0.6807287381068272,0.35181845198275435,0.22,14,0.23526743996670196,27,47,4
443,局部扰动,3.7290612360596502,3.179023460906092,-2.8912785534699026,0.8587214465300974,2.2303993740319497,4.040999474370732,3.1746583778924258,4.404463349923322,3.4997831001772255,111.1687214465301,114.06,111.1687214465301,110.31,7.123392685247469,3.7303993740319497,10000.0,10000.0,-0.05,-0.24464354392918963,1487.0623033730158,679.0132713082257,3,7,9,233.8625987408864,26,58000.0,250.0,430.0,21,0.12367514785885673,0.11230719454505357,0.026407163157272706,2.5590230798450833,0.24652817782627454,0.7013351415723837,0.3304551671919317,0.22,14,0.22107590021933632,26,46,4
444,局部扰动,3.482826817976348,2.947488516593601,-3.4648934533944526,0.28510654660554735,2.6637812911193035,3.683180101557386,3.160816692391309,4.206780207366924,3.088592080617297,110.59510654660555,114.06,110.59510654660555,110.31,6.749679959736952,4.163781291119304,10000.0,10000.0,-0.05,-0.25,1509.5928091335425,645.8787608772593,3,7,8,232.32934529467502,26,58000.0,250.27291015447315,430.0,21,0.12283382160949986,0.11836727209934884,0.03147226988269242,2.452557523619845,0.2469370401605658,0.675242010273574,0.3459634650685105,0.22,14,0.23338899037213823,28,46,4
445,局部扰动,3.5651121112458934,2.9629333106879097,-4.556704075101493,-0.8067040751014929,3.6080765565823683,3.1395711391278662,3.182255219741775,4.621119373795714,2.8809759421906387,109.50329592489851,114.06,109.50329592489851,110.31,7.23944385439075,5.753439816663562,10000.0,10000.0,-0.05,-0.24875052563806302,1468.7316791964338,697.981290221936,3,7,7,240.31810126822438,26,58000.0,264.9253182661892,430.0,21,0.1233045350522327,0.11380038601173974,0.025723459355605324,2.4813392607400555,0.23595896532615193,0.6658184241734529,0.33809312356886106,0.20956852323308173,14,0.24,28,46,4
446,局部扰动,3.4421812907626865,2.85246668831508,-3.7247916777124885,0.025208322287511464,2.89174050400308,3.447116877424948,3.19528780447607,4.280193366086862,2.897017140561443,110.33520832228751,114.06,110.33520832228751,110.31,6.666204646182626,4.391740504003081,10000.0,10000.0,-0.05,-0.2494602820391352,1489.9692745803666,623.105613675795,3,7,7,231.82995038088336,25,58000.0,250.0,430.0,21,0.12223454711445642,0.11212882277395093,0.022822128035849785,2.4154022867858105,0.25152283263911795,0.6712779753213142,0.3481373860742708,0.21375947763895273,14,0.24,28,46,4
447,局部扰动,3.45480772184542,2.840102774058258,-4.126296773143238,-0.3762967731432383,3.2479341875615217,3.1876978595470074,3.1202014243168534,4.496508963039693,2.7506666550328314,109.93370322685676,114.06,109.93370322685676,110.31,6.844242257001262,5.048971606076113,10000.0,10000.0,-0.05,-0.24741499484593765,1492.765610684302,671.2010177678073,3,7,9,242.0457714101823,26,58000.0,261.0221464679407,430.0,21,0.1220829174593617,0.11724985543872135,0.030869161770814627,2.4318922113877375,0.2438370294060401,0.6839243265777938,0.3397289182796837,0.21318601898621517,14,0.24,27,46,4
448,局部扰动,3.4545177040038,2.9078880868350647,-4.284100214774668,-0.5341002147746678,3.578645166224144,3.4481332010700747,3.1559766448227653,4.256987301963591,2.973538946859032,109.77589978522533,114.06,109.77589978522533,110.31,7.0271162358276245,5.505925338043879,10000.0,10000.0,-0.05,-0.25,1502.6055483940372,688.349953918764,3,7,9,229.84189295021727,26,58000.0,250.0,430.0,21,0.12157301873677095,0.10978167079436103,0.027448848742221827,2.4746356536267817,0.2407703555843797,0.6643289109016045,0.3496795095221999,0.22,14,0.2392442944825618,28,46,5
449,局部扰动,3.5003764866604565,2.885695724956158,-4.347546520143453,-0.5975465201434531,3.3917535667949514,3.1548135122088055,3.1224929723675934,4.55584601654289,2.809773658628525,109.71245347985655,114.06,109.71245347985655,110.31,7.023061825164231,5.369790782909714,10000.0,10000.0,-0.05,-0.24756836193470075,1489.9627188302065,653.415434727331,3,7,8,238.1001103949736,26,58000.0,263.8901287725519,430.0,21,0.1315902334243924,0.11497534962965754,0.028700638219674394,2.4219189158663057,0.24192387468339008,0.6561890095127122,0.34388333143543603,0.2188550111283517,14,0.2283483767809905,27,46,4
450,局部扰动,3.6762584513769,3.1640983298817535,-2.7801328287257974,0.9698671712742026,2.036743597476001,3.9088706552992587,3.1797073005188747,4.369593917162064,3.402810236102651,111.2798671712742,114.06,111.2798671712742,110.31,7.002282056136066,3.536743597476001,10000.0,10000.0,-0.05,-0.23857203937794844,1501.97721892495,689.2892259474114,3,7,8,234.9614594103683,26,58000.0,250.0,430.0,21,0.12175860647631341,0.11331827197958426,0.030181367801769544,2.509570681170092,0.24719508025260267,0.6871341532646817,0.3435704701870979,0.22,13,0.24,27,45,4
451,局部扰动,3.5978595821960284,2.959402626976741,-4.562538533490937,-0.8125385334909367,3.592861350550374,2.9467436523082493,3.1626805858402767,4.831589413105837,2.7481914694067386,109.49746146650907,114.06,109.49746146650907,110.31,7.236831846631737,5.742892177343124,10000.0,10000.0,-0.05,-0.2442576549891156,1475.797827414396,671.0491525819983,3,7,8,245.83065392261338,27,58000.0,258.8333890794001,430.0,21,0.12219737552664664,0.11275760340224793,0.02605815874702283,2.4503989566660005,0.23779440557173742,0.6914744347876497,0.3482040235658612,0.21669668221781863,14,0.24,27,46,4
452,局部扰动,3.714781194180177,3.165908586850142,-2.400639157742532,1.349360842257468,1.9643427351552745,4.193428884807197,3.2477205285003374,4.296401639834978,3.5208904115609254,111.65936084225747,114.06,111.65936084225747,110.31,7.120772780112841,3.4643427351552747,10000.0,10000.0,-0.05,-0.2477912053155795,1494.2293575827323,681.0453276270346,3,7,8,243.72504522314378,26,58000.0,250.0,430.0,21,0.11821445419650221,0.11806813268171952,0.029325493123982974,2.626280190373451,0.2457536278440104,0.6571492613166678,0.33972801036550715,0.21711702833654908,15,0.23560749108115056,27,46,4
453,局部扰动,3.4869861410487086,2.8463166255195125,-3.9189780193972013,-0.16897801939720125,3.101831802863307,3.264659621057551,3.177839920037798,4.568663536254417,2.7256662336772175,110.1410219806028,114.06,110.1410219806028,110.31,6.786140088814269,4.737014218381068,10000.0,10000.0,-0.05,-0.25,1514.9324144082502,675.3436373874189,3,7,9,234.13892119631157,26,58000.0,250.8785764808661,430.0,21,0.11797538627707128,0.11576935969468079,0.025747860798354626,2.474797079771185,0.23819312341061397,0.6366232234227729,0.3284550092648902,0.22,14,0.24,26,46,4
454,局部扰动,3.5782387777330578,3.020224424936866,-2.721082047004174,1.0289179529958261,2.1441777694159425,3.999023711736504,3.2588709119187165,4.41946506295848,3.0760861844522687,111.33891795299583,114.06,111.33891795299583,110.31,6.896231439094483,3.6441777694159425,10000.0,10000.0,-0.05,-0.23523097288189163,1513.4240068314346,635.9933884689532,3,7,10,232.89440542519347,26,58000.0,250.0,430.0,21,0.12436137271214207,0.1080751354925642,0.027509050397285996,2.4683326946466773,0.25514858220196723,0.6622012389135431,0.35430450455197715,0.22,14,0.24,27,46,4
455,局部扰动,3.5629286738168973,3.0563288740252847,-4.518701376278784,-0.7687013762787842,3.8148209984021855,3.4471078318079282,3.1203360994797524,4.415735088417253,3.115718166013162,109.54129862372122,114.06,109.54129862372122,110.31,7.316704665058115,5.929782099425212,10000.0,10000.0,-0.05,-0.25,1489.905375832402,681.9151239138218,3,7,8,240.94866532065865,26,58000.0,267.68973346008937,430.0,21,0.12403335696325926,0.11544460962088794,0.030822970430715635,2.5391248017846886,0.2328163207385122,0.6832405061654518,0.331026584676085,0.21276072028702647,14,0.24,28,46,5
456,局部扰动,3.4408470700209746,2.842643209898168,-4.041516211039593,-0.2915162110395926,3.139405784791069,3.300308037800165,3.157826571626672,4.434850475716441,2.7565728905381746,110.01848378896041,114.06,110.01848378896041,110.31,6.794300045489527,4.872618753622743,10000.0,10000.0,-0.05,-0.25,1514.048825090647,681.5864284427967,3,7,9,238.63307028666577,27,58000.0,250.0,430.0,21,0.12761505626810052,0.12,0.030540629503143023,2.481874522971155,0.23439706650321482,0.6882292914588582,0.3486655723981145,0.22,14,0.23947974521295998,27,46,4
457,局部扰动,3.531750145735564,3.010906702685713,-3.4469446239962735,0.30305537600372645,2.6432516380873494,3.603974197015928,3.152305101000347,4.363754979507064,3.0695866868002457,110.61305537600373,114.06,110.61305537600373,110.31,6.796558828996654,4.143251638087349,10000.0,10000.0,-0.05,-0.24708509036215087,1488.270114843158,690.8857893981441,3,7,7,236.0956436171054,26,58000.0,250.0,430.0,21,0.12342981621786439,0.11121089367812795,0.026742976450808184,2.468173090730385,0.2486009932744018,0.6915692034527771,0.35132716792412727,0.21263612009787003,14,0.24,28,46,4
458,局部扰动,3.483889852381305,2.8527532825161126,-4.154495034114575,-0.404495034114575,3.219054555788537,3.1426422624828287,3.160563298012053,4.603567890568701,2.688104170591399,109.90550496588543,114.06,109.90550496588543,110.31,6.880000901684195,5.0426505830801975,10000.0,10000.0,-0.05,-0.24595718862641092,1490.1086411592455,650.7294960513491,4,7,7,237.5204855243926,26,58000.0,254.4913546043676,430.0,21,0.12540421096091484,0.11601928174365485,0.02841810459272864,2.4200778868762187,0.24290887870597808,0.6506709187594741,0.35162648953568276,0.2166510830833439,13,0.24,26,46,4
459,局部扰动,3.5726386110940873,2.9062682929839805,-4.451210462799025,-0.7012104627990254,3.5530323256342475,2.9995405376539885,3.159289685766678,4.773935640492838,2.745330756320941,109.60878953720098,114.06,109.60878953720098,110.31,7.157202040265416,5.614000695873468,10000.0,10000.0,-0.05,-0.25,1500.7418960433129,663.4706028002025,3,7,7,235.45226927435507,26,58000.0,251.44670983423234,430.0,21,0.1278605708753063,0.11486459610134356,0.028184728721969438,2.395431652024315,0.24304713797595262,0.674340290644009,0.3246945045046616,0.22,14,0.2312187134710426,26,46,4
460,局部扰动,3.4849769474751384,2.8863108544242193,-4.059314977776708,-0.30931497777670813,3.1773140586189155,3.340223375731622,3.142687855997125,4.452041235471751,2.8664081230747107,110.0006850222233,114.06,110.0006850222233,110.31,6.879326957028899,4.924766040840282,10000.0,10000.0,-0.05,-0.23364034697984745,1494.8561935162957,674.4595609153349,3,7,8,230.9317432694979,25,58000.0,250.0,430.0,21,0.12408126595193351,0.11150430970832892,0.02778158002116335,2.4515422954638675,0.2421186691128589,0.6913256669178074,0.3337112065018934,0.216160072159527,14,0.2314991436172923,27,46,4
461,局部扰动,3.523666490934472,2.9887619850993685,-2.9311493965719535,0.8188506034280465,2.2701793706571713,3.858711338114096,3.192993344949391,4.281910750867971,3.1038568005290643,111.12885060342805,114.06,111.12885060342805,110.31,6.805386683158302,3.7701793706571713,10000.0,10000.0,-0.05,-0.25,1520.7384455472773,668.2838872234942,3,7,8,243.89123032170636,26,58000.0,250.0,430.0,21,0.12682266663973144,0.11722768419200474,0.027381080982153732,2.444409042414281,0.2527036054224915,0.6734927849083933,0.35201902135792257,0.20777327008561053,14,0.24,27,46,4
462,局部扰动,3.526809064664138,2.991250893703571,-3.282125453599477,0.4678745464005232,2.4951989573754534,3.523418365199446,3.1844231524922333,4.446494321220843,2.958612583297438,110.77787454640053,114.06,110.77787454640053,110.31,6.75695830316549,3.9951989573754534,10000.0,10000.0,-0.05,-0.2353967742599391,1492.833946864425,692.7424943533838,3,7,7,236.61534653424647,26,58000.0,250.0,430.0,21,0.12444581005571069,0.111438599367787,0.024830000719544085,2.4716449172895905,0.2492556754635748,0.6782507318107955,0.36097244610940193,0.21759003877273475,14,0.24,27,46,4
463,局部扰动,3.9433488890186696,3.136356948811686,-5.50441376378005,-1.7544137637800503,4.32004325175345,2.65200487626536,3.2509687882870417,5.464958840479531,2.935191976390921,108.55558623621995,114.06,108.55558623621995,110.31,8.182448319412828,7.22357426277749,10000.0,10000.0,-0.05,-0.25,1487.2323015387794,700.0,3,7,7,236.36272972000455,25,58000.0,251.75555578226536,430.0,21,0.12370767376268893,0.11803961144333235,0.02599550699181211,2.336932249026098,0.23411310652901113,0.6801329893462282,0.34522877577018524,0.21688091298762135,14,0.24,27,45,4
464,局部扰动,3.656852572128802,2.9871052152448745,-4.4622164895864245,-0.7122164895864245,3.542472911197385,2.830009674658899,3.117439884652172,5.028260738884841,2.7103665468463487,109.59778351041358,114.06,109.59778351041358,110.31,7.233472723817686,5.612246102866525,10000.0,10000.0,-0.05,-0.24219447418103762,1494.3384322879315,689.5067712458423,3,7,7,244.42730063262678,27,58000.0,250.0,430.0,21,0.12552646401406617,0.10797091179340788,0.031170111881577242,2.3539607524187716,0.24795957201558544,0.6541570783882524,0.33565873254047257,0.22,14,0.2360275353431363,26,46,4
465,局部扰动,3.4799284302034157,2.8797012109011653,-3.7221770213894843,0.027822978610515747,2.965241675735086,3.488961118143376,3.171905002820094,4.3918118761370835,2.8978853526418504,110.33782297861052,114.06,110.33782297861052,110.31,6.733384220710407,4.465241675735086,10000.0,10000.0,-0.05,-0.2413086727367295,1497.0833608967177,676.0263592924355,3,7,8,244.6219293937021,27,58000.0,250.0,430.0,21,0.12026441700263031,0.11667394520672485,0.027266297446855055,2.489551966809082,0.24322256171452317,0.66582988705297,0.31931637518648875,0.21402246540603453,14,0.24,27,46,4
466,局部扰动,3.5443795212866847,2.995828504691471,-3.4127017339563253,0.33729826604367474,2.6143254056625596,3.847214301946048,3.234752036330607,4.320267151948071,3.0974264354332828,110.64729826604368,114.06,110.64729826604368,110.31,6.8600308807599735,4.1143254056625596,10000.0,10000.0,-0.05,-0.24676834232547362,1500.1084439699766,632.4634528618537,4,7,8,236.59636432723414,27,58000.0,250.0,430.0,21,0.12557438932999354,0.11858864794368601,0.02885387095237389,2.535518589759378,0.2408638910452121,0.6753968396445733,0.3438083694752138,0.2077158793525347,15,0.22770335246172557,27,46,4
467,局部扰动,3.514626620979726,2.934651348012533,-4.075744328468858,-0.3257443284688577,3.1701769315836854,3.2468797744869238,3.140635281083453,4.58069693033605,2.811211756202737,109.98425567153114,114.06,109.98425567153114,110.31,6.903754449422744,4.930772394358772,10000.0,10000.0,-0.05,-0.24498381566160285,1478.9333863979482,682.6389030318579,3,7,8,233.7219646885819,26,58000.0,250.0,430.0,21,0.12027332611320005,0.11480320526718979,0.02961214309369956,2.5577243491587125,0.2315951648735053,0.6863499185401053,0.34366570584577083,0.22,14,0.24,27,46,4
468,局部扰动,3.5391405232460746,2.9730267106836563,-4.363315647404491,-0.613315647404491,3.5595167936460506,3.2187185787623576,3.1221333498750856,4.522438287631524,2.9488865007181526,109.69668435259551,114.06,109.69668435259551,110.31,7.126577594432288,5.550169311569643,10000.0,10000.0,-0.05,-0.25,1497.1452620877096,655.4110022060853,3,7,7,242.49636099639102,26,58000.0,254.7050085359113,430.0,21,0.1232990451187594,0.11953283096012447,0.029499296728286727,2.391373096265702,0.24598375693059069,0.6309393847749956,0.35030432127541145,0.21939248469551534,14,0.23054698547433486,27,47,4
469,局部扰动,3.51960201629128,2.8719495734994855,-4.2343693489298175,-0.48436934892981753,3.1902614567591008,3.1073546181209655,3.1369962330122374,4.632613648196538,2.7699561302018334,109.82563065107018,114.06,109.82563065107018,110.31,6.95637656226672,5.077756935902955,10000.0,10000.0,-0.05,-0.25,1492.7992867604319,678.0058957411736,3,7,8,238.36040814379783,26,58000.0,256.63139929984123,430.0,21,0.1285956699371702,0.11696473911155278,0.0275732341738884,2.378370292029683,0.2464618903904116,0.6634328698507537,0.3431643410864228,0.21068230138113325,14,0.24,27,45,4
470,局部扰动,3.7068505642878593,3.1831212194295766,-2.5745996429916573,1.1754003570083427,1.9620770573071604,3.9641026224561275,3.1387952671149644,4.3000338457924885,3.5512413846111053,111.48540035700834,114.06,111.48540035700834,110.31,7.055353555555347,3.4620770573071606,10000.0,10000.0,-0.05,-0.24732572582371215,1485.2845875228552,700.0,3,7,9,243.0921187373727,26,58000.0,267.4571221439672,430.0,21,0.12656377251023782,0.11583863220061745,0.028102705634143594,2.4836611581414765,0.25895244836399406,0.6480471255651973,0.33345125489479155,0.22,14,0.23812805126952544,28,45,4
471,局部扰动,3.7929929066678616,3.209029011301744,-2.4864379722932313,1.2635620277067687,2.1776777905004514,4.470555463704394,3.2818956607379417,4.321224844384764,3.663796951600083,111.57356202770677,114.06,111.57356202770677,110.31,7.309380571997797,3.677677790500452,10000.0,10000.0,-0.05,-0.2468574948796322,1515.461088819344,669.7123890539968,3,7,8,239.19829728149134,26,58000.0,271.47835456127,430.0,21,0.12513774678059472,0.11367638260867187,0.02615334011436588,2.563510942089022,0.252000602024273,0.7028395901358256,0.34455924838968494,0.21244656467058873,14,0.23636733168494337,27,46,5
472,局部扰动,3.575796709467885,2.9432474531270874,-4.128219038161873,-0.3782190381618733,3.217183669866938,3.0634477181587245,3.1498957783449,4.757618568902515,2.7786726629401812,109.93178096183813,114.06,109.93178096183813,110.31,6.979056217388261,5.019758900396436,10000.0,10000.0,-0.05,-0.25,1485.763753050837,700.0,3,7,7,239.9128062506666,26,58000.0,250.0,430.0,21,0.12195880587428692,0.10677066296447264,0.026480753735083518,2.3915738044063124,0.2490729054246217,0.6978307212084902,0.3466919820820103,0.22,14,0.23618212494561452,27,46,4
473,局部扰动,3.6594274508552735,3.130301915105589,-2.7027038864670345,1.0472961135329655,2.186194995828033,4.080822784595301,3.2496550949614007,4.322836403849255,3.368093863150605,111.35729611353297,114.06,111.35729611353297,110.31,7.0392254823576685,3.686194995828033,10000.0,10000.0,-0.05,-0.25,1502.8204058240235,667.6925848858672,3,7,7,244.42979902851405,26,58000.0,251.21005109659828,430.0,21,0.12552928367572788,0.11143038142731039,0.025344637292328446,2.575233490488414,0.247864152009264,0.6759648223161117,0.3438461812407029,0.22,14,0.24,27,45,5
474,局部扰动,3.494014823266116,2.9725880581476285,-3.5625886407332388,0.18741135926676122,2.973278168587745,3.8633733089549667,3.3261364606501855,4.187659389609505,3.0423089862834143,110.49741135926676,114.06,110.49741135926676,110.31,6.844055431691687,4.473278168587745,10000.0,10000.0,-0.05,-0.24882643957484868,1512.2335490086782,644.7899834932884,3,7,9,228.9356320290383,26,58000.0,250.0,430.0,21,0.12760047026850907,0.11661591222135455,0.03102638275037145,2.553254767898908,0.24118428394565414,0.6524943922625345,0.3552452027473649,0.22,15,0.24,28,46,5
475,局部扰动,3.8525397030823116,3.2809110905561245,-1.8890191788924966,1.8609808211075034,1.7467169200967358,4.565116137353723,3.336695521832635,4.364172831120675,3.7392505582058093,112.1709808211075,114.06,112.1709808211075,110.31,7.376486489707311,3.246716920096736,10000.0,10000.0,-0.05,-0.24539524187545536,1505.0722229855332,658.0801290533466,3,7,7,238.13846377917673,26,58000.0,250.0,430.0,21,0.12341038372624374,0.11279178465044737,0.03128491926250595,2.547964894724705,0.25986842753658057,0.6464779843288379,0.3471513900322052,0.20444340904668118,15,0.2367550605432635,27,46,4
476,局部扰动,3.523394862863679,2.9902794117460303,-4.093264742386495,-0.34326474238649496,3.3753346473565387,3.7744902042449455,3.1934562753582174,4.200488546850541,3.176259204998584,109.96673525761351,114.06,109.96673525761351,110.31,7.072572466369968,5.149946441265735,10000.0,10000.0,-0.05,-0.2457524049926836,1514.2568945814091,651.3505086821658,3,7,8,239.27284165090722,25,58000.0,250.0,430.0,21,0.1272818740622237,0.11529146588983868,0.03327670069479102,2.483468198514619,0.2395918455372602,0.6431190805328978,0.343501238073159,0.21633605337988165,14,0.2282614263448148,28,46,5
477,局部扰动,3.5466553332668265,3.0081682296946215,-3.1620659709704597,0.5879340290295403,2.4459646741350705,3.524576303393739,3.181499690343323,4.463270025180441,2.9951619156002134,110.89793402902954,114.06,110.89793402902954,110.31,6.783871981120328,3.9459646741350705,10000.0,10000.0,-0.05,-0.24573983571978744,1484.4423198036952,678.9495646266838,4,7,7,238.59890571489115,25,58000.0,250.0,430.0,21,0.12396369187226253,0.11713655873645286,0.02604526905852979,2.4555411738868704,0.25535931599375694,0.6353834628490099,0.348876608622567,0.22,14,0.24,27,46,4
478,局部扰动,3.9132278840373544,3.2970107516685543,-2.3191063414838027,1.4308936585161973,2.0399632821590097,4.797699054035369,3.325619434240454,4.3299895957773815,3.905269238336246,111.7408936585162,114.06,111.7408936585162,110.31,7.525974435516046,3.53996328215901,10000.0,10000.0,-0.05,-0.24978775831442568,1520.522987749819,683.1214472823914,3,7,8,232.69862209357646,25,58000.0,269.692577717069,430.0,21,0.12034026224680783,0.11209778657409952,0.0251050680776577,2.6777408152668576,0.2362439757530023,0.6299555092588455,0.33578233280888603,0.22,14,0.2337678813094818,27,47,4
479,局部扰动,3.5359340285218597,2.941406617041197,-4.3717612265946855,-0.6217612265946855,3.4153722081280593,3.219020095243691,3.1915453879672926,4.555608281646217,2.866345257735906,109.68823877340532,114.06,109.68823877340532,110.31,7.103056615598625,5.412781189403808,10000.0,10000.0,-0.05,-0.24606555315670076,1494.6429039521975,679.3194639667005,3,7,7,235.08746382752642,26,58000.0,263.43288151191206,430.0,21,0.1245204056774848,0.11392112004504443,0.022483230333976822,2.4676292770980934,0.2345500057286106,0.6687303860802462,0.3479992915850468,0.21350144785196928,14,0.24,28,46,4
480,局部扰动,3.4342513170966646,2.8320382495828986,-4.001601523254365,-0.25160152325436513,3.0717720145184875,3.239916990610925,3.166383938521586,4.450834046868922,2.7159404696377605,110.05839847674564,114.06,110.05839847674564,110.31,6.744358305830527,4.77305323312198,10000.0,10000.0,-0.05,-0.2407989127216079,1473.1195161696617,659.3708883319706,3,7,9,233.39339839772518,27,58000.0,269.1199389347799,430.0,21,0.12582826912781842,0.11262012237622136,0.028508089179441625,2.500485303418727,0.24010324480875342,0.6450891180805465,0.3642477377410106,0.22,14,0.24,27,46,4
481,局部扰动,3.5593300065173152,2.9873551404896856,-3.6160666759421503,0.13393332405784975,2.6844761245600015,3.3643197932319246,3.119128052696818,4.578641059158725,2.9459598743155953,110.44393332405785,114.06,110.44393332405785,110.31,6.778280724985427,4.1844761245600015,10000.0,10000.0,-0.05,-0.24498290588662847,1484.8686042249565,668.1334595254684,3,7,7,237.40067634699147,25,58000.0,250.0,430.0,21,0.12023450704622653,0.11353065758338092,0.03186229187391211,2.5028077990729183,0.2420613958121539,0.655424715831669,0.33352828794157946,0.22,14,0.24,27,45,4
482,局部扰动,3.8260559457286107,3.2590869787976438,-2.4948634280615636,1.2551365719384364,1.9459719343588655,4.284527877009697,3.2339550721258714,4.283510247672054,3.7888233411060215,111.56513657193844,114.06,111.56513657193844,110.31,7.286007622115942,3.4459719343588655,10000.0,10000.0,-0.05,-0.25,1476.1321291533598,664.9728454475802,3,7,8,237.12363116966623,26,58000.0,250.0,430.0,21,0.12415211158881394,0.11155349157918622,0.024206064745917345,2.5537128749548073,0.25549849480413417,0.6566955064060187,0.352984170021785,0.22,15,0.21639237061103073,27,46,4
483,局部扰动,3.498064830856337,2.8894017719789047,-3.8367879947043804,-0.08678799470438037,2.871621266094977,3.284412103803892,3.148864735560845,4.525931279989232,2.820262163870652,110.22321200529562,114.06,110.22321200529562,110.31,6.737679508434981,4.441051661858481,10000.0,10000.0,-0.05,-0.24348966259862392,1489.7641899245978,669.698573392464,4,7,8,236.35636831124538,26,58000.0,250.0,430.0,21,0.12789702216545817,0.11528551900373017,0.03142913964410727,2.4143422905356338,0.24886883815968405,0.6725518131455629,0.33777526441872074,0.2167487970198739,14,0.24,27,45,4
484,局部扰动,3.5375564887507287,2.9525745547341735,-3.27724175180046,0.4727582481995398,2.4002523116398566,3.4772816241477424,3.1598329771246214,4.520368453283421,2.9257139925151985,110.78275824819954,114.06,110.78275824819954,110.31,6.745395630554978,3.9002523116398566,10000.0,10000.0,-0.05,-0.25,1501.0448646798704,664.7459074491821,3,7,8,240.90531350338128,26,58000.0,250.0,430.0,21,0.11969162346645179,0.11443651579208297,0.030967113740102147,2.468962277439996,0.2474959400616686,0.6556538382481895,0.3480443446363053,0.22,14,0.24,26,45,4
485,局部扰动,3.4424609071087877,2.878994673276038,-3.5525912072775157,0.19740879272248435,2.727775477451821,3.469365988002953,3.20269810153166,4.354041802107703,2.819043740539776,110.50740879272249,114.06,110.50740879272249,110.31,6.6502202079371,4.2277754774518215,10000.0,10000.0,-0.05,-0.24079081261713497,1515.6007004960036,664.2257442808343,3,7,9,236.13386794067821,26,58000.0,262.0179712311418,430.0,21,0.1286446981372154,0.11656035222551077,0.03122043203920123,2.445348920084448,0.24509148209528916,0.6689392506354351,0.35563627063318537,0.22,14,0.24,27,46,4
486,局部扰动,3.5046356743635823,2.8779277096469733,-3.7327176743851993,0.017282325614800698,2.7719781640639294,3.2950108350348635,3.159529926565463,4.507062080476616,2.851851799176018,110.3272823256148,114.06,110.3272823256148,110.31,6.69772283025692,4.271978164063929,10000.0,10000.0,-0.05,-0.24645115206464244,1496.7336925525603,657.0572161080112,3,7,7,236.15870222053107,26,58000.0,278.27114805973355,430.0,21,0.12168625132875531,0.11256025631514212,0.02602486164089701,2.41848032869291,0.24830963403993495,0.6701637049497579,0.34213478531547,0.22,14,0.2388675075225586,27,45,4
487,局部扰动,3.6349811462538444,3.1006147684581875,-2.6203659321847113,1.1296340678152887,1.9768650876230405,4.010407950214879,3.2029314583433504,4.301222744814024,3.3519598840094744,111.43963406781529,114.06,111.43963406781529,110.31,6.963717327327333,3.4768650876230405,10000.0,10000.0,-0.05,-0.24472280205261457,1494.1781111522525,625.7146028612079,3,7,7,229.08683504739597,25,58000.0,250.0,430.0,21,0.12428646190561787,0.11249157512517056,0.029810588037319747,2.5352578323250796,0.25039706472594486,0.6512354539584733,0.33927245683484997,0.2151354075229142,14,0.24,27,45,4
488,局部扰动,3.5680210302055544,3.003705986217851,-4.8569725375488275,-1.1069725375488275,4.032786593009978,3.049369367491964,3.118801792989187,4.606779960414351,2.939918479567621,109.20302746245117,114.06,109.20302746245117,110.31,7.426218283933173,6.418364623049039,10000.0,10000.0,-0.05,-0.2491166816751645,1498.036271485986,658.7313315359672,3,7,7,232.24120410091356,26,58000.0,250.0,430.0,21,0.12438339292563132,0.11580882382221858,0.03278991859854766,2.419237860726476,0.23588530672290636,0.6266546176121803,0.34797905570785415,0.21475729719052186,14,0.24,27,47,4
489,局部扰动,3.7650697751947115,3.1533538038739586,-5.066450408457456,-1.316450408457456,4.253933655889254,2.933955230870891,3.215730040054578,4.936628860845408,3.0640009575409537,108.99354959154255,114.06,108.99354959154255,110.31,7.803477689406086,6.8070939826552195,10000.0,10000.0,-0.05,-0.24972906031681208,1481.718456117237,695.2838805029156,4,7,8,243.4274873677894,26,58000.0,256.1735048868813,430.0,21,0.12632844792630818,0.11724813942572676,0.026913534951828806,2.3933667055338033,0.23835256759481557,0.6508184841063369,0.3300687715744716,0.22,13,0.24,27,47,4
490,局部扰动,3.701854294273615,3.146643448069972,-4.407329433938202,-0.6573294339382016,3.9174210565780743,3.218524032495805,3.195743394786958,4.701904909293402,3.1511153639426155,109.6526705660618,114.06,109.6526705660618,110.31,7.429518585881075,5.943284603728635,10000.0,10000.0,-0.05,-0.25,1492.0252908005791,685.2769704001128,3,7,7,240.24921081421155,27,58000.0,250.0,430.0,21,0.12057080535836542,0.11358554465732731,0.024914900611922218,2.3228616826243114,0.26299346125060663,0.6712680858010738,0.34112122747250095,0.22,14,0.24,27,47,5
491,局部扰动,3.511520447851069,2.9041453961639756,-3.390236306725498,0.35976369327450186,2.543687466783065,3.4758381971523056,3.1994544655860944,4.4513287166689,2.9049506912984335,110.6697636932745,114.06,110.6697636932745,110.31,6.727697734323986,4.043687466783065,10000.0,10000.0,-0.05,-0.2443501916721515,1483.4228322293627,631.6440992041181,3,7,8,241.57667150674214,27,58000.0,251.35695424817,430.0,21,0.12370633451297368,0.11375335145670926,0.02347199152247878,2.488096188617988,0.24988176075091806,0.6584228073473328,0.33335714648073445,0.2164912610073181,15,0.24,27,45,4
492,局部扰动,3.5728516181478827,3.050202824043911,-2.999240740528194,0.7507592594718062,2.3200549886171316,3.8121750820988884,3.198580914848997,4.348259264779811,3.1619706038683737,111.06075925947181,114.06,111.06075925947181,110.31,6.869364874443607,3.8200549886171316,10000.0,10000.0,-0.05,-0.25,1496.4614772481905,698.9351848171469,3,7,8,232.02864714113682,25,58000.0,250.0,430.0,21,0.12641048694497484,0.11432649393179027,0.02712015047864198,2.566606804362678,0.24199006238897142,0.6599139524137925,0.3450745010576409,0.219273318658177,14,0.24,27,46,4
493,局部扰动,3.540375774843673,2.989299304291896,-4.552205812078469,-0.8022058120784692,3.756442216085233,3.3343170795678123,3.143968600483551,4.458741016073074,3.00413100024848,109.50779418792153,114.06,109.50779418792153,110.31,7.268080531045497,5.8982068657480085,10000.0,10000.0,-0.05,-0.2385594670966371,1508.197487330719,689.7682269262922,3,7,9,238.33677143467284,26,58000.0,250.0,430.0,21,0.1220407923598674,0.11518020984815341,0.027305052611734503,2.428465995642397,0.23706500287333965,0.6503669732994815,0.3394438870355476,0.2054507566070584,14,0.23525592300112771,27,47,4
494,局部扰动,3.5855753203918637,2.9087935972314223,-4.677583181890341,-0.9275831818903413,3.7076881883703647,2.867691048220115,3.1615517929598296,4.791150732851626,2.760873355897852,109.38241681810966,114.06,109.38241681810966,110.31,7.276606876336681,5.949754733882638,10000.0,10000.0,-0.05,-0.23764314077861928,1487.289258900621,664.0171172014101,3,7,8,228.70500527546594,26,58000.0,263.5383591526821,430.0,21,0.12525262682202276,0.11634342504024665,0.028576808211985095,2.3315386327448686,0.24888378937447628,0.6730416312217449,0.3420937853246537,0.2193127099682694,14,0.22993254785076134,27,46,4
495,局部扰动,3.635564414171102,3.1082673784552513,-2.7728153273218226,0.9771846726781774,2.054335302041369,3.6689528058724012,3.146467922242489,4.446138213676143,3.2538637954543916,111.28718467267818,114.06,111.28718467267818,110.31,6.8997936676602745,3.554335302041369,10000.0,10000.0,-0.05,-0.24628914046665726,1480.9428543845756,699.3312767302974,3,7,9,241.8632591145483,26,58000.0,250.0,430.0,21,0.12580737395187908,0.1158007785655509,0.02835668609547164,2.462239248362021,0.2588756724014605,0.6756154186789199,0.34761516208720417,0.22,14,0.24,27,45,4
496,局部扰动,3.722196025695834,3.1646429705839285,-2.1929653292110345,1.5570346707889655,1.8341022224119687,4.156361608244477,3.2953951363763028,4.36620215802965,3.457016133756672,111.86703467078897,114.06,111.86703467078897,110.31,7.114962761486,3.334102222411969,10000.0,10000.0,-0.05,-0.25,1507.4376704190395,689.2150477561577,3,7,7,240.42915685021052,26,58000.0,252.68078727355484,430.0,21,0.12204191822445187,0.1118494211826612,0.025125313808310186,2.5788049754662,0.24914688792921869,0.637477753269109,0.35284687799056064,0.21887542035202653,14,0.24,26,46,4
497,局部扰动,3.6046198022125657,3.0218653875116894,-4.548116739111919,-0.7981167391119186,3.774982082244852,3.060974873785721,3.1444752572951162,4.728837436094484,2.8938312075357313,109.51188326088808,114.06,109.51188326088808,110.31,7.29668226499427,5.913475473534387,10000.0,10000.0,-0.05,-0.24526748866139497,1488.5255714034495,700.0,3,7,8,239.1615258453181,26,58000.0,255.7873563783555,430.0,21,0.11297937042002434,0.11205503861251412,0.02834678600561499,2.3727349260895343,0.2492529087024869,0.6940079799499754,0.3568372461963293,0.22,13,0.23882300345283888,27,46,5
498,局部扰动,3.787136477783526,3.2337195320653978,-2.0927086545289484,1.6572913454710516,1.8231636603781651,4.4640773215294045,3.2101092847160757,4.163143628348813,3.8032129165496595,111.96729134547105,114.06,111.96729134547105,110.31,7.266378186535822,3.323163660378165,10000.0,10000.0,-0.05,-0.24822117285086176,1494.1101283196795,660.1173761807745,3,7,8,235.51152858157266,27,58000.0,250.0,430.0,21,0.12418236349162293,0.111435615282406,0.0316414543788879,2.494649178247436,0.26306096256279315,0.651449531339119,0.33954800659513307,0.22,13,0.24,28,46,4
499,局部扰动,3.570832254271013,3.067706455974895,-3.0665783556172954,0.6834216443827046,2.568827448581529,3.8521563798298932,3.2519764765026813,4.327745961745366,3.147172010081886,110.9934216443827,114.06,110.9934216443827,110.31,6.909773256551263,4.068827448581529,10000.0,10000.0,-0.05,-0.23653870692243728,1482.5852475631455,676.302185394781,3,7,9,237.13778341348788,26,58000.0,250.521069708408,430.0,21,0.12954573779371117,0.11259628757287674,0.02996040871785925,2.5050244293752004,0.2572846290424389,0.6623262337121233,0.357537822075842,0.22,14,0.24,27,46,5
500,局部扰动,3.4877755744885355,2.8895700280461543,-3.9273249689693728,-0.17732496896937278,3.3048532770938763,3.344747329888442,3.169674402585208,4.503706859038394,2.8038082813967664,110.13267503103063,114.06,110.13267503103063,110.31,6.840845563515003,4.946713252269374,10000.0,10000.0,-0.05,-0.240398065531601,1481.0590939484302,653.9457330804482,4,7,7,245.72009686909092,26,58000.0,257.9313064895164,430.0,21,0.12473330795194212,0.11335793859619377,0.027676759610674544,2.4515018165428626,0.25341521157282243,0.667429762658719,0.3423171379122679,0.21922082735049322,14,0.23869625888181548,26,46,5
501,局部扰动,3.561031284414496,3.006079553365197,-3.2617860504186638,0.48821394958133624,2.506281304211065,3.888795453994912,3.148487477448843,4.297312595040315,3.2052350800760987,110.79821394958134,114.06,110.79821394958134,110.31,6.881805682356702,4.006281304211065,10000.0,10000.0,-0.05,-0.24577929670597884,1536.8169538916766,671.119944040774,3,7,8,244.58830318345946,26,58000.0,250.0,430.0,21,0.12331543528287679,0.10921248070816526,0.028689994453558767,2.3863033525165527,0.25220071500814334,0.6603190580005447,0.3389459571128605,0.20307286110749007,14,0.22898518027410333,27,46,4
502,局部扰动,3.519900527989844,2.9475177296847046,-3.875635508072804,-0.12563550807280421,3.0318715927333533,3.379465171637408,3.152524762768044,4.519533124689876,2.883756940656681,110.1843644919272,114.06,110.1843644919272,110.31,6.829244172240496,4.632379999191596,10000.0,10000.0,-0.05,-0.24694575844569638,1480.5735992731873,680.2394128379967,3,7,9,236.40690572435506,26,58000.0,255.06743007088502,430.0,21,0.12387931398342722,0.11060176398991255,0.026779591527747545,2.5383448894340517,0.23688155719321544,0.667888298340861,0.3336753410314248,0.21552095198663754,14,0.24,27,46,4
503,局部扰动,3.9426470374275433,3.1797571581457835,-6.218653839756641,-2.468653839756641,5.380939339076781,2.6609816284995254,3.2367192161844955,5.03639213183877,3.4135034120959324,107.84134616024336,114.06,107.84134616024336,110.31,8.696862835249522,8.855862410882095,10000.0,10000.0,-0.05,-0.24829216427814366,1473.2759201158865,671.862261222202,4,7,9,241.170004764139,27,58000.0,250.0,430.0,21,0.12314722925416344,0.11395087324648408,0.027908421147000605,2.3082931225449874,0.23924743539598298,0.6587472027197362,0.3461898345641456,0.21420228636375432,14,0.24,28,46,5
504,局部扰动,3.504177216265162,2.934998549955081,-3.7389991230711814,0.01100087692881857,3.0973532924008302,3.5571646458685957,3.1307974502775173,4.258574921970827,3.1101110204634765,110.32100087692882,114.06,110.32100087692882,110.31,6.806164558581302,4.597353292400831,10000.0,10000.0,-0.05,-0.24001689199728202,1501.8856834663811,671.4659013691651,3,7,7,231.53821430769688,27,58000.0,255.0145887043508,430.0,21,0.12208646982656778,0.11312741385768876,0.028244214998622456,2.3770070015234754,0.25681061052008336,0.6355711410067085,0.3398161657029333,0.22,14,0.23893933471711304,28,47,4
505,局部扰动,3.556909035775849,2.9600161871448516,-4.0934205197473545,-0.34342051974735455,3.4314569686523813,3.2638938473702424,3.2537897010013985,4.537351719993294,2.905571138424238,109.96657948025265,114.06,109.96657948025265,110.31,7.021607482922384,5.206193384450265,10000.0,10000.0,-0.05,-0.24955000386334794,1488.1293208261034,680.6324225048359,3,7,8,237.98214111442638,26,58000.0,250.0,430.0,21,0.12446736951781696,0.11271719545332884,0.02130547311153745,2.402013239465689,0.25392637862764367,0.6328793351899396,0.3340308407192913,0.22,15,0.23750526602700495,27,47,4
506,局部扰动,3.6075595205980218,3.090468062467312,-3.5760400439159525,0.17395995608404746,2.94308257057232,3.804626603423674,3.2144976554654074,4.319089043830896,3.264819492186374,110.48395995608405,114.06,110.48395995608405,110.31,6.984250605113437,4.44308257057232,10000.0,10000.0,-0.05,-0.24855210130091224,1488.8799622492286,656.4393918249357,4,7,7,233.95456479694403,26,58000.0,250.0,430.0,21,0.12675988391816817,0.10830012372703592,0.0330580518525715,2.482019689389752,0.248349619254958,0.6754414033723039,0.34004461359784915,0.22,14,0.24,28,47,4
507,局部扰动,3.6282034869004303,3.093400205810599,-2.8194369712086313,0.9305630287913687,2.2056939501531656,4.008194106858535,3.2078597702627487,4.332851808722978,3.3059334135911596,111.24056302879137,114.06,111.24056302879137,110.31,6.977014074022207,3.705693950153166,10000.0,10000.0,-0.05,-0.2461686932579532,1494.8913104384985,666.0876223010254,3,7,7,241.5012333954537,26,58000.0,250.0,430.0,21,0.1316863272514951,0.11798364910336888,0.025378290387956054,2.5898123460740115,0.24211724497905546,0.6680651295647873,0.34011239251923625,0.21255667832515654,14,0.24,27,46,4
508,局部扰动,3.4768997997072084,2.8591045542454956,-3.566609554177603,0.18339044582239694,2.815572167827482,3.332062642740936,3.157187976551185,4.524662425710066,2.7587445897973346,110.4933904458224,114.06,110.4933904458224,110.31,6.676572497300689,4.315572167827483,10000.0,10000.0,-0.05,-0.24707146522857892,1509.968428929966,654.440559449636,3,7,8,235.46667415752813,26,58000.0,259.90372205963297,430.0,21,0.12455815970357993,0.11561716418076577,0.026246626279799182,2.431187713093508,0.24932809985489107,0.6615081856924097,0.3310547696935043,0.22,14,0.24,26,46,4
509,局部扰动,3.592067550699758,3.0137831290163337,-3.5012178768548097,0.24878212314519033,2.6000296779374654,3.3831165738807516,3.1330002968815736,4.605276875072695,2.9971654583271428,110.55878212314519,114.06,110.55878212314519,110.31,6.8215551349795716,4.100029677937465,10000.0,10000.0,-0.05,-0.2396731497246486,1486.795953567896,690.2071816665331,3,7,7,236.86787834803826,26,58000.0,254.6821321736034,430.0,21,0.12181901574837789,0.11811171187783633,0.028455516230950995,2.4933015333321373,0.24622697264525262,0.6481066345377879,0.33388532863738557,0.22,15,0.2337800772783395,27,45,4
510,局部扰动,3.7559964000784345,3.210993639597523,-2.2155583648038117,1.5344416351961883,1.765413257385195,4.265540441939259,3.2643971727784686,4.298959237687986,3.605495321233532,111.84444163519619,114.06,111.84444163519619,110.31,7.1719196770731,3.2654132573851955,10000.0,10000.0,-0.05,-0.25,1504.87734781414,673.0617627124969,3,7,9,238.9724163252516,26,58000.0,250.0,430.0,21,0.1272816969124843,0.11492331619744502,0.02634251749379825,2.586233039392199,0.2476755872740755,0.6612229539863053,0.342836224139511,0.2192467206721705,14,0.24,27,45,4
511,局部扰动,3.9267303101547375,3.1326873743990595,-5.576580752254046,-1.8265807522540456,4.505395979386531,2.5326785304232144,3.192953715316004,5.449823266895567,2.938506132004943,108.48341924774596,114.06,108.48341924774596,110.31,8.196447522679494,7.4666605811897675,10000.0,10000.0,-0.05,-0.24810045217984616,1470.518028505415,681.0829953759023,3,7,9,237.08508833272867,26,58000.0,250.0,430.0,21,0.12556971446734275,0.11366589884842379,0.027849652183410095,2.3371219046599196,0.2376998220385511,0.6798439430577795,0.35294984459672984,0.22,14,0.2363043233126972,27,46,4
512,局部扰动,3.6009908324379243,3.0918566168845634,-2.7165366659345693,1.0334633340654307,2.1183410100430486,3.8088133607622803,3.1684009400204087,4.368852609690632,3.228191115389971,111.34346333406543,114.06,111.34346333406543,110.31,6.891546382320383,3.6183410100430486,10000.0,10000.0,-0.05,-0.24060143417753102,1498.612279994838,688.3167895827086,3,7,8,239.1801772828165,25,58000.0,278.013767848081,430.0,21,0.11976241111854971,0.11757146103544973,0.029183140167650376,2.4421210655665955,0.25972980420270436,0.6538345756588515,0.3560620276500215,0.21151307233735114,14,0.2396161718374319,27,46,4
513,局部扰动,3.69185977029153,3.1547215471197094,-2.4639047540502617,1.2860952459497383,1.9725503749795963,4.078025971943842,3.231522324563053,4.30348973296192,3.4697445885231457,111.59609524594974,114.06,111.59609524594974,110.31,7.064847236623012,3.4725503749795967,10000.0,10000.0,-0.05,-0.24280877212007054,1511.5006774091396,672.9155259592065,3,7,7,246.3196672834868,26,58000.0,266.0947003755319,430.0,21,0.12087758751113274,0.10908772571139684,0.024365314425562983,2.504643966101908,0.25364953143990515,0.7181725975721784,0.3490448497015234,0.22,14,0.23643425195957252,27,46,4
514,局部扰动,3.633591421468545,3.0110008695009647,-4.980817235996511,-1.2308172359965113,3.9389321340129944,2.874071635708027,3.128295215337721,4.904088584370229,2.7859140257095727,109.07918276400349,114.06,109.07918276400349,110.31,7.5109824727890455,6.4235859228102035,10000.0,10000.0,-0.05,-0.23896215092394177,1480.7214871582657,673.8115379183128,3,7,7,241.08882768275737,26,58000.0,250.0,430.0,21,0.1257571123297123,0.11159825635402232,0.031819221198399104,2.4517278147429877,0.23015447815704582,0.6688365491510628,0.35595907891061834,0.21298710847907507,14,0.24,27,46,4
515,局部扰动,3.6230818089976764,3.096630058912366,-2.835814099570584,0.9141859004294162,2.1541637162153644,4.156862738082888,3.289728951810771,4.283416352288228,3.2944147623691373,111.22418590042942,114.06,111.22418590042942,110.31,6.991923048024697,3.6541637162153644,10000.0,10000.0,-0.05,-0.242559060990186,1516.5950950926147,674.9824391955593,3,7,7,225.8420613790803,27,58000.0,261.0880850137403,430.0,21,0.12470344773686803,0.11278624750568965,0.02954614196930298,2.5293001076148105,0.24217214428232858,0.6538875868316121,0.3598198412821993,0.20668705906233725,13,0.24,27,46,4
516,局部扰动,3.4966928360185467,2.8437865185483973,-4.110479850467016,-0.3604798504670157,3.234856064826747,3.1073721743193103,3.139600189644055,4.649224405987673,2.6849987795965538,109.94952014953299,114.06,109.94952014953299,110.31,6.8714229016333785,5.023239945200359,10000.0,10000.0,-0.05,-0.24686804030049506,1489.548913000569,661.5924193931072,3,7,9,241.92304190223234,26,58000.0,260.97388832138427,430.0,21,0.1162146675949133,0.11733470560980892,0.02912221624501801,2.4712455430877682,0.24025596964091678,0.6378363785762204,0.3384198778936598,0.22,14,0.23867488048285274,26,46,4
517,局部扰动,3.563645518962012,2.99755908963731,-3.197370223037325,0.5526297769626751,2.348633372400731,3.625628563175487,3.1434821400148953,4.394504636114799,3.1253229786271164,110.86262977696268,114.06,110.86262977696268,110.31,6.813301704330288,3.8486333724007316,10000.0,10000.0,-0.05,-0.23863187618694723,1481.4635447754124,679.7505370533663,3,7,8,237.44429727854188,26,58000.0,260.9867034273858,430.0,21,0.12482089605772448,0.11239916512799412,0.029006227949810996,2.4812624462291697,0.2530122922695766,0.6317641435215897,0.34353552898983025,0.22,15,0.2287266483891971,27,45,4
518,局部扰动,3.4749308226626137,2.912992609147794,-3.9173012430754284,-0.16730124307542837,3.311167565952819,3.4816804888322364,3.124224024405418,4.357703419625558,2.9458121494448197,110.14269875692457,114.06,110.14269875692457,110.31,6.851671485113068,4.945008560413162,10000.0,10000.0,-0.05,-0.24404232647758434,1483.4938900157165,659.5297801878302,3,7,9,229.22234591273238,27,58000.0,251.79254825547238,430.0,21,0.13059718321271035,0.11453930800304506,0.03242235612898081,2.4503617968363853,0.2536854825071212,0.6983232740825173,0.33446107607794173,0.21766796794019766,14,0.23773187768655607,27,46,5
519,局部扰动,3.4862716492494212,2.8741424747003683,-4.464770592927849,-0.7147705929278487,3.5659046573537916,3.1650071804036615,3.1339931375517747,4.534696154209765,2.787373988320388,109.59522940707215,114.06,109.59522940707215,110.31,7.084475440051736,5.637721131696071,10000.0,10000.0,-0.05,-0.24828264941443118,1496.1026696799925,674.5289232885542,3,7,8,236.4521719661403,26,58000.0,256.6681603933131,430.0,21,0.1285624568525588,0.1156970148576075,0.029071932468499748,2.424279093096668,0.23967792147527914,0.664181518033392,0.32898297307573154,0.2038862409288696,14,0.24,27,46,4
520,局部扰动,3.7156835896777087,3.154715221119313,-2.289843433197177,1.460156566802823,1.8329858003791106,4.137646502247658,3.197102571152228,4.405612939048959,3.4566839343264464,111.77015656680283,114.06,111.77015656680283,110.31,7.092944627882197,3.332985800379111,10000.0,10000.0,-0.05,-0.24634541118697423,1500.8390121810546,655.4064268280649,3,7,7,223.9874403919821,26,58000.0,250.0,430.0,21,0.12640809080891122,0.11335062208301368,0.0280453726996216,2.577855655210748,0.24940078950957556,0.6866955872654349,0.3263351175005979,0.2172827476787301,14,0.24,26,45,4
521,局部扰动,3.7170322464718626,3.188405165271839,-2.603641208430574,1.1463587915694262,2.071252212812146,4.146416514292799,3.1548496752685984,4.267276531534349,3.5931959114494427,111.45635879156943,114.06,111.45635879156943,110.31,7.118823399422114,3.571252212812146,10000.0,10000.0,-0.05,-0.25,1485.679765856525,664.074604569878,3,7,8,230.9691928690828,26,58000.0,250.0,430.0,21,0.12126059075209591,0.11797200306756976,0.029495577052201266,2.501047226467613,0.2562427966554603,0.6867425563617735,0.3388901181843366,0.21723286539177072,13,0.24,28,46,4
522,局部扰动,3.4659529406130494,2.878457034220808,-3.612934669150931,0.1370653308490688,2.8363626965934263,3.4476571316715385,3.1385999402102835,4.477509192992622,2.790784364251804,110.44706533084907,114.06,110.44706533084907,110.31,6.685113176895067,4.336362696593426,10000.0,10000.0,-0.05,-0.24429962849984568,1508.8765044395461,685.5414036370835,3,7,8,247.68454475760316,26,58000.0,250.0,430.0,21,0.11598622062082559,0.11271705007839229,0.031953444848237665,2.525666440731653,0.23729471305150857,0.6433410106764161,0.33127967577707473,0.22,14,0.24,26,46,4
523,局部扰动,3.505677689379943,2.874810016036716,-4.419285982042538,-0.6692859820425383,3.4864646557270818,3.058323989341687,3.127465161264084,4.6073123629278925,2.765051417976996,109.64071401795746,114.06,109.64071401795746,110.31,7.056206955878547,5.5218934413611125,10000.0,10000.0,-0.05,-0.24703169684987952,1474.8737492003654,666.9183656496251,3,7,8,229.2158712407884,27,58000.0,253.4657299433645,430.0,21,0.12575671393014387,0.11229051642179654,0.02920525211990737,2.4373493284870538,0.2425615797512839,0.6382091731131182,0.33932845954843743,0.22,14,0.23328869134512004,27,46,4
524,局部扰动,3.6593515015008915,3.0443318414768283,-4.632097406301995,-0.8820974063019946,3.4570329515265494,3.126155913251068,3.161598938883011,4.837387524515275,2.914839027689521,109.42790259369801,114.06,109.42790259369801,110.31,7.3721077420428704,5.662710876568145,10000.0,10000.0,-0.05,-0.24645348082376412,1477.3519846843358,678.6973082777953,3,7,8,237.02391047415313,26,58000.0,250.0,430.0,21,0.12123340344784136,0.11638985691526252,0.025834739139973327,2.500629811111911,0.22803857190715507,0.6457759987889562,0.3477978844543135,0.21672579681583184,14,0.2236769418145437,27,45,4
525,局部扰动,3.4401348984373,2.8557783173544227,-3.8908496392301544,-0.14084963923015437,3.0746224127846,3.3721464223137985,3.115819341194036,4.322161357230074,2.89549369494604,110.16915036076985,114.06,110.16915036076985,110.31,6.735443502926224,4.687302124168723,10000.0,10000.0,-0.05,-0.25,1510.9563476653484,661.4700758949713,3,7,9,230.9465068110581,26,58000.0,259.1506026769637,430.0,21,0.1280673917290301,0.1162969627678478,0.030752979461998446,2.37880998836666,0.25060363799853946,0.6909463772211754,0.33278128176530386,0.21463773232834085,14,0.24,28,46,4
526,局部扰动,3.551340179993126,2.9148336576851475,-4.183961618923945,-0.433961618923945,3.134185441008021,3.1237904860757357,3.117788388293848,4.705868133240091,2.7876719097563964,109.87603838107606,114.06,109.87603838107606,110.31,6.969652738493961,4.9813547361471775,10000.0,10000.0,-0.05,-0.25,1486.9499650471957,651.9410242142955,3,7,7,233.16296348121855,27,58000.0,260.71703947859464,430.0,21,0.12983632182098556,0.12,0.031222974894581076,2.3788485687404144,0.24663137811172742,0.6778942623879118,0.3370778925697767,0.21016315273961073,13,0.23678266229454473,26,45,4
527,局部扰动,3.620613288790845,2.9543991003087453,-4.276862536596852,-0.5268625365968518,3.38054101988317,2.90530408176316,3.1644874917254127,4.905954592255445,2.7246267424976702,109.78313746340315,114.06,109.78313746340315,110.31,7.0966231816865575,5.302031049160652,10000.0,10000.0,-0.05,-0.25,1493.5255513983225,690.6786507247851,4,7,8,244.83103653079726,26,58000.0,258.30455628704544,430.0,21,0.12014663820948474,0.11276799766480829,0.028893430455771477,2.322793090629512,0.25426402706503076,0.6789596116765948,0.3421854495590418,0.22,14,0.24,27,46,4
528,局部扰动,3.4775225137177257,2.9227766481868005,-3.503388569398581,0.2466114306014191,2.685748100634753,3.6352807131317944,3.179002825370606,4.313467448908039,2.96515334604759,110.55661143060142,114.06,110.55661143060142,110.31,6.729889863908735,4.185748100634754,10000.0,10000.0,-0.05,-0.24647281329794185,1505.5711387344666,678.4445114355252,3,7,8,237.47732448170433,25,58000.0,250.0,430.0,21,0.12080601382153296,0.11246812255922653,0.028479965260095073,2.5260579847268168,0.2382160868761085,0.6616769645180361,0.3467870798470914,0.22,14,0.23466759566695042,27,46,4
529,局部扰动,3.5054846970927556,2.8421031039625326,-4.461216352224412,-0.7112163522244117,3.496166895733008,2.980548815728648,3.1495834420540954,4.678024486070914,2.6705986353730786,109.59878364777559,114.06,109.59878364777559,110.31,7.056476582527004,5.565139977512537,10000.0,10000.0,-0.05,-0.24809391354616395,1480.9575844469382,629.5383023430929,3,7,7,226.12531397596462,26,58000.0,250.0,430.0,21,0.1267788228725554,0.12,0.02887266108647357,2.46166030816532,0.2388104580509567,0.6574250450891109,0.36343217833575586,0.22,15,0.24,27,46,4
530,局部扰动,3.7766518322796587,3.1608415823227585,-5.0476083011533746,-1.2976083011533746,4.175816050771576,2.95284314970039,3.1634984667670403,5.0012359549332395,3.0538387532319797,109.01239169884663,114.06,109.01239169884663,110.31,7.797918848546273,6.713902691694275,10000.0,10000.0,-0.05,-0.24186370067017393,1473.1655676899682,677.4896413909598,4,7,8,236.29504094835866,26,58000.0,250.0,430.0,21,0.12534639039736092,0.11689281264245693,0.029511966608289922,2.397013314291114,0.240259787430847,0.6552369719558211,0.33857439499009906,0.22,14,0.22589042296087586,27,47,4
531,局部扰动,3.4805956809143064,2.8396009255695276,-3.7324644663411846,0.01753553365881544,2.9496049398583324,3.1715127305964197,3.124511532483348,4.603232416960043,2.7011845061133903,110.32753553365882,114.06,110.32753553365882,110.31,6.65832797511697,4.449604939858332,10000.0,10000.0,-0.05,-0.24288513192587863,1489.7436023077096,684.0672872609255,3,7,9,251.3435010827898,26,58000.0,252.1545588381217,430.0,21,0.13249895512565735,0.11880580886107393,0.0277501750740913,2.411273001408838,0.25320087702451116,0.6407622334873764,0.3336318333198459,0.22,14,0.24,26,46,4
532,局部扰动,3.4528436632222648,2.887982725697068,-3.4644971695566795,0.2855028304433205,2.6911241751397306,3.5586368050747326,3.1630819046016185,4.332069271494944,2.891913633797823,110.59550283044332,114.06,110.59550283044332,110.31,6.681304651144036,4.191124175139731,10000.0,10000.0,-0.05,-0.25,1490.6487974143429,654.4073484601985,3,7,8,245.15100934315467,26,58000.0,254.92083737251096,430.0,21,0.12859867231165636,0.11302689364327799,0.027544360448089104,2.5222262308794994,0.242798434392656,0.6772194020164719,0.34206678173612703,0.22,14,0.24,27,46,4
533,局部扰动,3.436954886935282,2.85653363922344,-3.5759182418423165,0.17408175815768345,2.771052837673205,3.35553140751691,3.1314261692822822,4.396366368216938,2.8024280234717187,110.48408175815769,114.06,110.48408175815769,110.31,6.623084702572006,4.271052837673205,10000.0,10000.0,-0.05,-0.24947763807437517,1488.5247898078694,648.3581490369547,3,7,8,230.80049180145815,26,58000.0,263.58715788801476,430.0,21,0.12575037410113846,0.11547065965696086,0.030032867302502392,2.4139397529428064,0.2540800233306555,0.6556752725547628,0.34995603783712725,0.21587297854232906,14,0.24,27,46,4
534,局部扰动,3.5083569083121993,2.963949369705656,-3.7247551428250603,0.02524485717493974,2.8877849966351357,3.481773772442601,3.152203342647265,4.4585115951563115,2.916270718337775,110.33524485717494,114.06,110.33524485717494,110.31,6.757720701543114,4.387784996635135,10000.0,10000.0,-0.05,-0.25,1500.412708653482,689.169678134518,3,7,7,238.98777832544457,26,58000.0,250.0,430.0,21,0.1269349363117523,0.10998372951018924,0.029091473659103827,2.539609311143607,0.23448534821080305,0.6592893960804845,0.33907941958985266,0.21751336174501434,14,0.24,27,46,4
535,局部扰动,3.491942675039884,2.8958294481536897,-4.3682331300978205,-0.6182331300978205,3.6729721772086505,3.1159312670330355,3.1535880921640578,4.541721436128644,2.7837193418012136,109.69176686990218,114.06,109.69176686990218,110.31,7.056467663150489,5.667558681286907,10000.0,10000.0,-0.05,-0.24859159791948887,1522.8823839516385,651.5463911202343,3,7,8,235.6154428875075,26,58000.0,254.1655775722471,430.0,21,0.12484448064784105,0.11833317572809533,0.026308261655382675,2.3715967947555234,0.24986593730643195,0.6866037512111344,0.3574330476478792,0.22,15,0.24,27,46,5
536,局部扰动,3.478852951688265,2.8618591176657646,-4.331611678999636,-0.5816116789996357,3.443603192053189,3.2345794259044496,3.173311718903157,4.501697971125884,2.779416321834438,109.72838832100037,114.06,109.72838832100037,110.31,7.010639083442564,5.408892535252898,10000.0,10000.0,-0.05,-0.25,1493.497299646792,671.9072002151565,4,7,7,232.31621847293704,27,58000.0,253.31926467356215,430.0,21,0.12596187285407545,0.11227999717406116,0.02614221021670912,2.4618517075286994,0.2376470850669353,0.6386443768562139,0.33084306054259466,0.21062065239957287,14,0.24,27,46,4
537,局部扰动,3.644853446779914,3.1164785320331565,-3.643613626303889,0.10638637369611104,2.7521908862282802,3.842605887408484,3.149606217497808,4.308432744825753,3.3954556130162383,110.41638637369611,114.06,110.41638637369611,110.31,7.01081714395424,4.25219088622828,10000.0,10000.0,-0.05,-0.25,1487.457885998638,685.2664554764465,3,7,8,231.96593674408658,25,58000.0,250.0,430.0,21,0.12611638645853762,0.11537873435945101,0.031165867650145677,2.485797416871998,0.2434853262685178,0.6870329225580365,0.3504505902383186,0.21692032606481923,14,0.22542676308385504,29,46,4
538,局部扰动,3.535778109287702,2.986934728566817,-3.3335379658546316,0.4164620341453684,2.6934670012698216,3.457817468472634,3.145662848144457,4.505653991844492,2.9440775233883936,110.72646203414537,114.06,110.72646203414537,110.31,6.781120380519102,4.193467001269822,10000.0,10000.0,-0.05,-0.25,1501.3155355182726,681.5536758357258,3,7,9,234.69391721555405,27,58000.0,251.03555475251892,430.0,21,0.12312923258657578,0.11531318720468445,0.027855962375993647,2.433586099901549,0.2590042016243785,0.7125617042837609,0.336767664724606,0.22,15,0.24,27,45,5
539,局部扰动,3.5939137241839334,3.0564827637366925,-3.066800862437873,0.6831991375621271,2.5901813666574394,3.6992175242886294,3.1811031496704363,4.4183647661375645,3.158699843938612,110.99319913756213,114.06,110.99319913756213,110.31,6.91296216223852,4.09018136665744,10000.0,10000.0,-0.05,-0.25,1463.454804776173,664.6240205362419,4,7,9,227.58845228796199,26,58000.0,267.223329734312,430.0,21,0.1284112274191364,0.11397812816289832,0.025969414891400693,2.4792473378101656,0.2631469655455095,0.6767081186705067,0.3387282897390603,0.22,15,0.24,27,47,4
540,局部扰动,3.577199467779159,3.017440815543304,-3.6408435548102602,0.10915644518973977,2.6566525907286813,3.4497074393569065,3.146867233950203,4.487730495025622,3.068625566942004,110.41915644518974,114.06,110.41915644518974,110.31,6.820606847258852,4.156652590728681,10000.0,10000.0,-0.05,-0.25,1485.4850884612702,673.2282809659497,3,7,8,246.88383010096416,26,58000.0,250.0,430.0,21,0.12662440146561038,0.10568107141614323,0.025912467440150917,2.3825744745733606,0.25326289298750954,0.6808199359960587,0.3481315540880493,0.21550648352520144,13,0.24,28,45,4
541,局部扰动,3.5787463841464353,2.9524867475781287,-4.4665936274944045,-0.7165936274944045,3.5243565793521094,3.0091640289718122,3.160119364039129,4.7725964628787585,2.7637466380364133,109.5934063725056,114.06,109.5934063725056,110.31,7.170916822713361,5.597631481347633,10000.0,10000.0,-0.05,-0.25,1488.8021758664631,675.6482588943272,3,7,7,241.90136636706612,25,58000.0,262.7193662441614,430.0,21,0.12214163544585535,0.1121052431606065,0.026170219672540164,2.4689468460217006,0.23486814917940815,0.6971925868674308,0.34143962325775823,0.22,14,0.24,27,46,4
542,局部扰动,3.568038402561338,3.0498171283281814,-3.3292673466815614,0.42073265331843857,2.540385746596459,3.766904304256859,3.21729909817471,4.365288663455196,3.124250233611666,110.73073265331844,114.06,110.73073265331844,110.31,6.870451245428653,4.040385746596459,10000.0,10000.0,-0.05,-0.24671055378228168,1490.8952513131505,668.7776167526442,3,7,8,245.15211190828296,26,58000.0,267.64277807378767,430.0,21,0.12506146390213488,0.10875138005398782,0.03155607716469676,2.586009386974734,0.23592094438421837,0.6922064212866481,0.34514305711922993,0.22,14,0.23482074089314467,27,46,4
543,局部扰动,3.6253125524129257,3.0249737193192066,-4.464471570373604,-0.714471570373604,3.3220259314113556,3.1286046174590925,3.1224919204600865,4.802480589253455,2.8820462278974355,109.5955284296264,114.06,109.5955284296264,110.31,7.228042502122551,5.393603187710239,10000.0,10000.0,-0.05,-0.24422151269774062,1470.2824166072994,692.7552367786151,3,7,9,244.34776883777633,26,58000.0,259.5094216585279,430.0,21,0.13314182999019136,0.11401783840717335,0.028974508737486023,2.5055789703189575,0.23144405214592798,0.6785622409733288,0.34911949400215164,0.22,14,0.2281778024793242,27,45,4
544,局部扰动,3.6055788470987458,2.9454397811937887,-4.4244731334842555,-0.6744731334842555,3.48196962238978,2.869219402741798,3.1313265521029297,4.915047965675737,2.6898763384414828,109.63552686651575,114.06,109.63552686651575,110.31,7.147589376071559,5.521548129177184,10000.0,10000.0,-0.05,-0.25,1515.686007857968,700.0,3,7,7,240.86859180156011,25,58000.0,250.0,430.0,21,0.13039309160051238,0.11266268540876996,0.02604292558559738,2.353210517813771,0.24544056384074073,0.654975945648394,0.3555539503004114,0.22,15,0.24,27,46,4
545,局部扰动,3.5148426799038255,2.9398001374869644,-3.900972826093593,-0.15097282609359297,3.013419869145678,3.2467955053487225,3.1438850993803955,4.587039495712946,2.802994058854003,110.15902717390641,114.06,110.15902717390641,110.31,6.801466504985486,4.634198130020553,10000.0,10000.0,-0.05,-0.24504673748167358,1488.6399970038194,671.8004657052347,3,7,8,233.47254857629633,26,58000.0,250.0,430.0,21,0.12718400519715853,0.11856540862078473,0.029146783992588302,2.49115038301014,0.23970119449514624,0.6816301418975859,0.3502199158887981,0.22,14,0.24,27,46,4
546,局部扰动,3.571450868506604,2.9779539026708397,-3.708038380899069,0.0419616191009311,2.915534288383888,3.2327574690339,3.132810200602579,4.650303148511163,2.8952181559177177,110.35196161910093,114.06,110.35196161910093,110.31,6.7978883071041745,4.415534288383888,10000.0,10000.0,-0.05,-0.25,1485.8779491098226,653.9650396009097,3,7,7,245.6853407578307,25,58000.0,250.0,430.0,21,0.12839693048885936,0.11380513943943493,0.03011412023868519,2.327432401082893,0.26208251851791076,0.6943549298365518,0.33049023590188853,0.2173535346232694,13,0.24,27,46,4
547,局部扰动,3.464112510985389,2.8986164691044287,-3.322016003746711,0.427983996253289,2.5854297029152913,3.631070412121075,3.2136824859795503,4.338628252448632,2.8856495066050383,110.73798399625329,114.06,110.73798399625329,110.31,6.702613040217431,4.085429702915292,10000.0,10000.0,-0.05,-0.24218661933846147,1495.6138938447107,656.8891278195064,3,7,7,240.0248024659173,25,58000.0,250.0,430.0,21,0.11985121276861702,0.11097288794020607,0.024847286997306622,2.5745296954150376,0.23932627622419803,0.6454590395022075,0.34559411275132806,0.22,15,0.24,27,46,4
548,局部扰动,3.4494190269462544,2.8537671605341357,-4.426302817281822,-0.6763028172818224,3.446285472773464,3.2058820721746533,3.135897657615615,4.396771561145197,2.8327659133546517,109.63369718271818,114.06,109.63369718271818,110.31,7.011575059285667,5.487327726598922,10000.0,10000.0,-0.05,-0.25,1500.5920406351852,665.021299312469,3,7,7,230.84480563590017,25,58000.0,250.0,430.0,21,0.12214308320473523,0.11592129663156137,0.02776907691127932,2.404064303741906,0.24021934193490949,0.6618407686713093,0.3543341254357852,0.21022116999195445,14,0.2351127052559355,28,46,4
549,局部扰动,3.6201556205799483,3.0874832073638045,-2.978671679644293,0.7713283203557069,2.3464156653261377,3.701269007289812,3.110883027646813,4.4340634152773015,3.2451270902799387,111.08132832035571,114.06,111.08132832035571,110.31,6.916429257110103,3.8464156653261377,10000.0,10000.0,-0.05,-0.24511077864712771,1486.8960937956342,700.0,3,7,10,235.9928704705073,25,58000.0,250.0,430.0,21,0.12506423407890307,0.11857702840924886,0.030839479884789432,2.4333963201660374,0.26103611782833147,0.6553762092387317,0.3301649127820004,0.21983574150898808,14,0.23258120633533463,27,46,4
550,局部扰动,3.489608651389292,2.9192521390964825,-3.0642646755539857,0.6857353244460143,2.3862360297863687,3.6215423877797575,3.1976931291578743,4.441501638594549,2.857772881802778,110.99573532444602,114.06,110.99573532444602,110.31,6.714810942734696,3.8862360297863687,10000.0,10000.0,-0.05,-0.2394991592660143,1481.6894799679244,655.9791657576346,3,7,10,239.62680859088456,27,58000.0,250.0,430.0,21,0.12579295326851372,0.11642749873289342,0.026260026811806076,2.5284615039401603,0.2506427228395371,0.6641081103286286,0.35107915187538136,0.21075313822800498,15,0.24,26,46,4
551,局部扰动,3.6325053525044084,3.0373525860854884,-4.007135596255651,-0.25713559625565097,3.0746134226539805,3.260921807014284,3.157634794768539,4.719977710579969,2.9713111547814273,110.05286440374435,114.06,110.05286440374435,110.31,7.026523817982597,4.780321899658501,10000.0,10000.0,-0.05,-0.2450813871399621,1484.6211463197083,700.0,3,7,8,245.89288809717,25,58000.0,260.65431062718335,430.0,21,0.1293157231999216,0.11275519659993634,0.02517805408093893,2.352858336036456,0.2549850737846549,0.6367572199729135,0.34614462183281763,0.2152744089694428,14,0.22256502002177114,27,46,4
552,局部扰动,3.4481222827288187,2.8461542125505703,-4.070014649047792,-0.320014649047792,3.166937454891748,3.364886414540824,3.155897203305094,4.387583833468732,2.8271652422759814,109.98998535095221,114.06,109.98998535095221,110.31,6.836956515673972,4.9229491741299825,10000.0,10000.0,-0.05,-0.24830620469272263,1496.2930250100956,642.8491658289878,3,7,8,238.44815286694276,26,58000.0,250.0,430.0,21,0.12339152622642241,0.11091237024841061,0.026550557371930603,2.4962245964118748,0.2344253380708144,0.6663779241761701,0.3400854095609037,0.22,13,0.23984488444808258,27,46,4
553,局部扰动,3.530776922026466,2.850266791496487,-4.285856220265146,-0.5358562202651456,3.4162762295787594,2.915685232526408,3.1710027732313373,4.7270061535415575,2.6728055176461143,109.77414377973486,114.06,109.77414377973486,110.31,6.988043061826398,5.3449612057908755,10000.0,10000.0,-0.05,-0.25,1475.7430346964009,660.0776845080202,3,7,8,238.37719991166173,26,58000.0,250.0,430.0,21,0.11821760806202586,0.11272671800900197,0.02774582214802623,2.3471345982753995,0.25693634373142915,0.667935056847842,0.34351047993313555,0.21481698705558097,15,0.24,27,46,4
554,局部扰动,3.6050954744624404,3.0037460167093335,-4.884978053942646,-1.1349780539426462,4.036153189801537,2.8805243081422334,3.1216520497798306,4.741794955981343,2.8939371525138378,109.17502194605736,114.06,109.17502194605736,110.31,7.454275280816296,6.444135632955653,10000.0,10000.0,-0.05,-0.24863164495445034,1506.1747344119967,681.1323060168216,3,7,7,238.54715483872482,26,58000.0,262.7528760840047,430.0,21,0.12494652569233597,0.11672685397518617,0.03182369119626789,2.338800670116342,0.24309427326085958,0.6573611625915448,0.36048367136600734,0.22,14,0.24,27,47,4
555,局部扰动,3.6244469542783895,3.106239500797156,-2.6899640745743483,1.0600359254256517,2.043938155138748,4.1008675797923635,3.3628908159192763,4.235997748223825,3.2998807003128694,111.37003592542565,114.06,111.37003592542565,110.31,6.978040791936598,3.5439381551387483,10000.0,10000.0,-0.05,-0.24424863436999142,1505.2738787955568,664.063724254625,3,7,8,239.817110431103,25,58000.0,268.53183086856313,430.0,21,0.12125304136173456,0.11215693786755997,0.02586701103189904,2.5841752435401855,0.24135550072066536,0.6509780573928359,0.37268607180714897,0.22,14,0.2351923107044757,27,46,4
556,局部扰动,3.5844968902803527,3.0602103254244626,-3.1507386916034505,0.5992613083965495,2.4356034124001344,3.75683592989394,3.1515693772425744,4.39201531781145,3.175223736653676,110.90926130839655,114.06,110.90926130839655,110.31,6.882801370945255,3.9356034124001344,10000.0,10000.0,-0.05,-0.2389088952915464,1478.6907654328209,675.8998772771728,3,7,8,232.19177759653036,26,58000.0,250.0,430.0,21,0.12180792591313883,0.11466937024388225,0.028148926975227077,2.5245729072098917,0.24850086948325906,0.6435924967738477,0.3393380201852392,0.21213553857618875,14,0.23567990387963295,27,46,4
557,局部扰动,3.5535142902086365,3.009367343129169,-3.8584266433963705,-0.10842664339637054,3.266964248629676,3.47115169719981,3.1529774116838376,4.482350202260175,3.0097375019907684,110.20157335660363,114.06,110.20157335660363,110.31,6.925150286559041,4.8537055633467725,10000.0,10000.0,-0.05,-0.24810710506179046,1475.9270525281304,685.9377369834717,4,7,8,245.00756562995826,26,58000.0,250.0,430.0,21,0.11966965077306965,0.12,0.0307378102321023,2.5074504712081365,0.24917806338154494,0.6844880280028998,0.3305171298305227,0.22,14,0.24,27,46,5
558,局部扰动,3.4481727292562145,2.8330708203364083,-3.86878277214781,-0.11878277214781008,3.00498178074403,3.2369300441192097,3.13915119700825,4.4600691853808705,2.7606690467929123,110.19121722785219,114.06,110.19121722785219,110.31,6.693846526085211,4.600007998462278,10000.0,10000.0,-0.05,-0.24579852593801,1495.879558375562,689.7614970662248,3,7,8,232.15466874048198,26,58000.0,253.18714313694593,430.0,21,0.1191078929744156,0.11703633983906754,0.027358067821045835,2.4155263704616385,0.24835419439106576,0.621795785406982,0.34905801250172763,0.2168558908393046,14,0.23868673145280966,27,46,4
559,局部扰动,3.6352733871904843,3.113712677854519,-2.5900151585634035,1.1599848414365965,2.0426321587880074,3.9662279621514047,3.2350252594655187,4.314578959893735,3.32495774726408,111.4699848414366,114.06,111.4699848414366,110.31,6.968033387098413,3.5426321587880074,10000.0,10000.0,-0.05,-0.2393030901368399,1481.8168906857638,677.4248824232826,3,7,8,233.55274777656916,26,58000.0,250.0,430.0,21,0.12078487123813522,0.11246171330924032,0.027128017796540005,2.5692587814529544,0.2500777291209716,0.6643966173880451,0.35269892914950995,0.22,14,0.24,27,46,4
560,局部扰动,3.5140363312003737,2.890242940940793,-4.217097251478492,-0.4670972514784921,3.37792138772582,3.2490667401607727,3.1789786784918728,4.591726017630037,2.7747889854282337,109.84290274852151,114.06,109.84290274852151,110.31,6.997696896665218,5.251599188908614,10000.0,10000.0,-0.05,-0.24801876686735191,1499.4034053601545,665.83716868922,4,7,9,242.20692402627915,26,58000.0,258.22342778921546,430.0,21,0.12648886834204012,0.11069663200754022,0.025084181814125927,2.4123485305293775,0.24595271415903716,0.645522921721599,0.3382647762350555,0.2178560284570571,13,0.24,26,45,5
561,局部扰动,3.4672601232500657,2.907156851772355,-3.8612792070724,-0.1112792070723998,3.2119163251425786,3.491879225549162,3.191709999132071,4.342349487929041,2.9029208616272144,110.1987207929276,114.06,110.1987207929276,110.31,6.804274369343113,4.800939690800498,10000.0,10000.0,-0.05,-0.2462316899839573,1484.3363539944794,671.4193748158849,4,7,8,240.3464926454472,26,58000.0,250.94372881754094,430.0,21,0.13165710830656532,0.11520033939626836,0.027708635871260663,2.454147963885357,0.25256429832340105,0.6434593427064925,0.35182942278950075,0.22,14,0.23648710330873593,27,46,5
562,局部扰动,3.657963174787252,3.119237864163564,-2.79965202197333,0.9503479780266701,2.156692874372185,4.215263247276735,3.190909461005675,4.140752123001552,3.5420563166915593,111.26034797802667,114.06,111.26034797802667,110.31,7.055101416439572,3.656692874372185,10000.0,10000.0,-0.05,-0.24729571238464604,1512.5022072028733,685.3641121592202,3,7,7,238.9352087790534,27,58000.0,250.11098199382718,430.0,21,0.12032586850365537,0.11416424280307938,0.03046827780347205,2.4918398838399454,0.2489117080383927,0.6590305635436112,0.34664568022987663,0.21720391950290976,13,0.2337687307027075,28,46,4
563,局部扰动,3.498729955109539,2.9245945820581607,-3.635421876458352,0.11457812354164787,2.820527501173561,3.591726823387214,3.159716469484456,4.348032034773876,2.996775043158055,110.42457812354165,114.06,110.42457812354165,110.31,6.764398142951803,4.3205275011735615,10000.0,10000.0,-0.05,-0.23591162688278705,1489.3615034148536,634.35786972543,3,7,8,235.27307285736796,26,58000.0,250.0,430.0,21,0.12791787141375605,0.11707659494558273,0.02607946243506658,2.5196135964133375,0.24113869483543024,0.6652334568588792,0.33348277075367455,0.22,14,0.23079553246981976,27,46,4
564,局部扰动,3.735823913856932,3.1712719109476977,-2.4716523105439165,1.2783476894560835,1.8892205864570486,4.146958079553813,3.2050935618155196,4.393037488026033,3.510607905363071,111.58834768945609,114.06,111.58834768945609,110.31,7.12326198956432,3.389220586457049,10000.0,10000.0,-0.05,-0.2499757007117865,1494.1057309208688,651.2651985177428,4,7,7,238.50294383309154,26,58000.0,256.49489769275493,430.0,21,0.12414772686754963,0.11545321922643394,0.029441160868489052,2.5102623403960638,0.25526373541076436,0.671907971205598,0.33413511676601404,0.2073973902800754,14,0.23192214407598402,26,45,4
565,局部扰动,3.449485523109323,2.8437833330542777,-3.777363203219352,-0.027363203219351817,2.9723734304523837,3.364284848512112,3.1452925000337975,4.412463976062419,2.8111382750573384,110.28263679678065,114.06,110.28263679678065,110.31,6.676161918499935,4.494263993027865,10000.0,10000.0,-0.05,-0.23635358416365043,1506.2650188971938,660.8668672004378,3,7,9,252.63362960916174,26,58000.0,262.0102380034239,430.0,21,0.12414868059491498,0.11231054897348718,0.027324810019326715,2.4488905636444454,0.24467023591843023,0.6424130977470196,0.3339836853676658,0.21974645154965386,14,0.24,27,46,4
566,局部扰动,3.6463421494325066,2.9603143897235413,-5.155472859583355,-1.4054728595833552,4.108926018361852,2.7765531789000377,3.1468038036324866,4.895435352616557,2.821407713538492,108.90452714041665,114.06,108.90452714041665,110.31,7.617845498388115,6.733304306028536,10000.0,10000.0,-0.05,-0.24615799925015175,1490.1529736944103,638.4781703612264,3,7,8,239.29119438394284,26,58000.0,269.9609049708805,430.0,21,0.1233079140466755,0.11698408228966589,0.02988355613497595,2.372084958849979,0.23635231421627168,0.6558205688854216,0.3461364633912399,0.22,14,0.2271823058236176,27,46,4
567,局部扰动,3.497281223872108,2.9410236800066936,-3.4296013349608785,0.3203986650391215,2.6518038460763496,3.6606516388577233,3.1269472220374577,4.317807217650336,3.039898788418814,110.63039866503912,114.06,110.63039866503912,110.31,6.760541343707829,4.15180384607635,10000.0,10000.0,-0.05,-0.25,1513.9984429814294,686.8224004250523,3,7,7,240.22360144407014,26,58000.0,286.30330195456355,430.0,21,0.12200720369263832,0.11303255812036836,0.03066266129102876,2.4605760987955536,0.2458930342515794,0.6379063005125684,0.3375870746337004,0.21619246705942705,14,0.2322298415600369,27,46,4
568,局部扰动,3.5281093940530712,2.8656161641062776,-4.540957606987476,-0.790957606987476,3.664660455394619,3.113227472204008,3.143696533696044,4.684196614943571,2.7315850395544667,109.51904239301253,114.06,109.51904239301253,110.31,7.1751528154599065,5.7974265409846,10000.0,10000.0,-0.05,-0.24593615333170027,1502.6965158353948,643.0472557269358,3,7,10,235.47919553671437,25,58000.0,250.0,430.0,21,0.12458012104989666,0.12,0.029454347685224223,2.4023602508505766,0.24138349044265067,0.648891530799582,0.3272058893672749,0.21868804857303745,14,0.24,27,46,4
569,局部扰动,3.635857181569122,2.9402768775272152,-4.7989905631859955,-1.0489905631859955,3.8137369098577056,2.935690122932286,3.2072150884147765,4.902702785325648,2.74673488575461,109.261009436814,114.06,109.261009436814,110.31,7.425990117893968,6.152929360406502,10000.0,10000.0,-0.05,-0.24992580027742983,1502.672770536115,656.9332741326787,4,7,8,239.02169942337378,26,58000.0,250.0,430.0,21,0.12693785056431406,0.11131924574518656,0.023376968810359583,2.4061686769361863,0.23713934824334434,0.6851435058883387,0.33945925970053653,0.21792830861370593,15,0.2250702486049016,26,46,4
570,局部扰动,3.5370980467044792,2.9987670046793373,-2.865656214965071,0.8843437850349289,2.2825897925742145,3.8854295225291424,3.1599519848950375,4.277497072595287,3.158607893570995,111.19434378503493,114.06,111.19434378503493,110.31,6.834124326639222,3.7825897925742145,10000.0,10000.0,-0.05,-0.25,1541.9128053571874,673.0365482123209,3,7,9,239.78748422198754,26,58000.0,250.0,430.0,21,0.12324767873686499,0.11840143782886436,0.030905827389112912,2.4324091579583147,0.25252066392629957,0.6868033388602293,0.3321225307985805,0.21533085533817636,14,0.24,27,46,4
571,局部扰动,3.9363428568231456,3.32528349556585,-1.8581357079898169,1.8918642920101831,1.878920645228303,4.696620557475911,3.259506015738351,4.337350737458205,3.9792069081072103,112.20186429201019,114.06,112.20186429201019,110.31,7.536045922396449,3.378920645228303,10000.0,10000.0,-0.05,-0.24934227723400174,1478.5181535788747,700.0,3,7,8,233.7704608656469,27,58000.0,250.0,430.0,21,0.12679808584045305,0.11587696406718943,0.02908223926245462,2.5586200603482947,0.2677945575353603,0.6858126566604348,0.34490773970092536,0.21816739528218274,13,0.24,27,46,5
572,局部扰动,3.5476908840566854,2.9243561685624657,-5.083466129879241,-1.3334661298792412,4.0833272565144485,2.893874635920723,3.128941919298078,4.631418906392946,2.8532976737619724,108.97653387012076,114.06,108.97653387012076,110.31,7.475984045805318,6.650100160417842,10000.0,10000.0,-0.05,-0.24866356763264,1507.5679817580626,689.3734118625761,3,7,7,230.81029169211567,26,58000.0,266.16696270040546,430.0,21,0.129013837964997,0.11326959907446865,0.029046388683691613,2.3589970571732835,0.2359702905327571,0.6524435495411981,0.3444045926637527,0.21336014535725054,14,0.24,28,46,4
573,局部扰动,3.63781040718052,3.0033655526245666,-4.983065998530435,-1.233065998530435,4.269668722833913,3.0443679224045117,3.1856065234329325,4.759867723892084,2.9271375670599276,109.07693400146957,114.06,109.07693400146957,110.31,7.6114683127269025,6.756121521658262,10000.0,10000.0,-0.05,-0.24251390005017184,1491.722650171478,678.7121854503415,3,7,8,242.7793900062944,26,58000.0,250.0,430.0,21,0.12683777464622542,0.11336764225142205,0.02465482993888193,2.5133037311329254,0.2320992369884875,0.6490865645949426,0.32557142042669474,0.22,15,0.2348275189457818,26,46,5
574,局部扰动,3.4594531120366767,2.896622208921362,-3.5058336105958148,0.24416638940418522,2.707647876206624,3.5864587921219515,3.2217666950395736,4.33095165236031,2.8763564117887874,110.55416638940419,114.06,110.55416638940419,110.31,6.697441551329799,4.207647876206624,10000.0,10000.0,-0.05,-0.25,1476.5802314698535,649.9584166490646,4,7,10,224.92640279585896,26,58000.0,250.0,430.0,21,0.12712337929792733,0.11543548843488932,0.029672372560107647,2.5466944872055635,0.24177006070695875,0.683432453982939,0.34701219186221816,0.2177150854396828,14,0.24,27,46,4
575,局部扰动,3.5249235878166383,2.900308818545604,-4.455315921565912,-0.7053159215659122,3.337963583275501,3.1139574885967196,3.147102154542341,4.554503372152476,2.8635491180224513,109.60468407843409,114.06,109.60468407843409,110.31,7.093154142407453,5.402216320528231,10000.0,10000.0,-0.05,-0.2457852675844556,1496.4475713008858,666.145208705246,3,7,9,235.96399803417688,26,58000.0,261.1966884922921,430.0,21,0.1248709216304384,0.11648220421824514,0.026847760292487158,2.3759953384714714,0.24253651978492985,0.6640769429722729,0.3513532410973033,0.22,14,0.2301146410854078,28,45,4
576,局部扰动,3.6171247074139683,3.0961660578929076,-2.885992535743071,0.8640074642569289,2.166012645508658,4.0523368744166035,3.307867971895602,4.234662243501963,3.3125317371870158,111.17400746425693,114.06,111.17400746425693,110.31,6.9660069533894715,3.6660126455086575,10000.0,10000.0,-0.05,-0.25,1482.3458750837206,645.4157004545464,3,7,9,236.81212156539297,26,58000.0,250.0,430.0,21,0.12031764081277338,0.12,0.03205851306217542,2.555109645830729,0.2466092521404913,0.6947286852703678,0.3681277319610436,0.21290058450643606,14,0.22917718598333994,27,46,4
577,局部扰动,3.778921923519689,3.224304683240705,-2.29249993444904,1.4575000655509598,1.883576322118385,4.299633675153659,3.1898304358759106,4.346675829686432,3.654456317607244,111.76750006555096,114.06,111.76750006555096,110.31,7.220450325679439,3.383576322118385,10000.0,10000.0,-0.05,-0.25,1490.8325240462084,687.4159581966131,3,7,8,244.77600221565166,26,58000.0,250.0,430.0,21,0.12115274275317507,0.11585002635234486,0.029804679199848326,2.515030749101253,0.25723188531015684,0.6738663698510718,0.3451563320894687,0.20721095286214103,13,0.24,27,46,4
578,局部扰动,3.5473211371427626,2.931352526779879,-4.056945105568602,-0.30694510556860166,3.159609474237941,3.061138339276286,3.1191412339204465,4.727816312755403,2.750666515524279,110.0030548944314,114.06,110.0030548944314,110.31,6.897147635249528,4.905165558692822,10000.0,10000.0,-0.05,-0.25,1471.3832090104856,667.9797317108053,3,7,7,241.69115865072084,26,58000.0,250.0,430.0,21,0.12469686896517046,0.11701786664082844,0.029833608771504,2.4404461519371705,0.24708736923680027,0.6508598129853439,0.34913248538286273,0.22,14,0.24,27,46,4
579,局部扰动,3.5563232019620625,3.0184622658605433,-3.0219784949271116,0.7280215050728884,2.3479319219259667,3.6639690169257997,3.1742137294701305,4.467867501041127,3.019652109207551,111.03802150507289,114.06,111.03802150507289,110.31,6.815015615869956,3.8479319219259667,10000.0,10000.0,-0.05,-0.24558893707875787,1491.6245486608807,691.3327440430523,3,7,9,235.53996377466262,26,58000.0,263.08822771172197,430.0,21,0.12700811715526145,0.11064668129561817,0.027068875600280453,2.5245851943114284,0.24774636760456234,0.678981391585542,0.3428494823872563,0.21540032582842644,14,0.24,26,46,4
580,局部扰动,3.946679500243911,3.358882411444648,-1.8676329008833648,1.8823670991166352,1.699031363228819,4.725168093562128,3.4610574142313926,4.34600494985322,3.905503495148412,112.19236709911664,114.06,112.19236709911664,110.31,7.536020929342117,3.199031363228819,10000.0,10000.0,-0.05,-0.24765715630573668,1522.3069723265223,667.7119711819319,3,7,7,238.74398528461825,26,58000.0,250.0,430.0,21,0.12724507364917834,0.11556728808192034,0.027789008943794977,2.6091544831567024,0.24685922245393044,0.6744071433807672,0.3579229647890555,0.21552389976653577,14,0.23419909501680863,27,46,4
581,局部扰动,3.6329288030773523,3.04710313870204,-4.042565802071252,-0.2925658020712518,3.102645021126534,3.2652219733706467,3.1271733366003085,4.687878901271121,3.0227520849478813,110.01743419792875,114.06,110.01743419792875,110.31,7.049621766220302,4.836697662783536,10000.0,10000.0,-0.05,-0.24147925296070533,1487.9985511974205,666.2408342523095,3,7,7,241.85402197350723,25,58000.0,250.0,430.0,21,0.12357933724820536,0.11794424656790921,0.029112706130489784,2.359873927876686,0.25473551513817716,0.6926954568869985,0.3515138655425068,0.22,15,0.21922041837341877,28,46,4
582,局部扰动,3.4704251334118403,2.921018663947425,-3.3378932077953607,0.4121067922046393,2.574867762362483,3.677687267280034,3.255168746750021,4.331321305220947,2.8852246685608356,110.72210679220464,114.06,110.72210679220464,110.31,6.718963592064316,4.074867762362483,10000.0,10000.0,-0.05,-0.2477535315176951,1509.2021521621045,658.621364861201,3,7,7,236.48061894813281,26,58000.0,250.0,430.0,21,0.12368404774134394,0.11942901975327506,0.030692268184163277,2.567775645053556,0.2365763987801053,0.65426886514161,0.35207250287609965,0.21699115770655594,15,0.24,27,46,4
583,局部扰动,3.790678856153497,3.2392579084631623,-2.3612032981304054,1.3887967018695946,1.9056432034941775,4.358789566043463,3.280340275942835,4.222147627890274,3.7355878028766094,111.6987967018696,114.06,111.6987967018696,110.31,7.25325164663669,3.4056432034941775,10000.0,10000.0,-0.05,-0.2429323725470508,1495.176987355819,678.5716802105367,3,7,8,240.2938640408523,25,58000.0,250.0,430.0,21,0.1181505209997511,0.11239339951987928,0.02923672944207675,2.5849317611095968,0.2485504839226845,0.6597067529325623,0.35117277404750075,0.22,14,0.23594014806392888,28,46,4
584,局部扰动,3.454042753611672,2.887001491614595,-3.374431337592526,0.3755686624074741,2.6148058455471275,3.521493693093884,3.167659805502312,4.26082400781401,2.962137818555988,110.68556866240748,114.06,110.68556866240748,110.31,6.673513793259049,4.114805845547128,10000.0,10000.0,-0.05,-0.2441772392527279,1503.753577238847,663.9945895051804,3,7,8,240.65373215536954,26,58000.0,255.6526590407292,430.0,21,0.12457512045443929,0.11531216543360985,0.024261939335903086,2.4083299322799916,0.25655580087504976,0.6301559554738199,0.35208957737971325,0.22,15,0.23515124605596682,28,46,4
585,局部扰动,3.559036024577334,3.0100372315778765,-4.7379477131860455,-0.9879477131860455,3.980954699093622,3.2500418680713166,3.151546686480071,4.42232228683215,3.0831193859368606,109.32205228681396,114.06,109.32205228681396,110.31,7.399589002894036,6.2713128696424585,10000.0,10000.0,-0.05,-0.24956678954416373,1499.8091437333564,645.4335155299342,3,7,7,239.4629489624377,27,58000.0,253.32012151704754,430.0,21,0.12403354314668384,0.11252895972875734,0.02794252203919719,2.4435651936539178,0.23581286943964486,0.6528228396934485,0.3291530093168993,0.2184995052701621,14,0.23998099388932514,28,47,4
586,局部扰动,3.5924263090590873,3.0283857095445716,-4.459655827661862,-0.7096558276618623,3.7643246232242977,3.1005803977616395,3.1402639332771005,4.702370983282649,2.8917641573630637,109.60034417233814,114.06,109.60034417233814,110.31,7.246158334900186,5.832049285353787,10000.0,10000.0,-0.05,-0.25,1479.3763000876681,684.8259960305438,4,7,7,242.9981906821061,26,58000.0,250.0,430.0,21,0.13179131600615204,0.11455008243367501,0.029480752294803455,2.4117183449116637,0.25055749059780846,0.6620426746512503,0.34158710588574714,0.22,14,0.24,27,46,5
587,局部扰动,3.7375796715806118,3.18285706328524,-2.1478053654620055,1.6021946345379945,1.8678522034372562,4.36926850766355,3.2454812174482304,4.286215067925832,3.58256024895257,111.912194634538,114.06,111.912194634538,110.31,7.18299996425889,3.3678522034372564,10000.0,10000.0,-0.05,-0.25,1502.853581936539,657.9578534752551,3,7,8,248.34242995569656,27,58000.0,252.45569963945488,430.0,21,0.13145254060188472,0.1141575350391346,0.027040645979994553,2.5859371929503117,0.2517849336789441,0.6392424900435945,0.33281821880322476,0.22,14,0.24,27,46,4
588,局部扰动,3.500891031238109,2.950260812916207,-3.4983570431738826,0.25164295682611737,2.6628685714171763,3.6371107875682887,3.158449363772741,4.316082317119898,3.033567681216184,110.56164295682612,114.06,110.56164295682612,110.31,6.760569390880313,4.162868571417176,10000.0,10000.0,-0.05,-0.24367147246644164,1496.317654628398,685.4973996506837,3,7,9,235.47996053749972,26,58000.0,273.3478634597202,430.0,21,0.12697596527022714,0.1124780135926178,0.028197915068014952,2.4908626447696545,0.24404765118479582,0.662011141056769,0.34938097849280764,0.22,14,0.22857329364807277,27,46,4
589,局部扰动,3.614194406731006,3.0023695659375673,-4.160536044921585,-0.41053604492158513,3.2316266361689276,3.141052514612828,3.147179375265497,4.762952931211702,2.8811228686837818,109.89946395507842,114.06,109.89946395507842,110.31,7.066887068141712,5.060055472106196,10000.0,10000.0,-0.05,-0.25,1494.3046914253316,666.8726321186301,3,7,7,238.3121322749775,26,58000.0,252.4971103104115,430.0,21,0.12161456493505289,0.1097156668008271,0.027780253056227566,2.3714879246425085,0.2493733321854456,0.6781360432104735,0.3412499008597412,0.22,14,0.22740050662703132,27,46,4
590,局部扰动,3.7188908487125647,3.162737436502392,-2.4296550437259583,1.3203449562740417,1.836111221799166,4.1440600081135335,3.197073942816005,4.252747745473802,3.5893405249587347,111.63034495627404,114.06,111.63034495627404,110.31,7.096315478343927,3.3361112217991664,10000.0,10000.0,-0.05,-0.25,1499.9204072810169,670.9915348266155,3,7,8,230.85299613224325,26,58000.0,250.0,430.0,21,0.12631671649035378,0.11297147773975211,0.02443749169174316,2.4782507663203974,0.25638190482443135,0.676781577721124,0.34876154081758687,0.2161004229263064,13,0.23656436234597392,27,45,4
591,局部扰动,3.460649125870668,2.8427815413924566,-4.12796363750941,-0.37796363750941,3.253619609273914,3.2533579223375892,3.1606488526672614,4.475603192875972,2.7652538082101494,109.93203636249059,114.06,109.93203636249059,110.31,6.86847606110477,5.055990519281442,10000.0,10000.0,-0.05,-0.24525486699461235,1515.5168753802716,679.7484478592424,4,7,8,224.1009737462519,26,58000.0,270.09298918582635,430.0,21,0.11913450965481855,0.11784918371827714,0.028854545846169182,2.4388112755431943,0.23879359909916034,0.6819052258689149,0.33661346701720574,0.21587047065082388,14,0.24,27,46,4
592,局部扰动,3.763569050070973,3.167420378250371,-4.92093181331542,-1.1709318133154198,4.115147492882592,3.068826605631697,3.2598790177675405,4.88413232754124,3.0914889935159713,109.13906818668458,114.06,109.13906818668458,110.31,7.743898659278935,6.551892943534927,10000.0,10000.0,-0.05,-0.25,1499.741057619375,699.8510671548802,3,7,8,230.9839988598532,26,58000.0,250.0,430.0,21,0.12676456324939256,0.11521648589772343,0.025568409861999306,2.332930680927957,0.2454530143547487,0.6649133286738509,0.3255311253536379,0.2073091526100671,14,0.2304364419956863,27,47,4
593,局部扰动,3.4643954546426445,2.843282494892189,-4.27803250933745,-0.52803250933745,3.3520700778808705,3.186240258616894,3.177143303275207,4.512678922715353,2.7251668340764303,109.78196749066255,114.06,109.78196749066255,110.31,6.941652539330294,5.2744960853508305,10000.0,10000.0,-0.05,-0.24901305598915857,1498.5570106908945,664.5442079391381,4,7,10,242.62874451965922,27,58000.0,250.0,430.0,21,0.12114094781201727,0.11171524282720682,0.028716327723071675,2.4670936414923776,0.2360352419423244,0.6685218889592233,0.34745892286719954,0.22,14,0.24,27,46,4
594,局部扰动,3.583279495697721,3.0152638322950716,-2.877364297980421,0.8726357020195792,2.146203038736383,3.7568109853065206,3.1433046480519597,4.324283219679826,3.237864295562564,111.18263570201958,114.06,111.18263570201958,110.31,6.8539938312934074,3.646203038736383,10000.0,10000.0,-0.05,-0.24425057005119524,1500.985522934671,673.1296153057128,3,7,8,237.8224035559701,26,58000.0,264.6018764473638,430.0,21,0.12257277297387448,0.11528930192243983,0.0278256584045543,2.4441033631444045,0.2567219862771943,0.6560776303981504,0.3351052394680727,0.21942070325132407,14,0.23532785405136797,27,45,4
595,局部扰动,3.7016653148068284,3.1257397689839768,-5.708497761439247,-1.9584977614392471,4.989727548938445,3.0864468520900035,3.155242009486091,4.48721514071007,3.3728928599722634,108.35150223856076,114.06,108.35150223856076,110.31,8.161224445990005,8.056525758089842,10000.0,10000.0,-0.05,-0.2489452148645494,1474.4916998539384,646.4723905126275,3,7,9,236.39012264843606,26,58000.0,250.0,430.0,21,0.12284171896028659,0.11488012100314461,0.031432140391038775,2.4482098933887144,0.23057735835051443,0.6610089466028877,0.37279448699042084,0.2060221024011847,14,0.24,28,47,5
596,局部扰动,3.6801164302303224,3.0160679823916103,-5.026866839640903,-1.2768668396409026,3.988338974449804,2.777943682455391,3.1475536131589856,4.963096965534979,2.838167980257241,109.0331331603591,114.06,109.0331331603591,110.31,7.587135522967749,6.509832446162526,10000.0,10000.0,-0.05,-0.2459196662303517,1471.1040315477655,686.9515239462405,3,7,7,234.47184792472382,26,58000.0,262.99919640029196,430.0,21,0.1245414810251014,0.1149078327069881,0.029672609749192173,2.329812041161488,0.2456943224939422,0.6487661607987322,0.3558468543942237,0.20970346130836648,14,0.23642567339403273,28,46,4
597,局部扰动,3.536836510081238,2.9555029424810284,-4.364610717278296,-0.6146107172782962,3.665397266481023,3.367808877288828,3.1239248856732815,4.582304050017775,2.879406814375055,109.6953892827217,114.06,109.6953892827217,110.31,7.162467219611051,5.657085840303661,10000.0,10000.0,-0.05,-0.24755289255975702,1512.0807810864342,646.0383832913675,3,7,8,227.65818185966032,27,58000.0,254.8281409679244,430.0,21,0.12484315956736779,0.11295166330717923,0.030736830509185593,2.4104928223603084,0.24462288841935328,0.6553551755314618,0.33642218678635266,0.21139064262765903,15,0.24,27,47,4
598,局部扰动,3.561452310035473,3.0376705433952473,-3.162054617733105,0.587945382266895,2.4263011012089146,3.7343466991227325,3.183057161451643,4.3172702344473946,3.1703046563910595,110.8979453822669,114.06,110.8979453822669,110.31,6.847671275830523,3.9263011012089146,10000.0,10000.0,-0.05,-0.25,1503.4168211205565,672.0979324141923,3,7,7,243.07482593797428,26,58000.0,250.0,430.0,21,0.12945755408165607,0.11473165039955668,0.02305132548319646,2.4602028242014105,0.2506372057157233,0.6684054801915219,0.3526413392178653,0.21621221209153657,14,0.24,28,46,4
599,局部扰动,3.4967893070766416,2.8756836508217036,-4.119873047939166,-0.36987304793916564,3.101313796530004,3.2071170228926285,3.12218482086153,4.5638467555146525,2.791453381054673,109.94012695206084,114.06,109.94012695206084,110.31,6.880495710004422,4.897212234881337,10000.0,10000.0,-0.05,-0.24157657814009473,1463.9418891664698,644.300679886211,3,7,8,232.03848200212173,26,58000.0,250.0,430.0,21,0.12588968024090902,0.11022334889036364,0.030737603585761147,2.4938927661986683,0.24050800729939156,0.6622410812954362,0.3372840898225455,0.21787142839404355,14,0.2393903289832123,27,45,4
600,局部扰动,3.5532477918511853,2.98430713550546,-3.1019864359800096,0.6480135640199904,2.400984354202777,3.70166347835728,3.131788088455573,4.307985596283632,3.1852696119992965,110.95801356401999,114.06,110.95801356401999,110.31,6.82821692161549,3.900984354202777,10000.0,10000.0,-0.05,-0.24531803485379158,1486.5247466419864,665.147436394717,3,7,8,242.25162961577408,26,58000.0,269.83479684798704,430.0,21,0.11989320620928968,0.11766360725465716,0.02906125509549462,2.415111062149951,0.2612770703946825,0.6523351926549738,0.33995213843411143,0.22,14,0.22684286009588095,27,46,4
601,局部扰动,3.4891466855782345,2.891848472382991,-3.9047546226191656,-0.15475462261916562,3.0995549686474173,3.4244138126285644,3.238433158702338,4.340291870638609,2.935130721760751,110.15524537738084,114.06,110.15524537738084,110.31,6.827884530764962,4.72335866674275,10000.0,10000.0,-0.05,-0.24946102069830267,1473.9297702336087,637.100416628228,4,7,9,231.70693524379973,26,58000.0,263.1109026379372,430.0,21,0.119556594586771,0.11258098000881407,0.024997760324480825,2.4351133272812526,0.25124445092878595,0.6596825128524264,0.32616975657527153,0.2160174709728725,14,0.23766458425927853,28,46,4
602,局部扰动,3.5594858136545557,2.9415037748972592,-4.235844688389875,-0.48584468838987505,3.346437673467407,3.0726111024197187,3.134184241750867,4.721461077376957,2.783217224584815,109.82415531161013,114.06,109.82415531161013,110.31,7.0268081116062655,5.235113424179308,10000.0,10000.0,-0.05,-0.2437568696390398,1487.3194943295,687.4049019132798,3,7,9,235.31303295075887,25,58000.0,250.0,430.0,21,0.12423714276164015,0.11823286398334429,0.028850244662535048,2.4639773400725846,0.23949093093660395,0.7026922090086813,0.33476587721211926,0.22,14,0.24,27,46,4
603,局部扰动,3.5401235600988934,3.012843104448807,-3.286050813406618,0.463949186593382,2.5358135430987367,3.493570744991161,3.1504045663913667,4.475871851810641,2.982890096073552,110.77394918659338,114.06,110.77394918659338,110.31,6.774609172469263,4.035813543098737,10000.0,10000.0,-0.05,-0.24909777389585336,1489.949556191108,668.0996183634948,3,7,7,235.1638829289886,26,58000.0,250.0,430.0,21,0.12661929232355165,0.11510638616306476,0.032990709242010335,2.4418829063112573,0.25416434078765066,0.6568952220299272,0.34737260172148937,0.22,14,0.2380801197963928,27,46,4
604,局部扰动,3.7793701755996567,3.223659194932092,-2.2535986820350047,1.4964013179649953,1.8329792412503958,4.307658304354801,3.4652030974001167,4.216984846629786,3.625320847484641,111.806401317965,114.06,111.806401317965,110.31,7.228935928300154,3.3329792412503956,10000.0,10000.0,-0.05,-0.24990317978481114,1513.5639705375727,697.3635565715782,4,7,9,243.2456273478466,26,58000.0,250.0,430.0,21,0.12363898464884711,0.11506401741564141,0.030631548681527995,2.5017403051232483,0.2556042742738996,0.6632539269378853,0.3699033519294227,0.22,14,0.24,28,46,4
605,局部扰动,3.490993316741325,2.8427656289090444,-4.406348563005707,-0.6563485630057073,3.497705556130783,3.1678956230642794,3.1284474150707355,4.631441841621295,2.6960377854894393,109.6536514369943,114.06,109.6536514369943,110.31,7.047700727856224,5.522784406535349,10000.0,10000.0,-0.05,-0.24478588199187104,1498.9448970894236,631.4233472961043,3,7,9,238.42900575716357,26,58000.0,250.0,430.0,21,0.11960455733865316,0.11267971330132712,0.03093695601755808,2.4004378971678695,0.24304165274491274,0.6690861037530732,0.34268139181061996,0.21636231710713696,14,0.24,27,46,4
606,局部扰动,3.4922696791977748,2.8581799402506154,-4.249499838514922,-0.49949983851492163,3.3618839473146127,3.1192302067470843,3.1142188740822587,4.64523372900849,2.6924664285919135,109.81050016148508,114.06,109.81050016148508,110.31,6.94856690535859,5.26148381812655,10000.0,10000.0,-0.05,-0.25,1498.5435724891838,672.6165597860029,3,7,8,240.05102121645265,26,58000.0,250.0,430.0,21,0.1276528050130747,0.11525031441077402,0.03065030403182478,2.426120974227333,0.24174354101831183,0.655332167376629,0.33606362654209077,0.2091899973912796,14,0.24,26,46,4
607,局部扰动,3.5281253579224674,3.006809266192485,-3.4075433005503584,0.34245669944964163,2.6435809371965107,3.593483960127398,3.1407403254411643,4.423695662164188,3.0088665705373137,110.65245669944964,114.06,110.65245669944964,110.31,6.787940747506717,4.143580937196511,10000.0,10000.0,-0.05,-0.25,1480.3984704178806,672.1988069709428,3,7,8,235.8053863527198,26,58000.0,269.14655163721125,430.0,21,0.12175494865897339,0.11320822985080832,0.03218695438314991,2.547311792635109,0.24216436897356708,0.6807435362131239,0.3378844428613517,0.21482041229220356,14,0.24,27,46,4
608,局部扰动,3.5173782639235016,2.9816648851660745,-3.4757976254224587,0.27420237457754126,2.679326733423962,3.4756812021452506,3.1569982786224924,4.464961273547955,2.930743163403378,110.58420237457754,114.06,110.58420237457754,110.31,6.75077892472518,4.179326733423962,10000.0,10000.0,-0.05,-0.2418527387706709,1473.4904412667283,678.711695112492,3,7,9,232.99375351779386,25,58000.0,250.0,430.0,21,0.1265010684633568,0.11490513751292018,0.029952015922037008,2.538102617588879,0.24339486336723892,0.6941588848153956,0.3462035531247315,0.22,14,0.24,27,46,4
609,局部扰动,3.545743890387621,2.915693556953823,-4.581186619438867,-0.8311866194388671,3.5664727659772524,3.0374786363599484,3.168931404585504,4.679473438620202,2.7714341815075247,109.47881338056114,114.06,109.47881338056114,110.31,7.192161672432529,5.731422061528345,10000.0,10000.0,-0.05,-0.24043951917225542,1502.89199757196,658.8794574027984,4,7,9,235.85692670635135,25,58000.0,250.0,430.0,21,0.12520356700556454,0.1089969965839208,0.030854147052446865,2.3367940831550063,0.24571028200915657,0.6500985297607729,0.3555303291864985,0.22,14,0.2258868120047451,27,46,4
610,局部扰动,3.5150014116057138,2.948010077020451,-4.308858289880561,-0.5588582898805612,3.5525014296585753,3.5494019985656804,3.171752227073839,4.359533752832971,3.0205895735330017,109.75114171011944,114.06,109.75114171011944,110.31,7.135715657067332,5.499588061563025,10000.0,10000.0,-0.05,-0.2462079674777548,1498.3101855399996,662.2373005129097,3,7,9,240.50362556841233,27,58000.0,250.0,430.0,21,0.12504598838438935,0.11062027920001537,0.02404877531859683,2.464488012966528,0.24146243164754982,0.6499780166966609,0.34642652306912575,0.20741736623601736,14,0.2278199473603843,27,46,5
611,局部扰动,3.8574139268109144,3.2786753791937304,-2.9222417719583262,0.8277582280416738,2.6219034137534862,4.706235404494841,3.2652146123466914,4.275811113533792,3.8497359260984045,111.13775822804168,114.06,111.13775822804168,110.31,7.487085276888463,4.121903413753486,10000.0,10000.0,-0.05,-0.24502781542279123,1520.3582925545963,654.5753028071373,3,7,7,234.27232491145935,27,58000.0,253.162255510553,430.0,21,0.1228828451885753,0.1154955917974154,0.03092249564367533,2.5516170277685144,0.25004716205750704,0.6499648491903105,0.3373093027461645,0.211224696670468,14,0.2284664496541612,27,47,5
612,局部扰动,3.5965735946192696,3.060586136806295,-2.9695718645043883,0.7804281354956117,2.1850406766799915,3.9321046159647044,3.1942748802418,4.311074321415021,3.255715393602174,111.09042813549561,114.06,111.09042813549561,110.31,6.907800608816905,3.685040676679992,10000.0,10000.0,-0.05,-0.24700110304662581,1507.8639868921673,665.5898742092487,3,7,7,229.40341577387227,26,58000.0,250.0,430.0,21,0.12196197585870208,0.11572177426894825,0.028819652881198986,2.579839439664272,0.23736409852160723,0.6569047318330564,0.3368984085556979,0.21821151515113815,14,0.23726116273519085,27,45,4
613,局部扰动,3.7169216887006638,3.153328333770294,-3.534321350469,0.21567864953100013,2.719512939320278,3.919345157090521,3.1236775569239255,4.371868441322682,3.522695579116993,110.525678649531,114.06,110.525678649531,110.31,7.124665414382201,4.2195129393202775,10000.0,10000.0,-0.05,-0.24635493339754266,1461.5117070119313,665.9032744680732,3,7,9,238.6966517650297,26,58000.0,250.0,430.0,21,0.12866915857621358,0.11696363039336823,0.029971665735134816,2.5361345994685136,0.2458882572218554,0.6656609098964839,0.3214242254130345,0.22,14,0.21734509844862349,28,46,4
614,局部扰动,3.5290003094818263,2.986207858030236,-3.4159136376057546,0.3340863623942454,2.61514780144005,3.43690469857591,3.1443900495586843,4.496127859943989,2.9366760412472366,110.64408636239425,114.06,110.64408636239425,110.31,6.752083480126034,4.115147801440051,10000.0,10000.0,-0.05,-0.24229566364487512,1481.2364089398052,681.7797619309669,3,7,8,240.07967038374588,26,58000.0,263.8582602718427,430.0,21,0.11707670752507114,0.11693416326621653,0.028909053387166313,2.4734354179821025,0.24982653081551215,0.6530478400472008,0.35332207552438344,0.21669262255264457,14,0.238661697140722,27,46,4
615,局部扰动,3.5564821625659815,2.9386578791536744,-3.973052248703297,-0.2230522487032971,3.1100053739431957,3.067721258221326,3.118570884514289,4.7861507893310735,2.7093517751155294,110.0869477512967,114.06,110.0869477512967,110.31,6.861796227436022,4.788447172905833,10000.0,10000.0,-0.05,-0.24778936832547863,1491.8114241257958,700.0,3,7,8,233.62297194499408,25,58000.0,250.0,430.0,21,0.12520700302907248,0.11143735321058686,0.029788474956260875,2.436037579818843,0.24528341502001796,0.664703882674377,0.34067172010767405,0.22,14,0.24,26,46,4
616,局部扰动,3.536799861254652,2.9240244835875,-3.5735349807195718,0.17646501928042824,2.628706924382104,3.398088808060423,3.1510279251353204,4.598417797689773,2.8465254983669115,110.48646501928043,114.06,110.48646501928043,110.31,6.743893212771922,4.1287069243821035,10000.0,10000.0,-0.05,-0.24592076342467104,1494.0674275337676,669.6150552332222,3,7,8,238.0230508473942,26,58000.0,250.0,430.0,21,0.12352913906241629,0.11782271661044003,0.029838017347082683,2.478947418304868,0.24495463393985972,0.6534944414265776,0.34977642039151646,0.2108278090856454,15,0.23700972495818004,26,45,4
617,局部扰动,3.7275625018789116,3.1817657919548625,-3.297325933120959,0.452674066879041,2.5820697414215634,4.031492192179945,3.164013304707447,4.376051106954346,3.525005324302234,110.76267406687904,114.06,110.76267406687904,110.31,7.152483948802304,4.082069741421564,10000.0,10000.0,-0.05,-0.25,1483.071746081251,688.7456010771451,3,7,9,240.52932984881335,25,58000.0,250.0,430.0,21,0.1245951607219736,0.11770279319944589,0.025687607986760744,2.448049199238824,0.25470701560416786,0.6568272303456825,0.3626999190199053,0.20975540908301146,14,0.21886060831331705,27,47,4
618,局部扰动,3.5830322627803293,3.0470524160562493,-4.439514414946402,-0.6895144149464016,3.890984054242707,3.5113749582134126,3.1279638151969995,4.454850953500819,3.125075517944956,109.6204855850536,114.06,109.6204855850536,110.31,7.331460215594861,5.942595586199829,10000.0,10000.0,-0.05,-0.24553871809537864,1498.9428223092737,679.6470015510819,3,7,8,238.6184428041165,25,58000.0,255.46864993073547,430.0,21,0.1262121434630684,0.11644826368809584,0.028832591258338692,2.4405606847868055,0.24623756327625895,0.6337277022279069,0.3441554159948222,0.20305832422657183,14,0.23547599172185374,26,47,5
619,局部扰动,3.7281074503991825,3.1728906041711977,-2.640936894814402,1.109063105185598,2.153641336950565,4.180892440747108,3.184099473405126,4.333329438749692,3.5518762115856863,111.4190631051856,114.06,111.4190631051856,110.31,7.150596633079528,3.653641336950565,10000.0,10000.0,-0.05,-0.24549667932142902,1505.2423582422032,683.9776815218426,3,7,7,224.91242916910193,27,58000.0,250.0,430.0,21,0.1188352985691592,0.11067058204295509,0.02640886367448409,2.5468991831756225,0.24938029520319044,0.6909459479093011,0.3148105140231341,0.21378232330892,14,0.23576757327748138,27,46,4
620,局部扰动,3.769559595669194,3.2234267425594334,-2.4370853413054334,1.3129146586945666,1.9802169679470325,4.303795024061503,3.2920388822577107,4.356163397033106,3.577453906231967,111.62291465869457,114.06,111.62291465869457,110.31,7.2186469547637,3.4802169679470323,10000.0,10000.0,-0.05,-0.25,1485.0590950752876,654.0659398198051,3,7,7,237.90726831138332,24,58000.0,267.1957284703947,430.0,21,0.12853083993602568,0.11288646531940504,0.030177339959282082,2.5269665262582546,0.2580599328624288,0.6533178967366304,0.36037178978238216,0.20960396374273713,13,0.24,27,45,5
621,局部扰动,3.7201046191805935,3.185107348869971,-2.5157294430559745,1.2342705569440255,1.9960780956309612,4.226954375499617,3.2629423470986767,4.25244669250313,3.561174530633752,111.54427055694403,114.06,111.54427055694403,110.31,7.1349397492286615,3.4960780956309616,10000.0,10000.0,-0.05,-0.24305805884534648,1502.4388459323059,698.9319708480253,3,7,9,240.02893848774602,27,58000.0,250.0,430.0,21,0.12396502814056946,0.11441410159526733,0.030860745235010582,2.5272278716045027,0.25166025052107693,0.6679403427262652,0.3526106485715542,0.21200725370235193,14,0.24,28,46,4
622,局部扰动,3.5761123858675496,3.058208524412349,-3.4052227902789554,0.34477720972104464,2.6354673107525586,3.7405831165397774,3.1310796152925824,4.330219297985503,3.221381152630555,110.65477720972105,114.06,110.65477720972105,110.31,6.887180781010516,4.135467310752559,10000.0,10000.0,-0.05,-0.23757778791104395,1493.1700311391305,685.2607007395284,3,7,8,245.84475407426208,26,58000.0,250.0,430.0,21,0.12800464329073397,0.1171341465550715,0.028989983079454513,2.497329190021292,0.24420115992214478,0.6640676223115737,0.3344134271483985,0.22,13,0.23994771243690324,28,46,4
623,局部扰动,3.5601976761644343,3.0360488963095538,-2.8010956331309274,0.9489043668690726,2.2330749062993913,3.6950274419865012,3.163460288254789,4.384838590721485,3.1151910528609594,111.25890436686907,114.06,111.25890436686907,110.31,6.824239325002491,3.7330749062993913,10000.0,10000.0,-0.05,-0.24541695158004267,1485.3553838802543,688.0589138709997,3,7,7,246.581370446134,27,58000.0,250.0,430.0,21,0.12630673594858902,0.11285008170420102,0.028429654818972756,2.507183075415937,0.2565842138187302,0.6647463232132068,0.34042365882909287,0.22,15,0.24,27,46,4
624,局部扰动,3.8718229812874814,3.1676504539327808,-5.793459864197047,-2.0434598641970467,4.9223614038022285,2.6839867653345624,3.1472339038004797,5.140606803912069,3.1673105389729264,108.26654013580296,114.06,108.26654013580296,110.31,8.327508530447341,8.057129295159866,10000.0,10000.0,-0.05,-0.25,1497.1583585534852,677.8317376630986,3,7,7,237.61204905040296,26,58000.0,250.0,430.0,21,0.12338726245423823,0.11562823809416825,0.029251419601679533,2.359166000223513,0.2320085974519794,0.6654726187972326,0.3524203694510189,0.22,13,0.24,27,46,5
625,局部扰动,3.51710729838862,2.939249719600896,-4.343017949910134,-0.5930179499101342,3.5963829168933574,3.1560777929811694,3.134352861328137,4.551454702178889,2.853033534170482,109.71698205008987,114.06,109.71698205008987,110.31,7.0773597598903235,5.570797276821465,10000.0,10000.0,-0.05,-0.239871628291856,1480.4189251245978,671.1514930235974,3,7,9,240.1511147253565,26,58000.0,250.0,430.0,21,0.1317879659940263,0.11393950203622262,0.02806505089933582,2.4549320943819555,0.24442666882151,0.6570856956775523,0.34996650209977115,0.22,15,0.23901237674715692,27,47,4
626,局部扰动,3.4854780905157363,2.904385773838878,-4.279726868209039,-0.529726868209039,3.283443468697145,3.3270524946138686,3.149588298859076,4.4531942969673315,2.8625789460388025,109.78027313179096,114.06,109.78027313179096,110.31,6.992839272331025,5.207224963264377,10000.0,10000.0,-0.05,-0.24141211485683678,1506.076666376995,684.4562707104632,3,7,8,229.54785420142917,26,58000.0,250.0,430.0,21,0.12134734759422015,0.11293345813343515,0.028724123299601046,2.478276691026778,0.2321409926809468,0.641656316581922,0.3538334272314853,0.21814617651586618,14,0.2258479026507116,27,46,4
627,局部扰动,3.538941799584954,3.0195183571114934,-3.431921545392484,0.31807845460751594,2.6983450820516777,3.640923331616208,3.202964237656155,4.414774453705466,3.011066644856136,110.62807845460752,114.06,110.62807845460752,110.31,6.8210843233514975,4.198345082051678,10000.0,10000.0,-0.05,-0.24756885488085784,1482.9720691815467,664.5333692042835,3,7,8,242.2212512285292,25,58000.0,262.67174044460074,430.0,21,0.12154015135289227,0.10983171817163773,0.03142632080677171,2.5482015501026964,0.24455535434624787,0.6863038043765648,0.3500155275486616,0.22,14,0.24,27,45,5
628,局部扰动,3.4441711949415845,2.881206378767012,-3.597480243329173,0.15251975667082718,2.7718207721560635,3.506178549013707,3.195496024264753,4.346013447513731,2.8361081353839617,110.46251975667083,114.06,110.46251975667083,110.31,6.664163038403533,4.2718207721560635,10000.0,10000.0,-0.05,-0.24601961269450476,1506.5343699010762,646.3192446134667,3,7,7,249.77952865658025,25,58000.0,250.0,430.0,21,0.12234345620495914,0.11276400493049987,0.03160063595161756,2.4957240297685446,0.24039586284496706,0.6471774945117286,0.35039429336730604,0.22,14,0.24,27,46,4
629,局部扰动,3.545840790283373,2.9683365484128945,-3.6981303182520406,0.05186968174795936,2.8403651915438086,3.285324344551398,3.136102893085525,4.593696393007695,2.8846241913327217,110.36186968174796,114.06,110.36186968174796,110.31,6.762655703892669,4.340365191543809,10000.0,10000.0,-0.05,-0.25,1471.2447954528834,660.9292027938558,3,7,7,232.5097492653831,26,58000.0,256.30965979385604,430.0,21,0.12246543101098799,0.11249540541557743,0.027861322576058032,2.4046580560456148,0.25450334230208477,0.6764857632077422,0.3496902603702341,0.21776714551967336,13,0.2393033896999642,27,46,4
630,局部扰动,3.6337562928667824,2.995422489976914,-4.977853002545245,-1.2278530025452454,4.262371463584915,2.949753313475188,3.1505765660729783,4.775640514408714,2.9188276218536644,109.08214699745476,114.06,109.08214699745476,110.31,7.583136481566876,6.744653865621111,10000.0,10000.0,-0.05,-0.24501866256508764,1481.5913007141469,644.7055544155414,3,7,8,239.0548209312989,25,58000.0,250.3069991821361,430.0,21,0.11907003538367801,0.11605673697311315,0.029481978824584254,2.4626767986744857,0.23822551016256746,0.644256060220564,0.3298173108188122,0.22,14,0.23972600429566487,26,46,5
631,局部扰动,3.6802042940035897,3.102691243341604,-5.246179370914362,-1.496179370914362,4.630795881888409,3.117371099153592,3.1625720961617296,4.5455156671414745,3.2640546307058913,108.81382062908564,114.06,108.81382062908564,110.31,7.871731556169406,7.327739378619899,10000.0,10000.0,-0.05,-0.24310302255208208,1495.8684564092691,655.2863525970512,3,7,9,228.6262636230292,27,58000.0,258.08802021307133,430.0,21,0.12526540108046325,0.1115447495946191,0.02622772873148046,2.3748488369674687,0.24236896544199807,0.6677875042135838,0.34460989437220185,0.21648812681704957,13,0.24,27,47,5
632,局部扰动,3.785623117848982,3.0431412792898045,-4.958489075564913,-1.2084890755649127,3.9397383028772492,2.669022286160632,3.163802988348042,5.2816716527346195,2.7479206931785414,109.10151092443509,114.06,109.10151092443509,110.31,7.65891064049575,6.40652956332918,10000.0,10000.0,-0.05,-0.25,1481.0597271156882,665.5657419437825,4,7,8,234.86529232195386,26,58000.0,250.0,430.0,21,0.11897147336480057,0.11515997272281672,0.030678631385553597,2.3329423149883244,0.2447121691993413,0.6857106733488679,0.3563289754340584,0.21450936719115257,14,0.24,26,46,4
633,局部扰动,3.5565814740134774,2.9706509689567993,-4.818444815660797,-1.068444815660797,4.054738055615689,3.0737755637117017,3.1350104461121586,4.582202457120522,2.9260992680608857,109.2415551843392,114.06,109.2415551843392,110.31,7.401635367510178,6.409493908144327,10000.0,10000.0,-0.05,-0.24816710392458352,1497.309744177658,665.8211518239759,3,7,9,242.9362959529241,26,58000.0,250.0,430.0,21,0.1255306672059755,0.11622996490515662,0.028922997879351653,2.351554162285843,0.2488609977095544,0.6809696027039026,0.3433206232057979,0.20984550752729675,14,0.23294979618731015,27,46,5
634,局部扰动,3.6400114222955304,3.0958681282752054,-2.8126641877159244,0.9373358122840756,2.195300023716716,4.153167270813539,3.219515401118982,4.26541499103527,3.385927746995717,111.24733581228408,114.06,111.24733581228408,110.31,7.0214019667314185,3.6953000237167166,10000.0,10000.0,-0.05,-0.24380483600561476,1492.9691259562592,643.8466907736641,3,7,8,234.00142370617127,25,58000.0,250.0,430.0,21,0.12201031742128557,0.1141981938809279,0.026015991854278178,2.603370951790949,0.2415409552865842,0.672169046159054,0.3373648162644475,0.21600631179238516,14,0.232383700992981,27,46,4
635,局部扰动,3.558779548458274,3.000757511432905,-3.3329587520622255,0.41704124793777453,2.7184826609736206,3.8023822095137327,3.13750037599864,4.270329173231569,3.2293519477878143,110.72704124793778,114.06,110.72704124793778,110.31,6.892055704223108,4.218482660973621,10000.0,10000.0,-0.05,-0.2431923935178611,1488.8321399635754,647.8342318014091,3,7,7,245.5362751219941,26,58000.0,269.32454790996275,430.0,21,0.11814876439909514,0.11402729995706731,0.030667318519120718,2.4487449257909732,0.25562719932679556,0.6599880433101226,0.3445625502017584,0.22,14,0.2302318309839575,27,47,4
636,局部扰动,3.508877342732189,2.95641330470373,-3.6266971101700562,0.12330288982994375,2.766449482883724,3.390774212804837,3.171512614335538,4.503778471914785,2.859757126406277,110.43330288982995,114.06,110.43330288982995,110.31,6.726140481064285,4.266449482883724,10000.0,10000.0,-0.05,-0.25,1489.0563410009977,686.7887726347092,3,7,8,230.16571305961378,26,58000.0,250.0,430.0,21,0.12207528517214125,0.11261712359599166,0.02948304478080019,2.4980433430109934,0.2421650455739294,0.6684828392809491,0.3580589798080822,0.21887918002387713,14,0.24,27,46,4
637,局部扰动,3.739500369069966,3.0988333794744345,-4.662729823796241,-0.9127298237962407,3.94394538557068,2.8986045396854876,3.2271548805919443,4.977001491592312,2.9431944886113843,109.39727017620376,114.06,109.39727017620376,110.31,7.527843187369426,6.1741292446076725,10000.0,10000.0,-0.05,-0.2495792712188051,1453.0855621469643,664.0917422231831,3,7,7,235.93493665192304,25,58000.0,268.39565335632045,430.0,21,0.12596116814906436,0.11229577180660344,0.026046505349874214,2.4139032885255167,0.2510245824108868,0.6809899752751455,0.33041052155057865,0.22,15,0.24,27,47,4
638,局部扰动,3.57660349696166,2.945305826649868,-4.177078216958378,-0.4270782169583782,3.2799383280846457,3.0760177748292663,3.183518879523016,4.744084399799912,2.776301293456239,109.88292178304162,114.06,109.88292178304162,110.31,7.015509269615769,5.121600901651349,10000.0,10000.0,-0.05,-0.2499223483066476,1482.4923029032943,679.2077335276349,3,7,7,239.22134478234457,26,58000.0,250.0,430.0,21,0.12183524403362302,0.11054337937124727,0.024812439699136584,2.4309636562323775,0.24479128040608267,0.6802400623113048,0.3403821069443673,0.22,14,0.23848168611938886,27,46,4
639,局部扰动,3.52261413333242,2.9056659909888505,-4.5534252321278785,-0.8034252321278785,3.584608702970809,3.1717725906223584,3.1535295213964996,4.565232690965679,2.8421500002762548,109.50657476787212,114.06,109.50657476787212,110.31,7.1806043250807985,5.727348888673112,10000.0,10000.0,-0.05,-0.24706018081799946,1495.3990280568823,635.8840172102613,3,7,7,243.85122176768758,26,58000.0,250.0,430.0,21,0.12389828493637757,0.11133793885945655,0.0269854387483139,2.4681658665407746,0.23288189800134151,0.6597231412447672,0.33503099810639353,0.22,14,0.227283452580287,27,46,4
640,局部扰动,3.618807566115558,2.9770801551679873,-4.615414329495579,-0.8654143294955787,3.646451012297046,2.904842595337141,3.1307163632522026,4.927854894655683,2.7134370115534097,109.44458567050442,114.06,109.44458567050442,110.31,7.283530546422369,5.83878247589351,10000.0,10000.0,-0.05,-0.25,1492.7447072598613,685.1133938859124,3,7,8,239.12554082870702,26,58000.0,268.19757427203217,430.0,21,0.1254906526459758,0.1135744701352866,0.02847974079782835,2.420146298277824,0.23729452785456345,0.661911454247134,0.3446008583089387,0.2092400747607736,14,0.24,26,46,4
641,局部扰动,3.558135932962861,3.019634445049535,-4.097356483143884,-0.34735648314388357,3.3388838204793085,3.4298190355161426,3.1614980113088893,4.5140016407058,2.9853812295406996,109.96264351685612,114.06,109.96264351685612,110.31,7.041074929401499,5.116769006994415,10000.0,10000.0,-0.05,-0.248636414471985,1490.0988162687822,691.0427066370056,3,7,9,237.33948139860283,26,58000.0,262.0867550341053,430.0,21,0.12558087826902267,0.11783846225613069,0.030183524238456886,2.463729271392437,0.24511824580864774,0.6391669435023674,0.3621444241623841,0.21672687557607567,14,0.22992539231292702,27,46,5
642,局部扰动,3.575398094954663,3.0467029851098935,-3.5516370725856916,0.1983629274143084,2.9356054341935054,3.5633335972604714,3.130607694347975,4.464123245517717,3.0955758900268715,110.50836292741431,114.06,110.50836292741431,110.31,6.885628476950008,4.435605434193505,10000.0,10000.0,-0.05,-0.24660000081164773,1502.0489068425097,685.7057620448603,3,7,8,239.1380214661607,26,58000.0,250.0,430.0,21,0.1316869069765453,0.11275919303419897,0.03037846959143005,2.4229620284369786,0.25335239764075296,0.7010723213187563,0.3389488464263085,0.22,14,0.24,27,47,4
643,局部扰动,3.456150483110654,2.8612487527279122,-3.7050476317759546,0.04495236822404536,2.894587382203912,3.369418660682945,3.138003553347159,4.412876099167228,2.832822230704482,110.35495236822405,114.06,110.35495236822405,110.31,6.665095127603907,4.394587382203912,10000.0,10000.0,-0.05,-0.24960204334169,1488.773738254074,643.6543525508011,3,7,8,240.65064515005335,26,58000.0,250.0,430.0,21,0.1226180259141223,0.11012747775873324,0.028292856775321902,2.405023512003268,0.2536727967191152,0.6584857939495793,0.3398039583617548,0.21244557240613052,14,0.237782350388846,27,46,4
644,局部扰动,3.534542267793543,2.98830017366367,-3.74789595673127,0.002104043268730038,2.9916630456226523,3.478146571704453,3.1632564056290837,4.499035737348914,2.9376932810268332,110.31210404326873,114.06,110.31210404326873,110.31,6.807723157449368,4.491663045622652,10000.0,10000.0,-0.05,-0.25,1486.3409004941518,667.6037251101823,4,7,7,226.77182384373256,26,58000.0,250.0,430.0,21,0.12430525756975083,0.11754110980116363,0.03003079891033983,2.495389094374984,0.24652090495732149,0.6716098555238869,0.3358792102480281,0.2151712417947627,14,0.24,27,45,5
645,局部扰动,3.629159787167756,2.943634055713173,-5.085382611562125,-1.3353826115621246,4.094080353104507,2.787643618015984,3.1475634190813038,4.86235115627073,2.8105558000716533,108.97461738843788,114.06,108.97461738843788,110.31,7.5630596596344075,6.662386442354206,10000.0,10000.0,-0.05,-0.24353215781302245,1507.9414524192705,674.9144994717407,3,7,8,238.46819092677302,26,58000.0,250.0,430.0,21,0.12934115236062868,0.11387281620773229,0.027770942512084056,2.355453787159068,0.23672017717317193,0.6483134546499905,0.3403082403896074,0.22,14,0.23704676248510403,27,46,4
646,局部扰动,3.5262569515452027,2.9707672927997266,-3.8608129009969474,-0.1108129009969474,3.0074452164761385,3.385068808128026,3.1125577728355576,4.537685082638003,2.904430724914657,110.19918709900305,114.06,110.19918709900305,110.31,6.82737859806976,4.596095537273697,10000.0,10000.0,-0.05,-0.24572361044841032,1457.3030579646706,670.1743387919055,3,7,8,242.3656732159324,27,58000.0,257.19990974335514,430.0,21,0.1202184773710077,0.11164485352506068,0.03256883162151568,2.4912889279393586,0.2466204610117887,0.6777857580669432,0.33729626429178006,0.20175569588376435,14,0.23833177777419726,27,46,4
647,局部扰动,3.6948488889258915,3.1502055964797826,-2.595130865069308,1.154869134930692,2.2051586063823305,4.150397212130978,3.1941481140160253,4.300744627290078,3.4970035986375345,111.4648691349307,114.06,111.4648691349307,110.31,7.10928541152484,3.70515860638233,10000.0,10000.0,-0.05,-0.2498781335657796,1476.5942373620599,669.1756275502578,3,7,9,242.14869904512707,26,58000.0,250.0,430.0,21,0.12188977692993433,0.11840405735935364,0.027276768294552566,2.5316801934097555,0.25795768218550363,0.6486334346546373,0.3491268864576936,0.21465649208184814,14,0.24,27,47,4
648,局部扰动,3.555951349054727,2.937865411468549,-3.9106113495529655,-0.16061134955296552,3.055349714198454,3.0673120014365507,3.1225282346095518,4.7368193315561244,2.762710265234765,110.14938865044704,114.06,110.14938865044704,110.31,6.829054629424048,4.683838793840827,10000.0,10000.0,-0.05,-0.24545722945087933,1495.7513356008371,679.5493979218633,3,7,7,230.52105921721548,26,58000.0,252.18422630154814,430.0,21,0.12338468992611198,0.11178636914572537,0.029432940530109072,2.3491897792668888,0.25560838630930566,0.6774879016365702,0.34527844628816967,0.22,14,0.23970635554163364,27,46,4
649,局部扰动,3.4613034410059216,2.8384418872273365,-3.8332167207524463,-0.08321672075244635,3.0125665737621046,3.218782299127856,3.1320432803648797,4.508941368955897,2.7479361218114655,110.22678327924756,114.06,110.22678327924756,110.31,6.691563425096409,4.579139950364062,10000.0,10000.0,-0.05,-0.24263360903118508,1484.9564628761564,667.2600900298698,3,7,9,239.17697108660036,26,58000.0,250.0,430.0,21,0.12487010659059945,0.11529153039040929,0.028614308235457877,2.4312761276855563,0.25157186857598435,0.6779992434807419,0.3419524460860943,0.2183341741676831,15,0.23613267045825728,27,46,4
650,局部扰动,3.6282793102007718,3.0723387869716086,-4.300525500979859,-0.5505255009798589,3.591109422270584,3.1432402634692957,3.114641748751899,4.723952140602136,2.9795480290256324,109.75947449902014,114.06,109.75947449902014,110.31,7.207415358353868,5.531529823054472,10000.0,10000.0,-0.05,-0.25,1489.5216158049343,680.5552810563994,3,7,8,238.8805551581938,26,58000.0,250.0,430.0,21,0.12787896605110474,0.11671365791022836,0.031148571685125272,2.3983873876235022,0.24876917555778352,0.6868256116015313,0.3317205908067199,0.2199139004763509,14,0.24,27,47,4
651,局部扰动,3.803672322466508,3.0923723601968818,-5.360457472076007,-1.610457472076007,4.370446442731615,2.699979065489066,3.221442171413291,5.164556192515957,2.911004643038029,108.699542527924,114.06,108.699542527924,110.31,7.950242022516839,7.158812420392421,10000.0,10000.0,-0.05,-0.25,1462.2139564436807,676.6043095122714,4,7,7,236.57444127600203,26,58000.0,250.0,430.0,21,0.12185276754655212,0.11379944465557995,0.0281716536727463,2.441630556007435,0.23144529341211512,0.667657602040708,0.3301526158921392,0.21686539034744318,14,0.24,27,46,4
652,局部扰动,3.532456994573407,2.9439930210541534,-4.764520293257391,-1.014520293257391,4.018595105139389,3.056393729671797,3.133227180446736,4.567663316628524,2.877843923489385,109.29547970674261,114.06,109.29547970674261,110.31,7.334050029528185,6.3302113397453015,10000.0,10000.0,-0.05,-0.24892723306092518,1464.627530344981,649.0873687059488,3,7,8,227.39913121841076,26,58000.0,250.0,430.0,21,0.13064790227054307,0.11140343027085149,0.027149899943329413,2.4313039337103435,0.24656702818119258,0.6455855763797252,0.35004545775703144,0.21479141228413678,14,0.24,27,46,5
653,局部扰动,3.4738154998714603,2.8908278179666316,-3.292421504248793,0.457578495751207,2.5593462937652003,3.405506160020898,3.1843703198654496,4.482592941542936,2.7795753312189846,110.76757849575121,114.06,110.76757849575121,110.31,6.663946628515985,4.0593462937652,10000.0,10000.0,-0.05,-0.25,1487.4310641100317,653.9054008872673,4,7,9,238.05834140542902,25,58000.0,250.0,430.0,21,0.12533574252062438,0.11402386271414444,0.028893687639742975,2.43047848099336,0.25659310130416796,0.6559747292081765,0.3480352963180788,0.22,14,0.24,26,46,4
654,局部扰动,3.5717053099140648,3.0416227623578367,-3.998736731288858,-0.24873673128885798,3.285630273095881,3.5276378335232037,3.13439481053011,4.47140256270832,3.077171818095935,110.06126326871114,114.06,110.06126326871114,110.31,7.02804280203849,4.9846196581269675,10000.0,10000.0,-0.05,-0.23987108593749873,1503.9524655020086,682.7824190503916,3,7,7,241.09442242410805,26,58000.0,267.65113351744935,430.0,21,0.12196105624268584,0.11762169294062291,0.028894262730560838,2.504514980393614,0.23647504805015906,0.6757644275299048,0.33804966411894294,0.2115200088696962,14,0.24,27,47,4
655,局部扰动,3.683855117790889,3.0856730640418486,-5.035916731669474,-1.2859167316694737,4.491872071094943,3.066673709914455,3.1159260553220713,4.709554540248865,3.139143572753284,109.02408326833053,114.06,109.02408326833053,110.31,7.742403240055099,7.0206054564305225,10000.0,10000.0,-0.05,-0.24935986788456674,1499.7475525648333,665.4567534487728,3,7,8,233.5317763643756,26,58000.0,265.8798609743681,430.0,21,0.12214429349919782,0.11372013610853299,0.032039984905435394,2.4264143309540174,0.24252779299696198,0.6677181721856011,0.3405266715548792,0.21400409987762528,15,0.24,26,47,5
656,局部扰动,3.90167720938153,3.3323586967115006,-1.8661082482019964,1.8838917517980036,1.6891142180443557,4.597835327997967,3.335106281041562,4.203077397307146,3.967652566471002,112.193891751798,114.06,112.193891751798,110.31,7.445608792084344,3.189114218044356,10000.0,10000.0,-0.05,-0.2440301179023724,1486.611205206883,653.7571868941038,3,7,7,236.4219341268905,27,58000.0,250.0,430.0,21,0.13246894241313067,0.11603057896204846,0.030358859680155108,2.511048259742202,0.26420888550096167,0.6591499470402333,0.3608357562538808,0.22,13,0.23016375577417955,27,46,4
657,局部扰动,3.788994302110689,3.2201095518774077,-2.285849530459913,1.4641504695400869,1.8499942531204905,4.343642435171599,3.2882457255560484,4.316271940071917,3.6556347365501245,111.77415046954009,114.06,111.77415046954009,110.31,7.2421129743410315,3.3499942531204905,10000.0,10000.0,-0.05,-0.24818345327641658,1495.9259833734511,676.5655965467754,3,7,7,238.02142460632749,26,58000.0,250.0,430.0,21,0.12354892244064503,0.11467466431071155,0.026261842285725822,2.591253009878147,0.24668686908235962,0.6585856606825172,0.35608049858631213,0.21644421122853846,13,0.24,27,46,4
658,局部扰动,3.626845449290397,3.1033713362307416,-3.221033565620374,0.5289664343796261,2.4753627001234126,3.866014876922497,3.1341398660046464,4.31078746110225,3.358519832818535,110.83896643437963,114.06,110.83896643437963,110.31,6.968405703034104,3.9753627001234126,10000.0,10000.0,-0.05,-0.24884651597275156,1473.3901756663388,692.6856602199672,3,7,7,238.6321090490879,25,58000.0,261.2206395790987,430.0,21,0.1270628499980174,0.11482441769376787,0.029127188196158154,2.532365354922239,0.2476888748464195,0.6728373695760101,0.3387777248954803,0.21769969839896533,14,0.2309779922924065,28,46,4
659,局部扰动,3.520139690220984,2.9662655164222973,-3.604788688820477,0.1452113111795228,2.798251987107135,3.3667060657098715,3.1245221475742473,4.527336062874424,2.8921882262268532,110.45521131117953,114.06,110.45521131117953,110.31,6.741962011648482,4.298251987107135,10000.0,10000.0,-0.05,-0.25,1481.3787925541842,693.8346390062231,3,7,8,237.840049832979,26,58000.0,250.0,430.0,21,0.11966910051331017,0.11583522700805858,0.03081108464232147,2.4870420004652,0.24627352033532396,0.6880398134090125,0.3416287102072074,0.2173404025989893,14,0.24,27,46,4
660,局部扰动,3.5205456609469996,2.982668220696798,-3.1926712988291115,0.5573287011708885,2.440570337463583,3.823993267342774,3.1772429179047963,4.248243950501752,3.1352485213456522,110.86732870117089,114.06,110.86732870117089,110.31,6.808219592797784,3.940570337463583,10000.0,10000.0,-0.05,-0.24541939845271774,1505.2725568198016,662.6730710510299,3,7,8,237.35581477485294,25,58000.0,252.89325245753008,430.0,21,0.12376090333311072,0.11445806580454378,0.0292617219462077,2.5028738373641044,0.24374087921101387,0.6660730622420274,0.3454589597987286,0.22,13,0.2363886022601033,27,46,4
661,局部扰动,3.5891222554986877,3.063221498552686,-2.97058869487482,0.7794113051251799,2.31870858285094,3.7536438241616525,3.226446459906561,4.385007236414221,3.1536612974022136,111.08941130512518,114.06,111.08941130512518,110.31,6.882588473622576,3.81870858285094,10000.0,10000.0,-0.05,-0.25,1495.1994939306423,667.7796077320739,4,7,7,243.91677373694074,26,58000.0,250.0,430.0,21,0.12233285727242468,0.111455356760134,0.029761793451559358,2.5032250003290897,0.2522430113366345,0.6508084308702381,0.34294698120528205,0.22,15,0.23398470290781367,27,46,4
662,局部扰动,3.691667089659836,3.0845782316458337,-4.625084187195014,-0.8750841871950144,3.7922359135235664,2.978542116253648,3.161972260335308,4.899346578754558,2.934828303012116,109.43491581280499,114.06,109.43491581280499,110.31,7.436055297084749,5.992303263279577,10000.0,10000.0,-0.05,-0.2482437083853139,1474.8964770533971,662.2578999004646,3,7,9,237.75700683372983,27,58000.0,252.78255228569904,430.0,21,0.12031362101090236,0.11706625721730733,0.027180894784829747,2.382817561822591,0.24705190918015907,0.6952552951913882,0.35255726900123446,0.22,14,0.23385649297874397,27,47,4
663,局部扰动,3.8323794231041615,3.1690553961662418,-5.876898647660212,-2.1268986476602123,5.262468792591802,2.94235380232542,3.177529141362301,4.665188254308153,3.517633997860067,108.18310135233979,114.06,108.18310135233979,110.31,8.432778024953869,8.463987710719971,10000.0,10000.0,-0.05,-0.25,1492.581934872782,659.7007527028064,3,7,9,232.8624653239903,27,58000.0,250.0,430.0,21,0.12682053160565754,0.1114780964788847,0.027286607828827,2.3916641181616827,0.23490354925534912,0.7004859883559482,0.33487801539319595,0.22,14,0.24,28,47,5
664,局部扰动,3.683146417407581,3.0980696630263465,-4.543061665020957,-0.7930616650209572,3.6517683424518106,3.11405694203729,3.127677240615117,4.879025593781044,2.9531389426942165,109.51693833497905,114.06,109.51693833497905,110.31,7.390689017413994,5.786217674468577,10000.0,10000.0,-0.05,-0.24547894850935623,1485.2897688229305,676.570788245514,3,7,7,227.38726974828964,26,58000.0,250.0,430.0,21,0.12818931739680486,0.11996492814716078,0.027841531314767704,2.389385110547093,0.2442663180240186,0.6664174433846873,0.35858221335059637,0.21271594498030008,14,0.22309898959611904,26,47,4
665,局部扰动,3.4956285718779223,2.901828631171475,-3.9720629255047015,-0.22206292550470152,3.0948702292364647,3.37103845230503,3.1512551948063594,4.44148310795096,2.9006072112299295,110.0879370744953,114.06,110.0879370744953,110.31,6.849812238507679,4.772520569640227,10000.0,10000.0,-0.05,-0.24406334896622084,1492.8349253526771,681.4083776765527,3,7,8,229.76399543118728,26,58000.0,252.83743640896557,430.0,21,0.11936640438196129,0.11363223108659833,0.027359980040156415,2.4678630349647577,0.24178863153365884,0.6480027436246097,0.33455598475866616,0.22,14,0.22929227209251873,27,46,4
666,局部扰动,3.4351492761925178,2.8367805765865803,-4.266751767907323,-0.5167517679073228,3.313111852523205,3.222607058070215,3.1430969574903136,4.37890904334001,2.8089487969661793,109.79324823209268,114.06,109.79324823209268,110.31,6.902975123635483,5.226513266849063,10000.0,10000.0,-0.05,-0.24761910176606566,1477.9486703348553,648.1307533684973,3,7,8,233.9430315012572,27,58000.0,250.45085676822416,430.0,21,0.12798630200622269,0.11282668281142523,0.02990741607641306,2.4579923918252673,0.2407726914683186,0.6892655267176396,0.35594944569595005,0.22,14,0.2366919229709768,28,46,4
667,局部扰动,3.5136302626923923,2.9340910578026405,-3.7439914643948526,0.006008535605147358,2.950902620747205,3.3239675713447667,3.142636581126171,4.550705938918311,2.8396406174970004,110.31600853560515,114.06,110.31600853560515,110.31,6.7392166589815865,4.450902620747205,10000.0,10000.0,-0.05,-0.24391845137155208,1488.2777608612284,682.6939116454581,3,7,7,232.0324109184214,25,58000.0,250.0,430.0,21,0.12545852762395646,0.11478216448829796,0.027142789548803718,2.511484971525684,0.24242398700873685,0.674593899246156,0.33310146712780414,0.21534014421951383,15,0.24,27,46,4
668,局部扰动,3.5972690650350745,2.932948469727508,-5.104683929490278,-1.3546839294902782,4.09024635684266,2.8400778843530543,3.2003131811240295,4.725453600918125,2.8450043442583244,108.95531607050972,114.06,108.95531607050972,110.31,7.544820601827205,6.673993500434882,10000.0,10000.0,-0.05,-0.24425081408129098,1477.7884123484089,655.7607198446818,3,7,9,230.94172447882934,26,58000.0,253.87956587072344,430.0,21,0.12055812405962595,0.10950097439815563,0.026094923970880163,2.377535480273531,0.2390739269332417,0.6743460120150805,0.3466652712813201,0.22,14,0.23554284682416693,28,46,4
669,局部扰动,3.6085368399702555,3.0744920287522066,-2.935359855855765,0.814640144144235,2.407993109186577,4.108776071202258,3.334275774497738,4.3451156359550165,3.1801391925775038,111.12464014414424,114.06,111.12464014414424,110.31,6.993999530290141,3.907993109186577,10000.0,10000.0,-0.05,-0.24107556275885816,1502.168264132918,686.188288951494,3,7,9,236.82645320840973,27,58000.0,250.9688272973222,430.0,21,0.12925183546091149,0.11124854843387241,0.02842859356994455,2.608863111792357,0.23880568244978603,0.6407222840930834,0.3542998889383036,0.2166085871450922,14,0.24,26,47,4
670,局部扰动,3.634513780900704,2.957748345345362,-4.941652517586064,-1.1916525175860642,3.9680532688566985,2.8633729539326183,3.2357594439923996,4.829020248267199,2.8115587669132123,109.11834748241394,114.06,109.11834748241394,110.31,7.505226676966339,6.42137528292555,10000.0,10000.0,-0.05,-0.24027120730764895,1476.4360575009532,655.7017414267293,3,7,8,233.0444115930843,26,58000.0,250.0,430.0,21,0.12077218170131353,0.12,0.026648580211383766,2.4095595007610537,0.2386270938555437,0.6623215320802289,0.3314651030511133,0.22,14,0.23058490583318728,27,46,4
671,局部扰动,3.55926071030243,2.9425553697906834,-3.9518317362636424,-0.20183173626364237,3.0660060796271864,3.1390636275901325,3.18573103810792,4.696519586918256,2.7800620157215765,110.10816826373636,114.06,110.10816826373636,110.31,6.871298594364396,4.7274714686381,10000.0,10000.0,-0.05,-0.25,1475.057046098829,665.5564036088819,3,7,8,228.04373672277018,26,58000.0,250.45907038734188,430.0,21,0.12639289217345076,0.11396011885241548,0.022917715951771122,2.430230192654123,0.24898146640636967,0.6806613946326135,0.34934476596739833,0.22,14,0.23842137896259416,27,46,4
672,局部扰动,3.5327234352152352,2.9349958558874865,-3.8291733229095684,-0.07917332290956836,2.811126852370733,3.4950283621500207,3.1568488120465017,4.409183722863128,3.026005932203145,110.23082667709043,114.06,110.23082667709043,110.31,6.821730535552876,4.374465510698388,10000.0,10000.0,-0.05,-0.24047010905176494,1488.8881599125023,679.0100789628021,3,7,8,233.88911893761977,25,58000.0,251.50187118887533,430.0,21,0.12598466138501097,0.11542471410757807,0.02560355446855391,2.481517148393754,0.23896662110000563,0.6452807474754912,0.33650873486900307,0.21937411241865087,13,0.23082092054686726,27,45,4
673,局部扰动,3.473084086564869,2.881532734772913,-3.562142094577027,0.1878579054229732,2.823514473873146,3.5240234203354612,3.1568855884505345,4.3727590765777835,2.9076819546616526,110.49785790542298,114.06,110.49785790542298,110.31,6.717268480219868,4.3235144738731455,10000.0,10000.0,-0.05,-0.25,1491.3852230806608,666.640368337421,3,7,8,236.04214321510017,26,58000.0,251.93687066734466,430.0,21,0.12485564113689702,0.10707331200307883,0.026862268252319323,2.4483057240933803,0.25104376775293347,0.6710073824333255,0.3252879659290821,0.21202725048703136,14,0.24,27,46,4
674,局部扰动,3.6792538621124278,3.017261095542949,-4.779092048806021,-1.029092048806021,3.867751775758324,2.7920449655583135,3.140798472538881,4.994314884625117,2.8029109981522846,109.28090795119398,114.06,109.28090795119398,110.31,7.455813726766474,6.191025414803141,10000.0,10000.0,-0.05,-0.244628187061757,1471.3787665172356,689.3056844644161,3,7,9,236.73382208380258,26,58000.0,250.0,430.0,21,0.12433751919728131,0.11708629805139266,0.03264877648924681,2.417723507025865,0.24129655271951578,0.6363670182734854,0.3239451946998779,0.22,14,0.23984532004349707,27,46,4
675,局部扰动,3.4451169378747735,2.887317631086371,-3.3666909054528844,0.3833090945471156,2.5626117300998463,3.5222169348847756,3.177954014444566,4.32449558444476,2.870666383425693,110.69330909454712,114.06,110.69330909454712,110.31,6.64968710127971,4.062611730099847,10000.0,10000.0,-0.05,-0.24640640961982488,1487.5518595222309,677.3949907169798,3,7,8,248.56350720040766,27,58000.0,250.0,430.0,21,0.1176584959571999,0.11504422886446482,0.02905662028462339,2.4753737403827323,0.24904822785688246,0.6320621908820903,0.3632803234902141,0.21501081602416458,14,0.24,27,46,4
676,局部扰动,4.325266731797475,3.6627905296545165,-1.2929902998059504,2.4570097001940496,1.6352665102015633,5.2719483669281875,3.471614989629284,4.635336775116173,4.510214917242736,112.76700970019405,114.06,112.76700970019405,110.31,8.177030796257633,3.1352665102015633,10000.0,10000.0,-0.05,-0.24699010708131774,1497.4316763226507,644.1379850366745,3,7,8,236.39481139850685,25,58000.0,250.0,430.0,21,0.12107405046129713,0.11279986995359344,0.0278741304379997,2.608188917277143,0.25890646334256223,0.6730011366629803,0.36173793287309597,0.19263746218094327,14,0.2247282748329143,26,46,4
677,局部扰动,3.479200773434738,2.901951100000411,-3.249617275792829,0.5003827242071708,2.543692112224975,3.4273647528393814,3.1276109285313725,4.469671069884831,2.8412745719842927,110.81038272420717,114.06,110.81038272420717,110.31,6.675802644757049,4.043692112224975,10000.0,10000.0,-0.05,-0.24848862890924547,1494.2415560885497,632.679924370726,3,7,7,238.91834948145583,25,58000.0,277.5659040069544,430.0,21,0.12302287667948626,0.11612685201237331,0.030339842863154283,2.428521928463593,0.25656370790871313,0.6656999191431208,0.33942339311074254,0.22,14,0.23786831652402213,26,46,4
678,局部扰动,4.0576208372283,3.439856726078014,-1.6849176556160614,2.0650823443839386,1.660882228318409,4.826966150848768,3.44623519596028,4.295253006410866,4.188570109288099,112.37508234438394,114.06,112.37508234438394,110.31,7.711782399804432,3.160882228318409,10000.0,10000.0,-0.05,-0.24714684684184554,1483.170464270524,669.5100365824143,3,7,7,241.28583574172148,25,58000.0,254.79937366543714,430.0,21,0.12885019002908948,0.11315039187894754,0.03188963594980777,2.59834038513411,0.25825279069698076,0.6612865531975701,0.36037758105381135,0.2128289375721177,14,0.23590613512576142,28,46,4
679,局部扰动,3.5258311884707196,2.920594465844683,-4.249644016988668,-0.4996440169886682,3.2832530241259237,3.1286798128196254,3.1430478326901357,4.608923618127695,2.809775562030138,109.81035598301133,114.06,109.81035598301133,110.31,6.992317491305607,5.182968237716858,10000.0,10000.0,-0.05,-0.2466177469611805,1471.005121778809,657.1086371622315,3,7,7,241.25616443043222,26,58000.0,250.0,430.0,21,0.12662701452772074,0.11390703963168163,0.027478448787316128,2.4600593257739733,0.24136488002571937,0.7001562394825374,0.3619471589718327,0.22,14,0.24,28,46,4
680,局部扰动,3.738478765585083,3.0275001453283936,-5.002716040291176,-1.2527160402911761,3.977610035393152,2.667473032085573,3.1233829177545744,5.166258285399385,2.7768807899466137,109.05728395970883,114.06,109.05728395970883,110.31,7.623583121369354,6.479782867626092,10000.0,10000.0,-0.05,-0.24135678195480564,1459.9248250086928,696.4485490141774,3,7,9,231.15085600443064,26,58000.0,250.0,430.0,21,0.1245611150217127,0.11519851227384639,0.032676019060949156,2.375227564837537,0.2431727599480708,0.669805280346216,0.35712956390385514,0.21850141539231094,14,0.24,27,46,4
681,局部扰动,3.5292931047600558,2.9056871011962944,-4.047543921692892,-0.2975439216928919,2.9972723128606362,3.493780723583894,3.1465150073291723,4.589723588477495,2.8380732181443857,110.01245607830711,114.06,110.01245607830711,110.31,6.930861057458843,4.7353074502149495,10000.0,10000.0,-0.05,-0.24790913681257107,1507.7166300454064,644.0237999369139,3,7,8,229.90694565600703,26,58000.0,257.1806319844222,430.0,21,0.12431850189800926,0.11564216181782978,0.028407934230154107,2.430742893541444,0.24130974116062495,0.6393594874455374,0.3533374042163615,0.20267677326702985,15,0.23123473499425062,27,45,4
682,局部扰动,3.631994964390677,3.102667046635078,-2.556312490469608,1.1936875095303918,2.0172876965257993,4.114215938649461,3.22318745220386,4.214332372995089,3.4078141829023205,111.5036875095304,114.06,111.5036875095304,110.31,6.99074029524926,3.5172876965257993,10000.0,10000.0,-0.05,-0.2455574054340247,1521.8955780609206,635.3410576326918,3,7,7,247.25002044504183,26,58000.0,250.0,430.0,21,0.12176690503170418,0.11115467606716492,0.027585099840148366,2.4586627483117796,0.25459189404187227,0.6784025110755783,0.34981467527972226,0.22,13,0.2372847311556038,27,46,4
683,局部扰动,3.5454138196990583,3.0094758358513762,-3.389542177543035,0.360457822456965,2.579045526871471,3.469281445085672,3.1466250198629075,4.4927008055461375,2.981876482286924,110.67045782245697,114.06,110.67045782245697,110.31,6.778221065828779,4.079045526871472,10000.0,10000.0,-0.05,-0.25,1483.716026927573,682.6224726958983,3,7,7,240.49456613180425,26,58000.0,269.66938124465656,430.0,21,0.12916291972875119,0.11679765035454515,0.029457543847933542,2.4615124530776837,0.25094951324136505,0.6805503258179739,0.35620141903001634,0.22,14,0.23503635342272,27,46,4
684,局部扰动,3.6799723025039586,2.960571886370019,-5.088707685980879,-1.3387076859808786,4.093974665815616,2.761002913344888,3.148319343239698,5.002961705047928,2.790248322311243,108.97129231401912,114.06,108.97129231401912,110.31,7.623865909280315,6.664940814600319,10000.0,10000.0,-0.05,-0.2472063225376313,1478.6812470417915,656.9652128022313,3,7,8,236.4314974033947,25,58000.0,250.0,430.0,21,0.13121474262984065,0.11148367112318792,0.028250552144131708,2.410072806713289,0.2357956466973421,0.6437358039520601,0.33621669494448414,0.22,14,0.23273737345024795,26,46,4
685,局部扰动,3.7017829934307223,2.9984559419270895,-5.524036151556643,-1.7740361515566434,4.465573158223175,2.6755963494640422,3.14725326638138,4.919760068851875,2.948230259790502,108.53596384844336,114.06,108.53596384844336,110.31,7.900265625258496,7.38480207946849,10000.0,10000.0,-0.05,-0.24821856729271768,1509.8793029600347,700.0,3,7,8,234.96521892273853,26,58000.0,250.0,430.0,21,0.12481829167010629,0.12,0.029306671778244853,2.3179997934393306,0.23393426926617308,0.6499058691432176,0.35556392769705114,0.22,14,0.24,28,46,4
686,局部扰动,3.546476489069222,3.01731774059565,-2.981878895154594,0.768121104845406,2.2528916648881063,3.8722611987574105,3.2235536438801815,4.263151033903348,3.160907939569119,111.07812110484541,114.06,111.07812110484541,110.31,6.8371913002775075,3.7528916648881068,10000.0,10000.0,-0.05,-0.2442391855157479,1490.8013308774819,648.3385815217044,3,7,8,230.90977294845575,26,58000.0,250.0,430.0,21,0.12526753218145578,0.11069180890530494,0.027224361330788437,2.4560863723891875,0.2554404729718805,0.6684580383080386,0.3667156815579734,0.20779462275967578,14,0.2332265203090668,27,46,4
687,局部扰动,3.59624353867627,3.04098143856289,-4.080400280935805,-0.3304002809358053,3.3315505759858373,3.374120194894656,3.133994211592079,4.5872554895538515,3.0258773717343317,109.9795997190642,114.06,109.9795997190642,110.31,7.073205777625988,5.095870800734481,10000.0,10000.0,-0.05,-0.24832372957148133,1481.7054178561589,670.5557991131691,3,7,7,248.46051318352713,26,58000.0,261.6840011877424,430.0,21,0.12420185226340366,0.1139195257156846,0.028189138431030297,2.414682739645733,0.25308065851069694,0.6976837439521303,0.35632312052726034,0.22,14,0.22532058317525283,27,46,5
688,局部扰动,3.4678892175935947,2.8754389687344872,-3.7797515435370883,-0.02975154353708831,3.0137091892782064,3.5072500731579086,3.1575186800388533,4.288157877668261,2.9769145151204683,110.28024845646291,114.06,110.28024845646291,110.31,6.743964603391977,4.537510424107878,10000.0,10000.0,-0.05,-0.25,1504.580740002986,642.4587031883322,3,7,7,228.03027445074298,26,58000.0,260.68541492310186,430.0,21,0.12384927954793323,0.11552412191123383,0.027664664346108123,2.4603883481427538,0.24458757677275367,0.6610199912459943,0.32046587391439346,0.22,14,0.24,28,46,4
689,局部扰动,3.638711919983823,3.103099161099661,-3.1750535438366114,0.5749464561633886,2.405767969305328,3.678745381132118,3.147224523657759,4.519511068152993,3.1932320969695236,110.88494645616339,114.06,110.88494645616339,110.31,6.935288655263378,3.905767969305328,10000.0,10000.0,-0.05,-0.25,1475.511778900392,664.4428429297043,3,7,8,242.67883402738977,25,58000.0,250.0,430.0,21,0.12499610082059193,0.11238442266111738,0.029126054040040893,2.4707926312130772,0.25440873760776417,0.7000344518766072,0.3477541505765329,0.2166908160632488,14,0.22392852622836923,26,46,4
690,局部扰动,3.512909911705069,2.9862477113282155,-3.4380216551853806,0.3119783448146194,2.8320724527172527,3.864389040875305,3.1977041147464424,4.2780365877092885,3.0780627170791224,110.62197834481462,114.06,110.62197834481462,110.31,6.850049897579871,4.332072452717252,10000.0,10000.0,-0.05,-0.24127979612855185,1489.6192736102182,662.8972272908774,3,7,7,233.17855919567356,26,58000.0,250.0,430.0,21,0.11912184285281051,0.11280618796370691,0.02942830642628067,2.4853965161312663,0.2526446225894265,0.6433591145229614,0.35840016557143467,0.20444927943379018,14,0.23601103649195992,27,46,5
691,局部扰动,3.7436059810199493,3.2001976393287634,-2.8985921755078863,0.8514078244921137,2.189986829062703,4.049029360323144,3.181645829936589,4.3475624515141105,3.5770510749965028,111.16140782449212,114.06,111.16140782449212,110.31,7.140873868735581,3.689986829062703,10000.0,10000.0,-0.05,-0.2458265840611989,1486.6674557397428,678.274923366746,3,7,7,233.49907321376222,26,58000.0,250.0,430.0,21,0.1236098332137889,0.12,0.024141259590252075,2.5097501276400735,0.2512684201799258,0.6616712558001705,0.3489855012444379,0.22,14,0.21923529473166942,27,46,4
692,局部扰动,3.6724429410216186,3.1178203557583815,-2.4313324888854027,1.3186675111145973,2.1646193150544026,4.254391403823706,3.2272711530438682,4.212748582903659,3.5007817519205795,111.6286675111146,114.06,111.6286675111146,110.31,7.101802750183182,3.6646193150544026,10000.0,10000.0,-0.05,-0.24508521103757988,1493.9112373376877,630.01911740704,4,7,8,225.77180271225578,26,58000.0,250.0,430.0,21,0.12368951476925354,0.11030943961244255,0.02957179837292195,2.464243261234182,0.2667035875228116,0.6581894216730901,0.33505707314412936,0.22,14,0.24,27,47,4
693,局部扰动,3.5075704330150814,2.9215155845632745,-4.966823293027133,-1.216823293027133,3.941647612565096,3.0446390247647095,3.117771998306067,4.5237497306038055,2.866177381596363,109.09317670697287,114.06,109.09317670697287,110.31,7.3773176173762325,6.415106246986803,10000.0,10000.0,-0.05,-0.24977292226535858,1480.6861692579118,663.4679529446929,3,7,8,240.0300781749026,26,58000.0,250.0,430.0,21,0.12595968995590573,0.11323043053122298,0.03239399825084712,2.425725389743701,0.23416038312684953,0.663098405129875,0.34602508338629767,0.20826213134604973,14,0.23302213820361214,28,46,4
694,局部扰动,3.4902803129088635,2.903245389215052,-4.862623046260069,-1.1126230462600688,3.8429559634723613,3.1372306774746264,3.1285592500423456,4.46483870994478,2.8753542871598836,109.19737695373993,114.06,109.19737695373993,110.31,7.310877127079416,6.233054400480416,10000.0,10000.0,-0.05,-0.24337369730168498,1503.043594132847,657.9143504142844,3,7,7,235.73077641466318,26,58000.0,254.97511494244478,430.0,21,0.12780873858965386,0.11019168278336655,0.02940490929501248,2.4303287907784528,0.23081848282715234,0.6989366183313055,0.34492016503410167,0.21162820731011037,14,0.23194818754189744,28,46,4
695,局部扰动,3.574657983730799,3.044902946522788,-2.8428996206297654,0.9071003793702346,2.214347173779086,3.7171642138232768,3.192435851770724,4.444058736581868,3.079834102882809,111.21710037937024,114.06,111.21710037937024,110.31,6.842004126375579,3.714347173779086,10000.0,10000.0,-0.05,-0.25,1494.8941655369254,677.7737356864337,3,7,7,229.80918894889612,26,58000.0,250.0,430.0,21,0.11922141543002876,0.11526227008364347,0.028459635476095084,2.54121567384013,0.24748512977747794,0.652010437358109,0.3473181216540062,0.21933682844388094,14,0.24,26,46,4
696,局部扰动,3.5198973659909547,2.940063801123037,-4.060843488527212,-0.3108434885272118,3.106695064801992,3.208557007628459,3.1441759880330027,4.563091707605458,2.8424973204984534,109.99915651147279,114.06,109.99915651147279,110.31,6.889843098087958,4.855369855623762,10000.0,10000.0,-0.05,-0.25,1489.2206334797231,697.1867829125441,3,7,9,240.51256431404406,27,58000.0,250.0,430.0,21,0.12513420760060232,0.11872816278040582,0.0295452006355317,2.4317838782642434,0.2435588517733825,0.644395715902807,0.3660361377660464,0.22,14,0.2383215945882899,28,46,4
697,局部扰动,3.575576820527459,3.0389808321126393,-3.766290245030575,-0.01629024503057508,3.1253678951773276,3.7189079870592985,3.199374506839313,4.394407645240934,3.1255555868465095,110.29370975496943,114.06,110.29370975496943,110.31,6.944969916620493,4.638400091201787,10000.0,10000.0,-0.05,-0.25,1498.885439482138,687.4765200287789,4,7,9,236.09049256824417,26,58000.0,250.0,430.0,21,0.1253467192073491,0.11168311439000264,0.02616953791720539,2.5083551522706853,0.24429575317872007,0.6822988397220653,0.33986175456333306,0.2148687492591531,14,0.23387419024816705,27,46,5
698,局部扰动,3.5643745984531825,3.0189992119759395,-3.1603243533090364,0.5896756466909636,2.5027416039673525,3.509129307935991,3.1611654790414403,4.562204616766226,2.9528408938673496,110.89967564669097,114.06,110.89967564669097,110.31,6.809228669204355,4.002741603967353,10000.0,10000.0,-0.05,-0.24506670508792153,1486.4469559917372,665.7800265947648,3,7,8,239.0385762244126,26,58000.0,250.0,430.0,21,0.12120571513420664,0.11588112972035468,0.029992111153369663,2.437956483381873,0.2607239002491204,0.6933971019178334,0.35280011635954256,0.21745144571739583,14,0.24,26,45,5
699,局部扰动,3.519672646615474,2.9258172499497968,-3.2684494245591225,0.48155057544087754,2.5652401590199916,3.6692512073868704,3.154785037343154,4.568080101994846,2.8303630795498904,110.79155057544088,114.06,110.79155057544088,110.31,6.775210587609693,4.065240159019991,10000.0,10000.0,-0.05,-0.24475709980510632,1506.0406706042215,622.3777903226065,3,7,8,232.54920413900854,25,58000.0,250.0,430.0,21,0.11860651597120216,0.11864756274284445,0.02924372135563347,2.4760417858439165,0.24889597180591475,0.6606558361901553,0.3363260573303685,0.21683235298615458,14,0.23771169185856827,26,46,4
700,局部扰动,3.587864409039384,3.0361002825744445,-3.8181785040681575,-0.06817850406815751,3.171350568223833,3.403215544777819,3.1229792205864366,4.554884553144044,3.0426089164135663,110.24182149593184,114.06,110.24182149593184,110.31,6.925839376965736,4.725893371478359,10000.0,10000.0,-0.05,-0.24945686982615214,1494.1804789462392,680.036658857297,3,7,7,231.36864557796432,25,58000.0,250.0,430.0,21,0.1250759903594135,0.11035932936665965,0.02895857689912767,2.4076269741110745,0.25333003961744255,0.6514401989399645,0.3339981347227892,0.21907486054601605,14,0.24,27,47,4
701,局部扰动,3.52107150976129,2.876162550016469,-4.442578198434745,-0.6925781984347452,3.5439913742254827,2.972315666913931,3.1541947323573885,4.671043865595896,2.7203461869050463,109.61742180156526,114.06,109.61742180156526,110.31,7.078038170632557,5.598053932973279,10000.0,10000.0,-0.05,-0.25,1502.35824965454,671.3007965231467,4,7,7,234.49368674998502,26,58000.0,268.3465606472272,430.0,21,0.12274892559401884,0.11197466532777091,0.029152913595522988,2.35569150555637,0.24720631443255234,0.6517461352591891,0.33686135942449796,0.22,14,0.24,27,46,4
702,局部扰动,3.476027253349978,2.845557773073157,-4.115869394055295,-0.36586939405529506,3.239696785016285,3.4051136092124423,3.140857608525149,4.539375055008032,2.749973136576329,109.94413060594471,114.06,109.94413060594471,110.31,6.9061665322932635,5.032392300260522,10000.0,10000.0,-0.05,-0.24319564573533298,1504.2975417766618,635.5467045555258,3,7,7,235.50618632821417,26,58000.0,250.0,430.0,21,0.12107434205394367,0.11342174085803636,0.0289473729870225,2.4861293145224033,0.23601723139147845,0.6372380233479042,0.3374927641656192,0.22,14,0.23680056624939716,27,46,4
703,局部扰动,3.7317801076864945,3.000196559335338,-4.68259913443066,-0.9325991344306601,3.690942283566939,2.7046376805421852,3.1540947185632,5.198151696240618,2.698165375703705,109.37740086556934,114.06,109.37740086556934,110.31,7.4298651806160505,5.937021591111468,10000.0,10000.0,-0.05,-0.25,1496.9968442085506,693.3255635621904,3,7,7,239.44159243222205,27,58000.0,250.0,430.0,21,0.12346720650139487,0.11419836019042516,0.027213958612042885,2.3220073656232296,0.24716905798740418,0.6782213779600704,0.352495946111265,0.22,14,0.23562605888419738,26,46,4
704,局部扰动,3.568457488340884,3.0110707195142083,-3.3868825740485278,0.36311742595147223,2.7340453806012293,3.8878760205032634,3.1600265538326475,4.260894285660442,3.2494861080908732,110.67311742595147,114.06,110.67311742595147,110.31,6.921955850614757,4.234045380601229,10000.0,10000.0,-0.05,-0.24710772456326305,1500.4473440160234,661.8164025614238,3,7,8,242.13848388352844,26,58000.0,250.0,430.0,21,0.11909003540819793,0.11582562130498188,0.028040020672096308,2.4477524640954758,0.25190606751235295,0.6850022784408384,0.3502230500973499,0.20989467399491277,14,0.23032858838319842,27,47,4
705,局部扰动,3.5942116616676723,3.055210498621801,-3.5989313335251296,0.15106866647487038,2.720443431907852,3.633696296191061,3.1631584710597838,4.448555612925286,3.140580006687163,110.46106866647487,114.06,110.46106866647487,110.31,6.892607034373882,4.220443431907852,10000.0,10000.0,-0.05,-0.2473129937534151,1487.388534560338,700.0,3,7,7,238.98795067090202,25,58000.0,250.0,430.0,21,0.11964640238392396,0.11377743169382376,0.025359543812459837,2.5131229920076,0.23957270150878587,0.6848037242764836,0.34634377279536793,0.22,13,0.2301712697634667,27,46,4
706,局部扰动,3.5144339029821445,2.9470276139879052,-3.6403973460952557,0.10960265390474433,2.8295466765410926,3.6164550842684373,3.126766113083377,4.349907446225024,3.0527914129645155,110.41960265390475,114.06,110.41960265390475,110.31,6.792011233777486,4.329546676541092,10000.0,10000.0,-0.05,-0.25,1515.7101451477424,685.8400402094672,3,7,7,241.45237727093124,26,58000.0,250.0,430.0,21,0.12263100508029684,0.11025132525802248,0.02962770904459106,2.460427406019583,0.24312239237935543,0.6646469979499654,0.3288479992710221,0.22,14,0.2278101008806768,27,46,4
707,局部扰动,3.4695282791730304,2.875410175660543,-3.427287243153927,0.32271275684607303,2.6521836771629905,3.34873569562253,3.1819558734690716,4.507313563381149,2.742394550392222,110.63271275684608,114.06,110.63271275684608,110.31,6.6526072452944645,4.1521836771629905,10000.0,10000.0,-0.05,-0.25,1493.7973902963106,663.1520983240795,4,7,8,244.3157231215137,26,58000.0,259.5977753397519,430.0,21,0.12700308605782798,0.11753958212638463,0.028692618042991783,2.4303821138276054,0.2532725309796916,0.661477383544562,0.35102504637581844,0.22,14,0.24,26,46,4
708,局部扰动,3.5537725502086763,2.960139146374315,-4.7616725150681845,-1.0116725150681845,4.006667009852586,3.0580686456689756,3.1311279637860143,4.637732001479373,2.8617707667431143,109.29832748493182,114.06,109.29832748493182,110.31,7.35785952353327,6.3160050219071335,10000.0,10000.0,-0.05,-0.25,1507.9453448421525,651.2983496100594,3,7,7,241.85186616398363,26,58000.0,257.5953025183112,430.0,21,0.12156592247930714,0.1181499068661428,0.02904831156484731,2.4071472724554517,0.2397853459467247,0.6616748189688559,0.3431210032794697,0.21790055855365206,13,0.24,26,46,5
709,局部扰动,3.6030192897627455,3.0493911741334427,-4.4434650373286075,-0.6934650373286075,3.7096450880316367,3.28582550821404,3.133245032607623,4.612933419979603,3.017905083964879,109.6165349626714,114.06,109.6165349626714,110.31,7.285738240668037,5.7644171178945225,10000.0,10000.0,-0.05,-0.25,1504.2393392350152,692.5342077311531,3,7,8,234.79652281455856,27,58000.0,250.0,430.0,21,0.12668158709248914,0.11516219494737445,0.02775392012150222,2.42578578165999,0.24381832597234532,0.6964838052981327,0.33599464546241864,0.216898418765125,14,0.23022696932733933,27,46,5
710,局部扰动,3.54163618818402,2.9740924899058365,-2.9346911642198137,0.8153088357801863,2.2919137631221966,3.654677586786533,3.1534473668118808,4.398611141277655,3.060743327524695,111.12530883578019,114.06,111.12530883578019,110.31,6.7912114799881245,3.7919137631221966,10000.0,10000.0,-0.05,-0.24463984591859292,1494.928769359181,666.3877711483634,3,7,8,242.18591214194666,26,58000.0,250.0,430.0,21,0.12746327337091334,0.11190077975446708,0.025703913733197616,2.412064194645604,0.2624010223622043,0.631362504642563,0.3422917955869216,0.22,14,0.23144412060933575,26,46,4
711,局部扰动,3.569527211018424,2.9341029143398067,-4.082744535192816,-0.3327445351928162,3.2002735478495556,3.004586332008459,3.1271486678903657,4.784478383721632,2.743504997583491,109.97725546480719,114.06,109.97725546480719,110.31,6.9333549695526155,4.966469176003809,10000.0,10000.0,-0.05,-0.24654687158879826,1473.6817671834488,673.1547513438237,3,7,7,243.4676732825105,26,58000.0,251.41742481374126,430.0,21,0.12158686267299679,0.11335323719879285,0.02942373766736444,2.396334472947596,0.25179410775121563,0.6427644786687073,0.3447882199185593,0.22,14,0.24,27,46,4
712,局部扰动,3.5349088662189367,3.0098182143510983,-2.748812338491817,1.0011876615081832,2.1335187578951977,3.821332569641155,3.224847391237482,4.244533479777654,3.148512587117158,111.31118766150819,114.06,111.31118766150819,110.31,6.805893895716938,3.6335187578951977,10000.0,10000.0,-0.05,-0.25,1512.9917539574951,696.4223373674922,3,7,8,239.19807605366998,27,58000.0,252.91844779780288,430.0,21,0.11916923122338952,0.11752246425701446,0.032062041681665744,2.4399379300997652,0.25728306064040646,0.6486477450138443,0.36036635066461653,0.22,14,0.23741952816266584,27,46,4
713,局部扰动,3.5023284260276877,2.944806994729389,-3.601043902481962,0.14895609751803818,3.0340559078879825,3.4955784333845155,3.1571495141720205,4.396193239863826,2.960335155886175,110.45895609751804,114.06,110.45895609751804,110.31,6.783350193639814,4.534055907887982,10000.0,10000.0,-0.05,-0.2320920399134361,1507.2871115139417,681.1063120258932,4,7,9,237.21937859727532,26,58000.0,250.0,430.0,21,0.12494340719913494,0.11572107315350755,0.0306455732902173,2.3919471710870797,0.25859416036079347,0.6467295354442125,0.3327019080874747,0.21896385683737396,15,0.24,27,47,4
714,局部扰动,3.7936008400713375,3.2381044543164816,-1.8575466039089434,1.8924533960910566,1.7564745490958227,4.268562075299173,3.1858649812735824,4.288286213368784,3.7346897864265602,112.20245339609106,114.06,112.20245339609106,110.31,7.239178170707979,3.256474549095823,10000.0,10000.0,-0.05,-0.25,1484.7968814073238,692.1170128325208,3,7,8,236.2151856518602,26,58000.0,250.0,430.0,21,0.1204739111255123,0.1103978256590939,0.02913964949236728,2.4946422291611787,0.2696750375664427,0.6276566247624679,0.33841221241639113,0.22,14,0.24,27,46,4
715,局部扰动,3.616039305671368,3.0931524287282284,-2.368722498695135,1.381277501304865,1.965495835911857,4.072465942848663,3.226173852551283,4.2397212315865005,3.3476400448654084,111.69127750130487,114.06,111.69127750130487,110.31,6.961454044008456,3.465495835911857,10000.0,10000.0,-0.05,-0.25,1511.9836911513592,657.503484535615,3,7,7,235.98418967746395,26,58000.0,250.0,430.0,21,0.13026132065974932,0.11282757022198421,0.031569777724681274,2.459666357837492,0.26162331484384144,0.6566554135429085,0.34175992015558637,0.22,14,0.24,27,46,4
716,局部扰动,3.568193201179314,3.0120840484493248,-2.9320594226507666,0.8179405773492334,2.173668492366248,3.7923929549106123,3.1593318759172933,4.316659002939337,3.199756977171307,111.12794057734924,114.06,111.12794057734924,110.31,6.840846397139255,3.673668492366248,10000.0,10000.0,-0.05,-0.25,1498.5711074907704,683.6589457954394,3,7,9,242.3768732903554,26,58000.0,250.0,430.0,21,0.12393160654433744,0.11861948634428694,0.027787733553427802,2.5236918536339896,0.24675937150053814,0.6570789690293717,0.33729172079316955,0.22,14,0.23829510294879233,27,45,4
717,局部扰动,3.717507796334615,3.16170448891617,-2.7125671146750676,1.0374328853249324,2.184451494975063,4.165452400399375,3.1705314352476455,4.347756259733254,3.522019209877531,111.34743288532493,114.06,111.34743288532493,110.31,7.1329865780946715,3.6844514949750633,10000.0,10000.0,-0.05,-0.25,1504.4436356026802,692.8059324983791,3,7,7,239.94293561009283,26,58000.0,250.0,430.0,21,0.12332390054229017,0.11507971779606518,0.026051527001779286,2.539263806390449,0.24761392161903872,0.6568034958762713,0.3176224343563945,0.21252149092918082,13,0.24,27,46,4
718,局部扰动,3.5436434829969587,2.957687879586443,-4.2385390589586365,-0.4885390589586365,3.2923467460680524,3.41570716517799,3.177809281397523,4.440658217408297,3.011765772361973,109.82146094104137,114.06,109.82146094104137,110.31,7.078499300052445,5.183177993234962,10000.0,10000.0,-0.05,-0.24837573457662782,1506.1524304337504,673.1601301155035,3,7,9,237.66480868954196,26,58000.0,265.43547766139767,430.0,21,0.12338407456159772,0.11853850974121104,0.026654608163377835,2.41503142417733,0.23980151120731721,0.6512954148881671,0.32975769318996445,0.21520251608204408,13,0.22369792435962474,27,46,4
719,局部扰动,3.5188735334017,2.984317194595581,-3.5544419426394995,0.19555805736050047,2.7019737244863924,3.4564895500633313,3.1625308722805876,4.417570077727664,2.979030612905218,110.5055580573605,114.06,110.5055580573605,110.31,6.751953238278013,4.201973724486392,10000.0,10000.0,-0.05,-0.24863501956352893,1505.1252740572288,700.0,3,7,8,238.52965646744957,26,58000.0,250.0,430.0,21,0.12088971855503779,0.11451457243458898,0.02637027158527819,2.4306337715150983,0.24793940851468543,0.6697529681732398,0.36228939466363824,0.22,14,0.23921005174697263,28,46,4
720,局部扰动,3.4635806122273207,2.8438375502243267,-4.317901563539351,-0.5679015635393512,3.36078018422438,3.099326287654245,3.1410576943032273,4.550065638249349,2.703277816692174,109.74209843646065,114.06,109.74209843646065,110.31,6.94065688214235,5.31510143505586,10000.0,10000.0,-0.05,-0.25,1505.5609033818416,640.136145646553,3,7,8,233.09349725070527,25,58000.0,250.0,430.0,21,0.12270738914678077,0.11874921499245024,0.031241707771567883,2.3803378265220148,0.2436665872864278,0.6888533148610286,0.35863887078994594,0.21075333641330335,14,0.24,27,46,4
721,局部扰动,4.207131709582125,3.6028826711885564,-1.3060352876023984,2.4439647123976016,1.6308347324968722,5.027088359884246,3.255153073346314,4.305124019556005,4.5678196102568975,112.7539647123976,114.06,112.7539647123976,110.31,7.95827184085022,3.130834732496872,10000.0,10000.0,-0.05,-0.24437053372071568,1510.2785906497465,669.2779350031785,3,7,7,234.10129161320432,27,58000.0,250.0,430.0,21,0.13074208042482272,0.10749294634754405,0.02734348309587143,2.5196485860008844,0.2678093997036586,0.6559814728483876,0.33034907569363586,0.21674037709721097,14,0.23059730180363766,28,45,4
722,局部扰动,3.5756114153802456,2.9664496196646577,-4.528369450403304,-0.7783694504033036,3.588524554863809,2.9856822904211198,3.116348132929156,4.780882136339459,2.7713354452406285,109.5316305495967,114.06,109.5316305495967,110.31,7.198087176022652,5.711220115186452,10000.0,10000.0,-0.05,-0.24403858423376723,1488.9258273445603,696.4975581099363,3,7,8,226.56624082562095,27,58000.0,253.03438122272664,430.0,21,0.12951397677586524,0.11521028316027668,0.02975192698765583,2.469427450585091,0.23413540258067472,0.6802421371136348,0.33811778136054693,0.22,14,0.24,27,46,4
723,局部扰动,3.9008295531057287,3.3234823830015303,-1.751499477637097,1.998500522362903,1.7113535147026921,4.47921704184132,3.2306341732901873,4.304566201805762,3.938458992402068,112.3085005223629,114.06,112.3085005223629,110.31,7.426863337604601,3.211353514702692,10000.0,10000.0,-0.05,-0.25,1510.1875289788754,697.3605236237147,3,7,7,226.85177693804127,26,58000.0,250.0,430.0,21,0.12509821516608802,0.11139199627019317,0.02151518617126526,2.469272620391947,0.267252127138653,0.6198274293434312,0.3394036066948617,0.22,13,0.24,27,46,4
724,局部扰动,3.7050636413283526,3.1530921368677682,-2.6785934431046172,1.0714065568953828,1.9480370029541292,4.04597204460761,3.214012982624469,4.253834461177908,3.5490083274115083,111.38140655689539,114.06,111.38140655689539,110.31,7.064077679835968,3.4480370029541287,10000.0,10000.0,-0.05,-0.24692620955839642,1485.131922794317,652.4097916073799,3,7,10,242.77970867957066,27,58000.0,252.2610550006928,430.0,21,0.12256766692292678,0.11000782166107925,0.027818853557866004,2.4892428539485287,0.25573978426757105,0.6583483378329659,0.357918940910679,0.22,14,0.22532808694522946,27,45,4
725,局部扰动,3.628465448845753,3.014431121782213,-5.312095970133072,-1.5620959701330719,4.466502101221487,2.9192055114125384,3.1430309332978656,4.700257773833686,2.989394171211865,108.74790402986693,114.06,108.74790402986693,110.31,7.756126538317036,7.216178877327945,10000.0,10000.0,-0.05,-0.25,1477.5511285766684,671.1660242197056,3,7,9,235.3244486715612,25,58000.0,253.72090395743817,430.0,21,0.11952886423325797,0.12,0.02881590049408681,2.4193997616644984,0.23678590259426455,0.6638406903341775,0.353751836442315,0.20985230304959435,14,0.23263942057033077,27,46,5
726,局部扰动,3.5352862635185947,3.0149971369050728,-3.5686756186047717,0.18132438139522833,2.828489939400698,3.605284410218299,3.133136318253018,4.451736613722153,3.003855086728766,110.49132438139523,114.06,110.49132438139523,110.31,6.8184558347859525,4.328489939400699,10000.0,10000.0,-0.05,-0.25,1495.4015634423483,687.9053113658417,3,7,7,237.242741984382,26,58000.0,256.75256553694675,430.0,21,0.1318508999593922,0.11659881096085496,0.029469397104144642,2.470417737465833,0.249555402515747,0.6806702412261955,0.34115791188023775,0.20628122585104416,14,0.24,27,45,5
727,局部扰动,3.507143369673842,2.929550830001014,-3.312277636099651,0.4377223639003489,2.4341506485305775,3.5566314748403545,3.1491818017111206,4.376673083342317,2.9963308052930757,110.74772236390035,114.06,110.74772236390035,110.31,6.7267878817788755,3.934150648530578,10000.0,10000.0,-0.05,-0.25,1487.8056180039632,665.9894094568648,3,7,8,230.45809821877654,27,58000.0,250.0,430.0,21,0.12487448656107654,0.11862851275091324,0.028128690217871267,2.5129777760732477,0.24459668961681974,0.6467020501957914,0.3433279402709366,0.22,14,0.24,27,45,4
728,局部扰动,3.6125948578277254,2.9943470428870285,-4.840557701071361,-1.0905577010713614,3.855081764258781,2.896999600962527,3.115529501941857,4.81139452837363,2.840805609694363,109.21944229892864,114.06,109.21944229892864,110.31,7.415643909504754,6.22752792511587,10000.0,10000.0,-0.05,-0.24118040611457314,1471.769446328334,687.7481830063224,3,7,7,239.75152629690265,26,58000.0,250.0,430.0,21,0.12418397886766434,0.11880012627421828,0.031494680172252244,2.4566088964956685,0.2343462119572381,0.650636346150666,0.3434148397871545,0.22,14,0.24,28,46,4
729,局部扰动,3.48825671037342,2.8380717101079576,-3.9502033383732424,-0.20020333837324245,3.0926661641505757,3.1480996004782122,3.1387401208746395,4.6496762960537605,2.6608588314583717,110.10979666162676,114.06,110.10979666162676,110.31,6.772470625043959,4.752828834849169,10000.0,10000.0,-0.05,-0.25,1479.7118947169386,664.6591473248844,3,7,8,235.66688850524739,27,58000.0,250.0,430.0,21,0.11761928162108712,0.11336143003038213,0.029150683908009623,2.4893427551583183,0.24371066519316117,0.6341166305092782,0.34654007928375247,0.21762161538099817,15,0.23731204804151526,26,46,4
730,局部扰动,3.5147376581452447,2.9432303309777863,-3.4407225655666878,0.30927743443331224,2.5045797292725505,3.6754411117015686,3.1885044705671928,4.363656843875692,3.006677758355143,110.61927743443331,114.06,110.61927743443331,110.31,6.764929243601146,4.0045797292725505,10000.0,10000.0,-0.05,-0.24777965202169347,1504.8823948382812,641.9757110845378,3,7,9,236.3725982867931,26,58000.0,261.81671075143026,430.0,21,0.12432001024814426,0.11744880368754472,0.030326203715145154,2.5213431086759917,0.2376000929376275,0.668266648000238,0.3484614151063151,0.2097721418650855,14,0.24,27,45,4
731,局部扰动,3.471263283885813,2.8967222881110586,-3.922003748549713,-0.172003748549713,3.3052554087327817,3.5853605630520686,3.175627599561613,4.35380827527069,2.911185293108057,110.13799625145029,114.06,110.13799625145029,110.31,6.8673638411318,4.942858407572553,10000.0,10000.0,-0.05,-0.25,1509.9409598472496,661.604501941575,3,7,7,229.58991746270192,25,58000.0,256.6514408833324,430.0,21,0.12001926118346365,0.11731092213697818,0.026832131619583,2.531892561158781,0.23983464173250363,0.6637741568754184,0.3412029043087141,0.21223137399457148,15,0.24,27,46,5
732,局部扰动,3.629054518631208,3.0797555602693922,-2.9458470558335677,0.8041529441664323,2.138667386813353,3.8881565972336007,3.1798447814327764,4.293501566915485,3.3560036261796573,111.11415294416643,114.06,111.11415294416643,110.31,6.9408126758777104,3.6386673868133528,10000.0,10000.0,-0.05,-0.24568174158924355,1479.4463815484569,659.1175873082648,3,7,10,240.36856443467414,26,58000.0,250.0,430.0,21,0.12444729266458185,0.11162851636250667,0.02988430577075462,2.5120255508897165,0.25095286395519206,0.6783564410246922,0.3476823779447714,0.22,14,0.22815368960590865,27,45,4
733,局部扰动,3.581636956279618,2.9437285029077507,-4.144154804527119,-0.39415480452711904,3.0854656657795037,3.212520918150119,3.1261524386377584,4.712297990963116,2.859503939984676,109.91584519547288,114.06,109.91584519547288,110.31,7.0054049942001155,4.900789509401198,10000.0,10000.0,-0.05,-0.24216937810299566,1505.1373447394187,670.6233169332088,3,7,9,239.68430169008693,26,58000.0,252.34398144947758,430.0,21,0.12559736507306485,0.11167276419897122,0.029367139369029478,2.4125583134846136,0.24131433181962128,0.6647492704201802,0.33818309888773396,0.2196596394419213,14,0.2256168629259868,26,45,4
734,局部扰动,3.5801823545668308,2.9889581350973184,-2.819574143083159,0.9304258569168411,2.102806246436261,3.6305106917318843,3.175435856687387,4.4555074120633025,3.0920442611041423,111.24042585691684,114.06,111.24042585691684,110.31,6.817897668138679,3.602806246436261,10000.0,10000.0,-0.05,-0.24640706511002247,1504.984682404844,680.1714554162834,3,7,8,233.55441461531552,26,58000.0,250.0,430.0,21,0.12151645146066746,0.11949594077523981,0.02439386225803816,2.448947039924171,0.2559384713331845,0.6468524749438831,0.34244587891997713,0.22,14,0.24,26,45,4
735,局部扰动,3.569907139474362,3.0512962977300155,-3.8508480447729596,-0.10084804477295961,3.190436449946203,3.769644977258856,3.154566036727754,4.300986864181678,3.2204104553737762,110.20915195522704,114.06,110.20915195522704,110.31,6.996730553097129,4.77111488576457,10000.0,10000.0,-0.05,-0.25,1488.5553566981348,683.2037436247223,3,7,7,234.91526289418684,25,58000.0,260.6051098984048,430.0,21,0.12988051814086532,0.11116441555276206,0.02815711807859918,2.53085624915193,0.24101985719000993,0.6503146423327048,0.343282901453176,0.22,13,0.24,28,46,5
736,局部扰动,3.439737394618574,2.901653330719114,-3.9382887897720735,-0.18828878977207353,3.2684168355009753,3.5312536476854777,3.174918109306038,4.218261528124426,2.9622153416557997,110.12171121022793,114.06,110.12171121022793,110.31,6.8207358499142385,4.919047867318634,10000.0,10000.0,-0.05,-0.2466774350471977,1511.3182175522224,675.1828936983015,3,7,8,240.64131584937667,25,58000.0,261.6675139824888,430.0,21,0.12184146008930363,0.11558475255781188,0.03143932476168547,2.416261245073143,0.2503879821164979,0.6738263001850208,0.35894905715567366,0.2170115027315195,14,0.24,28,46,5
737,局部扰动,3.500017712375074,2.948809672908004,-3.6474785478418994,0.1025214521581006,2.997773641368782,3.6168411246602394,3.1497969984094922,4.315450890587294,3.0366698670397545,110.4125214521581,114.06,110.4125214521581,110.31,6.798271556373909,4.497773641368782,10000.0,10000.0,-0.05,-0.24860856244444665,1507.588280629231,654.2423679673989,3,7,8,231.59244712348078,26,58000.0,250.0,430.0,21,0.1279304660863706,0.11282873023064312,0.0286816967183353,2.4462131749411236,0.24826441273497604,0.6277690246664427,0.34303791903887515,0.22,14,0.23796927554382158,27,47,4
738,局部扰动,3.592887844449149,3.074429864777983,-3.1182228206309333,0.6317771793690667,2.3818295977781796,3.8453896607628355,3.1852846725054427,4.29021223777867,3.2697565320887607,110.94177717936907,114.06,110.94177717936907,110.31,6.909537087031711,3.8818295977781796,10000.0,10000.0,-0.05,-0.24576004373677038,1478.8413878878985,669.7850101028284,3,7,8,240.08321743831402,26,58000.0,258.6540372358832,430.0,21,0.11747302016337426,0.11286910666280787,0.027969275437691,2.546712067282769,0.2457637645780816,0.7107319835411631,0.35176452453773144,0.21732932548629214,14,0.23708674682853237,28,46,4
739,局部扰动,3.460239321449383,2.898135744940881,-3.665840458752669,0.08415954124733105,2.850667383589857,3.5354404529599406,3.1512116296094503,4.350678909511772,2.8994301880802666,110.39415954124733,114.06,110.39415954124733,110.31,6.700550986132013,4.350667383589857,10000.0,10000.0,-0.05,-0.25,1515.6964451860586,673.333122934071,3,7,8,240.25663300267374,27,58000.0,252.7646772185875,430.0,21,0.12270903995984847,0.1121226224031928,0.03148646985743674,2.492037655198609,0.2386966551597744,0.6463979108384812,0.33743926193207174,0.22,14,0.23669081295317068,27,46,4
740,局部扰动,3.6031747979034416,3.0521533702387815,-4.128489171467251,-0.37848917146725114,3.41893827796316,3.1931868003270547,3.112631849549996,4.681581507516387,2.9584248834786915,109.93151082853275,114.06,109.93151082853275,110.31,7.078931372691179,5.221729615136961,10000.0,10000.0,-0.05,-0.2478346124470528,1499.109428935122,689.3997131201025,3,7,8,236.8443044507865,26,58000.0,250.0,430.0,21,0.12307865694702226,0.1145415214510695,0.031628795653191946,2.376610236781977,0.25135240957750943,0.6824439053182255,0.3398044645466733,0.22,14,0.24,27,47,4
741,局部扰动,3.629588370258567,2.984463958814678,-4.187588491870429,-0.4375884918704287,3.1138251131172296,3.033167841658179,3.1394719202171153,4.868774027770864,2.8090955089007386,109.87241150812957,114.06,109.87241150812957,110.31,7.056173875427007,4.963895906613573,10000.0,10000.0,-0.05,-0.248184906896107,1489.4185580928295,687.8336411635804,3,7,7,231.7230225117544,27,58000.0,250.0,430.0,21,0.12891680170770012,0.11419503320331771,0.026067987464137635,2.3815333573579416,0.24655648985445203,0.6843808201225757,0.35230471099672284,0.2193107168349746,14,0.23710609945373917,27,45,4
742,局部扰动,3.535070715562586,2.9260522498435164,-3.811472863351284,-0.06147286335128399,2.967093888422937,3.0742061521078297,3.123021138968641,4.72305773957531,2.719082786593494,110.24852713664872,114.06,110.24852713664872,110.31,6.742119061725618,4.516272179103964,10000.0,10000.0,-0.05,-0.25,1469.80279996787,651.7190401614171,3,7,7,234.8940732468761,25,58000.0,263.677336824076,430.0,21,0.12387451544580787,0.11711184726796232,0.03234158827844688,2.431820057072733,0.2536142163150689,0.6470145809501254,0.3538021894598774,0.22,15,0.24,27,46,4
743,局部扰动,3.5006329399826748,2.8405879047795595,-4.1687295550810575,-0.41872955508105747,3.335060542614342,3.027427710140843,3.1585986784653164,4.6403212256217605,2.6948229758770115,109.89127044491894,114.06,109.89127044491894,110.31,6.905195833134965,5.1700441866791875,10000.0,10000.0,-0.05,-0.25,1497.0574576934532,672.8053278084923,3,7,9,232.1931135225543,25,58000.0,250.0,430.0,21,0.1263371571328022,0.11741154846995554,0.026747473759891015,2.375009503458506,0.2518849523046281,0.6697400161052145,0.33452873732306065,0.21692574143369198,15,0.24,27,46,4
744,局部扰动,3.636328986883543,3.0832132751190136,-4.844603173751693,-1.0946031737516932,4.082162239749482,3.22392641348987,3.138397608270205,4.6608712787703475,3.053302980721904,109.21539682624831,114.06,109.21539682624831,110.31,7.557038308437214,6.457844778750837,10000.0,10000.0,-0.05,-0.25,1461.12727515752,666.9950741680572,3,7,8,238.23099379530055,26,58000.0,250.0,430.0,21,0.12587298388177967,0.11084704161207488,0.02868636671134526,2.551191908820132,0.2338906170017163,0.6654941048290249,0.32760487219496703,0.21150624946276383,15,0.2268352928050059,27,46,5
745,局部扰动,3.556117147021591,2.8802925737612113,-4.596102726971935,-0.8461027269719352,3.674237311772037,2.8509811883875815,3.119999921720895,4.791238992819977,2.701433408557677,109.46389727302807,114.06,109.46389727302807,110.31,7.186782268119818,5.851119493349585,10000.0,10000.0,-0.05,-0.24730675237887442,1465.8587398681095,639.0199051486966,3,7,7,245.30280848399397,26,58000.0,261.5568011439699,430.0,21,0.12365050452648807,0.11538772275291634,0.03092985836271444,2.4238927082665134,0.24540637701322016,0.6501910177325401,0.3460110221842662,0.22,15,0.24,27,46,4
746,局部扰动,3.678767290615154,3.116042200999533,-3.784736013823604,-0.03473601382360414,2.724756294293131,3.5304106926225756,3.141343948402044,4.608607829494338,3.2118451767091254,110.2752639861764,114.06,110.2752639861764,110.31,6.996712210807016,4.252545105352015,10000.0,10000.0,-0.05,-0.25,1502.375564914773,684.9102763303991,3,7,8,233.20725955509684,25,58000.0,250.0,430.0,21,0.12379794341589277,0.10804629075984176,0.02742922760246011,2.424138777681029,0.2440628420423631,0.6738798356249953,0.3497443085377974,0.22,14,0.21757601729949955,27,45,4
747,局部扰动,3.5706388122428727,3.022016888811614,-3.3251934254716673,0.4248065745283327,2.4990755513379748,3.8324684099353026,3.1906424856991964,4.272107396229208,3.2291854612706348,110.73480657452833,114.06,110.73480657452833,110.31,6.883368156318462,3.9990755513379748,10000.0,10000.0,-0.05,-0.25,1492.0183811690272,634.7392444540365,3,7,8,238.55005138601675,26,58000.0,250.0,430.0,21,0.12403749557429129,0.11149941998124636,0.029053692748752212,2.492939914794615,0.24662345237398678,0.6642406741796066,0.3529794303342668,0.22,14,0.22137025976036803,27,46,4
748,局部扰动,3.4571207924919087,2.9173366246968047,-3.388873910639745,0.3611260893602548,2.611371379087164,3.6526640911733206,3.1935341995065163,4.206729679624195,3.0066605436283695,110.67112608936026,114.06,110.67112608936026,110.31,6.703592903582985,4.111371379087164,10000.0,10000.0,-0.05,-0.24681008771218357,1501.1280114120161,668.5134072533607,4,7,8,245.88113405815344,26,58000.0,261.4062858117891,430.0,21,0.1227752394530311,0.11769488138023199,0.027987390258362638,2.451118989315626,0.24965373869556157,0.6632841060707578,0.35135113449661304,0.21589350701983476,14,0.24,28,46,4
749,局部扰动,3.640312807824298,3.1122109285308204,-2.3961622236875257,1.3538377763124743,1.9376585460928855,4.10432412700821,3.236421773870553,4.227861271121066,3.409512740729895,111.66383777631248,114.06,111.66383777631248,110.31,6.996858080145707,3.4376585460928855,10000.0,10000.0,-0.05,-0.25,1502.9982151836928,633.2552485840557,3,7,8,239.32765709634282,26,58000.0,259.52326354551866,430.0,21,0.1276839062527174,0.11521245747825803,0.02706764198175341,2.4763683765283386,0.25999704615833863,0.6930425283193797,0.35386961495032887,0.21767249897135882,14,0.2356798561007604,27,46,4
750,局部扰动,3.510687747305148,2.8598747394778137,-4.34066873576279,-0.5906687357627902,3.443971182644389,2.9348376197060615,3.1261598784244793,4.675473997227274,2.702769992635885,109.71933126423721,114.06,109.71933126423721,110.31,6.994049791094823,5.416506171254621,10000.0,10000.0,-0.05,-0.25,1475.3942642389486,657.2912601446059,3,7,8,230.44803988652043,26,58000.0,250.0,430.0,21,0.12066950914289062,0.12,0.0313685600366401,2.3863254275034236,0.24984577244140313,0.6516275834116263,0.34152405573485844,0.22,14,0.24,27,46,4
751,局部扰动,3.484030011749914,2.8827941659272622,-4.197862748989991,-0.4478627489899907,3.277581749797139,3.2887806936330675,3.181166354940364,4.389107620471012,2.9060828047938223,109.86213725101001,114.06,109.86213725101001,110.31,6.950713818031186,5.135871948989132,10000.0,10000.0,-0.05,-0.24970407912701195,1467.8273920744189,670.4877959927741,3,7,9,235.87775154100166,27,58000.0,250.0,430.0,21,0.11983471313837657,0.12,0.025674750004827204,2.4723311287863665,0.24269404217144935,0.6475973175052513,0.34130389872145334,0.21921365535017012,14,0.23127754874840847,28,46,4
752,局部扰动,3.646997957582488,3.108861998850292,-2.5482941180669627,1.2017058819330373,2.0442406812857272,4.109344268851563,3.2256299600956013,4.34525096870563,3.3312293594568096,111.51170588193304,114.06,111.51170588193304,110.31,7.011528318423654,3.5442406812857272,10000.0,10000.0,-0.05,-0.24242566362156379,1497.4211161046687,670.740847231339,3,7,8,231.6236518076881,26,58000.0,250.0,430.0,21,0.1198909701141015,0.111986280371873,0.029037061004702658,2.5916561299756564,0.2460238692933098,0.656864166876076,0.33704274979843146,0.22,14,0.23410711231984369,26,46,4
753,局部扰动,3.792363711268831,3.235250100612733,-2.0813799357343328,1.6686200642656672,1.7326972744045592,4.1340247928938,3.202662154859536,4.403128261773104,3.6339667643907285,111.97862006426567,114.06,111.97862006426567,110.31,7.196632635949929,3.2326972744045595,10000.0,10000.0,-0.05,-0.24119578760940344,1479.4207360996684,670.2136864324336,3,7,8,250.1544976515987,25,58000.0,283.5026964203829,430.0,21,0.12165451530151403,0.11923976025117829,0.026747393697778434,2.6176745959318106,0.2512424522977515,0.6872698073510097,0.33143664333352424,0.22,14,0.24,26,45,4
754,局部扰动,3.4452424399193893,2.875278109228855,-4.318773423488892,-0.5687734234888921,3.4481821215707384,3.3797229708432313,3.1199560275112046,4.304176419074677,2.9241809989815604,109.74122657651111,114.06,109.74122657651111,110.31,6.9940164068837705,5.403200860361853,10000.0,10000.0,-0.05,-0.24261179961948282,1485.954411574915,661.462958105698,3,7,9,234.86217102724268,26,58000.0,266.34073808621093,430.0,21,0.12720748008282692,0.11375113235149131,0.030743733807737813,2.441955581158434,0.24317617678368197,0.6730599234486306,0.3428033626426772,0.21476039220547724,13,0.24,28,45,5
755,局部扰动,3.525910700956923,2.9475893065299514,-3.6654620622899614,0.08453793771003859,2.8813875745142825,3.3271024529537847,3.1568010419343318,4.501362044530988,2.9161550344710148,110.39453793771004,114.06,110.39453793771004,110.31,6.75511165213187,4.3813875745142825,10000.0,10000.0,-0.05,-0.25,1458.6144500991077,691.9788222487618,3,7,8,235.32696727323972,27,58000.0,250.0,430.0,21,0.12170854686283586,0.12,0.02646906255439012,2.5106694519330963,0.24951023336370018,0.6697133818844035,0.33870902012313125,0.22,15,0.24,28,46,4
756,局部扰动,3.5513599535146865,2.9337716856016036,-5.0131253115352195,-1.2631253115352195,4.044836113957726,2.93470766633642,3.1542462883278217,4.626486764855801,2.8540360959487807,109.04687468846478,114.06,109.04687468846478,110.31,7.4521536043925645,6.555336363185901,10000.0,10000.0,-0.05,-0.2467431813955301,1500.051413134087,647.1919243699665,4,7,8,234.8546474964604,26,58000.0,250.0,430.0,21,0.12576111959746178,0.11686317637354834,0.030049749207867793,2.378250452074096,0.23670465672028576,0.6410935776064633,0.33646087490545284,0.21611095264124663,14,0.24,28,46,4
757,局部扰动,3.5024483648946374,2.963521532065864,-3.03439447489626,0.7156055251037401,2.3361720746586565,3.7978736343384685,3.2070982711314224,4.278292362320554,3.0464294415573985,111.02560552510374,114.06,111.02560552510374,110.31,6.768875882024116,3.8361720746586565,10000.0,10000.0,-0.05,-0.24205712311526914,1492.7988179373376,652.6804009768206,3,7,8,231.09192049639256,27,58000.0,261.4120410769315,430.0,21,0.12672443652176923,0.1134904290911485,0.026398746790317066,2.5176251026192418,0.24805036467178126,0.6450332496349289,0.3538169256330602,0.21395746130050503,14,0.24,27,46,4
758,局部扰动,3.605306655665345,3.015499424153202,-4.095480295646183,-0.3454802956461833,3.1826938512356717,3.2204477223496206,3.129311537237856,4.716347924832589,2.917804406143307,109.96451970435382,114.06,109.96451970435382,110.31,7.034541384968659,4.959078087752618,10000.0,10000.0,-0.05,-0.24112325919871996,1460.9445669672596,672.2402078073742,3,7,7,238.16042903176788,25,58000.0,250.0,430.0,21,0.13120072097885047,0.11704010965950215,0.02756562696265058,2.493886674184712,0.2442265501171751,0.672450593715655,0.3386290110583432,0.22,15,0.2233512413563906,27,46,4
759,局部扰动,3.6932826911809835,3.0859920900252797,-5.0735007319541126,-1.3235007319541126,4.537642594876137,2.9866379635904483,3.1239063297743184,4.682949988493916,3.185446945133054,108.98649926804589,114.06,108.98649926804589,110.31,7.7673024515541735,7.096443180439427,10000.0,10000.0,-0.05,-0.25,1473.5559775798965,648.4608503208594,3,7,8,239.8693059338302,27,58000.0,258.36279437127484,430.0,21,0.12137353637902462,0.11401411163475697,0.031205606124710975,2.4034984056877686,0.25007900035860375,0.685338136114878,0.34162370434810435,0.22,15,0.24,27,47,5
760,局部扰动,3.4550399238887906,2.8249156119030787,-3.93633116876984,-0.1863311687698399,3.085780267798939,3.1835569136341832,3.1435211449516953,4.495949455293568,2.7379780699363954,110.12366883123016,114.06,110.12366883123016,110.31,6.734368759077195,4.734845202814811,10000.0,10000.0,-0.05,-0.25,1474.1226699116914,656.1143329655005,3,7,10,236.6828047526118,26,58000.0,250.0,430.0,21,0.12200352179498494,0.1114307346532129,0.02767186990994992,2.424715492903657,0.25097633014252696,0.6594183753730171,0.3435950897170915,0.21789960937983358,14,0.24,27,46,4
761,局部扰动,3.6527145912058248,3.080060306710163,-4.5589058341011395,-0.8089058341011395,3.795900432968027,3.03892250335663,3.1346146224254965,4.796715890082825,2.9563832064935656,109.50109416589886,114.06,109.50109416589886,110.31,7.367021970770575,5.9430251002489385,10000.0,10000.0,-0.05,-0.23436590589131745,1478.9076237348893,679.2292968079438,3,7,8,239.02699736072142,26,58000.0,250.0,430.0,21,0.1299280502377142,0.11389874445788409,0.028192146367451584,2.406600302936612,0.24560771075348412,0.6770474979782057,0.3383893067873477,0.21854193944173553,14,0.24,27,47,4
762,局部扰动,3.4992213689486142,2.9582624255918377,-3.1735202564429983,0.5764797435570017,2.3990492038590525,3.788824963482474,3.2022569252720046,4.256386630707604,3.0613939014675475,110.886479743557,114.06,110.886479743557,110.31,6.76597935911388,3.8990492038590525,10000.0,10000.0,-0.05,-0.24757893261951006,1501.2738658025992,669.7636583635089,3,7,8,238.87767076330545,26,58000.0,250.0,430.0,21,0.12371044913788333,0.11234206480436441,0.025843172373469187,2.4883373559875213,0.2457287217773902,0.6764993509959774,0.3599506387530469,0.2138936780699483,13,0.24,27,46,4
763,局部扰动,3.6866768302730692,3.1498278636630066,-2.696230013639962,1.053769986360038,2.316347762559705,4.206678860946145,3.2596992885539877,4.283407394710064,3.4604212490852566,111.36376998636004,114.06,111.36376998636004,110.31,7.122068315772365,3.816347762559705,10000.0,10000.0,-0.05,-0.24760312326346098,1480.8308120060806,677.1332977303854,3,7,8,235.64434320942382,26,58000.0,259.94459847163085,430.0,21,0.12238774027224635,0.10916968877197361,0.03098245337920644,2.5751409483322045,0.25497407027384045,0.6382209257190724,0.34672800437409584,0.22,14,0.2368056002458631,27,46,5
764,局部扰动,3.5722415047868754,2.942610918175671,-5.132781244930911,-1.3827812449309107,4.161798284220971,2.909016911870241,3.1504101983756985,4.647252646868773,2.890612903043581,108.92721875506909,114.06,108.92721875506909,110.31,7.548415715752756,6.7680232801657,10000.0,10000.0,-0.05,-0.25,1482.0499350905925,666.8165352379345,3,7,10,235.54647905685826,25,58000.0,250.0,430.0,21,0.12188091514738396,0.10845268719064668,0.030216197075025365,2.4379597902825716,0.2317604927867772,0.6658704596206834,0.3306131862925042,0.22,14,0.23821312873298023,28,46,4
765,局部扰动,3.5826896804421695,3.0276630024330666,-3.451273875842304,0.29872612415769595,2.7957611318694253,4.008490455167124,3.1747053210615754,4.1591156308578325,3.362247786035881,110.6087261241577,114.06,110.6087261241577,110.31,6.973781554077338,4.295761131869425,10000.0,10000.0,-0.05,-0.25,1486.3119075912643,631.2035139002115,3,7,8,226.68287996186655,26,58000.0,256.74480841967045,430.0,21,0.12640726821349765,0.11358237424664192,0.027742444319196542,2.508094169761276,0.2469520093912941,0.6893121469784782,0.347448869795466,0.2135505399063359,14,0.23259669720837284,28,47,4
766,局部扰动,3.458384521877641,2.8539822615443127,-4.009831839674703,-0.25983183967470325,3.0895937285730595,3.2658762473673035,3.1758750513602725,4.483993535364345,2.7407394113586205,110.0501681603253,114.06,110.0501681603253,110.31,6.789122957994835,4.797459200312822,10000.0,10000.0,-0.05,-0.24191954051598605,1494.1918462315116,666.2619520084122,3,7,8,229.1449833954781,26,58000.0,254.56250759270492,430.0,21,0.12166820292556552,0.10718080373879194,0.027177331381332295,2.4787510918102993,0.24036976648471006,0.6442458555908221,0.3601017708288389,0.22,15,0.2333428861422794,27,46,4
767,局部扰动,3.5792085500271194,3.026956140864152,-3.510902723205831,0.23909727679416903,2.8071143132961787,4.034081075458847,3.166714427095943,4.190772489594497,3.3317294031126337,110.54909727679417,114.06,110.54909727679417,110.31,6.970974877006974,4.307114313296179,10000.0,10000.0,-0.05,-0.24759597417536716,1501.8438866757197,654.7922652665071,3,7,7,238.24535668034954,26,58000.0,285.3732864947253,430.0,21,0.12421959987258793,0.11843245338888506,0.028342571748321842,2.4595653780260758,0.24750008234928744,0.6750185128998621,0.3597746794456189,0.1962059218300133,14,0.2345150301817978,28,47,4
768,局部扰动,3.5897368403807692,3.037093633823195,-3.201210071520734,0.5487899284792661,2.342058969887475,3.484004033303054,3.135345297327816,4.524283090008189,3.0710900085962107,110.85878992847927,114.06,110.85878992847927,110.31,6.817557516310043,3.8420589698874754,10000.0,10000.0,-0.05,-0.2456752470447379,1469.491774586917,673.0392716075754,3,7,7,241.98978539489627,27,58000.0,256.30799050450645,430.0,21,0.12051103317554626,0.11826935003785627,0.029226722229722956,2.500989230341115,0.25057531499297825,0.664472598685396,0.3460960654774844,0.22,14,0.24,27,45,4
769,局部扰动,3.459355096188457,2.8938265546537694,-3.240611658729293,0.5093883412707072,2.477787424103834,3.587298447417252,3.204853538283523,4.304522641404269,2.912220333965067,110.81938834127071,114.06,110.81938834127071,110.31,6.677531149078921,3.977787424103834,10000.0,10000.0,-0.05,-0.24817610326811868,1507.8224483564636,675.5016088563573,3,7,8,237.58263357339436,26,58000.0,256.3938690086238,430.0,21,0.12334823259278799,0.1087286157048656,0.023125214599551615,2.458515482396372,0.2491820749057988,0.6588640665462365,0.3597405628626557,0.22,14,0.24,27,46,4
770,局部扰动,3.549812595708722,3.0100731833328918,-4.053746715691645,-0.3037467156916449,3.597304914585974,3.4537511823053806,3.141839816000291,4.447392963127475,3.0406829221323384,110.00625328430836,114.06,110.00625328430836,110.31,7.055800427251979,5.34030228713929,10000.0,10000.0,-0.05,-0.2480637810973534,1519.2096391025364,658.9488076614831,3,7,9,232.42778749740708,26,58000.0,250.0,430.0,21,0.11700756721259584,0.12,0.029967237054169867,2.4025806323753933,0.2534416131059512,0.6862550741181348,0.3440287820415173,0.22,14,0.24,26,47,5
771,局部扰动,3.8089218114619543,3.0589484987360263,-5.719624599716269,-1.9696245997162691,4.677957683093661,2.636586232853814,3.219213343332279,5.107918423288993,2.992804212279388,108.34037540028373,114.06,108.34037540028373,110.31,8.159492625916853,7.753657362866677,10000.0,10000.0,-0.05,-0.24205016280395547,1468.7565843811592,683.8943312872077,3,7,9,245.15613987828766,26,58000.0,250.0,430.0,21,0.1221554197561685,0.11669992216527099,0.029288182484856446,2.4205503868930265,0.22778080316712418,0.6316338593611199,0.3316086252587657,0.22,14,0.2303480961251364,27,46,4
772,局部扰动,3.576877414411665,3.0128518463415173,-3.710415752390901,0.039584247609099066,2.8574160310234396,3.449430931004271,3.15913363089306,4.487359134412023,3.061555218252499,110.3495842476091,114.06,110.3495842476091,110.31,6.847025670148465,4.3574160310234396,10000.0,10000.0,-0.05,-0.25,1507.1784667227912,683.248931521545,3,7,8,235.9230054029038,26,58000.0,250.0,430.0,21,0.12635012539570922,0.11392731824544977,0.024637661696742502,2.3814587596644623,0.25203745633081476,0.682366926746891,0.34437598583271684,0.22,14,0.2316479434551927,28,46,4
773,局部扰动,3.6222187561253403,3.0026308238988086,-3.980929516579579,-0.23092951657957883,3.055277516052815,3.0392257603080424,3.108087789845075,4.890629317107167,2.7810899075063533,110.07907048342042,114.06,110.07907048342042,110.31,6.941931539034933,4.740021129316478,10000.0,10000.0,-0.05,-0.24234128123339654,1454.1938132668456,697.1695817597365,3,7,7,238.05498458529507,26,58000.0,257.8660157141191,430.0,21,0.12427458043204631,0.11676442990672138,0.03225591095741472,2.4169510423362843,0.25363896068298986,0.6942219314593532,0.35306307558925826,0.22,14,0.22823559794795206,26,46,4
774,局部扰动,3.4719183523250616,2.9021419041873995,-3.207004134375296,0.5429958656247038,2.4724644773430238,3.4835551499962194,3.1804750804161888,4.441290022991472,2.8206175110338774,110.8529958656247,114.06,110.8529958656247,110.31,6.669300708602087,3.9724644773430238,10000.0,10000.0,-0.05,-0.23486287263488886,1490.6786964758328,665.1403186016248,3,7,9,245.49269642267552,25,58000.0,253.7403274737904,430.0,21,0.12364539640224351,0.1146648481303535,0.02882131849131486,2.4745323297503696,0.2515003250752732,0.693455146339858,0.35376936763631217,0.22,14,0.24,26,46,4
775,局部扰动,3.754061678401527,3.2022775249584914,-2.3669047733773283,1.3830952266226717,1.9065903285640218,4.309837049385306,3.263376402842773,4.313316561955655,3.5901012070709513,111.69309522662267,114.06,111.69309522662267,110.31,7.190397030955201,3.4065903285640218,10000.0,10000.0,-0.05,-0.2429696637028199,1512.6033750126862,674.9678267227148,3,7,9,241.80746910017848,26,58000.0,250.0,430.0,21,0.12540875786649686,0.11451434319882349,0.026902765618826627,2.5547119064776322,0.24909509097250038,0.6749081685468835,0.3450746652038298,0.22,14,0.22608574501300846,26,46,4
776,局部扰动,3.431258353634654,2.82477751146894,-4.130629757778522,-0.3806297577785216,3.2162863018818815,3.2007360878785125,3.1350646523338765,4.384692712400091,2.7971941914978924,109.92937024222148,114.06,109.92937024222148,110.31,6.8169830239730995,5.020790108104698,10000.0,10000.0,-0.05,-0.2442662676587886,1476.4503398342995,658.9497730739398,3,7,9,237.5295400441596,26,58000.0,250.0,430.0,21,0.12936972879678355,0.11343114075012602,0.02755928969000966,2.4241882718387804,0.24726160147844237,0.670887807395106,0.35341684263697265,0.22,14,0.23867575537049746,28,46,4
777,局部扰动,3.5698222649057056,2.948368166751205,-4.316282922551991,-0.5662829225519914,3.3725812558666415,3.083425544725562,3.1535505940576334,4.7298635418308494,2.791234609544467,109.74371707744801,114.06,109.74371707744801,110.31,7.083985292509321,5.325607593908234,10000.0,10000.0,-0.05,-0.24876902466177628,1471.8193296637144,681.1667333133972,3,7,8,239.0319004496802,27,58000.0,250.0,430.0,21,0.12185407800864875,0.11503342556824453,0.02668321586108839,2.4788838887105693,0.23874596508345872,0.6881082010229967,0.3446868298577857,0.21697137427595264,14,0.23626999332202142,27,46,4
778,局部扰动,3.66729434846249,3.1245587777758934,-3.220548521923817,0.529451478076183,2.299709577196767,3.734071710567983,3.234410110085866,4.519441560861304,3.2191819124114476,110.83945147807619,114.06,110.83945147807619,110.31,6.970771211595773,3.799709577196767,10000.0,10000.0,-0.05,-0.2465698806429529,1492.0285603868867,678.2202032710629,3,7,7,231.2829691667719,26,58000.0,254.36125691185262,430.0,21,0.12794046634333195,0.11214040996930225,0.032099766362215454,2.553981633315132,0.23863153083770242,0.6644399108262146,0.3524932040056429,0.22,14,0.22889837673711536,26,45,4
779,局部扰动,3.5527295384536535,2.9970253681849575,-2.594887094617789,1.155112905382211,2.098315439378534,3.822870170709503,3.172199503910849,4.361675782510283,3.113537603016885,111.46511290538221,114.06,111.46511290538221,110.31,6.827850933270829,3.598315439378534,10000.0,10000.0,-0.05,-0.24713177952716542,1484.9476427820437,628.4438285333929,3,7,8,237.04184310644277,27,58000.0,254.77059867377542,430.0,21,0.11934766317157854,0.11628478444661877,0.028369765060273146,2.497010531735035,0.2593887016619099,0.6571818659479558,0.33920678705354956,0.21684767933196306,14,0.24,26,46,4
780,局部扰动,3.56626307231345,2.9713672450272606,-5.002475141729761,-1.2524751417297608,4.185474130197969,2.98091007880659,3.1454905470147256,4.637826436428808,2.8873401047170937,109.05752485827024,114.06,109.05752485827024,110.31,7.497981076669025,6.687454243581778,10000.0,10000.0,-0.05,-0.24830669604947334,1501.258396572947,676.1902838787584,3,7,9,237.09991250886958,26,58000.0,250.0,430.0,21,0.12954510967742697,0.11397479919997461,0.03113130528751046,2.3371545342165,0.24603175243303368,0.6444185443706585,0.3684855400701727,0.20941181465302866,14,0.24,27,46,5
781,局部扰动,3.4568958995845955,2.8984085420999577,-3.1329499137946755,0.6170500862053245,2.4269273293528384,3.5190556975318636,3.1530016229113054,4.322727046501619,2.9174904965878867,110.92705008620533,114.06,110.92705008620533,110.31,6.657453258568895,3.9269273293528384,10000.0,10000.0,-0.05,-0.25,1505.4619571756743,677.3376683752053,3,7,8,239.94473311259443,27,58000.0,259.48915932226976,430.0,21,0.13190693481355698,0.11518028391780405,0.025687215383832566,2.391444832970521,0.259714328054567,0.6563008448972091,0.3536822408689461,0.22,14,0.24,27,46,4
782,局部扰动,3.6787398035242527,3.1419746618613975,-2.769565244963701,0.9804347550362991,2.0845999864951223,4.13853264527246,3.2733886779502006,4.32766626652867,3.3978724346482245,111.2904347550363,114.06,111.2904347550363,110.31,7.0591310469735244,3.5845999864951223,10000.0,10000.0,-0.05,-0.24715939087172292,1520.5812726862164,692.4926736048143,3,7,9,226.6494966465769,26,58000.0,253.4480270336462,430.0,21,0.1284844815007159,0.1156158087001154,0.025709394881519937,2.50181141927672,0.24681403724913456,0.6621136035925814,0.3637320930605632,0.21025749450739684,14,0.22404819278681876,26,46,4
783,局部扰动,3.6515942553099814,3.1354565197776245,-2.8471597671992726,0.9028402328007274,2.1724418452799417,3.9213529394245135,3.1883024245006357,4.344039089107936,3.3619935518080752,111.21284023280073,114.06,111.21284023280073,110.31,6.987485893796904,3.672441845279942,10000.0,10000.0,-0.05,-0.25,1470.8559138248063,656.4418587216874,3,7,7,237.85433772531297,26,58000.0,264.0818660445111,430.0,21,0.1242278933070381,0.11719916172554683,0.02795784988184133,2.542263708071808,0.2513378942144454,0.6475197094710458,0.35510686267515706,0.21702341139618528,14,0.23052348566517356,27,46,4
784,局部扰动,3.489438422309707,2.938822552595208,-3.2007029638644724,0.5492970361355276,2.473011048369435,3.6752741993722853,3.16629616082706,4.297905518223636,3.0175413531183626,110.85929703613553,114.06,110.85929703613553,110.31,6.738265932306298,3.973011048369435,10000.0,10000.0,-0.05,-0.2489388408829608,1481.4394055976502,626.0186731566513,3,7,8,237.20960256782166,27,58000.0,250.0,430.0,21,0.12546851133883882,0.11429857819614343,0.028839202671483363,2.4937993110064807,0.25132138468339543,0.6583241042795366,0.3461429366891443,0.2175581524156856,14,0.23618327478652207,27,46,4
785,局部扰动,3.450666730717847,2.8789289569974206,-3.4830208755868597,0.2669791244131403,2.6964517890112814,3.5100590377535332,3.15290733914931,4.345837411959994,2.8782379682522397,110.57697912441314,114.06,110.57697912441314,110.31,6.668226286504352,4.196451789011281,10000.0,10000.0,-0.05,-0.24672967847757252,1483.4988452560438,658.9135219495552,3,7,9,234.49400711237263,27,58000.0,250.0,430.0,21,0.1250024922854091,0.11443821105790514,0.027063652577007144,2.4841208849830796,0.2481140151263608,0.6482131187371696,0.3460815350886545,0.21510241187214488,14,0.23935666426533042,27,46,4
786,局部扰动,3.647844755949885,2.995147341228226,-4.766635325726668,-1.0166353257266678,3.781392246351946,2.8182644978356994,3.126924371421621,4.960235441913983,2.761143375159574,109.29336467427333,114.06,109.29336467427333,110.31,7.397292084219099,6.09470050693328,10000.0,10000.0,-0.05,-0.24287399242147018,1477.9213646978326,700.0,3,7,8,243.17247778622217,26,58000.0,257.6059911696493,430.0,21,0.12628756683564815,0.11713991235907231,0.029492836758669233,2.429857014841123,0.23715982769687852,0.6950617680258317,0.34626925492138055,0.22,14,0.23904667623810763,27,46,4
787,局部扰动,3.54433872436813,2.925711376536703,-4.066970800300339,-0.3169708003003393,3.1616455336522007,3.0874772016012515,3.1340605595664512,4.706032218245552,2.7582556671348457,109.99302919969966,114.06,109.99302919969966,110.31,6.90426546426105,4.915222173892473,10000.0,10000.0,-0.05,-0.25,1476.83521250248,676.9262162716204,3,7,7,229.72754229646114,26,58000.0,250.0,430.0,21,0.12210095832686349,0.12,0.02773189731541338,2.4621846515330597,0.24323869038159365,0.649639147755747,0.34972231381244684,0.22,14,0.24,27,46,4
788,局部扰动,3.5205930952699305,2.9451753816239186,-3.6849765025274195,0.06502349747258052,2.890849554385207,3.5730553091211026,3.1592408978430946,4.2972009986294415,3.1002191987012417,110.37502349747258,114.06,110.37502349747258,110.31,6.803434142286068,4.390849554385207,10000.0,10000.0,-0.05,-0.24471484787990136,1497.008088274641,663.6647239847747,4,7,8,239.88869679785662,26,58000.0,250.0,430.0,21,0.12334412818998554,0.11807712474808393,0.02883268951778889,2.400455090289241,0.2537717916681634,0.673953806333568,0.3261848802936365,0.22,14,0.22889288067729566,28,46,4
789,局部扰动,3.5213987054319134,2.8750761154338913,-4.6470770769151954,-0.8970770769151954,3.623063706665359,2.958546860991241,3.1402484383352594,4.676673730635049,2.7232753686368087,109.4129229230848,114.06,109.4129229230848,110.31,7.179301607653041,5.840725368197515,10000.0,10000.0,-0.05,-0.24544323902740844,1508.4617514038296,658.0470975368247,3,7,8,233.25443443614512,26,58000.0,261.73305486093386,430.0,21,0.1263680520466469,0.11787885097164126,0.027600391698962473,2.386463542059629,0.23762563940442527,0.6803956287165895,0.36252640407607806,0.22,14,0.2338772475907007,27,46,4
790,局部扰动,3.600375726341681,2.95911576080919,-4.3459755045380035,-0.5959755045380035,3.4598085751204164,2.9998292931107557,3.1679649259000557,4.805743600353906,2.78222269688532,109.714024495462,114.06,109.714024495462,110.31,7.135150371001614,5.4365889787508195,10000.0,10000.0,-0.05,-0.24681314905727106,1467.0695167367928,673.7228203007272,3,7,9,231.33518300320364,26,58000.0,251.19339067318631,430.0,21,0.12842047760681097,0.11512518336714316,0.02711993078129842,2.450125833833422,0.24390528416116913,0.68341667465779,0.3300998314777534,0.22,14,0.2390193533036261,27,46,4
791,局部扰动,3.588705301090841,2.905707483650273,-4.684416994816075,-0.9344169948160754,3.7675701484166866,2.8325654802627827,3.1884859718944103,4.802636801459196,2.740174740471685,109.37558300518393,114.06,109.37558300518393,110.31,7.286356443555216,6.015103744269547,10000.0,10000.0,-0.05,-0.2460920054885003,1473.6053437894154,683.7986914728355,3,7,10,231.16878830924085,25,58000.0,250.0,430.0,21,0.1252836567158251,0.11359119585873502,0.027500476831144774,2.365759928250791,0.24818771849611768,0.6661563187745468,0.33533219678090587,0.22,14,0.24,27,46,4
792,局部扰动,3.5832336322704545,3.0573480428401627,-3.127393169187769,0.6226068308122308,2.44593970474272,3.817380701494554,3.2753079342063938,4.368312701601598,3.1279512950606723,110.93260683081223,114.06,110.93260683081223,110.31,6.898649165199375,3.9459397047427203,10000.0,10000.0,-0.05,-0.25,1473.4564165864958,686.750601357473,4,7,9,245.26483774583042,26,58000.0,251.9502908585873,430.0,21,0.11914651591939293,0.1163683428665109,0.024877554670191745,2.602351057182116,0.2439337850791635,0.702685590543078,0.3577584413347573,0.22,14,0.24,27,45,5
793,局部扰动,3.521127904317216,2.9664870222479744,-3.211414711862375,0.5385852881376252,2.632254641930204,3.7302148531573884,3.1540151350498817,4.334472980119889,3.0695944252419793,110.84858528813763,114.06,110.84858528813763,110.31,6.815479608945888,4.132254641930205,10000.0,10000.0,-0.05,-0.23924942356700996,1501.963570393844,683.5443161722461,3,7,8,242.8897581459909,26,58000.0,251.05566973943436,430.0,21,0.12011955330310825,0.11381335756120081,0.028013707959289938,2.444331017715876,0.2536712104855755,0.637802901266971,0.3474298248916275,0.22,13,0.24,26,47,4
794,局部扰动,3.5234938138521925,2.9886537413231795,-3.229759255484339,0.5202407445156609,2.4907324272109337,3.5528255666664097,3.243621063989807,4.434651239621996,2.9279661547796696,110.83024074451566,114.06,110.83024074451566,110.31,6.761050901453328,3.9907324272109337,10000.0,10000.0,-0.05,-0.25,1507.3271845594656,682.935898729305,3,7,8,237.3061124524499,26,58000.0,250.0,430.0,21,0.1239163534548163,0.11430623873168784,0.0327782220817468,2.4979748814567797,0.24634407158263366,0.6924923756857676,0.35404735072224036,0.22,15,0.24,27,46,4
795,局部扰动,3.6492845222806567,3.1002880111144107,-3.3895606578900725,0.36043934210992745,3.0701043968091466,4.172400974321469,3.184096813517974,4.241973945225249,3.44446254778969,110.67043934210993,114.06,110.67043934210993,110.31,7.139986073936721,4.570104396809147,10000.0,10000.0,-0.05,-0.24860871870405551,1510.5721146550175,656.8198729098219,3,7,8,240.07063626333832,26,58000.0,250.0,430.0,21,0.12266657437573629,0.11829105300393816,0.028370546733767554,2.5524601922319072,0.24753935304385521,0.6852919490313524,0.32832821221771774,0.22,14,0.24,27,47,5
796,局部扰动,3.559841301879816,2.914700657835147,-4.7076259135883305,-0.9576259135883305,3.56758603308039,3.0271091791058025,3.129700173367447,4.728831795539464,2.778509940822027,109.35237408641167,114.06,109.35237408641167,110.31,7.2639461458124615,5.833686763951055,10000.0,10000.0,-0.05,-0.24713208886007731,1489.4653650514724,664.9722428141257,3,7,8,231.33095856391526,26,58000.0,250.0,430.0,21,0.12323116682367881,0.10771273866211299,0.03234184170882641,2.388779957307516,0.23844264505042553,0.6776641427335781,0.35538784571046733,0.20939366228558678,14,0.24,27,45,4
797,局部扰动,3.8222145579237905,3.249504159569091,-2.4153621159210985,1.3346378840789015,2.131110040257114,4.592240354182552,3.2067735707021323,4.1354057880337445,3.9004847764511874,111.6446378840789,114.06,111.6446378840789,110.31,7.368365004728681,3.6311100402571146,10000.0,10000.0,-0.05,-0.23978885879758385,1499.7026453547483,662.7726667989988,3,7,9,232.38353928814638,26,58000.0,250.0,430.0,21,0.12342345851638703,0.11791588040630165,0.028525443769899187,2.4828953140881747,0.2664358528557712,0.6541183822309178,0.3414623725918304,0.21977277903360531,14,0.2256811736180919,28,46,5
798,局部扰动,3.560383498652493,3.045756927118568,-3.0081883378937704,0.7418116621062296,2.265038087108537,3.6887625663748476,3.2537519834039474,4.392465284167887,3.0592776206367267,111.05181166210623,114.06,111.05181166210623,110.31,6.819423100594789,3.7650380871085374,10000.0,10000.0,-0.05,-0.25,1492.079607534421,683.6500369949208,3,7,8,240.18639522330866,26,58000.0,254.38873563041096,430.0,21,0.12241830851017403,0.11414379304895114,0.030001498143719534,2.4755013461844153,0.252077075255794,0.6650176078956146,0.37392554716628146,0.2146429051105174,14,0.24,27,46,4
799,局部扰动,3.738647478564464,3.20222733512854,-2.398991255721569,1.351008744278431,1.8261462726682243,4.043155703781805,3.289613120746488,4.338542958451713,3.5214028536678423,111.66100874427843,114.06,111.66100874427843,110.31,7.107119126523339,3.3261462726682245,10000.0,10000.0,-0.05,-0.25,1491.9975615400454,675.6265291171961,4,7,7,231.48647493132077,27,58000.0,250.0,430.0,21,0.11772911784191982,0.11676008309418169,0.0296709176234035,2.5499005868069067,0.25111981409276174,0.6832785517714917,0.3524175592773587,0.22,14,0.24,27,45,4
800,局部扰动,3.632918733863493,3.0629121202255365,-2.759670025487708,0.9903299745122922,2.018819080785464,3.920984419042917,3.2490397666940245,4.421043935390859,3.2171776012157594,111.3003299745123,114.06,111.3003299745123,110.31,6.940537302603675,3.5188190807854633,10000.0,10000.0,-0.05,-0.2409152356056927,1513.0524316765934,634.4639687114857,3,7,9,229.24827307916755,25,58000.0,250.0,430.0,21,0.12120529053827052,0.11571280213907746,0.029781979978794504,2.4279262626110016,0.2571925195720675,0.6418261954867589,0.3640129678798126,0.22,14,0.23611071215335477,27,45,4
