月份,GPR_全球综合,GPRT_威胁,GPRA_行动,GPRC_SAU_沙特,GPRC_RUS_俄罗斯,GPRC_USA_美国,GPRC_CHN_中国,数据下载日期,来源URL,GPR_历史标准分,GPR_历史分位数
1985-01-01,102.17337799072266,107.57417297363281,89.64749145507812,0.05179557949304581,1.4071133136749268,2.5725138187408447,0.28487569093704224,2026-05-11,https://www.matteoiacoviello.com/gpr_files/data_gpr_export.xls,-0.014929809664779912,0.6270161290322581
1985-02-01,117.10202026367188,126.4427261352539,96.60166931152344,0.12015897780656815,1.3679637908935547,2.856086492538452,0.17561696469783783,2026-05-11,https://www.matteoiacoviello.com/gpr_files/data_gpr_export.xls,0.2992979781122323,0.7721774193548387
1985-03-01,124.77815246582031,127.07085418701172,116.98727416992188,0.05695224180817604,1.5051664113998413,2.945244550704956,0.11390448361635208,2026-05-11,https://www.matteoiacoviello.com/gpr_files/data_gpr_export.xls,0.46087020929467837,0.8165322580645161
1985-04-01,87.92900085449219,94.64019775390625,73.75779724121094,0.10143570601940155,0.9051185846328735,1.9975031614303589,0.19506865739822388,2026-05-11,https://www.matteoiacoviello.com/gpr_files/data_gpr_export.xls,-0.3147547390818141,0.4092741935483871
1985-05-01,103.26284790039062,111.15978240966797,92.27672576904297,0.09385603666305542,1.1623709201812744,2.389719247817993,0.1299545168876648,2026-05-11,https://www.matteoiacoviello.com/gpr_files/data_gpr_export.xls,0.008002062725578867,0.6431451612903226
1985-06-01,148.78282165527344,134.65670776367188,174.1437530517578,0.0923289954662323,1.2387473583221436,3.8085711002349854,0.11541125178337097,2026-05-11,https://www.matteoiacoviello.com/gpr_files/data_gpr_export.xls,0.9661361241587981,0.9153225806451613
1985-07-01,133.90542602539062,126.30107879638672,149.5423583984375,0.1276378482580185,1.0806671380996704,3.114363431930542,0.15316541492938995,2026-05-11,https://www.matteoiacoviello.com/gpr_files/data_gpr_export.xls,0.6529870091095085,0.8528225806451613
1985-08-01,82.78410339355469,75.26383972167969,84.87953186035156,0.033554233610630035,0.7298045754432678,1.8287056684494019,0.13421693444252014,2026-05-11,https://www.matteoiacoviello.com/gpr_files/data_gpr_export.xls,-0.42304789246652424,0.30443548387096775
1985-09-01,102.43449401855469,101.56950378417969,92.48631286621094,0.09526833891868591,0.8891711831092834,2.4928548336029053,0.11114639788866043,2026-05-11,https://www.matteoiacoviello.com/gpr_files/data_gpr_export.xls,-0.009433669407775108,0.6330645161290323
1985-10-01,105.99191284179688,91.34220886230469,118.73129272460938,0.10447761416435242,1.2388060092926025,2.8208954334259033,0.11940298229455948,2026-05-11,https://www.matteoiacoviello.com/gpr_files/data_gpr_export.xls,0.06544519945287315,0.6834677419354839
1985-11-01,94.84818267822266,98.25837707519531,80.12213897705078,0.0781555324792862,1.273935079574585,2.4306368827819824,0.07033997774124146,2026-05-11,https://www.matteoiacoviello.com/gpr_files/data_gpr_export.xls,-0.16911529257719804,0.532258064516129
1985-12-01,96.4211654663086,80.3045654296875,111.21063232421875,0.08668242394924164,1.1111111640930176,2.277383804321289,0.1418439745903015,2026-05-11,https://www.matteoiacoviello.com/gpr_files/data_gpr_export.xls,-0.13600612613898885,0.5564516129032258
1986-01-01,135.36074829101562,137.66831970214844,166.0226287841797,0.09114259481430054,1.3505675792694092,3.3805618286132812,0.14085674285888672,2026-05-11,https://www.matteoiacoviello.com/gpr_files/data_gpr_export.xls,0.683619580221391,0.8588709677419355
1986-02-01,98.75003051757812,84.02117919921875,114.81560516357422,0.09933176636695862,1.0384684801101685,2.3026909828186035,0.10836192965507507,2026-05-11,https://www.matteoiacoviello.com/gpr_files/data_gpr_export.xls,-0.08698665740822305,0.594758064516129
1986-03-01,98.67667388916016,85.12946319580078,117.56116485595703,0.10628730058670044,1.0465211868286133,2.428256034851074,0.13081514835357666,2026-05-11,https://www.matteoiacoviello.com/gpr_files/data_gpr_export.xls,-0.08853071551110402,0.5907258064516129
1986-04-01,148.31385803222656,142.49339294433594,182.87278747558594,0.2738816440105438,1.427504301071167,4.075026988983154,0.07469499856233597,2026-05-11,https://www.matteoiacoviello.com/gpr_files/data_gpr_export.xls,0.9562650723160642,0.9112903225806451
1986-05-01,117.38924407958984,126.68498992919922,114.20220947265625,0.22873948514461517,1.1028510332107544,2.916428327560425,0.11436974257230759,2026-05-11,https://www.matteoiacoviello.com/gpr_files/data_gpr_export.xls,0.30534365210070447,0.780241935483871
1986-06-01,96.29425048828125,106.94334411621094,80.0658187866211,0.10636556893587112,1.0472917556762695,2.3318605422973633,0.10636556893587112,2026-05-11,https://www.matteoiacoviello.com/gpr_files/data_gpr_export.xls,-0.1386775152748625,0.5544354838709677
1986-07-01,94.70178985595703,99.80805206298828,83.9753189086914,0.05148888751864433,0.9525443911552429,2.256929636001587,0.12014073878526688,2026-05-11,https://www.matteoiacoviello.com/gpr_files/data_gpr_export.xls,-0.17219666406737796,0.5282258064516129
1986-08-01,103.34593963623047,104.75926971435547,99.84519958496094,0.06666111201047897,1.1165735721588135,2.524789571762085,0.14998750388622284,2026-05-11,https://www.matteoiacoviello.com/gpr_files/data_gpr_export.xls,0.00975103171137987,0.6451612903225806
1986-09-01,117.1078872680664,106.35902404785156,126.74607849121094,0.057447683066129684,1.2966762781143188,2.9872794151306152,0.18054986000061035,2026-05-11,https://www.matteoiacoviello.com/gpr_files/data_gpr_export.xls,0.2994214706427695,0.7741935483870968
1986-10-01,96.79243469238281,109.01692199707031,77.40582275390625,0.06839945167303085,1.4363884925842285,2.51557993888855,0.1975984126329422,2026-05-11,https://www.matteoiacoviello.com/gpr_files/data_gpr_export.xls,-0.1281914096064359,0.5625
1986-11-01,109.77281951904297,124.65135192871094,89.47162628173828,0.1670112907886505,1.01797354221344,2.7994272708892822,0.23858755826950073,2026-05-11,https://www.matteoiacoviello.com/gpr_files/data_gpr_export.xls,0.14502818625503908,0.7137096774193549
1986-12-01,89.75377655029297,93.46377563476562,78.10250091552734,0.1125040203332901,0.9964641332626343,2.242044448852539,0.1125040203332901,2026-05-11,https://www.matteoiacoviello.com/gpr_files/data_gpr_export.xls,-0.2763456714923433,0.4475806451612903
1987-01-01,96.94281768798828,90.4955062866211,104.48915100097656,0.1801222264766693,0.8427147269248962,2.4187841415405273,0.09649404883384705,2026-05-11,https://www.matteoiacoviello.com/gpr_files/data_gpr_export.xls,-0.12502605034841335,0.5665322580645161
1987-02-01,100.683349609375,109.72402954101562,89.29598236083984,0.15133796632289886,0.9699387550354004,2.565866470336914,0.10318497568368912,2026-05-11,https://www.matteoiacoviello.com/gpr_files/data_gpr_export.xls,-0.046292897709580366,0.6129032258064516
1987-03-01,89.60771942138672,105.55125427246094,67.09355163574219,0.07330034673213959,1.044529914855957,2.278419256210327,0.12216724455356598,2026-05-11,https://www.matteoiacoviello.com/gpr_files/data_gpr_export.xls,-0.27941997709000876,0.4415322580645161
1987-04-01,113.39408111572266,117.12814331054688,99.12645721435547,0.046352628618478775,1.5180485248565674,2.8680689334869385,0.16223420202732086,2026-05-11,https://www.matteoiacoviello.com/gpr_files/data_gpr_export.xls,0.22125085940116918,0.7520161290322581
1987-05-01,98.65091705322266,97.37140655517578,95.23518371582031,0.17810973525047302,1.1663315296173096,2.5165183544158936,0.22981901466846466,2026-05-11,https://www.matteoiacoviello.com/gpr_files/data_gpr_export.xls,-0.08907286217312442,0.5887096774193549
1987-06-01,94.18240356445312,99.82925415039062,81.82940673828125,0.12410613894462585,1.2292417287826538,2.3698363304138184,0.33094969391822815,2026-05-11,https://www.matteoiacoviello.com/gpr_files/data_gpr_export.xls,-0.1831290450834807,0.5181451612903226
1987-07-01,98.87196350097656,107.52894592285156,88.26481628417969,0.19533562660217285,1.136498212814331,2.5334439277648926,0.24860897660255432,2026-05-11,https://www.matteoiacoviello.com/gpr_files/data_gpr_export.xls,-0.08442013254080301,0.6008064516129032
1987-08-01,99.96844482421875,115.48031616210938,87.60133361816406,0.4206225275993347,1.2258142232894897,2.7580819129943848,0.21031126379966736,2026-05-11,https://www.matteoiacoviello.com/gpr_files/data_gpr_export.xls,-0.06134067934997126,0.6088709677419355
1987-09-01,121.16707611083984,143.4519805908203,97.5398178100586,0.2942024767398834,1.5806171894073486,3.1439285278320312,0.36919528245925903,2026-05-11,https://www.matteoiacoviello.com/gpr_files/data_gpr_export.xls,0.38486192175097633,0.8064516129032258
1987-10-01,101.05858612060547,110.70101928710938,88.82691192626953,0.2910328805446625,1.081763744354248,2.5918400287628174,0.31299763917922974,2026-05-11,https://www.matteoiacoviello.com/gpr_files/data_gpr_export.xls,-0.03839467517458351,0.6209677419354839
1987-11-01,96.15348815917969,110.79949951171875,75.88374328613281,0.1652892529964447,1.1684240102767944,2.5192363262176514,0.1253918558359146,2026-05-11,https://www.matteoiacoviello.com/gpr_files/data_gpr_export.xls,-0.14164037247695857,0.5504032258064516
1987-12-01,109.85638427734375,124.4972915649414,88.26872253417969,0.15365354716777802,1.6446619033813477,2.9535624980926514,0.20487138628959656,2026-05-11,https://www.matteoiacoviello.com/gpr_files/data_gpr_export.xls,0.14678711172574685,0.7157258064516129
1988-01-01,83.20153045654297,87.14092254638672,72.89557647705078,0.12103048712015152,0.8990836143493652,2.057518243789673,0.14984726905822754,2026-05-11,https://www.matteoiacoviello.com/gpr_files/data_gpr_export.xls,-0.4142616157132298,0.3165322580645161
1988-02-01,86.20614624023438,90.18925476074219,73.8230972290039,0.07587696611881256,0.9688904285430908,2.153738498687744,0.11089710146188736,2026-05-11,https://www.matteoiacoviello.com/gpr_files/data_gpr_export.xls,-0.35101850535080786,0.3790322580645161
1988-03-01,110.20651245117188,105.9420166015625,109.30101776123047,0.1463097482919693,1.0946136713027954,2.8069794178009033,0.28720059990882874,2026-05-11,https://www.matteoiacoviello.com/gpr_files/data_gpr_export.xls,0.15415683761835355,0.7217741935483871
1988-04-01,119.45051574707031,113.93638610839844,128.48338317871094,0.29471251368522644,1.1037272214889526,3.085813283920288,0.3120485544204712,2026-05-11,https://www.matteoiacoviello.com/gpr_files/data_gpr_export.xls,0.34873064096662915,0.7903225806451613
1988-05-01,104.87347412109375,106.54883575439453,97.1541748046875,0.08292332291603088,1.177511215209961,2.6535463333129883,0.2377135306596756,2026-05-11,https://www.matteoiacoviello.com/gpr_files/data_gpr_export.xls,0.041903572656207665,0.6733870967741935
1988-06-01,79.70812225341797,74.01183319091797,81.0764389038086,0.07330138236284256,0.7893995046615601,1.9453059434890747,0.135325625538826,2026-05-11,https://www.matteoiacoviello.com/gpr_files/data_gpr_export.xls,-0.4877931473421389,0.25
1988-07-01,83.43048095703125,70.79203796386719,96.27418518066406,0.12001920491456985,0.8941430449485779,2.112338066101074,0.23403744399547577,2026-05-11,https://www.matteoiacoviello.com/gpr_files/data_gpr_export.xls,-0.4094425164298855,0.32661290322580644
1988-08-01,84.05416107177734,73.71106719970703,93.28092193603516,0.09967166930437088,0.7915103435516357,2.1282832622528076,0.1407129466533661,2026-05-11,https://www.matteoiacoviello.com/gpr_files/data_gpr_export.xls,-0.3963148910803056,0.34274193548387094
1988-09-01,74.84265899658203,72.93437957763672,74.3477783203125,0.08890370279550552,0.7334555983543396,1.9280991554260254,0.15002501010894775,2026-05-11,https://www.matteoiacoviello.com/gpr_files/data_gpr_export.xls,-0.5902045875624062,0.17338709677419356
1988-10-01,73.45023345947266,71.80867004394531,65.83024597167969,0.043951213359832764,0.6153169870376587,1.8569388389587402,0.1208658367395401,2026-05-11,https://www.matteoiacoviello.com/gpr_files/data_gpr_export.xls,-0.6195132673586204,0.15725806451612903
1988-11-01,68.79841613769531,55.85908508300781,77.55838012695312,0.06376072019338608,0.7825179696083069,1.7273359298706055,0.11592859029769897,2026-05-11,https://www.matteoiacoviello.com/gpr_files/data_gpr_export.xls,-0.7174277487588174,0.11693548387096774
1988-12-01,90.39871978759766,82.27973937988281,94.38412475585938,0.07343388348817825,0.8247189521789551,2.372479200363159,0.1355702430009842,2026-05-11,https://www.matteoiacoviello.com/gpr_files/data_gpr_export.xls,-0.26277048608735737,0.4576612903225806
1989-01-01,89.24658966064453,89.09522247314453,82.81503295898438,0.055767662823200226,1.0252670049667358,2.162069320678711,0.15014371275901794,2026-05-11,https://www.matteoiacoviello.com/gpr_files/data_gpr_export.xls,-0.28702127155093105,0.43548387096774194
1989-02-01,91.6185531616211,88.43746948242188,91.77456665039062,0.027851274237036705,0.970152735710144,2.2095344066619873,0.16246576607227325,2026-05-11,https://www.matteoiacoviello.com/gpr_files/data_gpr_export.xls,-0.23709463857438523,0.48185483870967744
1989-03-01,87.73377227783203,79.90110778808594,93.08662414550781,0.09671569615602493,0.6689502596855164,1.9464033842086792,0.11283497512340546,2026-05-11,https://www.matteoiacoviello.com/gpr_files/data_gpr_export.xls,-0.31886403734438523,0.4032258064516129
1989-04-01,83.57909393310547,77.83438873291016,84.56328582763672,0.059084195643663406,0.8229584097862244,1.9624392986297607,0.13504958152770996,2026-05-11,https://www.matteoiacoviello.com/gpr_files/data_gpr_export.xls,-0.4063144136960302,0.33669354838709675
1989-05-01,103.82850646972656,116.75053405761719,80.26698303222656,0.03742048144340515,1.2598228454589844,2.527961492538452,0.41162529587745667,2026-05-11,https://www.matteoiacoviello.com/gpr_files/data_gpr_export.xls,0.019908412789416713,0.6532258064516129
1989-06-01,89.46155548095703,97.67894744873047,68.48663330078125,0.03779289498925209,0.8398420810699463,2.1583943367004395,0.8692365884780884,2026-05-11,https://www.matteoiacoviello.com/gpr_files/data_gpr_export.xls,-0.28249653092620153,0.4375
1989-07-01,84.75310516357422,84.32604217529297,78.8324966430664,0.05787552148103714,0.832517147064209,1.9499598741531372,0.3695129454135895,2026-05-11,https://www.matteoiacoviello.com/gpr_files/data_gpr_export.xls,-0.3816030605112852,0.3487903225806452
1989-08-01,109.17729187011719,115.9572525024414,115.18624114990234,0.14707790315151215,0.6661763787269592,2.7339186668395996,0.2076393961906433,2026-05-11,https://www.matteoiacoviello.com/gpr_files/data_gpr_export.xls,0.1324931323458784,0.7096774193548387
1989-09-01,85.54584503173828,79.4195785522461,88.94374084472656,0.13616441190242767,0.6935874819755554,2.076507329940796,0.15318496525287628,2026-05-11,https://www.matteoiacoviello.com/gpr_files/data_gpr_export.xls,-0.36491695533833146,0.3649193548387097
1989-10-01,69.52467346191406,68.15611267089844,64.53548431396484,0.0989237129688263,0.5777144432067871,1.66191828250885,0.18993352353572845,2026-05-11,https://www.matteoiacoviello.com/gpr_files/data_gpr_export.xls,-0.702141011480664,0.12701612903225806
1989-11-01,92.8287124633789,71.7497329711914,112.52256774902344,0.12749332189559937,0.7485091686248779,2.35657000541687,0.19329631328582764,2026-05-11,https://www.matteoiacoviello.com/gpr_files/data_gpr_export.xls,-0.21162241723660327,0.5020161290322581
1989-12-01,112.55352783203125,101.52501678466797,128.65443420410156,0.04976775124669075,0.9953550100326538,2.786993980407715,0.3525215685367584,2026-05-11,https://www.matteoiacoviello.com/gpr_files/data_gpr_export.xls,0.2035583463103002,0.7399193548387096
1990-01-01,81.5440444946289,76.01142120361328,80.72607421875,0.024581097066402435,0.9135974645614624,1.9214224815368652,0.23352041840553284,2026-05-11,https://www.matteoiacoviello.com/gpr_files/data_gpr_export.xls,-0.44914946000349404,0.28024193548387094
1990-02-01,77.40721130371094,81.10881042480469,65.3890380859375,0.0669732540845871,0.8572576642036438,1.9154350757598877,0.16966557502746582,2026-05-11,https://www.matteoiacoviello.com/gpr_files/data_gpr_export.xls,-0.5362242199326077,0.20766129032258066
1990-03-01,67.5919418334961,68.18672180175781,59.72285842895508,0.042721763253211975,0.807829737663269,1.6040080785751343,0.11263010650873184,2026-05-11,https://www.matteoiacoviello.com/gpr_files/data_gpr_export.xls,-0.7428224058674063,0.10685483870967742
1990-04-01,81.64384460449219,97.97654724121094,54.79267120361328,0.06552006304264069,1.0319410562515259,1.961506962776184,0.1515151560306549,2026-05-11,https://www.matteoiacoviello.com/gpr_files/data_gpr_export.xls,-0.4470488022766312,0.2842741935483871
1990-05-01,86.40711975097656,97.81657409667969,66.84378051757812,0.05556437373161316,1.1430386304855347,2.1114461421966553,0.16669312119483948,2026-05-11,https://www.matteoiacoviello.com/gpr_files/data_gpr_export.xls,-0.34678828397315936,0.3810483870967742
1990-06-01,79.68110656738281,72.84642028808594,80.65287780761719,0.024895232170820236,0.9335712194442749,1.9874694347381592,0.18256503343582153,2026-05-11,https://www.matteoiacoviello.com/gpr_files/data_gpr_export.xls,-0.4883617911010886,0.24798387096774194
1990-07-01,85.78742980957031,82.36925506591797,81.84713745117188,0.09717762470245361,0.8407977223396301,1.9984790086746216,0.19013012945652008,2026-05-11,https://www.matteoiacoviello.com/gpr_files/data_gpr_export.xls,-0.3598319215548966,0.3709677419354839
1990-08-01,250.45108032226562,353.76312255859375,128.2501983642578,3.572019100189209,1.9844551086425781,6.412270545959473,0.5787994265556335,2026-05-11,https://www.matteoiacoviello.com/gpr_files/data_gpr_export.xls,3.1061158640416493,0.9818548387096774
1990-09-01,188.66053771972656,262.1236267089844,106.9548110961914,2.4286959171295166,1.7810437679290771,4.952878952026367,0.3279777467250824,2026-05-11,https://www.matteoiacoviello.com/gpr_files/data_gpr_export.xls,1.8055082700932346,0.9637096774193549
1990-10-01,143.85256958007812,172.9463653564453,105.10758972167969,1.215461015701294,1.2819010019302368,3.5994842052459717,0.2657599449157715,2026-05-11,https://www.matteoiacoviello.com/gpr_files/data_gpr_export.xls,0.8623609666832355,0.8991935483870968
1990-11-01,158.74354553222656,201.18106079101562,115.40345764160156,1.5924850702285767,1.3304306268692017,4.112239837646484,0.49588775634765625,2026-05-11,https://www.matteoiacoviello.com/gpr_files/data_gpr_export.xls,1.1757959292024294,0.9354838709677419
1990-12-01,153.1624298095703,194.64852905273438,103.18325805664062,1.2650576829910278,1.1268943548202515,3.9765121936798096,0.2029273360967636,2026-05-11,https://www.matteoiacoviello.com/gpr_files/data_gpr_export.xls,1.05832096967208,0.9254032258064516
1991-01-01,379.2497863769531,360.0328063964844,479.7158508300781,3.5646214485168457,2.372359037399292,9.602984428405762,0.2514294981956482,2026-05-11,https://www.matteoiacoviello.com/gpr_files/data_gpr_export.xls,5.817154934583372,0.9959677419354839
1991-02-01,339.3580322265625,253.7916259765625,490.27374267578125,3.313979387283325,2.8316211700439453,8.503796577453613,0.3037070035934448,2026-05-11,https://www.matteoiacoviello.com/gpr_files/data_gpr_export.xls,4.977487305871057,0.9919354838709677
1991-03-01,148.61831665039062,133.98248291015625,171.39544677734375,1.1502251625061035,0.9905853271484375,3.819074869155884,0.24150633811950684,2026-05-11,https://www.matteoiacoviello.com/gpr_files/data_gpr_export.xls,0.9626735156497686,0.9133064516129032
1991-04-01,97.760009765625,100.77496337890625,88.50554656982422,0.3936375379562378,0.6989074349403381,2.4060089588165283,0.24903598427772522,2026-05-11,https://www.matteoiacoviello.com/gpr_files/data_gpr_export.xls,-0.10782525914116597,0.5745967741935484
1991-05-01,88.56902313232422,95.45738983154297,79.06768798828125,0.22481171786785126,0.8655251264572144,2.1132302284240723,0.27726778388023376,2026-05-11,https://www.matteoiacoviello.com/gpr_files/data_gpr_export.xls,-0.30128313323755185,0.4213709677419355
1991-06-01,87.73383331298828,99.7988510131836,69.48858642578125,0.16273069381713867,0.8215915560722351,2.1353442668914795,0.2818019390106201,2026-05-11,https://www.matteoiacoviello.com/gpr_files/data_gpr_export.xls,-0.3188627526366553,0.40524193548387094
1991-07-01,115.18467712402344,144.65106201171875,84.731201171875,0.20662865042686462,1.0166128873825073,2.6572444438934326,0.28101494908332825,2026-05-11,https://www.matteoiacoviello.com/gpr_files/data_gpr_export.xls,0.25894049066189256,0.7641129032258065
1991-08-01,113.49502563476562,133.4146728515625,87.34529113769531,0.12186700105667114,1.7548848390579224,2.5267090797424316,0.2112361341714859,2026-05-11,https://www.matteoiacoviello.com/gpr_files/data_gpr_export.xls,0.22337560539796775,0.7560483870967742
1991-09-01,117.94219207763672,154.14364624023438,74.79663848876953,0.2699805498123169,1.6119426488876343,2.7077460289001465,0.21042601764202118,2026-05-11,https://www.matteoiacoviello.com/gpr_files/data_gpr_export.xls,0.31698246177978934,0.782258064516129
1991-10-01,100.8318099975586,122.6444320678711,77.95648193359375,0.1130932867527008,1.0470249652862549,2.334829092025757,0.24077925086021423,2026-05-11,https://www.matteoiacoviello.com/gpr_files/data_gpr_export.xls,-0.043168006745049864,0.6169354838709677
1991-11-01,100.7423324584961,120.3302230834961,77.58206176757812,0.07332227379083633,0.933894157409668,2.30000376701355,0.3820476233959198,2026-05-11,https://www.matteoiacoviello.com/gpr_files/data_gpr_export.xls,-0.0450513882770923,0.6149193548387096
1991-12-01,103.96953582763672,135.23251342773438,58.747432708740234,0.08310578018426895,1.5790098905563354,2.528790235519409,0.2532747685909271,2026-05-11,https://www.matteoiacoviello.com/gpr_files/data_gpr_export.xls,0.022876890587831142,0.657258064516129
1992-01-01,102.95763397216797,126.1564712524414,69.45668029785156,0.09936938434839249,1.3032677173614502,2.361933946609497,0.3745461404323578,2026-05-11,https://www.matteoiacoviello.com/gpr_files/data_gpr_export.xls,0.0015777211337168581,0.6411290322580645
1992-02-01,87.2034683227539,101.0959701538086,62.860504150390625,0.11853022873401642,0.8613196611404419,2.1098380088806152,0.2844725549221039,2026-05-11,https://www.matteoiacoviello.com/gpr_files/data_gpr_export.xls,-0.3300262204556749,0.3951612903225806
1992-03-01,85.29731750488281,107.12957000732422,53.69252014160156,0.12043795734643936,0.8430656790733337,1.981751799583435,0.3248175084590912,2026-05-11,https://www.matteoiacoviello.com/gpr_files/data_gpr_export.xls,-0.37014812462604313,0.35685483870967744
1992-04-01,85.85562133789062,92.64119720458984,74.40125274658203,0.12082766741514206,0.6494487524032593,1.9861048460006714,0.1472587287425995,2026-05-11,https://www.matteoiacoviello.com/gpr_files/data_gpr_export.xls,-0.35839658184365897,0.37298387096774194
1992-05-01,78.96814727783203,93.08229064941406,56.43539047241211,0.048337917774915695,0.7585334777832031,1.825685977935791,0.19706997275352478,2026-05-11,https://www.matteoiacoviello.com/gpr_files/data_gpr_export.xls,-0.5033686226825888,0.22782258064516128
1992-06-01,93.84909057617188,124.33613586425781,49.73001480102539,0.07316415756940842,0.7894027233123779,2.2141785621643066,0.17713427543640137,2026-05-11,https://www.matteoiacoviello.com/gpr_files/data_gpr_export.xls,-0.19014483399649826,0.5161290322580645
1992-07-01,75.19676971435547,92.42886352539062,51.642940521240234,0.12488174438476562,0.4276253581047058,1.73699152469635,0.0946073830127716,2026-05-11,https://www.matteoiacoviello.com/gpr_files/data_gpr_export.xls,-0.5827510344904231,0.1814516129032258
1992-08-01,81.64519500732422,87.55679321289062,70.1595230102539,0.17048977315425873,0.5502169728279114,1.8211407661437988,0.17436453700065613,2026-05-11,https://www.matteoiacoviello.com/gpr_files/data_gpr_export.xls,-0.447020378118107,0.2862903225806452
1992-09-01,74.6097183227539,92.68926239013672,45.73872375488281,0.0652541071176529,0.5450637340545654,1.700445294380188,0.24566252529621124,2026-05-11,https://www.matteoiacoviello.com/gpr_files/data_gpr_export.xls,-0.595107674613593,0.1693548387096774
1992-10-01,68.18277740478516,71.33625793457031,58.99306106567383,0.04664178937673569,0.4843570590019226,1.481773853302002,0.1686280071735382,2026-05-11,https://www.matteoiacoviello.com/gpr_files/data_gpr_export.xls,-0.7303861138649822,0.11290322580645161
1992-11-01,91.00899505615234,109.6229248046875,68.5569076538086,0.08422664552927017,0.5742725729942322,2.0712099075317383,0.25650840997695923,2026-05-11,https://www.matteoiacoviello.com/gpr_files/data_gpr_export.xls,-0.2499250146729581,0.4737903225806452
1992-12-01,83.42096710205078,97.29403686523438,60.88547134399414,0.08864176273345947,0.5399089455604553,1.990410566329956,0.20145855844020844,2026-05-11,https://www.matteoiacoviello.com/gpr_files/data_gpr_export.xls,-0.4096427702472846,0.3225806451612903
1993-01-01,128.91807556152344,144.89353942871094,114.82777404785156,0.2228051871061325,0.8516908288002014,2.8389692306518555,0.2228051871061325,2026-05-11,https://www.matteoiacoviello.com/gpr_files/data_gpr_export.xls,0.5480100075526185,0.8286290322580645
1993-02-01,90.46806335449219,105.26100158691406,64.63740539550781,0.07903353124856949,0.677430272102356,1.9494937658309937,0.15806706249713898,2026-05-11,https://www.matteoiacoviello.com/gpr_files/data_gpr_export.xls,-0.2613108975177177,0.46169354838709675
1993-03-01,94.24144744873047,99.9146728515625,80.28809356689453,0.04416660964488983,0.8017938733100891,2.164163827896118,0.19365359842777252,2026-05-11,https://www.matteoiacoviello.com/gpr_files/data_gpr_export.xls,-0.18188625094326272,0.5201612903225806
1993-04-01,112.72166442871094,144.0390167236328,72.71391296386719,0.04161176085472107,1.175532341003418,2.441223382949829,0.2219294011592865,2026-05-11,https://www.matteoiacoviello.com/gpr_files/data_gpr_export.xls,0.20709739492925922,0.7419354838709677
1993-05-01,110.72975158691406,137.38629150390625,77.88386535644531,0.0548960417509079,1.1082137823104858,2.5114939212799072,0.26761820912361145,2026-05-11,https://www.matteoiacoviello.com/gpr_files/data_gpr_export.xls,0.16517031580990663,0.7258064516129032
1993-06-01,104.19525146484375,125.46405029296875,73.33211517333984,0.06561226397752762,0.8495061993598938,2.272256374359131,0.23136956989765167,2026-05-11,https://www.matteoiacoviello.com/gpr_files/data_gpr_export.xls,0.027627900361490373,0.6592741935483871
1993-07-01,123.31478881835938,131.75840759277344,107.0821533203125,0.06420087814331055,0.8881121277809143,2.617969036102295,0.28890395164489746,2026-05-11,https://www.matteoiacoviello.com/gpr_files/data_gpr_export.xls,0.4300683779393807,0.8145161290322581
1993-08-01,97.2416763305664,97.08562469482422,94.7355728149414,0.06300263106822968,0.42619428038597107,2.1235592365264893,0.28907090425491333,2026-05-11,https://www.matteoiacoviello.com/gpr_files/data_gpr_export.xls,-0.11873547894892783,0.5725806451612904
1993-09-01,89.16477966308594,97.45659637451172,76.93018341064453,0.09775853902101517,0.8169820308685303,1.9028000831604004,0.2478877156972885,2026-05-11,https://www.matteoiacoviello.com/gpr_files/data_gpr_export.xls,-0.288743261674404,0.4334677419354839
1993-10-01,106.16590881347656,130.3068084716797,65.22377014160156,0.04189899191260338,0.7702968120574951,2.323782444000244,0.28040093183517456,2026-05-11,https://www.matteoiacoviello.com/gpr_files/data_gpr_export.xls,0.06910758001390314,0.6854838709677419
1993-11-01,83.48017883300781,105.1309585571289,51.35593795776367,0.04398727789521217,0.507545530796051,1.7831765413284302,0.294376403093338,2026-05-11,https://www.matteoiacoviello.com/gpr_files/data_gpr_export.xls,-0.4083964431608094,0.3326612903225806
1993-12-01,79.55179595947266,97.06568145751953,50.134674072265625,0.038711946457624435,0.5841984748840332,1.7174028158187866,0.22523315250873566,2026-05-11,https://www.matteoiacoviello.com/gpr_files/data_gpr_export.xls,-0.4910836050153611,0.2439516129032258
1994-01-01,83.48997497558594,93.09183502197266,65.27042388916016,0.05466160923242569,0.6696047186851501,1.8379966020584106,0.18448293209075928,2026-05-11,https://www.matteoiacoviello.com/gpr_files/data_gpr_export.xls,-0.4081902475701595,0.3346774193548387
1994-02-01,117.2420654296875,148.14723205566406,76.48810577392578,0.021955503150820732,1.075819730758667,2.6492974758148193,0.15734776854515076,2026-05-11,https://www.matteoiacoviello.com/gpr_files/data_gpr_export.xls,0.30224573999850196,0.7782258064516129
1994-03-01,93.47403717041016,98.56234741210938,79.4195327758789,0.03314001485705376,0.6197183132171631,2.0049710273742676,0.3976801931858063,2026-05-11,https://www.matteoiacoviello.com/gpr_files/data_gpr_export.xls,-0.1980392024083054,0.5120967741935484
1994-04-01,95.35697174072266,116.44586181640625,68.70893859863281,0.05560382455587387,0.8757601976394653,2.175499677658081,0.27801910042762756,2026-05-11,https://www.matteoiacoviello.com/gpr_files/data_gpr_export.xls,-0.15840596894070025,0.5423387096774194
1994-05-01,104.46678924560547,122.97669982910156,73.90620422363281,0.0769127905368805,0.5584537386894226,2.364232301712036,0.3477795720100403,2026-05-11,https://www.matteoiacoviello.com/gpr_files/data_gpr_export.xls,0.03334340446337666,0.6673387096774194
1994-06-01,120.35224151611328,148.2960662841797,79.9498519897461,0.06464344263076782,0.7008709907531738,2.7626564502716064,0.56477952003479,2026-05-11,https://www.matteoiacoviello.com/gpr_files/data_gpr_export.xls,0.36771075237979656,0.7983870967741935
1994-07-01,99.6402359008789,115.40325927734375,75.47087860107422,0.05893977731466293,0.7315466403961182,2.284783124923706,0.18375343084335327,2026-05-11,https://www.matteoiacoviello.com/gpr_files/data_gpr_export.xls,-0.06824903457907541,0.6068548387096774
1994-08-01,98.2270278930664,122.92201232910156,66.64015197753906,0.03918774425983429,0.837192714214325,2.13395094871521,0.19237619638442993,2026-05-11,https://www.matteoiacoviello.com/gpr_files/data_gpr_export.xls,-0.09799515735732273,0.5846774193548387
1994-09-01,98.89848327636719,131.31796264648438,51.336830139160156,0.016911888495087624,0.686622679233551,2.3236935138702393,0.23000168800354004,2026-05-11,https://www.matteoiacoviello.com/gpr_files/data_gpr_export.xls,-0.08386192703215878,0.6028225806451613
1994-10-01,94.85363006591797,118.89933776855469,64.50569152832031,0.31647634506225586,0.7438825368881226,2.1631321907043457,0.30668842792510986,2026-05-11,https://www.matteoiacoviello.com/gpr_files/data_gpr_export.xls,-0.1690006324123039,0.5342741935483871
1994-11-01,86.5298080444336,100.79308319091797,70.68946075439453,0.03493083640933037,0.7021098136901855,1.9211959838867188,0.19561268389225006,2026-05-11,https://www.matteoiacoviello.com/gpr_files/data_gpr_export.xls,-0.3442058608475817,0.3850806451612903
1994-12-01,96.04750061035156,107.74173736572266,81.61609649658203,0.035434603691101074,1.1409943103790283,2.097728729248047,0.15591226518154144,2026-05-11,https://www.matteoiacoviello.com/gpr_files/data_gpr_export.xls,-0.14387126744994064,0.5483870967741935
1995-01-01,80.15467834472656,84.89913940429688,70.47705841064453,0.025732455775141716,0.8528470993041992,1.668933629989624,0.18747931718826294,2026-05-11,https://www.matteoiacoviello.com/gpr_files/data_gpr_export.xls,-0.47839374382474675,0.25201612903225806
1995-02-01,76.87532806396484,72.59407043457031,77.14599609375,0.043957799673080444,0.6154091954231262,1.5944693088531494,0.19181585311889648,2026-05-11,https://www.matteoiacoviello.com/gpr_files/data_gpr_export.xls,-0.5474196448564087,0.2056451612903226
1995-03-01,82.24444580078125,79.15904235839844,79.87528991699219,0.07411067187786102,0.6634669899940491,1.7398362159729004,0.13410502672195435,2026-05-11,https://www.matteoiacoviello.com/gpr_files/data_gpr_export.xls,-0.43440695703742205,0.2963709677419355
1995-04-01,99.19087982177734,93.92303466796875,99.14794158935547,0.09585253149271011,0.6820276379585266,2.2009217739105225,0.21382488310337067,2026-05-11,https://www.matteoiacoviello.com/gpr_files/data_gpr_export.xls,-0.07770737406357707,0.6048387096774194
1995-05-01,87.842529296875,96.40919494628906,79.34961700439453,0.03634117171168327,0.901261031627655,1.991496205329895,0.2834611237049103,2026-05-11,https://www.matteoiacoviello.com/gpr_files/data_gpr_export.xls,-0.31657484875815867,0.40725806451612906
1995-06-01,104.60775756835938,121.57904815673828,85.1209487915039,0.025869395583868027,0.9054288864135742,2.1323773860931396,0.19586828351020813,2026-05-11,https://www.matteoiacoviello.com/gpr_files/data_gpr_export.xls,0.03631059755406118,0.6713709677419355
1995-07-01,107.64541625976562,115.32476806640625,100.19744873046875,0.05069214105606079,0.6472996473312378,2.2772469520568848,0.233963742852211,2026-05-11,https://www.matteoiacoviello.com/gpr_files/data_gpr_export.xls,0.10024921656376103,0.7016129032258065
1995-08-01,106.93478393554688,118.4973373413086,100.7674560546875,0.1134319007396698,0.7588202953338623,2.3781585693359375,0.2190409153699875,2026-05-11,https://www.matteoiacoviello.com/gpr_files/data_gpr_export.xls,0.08529136446446357,0.6975806451612904
1995-09-01,71.20516967773438,72.98401641845703,68.81755065917969,0.04165404289960861,0.5263556241989136,1.4541047811508179,0.17797636985778809,2026-05-11,https://www.matteoiacoviello.com/gpr_files/data_gpr_export.xls,-0.6667688323762251,0.13709677419354838
1995-10-01,67.74150085449219,64.2778091430664,69.12648010253906,0.028934255242347717,0.4275839924812317,1.38241446018219,0.1446712762117386,2026-05-11,https://www.matteoiacoviello.com/gpr_files/data_gpr_export.xls,-0.7396743901637375,0.10887096774193548
1995-11-01,76.33349609375,78.8126220703125,69.86588287353516,0.08963920176029205,0.34735190868377686,1.550011157989502,0.13072383403778076,2026-05-11,https://www.matteoiacoviello.com/gpr_files/data_gpr_export.xls,-0.5588244771401845,0.1975806451612903
1995-12-01,65.67205810546875,68.98201751708984,55.363800048828125,0.06366892158985138,0.40986868739128113,1.412654161453247,0.17111022770404816,2026-05-11,https://www.matteoiacoviello.com/gpr_files/data_gpr_export.xls,-0.7832333692770034,0.09879032258064516
1996-01-01,75.63492584228516,73.66007995605469,79.68246459960938,0.0987992063164711,0.7675938606262207,1.4743882417678833,0.20899832248687744,2026-05-11,https://www.matteoiacoviello.com/gpr_files/data_gpr_export.xls,-0.5735284388743592,0.18346774193548387
1996-02-01,80.4209213256836,85.9759750366211,69.15779113769531,0.06368666142225266,0.47366955876350403,1.6478923559188843,0.39804163575172424,2026-05-11,https://www.matteoiacoviello.com/gpr_files/data_gpr_export.xls,-0.4727896881184298,0.25806451612903225
1996-03-01,82.14761352539062,77.89100646972656,84.08819580078125,0.09547240287065506,0.5324422717094421,1.7185032367706299,0.38923364877700806,2026-05-11,https://www.matteoiacoviello.com/gpr_files/data_gpr_export.xls,-0.4364451458509182,0.29435483870967744
1996-04-01,84.82862091064453,71.23197174072266,98.6463623046875,0.05192522704601288,0.6510624885559082,1.7814347743988037,0.36347660422325134,2026-05-11,https://www.matteoiacoviello.com/gpr_files/data_gpr_export.xls,-0.3800135558724588,0.35080645161290325
1996-05-01,65.53082275390625,59.1929931640625,68.71073913574219,0.06588338315486908,0.442882776260376,1.3213279247283936,0.30013543367385864,2026-05-11,https://www.matteoiacoviello.com/gpr_files/data_gpr_export.xls,-0.7862061829640062,0.0967741935483871
1996-06-01,69.08858489990234,72.52593231201172,61.67017364501953,0.271653950214386,0.5502734184265137,1.312994122505188,0.28210219740867615,2026-05-11,https://www.matteoiacoviello.com/gpr_files/data_gpr_export.xls,-0.7113200876223773,0.12096774193548387
1996-07-01,80.64431762695312,74.90693664550781,85.2721939086914,0.25891733169555664,0.45991891622543335,1.604606032371521,0.1941879838705063,2026-05-11,https://www.matteoiacoviello.com/gpr_files/data_gpr_export.xls,-0.468087497238507,0.2600806451612903
1996-08-01,81.6876449584961,81.7337417602539,85.69389343261719,0.1600227653980255,0.5938622355461121,1.6037836074829102,0.19202731549739838,2026-05-11,https://www.matteoiacoviello.com/gpr_files/data_gpr_export.xls,-0.44612686389195727,0.2903225806451613
1996-09-01,88.19697570800781,87.04828643798828,92.83900451660156,0.3984651565551758,0.5792502760887146,2.0218417644500732,0.22505903244018555,2026-05-11,https://www.matteoiacoviello.com/gpr_files/data_gpr_export.xls,-0.3091142297936611,0.41330645161290325
1996-10-01,55.586830139160156,56.879756927490234,49.54435729980469,0.045500341802835464,0.31850239634513855,1.0725080966949463,0.11050082743167877,2026-05-11,https://www.matteoiacoviello.com/gpr_files/data_gpr_export.xls,-0.995513817501177,0.04838709677419355
1996-11-01,57.34461212158203,58.0576171875,51.038421630859375,0.07463446259498596,0.254435658454895,1.0855921506881714,0.1865861564874649,2026-05-11,https://www.matteoiacoviello.com/gpr_files/data_gpr_export.xls,-0.9585148772337444,0.05241935483870968
1996-12-01,74.98263549804688,80.17862701416016,66.17648315429688,0.0680374950170517,0.4649229049682617,1.5119444131851196,0.2230117917060852,2026-05-11,https://www.matteoiacoviello.com/gpr_files/data_gpr_export.xls,-0.5872582709723326,0.1774193548387097
1997-01-01,54.062435150146484,53.25782775878906,55.227325439453125,0.10181763023138046,0.2828267514705658,0.9729240536689758,0.09804660826921463,2026-05-11,https://www.matteoiacoviello.com/gpr_files/data_gpr_export.xls,-1.0276002762921477,0.04233870967741935
1997-02-01,50.559940338134766,54.501365661621094,43.509159088134766,0.05140633136034012,0.3635161817073822,1.050157904624939,0.20562532544136047,2026-05-11,https://www.matteoiacoviello.com/gpr_files/data_gpr_export.xls,-1.1013230687843467,0.02620967741935484
1997-03-01,58.48006057739258,56.36629867553711,59.907318115234375,0.07526670396327972,0.3632436692714691,1.1519078016281128,0.18980300426483154,2026-05-11,https://www.matteoiacoviello.com/gpr_files/data_gpr_export.xls,-0.9346152184516007,0.06048387096774194
1997-04-01,62.844486236572266,62.37605667114258,61.28048324584961,0.11127596348524094,0.3001078963279724,1.2982195615768433,0.2731319069862366,2026-05-11,https://www.matteoiacoviello.com/gpr_files/data_gpr_export.xls,-0.8427499439861331,0.07459677419354839
1997-05-01,53.57601547241211,53.54428482055664,49.572898864746094,0.0457262322306633,0.35927751660346985,1.1006957292556763,0.1992357224225998,2026-05-11,https://www.matteoiacoviello.com/gpr_files/data_gpr_export.xls,-1.037838754545635,0.038306451612903226
1997-06-01,39.045623779296875,36.68563461303711,38.63948059082031,0.06145861744880676,0.2048620581626892,0.7511608600616455,0.1843758523464203,2026-05-11,https://www.matteoiacoviello.com/gpr_files/data_gpr_export.xls,-1.3436839046792424,0.0020161290322580645
1997-07-01,47.69842529296875,47.428409576416016,43.43375015258789,0.050973594188690186,0.23447853326797485,0.9073299765586853,0.18350493907928467,2026-05-11,https://www.matteoiacoviello.com/gpr_files/data_gpr_export.xls,-1.1615541015797703,0.016129032258064516
1997-08-01,48.582298278808594,46.30862808227539,49.42500305175781,0.048572320491075516,0.23245324194431305,1.051243782043457,0.13877806067466736,2026-05-11,https://www.matteoiacoviello.com/gpr_files/data_gpr_export.xls,-1.1429497671776006,0.018145161290322582
1997-09-01,42.6890869140625,41.63934326171875,41.08793258666992,0.052529629319906235,0.2363833338022232,0.860172688961029,0.15430578589439392,2026-05-11,https://www.matteoiacoviello.com/gpr_files/data_gpr_export.xls,-1.266993919096359,0.004032258064516129
1997-10-01,49.746307373046875,58.68946075439453,34.460205078125,0.0487210713326931,0.39281365275382996,1.0718635320663452,0.28928136825561523,2026-05-11,https://www.matteoiacoviello.com/gpr_files/data_gpr_export.xls,-1.1184489454720938,0.02217741935483871
1997-11-01,59.6933708190918,79.03630828857422,32.765533447265625,0.18829281628131866,0.7696881890296936,1.4865221977233887,0.42283299565315247,2026-05-11,https://www.matteoiacoviello.com/gpr_files/data_gpr_export.xls,-0.9090766740772623,0.0625
1997-12-01,43.998268127441406,48.36233139038086,35.839134216308594,0.08535224199295044,0.354540079832077,0.9454402327537537,0.1542905867099762,2026-05-11,https://www.matteoiacoviello.com/gpr_files/data_gpr_export.xls,-1.2394374200552705,0.006048387096774193
1998-01-01,53.0963020324707,59.82126998901367,42.487815856933594,0.08591856062412262,0.4572094976902008,1.113872766494751,0.24241308867931366,2026-05-11,https://www.matteoiacoviello.com/gpr_files/data_gpr_export.xls,-1.0479360755372986,0.036290322580645164
1998-02-01,77.59761810302734,101.84082794189453,45.368019104003906,0.39540940523147583,0.7683157920837402,1.838814377784729,0.30539751052856445,2026-05-11,https://www.matteoiacoviello.com/gpr_files/data_gpr_export.xls,-0.5322164135806993,0.21169354838709678
1998-03-01,57.24806213378906,65.50199890136719,44.5167121887207,0.08468636870384216,0.417591392993927,1.2498539686203003,0.17229296267032623,2026-05-11,https://www.matteoiacoviello.com/gpr_files/data_gpr_export.xls,-0.9605471242739897,0.05040322580645161
1998-04-01,50.99658203125,58.76738357543945,38.00284957885742,0.037231236696243286,0.3847227692604065,1.0672954320907593,0.1768483817577362,2026-05-11,https://www.matteoiacoviello.com/gpr_files/data_gpr_export.xls,-1.0921323499788311,0.03024193548387097
1998-05-01,94.4734878540039,129.79888916015625,43.802757263183594,0.04480035975575447,0.7280058264732361,1.957215666770935,0.7952063679695129,2026-05-11,https://www.matteoiacoviello.com/gpr_files/data_gpr_export.xls,-0.17700211333109198,0.5221774193548387
1998-06-01,76.30907440185547,94.95468139648438,48.77885437011719,0.06224183738231659,0.68748939037323,1.5843377113342285,0.5262264609336853,2026-05-11,https://www.matteoiacoviello.com/gpr_files/data_gpr_export.xls,-0.5593385208206132,0.19556451612903225
1998-07-01,54.04841613769531,64.22628021240234,38.29932403564453,0.0659235268831253,0.3655759394168854,1.147668719291687,0.3266211152076721,2026-05-11,https://www.matteoiacoviello.com/gpr_files/data_gpr_export.xls,-1.0278953575988605,0.04032258064516129
1998-08-01,97.02085876464844,83.93855285644531,123.8387451171875,0.49690985679626465,0.6242429614067078,2.2329885959625244,0.2639833390712738,2026-05-11,https://www.matteoiacoviello.com/gpr_files/data_gpr_export.xls,-0.1233833909272621,0.5685483870967742
1998-09-01,62.51344299316406,68.4769515991211,55.129615783691406,0.15746654570102692,0.4928119480609894,1.417198896408081,0.1837109625339508,2026-05-11,https://www.matteoiacoviello.com/gpr_files/data_gpr_export.xls,-0.8497179578304448,0.07258064516129033
1998-10-01,54.403648376464844,57.89592742919922,48.27804183959961,0.050992947071790695,0.4022776782512665,1.226663589477539,0.1529788374900818,2026-05-11,https://www.matteoiacoviello.com/gpr_files/data_gpr_export.xls,-1.0204181980223404,0.04435483870967742
1998-11-01,67.96592712402344,88.07134246826172,38.602264404296875,0.16439993679523468,0.5141234397888184,1.6170976161956787,0.27200716733932495,2026-05-11,https://www.matteoiacoviello.com/gpr_files/data_gpr_export.xls,-0.7349505198408726,0.11088709677419355
1998-12-01,75.95989227294922,86.2803955078125,64.999755859375,0.24015673995018005,0.6035518050193787,1.7790558338165283,0.33179548382759094,2026-05-11,https://www.matteoiacoviello.com/gpr_files/data_gpr_export.xls,-0.5666883337434063,0.18951612903225806
1999-01-01,63.98722457885742,69.46121215820312,53.77272033691406,0.16398420929908752,0.5830549597740173,1.3240206241607666,0.2338293343782425,2026-05-11,https://www.matteoiacoviello.com/gpr_files/data_gpr_export.xls,-0.8186968429244987,0.08064516129032258
1999-02-01,58.316383361816406,67.28399658203125,44.1739501953125,0.09528347104787827,0.46961137652397156,1.2488939762115479,0.2279997318983078,2026-05-11,https://www.matteoiacoviello.com/gpr_files/data_gpr_export.xls,-0.9380604031120434,0.056451612903225805
1999-03-01,83.39727783203125,89.73835754394531,75.18807983398438,0.04139440134167671,0.7776233553886414,1.9307531118392944,0.4287277162075043,2026-05-11,https://www.matteoiacoviello.com/gpr_files/data_gpr_export.xls,-0.4101413974349545,0.32056451612903225
1999-04-01,106.19801330566406,112.34139251708984,103.2333755493164,0.04652316868305206,1.0452204942703247,2.3571739196777344,0.4187085032463074,2026-05-11,https://www.matteoiacoviello.com/gpr_files/data_gpr_export.xls,0.0697833362798338,0.6875
1999-05-01,85.44113159179688,89.3775634765625,80.67141723632812,0.042308855801820755,0.7736476063728333,1.8464792966842651,0.743427038192749,2026-05-11,https://www.matteoiacoviello.com/gpr_files/data_gpr_export.xls,-0.3671210320374517,0.3629032258064516
1999-06-01,79.4105453491211,75.96134948730469,83.76152038574219,0.045922115445137024,0.6980161666870117,1.6317658424377441,0.5265735983848572,2026-05-11,https://www.matteoiacoviello.com/gpr_files/data_gpr_export.xls,-0.49405673987929644,0.23790322580645162
1999-07-01,62.14287185668945,66.83728790283203,54.25792694091797,0.05054653435945511,0.3001200556755066,1.2352309226989746,0.32539331912994385,2026-05-11,https://www.matteoiacoviello.com/gpr_files/data_gpr_export.xls,-0.8575179805183369,0.07056451612903226
1999-08-01,62.858642578125,65.2621078491211,57.959991455078125,0.0752839520573616,0.5564466118812561,1.2700074911117554,0.3371411859989166,2026-05-11,https://www.matteoiacoviello.com/gpr_files/data_gpr_export.xls,-0.842451972087028,0.07661290322580645
1999-09-01,69.58151245117188,75.54266357421875,62.214027404785156,0.06946198642253876,0.6662035584449768,1.3955544233322144,0.3188936710357666,2026-05-11,https://www.matteoiacoviello.com/gpr_files/data_gpr_export.xls,-0.7009446274071889,0.12903225806451613
1999-10-01,72.35348510742188,79.38410949707031,60.16195297241211,0.0719548687338829,0.8375546932220459,1.482270359992981,0.37992170453071594,2026-05-11,https://www.matteoiacoviello.com/gpr_files/data_gpr_export.xls,-0.6425983411457705,0.14516129032258066
1999-11-01,57.9638671875,60.38698196411133,52.49796676635742,0.07169315218925476,0.6512128114700317,1.1889114379882812,0.31067031621932983,2026-05-11,https://www.matteoiacoviello.com/gpr_files/data_gpr_export.xls,-0.9454803931945827,0.05443548387096774
1999-12-01,86.0849380493164,95.51082611083984,86.46973419189453,0.2032584846019745,0.9718296527862549,1.8293263912200928,0.41286879777908325,2026-05-11,https://www.matteoiacoviello.com/gpr_files/data_gpr_export.xls,-0.35356977431393527,0.37701612903225806
2000-01-01,64.45780944824219,65.57360076904297,64.25041198730469,0.06294586509466171,0.7313710451126099,1.1989688873291016,0.2667705714702606,2026-05-11,https://www.matteoiacoviello.com/gpr_files/data_gpr_export.xls,-0.808791666032689,0.08870967741935484
2000-02-01,63.54172134399414,57.65135955810547,68.08216857910156,0.04855694994330406,0.5341264009475708,1.2321325540542603,0.20940184593200684,2026-05-11,https://www.matteoiacoviello.com/gpr_files/data_gpr_export.xls,-0.8280740852335501,0.07862903225806452
2000-03-01,50.101985931396484,55.03073501586914,40.81640625,0.060219526290893555,0.3503681719303131,1.0100457668304443,0.2764623761177063,2026-05-11,https://www.matteoiacoviello.com/gpr_files/data_gpr_export.xls,-1.1109623914702988,0.024193548387096774
2000-04-01,48.6827392578125,53.30490493774414,40.91702651977539,0.03298152983188629,0.44075319170951843,1.0314223766326904,0.20688414573669434,2026-05-11,https://www.matteoiacoviello.com/gpr_files/data_gpr_export.xls,-1.1408356200195737,0.020161290322580645
2000-05-01,79.48287963867188,77.26969909667969,83.22781372070312,0.04262211173772812,0.4660017490386963,1.392322301864624,0.3068792223930359,2026-05-11,https://www.matteoiacoviello.com/gpr_files/data_gpr_export.xls,-0.4925342006308914,0.24193548387096775
2000-06-01,64.71781921386719,73.57466888427734,53.174400329589844,0.028630325570702553,0.5182088613510132,1.2740495204925537,0.3349747955799103,2026-05-11,https://www.matteoiacoviello.com/gpr_files/data_gpr_export.xls,-0.8033188111032888,0.09274193548387097
2000-07-01,51.904022216796875,57.31697463989258,41.059078216552734,0.0326186865568161,0.4092162549495697,0.9578033089637756,0.33508288860321045,2026-05-11,https://www.matteoiacoviello.com/gpr_files/data_gpr_export.xls,-1.0730319578044512,0.03225806451612903
2000-08-01,46.49225616455078,49.192291259765625,41.58592224121094,0.053292278200387955,0.33751776814460754,0.820108950138092,0.186522975564003,2026-05-11,https://www.matteoiacoviello.com/gpr_files/data_gpr_export.xls,-1.1869423351497097,0.012096774193548387
2000-09-01,52.689998626708984,64.44499206542969,35.192142486572266,0.0783194899559021,0.3636261820793152,1.104864239692688,0.2797124683856964,2026-05-11,https://www.matteoiacoviello.com/gpr_files/data_gpr_export.xls,-1.0564882143068177,0.034274193548387094
2000-10-01,76.45652770996094,82.38760375976562,77.61014556884766,0.29146501421928406,0.4481962025165558,1.7102947235107422,0.18147821724414825,2026-05-11,https://www.matteoiacoviello.com/gpr_files/data_gpr_export.xls,-0.5562348275336261,0.20161290322580644
2000-11-01,45.06056213378906,44.357688903808594,47.206809997558594,0.10567590594291687,0.28643733263015747,0.9510831832885742,0.16129480302333832,2026-05-11,https://www.matteoiacoviello.com/gpr_files/data_gpr_export.xls,-1.2170775637816524,0.008064516129032258
2000-12-01,45.39509963989258,46.16897964477539,43.98335266113281,0.11423631757497787,0.3241841495037079,0.9818148016929626,0.1759856790304184,2026-05-11,https://www.matteoiacoviello.com/gpr_files/data_gpr_export.xls,-1.2100360004198036,0.010080645161290322
2001-01-01,46.89955520629883,53.70235824584961,38.343318939208984,0.06657211482524872,0.3878549337387085,1.0246317386627197,0.2576051354408264,2026-05-11,https://www.matteoiacoviello.com/gpr_files/data_gpr_export.xls,-1.1783692395853467,0.014112903225806451
2001-02-01,55.087711334228516,63.68989181518555,45.426673889160156,0.15480364859104156,0.43597763776779175,1.1720848083496094,0.31276655197143555,2026-05-11,https://www.matteoiacoviello.com/gpr_files/data_gpr_export.xls,-1.0060195952567177,0.046370967741935484
2001-03-01,61.708953857421875,66.72218322753906,56.86698913574219,0.06571201980113983,0.34772607684135437,1.1910302639007568,0.25737208127975464,2026-05-11,https://www.matteoiacoviello.com/gpr_files/data_gpr_export.xls,-0.8666513692414054,0.06854838709677419
2001-04-01,50.5687370300293,52.7736701965332,47.17219924926758,0.045231129974126816,0.2804329991340637,1.1368091106414795,0.4010493755340576,2026-05-11,https://www.matteoiacoviello.com/gpr_files/data_gpr_export.xls,-1.1011379102827739,0.028225806451612902
2001-05-01,60.376861572265625,61.344993591308594,56.86418914794922,0.05125284567475319,0.5068337321281433,1.2756264209747314,0.3331435024738312,2026-05-11,https://www.matteoiacoviello.com/gpr_files/data_gpr_export.xls,-0.8946901154466075,0.06451612903225806
2001-06-01,72.06433868408203,79.31310272216797,64.2144775390625,0.1607716977596283,0.45254257321357727,1.5124449729919434,0.28581637144088745,2026-05-11,https://www.matteoiacoviello.com/gpr_files/data_gpr_export.xls,-0.6486844834277348,0.1431451612903226
2001-07-01,61.072940826416016,65.49278259277344,52.618770599365234,0.05645995959639549,0.5144129991531372,1.317399024963379,0.31052976846694946,2026-05-11,https://www.matteoiacoviello.com/gpr_files/data_gpr_export.xls,-0.8800385858466595,0.06653225806451613
2001-08-01,64.10773468017578,55.23207473754883,74.89220428466797,0.05921216681599617,0.33345797657966614,1.3494141101837158,0.2181500941514969,2026-05-11,https://www.matteoiacoviello.com/gpr_files/data_gpr_export.xls,-0.8161602678060321,0.0846774193548387
2001-09-01,498.64788818359375,260.16961669921875,841.177490234375,1.4384592771530151,1.6972614526748657,13.229009628295898,0.7703881859779358,2026-05-11,https://www.matteoiacoviello.com/gpr_files/data_gpr_export.xls,8.330323962918813,0.9979838709677419
2001-10-01,512.5297241210938,261.347412109375,854.074951171875,1.0700792074203491,1.8174798488616943,13.10019588470459,0.6591466665267944,2026-05-11,https://www.matteoiacoviello.com/gpr_files/data_gpr_export.xls,8.62251788900867,1.0
2001-11-01,306.785888671875,149.79522705078125,509.7461242675781,0.5525665283203125,1.3785080909729004,7.890068531036377,0.360622376203537,2026-05-11,https://www.matteoiacoviello.com/gpr_files/data_gpr_export.xls,4.291887609313874,0.9858870967741935
2001-12-01,236.09974670410156,126.19801330566406,381.9725036621094,0.3829583525657654,0.8999521136283875,6.047550678253174,0.38934099674224854,2026-05-11,https://www.matteoiacoviello.com/gpr_files/data_gpr_export.xls,2.804039644916421,0.9778225806451613
2002-01-01,172.47720336914062,106.9162368774414,262.2870178222656,0.23750075697898865,0.4597771167755127,4.232385158538818,0.3410267233848572,2026-05-11,https://www.matteoiacoviello.com/gpr_files/data_gpr_export.xls,1.4648709061010075,0.9556451612903226
2002-02-01,146.1857147216797,95.78031158447266,212.90550231933594,0.2856156527996063,0.5210131406784058,3.621983051300049,0.3734973669052124,2026-05-11,https://www.matteoiacoviello.com/gpr_files/data_gpr_export.xls,0.911470525543561,0.9032258064516129
2002-03-01,151.9763641357422,99.12334442138672,219.96884155273438,0.5357660055160522,0.6023747324943542,3.863307237625122,0.28381118178367615,2026-05-11,https://www.matteoiacoviello.com/gpr_files/data_gpr_export.xls,1.0333558867106785,0.9233870967741935
2002-04-01,157.49655151367188,100.74444580078125,225.64035034179688,0.5674846768379211,0.5368098020553589,3.8404908180236816,0.16871166229248047,2026-05-11,https://www.matteoiacoviello.com/gpr_files/data_gpr_export.xls,1.149548386749649,0.9334677419354839
2002-05-01,163.3223114013672,142.246826171875,209.40878295898438,0.2529686689376831,0.8422368168830872,4.089163780212402,0.2767774760723114,2026-05-11,https://www.matteoiacoviello.com/gpr_files/data_gpr_export.xls,1.272172776038395,0.9435483870967742
2002-06-01,149.33042907714844,127.7907485961914,189.1234893798828,0.2652847170829773,0.7187365293502808,3.673884868621826,0.22518354654312134,2026-05-11,https://www.matteoiacoviello.com/gpr_files/data_gpr_export.xls,0.9776625219115163,0.9173387096774194
2002-07-01,122.7783432006836,94.34967803955078,168.41973876953125,0.17098888754844666,0.379975289106369,2.954308032989502,0.17732180655002594,2026-05-11,https://www.matteoiacoviello.com/gpr_files/data_gpr_export.xls,0.41877692111276915,0.8104838709677419
2002-08-01,127.06451416015625,101.69573974609375,157.46444702148438,0.37756550312042236,0.5485994815826416,3.130244016647339,0.2581644654273987,2026-05-11,https://www.matteoiacoviello.com/gpr_files/data_gpr_export.xls,0.5089950396800308,0.8245967741935484
2002-09-01,174.90333557128906,174.5314483642578,188.7191925048828,0.5190736651420593,1.0412187576293945,4.386018753051758,0.5098593235015869,2026-05-11,https://www.matteoiacoviello.com/gpr_files/data_gpr_export.xls,1.515937717187845,0.9596774193548387
2002-10-01,172.03192138671875,167.02581787109375,197.39906311035156,0.27186861634254456,1.2135990858078003,4.156506538391113,0.5941870808601379,2026-05-11,https://www.matteoiacoviello.com/gpr_files/data_gpr_export.xls,1.455498320857477,0.9536290322580645
2002-11-01,159.12759399414062,155.0137481689453,179.06283569335938,0.3358670771121979,0.9516233801841736,3.697484016418457,0.3623828887939453,2026-05-11,https://www.matteoiacoviello.com/gpr_files/data_gpr_export.xls,1.1838796314159314,0.9375
2002-12-01,175.8117218017578,182.9995574951172,175.19842529296875,0.34258636832237244,0.9028911590576172,4.328754901885986,0.48346298933029175,2026-05-11,https://www.matteoiacoviello.com/gpr_files/data_gpr_export.xls,1.5350580223320385,0.9616935483870968
2003-01-01,206.43460083007812,245.8175506591797,176.95985412597656,0.42270711064338684,1.155002474784851,4.968297004699707,0.8186229467391968,2026-05-11,https://www.matteoiacoviello.com/gpr_files/data_gpr_export.xls,2.1796283292961407,0.969758064516129
2003-02-01,239.61093139648438,296.7597961425781,213.080322265625,0.37338438630104065,1.333971619606018,5.824158191680908,0.9446306228637695,2026-05-11,https://www.matteoiacoviello.com/gpr_files/data_gpr_export.xls,2.877945347671665,0.9798387096774194
2003-03-01,358.711181640625,362.41107177734375,429.1441955566406,0.7483162879943848,1.6961835622787476,9.004739761352539,0.8065186738967896,2026-05-11,https://www.matteoiacoviello.com/gpr_files/data_gpr_export.xls,5.3848450022851635,0.9939516129032258
2003-04-01,255.77517700195312,212.60545349121094,331.6032409667969,0.42264196276664734,1.1629940271377563,6.5873847007751465,0.8890054821968079,2026-05-11,https://www.matteoiacoviello.com/gpr_files/data_gpr_export.xls,3.218180919321364,0.9838709677419355
2003-05-01,162.1218719482422,153.3962860107422,186.8463592529297,0.6767175197601318,0.9251327514648438,4.000342845916748,0.46542173624038696,2026-05-11,https://www.matteoiacoviello.com/gpr_files/data_gpr_export.xls,1.2469051444066004,0.9415322580645161
2003-06-01,145.7697296142578,127.83353424072266,176.91827392578125,0.2561243772506714,0.5996323823928833,3.5495827198028564,0.4519841969013214,2026-05-11,https://www.matteoiacoviello.com/gpr_files/data_gpr_export.xls,0.9027146000103855,0.9012096774193549
2003-07-01,134.89891052246094,108.3927993774414,167.4486541748047,0.2668793499469757,0.3527715504169464,3.4111475944519043,0.38651493191719055,2026-05-11,https://www.matteoiacoviello.com/gpr_files/data_gpr_export.xls,0.6738985180061235,0.8568548387096774
2003-08-01,138.23092651367188,109.64905548095703,180.0001220703125,0.25796425342559814,0.6464646458625793,3.3566434383392334,0.4040403962135315,2026-05-11,https://www.matteoiacoviello.com/gpr_files/data_gpr_export.xls,0.7440329612202283,0.8709677419354839
2003-09-01,118.19628143310547,99.72046661376953,143.5571746826172,0.15592820942401886,0.514857292175293,2.8184759616851807,0.2971462309360504,2026-05-11,https://www.matteoiacoviello.com/gpr_files/data_gpr_export.xls,0.3223307000593887,0.7862903225806451
2003-10-01,108.3173828125,93.02832794189453,129.9432830810547,0.1887301206588745,0.5554057955741882,2.6449177265167236,0.353194922208786,2026-05-11,https://www.matteoiacoviello.com/gpr_files/data_gpr_export.xls,0.11439320631616294,0.7036290322580645
2003-11-01,118.0866928100586,93.33158874511719,153.246337890625,0.29791459441185,0.39421021938323975,2.8708133697509766,0.28587764501571655,2026-05-11,https://www.matteoiacoviello.com/gpr_files/data_gpr_export.xls,0.3200240073303422,0.7842741935483871
2003-12-01,129.46507263183594,107.44403839111328,164.98052978515625,0.24528542160987854,0.49375638365745544,3.160040855407715,0.4650866389274597,2026-05-11,https://www.matteoiacoviello.com/gpr_files/data_gpr_export.xls,0.5595235582280376,0.8306451612903226
2004-01-01,113.46759033203125,106.71729278564453,126.08518981933594,0.18194833397865295,0.33108630776405334,2.693431854248047,0.3638966679573059,2026-05-11,https://www.matteoiacoviello.com/gpr_files/data_gpr_export.xls,0.22279812927337492,0.7540322580645161
2004-02-01,115.07597351074219,104.11482238769531,129.24427795410156,0.13559739291667938,0.4961632192134857,2.816727876663208,0.38830164074897766,2026-05-11,https://www.matteoiacoviello.com/gpr_files/data_gpr_export.xls,0.2566524261949297,0.7620967741935484
2004-03-01,138.53207397460938,109.12393951416016,183.70297241210938,0.1830192506313324,0.42037233710289,3.165661096572876,0.3231433629989624,2026-05-11,https://www.matteoiacoviello.com/gpr_files/data_gpr_export.xls,0.7503717091595853,0.8770161290322581
2004-04-01,149.6313934326172,121.14622497558594,205.3251953125,0.32781022787094116,0.4201931059360504,3.5463106632232666,0.4470139443874359,2026-05-11,https://www.matteoiacoviello.com/gpr_files/data_gpr_export.xls,0.9839974157276835,0.9193548387096774
2004-05-01,121.0911865234375,91.96539306640625,159.94842529296875,0.2875080704689026,0.32271313667297363,2.880948305130005,0.4165933132171631,2026-05-11,https://www.matteoiacoviello.com/gpr_files/data_gpr_export.xls,0.3832645482773043,0.8044354838709677
2004-06-01,137.23391723632812,106.79373931884766,178.03662109375,0.5611605048179626,0.5760850310325623,3.3609933853149414,0.4477344751358032,2026-05-11,https://www.matteoiacoviello.com/gpr_files/data_gpr_export.xls,0.7230472604522111,0.8689516129032258
2004-07-01,131.0198516845703,121.26777648925781,159.81219482421875,0.33477094769477844,0.37096238136291504,3.175800085067749,0.3076273500919342,2026-05-11,https://www.matteoiacoviello.com/gpr_files/data_gpr_export.xls,0.5922495605858022,0.842741935483871
2004-08-01,140.36582946777344,127.44524383544922,176.45431518554688,0.19454661011695862,0.5380429625511169,3.450162649154663,0.26446181535720825,2026-05-11,https://www.matteoiacoviello.com/gpr_files/data_gpr_export.xls,0.7889697893738186,0.8850806451612904
2004-09-01,153.87161254882812,130.20606994628906,189.355224609375,0.25723087787628174,0.993030846118927,3.508509635925293,0.4247300624847412,2026-05-11,https://www.matteoiacoviello.com/gpr_files/data_gpr_export.xls,1.073248309962792,0.9274193548387096
2004-10-01,119.86279296875,100.50788116455078,148.24447631835938,0.14025646448135376,0.48660406470298767,2.9396610260009766,0.33203572034835815,2026-05-11,https://www.matteoiacoviello.com/gpr_files/data_gpr_export.xls,0.3574085205052128,0.7963709677419355
2004-11-01,122.70738983154297,98.92665100097656,151.67926025390625,0.13509051501750946,0.5013359189033508,2.9749932289123535,0.36324337124824524,2026-05-11,https://www.matteoiacoviello.com/gpr_files/data_gpr_export.xls,0.41728344837675324,0.8084677419354839
2004-12-01,109.89522552490234,81.60477447509766,145.225341796875,0.20005716383457184,0.38106125593185425,2.5848655700683594,0.4096408486366272,2026-05-11,https://www.matteoiacoviello.com/gpr_files/data_gpr_export.xls,0.14760466760736587,0.717741935483871
2005-01-01,100.88758850097656,78.19856262207031,128.5348663330078,0.1870512217283249,0.3318650722503662,2.455801486968994,0.4525432884693146,2026-05-11,https://www.matteoiacoviello.com/gpr_files/data_gpr_export.xls,-0.041993944468381866,0.6189516129032258
2005-02-01,108.97796630859375,104.7703628540039,108.79598236083984,0.11581894010305405,0.524402379989624,2.622012138366699,0.6273525953292847,2026-05-11,https://www.matteoiacoviello.com/gpr_files/data_gpr_export.xls,0.12829759807693733,0.7076612903225806
2005-03-01,90.41048431396484,87.22633361816406,87.87673950195312,0.14031270146369934,0.48966267704963684,2.1218717098236084,0.5297520160675049,2026-05-11,https://www.matteoiacoviello.com/gpr_files/data_gpr_export.xls,-0.2625228586724179,0.4596774193548387
2005-04-01,87.03240203857422,72.53263092041016,102.85391235351562,0.07357485592365265,0.26486948132514954,1.9423761367797852,0.36493128538131714,2026-05-11,https://www.matteoiacoviello.com/gpr_files/data_gpr_export.xls,-0.3336269350456694,0.3911290322580645
2005-05-01,98.20596313476562,89.93269348144531,104.9098892211914,0.0867224857211113,0.41566985845565796,2.28169846534729,0.41267943382263184,2026-05-11,https://www.matteoiacoviello.com/gpr_files/data_gpr_export.xls,-0.0984385421126066,0.5826612903225806
2005-06-01,81.12405395507812,69.88249969482422,93.41752624511719,0.13250218331813812,0.2981299161911011,1.9303158521652222,0.388472318649292,2026-05-11,https://www.matteoiacoviello.com/gpr_files/data_gpr_export.xls,-0.45798969448144455,0.2721774193548387
2005-07-01,165.90191650390625,118.1835708618164,237.5650177001953,0.19232530891895294,0.57697594165802,3.4862778186798096,0.7235094904899597,2026-05-11,https://www.matteoiacoviello.com/gpr_files/data_gpr_export.xls,1.3264699847120816,0.9475806451612904
2005-08-01,116.2276611328125,92.68307495117188,143.29122924804688,0.29455557465553284,0.41108307242393494,2.485919713973999,0.3948986828327179,2026-05-11,https://www.matteoiacoviello.com/gpr_files/data_gpr_export.xls,0.2808938975274615,0.7681451612903226
2005-09-01,103.80766296386719,78.45670318603516,130.27203369140625,0.11099103093147278,0.467330664396286,2.362940788269043,0.4994596540927887,2026-05-11,https://www.matteoiacoviello.com/gpr_files/data_gpr_export.xls,0.019469685099653758,0.6512096774193549
2005-10-01,87.06182861328125,73.18765258789062,105.56188201904297,0.07181844115257263,0.3878195881843567,2.013789176940918,0.24705544114112854,2026-05-11,https://www.matteoiacoviello.com/gpr_files/data_gpr_export.xls,-0.3330075453313884,0.39314516129032256
2005-11-01,83.48009490966797,70.60446166992188,96.02958679199219,0.08234468847513199,0.3476775884628296,1.7658361196517944,0.3903748095035553,2026-05-11,https://www.matteoiacoviello.com/gpr_files/data_gpr_export.xls,-0.408398209633938,0.33064516129032256
2005-12-01,95.35025024414062,69.64460754394531,130.6789093017578,0.10661983489990234,0.2540060877799988,2.129260778427124,0.2132396697998047,2026-05-11,https://www.matteoiacoviello.com/gpr_files/data_gpr_export.xls,-0.15854744737945617,0.5403225806451613
2006-01-01,94.51001739501953,89.32347106933594,100.19158172607422,0.1138811931014061,0.6709756851196289,2.19144344329834,0.6309633851051331,2026-05-11,https://www.matteoiacoviello.com/gpr_files/data_gpr_export.xls,-0.17623321575474313,0.5262096774193549
2006-02-01,95.85819244384766,89.40576171875,102.79864501953125,0.16238418221473694,0.5444645881652832,2.225618600845337,0.471232533454895,2026-05-11,https://www.matteoiacoviello.com/gpr_files/data_gpr_export.xls,-0.14785594906271082,0.5443548387096774
2006-03-01,92.79762268066406,88.04222869873047,97.03602600097656,0.12625537812709808,0.5824964046478271,2.1922523975372314,0.5279770493507385,2026-05-11,https://www.matteoiacoviello.com/gpr_files/data_gpr_export.xls,-0.21227681523652422,0.5
2006-04-01,89.01580047607422,85.9110107421875,92.8307113647461,0.10341261327266693,0.4982607960700989,2.043182611465454,0.538999080657959,2026-05-11,https://www.matteoiacoviello.com/gpr_files/data_gpr_export.xls,-0.29187907265463875,0.4314516129032258
2006-05-01,85.20877838134766,84.03312683105469,82.27742767333984,0.06883136183023453,0.5446655750274658,2.0020949840545654,0.5686069130897522,2026-05-11,https://www.matteoiacoviello.com/gpr_files/data_gpr_export.xls,-0.37201175377673823,0.3528225806451613
2006-06-01,102.57276916503906,90.38453674316406,115.67947387695312,0.11484178900718689,0.5893197059631348,2.342168092727661,0.5409652590751648,2026-05-11,https://www.matteoiacoviello.com/gpr_files/data_gpr_export.xls,-0.006523164045672694,0.6350806451612904
2006-07-01,137.13482666015625,134.39634704589844,142.0860595703125,0.26680219173431396,0.8829881548881531,2.9761147499084473,0.7432346343994141,2026-05-11,https://www.matteoiacoviello.com/gpr_files/data_gpr_export.xls,0.7209615374527085,0.8669354838709677
2006-08-01,147.08111572265625,141.55645751953125,159.18817138671875,0.1323135495185852,0.5518442988395691,3.0335302352905273,0.47116532921791077,2026-05-11,https://www.matteoiacoviello.com/gpr_files/data_gpr_export.xls,0.9303175091182169,0.907258064516129
2006-09-01,111.72425842285156,110.28041076660156,114.77066802978516,0.1487327367067337,0.5160115361213684,2.479890823364258,0.49172863364219666,2026-05-11,https://www.matteoiacoviello.com/gpr_files/data_gpr_export.xls,0.18610334356099764,0.7298387096774194
2006-10-01,113.13529968261719,125.2918930053711,99.27391815185547,0.13394850492477417,0.7947611212730408,2.5926477909088135,1.0864711999893188,2026-05-11,https://www.matteoiacoviello.com/gpr_files/data_gpr_export.xls,0.21580385921483328,0.7479838709677419
2006-11-01,88.77892303466797,87.27577209472656,86.71051025390625,0.09716107696294785,0.4098982810974121,1.9614392518997192,0.42811599373817444,2026-05-11,https://www.matteoiacoviello.com/gpr_files/data_gpr_export.xls,-0.29686502335440457,0.4274193548387097
2006-12-01,90.60655975341797,95.78137969970703,78.7696533203125,0.20804889500141144,0.5396268367767334,2.0609843730926514,0.41284701228141785,2026-05-11,https://www.matteoiacoviello.com/gpr_files/data_gpr_export.xls,-0.2583957350900944,0.4657258064516129
2007-01-01,97.9200439453125,95.61344909667969,97.65373992919922,0.1605929583311081,0.3304508924484253,2.368746042251587,0.3582458198070526,2026-05-11,https://www.matteoiacoviello.com/gpr_files/data_gpr_export.xls,-0.10445675547335201,0.5786290322580645
2007-02-01,96.16935729980469,98.1557388305664,90.95567321777344,0.23762376606464386,0.5907590985298157,2.3036303520202637,0.5049505233764648,2026-05-11,https://www.matteoiacoviello.com/gpr_files/data_gpr_export.xls,-0.14130634846718299,0.5524193548387096
2007-03-01,87.33650207519531,86.1521224975586,83.9186019897461,0.18793731927871704,0.39033135771751404,1.9545481204986572,0.41057074069976807,2026-05-11,https://www.matteoiacoviello.com/gpr_files/data_gpr_export.xls,-0.3272260393698782,0.3971774193548387
2007-04-01,76.6133804321289,69.22551727294922,83.41928100585938,0.11217229813337326,0.285238116979599,1.7691173553466797,0.3333119750022888,2026-05-11,https://www.matteoiacoviello.com/gpr_files/data_gpr_export.xls,-0.5529332892562335,0.20362903225806453
2007-05-01,92.5995864868164,82.30323028564453,103.89258575439453,0.12654121220111847,0.37637898325920105,1.9922128915786743,0.3244646191596985,2026-05-11,https://www.matteoiacoviello.com/gpr_files/data_gpr_export.xls,-0.216445210054671,0.49798387096774194
2007-06-01,97.9723129272461,87.08059692382812,109.30941009521484,0.12045901268720627,0.5008559226989746,2.1809420585632324,0.38356685638427734,2026-05-11,https://www.matteoiacoviello.com/gpr_files/data_gpr_export.xls,-0.10335656389115362,0.5806451612903226
2007-07-01,112.34625244140625,103.2634048461914,127.13468170166016,0.17479687929153442,0.42404428124427795,2.392127752304077,0.37548959255218506,2026-05-11,https://www.matteoiacoviello.com/gpr_files/data_gpr_export.xls,0.1991954788595389,0.7379032258064516
2007-08-01,83.17320251464844,73.12574005126953,100.14825439453125,0.13647760450839996,0.32691147923469543,1.9360777139663696,0.2856508195400238,2026-05-11,https://www.matteoiacoviello.com/gpr_files/data_gpr_export.xls,-0.4148578806883725,0.31451612903225806
2007-09-01,94.4888687133789,94.93997955322266,92.24872589111328,0.14389389753341675,0.4973723590373993,2.180305242538452,0.5693193078041077,2026-05-11,https://www.matteoiacoviello.com/gpr_files/data_gpr_export.xls,-0.17667836698315562,0.5241935483870968
2007-10-01,101.47301483154297,103.61026763916016,97.49516296386719,0.1086987629532814,0.5692382454872131,2.3484654426574707,0.5663777589797974,2026-05-11,https://www.matteoiacoviello.com/gpr_files/data_gpr_export.xls,-0.029671509688520663,0.625
2007-11-01,89.79544830322266,95.73847961425781,81.56842803955078,0.18874143064022064,0.44039666652679443,1.9533239603042603,0.45537614822387695,2026-05-11,https://www.matteoiacoviello.com/gpr_files/data_gpr_export.xls,-0.27546853728974985,0.4495967741935484
2007-12-01,94.96749114990234,98.5313720703125,84.13076782226562,0.1555461883544922,0.6319063901901245,2.1452412605285645,0.4925629496574402,2026-05-11,https://www.matteoiacoviello.com/gpr_files/data_gpr_export.xls,-0.16660401014216394,0.5362903225806451
2008-01-01,81.49982452392578,76.40237426757812,83.74764251708984,0.1463581770658493,0.2864883244037628,1.8372621536254883,0.3518824279308319,2026-05-11,https://www.matteoiacoviello.com/gpr_files/data_gpr_export.xls,-0.45008023075381104,0.2762096774193548
2008-02-01,80.75146484375,72.52851104736328,86.75279235839844,0.0635707676410675,0.3814246356487274,1.7704459428787231,0.28606846928596497,2026-05-11,https://www.matteoiacoviello.com/gpr_files/data_gpr_export.xls,-0.46583219281865673,0.2661290322580645
2008-03-01,77.63613891601562,72.02967834472656,83.48439025878906,0.099089615046978,0.291075736284256,1.6349786520004272,0.343717098236084,2026-05-11,https://www.matteoiacoviello.com/gpr_files/data_gpr_export.xls,-0.5314056024146622,0.21370967741935484
2008-04-01,71.9048080444336,69.45796966552734,69.99274444580078,0.07600709050893784,0.2818596363067627,1.6309856176376343,0.29452750086784363,2026-05-11,https://www.matteoiacoviello.com/gpr_files/data_gpr_export.xls,-0.652042388256777,0.14112903225806453
2008-05-01,72.57379913330078,70.67774963378906,74.78978729248047,0.2045489251613617,0.3449854850769043,1.6150206327438354,0.3968859612941742,2026-05-11,https://www.matteoiacoviello.com/gpr_files/data_gpr_export.xls,-0.637961028006208,0.14717741935483872
2008-06-01,87.54842376708984,88.88606262207031,80.34490203857422,0.10438413172960281,0.3262004256248474,1.856080412864685,0.37186846137046814,2026-05-11,https://www.matteoiacoviello.com/gpr_files/data_gpr_export.xls,-0.32276537354317775,0.4012096774193548
2008-07-01,89.73957061767578,84.3224868774414,88.16068267822266,0.0660523772239685,0.5350242853164673,2.0377159118652344,0.45245879888534546,2026-05-11,https://www.matteoiacoviello.com/gpr_files/data_gpr_export.xls,-0.27664468721647895,0.44556451612903225
2008-08-01,88.55410766601562,75.76971435546875,105.06571197509766,0.06339884549379349,1.124495267868042,1.955353856086731,0.3737195134162903,2026-05-11,https://www.matteoiacoviello.com/gpr_files/data_gpr_export.xls,-0.30159708368904764,0.41935483870967744
2008-09-01,88.54255676269531,82.01426696777344,94.46100616455078,0.04881858825683594,0.8331705927848816,2.0341079235076904,0.38403958082199097,2026-05-11,https://www.matteoiacoviello.com/gpr_files/data_gpr_export.xls,-0.3018402146269324,0.4173387096774194
2008-10-01,64.15979766845703,53.11738967895508,75.28266143798828,0.09372071176767349,0.4154951572418213,1.380818486213684,0.34989064931869507,2026-05-11,https://www.matteoiacoviello.com/gpr_files/data_gpr_export.xls,-0.8150644121124222,0.08669354838709678
2008-11-01,79.08097076416016,68.30364990234375,95.14356231689453,0.15542641282081604,0.47303688526153564,1.7603729963302612,0.3007163107395172,2026-05-11,https://www.matteoiacoviello.com/gpr_files/data_gpr_export.xls,-0.5009938404438572,0.2318548387096774
2008-12-01,92.3664321899414,83.84313201904297,109.21497344970703,0.13050448894500732,0.38032737374305725,1.924009084701538,0.2908385992050171,2026-05-11,https://www.matteoiacoviello.com/gpr_files/data_gpr_export.xls,-0.22135279358291254,0.4879032258064516
2009-01-01,85.36947631835938,86.31317138671875,89.7125473022461,0.21078820526599884,0.321365624666214,1.7657831907272339,0.24879920482635498,2026-05-11,https://www.matteoiacoviello.com/gpr_files/data_gpr_export.xls,-0.3686292789123615,0.36088709677419356
2009-02-01,67.45267486572266,64.77291107177734,64.58635711669922,0.08649218082427979,0.36477136611938477,1.58318293094635,0.31212395429611206,2026-05-11,https://www.matteoiacoviello.com/gpr_files/data_gpr_export.xls,-0.7457537877301197,0.10483870967741936
2009-03-01,72.64462280273438,69.17710876464844,74.83297729492188,0.08326972275972366,0.3192006051540375,1.637637972831726,0.2463396042585373,2026-05-11,https://www.matteoiacoviello.com/gpr_files/data_gpr_export.xls,-0.6364702852741181,0.14919354838709678
2009-04-01,85.6884994506836,84.48536682128906,83.98128509521484,0.09759976714849472,0.60005784034729,1.995373010635376,0.5855985879898071,2026-05-11,https://www.matteoiacoviello.com/gpr_files/data_gpr_export.xls,-0.36191427219660827,0.36693548387096775
2009-05-01,89.68086242675781,86.63702392578125,92.64315032958984,0.11867088824510574,0.4387226700782776,2.078538656234741,0.3955696225166321,2026-05-11,https://www.matteoiacoviello.com/gpr_files/data_gpr_export.xls,-0.27788041546418246,0.4435483870967742
2009-06-01,81.10958862304688,80.80081939697266,74.5913314819336,0.12408347427845001,0.4624929428100586,1.759729266166687,0.40985146164894104,2026-05-11,https://www.matteoiacoviello.com/gpr_files/data_gpr_export.xls,-0.45829417021343233,0.2701612903225806
2009-07-01,83.43962097167969,82.10675048828125,80.12088012695312,0.09934280812740326,0.5349228382110596,1.9257221221923828,0.38972947001457214,2026-05-11,https://www.matteoiacoviello.com/gpr_files/data_gpr_export.xls,-0.4092501314473321,0.3286290322580645
2009-08-01,73.37187957763672,64.70917510986328,78.04385375976562,0.044014085084199905,0.400128036737442,1.6925415992736816,0.380121648311615,2026-05-11,https://www.matteoiacoviello.com/gpr_files/data_gpr_export.xls,-0.6211625109068875,0.15524193548387097
2009-09-01,92.8399887084961,97.492919921875,77.7846450805664,0.09863803535699844,0.8763610124588013,2.2041807174682617,0.6145908236503601,2026-05-11,https://www.matteoiacoviello.com/gpr_files/data_gpr_export.xls,-0.2113850674835031,0.5040322580645161
2009-10-01,90.57640075683594,88.22991180419922,90.4251480102539,0.08178649842739105,0.5831733345985413,2.1051135063171387,0.42671218514442444,2026-05-11,https://www.matteoiacoviello.com/gpr_files/data_gpr_export.xls,-0.25903054129713426,0.4637096774193548
2009-11-01,82.10176086425781,74.31538391113281,85.0097885131836,0.12198375910520554,0.4383791387081146,1.7382686138153076,0.37357527017593384,2026-05-11,https://www.matteoiacoviello.com/gpr_files/data_gpr_export.xls,-0.43741028253301023,0.2923387096774194
2009-12-01,92.94691467285156,89.34334564208984,95.87136840820312,0.1448225975036621,0.48274198174476624,2.2085444927215576,0.36607933044433594,2026-05-11,https://www.matteoiacoviello.com/gpr_files/data_gpr_export.xls,-0.20913442012917374,0.5060483870967742
2010-01-01,91.58102416992188,84.97299194335938,100.41094207763672,0.21442566812038422,0.3438204824924469,2.0555288791656494,0.3660024404525757,2026-05-11,https://www.matteoiacoviello.com/gpr_files/data_gpr_export.xls,-0.2378845732398113,0.4798387096774194
2010-02-01,80.72535705566406,78.84627532958984,80.71173858642578,0.12743492424488068,0.4187147319316864,1.8095757961273193,0.5097396969795227,2026-05-11,https://www.matteoiacoviello.com/gpr_files/data_gpr_export.xls,-0.4663817265501241,0.26411290322580644
2010-03-01,74.116943359375,73.49691009521484,70.03934478759766,0.11200108379125595,0.5532174706459045,1.6630464792251587,0.37673091888427734,2026-05-11,https://www.matteoiacoviello.com/gpr_files/data_gpr_export.xls,-0.6054799230594567,0.16330645161290322
2010-04-01,88.76158142089844,92.05691528320312,81.26840209960938,0.0818621888756752,0.7901480793952942,1.9718109369277954,0.5623576045036316,2026-05-11,https://www.matteoiacoviello.com/gpr_files/data_gpr_export.xls,-0.29723004093816413,0.4254032258064516
2010-05-01,88.95870971679688,87.49411010742188,85.85739135742188,0.08188890665769577,0.5595741868019104,2.033574342727661,0.6482871770858765,2026-05-11,https://www.matteoiacoviello.com/gpr_files/data_gpr_export.xls,-0.2930807561474997,0.42943548387096775
2010-06-01,96.45369720458984,110.69171905517578,70.9886245727539,0.07567939162254333,0.5297557711601257,2.119023084640503,0.37151703238487244,2026-05-11,https://www.matteoiacoviello.com/gpr_files/data_gpr_export.xls,-0.13532137691894888,0.5584677419354839
2010-07-01,79.38137817382812,75.18537902832031,84.04823303222656,0.08792290836572647,0.28135329484939575,1.6248153448104858,0.2180488109588623,2026-05-11,https://www.matteoiacoviello.com/gpr_files/data_gpr_export.xls,-0.49467066958572536,0.23588709677419356
2010-08-01,80.99386596679688,71.95153045654297,85.98257446289062,0.12015169113874435,0.39424774050712585,1.7309353351593018,0.32666242122650146,2026-05-11,https://www.matteoiacoviello.com/gpr_files/data_gpr_export.xls,-0.4607299760693344,0.26814516129032256
2010-09-01,71.16854858398438,68.94754028320312,69.29395294189453,0.06681670993566513,0.3165002167224884,1.5473343133926392,0.3376002311706543,2026-05-11,https://www.matteoiacoviello.com/gpr_files/data_gpr_export.xls,-0.6675396570141688,0.1350806451612903
2010-10-01,65.99193572998047,62.0961799621582,76.16891479492188,0.1315183788537979,0.24002104997634888,1.4335503578186035,0.2827645242214203,2026-05-11,https://www.matteoiacoviello.com/gpr_files/data_gpr_export.xls,-0.7765003766530314,0.10080645161290322
2010-11-01,94.70516967773438,98.68914794921875,83.2665023803711,0.23758777976036072,0.6778239607810974,2.0334718227386475,0.681317925453186,2026-05-11,https://www.matteoiacoviello.com/gpr_files/data_gpr_export.xls,-0.1721255233768344,0.530241935483871
2010-12-01,97.20389556884766,100.3976821899414,91.7621078491211,0.1170739084482193,0.630688488483429,2.1148834228515625,0.5287208557128906,2026-05-11,https://www.matteoiacoviello.com/gpr_files/data_gpr_export.xls,-0.11953071303373974,0.5705645161290323
2011-01-01,79.42161560058594,76.59356689453125,78.8069839477539,0.06154514476656914,0.47787994146347046,1.5277677774429321,0.46701905131340027,2026-05-11,https://www.matteoiacoviello.com/gpr_files/data_gpr_export.xls,-0.4938237260147847,0.2399193548387097
2011-02-01,90.01448822021484,90.18933868408203,85.48683166503906,0.28623369336128235,0.32878196239471436,1.802498698234558,0.39840638637542725,2026-05-11,https://www.matteoiacoviello.com/gpr_files/data_gpr_export.xls,-0.27085804242404915,0.45161290322580644
2011-03-01,136.8883056640625,126.96572875976562,157.47984313964844,0.48577606678009033,0.7319913506507874,2.9379470348358154,0.5290300846099854,2026-05-11,https://www.matteoiacoviello.com/gpr_files/data_gpr_export.xls,0.7157726029316175,0.8629032258064516
2011-04-01,91.01776885986328,72.92317962646484,111.94474029541016,0.17174138128757477,0.2540341317653656,1.9177788496017456,0.2683459222316742,2026-05-11,https://www.matteoiacoviello.com/gpr_files/data_gpr_export.xls,-0.24974033793678407,0.47580645161290325
2011-05-01,105.34491729736328,95.50663757324219,123.82610321044922,0.21778714656829834,0.21778714656829834,2.2956907749176025,0.207076296210289,2026-05-11,https://www.matteoiacoviello.com/gpr_files/data_gpr_export.xls,0.05182681575046911,0.6774193548387096
2011-06-01,84.391845703125,71.39112854003906,98.27275848388672,0.21963778138160706,0.2916501760482788,1.7967090606689453,0.3636625409126282,2026-05-11,https://www.matteoiacoviello.com/gpr_files/data_gpr_export.xls,-0.38920708497613354,0.3467741935483871
2011-07-01,78.92475891113281,59.019046783447266,102.11175537109375,0.09218288958072662,0.2691740393638611,1.5707964897155762,0.2691740393638611,2026-05-11,https://www.matteoiacoviello.com/gpr_files/data_gpr_export.xls,-0.5042818892900859,0.22580645161290322
2011-08-01,86.95156860351562,63.504676818847656,112.49906158447266,0.1836099922657013,0.38220855593681335,1.704949975013733,0.29977142810821533,2026-05-11,https://www.matteoiacoviello.com/gpr_files/data_gpr_export.xls,-0.3353283698454639,0.38911290322580644
2011-09-01,83.35044860839844,70.606689453125,95.26744079589844,0.17045454680919647,0.2876420319080353,1.6370738744735718,0.28053978085517883,2026-05-11,https://www.matteoiacoviello.com/gpr_files/data_gpr_export.xls,-0.41112708944072496,0.3185483870967742
2011-10-01,76.33993530273438,64.18510437011719,92.34331512451172,0.316066712141037,0.3090430200099945,1.5346795320510864,0.3722563683986664,2026-05-11,https://www.matteoiacoviello.com/gpr_files/data_gpr_export.xls,-0.5586889404746794,0.19959677419354838
2011-11-01,83.15767669677734,95.57453155517578,70.11003875732422,0.305995374917984,0.6191069483757019,1.7399039268493652,0.5906422138214111,2026-05-11,https://www.matteoiacoviello.com/gpr_files/data_gpr_export.xls,-0.41518467821716737,0.3125
2011-12-01,85.34132385253906,88.89408111572266,77.47647857666016,0.23961661756038666,0.46021604537963867,1.8332573175430298,0.551498532295227,2026-05-11,https://www.matteoiacoviello.com/gpr_files/data_gpr_export.xls,-0.36922185035278077,0.3588709677419355
2012-01-01,79.63497161865234,93.6095962524414,62.06843185424805,0.28231796622276306,0.4383358061313629,1.7756315469741821,0.5609212517738342,2026-05-11,https://www.matteoiacoviello.com/gpr_files/data_gpr_export.xls,-0.48933286955643146,0.24596774193548387
2012-02-01,92.4458236694336,104.2074966430664,78.59986114501953,0.35040944814682007,0.8874499797821045,1.9082080125808716,0.8188916444778442,2026-05-11,https://www.matteoiacoviello.com/gpr_files/data_gpr_export.xls,-0.2196817100032371,0.4939516129032258
2012-03-01,88.75997924804688,87.85648345947266,85.85698699951172,0.22070488333702087,0.6862542033195496,1.910476565361023,0.6241809725761414,2026-05-11,https://www.matteoiacoviello.com/gpr_files/data_gpr_export.xls,-0.29726376451607417,0.42338709677419356
2012-04-01,96.01668548583984,101.92078399658203,86.38436889648438,0.20489470660686493,0.5805349946022034,1.9654715061187744,0.8006070852279663,2026-05-11,https://www.matteoiacoviello.com/gpr_files/data_gpr_export.xls,-0.144519884265077,0.5463709677419355
2012-05-01,78.17115783691406,80.6348876953125,69.74354553222656,0.19147399067878723,0.5708092451095581,1.6257225275039673,0.4804913401603699,2026-05-11,https://www.matteoiacoviello.com/gpr_files/data_gpr_export.xls,-0.5201441756312373,0.2217741935483871
2012-06-01,77.82243347167969,70.23216247558594,82.17473602294922,0.2431451827287674,0.796768069267273,1.488796591758728,0.4788089692592621,2026-05-11,https://www.matteoiacoviello.com/gpr_files/data_gpr_export.xls,-0.5274843532460561,0.21774193548387097
2012-07-01,82.80802154541016,79.33626556396484,91.00080108642578,0.21179097890853882,0.7547460198402405,1.6981786489486694,0.4890446364879608,2026-05-11,https://www.matteoiacoviello.com/gpr_files/data_gpr_export.xls,-0.42254444762486726,0.3064516129032258
2012-08-01,74.87835693359375,70.9891586303711,78.11161804199219,0.32137519121170044,0.38490283489227295,1.7376681566238403,0.3026905953884125,2026-05-11,https://www.matteoiacoviello.com/gpr_files/data_gpr_export.xls,-0.5894531941288773,0.17540322580645162
2012-09-01,69.28050994873047,68.40282440185547,65.87126159667969,0.14293043315410614,0.3408341407775879,1.5685700178146362,0.3664883077144623,2026-05-11,https://www.matteoiacoviello.com/gpr_files/data_gpr_export.xls,-0.7072803241656873,0.12298387096774194
2012-10-01,81.66366577148438,74.20600891113281,88.03089904785156,0.18841591477394104,0.43963712453842163,1.5631542205810547,0.3419399857521057,2026-05-11,https://www.matteoiacoviello.com/gpr_files/data_gpr_export.xls,-0.4466315934413442,0.28830645161290325
2012-11-01,81.38964080810547,75.65846252441406,89.04841613769531,0.1667671948671341,0.30160024762153625,1.5683213472366333,0.30514848232269287,2026-05-11,https://www.matteoiacoviello.com/gpr_files/data_gpr_export.xls,-0.45239944938322413,0.27419354838709675
2012-12-01,74.83155822753906,66.24052429199219,82.9786148071289,0.09707983583211899,0.4426840543746948,1.5649269819259644,0.30677229166030884,2026-05-11,https://www.matteoiacoviello.com/gpr_files/data_gpr_export.xls,-0.5904382437807829,0.17137096774193547
2013-01-01,90.6574935913086,84.139892578125,108.9493179321289,0.08807016164064407,0.3559502363204956,1.757733702659607,0.34127187728881836,2026-05-11,https://www.matteoiacoviello.com/gpr_files/data_gpr_export.xls,-0.2573236464894877,0.46975806451612906
2013-02-01,81.59033203125,77.60531616210938,85.65817260742188,0.13420169055461884,0.44602328538894653,1.8393527269363403,0.4657588303089142,2026-05-11,https://www.matteoiacoviello.com/gpr_files/data_gpr_export.xls,-0.44817516977882643,0.28225806451612906
2013-03-01,75.89672088623047,81.89175415039062,69.39681243896484,0.1879299283027649,0.4042266607284546,1.6417275667190552,0.4113183319568634,2026-05-11,https://www.matteoiacoviello.com/gpr_files/data_gpr_export.xls,-0.5680180062438592,0.18548387096774194
2013-04-01,95.10787200927734,99.5219497680664,87.4727554321289,0.14974543452262878,0.5203653573989868,2.2199759483337402,0.6476489901542664,2026-05-11,https://www.matteoiacoviello.com/gpr_files/data_gpr_export.xls,-0.16364918236337977,0.5383064516129032
2013-05-01,83.71731567382812,75.3292236328125,98.22759246826172,0.12987950444221497,0.5988888144493103,1.7678042650222778,0.2741900682449341,2026-05-11,https://www.matteoiacoviello.com/gpr_files/data_gpr_export.xls,-0.4034050324531915,0.3407258064516129
2013-06-01,82.97300720214844,78.82188415527344,86.63420104980469,0.19787663221359253,0.5631873607635498,1.8646067380905151,0.4147798717021942,2026-05-11,https://www.matteoiacoviello.com/gpr_files/data_gpr_export.xls,-0.4190717220424647,0.31048387096774194
2013-07-01,73.97581481933594,71.55718994140625,72.67587280273438,0.12174049764871597,0.30238768458366394,1.4333962202072144,0.26704367995262146,2026-05-11,https://www.matteoiacoviello.com/gpr_files/data_gpr_export.xls,-0.6084504885079323,0.16129032258064516
2013-08-01,90.95674896240234,80.73957824707031,106.97908782958984,0.2831452190876007,0.6045532822608948,2.058542251586914,0.27166634798049927,2026-05-11,https://www.matteoiacoviello.com/gpr_files/data_gpr_export.xls,-0.25102472448975777,0.4717741935483871
2013-09-01,100.4593276977539,100.38423156738281,100.16348266601562,0.21934887766838074,0.9889940619468689,2.3628108501434326,0.36942970752716064,2026-05-11,https://www.matteoiacoviello.com/gpr_files/data_gpr_export.xls,-0.0510082568437347,0.6108870967741935
2013-10-01,72.95311737060547,65.50166320800781,78.73002624511719,0.16998806595802307,0.502730667591095,1.5660603046417236,0.33997613191604614,2026-05-11,https://www.matteoiacoviello.com/gpr_files/data_gpr_export.xls,-0.6299768906417736,0.15120967741935484
2013-11-01,77.77902221679688,92.4988784790039,52.43838119506836,0.38629046082496643,0.6362431645393372,1.7572429180145264,0.4999053180217743,2026-05-11,https://www.matteoiacoviello.com/gpr_files/data_gpr_export.xls,-0.5283981016189518,0.2157258064516129
2013-12-01,70.37248992919922,70.09461212158203,66.79072570800781,0.16236469149589539,0.39134055376052856,1.631973385810852,0.35803496837615967,2026-05-11,https://www.matteoiacoviello.com/gpr_files/data_gpr_export.xls,-0.6842956181699362,0.13306451612903225
2014-01-01,77.91596984863281,70.48076629638672,83.1458969116211,0.18460330367088318,0.5223880410194397,1.6967792510986328,0.274941086769104,2026-05-11,https://www.matteoiacoviello.com/gpr_files/data_gpr_export.xls,-0.5255155386499749,0.21975806451612903
2014-02-01,69.00352478027344,73.27865600585938,59.08655548095703,0.12028203904628754,0.6097055077552795,1.4558274745941162,0.29448360204696655,2026-05-11,https://www.matteoiacoviello.com/gpr_files/data_gpr_export.xls,-0.7131104884324677,0.11895161290322581
2014-03-01,119.83855438232422,151.67477416992188,74.0618896484375,0.16744185984134674,2.3293023109436035,2.701395273208618,0.606511652469635,2026-05-11,https://www.matteoiacoviello.com/gpr_files/data_gpr_export.xls,0.35689833094797385,0.7943548387096774
2014-04-01,93.22154235839844,113.13993072509766,60.90629959106445,0.0709863156080246,1.538036823272705,2.1098711490631104,0.4259178936481476,2026-05-11,https://www.matteoiacoviello.com/gpr_files/data_gpr_export.xls,-0.20335387769846094,0.5100806451612904
2014-05-01,83.4288558959961,91.6987533569336,76.15043640136719,0.09407337754964828,1.0385700464248657,1.802445888519287,0.45531514286994934,2026-05-11,https://www.matteoiacoviello.com/gpr_files/data_gpr_export.xls,-0.4094767217731943,0.3245967741935484
2014-06-01,98.76710510253906,95.32296752929688,107.18201446533203,0.29743021726608276,0.8169416189193726,2.1296002864837646,0.22208121418952942,2026-05-11,https://www.matteoiacoviello.com/gpr_files/data_gpr_export.xls,-0.0866272604207818,0.5967741935483871
2014-07-01,138.7539520263672,162.71510314941406,118.54683685302734,0.1294422149658203,1.851415991783142,2.9183337688446045,0.5687612891197205,2026-05-11,https://www.matteoiacoviello.com/gpr_files/data_gpr_export.xls,0.7550419429347267,0.8830645161290323
2014-08-01,136.44558715820312,158.59349060058594,112.11448669433594,0.19862617552280426,1.4938342571258545,2.797318458557129,0.3972523510456085,2026-05-11,https://www.matteoiacoviello.com/gpr_files/data_gpr_export.xls,0.7064539754127431,0.8608870967741935
2014-09-01,131.55665588378906,143.3953857421875,120.78192138671875,0.533879280090332,1.5093127489089966,2.9062299728393555,0.44556841254234314,2026-05-11,https://www.matteoiacoviello.com/gpr_files/data_gpr_export.xls,0.603548565070327,0.844758064516129
2014-10-01,83.66100311279297,86.33345031738281,77.19393157958984,0.15588168799877167,0.4752490222454071,1.7717283964157104,0.23572352528572083,2026-05-11,https://www.matteoiacoviello.com/gpr_files/data_gpr_export.xls,-0.40459033592249616,0.3387096774193548
2014-11-01,84.38005065917969,88.46994018554688,76.33753204345703,0.22130125761032104,0.776566207408905,1.7623627185821533,0.3742002844810486,2026-05-11,https://www.matteoiacoviello.com/gpr_files/data_gpr_export.xls,-0.38945535474493786,0.34475806451612906
2014-12-01,86.5262222290039,81.27322387695312,96.23736572265625,0.2003048062324524,0.7271935343742371,1.7766165733337402,0.25255823135375977,2026-05-11,https://www.matteoiacoviello.com/gpr_files/data_gpr_export.xls,-0.3442813374267137,0.38306451612903225
2015-01-01,111.9856948852539,83.50390625,153.33984375,0.2596641182899475,0.6365959048271179,2.1024417877197266,0.28898102045059204,2026-05-11,https://www.matteoiacoviello.com/gpr_files/data_gpr_export.xls,0.19160622853358447,0.7358870967741935
2015-02-01,111.92469787597656,118.22520446777344,107.79053497314453,0.20525451004505157,1.363802194595337,2.4174420833587646,0.3238460123538971,2026-05-11,https://www.matteoiacoviello.com/gpr_files/data_gpr_export.xls,0.1903223237460095,0.7318548387096774
2015-03-01,104.23526763916016,117.48873138427734,83.63285064697266,0.5313671231269836,0.7908720374107361,2.496189832687378,0.39955514669418335,2026-05-11,https://www.matteoiacoviello.com/gpr_files/data_gpr_export.xls,0.0284701868669101,0.6612903225806451
2015-04-01,102.19049072265625,110.18872833251953,95.08645629882812,0.7014411687850952,0.8247247338294983,2.4401650428771973,0.5016366839408875,2026-05-11,https://www.matteoiacoviello.com/gpr_files/data_gpr_export.xls,-0.014569609735007472,0.6310483870967742
2015-05-01,76.2623291015625,77.66873168945312,72.86188507080078,0.5002351403236389,0.45320451259613037,1.6674505472183228,0.2950104773044586,2026-05-11,https://www.matteoiacoviello.com/gpr_files/data_gpr_export.xls,-0.560322446353255,0.1935483870967742
2015-06-01,85.90596771240234,81.06608581542969,88.7894287109375,0.31179630756378174,0.7058721780776978,1.9097522497177124,0.3204573094844818,2026-05-11,https://www.matteoiacoviello.com/gpr_files/data_gpr_export.xls,-0.3573368585549526,0.375
2015-07-01,106.80866241455078,120.84297180175781,86.16881561279297,0.45023593306541443,0.8225464224815369,2.4546518325805664,0.727304220199585,2026-05-11,https://www.matteoiacoviello.com/gpr_files/data_gpr_export.xls,0.08263667652907872,0.6935483870967742
2015-08-01,82.47853088378906,85.33859252929688,74.0282974243164,0.16963528096675873,0.5984355807304382,1.8612760305404663,0.44293656945228577,2026-05-11,https://www.matteoiacoviello.com/gpr_files/data_gpr_export.xls,-0.42947978171629947,0.3004032258064516
2015-09-01,98.7674560546875,115.88518524169922,79.34535217285156,0.3958587050437927,1.070123553276062,2.2881503105163574,0.41760918498039246,2026-05-11,https://www.matteoiacoviello.com/gpr_files/data_gpr_export.xls,-0.08661987335133484,0.5987903225806451
2015-10-01,91.931884765625,79.726318359375,108.51441955566406,0.3446737825870514,1.1962207555770874,2.0396578311920166,0.27573901414871216,2026-05-11,https://www.matteoiacoviello.com/gpr_files/data_gpr_export.xls,-0.2304994308544457,0.4838709677419355
2015-11-01,150.71588134765625,113.04398345947266,213.99351501464844,0.3287671208381653,1.67123281955719,3.168949842453003,0.4885844886302948,2026-05-11,https://www.matteoiacoviello.com/gpr_files/data_gpr_export.xls,1.0068244238495887,0.9213709677419355
2015-12-01,148.23687744140625,115.224365234375,204.6312713623047,0.4278969168663025,0.9689159989356995,3.349400043487549,0.4672437608242035,2026-05-11,https://www.matteoiacoviello.com/gpr_files/data_gpr_export.xls,0.95464473469172,0.9092741935483871
2016-01-01,118.21114349365234,124.23914337158203,109.52909851074219,0.5005561709403992,0.7044864892959595,2.507415533065796,0.6952168941497803,2026-05-11,https://www.matteoiacoviello.com/gpr_files/data_gpr_export.xls,0.32264352639162086,0.7883064516129032
2016-02-01,103.74964904785156,91.322021484375,117.58201599121094,0.4207848012447357,1.193854570388794,2.245816707611084,0.49907034635543823,2026-05-11,https://www.matteoiacoviello.com/gpr_files/data_gpr_export.xls,0.01824857040237795,0.6491935483870968
2016-03-01,109.72029113769531,98.02693176269531,127.76814270019531,0.23538997769355774,0.7785975933074951,2.448961019515991,0.511520504951477,2026-05-11,https://www.matteoiacoviello.com/gpr_files/data_gpr_export.xls,0.14392253466498858,0.7116935483870968
2016-04-01,85.22145080566406,80.82244110107422,93.12298583984375,0.2788492739200592,0.7761304974555969,2.012362241744995,0.3625040650367737,2026-05-11,https://www.matteoiacoviello.com/gpr_files/data_gpr_export.xls,-0.37174501633431645,0.3548387096774194
2016-05-01,88.3324203491211,84.46136474609375,93.63965606689453,0.24582327902317047,0.655528724193573,1.9210634231567383,0.44612371921539307,2026-05-11,https://www.matteoiacoviello.com/gpr_files/data_gpr_export.xls,-0.3062633027525331,0.4153225806451613
2016-06-01,90.16812896728516,80.51286315917969,100.85737609863281,0.16991551220417023,0.54278564453125,1.7746731042861938,0.30207201838493347,2026-05-11,https://www.matteoiacoviello.com/gpr_files/data_gpr_export.xls,-0.2676241118909428,0.4536290322580645
2016-07-01,114.6104507446289,97.0980453491211,145.14874267578125,0.19152383506298065,0.756273627281189,2.4603447914123535,0.3781368136405945,2026-05-11,https://www.matteoiacoviello.com/gpr_files/data_gpr_export.xls,0.24685379975046912,0.7600806451612904
2016-08-01,98.73848724365234,82.44046783447266,121.45369720458984,0.20157122611999512,0.9354972243309021,2.1500930786132812,0.28943559527397156,2026-05-11,https://www.matteoiacoviello.com/gpr_files/data_gpr_export.xls,-0.08722962775764155,0.592741935483871
2016-09-01,104.54522705078125,95.48959350585938,121.15049743652344,0.3226456940174103,1.0485985279083252,2.6114134788513184,0.5847952961921692,2026-05-11,https://www.matteoiacoviello.com/gpr_files/data_gpr_export.xls,0.034994414484772314,0.6693548387096774
2016-10-01,85.74778747558594,79.64808654785156,100.30767822265625,0.289584755897522,0.9963679313659668,1.997644066810608,0.2650436758995056,2026-05-11,https://www.matteoiacoviello.com/gpr_files/data_gpr_export.xls,-0.3606663392254707,0.3689516129032258
2016-11-01,82.91875457763672,81.22564697265625,83.97505950927734,0.14871032536029816,0.9794369339942932,1.917850375175476,0.4768986105918884,2026-05-11,https://www.matteoiacoviello.com/gpr_files/data_gpr_export.xls,-0.420213666625885,0.3084677419354839
2016-12-01,102.18046569824219,93.9366226196289,113.97946166992188,0.22543072700500488,1.2559711933135986,2.2972464561462402,0.5850464105606079,2026-05-11,https://www.matteoiacoviello.com/gpr_files/data_gpr_export.xls,-0.01478062297964456,0.6290322580645161
2017-01-01,105.20123291015625,108.2770004272461,103.17117309570312,0.2785656452178955,1.2358185052871704,2.5729334354400635,0.6432333588600159,2026-05-11,https://www.matteoiacoviello.com/gpr_files/data_gpr_export.xls,0.04880245316580376,0.6754032258064516
2017-02-01,114.20635986328125,125.66468048095703,97.15160369873047,0.27536073327064514,1.0794140100479126,3.023460626602173,0.7214450836181641,2026-05-11,https://www.matteoiacoviello.com/gpr_files/data_gpr_export.xls,0.23834823163615912,0.7580645161290323
2017-03-01,96.63587951660156,95.83842468261719,95.67454528808594,0.20188425481319427,0.7931166887283325,2.1438183784484863,0.6296865940093994,2026-05-11,https://www.matteoiacoviello.com/gpr_files/data_gpr_export.xls,-0.1314866849336452,0.5604838709677419
2017-04-01,119.45992279052734,127.44654846191406,108.06884002685547,0.183881476521492,1.439529299736023,3.0787012577056885,1.0770200490951538,2026-05-11,https://www.matteoiacoviello.com/gpr_files/data_gpr_export.xls,0.34892864654550093,0.7923387096774194
2017-05-01,102.57996368408203,102.35460662841797,99.70480346679688,0.44679123163223267,0.8681966066360474,2.518277883529663,0.6904955506324768,2026-05-11,https://www.matteoiacoviello.com/gpr_files/data_gpr_export.xls,-0.006371729122010005,0.6370967741935484
2017-06-01,126.78901672363281,113.16846466064453,146.67166137695312,0.7378740906715393,0.8255934119224548,2.858617067337036,0.5417956709861755,2026-05-11,https://www.matteoiacoviello.com/gpr_files/data_gpr_export.xls,0.5031961901641668,0.8225806451612904
2017-07-01,102.81346130371094,125.59920501708984,71.9550552368164,0.34970593452453613,1.3723307847976685,2.6227943897247314,0.90605628490448,2026-05-11,https://www.matteoiacoviello.com/gpr_files/data_gpr_export.xls,-0.0014569191127877382,0.6391129032258065
2017-08-01,138.5316162109375,160.02310180664062,108.43595123291016,0.2136295735836029,1.0841701030731201,3.556932210922241,1.2550736665725708,2026-05-11,https://www.matteoiacoviello.com/gpr_files/data_gpr_export.xls,0.750362073851611,0.875
2017-09-01,115.5344467163086,142.1448974609375,84.09626770019531,0.12982474267482758,1.1784090995788574,2.881110429763794,1.2183551788330078,2026-05-11,https://www.matteoiacoviello.com/gpr_files/data_gpr_export.xls,0.26630266889658605,0.7661290322580645
2017-10-01,91.4615707397461,109.23060607910156,69.15699768066406,0.23131239414215088,0.7426345348358154,2.098043918609619,0.6046587228775024,2026-05-11,https://www.matteoiacoviello.com/gpr_files/data_gpr_export.xls,-0.2403989068557039,0.4778225806451613
2017-11-01,92.59601593017578,103.94397735595703,80.11587524414062,0.6059585809707642,0.6312068700790405,2.1755597591400146,0.753240168094635,2026-05-11,https://www.matteoiacoviello.com/gpr_files/data_gpr_export.xls,-0.2165203654568705,0.4959677419354839
2017-12-01,82.71825408935547,95.908447265625,62.65747833251953,0.24673306941986084,0.7904596328735352,2.001279354095459,0.7310609817504883,2026-05-11,https://www.matteoiacoviello.com/gpr_files/data_gpr_export.xls,-0.42443393151862674,0.3024193548387097
2018-01-01,92.42678833007812,107.64431762695312,75.66629028320312,0.3080260157585144,1.0325379371643066,2.203904628753662,0.6854663491249084,2026-05-11,https://www.matteoiacoviello.com/gpr_files/data_gpr_export.xls,-0.2200823782265016,0.49193548387096775
2018-02-01,64.49137115478516,74.68311309814453,52.002201080322266,0.13949595391750336,0.7439784407615662,1.5902538299560547,0.29294151067733765,2026-05-11,https://www.matteoiacoviello.com/gpr_files/data_gpr_export.xls,-0.8080852373697069,0.0907258064516129
2018-03-01,111.96229553222656,146.9270782470703,64.55758666992188,0.2484571635723114,1.4226176738739014,2.749058246612549,0.9457401633262634,2026-05-11,https://www.matteoiacoviello.com/gpr_files/data_gpr_export.xls,0.19111370370763167,0.7338709677419355
2018-04-01,123.26347351074219,146.39566040039062,94.30585479736328,0.4405476748943329,1.766509771347046,3.360255718231201,1.105688214302063,2026-05-11,https://www.matteoiacoviello.com/gpr_files/data_gpr_export.xls,0.4289882599154621,0.8125
2018-05-01,125.66661834716797,172.21670532226562,63.21790313720703,0.5084460973739624,1.2564080953598022,3.3196067810058594,1.5211362838745117,2026-05-11,https://www.matteoiacoviello.com/gpr_files/data_gpr_export.xls,0.47957121795352364,0.8185483870967742
2018-06-01,103.96858978271484,137.0244598388672,56.64043426513672,0.2684729993343353,0.8921564817428589,2.622774839401245,1.168890118598938,2026-05-11,https://www.matteoiacoviello.com/gpr_files/data_gpr_export.xls,0.022856977618017596,0.655241935483871
2018-07-01,110.02842712402344,129.1023406982422,84.4084701538086,0.19638817012310028,1.144174575805664,2.685394763946533,1.0246338844299316,2026-05-11,https://www.matteoiacoviello.com/gpr_files/data_gpr_export.xls,0.15040838163941986,0.719758064516129
2018-08-01,112.74168395996094,145.11407470703125,68.57559204101562,0.371747225522995,1.1645092964172363,2.8082590103149414,0.9629596471786499,2026-05-11,https://www.matteoiacoviello.com/gpr_files/data_gpr_export.xls,0.20751877906466845,0.7439516129032258
2018-09-01,75.05390930175781,88.62364196777344,51.163917541503906,0.11759764701128006,0.8189836144447327,1.8185635805130005,0.7727845311164856,2026-05-11,https://www.matteoiacoviello.com/gpr_files/data_gpr_export.xls,-0.5857580535207347,0.17943548387096775
2018-10-01,92.0164794921875,115.21215057373047,61.150474548339844,0.6590871810913086,1.013346552848816,2.389190912246704,1.038062334060669,2026-05-11,https://www.matteoiacoviello.com/gpr_files/data_gpr_export.xls,-0.22871882594079576,0.48588709677419356
2018-11-01,80.40758514404297,105.16685485839844,47.40216827392578,0.648497462272644,0.826516330242157,1.9454922676086426,0.6654516458511353,2026-05-11,https://www.matteoiacoviello.com/gpr_files/data_gpr_export.xls,-0.4730703967574143,0.2560483870967742
2018-12-01,90.607666015625,106.06269836425781,66.24092864990234,0.36611124873161316,0.9340530633926392,2.234217405319214,0.8167096972465515,2026-05-11,https://www.matteoiacoviello.com/gpr_files/data_gpr_export.xls,-0.25837244976248985,0.46774193548387094
2019-01-01,87.42410278320312,112.98045349121094,55.7335090637207,0.3144921362400055,0.9987250566482544,2.2481937408447266,0.9264768362045288,2026-05-11,https://www.matteoiacoviello.com/gpr_files/data_gpr_export.xls,-0.3253821626005304,0.39919354838709675
2019-02-01,96.80016326904297,127.857421875,57.51169967651367,0.27381739020347595,1.0575016736984253,2.431309700012207,1.071664571762085,2026-05-11,https://www.matteoiacoviello.com/gpr_files/data_gpr_export.xls,-0.12802873349013655,0.5645161290322581
2019-03-01,82.32829284667969,90.78959655761719,66.64120483398438,0.24192875623703003,0.5631100535392761,1.8770334720611572,0.771669328212738,2026-05-11,https://www.matteoiacoviello.com/gpr_files/data_gpr_export.xls,-0.43264208979346347,0.29838709677419356
2019-04-01,79.25344848632812,95.45539855957031,57.51552963256836,0.32679739594459534,0.8058017492294312,1.9384009838104248,0.5595845580101013,2026-05-11,https://www.matteoiacoviello.com/gpr_files/data_gpr_export.xls,-0.49736341698760866,0.23387096774193547
2019-05-01,106.4719009399414,134.97251892089844,64.66343688964844,0.580245852470398,0.97137451171875,2.7765839099884033,1.1733860969543457,2026-05-11,https://www.matteoiacoviello.com/gpr_files/data_gpr_export.xls,0.07554830162932147,0.6895161290322581
2019-06-01,106.58845520019531,142.6534881591797,53.42063903808594,0.7075675129890442,0.9017171263694763,2.8691000938415527,1.2943308353424072,2026-05-11,https://www.matteoiacoviello.com/gpr_files/data_gpr_export.xls,0.07800161162804352,0.6915322580645161
2019-07-01,93.52125549316406,126.93077850341797,47.41885757446289,0.3318290412425995,0.8008140921592712,2.3758959770202637,0.7565702199935913,2026-05-11,https://www.matteoiacoviello.com/gpr_files/data_gpr_export.xls,-0.19704532039075673,0.5141129032258065
2019-08-01,103.4044189453125,124.72541809082031,70.09744262695312,0.25219008326530457,0.8362091779708862,2.747544527053833,1.2167065143585205,2026-05-11,https://www.matteoiacoviello.com/gpr_files/data_gpr_export.xls,0.010981942305096214,0.6471774193548387
2019-09-01,90.36798858642578,110.8709487915039,67.81023406982422,0.9034944176673889,0.5801851153373718,2.3340272903442383,0.7263386249542236,2026-05-11,https://www.matteoiacoviello.com/gpr_files/data_gpr_export.xls,-0.2634173364293651,0.45564516129032256
2019-10-01,97.83673095703125,121.31104278564453,69.96658325195312,0.42041537165641785,1.072059154510498,2.4678382873535156,0.6726645827293396,2026-05-11,https://www.matteoiacoviello.com/gpr_files/data_gpr_export.xls,-0.10621038152467392,0.5766129032258065
2019-11-01,73.07838439941406,84.5873031616211,53.03253173828125,0.11443661898374557,0.4709506928920746,1.7385563850402832,0.6029929518699646,2026-05-11,https://www.matteoiacoviello.com/gpr_files/data_gpr_export.xls,-0.6273401886146075,0.1532258064516129
2019-12-01,74.27989196777344,80.11077117919922,63.33135223388672,0.29608777165412903,0.5824677348136902,1.7231336832046509,0.6018832921981812,2026-05-11,https://www.matteoiacoviello.com/gpr_files/data_gpr_export.xls,-0.6020500745975397,0.16733870967741934
2020-01-01,138.4209442138672,190.8443603515625,81.65093994140625,0.8030002117156982,1.1780277490615845,3.6223251819610596,1.2574454545974731,2026-05-11,https://www.matteoiacoviello.com/gpr_files/data_gpr_export.xls,0.7480325775603587,0.8729838709677419
2020-02-01,75.95555877685547,87.1624526977539,56.68605041503906,0.1783325970172882,0.6598305702209473,1.5158270597457886,0.8738296627998352,2026-05-11,https://www.matteoiacoviello.com/gpr_files/data_gpr_export.xls,-0.5667795479922296,0.1875
2020-03-01,81.54003143310547,97.09007263183594,62.90298843383789,0.08123824000358582,0.4275696873664856,1.7102787494659424,0.6712844371795654,2026-05-11,https://www.matteoiacoviello.com/gpr_files/data_gpr_export.xls,-0.44923392953673535,0.2782258064516129
2020-04-01,69.33940124511719,81.76082611083984,47.59123229980469,0.13462698459625244,0.35281556844711304,1.531962275505066,0.6035003066062927,2026-05-11,https://www.matteoiacoviello.com/gpr_files/data_gpr_export.xls,-0.7060407417947941,0.125
2020-05-01,68.50721740722656,83.35546112060547,42.29555892944336,0.08111031353473663,0.2928983271121979,1.7078226804733276,0.7615357041358948,2026-05-11,https://www.matteoiacoviello.com/gpr_files/data_gpr_export.xls,-0.7235570893381997,0.11491935483870967
2020-06-01,71.22785949707031,85.86660766601562,49.760887145996094,0.05998523533344269,0.48911038041114807,1.651901125907898,0.7705795764923096,2026-05-11,https://www.matteoiacoviello.com/gpr_files/data_gpr_export.xls,-0.6662912422776325,0.13911290322580644
2020-07-01,66.47328186035156,88.73797607421875,36.25208282470703,0.09451370686292648,0.40055808424949646,1.5392231941223145,0.9271344542503357,2026-05-11,https://www.matteoiacoviello.com/gpr_files/data_gpr_export.xls,-0.7663686897295927,0.1028225806451613
2020-08-01,65.46604919433594,90.00911712646484,28.454627990722656,0.12912417948246002,0.5120441913604736,1.455986499786377,0.6634311676025391,2026-05-11,https://www.matteoiacoviello.com/gpr_files/data_gpr_export.xls,-0.7875695790423691,0.09475806451612903
2020-09-01,80.37738037109375,101.25764465332031,49.51808166503906,0.10306506603956223,0.9320666790008545,1.6983330249786377,0.8603692650794983,2026-05-11,https://www.matteoiacoviello.com/gpr_files/data_gpr_export.xls,-0.4737061664952516,0.2540322580645161
2020-10-01,76.08316802978516,97.65258026123047,42.68144226074219,0.11389040946960449,0.8520690202713013,1.6619564294815063,0.64959716796875,2026-05-11,https://www.matteoiacoviello.com/gpr_files/data_gpr_export.xls,-0.5640935453059284,0.19153225806451613
2020-11-01,70.06746673583984,79.03644561767578,62.31394577026367,0.13765887916088104,0.4542742967605591,1.3123480081558228,0.4175652861595154,2026-05-11,https://www.matteoiacoviello.com/gpr_files/data_gpr_export.xls,-0.6907159450501422,0.1310483870967742
2020-12-01,64.06729125976562,86.81527709960938,31.744428634643555,0.22190746665000916,0.5760151147842407,1.4353163242340088,0.5949008464813232,2026-05-11,https://www.matteoiacoviello.com/gpr_files/data_gpr_export.xls,-0.8170115472655612,0.08266129032258064
2021-01-01,77.418701171875,98.47562408447266,48.2874870300293,0.19903577864170074,0.5926843285560608,1.9018974304199219,0.7740280628204346,2026-05-11,https://www.matteoiacoviello.com/gpr_files/data_gpr_export.xls,-0.5359823737024529,0.20967741935483872
2021-02-01,73.95680236816406,94.48355865478516,46.326778411865234,0.19814421236515045,0.5122752785682678,1.5754880905151367,0.7152522802352905,2026-05-11,https://www.matteoiacoviello.com/gpr_files/data_gpr_export.xls,-0.608850674965798,0.1592741935483871
2021-03-01,78.61876678466797,100.85202026367188,49.41804122924805,0.22707423567771912,0.6331877708435059,1.759825348854065,0.8384279608726501,2026-05-11,https://www.matteoiacoviello.com/gpr_files/data_gpr_export.xls,-0.5107226109055042,0.22379032258064516
2021-04-01,88.16622161865234,109.58695983886719,67.87379455566406,0.08380278199911118,1.1965175867080688,1.9786767959594727,0.7356022000312805,2026-05-11,https://www.matteoiacoviello.com/gpr_files/data_gpr_export.xls,-0.3097615619010676,0.4112903225806452
2021-05-01,93.00713348388672,120.7828369140625,52.62611389160156,0.0908677875995636,0.8268968462944031,2.0172648429870605,0.6360744833946228,2026-05-11,https://www.matteoiacoviello.com/gpr_files/data_gpr_export.xls,-0.20786689536515507,0.5080645161290323
2021-06-01,74.12712097167969,92.54654693603516,46.34864044189453,0.10211659967899323,0.8308577537536621,1.698848843574524,0.7287411689758301,2026-05-11,https://www.matteoiacoviello.com/gpr_files/data_gpr_export.xls,-0.6052656980454949,0.16532258064516128
2021-07-01,58.42076873779297,64.03631591796875,50.7158317565918,0.06274087727069855,0.4884825646877289,1.2503361701965332,0.5243344902992249,2026-05-11,https://www.matteoiacoviello.com/gpr_files/data_gpr_export.xls,-0.9358632317169714,0.05846774193548387
2021-08-01,89.4865493774414,103.20159149169922,76.48285675048828,0.06275645643472672,0.6854935884475708,2.1482017040252686,0.588945209980011,2026-05-11,https://www.matteoiacoviello.com/gpr_files/data_gpr_export.xls,-0.28197044311080494,0.43951612903225806
2021-09-01,80.69696807861328,92.04731750488281,67.94027709960938,0.10299625247716904,0.6039325594902039,1.9194756746292114,0.8380149602890015,2026-05-11,https://www.matteoiacoviello.com/gpr_files/data_gpr_export.xls,-0.46697927623299673,0.2620967741935484
2021-10-01,79.02923583984375,93.80802917480469,61.149112701416016,0.10306044667959213,0.5466684699058533,1.6444863080978394,0.761751115322113,2026-05-11,https://www.matteoiacoviello.com/gpr_files/data_gpr_export.xls,-0.502082790833419,0.22983870967741934
2021-11-01,86.56914520263672,121.5009536743164,39.74269104003906,0.12793177366256714,1.2129826545715332,1.8621180057525635,0.7960199117660522,2026-05-11,https://www.matteoiacoviello.com/gpr_files/data_gpr_export.xls,-0.3433778667156572,0.3870967741935484
2021-12-01,105.34542083740234,155.3102569580078,47.65493392944336,0.14811158180236816,1.7230314016342163,2.478400468826294,0.863984227180481,2026-05-11,https://www.matteoiacoviello.com/gpr_files/data_gpr_export.xls,0.051837414589240835,0.6794354838709677
2022-01-01,138.67498779296875,199.48751831054688,63.251529693603516,0.2181500941514969,2.777777671813965,3.3158812522888184,0.7950358986854553,2026-05-11,https://www.matteoiacoviello.com/gpr_files/data_gpr_export.xls,0.7533798523091606,0.8810483870967742
2022-02-01,216.1590118408203,320.6058654785156,105.21830749511719,0.1761804074048996,5.396154403686523,4.87768030166626,1.5000503063201904,2026-05-11,https://www.matteoiacoviello.com/gpr_files/data_gpr_export.xls,2.3843140671865077,0.9717741935483871
2022-03-01,318.9549255371094,403.713623046875,250.9558563232422,0.4573904573917389,8.801155090332031,6.899374008178711,2.4747231006622314,2026-05-11,https://www.matteoiacoviello.com/gpr_files/data_gpr_export.xls,4.54802942473324,0.9879032258064516
2022-04-01,191.14309692382812,221.91055297851562,184.41781616210938,0.12830981612205505,4.8291144371032715,3.965939521789551,1.1256269216537476,2026-05-11,https://www.matteoiacoviello.com/gpr_files/data_gpr_export.xls,1.8577627934763703,0.9657258064516129
2022-05-01,142.25848388671875,166.424560546875,140.13734436035156,0.05093090236186981,3.1916699409484863,3.1463980674743652,1.0073001384735107,2026-05-11,https://www.matteoiacoviello.com/gpr_files/data_gpr_export.xls,0.8288076125474113,0.8911290322580645
2022-06-01,130.7073211669922,160.72695922851562,114.81468963623047,0.18836826086044312,3.025665283203125,2.878502368927002,0.8535436987876892,2026-05-11,https://www.matteoiacoviello.com/gpr_files/data_gpr_export.xls,0.5856712146548178,0.8387096774193549
2022-07-01,117.17676544189453,141.24293518066406,97.83872985839844,0.4182642102241516,2.6954803466796875,2.5851051807403564,0.8132914900779724,2026-05-11,https://www.matteoiacoviello.com/gpr_files/data_gpr_export.xls,0.30087126331596864,0.7762096774193549
2022-08-01,132.86322021484375,159.38302612304688,111.15857696533203,0.12434864789247513,2.415916681289673,3.132401704788208,1.2375651597976685,2026-05-11,https://www.matteoiacoviello.com/gpr_files/data_gpr_export.xls,0.6310499822674958,0.8487903225806451
2022-09-01,131.98587036132812,170.31179809570312,108.6280746459961,0.11192930489778519,3.0220913887023926,2.927834987640381,1.1369661092758179,2026-05-11,https://www.matteoiacoviello.com/gpr_files/data_gpr_export.xls,0.6125829510039595,0.8467741935483871
2022-10-01,143.16241455078125,185.2843017578125,112.6750259399414,0.36919233202934265,3.385209560394287,3.402249336242676,1.1814154386520386,2026-05-11,https://www.matteoiacoviello.com/gpr_files/data_gpr_export.xls,0.8478341340273216,0.8971774193548387
2022-11-01,116.7162857055664,143.0465545654297,98.68260955810547,0.16534580290317535,2.4630823135375977,2.6968469619750977,1.1175096035003662,2026-05-11,https://www.matteoiacoviello.com/gpr_files/data_gpr_export.xls,0.2911787858476916,0.7701612903225806
2022-12-01,111.19593811035156,119.1385269165039,109.772216796875,0.16118033230304718,2.2813217639923096,2.5540883541107178,0.8740933537483215,2026-05-11,https://www.matteoiacoviello.com/gpr_files/data_gpr_export.xls,0.1749829134509299,0.7278225806451613
2023-01-01,104.26704406738281,113.02135467529297,94.62993621826172,0.04422542452812195,1.971190333366394,2.4071266651153564,0.6696992516517639,2026-05-11,https://www.matteoiacoviello.com/gpr_files/data_gpr_export.xls,0.0291390378287925,0.6633064516129032
2023-02-01,120.99437713623047,147.05015563964844,103.02875518798828,0.14009340107440948,2.301534414291382,2.9753167629241943,1.4876583814620972,2026-05-11,https://www.matteoiacoviello.com/gpr_files/data_gpr_export.xls,0.38122684122920686,0.8024193548387096
2023-03-01,105.37997436523438,125.08584594726562,86.75404357910156,0.36560913920402527,2.046231985092163,2.6241302490234375,1.4093643426895142,2026-05-11,https://www.matteoiacoviello.com/gpr_files/data_gpr_export.xls,0.05256471975283396,0.6814516129032258
2023-04-01,106.80965423583984,118.16682434082031,93.2484130859375,0.4150454103946686,1.8093385696411133,2.4448766708374023,1.225680947303772,2026-05-11,https://www.matteoiacoviello.com/gpr_files/data_gpr_export.xls,0.08265755302968969,0.6955645161290323
2023-05-01,108.46768188476562,122.47150421142578,92.75943756103516,0.3332121670246124,1.9023385047912598,2.508178949356079,1.0844541788101196,2026-05-11,https://www.matteoiacoviello.com/gpr_files/data_gpr_export.xls,0.11755679910105686,0.7056451612903226
2023-06-01,110.52894592285156,129.40652465820312,95.2789077758789,0.20796379446983337,2.214202642440796,2.4588658809661865,1.058168649673462,2026-05-11,https://www.matteoiacoviello.com/gpr_files/data_gpr_export.xls,0.16094362737851534,0.7237903225806451
2023-07-01,107.44878387451172,123.80915069580078,91.76800537109375,0.09314455837011337,2.080228567123413,2.4838550090789795,0.9749130606651306,2026-05-11,https://www.matteoiacoviello.com/gpr_files/data_gpr_export.xls,0.09611037002340209,0.6995967741935484
2023-08-01,101.14118194580078,117.60943603515625,83.60504913330078,0.2669578790664673,1.9657808542251587,2.1599321365356445,0.9889576435089111,2026-05-11,https://www.matteoiacoviello.com/gpr_files/data_gpr_export.xls,-0.036656144439088,0.6229838709677419
2023-09-01,98.63481140136719,125.65179443359375,68.4659194946289,0.24804888665676117,1.9057414531707764,2.2203400135040283,1.0829451084136963,2026-05-11,https://www.matteoiacoviello.com/gpr_files/data_gpr_export.xls,-0.08941186442535341,0.5866935483870968
2023-10-01,197.8870086669922,205.04005432128906,221.80393981933594,0.7941721081733704,1.8391354084014893,4.424673080444336,1.0389920473098755,2026-05-11,https://www.matteoiacoviello.com/gpr_files/data_gpr_export.xls,1.9997130411460946,0.967741935483871
2023-11-01,156.69613647460938,143.49435424804688,189.5543975830078,0.29413604736328125,1.2704174518585205,3.72989559173584,0.9199574589729309,2026-05-11,https://www.matteoiacoviello.com/gpr_files/data_gpr_export.xls,1.1327007295796596,0.9314516129032258
2023-12-01,142.2794647216797,136.1783905029297,173.96380615234375,0.276776522397995,1.4997425079345703,3.424304723739624,0.7015963196754456,2026-05-11,https://www.matteoiacoviello.com/gpr_files/data_gpr_export.xls,0.8292492308295666,0.8931451612903226
2024-01-01,160.3736572265625,140.83609008789062,208.4711456298828,0.563697874546051,1.5533007383346558,3.851935386657715,0.970812976360321,2026-05-11,https://www.matteoiacoviello.com/gpr_files/data_gpr_export.xls,1.2101075820758307,0.9395161290322581
2024-02-01,146.59817504882812,140.2446746826172,171.18118286132812,0.28135836124420166,1.720866322517395,3.395930051803589,0.7720997333526611,2026-05-11,https://www.matteoiacoviello.com/gpr_files/data_gpr_export.xls,0.9201522592053344,0.905241935483871
2024-03-01,133.21316528320312,121.53968048095703,151.81399536132812,0.1967051923274994,1.5797885656356812,2.9444308280944824,0.8790262937545776,2026-05-11,https://www.matteoiacoviello.com/gpr_files/data_gpr_export.xls,0.6384158540369127,0.8508064516129032
2024-04-01,163.9473419189453,170.697998046875,165.99069213867188,0.3923802375793457,1.8289982080459595,4.018733024597168,1.044237732887268,2026-05-11,https://www.matteoiacoviello.com/gpr_files/data_gpr_export.xls,1.285328825546499,0.9455645161290323
2024-05-01,130.52186584472656,131.44712829589844,133.154296875,0.2569121718406677,1.7188646793365479,3.1074137687683105,0.9358943104743958,2026-05-11,https://www.matteoiacoviello.com/gpr_files/data_gpr_export.xls,0.5817676302174979,0.8346774193548387
2024-06-01,113.0927963256836,125.71302795410156,109.73841094970703,0.1521683931350708,1.4709612131118774,2.6883084774017334,0.8939893245697021,2026-05-11,https://www.matteoiacoviello.com/gpr_files/data_gpr_export.xls,0.21490922086941988,0.7459677419354839
2024-07-01,92.3948745727539,95.1602783203125,95.11029815673828,0.14164306223392487,0.9915013909339905,2.0938539505004883,0.7328488826751709,2026-05-11,https://www.matteoiacoviello.com/gpr_files/data_gpr_export.xls,-0.22075411978077628,0.4899193548387097
2024-08-01,140.97506713867188,124.80498504638672,165.17947387695312,0.2595265209674835,1.5508291721343994,3.2092669010162354,0.6393214464187622,2026-05-11,https://www.matteoiacoviello.com/gpr_files/data_gpr_export.xls,0.8017934207568095,0.8891129032258065
2024-09-01,130.35877990722656,134.03704833984375,135.5546112060547,0.14963242411613464,1.4442782402038574,2.9731311798095703,0.7676793932914734,2026-05-11,https://www.matteoiacoviello.com/gpr_files/data_gpr_export.xls,0.5783348911631886,0.8326612903225806
2024-10-01,130.689208984375,128.40969848632812,142.81838989257812,0.30295535922050476,1.3663904666900635,3.0295536518096924,0.9768764972686768,2026-05-11,https://www.matteoiacoviello.com/gpr_files/data_gpr_export.xls,0.5852899776359681,0.8366935483870968
2024-11-01,128.90164184570312,139.14866638183594,127.42887115478516,0.21409231424331665,1.9709086418151855,3.167306900024414,1.007493257522583,2026-05-11,https://www.matteoiacoviello.com/gpr_files/data_gpr_export.xls,0.5476640999963414,0.8266129032258065
2024-12-01,142.36643981933594,128.26246643066406,164.81373596191406,0.3407747447490692,2.295013666152954,3.2895195484161377,0.8415049910545349,2026-05-11,https://www.matteoiacoviello.com/gpr_files/data_gpr_export.xls,0.8310799393446828,0.8951612903225806
2025-01-01,113.233154296875,117.08644104003906,109.50493621826172,0.24393294751644135,1.1258443593978882,2.745809316635132,0.8568926453590393,2026-05-11,https://www.matteoiacoviello.com/gpr_files/data_gpr_export.xls,0.21786356688280534,0.75
2025-02-01,136.9805908203125,138.7676544189453,140.7871551513672,0.687007486820221,1.953256607055664,3.5360679626464844,1.1046003103256226,2026-05-11,https://www.matteoiacoviello.com/gpr_files/data_gpr_export.xls,0.7177150810192356,0.8649193548387096
2025-03-01,174.1120147705078,194.02442932128906,158.2345733642578,0.7943094372749329,2.4599881172180176,4.463544845581055,1.0788382291793823,2026-05-11,https://www.matteoiacoviello.com/gpr_files/data_gpr_export.xls,1.4992814814696116,0.9576612903225806
2025-04-01,140.97369384765625,159.25746154785156,132.05572509765625,0.26085901260375977,1.522688627243042,3.5185635089874268,1.055569052696228,2026-05-11,https://www.matteoiacoviello.com/gpr_files/data_gpr_export.xls,0.8017645148328866,0.8870967741935484
2025-05-01,166.0472412109375,203.87728881835938,149.2124481201172,0.6964358687400818,1.49236261844635,4.108386516571045,1.1295136213302612,2026-05-11,https://www.matteoiacoviello.com/gpr_files/data_gpr_export.xls,1.3295288738169881,0.9495967741935484
2025-06-01,221.13490295410156,286.4390869140625,182.07473754882812,0.4537825584411621,2.1694536209106445,5.638092994689941,1.3924286365509033,2026-05-11,https://www.matteoiacoviello.com/gpr_files/data_gpr_export.xls,2.4890498648671078,0.9737903225806451
2025-07-01,134.2220001220703,156.11004638671875,119.33242797851562,0.20521487295627594,1.3942539691925049,3.1687591075897217,0.8993239998817444,2026-05-11,https://www.matteoiacoviello.com/gpr_files/data_gpr_export.xls,0.6596504669275992,0.8548387096774194
2025-08-01,138.56211853027344,160.41519165039062,120.87979125976562,0.17902813851833344,1.7007672786712646,3.388746738433838,0.8056265711784363,2026-05-11,https://www.matteoiacoviello.com/gpr_files/data_gpr_export.xls,0.7510041065396317,0.8790322580645161
2025-09-01,125.86952209472656,141.8061065673828,114.78914642333984,0.25473546981811523,1.4304375648498535,3.109079122543335,1.0058785676956177,2026-05-11,https://www.matteoiacoviello.com/gpr_files/data_gpr_export.xls,0.48384206821313047,0.8205645161290323
2025-10-01,154.51292419433594,167.99813842773438,151.54867553710938,0.2251547873020172,1.513540506362915,3.752579927444458,0.9443992972373962,2026-05-11,https://www.matteoiacoviello.com/gpr_files/data_gpr_export.xls,1.0867470552578486,0.9294354838709677
2025-11-01,104.33865356445312,118.68241119384766,88.68616485595703,0.20109345018863678,1.2882548570632935,2.6582040786743164,0.6472695469856262,2026-05-11,https://www.matteoiacoviello.com/gpr_files/data_gpr_export.xls,0.030646321172904903,0.6653225806451613
2025-12-01,130.9558563232422,144.90623474121094,121.78854370117188,0.15081967413425446,1.6721311807632446,3.219672203063965,1.0032787322998047,2026-05-11,https://www.matteoiacoviello.com/gpr_files/data_gpr_export.xls,0.5909025445309957,0.8407258064516129
2026-01-01,168.62986755371094,220.17141723632812,100.22209930419922,0.335946261882782,1.9036954641342163,4.566380500793457,1.5055369138717651,2026-05-11,https://www.matteoiacoviello.com/gpr_files/data_gpr_export.xls,1.383889675523305,0.9516129032258065
2026-02-01,120.74515533447266,157.46743774414062,81.67977142333984,0.3232403099536896,1.2863645553588867,3.100468397140503,0.8839633464813232,2026-05-11,https://www.matteoiacoviello.com/gpr_files/data_gpr_export.xls,0.3759810583910675,0.8004032258064516
2026-03-01,326.9891052246094,316.3792724609375,445.2544860839844,2.206434488296509,2.4779067039489746,8.588921546936035,1.6865938901901245,2026-05-11,https://www.matteoiacoviello.com/gpr_files/data_gpr_export.xls,4.717138072636248,0.9899193548387096
2026-04-01,230.770751953125,252.26490783691406,285.34808349609375,0.8118893504142761,1.713224172592163,6.329984664916992,1.513692021369934,2026-05-11,https://www.matteoiacoviello.com/gpr_files/data_gpr_export.xls,2.691871491841381,0.9758064516129032
