date,series_id,指标,value,单位,数值_万桶口径
1983-01-07,WCRFPUS2,美国原油产量,8634.0,千桶/日,863.4
1983-01-14,WCRFPUS2,美国原油产量,8634.0,千桶/日,863.4
1983-01-21,WCRFPUS2,美国原油产量,8634.0,千桶/日,863.4
1983-01-28,WCRFPUS2,美国原油产量,8634.0,千桶/日,863.4
1983-02-04,WCRFPUS2,美国原油产量,8660.0,千桶/日,866.0
1983-02-11,WCRFPUS2,美国原油产量,8660.0,千桶/日,866.0
1983-02-18,WCRFPUS2,美国原油产量,8660.0,千桶/日,866.0
1983-02-25,WCRFPUS2,美国原油产量,8660.0,千桶/日,866.0
1983-03-04,WCRFPUS2,美国原油产量,8677.0,千桶/日,867.7
1983-03-11,WCRFPUS2,美国原油产量,8677.0,千桶/日,867.7
1983-03-18,WCRFPUS2,美国原油产量,8677.0,千桶/日,867.7
1983-03-25,WCRFPUS2,美国原油产量,8677.0,千桶/日,867.7
1983-04-01,WCRFPUS2,美国原油产量,8677.0,千桶/日,867.7
1983-04-08,WCRFPUS2,美国原油产量,8686.0,千桶/日,868.6
1983-04-15,WCRFPUS2,美国原油产量,8686.0,千桶/日,868.6
1983-04-29,WCRFPUS2,美国原油产量,8686.0,千桶/日,868.6
1983-05-13,WCRFPUS2,美国原油产量,8682.0,千桶/日,868.2
1983-05-20,WCRFPUS2,美国原油产量,8682.0,千桶/日,868.2
1983-06-03,WCRFPUS2,美国原油产量,8676.0,千桶/日,867.6
1983-06-10,WCRFPUS2,美国原油产量,8676.0,千桶/日,867.6
1983-06-17,WCRFPUS2,美国原油产量,8676.0,千桶/日,867.6
1983-06-24,WCRFPUS2,美国原油产量,8676.0,千桶/日,867.6
1983-07-01,WCRFPUS2,美国原油产量,8676.0,千桶/日,867.6
1983-07-08,WCRFPUS2,美国原油产量,8647.0,千桶/日,864.7
1983-07-15,WCRFPUS2,美国原油产量,8647.0,千桶/日,864.7
1983-07-22,WCRFPUS2,美国原油产量,8647.0,千桶/日,864.7
1983-07-29,WCRFPUS2,美国原油产量,8647.0,千桶/日,864.7
1983-08-05,WCRFPUS2,美国原油产量,8653.0,千桶/日,865.3
1983-08-12,WCRFPUS2,美国原油产量,8653.0,千桶/日,865.3
1983-08-19,WCRFPUS2,美国原油产量,8653.0,千桶/日,865.3
1983-08-26,WCRFPUS2,美国原油产量,8653.0,千桶/日,865.3
1983-09-02,WCRFPUS2,美国原油产量,8666.0,千桶/日,866.6
1983-09-09,WCRFPUS2,美国原油产量,8666.0,千桶/日,866.6
1983-09-16,WCRFPUS2,美国原油产量,8666.0,千桶/日,866.6
1983-09-23,WCRFPUS2,美国原油产量,8666.0,千桶/日,866.6
1983-09-30,WCRFPUS2,美国原油产量,8666.0,千桶/日,866.6
1983-10-07,WCRFPUS2,美国原油产量,8654.0,千桶/日,865.4
1983-10-14,WCRFPUS2,美国原油产量,8654.0,千桶/日,865.4
1983-10-21,WCRFPUS2,美国原油产量,8654.0,千桶/日,865.4
1983-10-28,WCRFPUS2,美国原油产量,8654.0,千桶/日,865.4
1983-11-04,WCRFPUS2,美国原油产量,8624.0,千桶/日,862.4
1983-11-11,WCRFPUS2,美国原油产量,8624.0,千桶/日,862.4
1983-11-18,WCRFPUS2,美国原油产量,8624.0,千桶/日,862.4
1983-11-25,WCRFPUS2,美国原油产量,8624.0,千桶/日,862.4
1983-12-02,WCRFPUS2,美国原油产量,8612.0,千桶/日,861.2
1983-12-09,WCRFPUS2,美国原油产量,8612.0,千桶/日,861.2
1983-12-16,WCRFPUS2,美国原油产量,8612.0,千桶/日,861.2
1983-12-23,WCRFPUS2,美国原油产量,8612.0,千桶/日,861.2
1983-12-30,WCRFPUS2,美国原油产量,8612.0,千桶/日,861.2
1984-01-06,WCRFPUS2,美国原油产量,8659.0,千桶/日,865.9
1984-01-13,WCRFPUS2,美国原油产量,8659.0,千桶/日,865.9
1984-01-20,WCRFPUS2,美国原油产量,8659.0,千桶/日,865.9
1984-01-27,WCRFPUS2,美国原油产量,8659.0,千桶/日,865.9
1984-02-03,WCRFPUS2,美国原油产量,8726.0,千桶/日,872.6
1984-02-10,WCRFPUS2,美国原油产量,8726.0,千桶/日,872.6
1984-02-17,WCRFPUS2,美国原油产量,8726.0,千桶/日,872.6
1984-02-24,WCRFPUS2,美国原油产量,8726.0,千桶/日,872.6
1984-03-02,WCRFPUS2,美国原油产量,8718.0,千桶/日,871.8
1984-03-09,WCRFPUS2,美国原油产量,8718.0,千桶/日,871.8
1984-03-16,WCRFPUS2,美国原油产量,8718.0,千桶/日,871.8
1984-03-23,WCRFPUS2,美国原油产量,8718.0,千桶/日,871.8
1984-03-30,WCRFPUS2,美国原油产量,8718.0,千桶/日,871.8
1984-04-06,WCRFPUS2,美国原油产量,8688.0,千桶/日,868.8
1984-04-13,WCRFPUS2,美国原油产量,8688.0,千桶/日,868.8
1984-04-20,WCRFPUS2,美国原油产量,8688.0,千桶/日,868.8
1984-04-27,WCRFPUS2,美国原油产量,8688.0,千桶/日,868.8
1984-05-04,WCRFPUS2,美国原油产量,8753.0,千桶/日,875.3
1984-05-11,WCRFPUS2,美国原油产量,8753.0,千桶/日,875.3
1984-05-18,WCRFPUS2,美国原油产量,8753.0,千桶/日,875.3
1984-05-25,WCRFPUS2,美国原油产量,8753.0,千桶/日,875.3
1984-06-01,WCRFPUS2,美国原油产量,8743.0,千桶/日,874.3
1984-06-08,WCRFPUS2,美国原油产量,8743.0,千桶/日,874.3
1984-06-15,WCRFPUS2,美国原油产量,8743.0,千桶/日,874.3
1984-06-22,WCRFPUS2,美国原油产量,8743.0,千桶/日,874.3
1984-06-29,WCRFPUS2,美国原油产量,8743.0,千桶/日,874.3
1984-07-06,WCRFPUS2,美国原油产量,8769.0,千桶/日,876.9
1984-07-13,WCRFPUS2,美国原油产量,8769.0,千桶/日,876.9
1984-07-20,WCRFPUS2,美国原油产量,8769.0,千桶/日,876.9
1984-07-27,WCRFPUS2,美国原油产量,8769.0,千桶/日,876.9
1984-08-03,WCRFPUS2,美国原油产量,8781.0,千桶/日,878.1
1984-08-10,WCRFPUS2,美国原油产量,8781.0,千桶/日,878.1
1984-08-17,WCRFPUS2,美国原油产量,8781.0,千桶/日,878.1
1984-08-24,WCRFPUS2,美国原油产量,8781.0,千桶/日,878.1
1984-08-31,WCRFPUS2,美国原油产量,8781.0,千桶/日,878.1
1984-09-07,WCRFPUS2,美国原油产量,8759.0,千桶/日,875.9
1984-09-14,WCRFPUS2,美国原油产量,8759.0,千桶/日,875.9
1984-09-21,WCRFPUS2,美国原油产量,8759.0,千桶/日,875.9
1984-09-28,WCRFPUS2,美国原油产量,8759.0,千桶/日,875.9
1984-10-05,WCRFPUS2,美国原油产量,8847.0,千桶/日,884.7
1984-10-12,WCRFPUS2,美国原油产量,8847.0,千桶/日,884.7
1984-10-19,WCRFPUS2,美国原油产量,8847.0,千桶/日,884.7
1984-10-26,WCRFPUS2,美国原油产量,8847.0,千桶/日,884.7
1984-11-02,WCRFPUS2,美国原油产量,8846.0,千桶/日,884.6
1984-11-09,WCRFPUS2,美国原油产量,8846.0,千桶/日,884.6
1984-11-16,WCRFPUS2,美国原油产量,8846.0,千桶/日,884.6
1984-11-23,WCRFPUS2,美国原油产量,8846.0,千桶/日,884.6
1984-11-30,WCRFPUS2,美国原油产量,8846.0,千桶/日,884.6
1984-12-07,WCRFPUS2,美国原油产量,8797.0,千桶/日,879.7
1984-12-14,WCRFPUS2,美国原油产量,8797.0,千桶/日,879.7
1984-12-21,WCRFPUS2,美国原油产量,8797.0,千桶/日,879.7
1984-12-28,WCRFPUS2,美国原油产量,8797.0,千桶/日,879.7
1985-01-04,WCRFPUS2,美国原油产量,8929.0,千桶/日,892.9
1985-01-11,WCRFPUS2,美国原油产量,8929.0,千桶/日,892.9
1985-01-18,WCRFPUS2,美国原油产量,8929.0,千桶/日,892.9
1985-01-25,WCRFPUS2,美国原油产量,8929.0,千桶/日,892.9
1985-02-01,WCRFPUS2,美国原油产量,8928.0,千桶/日,892.8
1985-02-08,WCRFPUS2,美国原油产量,8928.0,千桶/日,892.8
1985-02-15,WCRFPUS2,美国原油产量,8928.0,千桶/日,892.8
1985-02-22,WCRFPUS2,美国原油产量,8928.0,千桶/日,892.8
1985-03-01,WCRFPUS2,美国原油产量,8927.0,千桶/日,892.7
1985-03-08,WCRFPUS2,美国原油产量,8927.0,千桶/日,892.7
1985-03-15,WCRFPUS2,美国原油产量,8927.0,千桶/日,892.7
1985-03-22,WCRFPUS2,美国原油产量,8927.0,千桶/日,892.7
1985-03-29,WCRFPUS2,美国原油产量,8927.0,千桶/日,892.7
1985-04-05,WCRFPUS2,美国原油产量,8842.0,千桶/日,884.2
1985-04-12,WCRFPUS2,美国原油产量,8842.0,千桶/日,884.2
1985-04-19,WCRFPUS2,美国原油产量,8842.0,千桶/日,884.2
1985-04-26,WCRFPUS2,美国原油产量,8842.0,千桶/日,884.2
1985-05-03,WCRFPUS2,美国原油产量,8969.0,千桶/日,896.9
1985-05-10,WCRFPUS2,美国原油产量,8969.0,千桶/日,896.9
1985-05-17,WCRFPUS2,美国原油产量,8969.0,千桶/日,896.9
1985-05-24,WCRFPUS2,美国原油产量,8969.0,千桶/日,896.9
1985-05-31,WCRFPUS2,美国原油产量,8969.0,千桶/日,896.9
1985-06-07,WCRFPUS2,美国原油产量,8965.0,千桶/日,896.5
1985-06-14,WCRFPUS2,美国原油产量,8965.0,千桶/日,896.5
1985-06-21,WCRFPUS2,美国原油产量,8965.0,千桶/日,896.5
1985-06-28,WCRFPUS2,美国原油产量,8965.0,千桶/日,896.5
1985-07-05,WCRFPUS2,美国原油产量,8904.0,千桶/日,890.4
1985-07-12,WCRFPUS2,美国原油产量,8904.0,千桶/日,890.4
1985-07-19,WCRFPUS2,美国原油产量,8904.0,千桶/日,890.4
1985-07-26,WCRFPUS2,美国原油产量,8904.0,千桶/日,890.4
1985-08-02,WCRFPUS2,美国原油产量,8895.0,千桶/日,889.5
1985-08-09,WCRFPUS2,美国原油产量,8895.0,千桶/日,889.5
1985-08-16,WCRFPUS2,美国原油产量,8895.0,千桶/日,889.5
1985-08-23,WCRFPUS2,美国原油产量,8895.0,千桶/日,889.5
1985-08-30,WCRFPUS2,美国原油产量,8895.0,千桶/日,889.5
1985-09-06,WCRFPUS2,美国原油产量,8874.0,千桶/日,887.4
1985-09-13,WCRFPUS2,美国原油产量,8874.0,千桶/日,887.4
1985-09-20,WCRFPUS2,美国原油产量,8874.0,千桶/日,887.4
1985-09-27,WCRFPUS2,美国原油产量,8874.0,千桶/日,887.4
1985-10-04,WCRFPUS2,美国原油产量,8943.0,千桶/日,894.3
1985-10-11,WCRFPUS2,美国原油产量,8943.0,千桶/日,894.3
1985-10-18,WCRFPUS2,美国原油产量,8943.0,千桶/日,894.3
1985-10-25,WCRFPUS2,美国原油产量,8943.0,千桶/日,894.3
1985-11-01,WCRFPUS2,美国原油产量,8932.0,千桶/日,893.2
1985-11-08,WCRFPUS2,美国原油产量,8932.0,千桶/日,893.2
1985-11-15,WCRFPUS2,美国原油产量,8932.0,千桶/日,893.2
1985-11-22,WCRFPUS2,美国原油产量,8932.0,千桶/日,893.2
1985-11-29,WCRFPUS2,美国原油产量,8932.0,千桶/日,893.2
1985-12-06,WCRFPUS2,美国原油产量,8930.0,千桶/日,893.0
1985-12-13,WCRFPUS2,美国原油产量,8930.0,千桶/日,893.0
1985-12-20,WCRFPUS2,美国原油产量,8930.0,千桶/日,893.0
1985-12-27,WCRFPUS2,美国原油产量,8930.0,千桶/日,893.0
1986-01-03,WCRFPUS2,美国原油产量,8942.0,千桶/日,894.2
1986-01-10,WCRFPUS2,美国原油产量,8942.0,千桶/日,894.2
1986-01-17,WCRFPUS2,美国原油产量,8942.0,千桶/日,894.2
1986-01-24,WCRFPUS2,美国原油产量,8942.0,千桶/日,894.2
1986-01-31,WCRFPUS2,美国原油产量,8942.0,千桶/日,894.2
1986-02-07,WCRFPUS2,美国原油产量,8940.0,千桶/日,894.0
1986-02-14,WCRFPUS2,美国原油产量,8940.0,千桶/日,894.0
1986-02-21,WCRFPUS2,美国原油产量,8940.0,千桶/日,894.0
1986-02-28,WCRFPUS2,美国原油产量,8939.0,千桶/日,893.9
1986-03-07,WCRFPUS2,美国原油产量,8939.0,千桶/日,893.9
1986-03-14,WCRFPUS2,美国原油产量,8939.0,千桶/日,893.9
1986-03-21,WCRFPUS2,美国原油产量,8939.0,千桶/日,893.9
1986-03-28,WCRFPUS2,美国原油产量,8939.0,千桶/日,893.9
1986-04-04,WCRFPUS2,美国原油产量,8815.0,千桶/日,881.5
1986-04-11,WCRFPUS2,美国原油产量,8815.0,千桶/日,881.5
1986-04-18,WCRFPUS2,美国原油产量,8815.0,千桶/日,881.5
1986-04-25,WCRFPUS2,美国原油产量,8815.0,千桶/日,881.5
1986-05-02,WCRFPUS2,美国原油产量,8805.0,千桶/日,880.5
1986-05-09,WCRFPUS2,美国原油产量,8805.0,千桶/日,880.5
1986-05-16,WCRFPUS2,美国原油产量,8805.0,千桶/日,880.5
1986-05-23,WCRFPUS2,美国原油产量,8805.0,千桶/日,880.5
1986-05-30,WCRFPUS2,美国原油产量,8805.0,千桶/日,880.5
1986-06-06,WCRFPUS2,美国原油产量,8792.0,千桶/日,879.2
1986-06-13,WCRFPUS2,美国原油产量,8792.0,千桶/日,879.2
1986-06-20,WCRFPUS2,美国原油产量,8792.0,千桶/日,879.2
1986-06-27,WCRFPUS2,美国原油产量,8792.0,千桶/日,879.2
1986-07-04,WCRFPUS2,美国原油产量,8737.0,千桶/日,873.7
1986-07-11,WCRFPUS2,美国原油产量,8737.0,千桶/日,873.7
1986-07-18,WCRFPUS2,美国原油产量,8737.0,千桶/日,873.7
1986-07-25,WCRFPUS2,美国原油产量,8737.0,千桶/日,873.7
1986-08-01,WCRFPUS2,美国原油产量,8737.0,千桶/日,873.7
1986-08-08,WCRFPUS2,美国原油产量,8708.0,千桶/日,870.8
1986-08-15,WCRFPUS2,美国原油产量,8708.0,千桶/日,870.8
1986-08-22,WCRFPUS2,美国原油产量,8708.0,千桶/日,870.8
1986-08-29,WCRFPUS2,美国原油产量,8708.0,千桶/日,870.8
1986-09-05,WCRFPUS2,美国原油产量,8671.0,千桶/日,867.1
1986-09-12,WCRFPUS2,美国原油产量,8671.0,千桶/日,867.1
1986-09-19,WCRFPUS2,美国原油产量,8671.0,千桶/日,867.1
1986-09-26,WCRFPUS2,美国原油产量,8671.0,千桶/日,867.1
1986-10-03,WCRFPUS2,美国原油产量,8773.0,千桶/日,877.3
1986-10-10,WCRFPUS2,美国原油产量,8773.0,千桶/日,877.3
1986-10-17,WCRFPUS2,美国原油产量,8773.0,千桶/日,877.3
1986-10-24,WCRFPUS2,美国原油产量,8773.0,千桶/日,877.3
1986-10-31,WCRFPUS2,美国原油产量,8773.0,千桶/日,877.3
1986-11-07,WCRFPUS2,美国原油产量,8321.0,千桶/日,832.1
1986-11-14,WCRFPUS2,美国原油产量,8321.0,千桶/日,832.1
1986-11-21,WCRFPUS2,美国原油产量,8321.0,千桶/日,832.1
1986-11-28,WCRFPUS2,美国原油产量,8321.0,千桶/日,832.1
1986-12-05,WCRFPUS2,美国原油产量,8348.0,千桶/日,834.8
1986-12-12,WCRFPUS2,美国原油产量,8348.0,千桶/日,834.8
1986-12-19,WCRFPUS2,美国原油产量,8348.0,千桶/日,834.8
1986-12-26,WCRFPUS2,美国原油产量,8348.0,千桶/日,834.8
1987-01-02,WCRFPUS2,美国原油产量,8353.0,千桶/日,835.3
1987-01-09,WCRFPUS2,美国原油产量,8354.0,千桶/日,835.4
1987-01-16,WCRFPUS2,美国原油产量,8354.0,千桶/日,835.4
1987-01-23,WCRFPUS2,美国原油产量,8354.0,千桶/日,835.4
1987-01-30,WCRFPUS2,美国原油产量,8354.0,千桶/日,835.4
1987-02-06,WCRFPUS2,美国原油产量,8383.0,千桶/日,838.3
1987-02-13,WCRFPUS2,美国原油产量,8383.0,千桶/日,838.3
1987-02-20,WCRFPUS2,美国原油产量,8383.0,千桶/日,838.3
1987-02-27,WCRFPUS2,美国原油产量,8383.0,千桶/日,838.3
1987-03-06,WCRFPUS2,美国原油产量,8336.0,千桶/日,833.6
1987-03-13,WCRFPUS2,美国原油产量,8336.0,千桶/日,833.6
1987-03-20,WCRFPUS2,美国原油产量,8336.0,千桶/日,833.6
1987-03-27,WCRFPUS2,美国原油产量,8336.0,千桶/日,833.6
1987-04-03,WCRFPUS2,美国原油产量,8361.0,千桶/日,836.1
1987-04-10,WCRFPUS2,美国原油产量,8361.0,千桶/日,836.1
1987-04-17,WCRFPUS2,美国原油产量,8361.0,千桶/日,836.1
1987-04-24,WCRFPUS2,美国原油产量,8361.0,千桶/日,836.1
1987-05-01,WCRFPUS2,美国原油产量,8361.0,千桶/日,836.1
1987-05-08,WCRFPUS2,美国原油产量,8296.0,千桶/日,829.6
1987-05-15,WCRFPUS2,美国原油产量,8296.0,千桶/日,829.6
1987-05-22,WCRFPUS2,美国原油产量,8296.0,千桶/日,829.6
1987-05-29,WCRFPUS2,美国原油产量,8296.0,千桶/日,829.6
1987-06-05,WCRFPUS2,美国原油产量,8303.0,千桶/日,830.3
1987-06-12,WCRFPUS2,美国原油产量,8303.0,千桶/日,830.3
1987-06-19,WCRFPUS2,美国原油产量,8303.0,千桶/日,830.3
1987-06-26,WCRFPUS2,美国原油产量,8303.0,千桶/日,830.3
1987-07-03,WCRFPUS2,美国原油产量,8287.0,千桶/日,828.7
1987-07-10,WCRFPUS2,美国原油产量,8287.0,千桶/日,828.7
1987-07-17,WCRFPUS2,美国原油产量,8287.0,千桶/日,828.7
1987-07-24,WCRFPUS2,美国原油产量,8287.0,千桶/日,828.7
1987-07-31,WCRFPUS2,美国原油产量,8287.0,千桶/日,828.7
1987-08-07,WCRFPUS2,美国原油产量,8204.0,千桶/日,820.4
1987-08-14,WCRFPUS2,美国原油产量,8204.0,千桶/日,820.4
1987-08-21,WCRFPUS2,美国原油产量,8204.0,千桶/日,820.4
1987-08-28,WCRFPUS2,美国原油产量,8204.0,千桶/日,820.4
1987-09-04,WCRFPUS2,美国原油产量,8162.0,千桶/日,816.2
1987-09-11,WCRFPUS2,美国原油产量,8162.0,千桶/日,816.2
1987-09-18,WCRFPUS2,美国原油产量,8162.0,千桶/日,816.2
1987-09-25,WCRFPUS2,美国原油产量,8162.0,千桶/日,816.2
1987-10-02,WCRFPUS2,美国原油产量,8281.0,千桶/日,828.1
1987-10-09,WCRFPUS2,美国原油产量,8281.0,千桶/日,828.1
1987-10-16,WCRFPUS2,美国原油产量,8281.0,千桶/日,828.1
1987-10-23,WCRFPUS2,美国原油产量,8281.0,千桶/日,828.1
1987-10-30,WCRFPUS2,美国原油产量,8281.0,千桶/日,828.1
1987-11-06,WCRFPUS2,美国原油产量,8283.0,千桶/日,828.3
1987-11-13,WCRFPUS2,美国原油产量,8283.0,千桶/日,828.3
1987-11-20,WCRFPUS2,美国原油产量,8283.0,千桶/日,828.3
1987-11-27,WCRFPUS2,美国原油产量,8283.0,千桶/日,828.3
1987-12-04,WCRFPUS2,美国原油产量,8348.0,千桶/日,834.8
1987-12-11,WCRFPUS2,美国原油产量,8348.0,千桶/日,834.8
1987-12-18,WCRFPUS2,美国原油产量,8348.0,千桶/日,834.8
1987-12-25,WCRFPUS2,美国原油产量,8348.0,千桶/日,834.8
1988-01-01,WCRFPUS2,美国原油产量,8348.0,千桶/日,834.8
1988-01-08,WCRFPUS2,美国原油产量,8395.0,千桶/日,839.5
1988-01-15,WCRFPUS2,美国原油产量,8395.0,千桶/日,839.5
1988-01-22,WCRFPUS2,美国原油产量,8395.0,千桶/日,839.5
1988-01-29,WCRFPUS2,美国原油产量,8395.0,千桶/日,839.5
1988-02-05,WCRFPUS2,美国原油产量,8353.0,千桶/日,835.3
1988-02-12,WCRFPUS2,美国原油产量,8353.0,千桶/日,835.3
1988-02-19,WCRFPUS2,美国原油产量,8353.0,千桶/日,835.3
1988-02-26,WCRFPUS2,美国原油产量,8353.0,千桶/日,835.3
1988-03-04,WCRFPUS2,美国原油产量,8306.0,千桶/日,830.6
1988-03-11,WCRFPUS2,美国原油产量,8306.0,千桶/日,830.6
1988-03-18,WCRFPUS2,美国原油产量,8306.0,千桶/日,830.6
1988-03-25,WCRFPUS2,美国原油产量,8306.0,千桶/日,830.6
1988-04-01,WCRFPUS2,美国原油产量,8306.0,千桶/日,830.6
1988-04-08,WCRFPUS2,美国原油产量,8269.0,千桶/日,826.9
1988-04-15,WCRFPUS2,美国原油产量,8269.0,千桶/日,826.9
1988-04-22,WCRFPUS2,美国原油产量,8269.0,千桶/日,826.9
1988-04-29,WCRFPUS2,美国原油产量,8269.0,千桶/日,826.9
1988-05-06,WCRFPUS2,美国原油产量,8240.0,千桶/日,824.0
1988-05-13,WCRFPUS2,美国原油产量,8240.0,千桶/日,824.0
1988-05-20,WCRFPUS2,美国原油产量,8240.0,千桶/日,824.0
1988-05-27,WCRFPUS2,美国原油产量,8240.0,千桶/日,824.0
1988-06-03,WCRFPUS2,美国原油产量,8210.0,千桶/日,821.0
1988-06-10,WCRFPUS2,美国原油产量,8210.0,千桶/日,821.0
1988-06-17,WCRFPUS2,美国原油产量,8210.0,千桶/日,821.0
1988-06-24,WCRFPUS2,美国原油产量,8210.0,千桶/日,821.0
1988-07-01,WCRFPUS2,美国原油产量,8210.0,千桶/日,821.0
1988-07-08,WCRFPUS2,美国原油产量,8189.0,千桶/日,818.9
1988-07-15,WCRFPUS2,美国原油产量,8189.0,千桶/日,818.9
1988-07-22,WCRFPUS2,美国原油产量,8189.0,千桶/日,818.9
1988-07-29,WCRFPUS2,美国原油产量,8189.0,千桶/日,818.9
1988-08-05,WCRFPUS2,美国原油产量,8128.0,千桶/日,812.8
1988-08-12,WCRFPUS2,美国原油产量,8128.0,千桶/日,812.8
1988-08-19,WCRFPUS2,美国原油产量,8128.0,千桶/日,812.8
1988-08-26,WCRFPUS2,美国原油产量,8128.0,千桶/日,812.8
1988-09-02,WCRFPUS2,美国原油产量,8147.0,千桶/日,814.7
1988-09-09,WCRFPUS2,美国原油产量,8147.0,千桶/日,814.7
1988-09-16,WCRFPUS2,美国原油产量,8147.0,千桶/日,814.7
1988-09-23,WCRFPUS2,美国原油产量,8147.0,千桶/日,814.7
1988-09-30,WCRFPUS2,美国原油产量,8147.0,千桶/日,814.7
1988-10-07,WCRFPUS2,美国原油产量,8085.0,千桶/日,808.5
1988-10-14,WCRFPUS2,美国原油产量,8085.0,千桶/日,808.5
1988-10-21,WCRFPUS2,美国原油产量,8085.0,千桶/日,808.5
1988-10-28,WCRFPUS2,美国原油产量,8085.0,千桶/日,808.5
1988-11-04,WCRFPUS2,美国原油产量,8026.0,千桶/日,802.6
1988-11-11,WCRFPUS2,美国原油产量,8026.0,千桶/日,802.6
1988-11-18,WCRFPUS2,美国原油产量,8026.0,千桶/日,802.6
1988-11-25,WCRFPUS2,美国原油产量,8026.0,千桶/日,802.6
1988-12-02,WCRFPUS2,美国原油产量,8035.0,千桶/日,803.5
1988-12-09,WCRFPUS2,美国原油产量,8035.0,千桶/日,803.5
1988-12-16,WCRFPUS2,美国原油产量,8035.0,千桶/日,803.5
1988-12-23,WCRFPUS2,美国原油产量,8035.0,千桶/日,803.5
1988-12-30,WCRFPUS2,美国原油产量,8035.0,千桶/日,803.5
1989-01-06,WCRFPUS2,美国原油产量,8021.0,千桶/日,802.1
1989-01-13,WCRFPUS2,美国原油产量,8021.0,千桶/日,802.1
1989-01-20,WCRFPUS2,美国原油产量,8021.0,千桶/日,802.1
1989-01-27,WCRFPUS2,美国原油产量,8021.0,千桶/日,802.1
1989-02-03,WCRFPUS2,美国原油产量,7965.0,千桶/日,796.5
1989-02-10,WCRFPUS2,美国原油产量,7965.0,千桶/日,796.5
1989-02-17,WCRFPUS2,美国原油产量,7965.0,千桶/日,796.5
1989-02-24,WCRFPUS2,美国原油产量,7965.0,千桶/日,796.5
1989-03-03,WCRFPUS2,美国原油产量,7921.0,千桶/日,792.1
1989-03-10,WCRFPUS2,美国原油产量,7921.0,千桶/日,792.1
1989-03-17,WCRFPUS2,美国原油产量,7921.0,千桶/日,792.1
1989-03-24,WCRFPUS2,美国原油产量,7921.0,千桶/日,792.1
1989-03-31,WCRFPUS2,美国原油产量,7921.0,千桶/日,792.1
1989-04-07,WCRFPUS2,美国原油产量,7880.0,千桶/日,788.0
1989-04-14,WCRFPUS2,美国原油产量,7880.0,千桶/日,788.0
1989-04-21,WCRFPUS2,美国原油产量,7880.0,千桶/日,788.0
1989-04-28,WCRFPUS2,美国原油产量,7880.0,千桶/日,788.0
1989-05-05,WCRFPUS2,美国原油产量,7843.0,千桶/日,784.3
1989-05-12,WCRFPUS2,美国原油产量,7843.0,千桶/日,784.3
1989-05-19,WCRFPUS2,美国原油产量,7843.0,千桶/日,784.3
1989-05-26,WCRFPUS2,美国原油产量,7843.0,千桶/日,784.3
1989-06-02,WCRFPUS2,美国原油产量,7726.0,千桶/日,772.6
1989-06-09,WCRFPUS2,美国原油产量,7726.0,千桶/日,772.6
1989-06-16,WCRFPUS2,美国原油产量,7726.0,千桶/日,772.6
1989-06-23,WCRFPUS2,美国原油产量,7726.0,千桶/日,772.6
1989-06-30,WCRFPUS2,美国原油产量,7726.0,千桶/日,772.6
1989-07-07,WCRFPUS2,美国原油产量,7622.0,千桶/日,762.2
1989-07-14,WCRFPUS2,美国原油产量,7622.0,千桶/日,762.2
1989-07-21,WCRFPUS2,美国原油产量,7622.0,千桶/日,762.2
1989-07-28,WCRFPUS2,美国原油产量,7622.0,千桶/日,762.2
1989-08-04,WCRFPUS2,美国原油产量,7662.0,千桶/日,766.2
1989-08-11,WCRFPUS2,美国原油产量,7662.0,千桶/日,766.2
1989-08-18,WCRFPUS2,美国原油产量,7662.0,千桶/日,766.2
1989-08-25,WCRFPUS2,美国原油产量,7662.0,千桶/日,766.2
1989-09-01,WCRFPUS2,美国原油产量,7662.0,千桶/日,766.2
1989-09-08,WCRFPUS2,美国原油产量,7641.0,千桶/日,764.1
1989-09-15,WCRFPUS2,美国原油产量,7641.0,千桶/日,764.1
1989-09-22,WCRFPUS2,美国原油产量,7641.0,千桶/日,764.1
1989-09-29,WCRFPUS2,美国原油产量,7641.0,千桶/日,764.1
1989-10-06,WCRFPUS2,美国原油产量,7644.0,千桶/日,764.4
1989-10-13,WCRFPUS2,美国原油产量,7644.0,千桶/日,764.4
1989-10-20,WCRFPUS2,美国原油产量,7644.0,千桶/日,764.4
1989-10-27,WCRFPUS2,美国原油产量,7644.0,千桶/日,764.4
1989-11-03,WCRFPUS2,美国原油产量,7601.0,千桶/日,760.1
1989-11-10,WCRFPUS2,美国原油产量,7601.0,千桶/日,760.1
1989-11-17,WCRFPUS2,美国原油产量,7601.0,千桶/日,760.1
1989-11-24,WCRFPUS2,美国原油产量,7601.0,千桶/日,760.1
1989-12-01,WCRFPUS2,美国原油产量,7601.0,千桶/日,760.1
1989-12-08,WCRFPUS2,美国原油产量,7565.0,千桶/日,756.5
1989-12-15,WCRFPUS2,美国原油产量,7565.0,千桶/日,756.5
1989-12-22,WCRFPUS2,美国原油产量,7565.0,千桶/日,756.5
1989-12-29,WCRFPUS2,美国原油产量,7565.0,千桶/日,756.5
1990-01-05,WCRFPUS2,美国原油产量,7512.0,千桶/日,751.2
1990-01-12,WCRFPUS2,美国原油产量,7512.0,千桶/日,751.2
1990-01-19,WCRFPUS2,美国原油产量,7512.0,千桶/日,751.2
1990-01-26,WCRFPUS2,美国原油产量,7512.0,千桶/日,751.2
1990-02-02,WCRFPUS2,美国原油产量,7399.0,千桶/日,739.9
1990-02-09,WCRFPUS2,美国原油产量,7399.0,千桶/日,739.9
1990-02-16,WCRFPUS2,美国原油产量,7399.0,千桶/日,739.9
1990-02-23,WCRFPUS2,美国原油产量,7399.0,千桶/日,739.9
1990-03-02,WCRFPUS2,美国原油产量,7411.0,千桶/日,741.1
1990-03-09,WCRFPUS2,美国原油产量,7411.0,千桶/日,741.1
1990-03-16,WCRFPUS2,美国原油产量,7411.0,千桶/日,741.1
1990-03-23,WCRFPUS2,美国原油产量,7411.0,千桶/日,741.1
1990-03-30,WCRFPUS2,美国原油产量,7411.0,千桶/日,741.1
1990-04-06,WCRFPUS2,美国原油产量,7310.0,千桶/日,731.0
1990-04-13,WCRFPUS2,美国原油产量,7310.0,千桶/日,731.0
1990-04-20,WCRFPUS2,美国原油产量,7310.0,千桶/日,731.0
1990-04-27,WCRFPUS2,美国原油产量,7310.0,千桶/日,731.0
1990-05-04,WCRFPUS2,美国原油产量,7241.0,千桶/日,724.1
1990-05-11,WCRFPUS2,美国原油产量,7241.0,千桶/日,724.1
1990-05-18,WCRFPUS2,美国原油产量,7241.0,千桶/日,724.1
1990-05-25,WCRFPUS2,美国原油产量,7241.0,千桶/日,724.1
1990-06-01,WCRFPUS2,美国原油产量,7241.0,千桶/日,724.1
1990-06-08,WCRFPUS2,美国原油产量,6981.0,千桶/日,698.1
1990-06-15,WCRFPUS2,美国原油产量,6981.0,千桶/日,698.1
1990-06-22,WCRFPUS2,美国原油产量,6981.0,千桶/日,698.1
1990-06-29,WCRFPUS2,美国原油产量,6981.0,千桶/日,698.1
1990-07-06,WCRFPUS2,美国原油产量,7130.0,千桶/日,713.0
1990-07-13,WCRFPUS2,美国原油产量,7130.0,千桶/日,713.0
1990-07-20,WCRFPUS2,美国原油产量,7130.0,千桶/日,713.0
1990-07-27,WCRFPUS2,美国原油产量,7130.0,千桶/日,713.0
1990-08-03,WCRFPUS2,美国原油产量,6971.0,千桶/日,697.1
1990-08-10,WCRFPUS2,美国原油产量,6971.0,千桶/日,697.1
1990-08-17,WCRFPUS2,美国原油产量,6971.0,千桶/日,697.1
1990-08-24,WCRFPUS2,美国原油产量,6971.0,千桶/日,697.1
1990-08-31,WCRFPUS2,美国原油产量,6971.0,千桶/日,697.1
1990-09-07,WCRFPUS2,美国原油产量,6991.0,千桶/日,699.1
1990-09-14,WCRFPUS2,美国原油产量,6991.0,千桶/日,699.1
1990-09-21,WCRFPUS2,美国原油产量,7041.0,千桶/日,704.1
1990-09-28,WCRFPUS2,美国原油产量,7041.0,千桶/日,704.1
1990-10-05,WCRFPUS2,美国原油产量,7261.0,千桶/日,726.1
1990-10-12,WCRFPUS2,美国原油产量,7261.0,千桶/日,726.1
1990-10-19,WCRFPUS2,美国原油产量,7261.0,千桶/日,726.1
1990-10-26,WCRFPUS2,美国原油产量,7329.0,千桶/日,732.9
1990-11-02,WCRFPUS2,美国原油产量,7342.0,千桶/日,734.2
1990-11-09,WCRFPUS2,美国原油产量,7284.0,千桶/日,728.4
1990-11-16,WCRFPUS2,美国原油产量,6910.0,千桶/日,691.0
1990-11-23,WCRFPUS2,美国原油产量,7440.0,千桶/日,744.0
1990-11-30,WCRFPUS2,美国原油产量,7235.0,千桶/日,723.5
1990-12-07,WCRFPUS2,美国原油产量,6996.0,千桶/日,699.6
1990-12-14,WCRFPUS2,美国原油产量,7474.0,千桶/日,747.4
1990-12-21,WCRFPUS2,美国原油产量,7245.0,千桶/日,724.5
1990-12-28,WCRFPUS2,美国原油产量,7559.0,千桶/日,755.9
1991-01-04,WCRFPUS2,美国原油产量,7481.0,千桶/日,748.1
1991-01-11,WCRFPUS2,美国原油产量,7475.0,千桶/日,747.5
1991-01-18,WCRFPUS2,美国原油产量,7461.0,千桶/日,746.1
1991-01-25,WCRFPUS2,美国原油产量,7219.0,千桶/日,721.9
1991-02-01,WCRFPUS2,美国原油产量,7477.0,千桶/日,747.7
1991-02-08,WCRFPUS2,美国原油产量,7463.0,千桶/日,746.3
1991-02-15,WCRFPUS2,美国原油产量,7427.0,千桶/日,742.7
1991-02-22,WCRFPUS2,美国原油产量,7415.0,千桶/日,741.5
1991-03-01,WCRFPUS2,美国原油产量,7404.0,千桶/日,740.4
1991-03-08,WCRFPUS2,美国原油产量,7394.0,千桶/日,739.4
1991-03-15,WCRFPUS2,美国原油产量,7412.0,千桶/日,741.2
1991-03-22,WCRFPUS2,美国原油产量,7385.0,千桶/日,738.5
1991-03-29,WCRFPUS2,美国原油产量,7383.0,千桶/日,738.3
1991-04-05,WCRFPUS2,美国原油产量,7356.0,千桶/日,735.6
1991-04-12,WCRFPUS2,美国原油产量,7334.0,千桶/日,733.4
1991-04-19,WCRFPUS2,美国原油产量,7370.0,千桶/日,737.0
1991-04-26,WCRFPUS2,美国原油产量,7346.0,千桶/日,734.6
1991-05-03,WCRFPUS2,美国原油产量,7295.0,千桶/日,729.5
1991-05-10,WCRFPUS2,美国原油产量,7303.0,千桶/日,730.3
1991-05-17,WCRFPUS2,美国原油产量,7280.0,千桶/日,728.0
1991-05-24,WCRFPUS2,美国原油产量,7336.0,千桶/日,733.6
1991-05-31,WCRFPUS2,美国原油产量,7323.0,千桶/日,732.3
1991-06-07,WCRFPUS2,美国原油产量,7301.0,千桶/日,730.1
1991-06-14,WCRFPUS2,美国原油产量,7359.0,千桶/日,735.9
1991-06-21,WCRFPUS2,美国原油产量,7338.0,千桶/日,733.8
1991-06-28,WCRFPUS2,美国原油产量,7377.0,千桶/日,737.7
1991-07-05,WCRFPUS2,美国原油产量,7383.0,千桶/日,738.3
1991-07-12,WCRFPUS2,美国原油产量,7365.0,千桶/日,736.5
1991-07-19,WCRFPUS2,美国原油产量,7348.0,千桶/日,734.8
1991-07-26,WCRFPUS2,美国原油产量,7355.0,千桶/日,735.5
1991-08-02,WCRFPUS2,美国原油产量,7342.0,千桶/日,734.2
1991-08-09,WCRFPUS2,美国原油产量,7228.0,千桶/日,722.8
1991-08-16,WCRFPUS2,美国原油产量,7302.0,千桶/日,730.2
1991-08-23,WCRFPUS2,美国原油产量,7215.0,千桶/日,721.5
1991-08-30,WCRFPUS2,美国原油产量,7274.0,千桶/日,727.4
1991-09-06,WCRFPUS2,美国原油产量,7150.0,千桶/日,715.0
1991-09-13,WCRFPUS2,美国原油产量,7267.0,千桶/日,726.7
1991-09-20,WCRFPUS2,美国原油产量,7327.0,千桶/日,732.7
1991-09-27,WCRFPUS2,美国原油产量,7365.0,千桶/日,736.5
1991-10-04,WCRFPUS2,美国原油产量,7381.0,千桶/日,738.1
1991-10-11,WCRFPUS2,美国原油产量,7387.0,千桶/日,738.7
1991-10-18,WCRFPUS2,美国原油产量,7381.0,千桶/日,738.1
1991-10-25,WCRFPUS2,美国原油产量,7384.0,千桶/日,738.4
1991-11-01,WCRFPUS2,美国原油产量,7359.0,千桶/日,735.9
1991-11-08,WCRFPUS2,美国原油产量,7140.0,千桶/日,714.0
1991-11-15,WCRFPUS2,美国原油产量,7426.0,千桶/日,742.6
1991-11-22,WCRFPUS2,美国原油产量,7388.0,千桶/日,738.8
1991-11-29,WCRFPUS2,美国原油产量,7226.0,千桶/日,722.6
1991-12-06,WCRFPUS2,美国原油产量,7376.0,千桶/日,737.6
1991-12-13,WCRFPUS2,美国原油产量,6731.0,千桶/日,673.1
1991-12-20,WCRFPUS2,美国原油产量,7451.0,千桶/日,745.1
1991-12-27,WCRFPUS2,美国原油产量,7449.0,千桶/日,744.9
1992-01-03,WCRFPUS2,美国原油产量,7422.0,千桶/日,742.2
1992-01-10,WCRFPUS2,美国原油产量,7410.0,千桶/日,741.0
1992-01-17,WCRFPUS2,美国原油产量,7235.0,千桶/日,723.5
1992-01-24,WCRFPUS2,美国原油产量,7343.0,千桶/日,734.3
1992-01-31,WCRFPUS2,美国原油产量,7357.0,千桶/日,735.7
1992-02-07,WCRFPUS2,美国原油产量,7382.0,千桶/日,738.2
1992-02-14,WCRFPUS2,美国原油产量,7364.0,千桶/日,736.4
1992-02-21,WCRFPUS2,美国原油产量,7329.0,千桶/日,732.9
1992-02-28,WCRFPUS2,美国原油产量,7365.0,千桶/日,736.5
1992-03-06,WCRFPUS2,美国原油产量,7357.0,千桶/日,735.7
1992-03-13,WCRFPUS2,美国原油产量,7345.0,千桶/日,734.5
1992-03-20,WCRFPUS2,美国原油产量,7324.0,千桶/日,732.4
1992-03-27,WCRFPUS2,美国原油产量,7283.0,千桶/日,728.3
1992-04-03,WCRFPUS2,美国原油产量,7327.0,千桶/日,732.7
1992-04-10,WCRFPUS2,美国原油产量,7277.0,千桶/日,727.7
1992-04-17,WCRFPUS2,美国原油产量,7353.0,千桶/日,735.3
1992-04-24,WCRFPUS2,美国原油产量,7238.0,千桶/日,723.8
1992-05-01,WCRFPUS2,美国原油产量,7235.0,千桶/日,723.5
1992-05-08,WCRFPUS2,美国原油产量,7248.0,千桶/日,724.8
1992-05-15,WCRFPUS2,美国原油产量,7160.0,千桶/日,716.0
1992-05-22,WCRFPUS2,美国原油产量,7205.0,千桶/日,720.5
1992-05-29,WCRFPUS2,美国原油产量,7219.0,千桶/日,721.9
1992-06-05,WCRFPUS2,美国原油产量,7240.0,千桶/日,724.0
1992-06-12,WCRFPUS2,美国原油产量,7228.0,千桶/日,722.8
1992-06-19,WCRFPUS2,美国原油产量,7218.0,千桶/日,721.8
1992-06-26,WCRFPUS2,美国原油产量,7194.0,千桶/日,719.4
1992-07-03,WCRFPUS2,美国原油产量,7221.0,千桶/日,722.1
1992-07-10,WCRFPUS2,美国原油产量,7125.0,千桶/日,712.5
1992-07-17,WCRFPUS2,美国原油产量,7144.0,千桶/日,714.4
1992-07-24,WCRFPUS2,美国原油产量,7095.0,千桶/日,709.5
1992-07-31,WCRFPUS2,美国原油产量,7059.0,千桶/日,705.9
1992-08-07,WCRFPUS2,美国原油产量,7124.0,千桶/日,712.4
1992-08-14,WCRFPUS2,美国原油产量,6990.0,千桶/日,699.0
1992-08-21,WCRFPUS2,美国原油产量,7120.0,千桶/日,712.0
1992-08-28,WCRFPUS2,美国原油产量,6678.0,千桶/日,667.8
1992-09-04,WCRFPUS2,美国原油产量,6847.0,千桶/日,684.7
1992-09-11,WCRFPUS2,美国原油产量,6955.0,千桶/日,695.5
1992-09-18,WCRFPUS2,美国原油产量,7012.0,千桶/日,701.2
1992-09-25,WCRFPUS2,美国原油产量,7049.0,千桶/日,704.9
1992-10-02,WCRFPUS2,美国原油产量,7046.0,千桶/日,704.6
1992-10-09,WCRFPUS2,美国原油产量,7011.0,千桶/日,701.1
1992-10-16,WCRFPUS2,美国原油产量,7032.0,千桶/日,703.2
1992-10-23,WCRFPUS2,美国原油产量,7036.0,千桶/日,703.6
1992-10-30,WCRFPUS2,美国原油产量,7041.0,千桶/日,704.1
1992-11-06,WCRFPUS2,美国原油产量,7011.0,千桶/日,701.1
1992-11-13,WCRFPUS2,美国原油产量,6954.0,千桶/日,695.4
1992-11-20,WCRFPUS2,美国原油产量,6987.0,千桶/日,698.7
1992-11-27,WCRFPUS2,美国原油产量,7064.0,千桶/日,706.4
1992-12-04,WCRFPUS2,美国原油产量,7074.0,千桶/日,707.4
1992-12-11,WCRFPUS2,美国原油产量,7087.0,千桶/日,708.7
1992-12-18,WCRFPUS2,美国原油产量,7098.0,千桶/日,709.8
1992-12-25,WCRFPUS2,美国原油产量,7053.0,千桶/日,705.3
1993-01-01,WCRFPUS2,美国原油产量,6995.0,千桶/日,699.5
1993-01-08,WCRFPUS2,美国原油产量,7015.0,千桶/日,701.5
1993-01-15,WCRFPUS2,美国原油产量,6994.0,千桶/日,699.4
1993-01-22,WCRFPUS2,美国原油产量,7043.0,千桶/日,704.3
1993-01-29,WCRFPUS2,美国原油产量,7035.0,千桶/日,703.5
1993-02-05,WCRFPUS2,美国原油产量,7031.0,千桶/日,703.1
1993-02-12,WCRFPUS2,美国原油产量,7033.0,千桶/日,703.3
1993-02-19,WCRFPUS2,美国原油产量,6960.0,千桶/日,696.0
1993-02-26,WCRFPUS2,美国原油产量,6981.0,千桶/日,698.1
1993-03-05,WCRFPUS2,美国原油产量,7018.0,千桶/日,701.8
1993-03-12,WCRFPUS2,美国原油产量,6981.0,千桶/日,698.1
1993-03-19,WCRFPUS2,美国原油产量,6979.0,千桶/日,697.9
1993-03-26,WCRFPUS2,美国原油产量,6964.0,千桶/日,696.4
1993-04-02,WCRFPUS2,美国原油产量,6971.0,千桶/日,697.1
1993-04-09,WCRFPUS2,美国原油产量,6883.0,千桶/日,688.3
1993-04-16,WCRFPUS2,美国原油产量,6896.0,千桶/日,689.6
1993-04-23,WCRFPUS2,美国原油产量,6912.0,千桶/日,691.2
1993-04-30,WCRFPUS2,美国原油产量,6913.0,千桶/日,691.3
1993-05-07,WCRFPUS2,美国原油产量,6902.0,千桶/日,690.2
1993-05-14,WCRFPUS2,美国原油产量,6846.0,千桶/日,684.6
1993-05-21,WCRFPUS2,美国原油产量,6818.0,千桶/日,681.8
1993-05-28,WCRFPUS2,美国原油产量,6842.0,千桶/日,684.2
1993-06-04,WCRFPUS2,美国原油产量,6789.0,千桶/日,678.9
1993-06-11,WCRFPUS2,美国原油产量,6817.0,千桶/日,681.7
1993-06-18,WCRFPUS2,美国原油产量,6766.0,千桶/日,676.6
1993-06-25,WCRFPUS2,美国原油产量,6749.0,千桶/日,674.9
1993-07-02,WCRFPUS2,美国原油产量,6742.0,千桶/日,674.2
1993-07-09,WCRFPUS2,美国原油产量,6772.0,千桶/日,677.2
1993-07-16,WCRFPUS2,美国原油产量,6643.0,千桶/日,664.3
1993-07-23,WCRFPUS2,美国原油产量,6540.0,千桶/日,654.0
1993-07-30,WCRFPUS2,美国原油产量,6730.0,千桶/日,673.0
1993-08-06,WCRFPUS2,美国原油产量,6753.0,千桶/日,675.3
1993-08-13,WCRFPUS2,美国原油产量,6761.0,千桶/日,676.1
1993-08-20,WCRFPUS2,美国原油产量,6774.0,千桶/日,677.4
1993-08-27,WCRFPUS2,美国原油产量,6790.0,千桶/日,679.0
1993-09-03,WCRFPUS2,美国原油产量,6734.0,千桶/日,673.4
1993-09-10,WCRFPUS2,美国原油产量,6665.0,千桶/日,666.5
1993-09-17,WCRFPUS2,美国原油产量,6706.0,千桶/日,670.6
1993-09-24,WCRFPUS2,美国原油产量,6650.0,千桶/日,665.0
1993-10-01,WCRFPUS2,美国原油产量,6684.0,千桶/日,668.4
1993-10-08,WCRFPUS2,美国原油产量,6654.0,千桶/日,665.4
1993-10-15,WCRFPUS2,美国原油产量,6772.0,千桶/日,677.2
1993-10-22,WCRFPUS2,美国原油产量,6837.0,千桶/日,683.7
1993-10-29,WCRFPUS2,美国原油产量,6868.0,千桶/日,686.8
1993-11-05,WCRFPUS2,美国原油产量,6872.0,千桶/日,687.2
1993-11-12,WCRFPUS2,美国原油产量,6882.0,千桶/日,688.2
1993-11-19,WCRFPUS2,美国原油产量,6847.0,千桶/日,684.7
1993-11-26,WCRFPUS2,美国原油产量,6878.0,千桶/日,687.8
1993-12-03,WCRFPUS2,美国原油产量,6943.0,千桶/日,694.3
1993-12-10,WCRFPUS2,美国原油产量,6923.0,千桶/日,692.3
1993-12-17,WCRFPUS2,美国原油产量,6897.0,千桶/日,689.7
1993-12-24,WCRFPUS2,美国原油产量,6854.0,千桶/日,685.4
1993-12-31,WCRFPUS2,美国原油产量,6857.0,千桶/日,685.7
1994-01-07,WCRFPUS2,美国原油产量,6875.0,千桶/日,687.5
1994-01-14,WCRFPUS2,美国原油产量,6880.0,千桶/日,688.0
1994-01-21,WCRFPUS2,美国原油产量,6845.0,千桶/日,684.5
1994-01-28,WCRFPUS2,美国原油产量,6886.0,千桶/日,688.6
1994-02-04,WCRFPUS2,美国原油产量,6836.0,千桶/日,683.6
1994-02-11,WCRFPUS2,美国原油产量,6802.0,千桶/日,680.2
1994-02-18,WCRFPUS2,美国原油产量,6546.0,千桶/日,654.6
1994-02-25,WCRFPUS2,美国原油产量,6792.0,千桶/日,679.2
1994-03-04,WCRFPUS2,美国原油产量,6763.0,千桶/日,676.3
1994-03-11,WCRFPUS2,美国原油产量,6704.0,千桶/日,670.4
1994-03-18,WCRFPUS2,美国原油产量,6728.0,千桶/日,672.8
1994-03-25,WCRFPUS2,美国原油产量,6599.0,千桶/日,659.9
1994-04-01,WCRFPUS2,美国原油产量,6683.0,千桶/日,668.3
1994-04-08,WCRFPUS2,美国原油产量,6641.0,千桶/日,664.1
1994-04-15,WCRFPUS2,美国原油产量,6711.0,千桶/日,671.1
1994-04-22,WCRFPUS2,美国原油产量,6292.0,千桶/日,629.2
1994-04-29,WCRFPUS2,美国原油产量,6748.0,千桶/日,674.8
1994-05-06,WCRFPUS2,美国原油产量,6706.0,千桶/日,670.6
1994-05-13,WCRFPUS2,美国原油产量,6657.0,千桶/日,665.7
1994-05-20,WCRFPUS2,美国原油产量,6732.0,千桶/日,673.2
1994-05-27,WCRFPUS2,美国原油产量,6629.0,千桶/日,662.9
1994-06-03,WCRFPUS2,美国原油产量,6695.0,千桶/日,669.5
1994-06-10,WCRFPUS2,美国原油产量,6530.0,千桶/日,653.0
1994-06-17,WCRFPUS2,美国原油产量,6648.0,千桶/日,664.8
1994-06-24,WCRFPUS2,美国原油产量,6656.0,千桶/日,665.6
1994-07-01,WCRFPUS2,美国原油产量,6604.0,千桶/日,660.4
1994-07-08,WCRFPUS2,美国原油产量,6591.0,千桶/日,659.1
1994-07-15,WCRFPUS2,美国原油产量,6618.0,千桶/日,661.8
1994-07-22,WCRFPUS2,美国原油产量,6522.0,千桶/日,652.2
1994-07-29,WCRFPUS2,美国原油产量,6566.0,千桶/日,656.6
1994-08-05,WCRFPUS2,美国原油产量,6582.0,千桶/日,658.2
1994-08-12,WCRFPUS2,美国原油产量,6521.0,千桶/日,652.1
1994-08-19,WCRFPUS2,美国原油产量,6540.0,千桶/日,654.0
1994-08-26,WCRFPUS2,美国原油产量,6583.0,千桶/日,658.3
1994-09-02,WCRFPUS2,美国原油产量,6552.0,千桶/日,655.2
1994-09-09,WCRFPUS2,美国原油产量,6545.0,千桶/日,654.5
1994-09-16,WCRFPUS2,美国原油产量,6526.0,千桶/日,652.6
1994-09-23,WCRFPUS2,美国原油产量,6595.0,千桶/日,659.5
1994-09-30,WCRFPUS2,美国原油产量,6640.0,千桶/日,664.0
1994-10-07,WCRFPUS2,美国原油产量,6692.0,千桶/日,669.2
1994-10-14,WCRFPUS2,美国原油产量,6703.0,千桶/日,670.3
1994-10-21,WCRFPUS2,美国原油产量,6703.0,千桶/日,670.3
1994-10-28,WCRFPUS2,美国原油产量,6633.0,千桶/日,663.3
1994-11-04,WCRFPUS2,美国原油产量,6620.0,千桶/日,662.0
1994-11-11,WCRFPUS2,美国原油产量,6616.0,千桶/日,661.6
1994-11-18,WCRFPUS2,美国原油产量,6668.0,千桶/日,666.8
1994-11-25,WCRFPUS2,美国原油产量,6626.0,千桶/日,662.6
1994-12-02,WCRFPUS2,美国原油产量,6472.0,千桶/日,647.2
1994-12-09,WCRFPUS2,美国原油产量,6670.0,千桶/日,667.0
1994-12-16,WCRFPUS2,美国原油产量,6655.0,千桶/日,665.5
1994-12-23,WCRFPUS2,美国原油产量,6703.0,千桶/日,670.3
1994-12-30,WCRFPUS2,美国原油产量,6675.0,千桶/日,667.5
1995-01-06,WCRFPUS2,美国原油产量,6651.0,千桶/日,665.1
1995-01-13,WCRFPUS2,美国原油产量,6672.0,千桶/日,667.2
1995-01-20,WCRFPUS2,美国原油产量,6571.0,千桶/日,657.1
1995-01-27,WCRFPUS2,美国原油产量,6526.0,千桶/日,652.6
1995-02-03,WCRFPUS2,美国原油产量,6662.0,千桶/日,666.2
1995-02-10,WCRFPUS2,美国原油产量,6595.0,千桶/日,659.5
1995-02-17,WCRFPUS2,美国原油产量,6613.0,千桶/日,661.3
1995-02-24,WCRFPUS2,美国原油产量,6546.0,千桶/日,654.6
1995-03-03,WCRFPUS2,美国原油产量,6660.0,千桶/日,666.0
1995-03-10,WCRFPUS2,美国原油产量,6598.0,千桶/日,659.8
1995-03-17,WCRFPUS2,美国原油产量,6632.0,千桶/日,663.2
1995-03-24,WCRFPUS2,美国原油产量,6474.0,千桶/日,647.4
1995-03-31,WCRFPUS2,美国原油产量,6380.0,千桶/日,638.0
1995-04-07,WCRFPUS2,美国原油产量,6554.0,千桶/日,655.4
1995-04-14,WCRFPUS2,美国原油产量,6597.0,千桶/日,659.7
1995-04-21,WCRFPUS2,美国原油产量,6603.0,千桶/日,660.3
1995-04-28,WCRFPUS2,美国原油产量,6539.0,千桶/日,653.9
1995-05-05,WCRFPUS2,美国原油产量,6604.0,千桶/日,660.4
1995-05-12,WCRFPUS2,美国原油产量,6610.0,千桶/日,661.0
1995-05-19,WCRFPUS2,美国原油产量,6598.0,千桶/日,659.8
1995-05-26,WCRFPUS2,美国原油产量,6626.0,千桶/日,662.6
1995-06-02,WCRFPUS2,美国原油产量,6592.0,千桶/日,659.2
1995-06-09,WCRFPUS2,美国原油产量,6593.0,千桶/日,659.3
1995-06-16,WCRFPUS2,美国原油产量,6560.0,千桶/日,656.0
1995-06-23,WCRFPUS2,美国原油产量,6529.0,千桶/日,652.9
1995-06-30,WCRFPUS2,美国原油产量,6545.0,千桶/日,654.5
1995-07-07,WCRFPUS2,美国原油产量,6518.0,千桶/日,651.8
1995-07-14,WCRFPUS2,美国原油产量,6448.0,千桶/日,644.8
1995-07-21,WCRFPUS2,美国原油产量,6417.0,千桶/日,641.7
1995-07-28,WCRFPUS2,美国原油产量,6484.0,千桶/日,648.4
1995-08-04,WCRFPUS2,美国原油产量,6444.0,千桶/日,644.4
1995-08-11,WCRFPUS2,美国原油产量,6476.0,千桶/日,647.6
1995-08-18,WCRFPUS2,美国原油产量,6475.0,千桶/日,647.5
1995-08-25,WCRFPUS2,美国原油产量,6483.0,千桶/日,648.3
1995-09-01,WCRFPUS2,美国原油产量,6507.0,千桶/日,650.7
1995-09-08,WCRFPUS2,美国原油产量,6491.0,千桶/日,649.1
1995-09-15,WCRFPUS2,美国原油产量,6248.0,千桶/日,624.8
1995-09-22,WCRFPUS2,美国原油产量,6414.0,千桶/日,641.4
1995-09-29,WCRFPUS2,美国原油产量,6450.0,千桶/日,645.0
1995-10-06,WCRFPUS2,美国原油产量,6215.0,千桶/日,621.5
1995-10-13,WCRFPUS2,美国原油产量,6404.0,千桶/日,640.4
1995-10-20,WCRFPUS2,美国原油产量,6497.0,千桶/日,649.7
1995-10-27,WCRFPUS2,美国原油产量,6512.0,千桶/日,651.2
1995-11-03,WCRFPUS2,美国原油产量,6539.0,千桶/日,653.9
1995-11-10,WCRFPUS2,美国原油产量,6516.0,千桶/日,651.6
1995-11-17,WCRFPUS2,美国原油产量,6493.0,千桶/日,649.3
1995-11-24,WCRFPUS2,美国原油产量,6484.0,千桶/日,648.4
1995-12-01,WCRFPUS2,美国原油产量,6450.0,千桶/日,645.0
1995-12-08,WCRFPUS2,美国原油产量,6428.0,千桶/日,642.8
1995-12-15,WCRFPUS2,美国原油产量,6411.0,千桶/日,641.1
1995-12-22,WCRFPUS2,美国原油产量,6467.0,千桶/日,646.7
1995-12-29,WCRFPUS2,美国原油产量,6474.0,千桶/日,647.4
1996-01-05,WCRFPUS2,美国原油产量,6464.0,千桶/日,646.4
1996-01-12,WCRFPUS2,美国原油产量,6498.0,千桶/日,649.8
1996-01-19,WCRFPUS2,美国原油产量,6516.0,千桶/日,651.6
1996-01-26,WCRFPUS2,美国原油产量,6405.0,千桶/日,640.5
1996-02-02,WCRFPUS2,美国原油产量,6413.0,千桶/日,641.3
1996-02-09,WCRFPUS2,美国原油产量,6505.0,千桶/日,650.5
1996-02-16,WCRFPUS2,美国原油产量,6511.0,千桶/日,651.1
1996-02-23,WCRFPUS2,美国原油产量,6501.0,千桶/日,650.1
1996-03-01,WCRFPUS2,美国原油产量,6496.0,千桶/日,649.6
1996-03-08,WCRFPUS2,美国原油产量,6461.0,千桶/日,646.1
1996-03-15,WCRFPUS2,美国原油产量,6490.0,千桶/日,649.0
1996-03-22,WCRFPUS2,美国原油产量,6473.0,千桶/日,647.3
1996-03-29,WCRFPUS2,美国原油产量,6440.0,千桶/日,644.0
1996-04-05,WCRFPUS2,美国原油产量,6441.0,千桶/日,644.1
1996-04-12,WCRFPUS2,美国原油产量,6390.0,千桶/日,639.0
1996-04-19,WCRFPUS2,美国原油产量,6425.0,千桶/日,642.5
1996-04-26,WCRFPUS2,美国原油产量,6173.0,千桶/日,617.3
1996-05-03,WCRFPUS2,美国原油产量,6454.0,千桶/日,645.4
1996-05-10,WCRFPUS2,美国原油产量,6065.0,千桶/日,606.5
1996-05-17,WCRFPUS2,美国原油产量,6363.0,千桶/日,636.3
1996-05-24,WCRFPUS2,美国原油产量,6412.0,千桶/日,641.2
1996-05-31,WCRFPUS2,美国原油产量,6392.0,千桶/日,639.2
1996-06-07,WCRFPUS2,美国原油产量,6421.0,千桶/日,642.1
1996-06-14,WCRFPUS2,美国原油产量,6515.0,千桶/日,651.5
1996-06-21,WCRFPUS2,美国原油产量,6452.0,千桶/日,645.2
1996-06-28,WCRFPUS2,美国原油产量,6489.0,千桶/日,648.9
1996-07-05,WCRFPUS2,美国原油产量,6499.0,千桶/日,649.9
1996-07-12,WCRFPUS2,美国原油产量,6499.0,千桶/日,649.9
1996-07-19,WCRFPUS2,美国原油产量,6345.0,千桶/日,634.5
1996-07-26,WCRFPUS2,美国原油产量,6394.0,千桶/日,639.4
1996-08-02,WCRFPUS2,美国原油产量,6297.0,千桶/日,629.7
1996-08-09,WCRFPUS2,美国原油产量,6286.0,千桶/日,628.6
1996-08-16,WCRFPUS2,美国原油产量,6445.0,千桶/日,644.5
1996-08-23,WCRFPUS2,美国原油产量,6481.0,千桶/日,648.1
1996-08-30,WCRFPUS2,美国原油产量,6526.0,千桶/日,652.6
1996-09-06,WCRFPUS2,美国原油产量,6497.0,千桶/日,649.7
1996-09-13,WCRFPUS2,美国原油产量,6498.0,千桶/日,649.8
1996-09-20,WCRFPUS2,美国原油产量,6467.0,千桶/日,646.7
1996-09-27,WCRFPUS2,美国原油产量,6520.0,千桶/日,652.0
1996-10-04,WCRFPUS2,美国原油产量,6485.0,千桶/日,648.5
1996-10-11,WCRFPUS2,美国原油产量,6485.0,千桶/日,648.5
1996-10-18,WCRFPUS2,美国原油产量,6523.0,千桶/日,652.3
1996-10-25,WCRFPUS2,美国原油产量,6514.0,千桶/日,651.4
1996-11-01,WCRFPUS2,美国原油产量,6513.0,千桶/日,651.3
1996-11-08,WCRFPUS2,美国原油产量,6541.0,千桶/日,654.1
1996-11-15,WCRFPUS2,美国原油产量,6531.0,千桶/日,653.1
1996-11-22,WCRFPUS2,美国原油产量,6512.0,千桶/日,651.2
1996-11-29,WCRFPUS2,美国原油产量,6538.0,千桶/日,653.8
1996-12-06,WCRFPUS2,美国原油产量,6534.0,千桶/日,653.4
1996-12-13,WCRFPUS2,美国原油产量,6518.0,千桶/日,651.8
1996-12-20,WCRFPUS2,美国原油产量,6523.0,千桶/日,652.3
1996-12-27,WCRFPUS2,美国原油产量,6506.0,千桶/日,650.6
1997-01-03,WCRFPUS2,美国原油产量,6454.0,千桶/日,645.4
1997-01-10,WCRFPUS2,美国原油产量,6499.0,千桶/日,649.9
1997-01-17,WCRFPUS2,美国原油产量,6476.0,千桶/日,647.6
1997-01-24,WCRFPUS2,美国原油产量,6513.0,千桶/日,651.3
1997-01-31,WCRFPUS2,美国原油产量,6505.0,千桶/日,650.5
1997-02-07,WCRFPUS2,美国原油产量,6483.0,千桶/日,648.3
1997-02-14,WCRFPUS2,美国原油产量,6502.0,千桶/日,650.2
1997-02-21,WCRFPUS2,美国原油产量,6496.0,千桶/日,649.6
1997-02-28,WCRFPUS2,美国原油产量,6501.0,千桶/日,650.1
1997-03-07,WCRFPUS2,美国原油产量,6440.0,千桶/日,644.0
1997-03-14,WCRFPUS2,美国原油产量,6449.0,千桶/日,644.9
1997-03-21,WCRFPUS2,美国原油产量,6391.0,千桶/日,639.1
1997-03-28,WCRFPUS2,美国原油产量,6409.0,千桶/日,640.9
1997-04-04,WCRFPUS2,美国原油产量,6493.0,千桶/日,649.3
1997-04-11,WCRFPUS2,美国原油产量,6433.0,千桶/日,643.3
1997-04-18,WCRFPUS2,美国原油产量,6412.0,千桶/日,641.2
1997-04-25,WCRFPUS2,美国原油产量,6465.0,千桶/日,646.5
1997-05-02,WCRFPUS2,美国原油产量,6409.0,千桶/日,640.9
1997-05-09,WCRFPUS2,美国原油产量,6430.0,千桶/日,643.0
1997-05-16,WCRFPUS2,美国原油产量,6426.0,千桶/日,642.6
1997-05-23,WCRFPUS2,美国原油产量,6423.0,千桶/日,642.3
1997-05-30,WCRFPUS2,美国原油产量,6439.0,千桶/日,643.9
1997-06-06,WCRFPUS2,美国原油产量,6435.0,千桶/日,643.5
1997-06-13,WCRFPUS2,美国原油产量,6415.0,千桶/日,641.5
1997-06-20,WCRFPUS2,美国原油产量,6334.0,千桶/日,633.4
1997-06-27,WCRFPUS2,美国原油产量,6357.0,千桶/日,635.7
1997-07-04,WCRFPUS2,美国原油产量,6338.0,千桶/日,633.8
1997-07-11,WCRFPUS2,美国原油产量,6351.0,千桶/日,635.1
1997-07-18,WCRFPUS2,美国原油产量,6352.0,千桶/日,635.2
1997-07-25,WCRFPUS2,美国原油产量,6337.0,千桶/日,633.7
1997-08-01,WCRFPUS2,美国原油产量,6360.0,千桶/日,636.0
1997-08-08,WCRFPUS2,美国原油产量,6127.0,千桶/日,612.7
1997-08-15,WCRFPUS2,美国原油产量,6221.0,千桶/日,622.1
1997-08-22,WCRFPUS2,美国原油产量,6387.0,千桶/日,638.7
1997-08-29,WCRFPUS2,美国原油产量,6400.0,千桶/日,640.0
1997-09-05,WCRFPUS2,美国原油产量,6362.0,千桶/日,636.2
1997-09-12,WCRFPUS2,美国原油产量,6393.0,千桶/日,639.3
1997-09-19,WCRFPUS2,美国原油产量,6366.0,千桶/日,636.6
1997-09-26,WCRFPUS2,美国原油产量,6396.0,千桶/日,639.6
1997-10-03,WCRFPUS2,美国原油产量,6375.0,千桶/日,637.5
1997-10-10,WCRFPUS2,美国原油产量,6371.0,千桶/日,637.1
1997-10-17,WCRFPUS2,美国原油产量,6408.0,千桶/日,640.8
1997-10-24,WCRFPUS2,美国原油产量,6407.0,千桶/日,640.7
1997-10-31,WCRFPUS2,美国原油产量,6400.0,千桶/日,640.0
1997-11-07,WCRFPUS2,美国原油产量,6418.0,千桶/日,641.8
1997-11-14,WCRFPUS2,美国原油产量,6385.0,千桶/日,638.5
1997-11-21,WCRFPUS2,美国原油产量,6390.0,千桶/日,639.0
1997-11-28,WCRFPUS2,美国原油产量,6416.0,千桶/日,641.6
1997-12-05,WCRFPUS2,美国原油产量,6448.0,千桶/日,644.8
1997-12-12,WCRFPUS2,美国原油产量,6440.0,千桶/日,644.0
1997-12-19,WCRFPUS2,美国原油产量,6463.0,千桶/日,646.3
1997-12-26,WCRFPUS2,美国原油产量,6462.0,千桶/日,646.2
1998-01-02,WCRFPUS2,美国原油产量,6459.0,千桶/日,645.9
1998-01-09,WCRFPUS2,美国原油产量,6430.0,千桶/日,643.0
1998-01-16,WCRFPUS2,美国原油产量,6376.0,千桶/日,637.6
1998-01-23,WCRFPUS2,美国原油产量,6359.0,千桶/日,635.9
1998-01-30,WCRFPUS2,美国原油产量,6377.0,千桶/日,637.7
1998-02-06,WCRFPUS2,美国原油产量,6412.0,千桶/日,641.2
1998-02-13,WCRFPUS2,美国原油产量,6424.0,千桶/日,642.4
1998-02-20,WCRFPUS2,美国原油产量,6415.0,千桶/日,641.5
1998-02-27,WCRFPUS2,美国原油产量,6368.0,千桶/日,636.8
1998-03-06,WCRFPUS2,美国原油产量,6440.0,千桶/日,644.0
1998-03-13,WCRFPUS2,美国原油产量,6420.0,千桶/日,642.0
1998-03-20,WCRFPUS2,美国原油产量,6336.0,千桶/日,633.6
1998-03-27,WCRFPUS2,美国原油产量,6405.0,千桶/日,640.5
1998-04-03,WCRFPUS2,美国原油产量,6443.0,千桶/日,644.3
1998-04-10,WCRFPUS2,美国原油产量,6407.0,千桶/日,640.7
1998-04-17,WCRFPUS2,美国原油产量,6417.0,千桶/日,641.7
1998-04-24,WCRFPUS2,美国原油产量,6397.0,千桶/日,639.7
1998-05-01,WCRFPUS2,美国原油产量,6422.0,千桶/日,642.2
1998-05-08,WCRFPUS2,美国原油产量,6422.0,千桶/日,642.2
1998-05-15,WCRFPUS2,美国原油产量,6378.0,千桶/日,637.8
1998-05-22,WCRFPUS2,美国原油产量,6368.0,千桶/日,636.8
1998-05-29,WCRFPUS2,美国原油产量,6346.0,千桶/日,634.6
1998-06-05,WCRFPUS2,美国原油产量,6333.0,千桶/日,633.3
1998-06-12,WCRFPUS2,美国原油产量,6372.0,千桶/日,637.2
1998-06-19,WCRFPUS2,美国原油产量,6383.0,千桶/日,638.3
1998-06-26,WCRFPUS2,美国原油产量,6269.0,千桶/日,626.9
1998-07-03,WCRFPUS2,美国原油产量,6311.0,千桶/日,631.1
1998-07-10,WCRFPUS2,美国原油产量,6354.0,千桶/日,635.4
1998-07-17,WCRFPUS2,美国原油产量,6351.0,千桶/日,635.1
1998-07-24,WCRFPUS2,美国原油产量,6354.0,千桶/日,635.4
1998-07-31,WCRFPUS2,美国原油产量,6340.0,千桶/日,634.0
1998-08-07,WCRFPUS2,美国原油产量,6336.0,千桶/日,633.6
1998-08-14,WCRFPUS2,美国原油产量,6319.0,千桶/日,631.9
1998-08-21,WCRFPUS2,美国原油产量,6315.0,千桶/日,631.5
1998-08-28,WCRFPUS2,美国原油产量,6346.0,千桶/日,634.6
1998-09-04,WCRFPUS2,美国原油产量,6349.0,千桶/日,634.9
1998-09-11,WCRFPUS2,美国原油产量,6366.0,千桶/日,636.6
1998-09-18,WCRFPUS2,美国原油产量,6411.0,千桶/日,641.1
1998-09-25,WCRFPUS2,美国原油产量,6396.0,千桶/日,639.6
1998-10-02,WCRFPUS2,美国原油产量,5950.0,千桶/日,595.0
1998-10-09,WCRFPUS2,美国原油产量,6368.0,千桶/日,636.8
1998-10-16,WCRFPUS2,美国原油产量,6418.0,千桶/日,641.8
1998-10-23,WCRFPUS2,美国原油产量,6442.0,千桶/日,644.2
1998-10-30,WCRFPUS2,美国原油产量,6417.0,千桶/日,641.7
1998-11-06,WCRFPUS2,美国原油产量,6398.0,千桶/日,639.8
1998-11-13,WCRFPUS2,美国原油产量,6401.0,千桶/日,640.1
1998-11-20,WCRFPUS2,美国原油产量,6399.0,千桶/日,639.9
1998-11-27,WCRFPUS2,美国原油产量,6401.0,千桶/日,640.1
1998-12-04,WCRFPUS2,美国原油产量,6390.0,千桶/日,639.0
1998-12-11,WCRFPUS2,美国原油产量,6390.0,千桶/日,639.0
1998-12-18,WCRFPUS2,美国原油产量,6449.0,千桶/日,644.9
1998-12-25,WCRFPUS2,美国原油产量,6437.0,千桶/日,643.7
1999-01-01,WCRFPUS2,美国原油产量,6342.0,千桶/日,634.2
1999-01-08,WCRFPUS2,美国原油产量,6393.0,千桶/日,639.3
1999-01-15,WCRFPUS2,美国原油产量,6373.0,千桶/日,637.3
1999-01-22,WCRFPUS2,美国原油产量,6352.0,千桶/日,635.2
1999-01-29,WCRFPUS2,美国原油产量,6363.0,千桶/日,636.3
1999-02-05,WCRFPUS2,美国原油产量,6369.0,千桶/日,636.9
1999-02-12,WCRFPUS2,美国原油产量,6052.0,千桶/日,605.2
1999-02-19,WCRFPUS2,美国原油产量,5899.0,千桶/日,589.9
1999-02-26,WCRFPUS2,美国原油产量,5911.0,千桶/日,591.1
1999-03-05,WCRFPUS2,美国原油产量,5920.0,千桶/日,592.0
1999-03-12,WCRFPUS2,美国原油产量,5895.0,千桶/日,589.5
1999-03-19,WCRFPUS2,美国原油产量,5894.0,千桶/日,589.4
1999-03-26,WCRFPUS2,美国原油产量,5864.0,千桶/日,586.4
1999-04-02,WCRFPUS2,美国原油产量,5879.0,千桶/日,587.9
1999-04-09,WCRFPUS2,美国原油产量,5740.0,千桶/日,574.0
1999-04-16,WCRFPUS2,美国原油产量,5849.0,千桶/日,584.9
1999-04-23,WCRFPUS2,美国原油产量,5707.0,千桶/日,570.7
1999-04-30,WCRFPUS2,美国原油产量,5877.0,千桶/日,587.7
1999-05-07,WCRFPUS2,美国原油产量,5835.0,千桶/日,583.5
1999-05-14,WCRFPUS2,美国原油产量,5804.0,千桶/日,580.4
1999-05-21,WCRFPUS2,美国原油产量,5857.0,千桶/日,585.7
1999-05-28,WCRFPUS2,美国原油产量,5845.0,千桶/日,584.5
1999-06-04,WCRFPUS2,美国原油产量,5864.0,千桶/日,586.4
1999-06-11,WCRFPUS2,美国原油产量,5868.0,千桶/日,586.8
1999-06-18,WCRFPUS2,美国原油产量,5926.0,千桶/日,592.6
1999-06-25,WCRFPUS2,美国原油产量,5884.0,千桶/日,588.4
1999-07-02,WCRFPUS2,美国原油产量,5662.0,千桶/日,566.2
1999-07-09,WCRFPUS2,美国原油产量,5808.0,千桶/日,580.8
1999-07-16,WCRFPUS2,美国原油产量,5952.0,千桶/日,595.2
1999-07-23,WCRFPUS2,美国原油产量,5927.0,千桶/日,592.7
1999-07-30,WCRFPUS2,美国原油产量,5898.0,千桶/日,589.8
1999-08-06,WCRFPUS2,美国原油产量,5925.0,千桶/日,592.5
1999-08-13,WCRFPUS2,美国原油产量,5950.0,千桶/日,595.0
1999-08-20,WCRFPUS2,美国原油产量,5970.0,千桶/日,597.0
1999-08-27,WCRFPUS2,美国原油产量,5994.0,千桶/日,599.4
1999-09-03,WCRFPUS2,美国原油产量,6014.0,千桶/日,601.4
1999-09-10,WCRFPUS2,美国原油产量,5917.0,千桶/日,591.7
1999-09-17,WCRFPUS2,美国原油产量,5692.0,千桶/日,569.2
1999-09-24,WCRFPUS2,美国原油产量,5973.0,千桶/日,597.3
1999-10-01,WCRFPUS2,美国原油产量,6032.0,千桶/日,603.2
1999-10-08,WCRFPUS2,美国原油产量,6082.0,千桶/日,608.2
1999-10-15,WCRFPUS2,美国原油产量,6090.0,千桶/日,609.0
1999-10-22,WCRFPUS2,美国原油产量,6101.0,千桶/日,610.1
1999-10-29,WCRFPUS2,美国原油产量,6111.0,千桶/日,611.1
1999-11-05,WCRFPUS2,美国原油产量,6134.0,千桶/日,613.4
1999-11-12,WCRFPUS2,美国原油产量,6128.0,千桶/日,612.8
1999-11-19,WCRFPUS2,美国原油产量,6059.0,千桶/日,605.9
1999-11-26,WCRFPUS2,美国原油产量,6006.0,千桶/日,600.6
1999-12-03,WCRFPUS2,美国原油产量,6087.0,千桶/日,608.7
1999-12-10,WCRFPUS2,美国原油产量,6057.0,千桶/日,605.7
1999-12-17,WCRFPUS2,美国原油产量,6043.0,千桶/日,604.3
1999-12-24,WCRFPUS2,美国原油产量,6058.0,千桶/日,605.8
1999-12-31,WCRFPUS2,美国原油产量,6043.0,千桶/日,604.3
2000-01-07,WCRFPUS2,美国原油产量,6000.0,千桶/日,600.0
2000-01-14,WCRFPUS2,美国原油产量,6019.0,千桶/日,601.9
2000-01-21,WCRFPUS2,美国原油产量,6013.0,千桶/日,601.3
2000-01-28,WCRFPUS2,美国原油产量,5988.0,千桶/日,598.8
2000-02-04,WCRFPUS2,美国原油产量,6011.0,千桶/日,601.1
2000-02-11,WCRFPUS2,美国原油产量,5994.0,千桶/日,599.4
2000-02-18,WCRFPUS2,美国原油产量,5989.0,千桶/日,598.9
2000-02-25,WCRFPUS2,美国原油产量,6007.0,千桶/日,600.7
2000-03-03,WCRFPUS2,美国原油产量,5974.0,千桶/日,597.4
2000-03-10,WCRFPUS2,美国原油产量,5857.0,千桶/日,585.7
2000-03-17,WCRFPUS2,美国原油产量,5859.0,千桶/日,585.9
2000-03-24,WCRFPUS2,美国原油产量,5863.0,千桶/日,586.3
2000-03-31,WCRFPUS2,美国原油产量,5873.0,千桶/日,587.3
2000-04-07,WCRFPUS2,美国原油产量,5820.0,千桶/日,582.0
2000-04-14,WCRFPUS2,美国原油产量,5840.0,千桶/日,584.0
2000-04-21,WCRFPUS2,美国原油产量,5836.0,千桶/日,583.6
2000-04-28,WCRFPUS2,美国原油产量,5838.0,千桶/日,583.8
2000-05-05,WCRFPUS2,美国原油产量,5798.0,千桶/日,579.8
2000-05-12,WCRFPUS2,美国原油产量,5757.0,千桶/日,575.7
2000-05-19,WCRFPUS2,美国原油产量,5793.0,千桶/日,579.3
2000-05-26,WCRFPUS2,美国原油产量,5784.0,千桶/日,578.4
2000-06-02,WCRFPUS2,美国原油产量,5704.0,千桶/日,570.4
2000-06-09,WCRFPUS2,美国原油产量,5804.0,千桶/日,580.4
2000-06-16,WCRFPUS2,美国原油产量,5791.0,千桶/日,579.1
2000-06-23,WCRFPUS2,美国原油产量,5726.0,千桶/日,572.6
2000-06-30,WCRFPUS2,美国原油产量,5732.0,千桶/日,573.2
2000-07-07,WCRFPUS2,美国原油产量,5766.0,千桶/日,576.6
2000-07-14,WCRFPUS2,美国原油产量,5788.0,千桶/日,578.8
2000-07-21,WCRFPUS2,美国原油产量,5769.0,千桶/日,576.9
2000-07-28,WCRFPUS2,美国原油产量,5764.0,千桶/日,576.4
2000-08-04,WCRFPUS2,美国原油产量,5778.0,千桶/日,577.8
2000-08-11,WCRFPUS2,美国原油产量,5745.0,千桶/日,574.5
2000-08-18,WCRFPUS2,美国原油产量,5773.0,千桶/日,577.3
2000-08-25,WCRFPUS2,美国原油产量,5782.0,千桶/日,578.2
2000-09-01,WCRFPUS2,美国原油产量,5783.0,千桶/日,578.3
2000-09-08,WCRFPUS2,美国原油产量,5802.0,千桶/日,580.2
2000-09-15,WCRFPUS2,美国原油产量,5803.0,千桶/日,580.3
2000-09-22,WCRFPUS2,美国原油产量,5680.0,千桶/日,568.0
2000-09-29,WCRFPUS2,美国原油产量,5862.0,千桶/日,586.2
2000-10-06,WCRFPUS2,美国原油产量,5867.0,千桶/日,586.7
2000-10-13,WCRFPUS2,美国原油产量,5864.0,千桶/日,586.4
2000-10-20,WCRFPUS2,美国原油产量,5880.0,千桶/日,588.0
2000-10-27,WCRFPUS2,美国原油产量,5894.0,千桶/日,589.4
2000-11-03,WCRFPUS2,美国原油产量,5903.0,千桶/日,590.3
2000-11-10,WCRFPUS2,美国原油产量,5889.0,千桶/日,588.9
2000-11-17,WCRFPUS2,美国原油产量,5854.0,千桶/日,585.4
2000-11-24,WCRFPUS2,美国原油产量,5883.0,千桶/日,588.3
2000-12-01,WCRFPUS2,美国原油产量,5925.0,千桶/日,592.5
2000-12-08,WCRFPUS2,美国原油产量,5903.0,千桶/日,590.3
2000-12-15,WCRFPUS2,美国原油产量,5897.0,千桶/日,589.7
2000-12-22,WCRFPUS2,美国原油产量,5875.0,千桶/日,587.5
2000-12-29,WCRFPUS2,美国原油产量,5903.0,千桶/日,590.3
2001-01-05,WCRFPUS2,美国原油产量,5944.0,千桶/日,594.4
2001-01-12,WCRFPUS2,美国原油产量,5949.0,千桶/日,594.9
2001-01-19,WCRFPUS2,美国原油产量,5912.0,千桶/日,591.2
2001-01-26,WCRFPUS2,美国原油产量,5935.0,千桶/日,593.5
2001-02-02,WCRFPUS2,美国原油产量,5929.0,千桶/日,592.9
2001-02-09,WCRFPUS2,美国原油产量,5866.0,千桶/日,586.6
2001-02-16,WCRFPUS2,美国原油产量,5857.0,千桶/日,585.7
2001-02-23,WCRFPUS2,美国原油产量,5875.0,千桶/日,587.5
2001-03-02,WCRFPUS2,美国原油产量,5876.0,千桶/日,587.6
2001-03-09,WCRFPUS2,美国原油产量,5868.0,千桶/日,586.8
2001-03-16,WCRFPUS2,美国原油产量,5883.0,千桶/日,588.3
2001-03-23,WCRFPUS2,美国原油产量,5868.0,千桶/日,586.8
2001-03-30,WCRFPUS2,美国原油产量,5883.0,千桶/日,588.3
2001-04-06,WCRFPUS2,美国原油产量,5867.0,千桶/日,586.7
2001-04-13,WCRFPUS2,美国原油产量,5855.0,千桶/日,585.5
2001-04-20,WCRFPUS2,美国原油产量,5861.0,千桶/日,586.1
2001-04-27,WCRFPUS2,美国原油产量,5884.0,千桶/日,588.4
2001-05-04,WCRFPUS2,美国原油产量,5831.0,千桶/日,583.1
2001-05-11,WCRFPUS2,美国原油产量,5780.0,千桶/日,578.0
2001-05-18,WCRFPUS2,美国原油产量,5785.0,千桶/日,578.5
2001-05-25,WCRFPUS2,美国原油产量,5819.0,千桶/日,581.9
2001-06-01,WCRFPUS2,美国原油产量,5823.0,千桶/日,582.3
2001-06-08,WCRFPUS2,美国原油产量,5746.0,千桶/日,574.6
2001-06-15,WCRFPUS2,美国原油产量,5726.0,千桶/日,572.6
2001-06-22,WCRFPUS2,美国原油产量,5740.0,千桶/日,574.0
2001-06-29,WCRFPUS2,美国原油产量,5756.0,千桶/日,575.6
2001-07-06,WCRFPUS2,美国原油产量,5756.0,千桶/日,575.6
2001-07-13,WCRFPUS2,美国原油产量,5770.0,千桶/日,577.0
2001-07-20,WCRFPUS2,美国原油产量,5731.0,千桶/日,573.1
2001-07-27,WCRFPUS2,美国原油产量,5705.0,千桶/日,570.5
2001-08-03,WCRFPUS2,美国原油产量,5745.0,千桶/日,574.5
2001-08-10,WCRFPUS2,美国原油产量,5773.0,千桶/日,577.3
2001-08-17,WCRFPUS2,美国原油产量,5785.0,千桶/日,578.5
2001-08-24,WCRFPUS2,美国原油产量,5796.0,千桶/日,579.6
2001-08-31,WCRFPUS2,美国原油产量,5751.0,千桶/日,575.1
2001-09-07,WCRFPUS2,美国原油产量,5829.0,千桶/日,582.9
2001-09-14,WCRFPUS2,美国原油产量,5814.0,千桶/日,581.4
2001-09-21,WCRFPUS2,美国原油产量,5789.0,千桶/日,578.9
2001-09-28,WCRFPUS2,美国原油产量,5735.0,千桶/日,573.5
2001-10-05,WCRFPUS2,美国原油产量,5736.0,千桶/日,573.6
2001-10-12,WCRFPUS2,美国原油产量,5515.0,千桶/日,551.5
2001-10-19,WCRFPUS2,美国原油产量,5828.0,千桶/日,582.8
2001-10-26,WCRFPUS2,美国原油产量,5879.0,千桶/日,587.9
2001-11-02,WCRFPUS2,美国原油产量,5859.0,千桶/日,585.9
2001-11-09,WCRFPUS2,美国原油产量,5863.0,千桶/日,586.3
2001-11-16,WCRFPUS2,美国原油产量,5872.0,千桶/日,587.2
2001-11-23,WCRFPUS2,美国原油产量,5882.0,千桶/日,588.2
2001-11-30,WCRFPUS2,美国原油产量,5873.0,千桶/日,587.3
2001-12-07,WCRFPUS2,美国原油产量,5856.0,千桶/日,585.6
2001-12-14,WCRFPUS2,美国原油产量,5884.0,千桶/日,588.4
2001-12-21,WCRFPUS2,美国原油产量,5911.0,千桶/日,591.1
2001-12-28,WCRFPUS2,美国原油产量,5902.0,千桶/日,590.2
2002-01-04,WCRFPUS2,美国原油产量,5922.0,千桶/日,592.2
2002-01-11,WCRFPUS2,美国原油产量,5922.0,千桶/日,592.2
2002-01-18,WCRFPUS2,美国原油产量,5911.0,千桶/日,591.1
2002-01-25,WCRFPUS2,美国原油产量,5909.0,千桶/日,590.9
2002-02-01,WCRFPUS2,美国原油产量,5916.0,千桶/日,591.6
2002-02-08,WCRFPUS2,美国原油产量,5952.0,千桶/日,595.2
2002-02-15,WCRFPUS2,美国原油产量,5927.0,千桶/日,592.7
2002-02-22,WCRFPUS2,美国原油产量,5956.0,千桶/日,595.6
2002-03-01,WCRFPUS2,美国原油产量,5966.0,千桶/日,596.6
2002-03-08,WCRFPUS2,美国原油产量,5947.0,千桶/日,594.7
2002-03-15,WCRFPUS2,美国原油产量,5975.0,千桶/日,597.5
2002-03-22,WCRFPUS2,美国原油产量,5948.0,千桶/日,594.8
2002-03-29,WCRFPUS2,美国原油产量,5956.0,千桶/日,595.6
2002-04-05,WCRFPUS2,美国原油产量,5916.0,千桶/日,591.6
2002-04-12,WCRFPUS2,美国原油产量,5922.0,千桶/日,592.2
2002-04-19,WCRFPUS2,美国原油产量,5896.0,千桶/日,589.6
2002-04-26,WCRFPUS2,美国原油产量,5865.0,千桶/日,586.5
2002-05-03,WCRFPUS2,美国原油产量,5879.0,千桶/日,587.9
2002-05-10,WCRFPUS2,美国原油产量,5889.0,千桶/日,588.9
2002-05-17,WCRFPUS2,美国原油产量,5894.0,千桶/日,589.4
2002-05-24,WCRFPUS2,美国原油产量,5890.0,千桶/日,589.0
2002-05-31,WCRFPUS2,美国原油产量,5896.0,千桶/日,589.6
2002-06-07,WCRFPUS2,美国原油产量,5897.0,千桶/日,589.7
2002-06-14,WCRFPUS2,美国原油产量,5910.0,千桶/日,591.0
2002-06-21,WCRFPUS2,美国原油产量,5939.0,千桶/日,593.9
2002-06-28,WCRFPUS2,美国原油产量,5917.0,千桶/日,591.7
2002-07-05,WCRFPUS2,美国原油产量,5898.0,千桶/日,589.8
2002-07-12,WCRFPUS2,美国原油产量,5885.0,千桶/日,588.5
2002-07-19,WCRFPUS2,美国原油产量,5839.0,千桶/日,583.9
2002-07-26,WCRFPUS2,美国原油产量,5844.0,千桶/日,584.4
2002-08-02,WCRFPUS2,美国原油产量,5604.0,千桶/日,560.4
2002-08-09,WCRFPUS2,美国原油产量,5858.0,千桶/日,585.8
2002-08-16,WCRFPUS2,美国原油产量,5907.0,千桶/日,590.7
2002-08-23,WCRFPUS2,美国原油产量,5918.0,千桶/日,591.8
2002-08-30,WCRFPUS2,美国原油产量,5883.0,千桶/日,588.3
2002-09-06,WCRFPUS2,美国原油产量,5773.0,千桶/日,577.3
2002-09-13,WCRFPUS2,美国原油产量,5716.0,千桶/日,571.6
2002-09-20,WCRFPUS2,美国原油产量,5736.0,千桶/日,573.6
2002-09-27,WCRFPUS2,美国原油产量,5190.0,千桶/日,519.0
2002-10-04,WCRFPUS2,美国原油产量,4803.0,千桶/日,480.3
2002-10-11,WCRFPUS2,美国原油产量,5490.0,千桶/日,549.0
2002-10-18,WCRFPUS2,美国原油产量,5721.0,千桶/日,572.1
2002-10-25,WCRFPUS2,美国原油产量,5714.0,千桶/日,571.4
2002-11-01,WCRFPUS2,美国原油产量,5711.0,千桶/日,571.1
2002-11-08,WCRFPUS2,美国原油产量,5349.0,千桶/日,534.9
2002-11-15,WCRFPUS2,美国原油产量,5738.0,千桶/日,573.8
2002-11-22,WCRFPUS2,美国原油产量,5754.0,千桶/日,575.4
2002-11-29,WCRFPUS2,美国原油产量,5740.0,千桶/日,574.0
2002-12-06,WCRFPUS2,美国原油产量,5763.0,千桶/日,576.3
2002-12-13,WCRFPUS2,美国原油产量,5752.0,千桶/日,575.2
2002-12-20,WCRFPUS2,美国原油产量,5758.0,千桶/日,575.8
2002-12-27,WCRFPUS2,美国原油产量,5749.0,千桶/日,574.9
2003-01-03,WCRFPUS2,美国原油产量,5752.0,千桶/日,575.2
2003-01-10,WCRFPUS2,美国原油产量,5728.0,千桶/日,572.8
2003-01-17,WCRFPUS2,美国原油产量,5702.0,千桶/日,570.2
2003-01-24,WCRFPUS2,美国原油产量,5739.0,千桶/日,573.9
2003-01-31,WCRFPUS2,美国原油产量,5764.0,千桶/日,576.4
2003-02-07,WCRFPUS2,美国原油产量,5899.0,千桶/日,589.9
2003-02-14,WCRFPUS2,美国原油产量,5906.0,千桶/日,590.6
2003-02-21,WCRFPUS2,美国原油产量,5898.0,千桶/日,589.8
2003-02-28,WCRFPUS2,美国原油产量,5901.0,千桶/日,590.1
2003-03-07,WCRFPUS2,美国原油产量,5872.0,千桶/日,587.2
2003-03-14,WCRFPUS2,美国原油产量,5886.0,千桶/日,588.6
2003-03-21,WCRFPUS2,美国原油产量,5906.0,千桶/日,590.6
2003-03-28,WCRFPUS2,美国原油产量,5906.0,千桶/日,590.6
2003-04-04,WCRFPUS2,美国原油产量,5866.0,千桶/日,586.6
2003-04-11,WCRFPUS2,美国原油产量,5801.0,千桶/日,580.1
2003-04-18,WCRFPUS2,美国原油产量,5772.0,千桶/日,577.2
2003-04-25,WCRFPUS2,美国原油产量,5766.0,千桶/日,576.6
2003-05-02,WCRFPUS2,美国原油产量,5829.0,千桶/日,582.9
2003-05-09,WCRFPUS2,美国原油产量,5855.0,千桶/日,585.5
2003-05-16,WCRFPUS2,美国原油产量,5807.0,千桶/日,580.7
2003-05-23,WCRFPUS2,美国原油产量,5813.0,千桶/日,581.3
2003-05-30,WCRFPUS2,美国原油产量,5837.0,千桶/日,583.7
2003-06-06,WCRFPUS2,美国原油产量,5803.0,千桶/日,580.3
2003-06-13,WCRFPUS2,美国原油产量,5860.0,千桶/日,586.0
2003-06-20,WCRFPUS2,美国原油产量,5900.0,千桶/日,590.0
2003-06-27,WCRFPUS2,美国原油产量,5867.0,千桶/日,586.7
2003-07-04,WCRFPUS2,美国原油产量,5815.0,千桶/日,581.5
2003-07-11,WCRFPUS2,美国原油产量,5770.0,千桶/日,577.0
2003-07-18,WCRFPUS2,美国原油产量,5777.0,千桶/日,577.7
2003-07-25,WCRFPUS2,美国原油产量,5699.0,千桶/日,569.9
2003-08-01,WCRFPUS2,美国原油产量,5738.0,千桶/日,573.8
2003-08-08,WCRFPUS2,美国原油产量,5747.0,千桶/日,574.7
2003-08-15,WCRFPUS2,美国原油产量,5750.0,千桶/日,575.0
2003-08-22,WCRFPUS2,美国原油产量,5736.0,千桶/日,573.6
2003-08-29,WCRFPUS2,美国原油产量,5723.0,千桶/日,572.3
2003-09-05,WCRFPUS2,美国原油产量,5727.0,千桶/日,572.7
2003-09-12,WCRFPUS2,美国原油产量,5703.0,千桶/日,570.3
2003-09-19,WCRFPUS2,美国原油产量,5739.0,千桶/日,573.9
2003-09-26,WCRFPUS2,美国原油产量,5734.0,千桶/日,573.4
2003-10-03,WCRFPUS2,美国原油产量,5678.0,千桶/日,567.8
2003-10-10,WCRFPUS2,美国原油产量,5559.0,千桶/日,555.9
2003-10-17,WCRFPUS2,美国原油产量,5605.0,千桶/日,560.5
2003-10-24,WCRFPUS2,美国原油产量,5614.0,千桶/日,561.4
2003-10-31,WCRFPUS2,美国原油产量,5550.0,千桶/日,555.0
2003-11-07,WCRFPUS2,美国原油产量,5596.0,千桶/日,559.6
2003-11-14,WCRFPUS2,美国原油产量,5692.0,千桶/日,569.2
2003-11-21,WCRFPUS2,美国原油产量,5683.0,千桶/日,568.3
2003-11-28,WCRFPUS2,美国原油产量,5709.0,千桶/日,570.9
2003-12-05,WCRFPUS2,美国原油产量,5597.0,千桶/日,559.7
2003-12-12,WCRFPUS2,美国原油产量,5592.0,千桶/日,559.2
2003-12-19,WCRFPUS2,美国原油产量,5663.0,千桶/日,566.3
2003-12-26,WCRFPUS2,美国原油产量,5658.0,千桶/日,565.8
2004-01-02,WCRFPUS2,美国原油产量,5664.0,千桶/日,566.4
2004-01-09,WCRFPUS2,美国原油产量,5705.0,千桶/日,570.5
2004-01-16,WCRFPUS2,美国原油产量,5717.0,千桶/日,571.7
2004-01-23,WCRFPUS2,美国原油产量,5709.0,千桶/日,570.9
2004-01-30,WCRFPUS2,美国原油产量,5710.0,千桶/日,571.0
2004-02-06,WCRFPUS2,美国原油产量,5703.0,千桶/日,570.3
2004-02-13,WCRFPUS2,美国原油产量,5658.0,千桶/日,565.8
2004-02-20,WCRFPUS2,美国原油产量,5622.0,千桶/日,562.2
2004-02-27,WCRFPUS2,美国原油产量,5661.0,千桶/日,566.1
2004-03-05,WCRFPUS2,美国原油产量,5675.0,千桶/日,567.5
2004-03-12,WCRFPUS2,美国原油产量,5658.0,千桶/日,565.8
2004-03-19,WCRFPUS2,美国原油产量,5657.0,千桶/日,565.7
2004-03-26,WCRFPUS2,美国原油产量,5658.0,千桶/日,565.8
2004-04-02,WCRFPUS2,美国原油产量,5661.0,千桶/日,566.1
2004-04-09,WCRFPUS2,美国原油产量,5611.0,千桶/日,561.1
2004-04-16,WCRFPUS2,美国原油产量,5588.0,千桶/日,558.8
2004-04-23,WCRFPUS2,美国原油产量,5618.0,千桶/日,561.8
2004-04-30,WCRFPUS2,美国原油产量,5624.0,千桶/日,562.4
2004-05-07,WCRFPUS2,美国原油产量,5626.0,千桶/日,562.6
2004-05-14,WCRFPUS2,美国原油产量,5611.0,千桶/日,561.1
2004-05-21,WCRFPUS2,美国原油产量,5608.0,千桶/日,560.8
2004-05-28,WCRFPUS2,美国原油产量,5460.0,千桶/日,546.0
2004-06-04,WCRFPUS2,美国原油产量,5452.0,千桶/日,545.2
2004-06-11,WCRFPUS2,美国原油产量,5411.0,千桶/日,541.1
2004-06-18,WCRFPUS2,美国原油产量,5434.0,千桶/日,543.4
2004-06-25,WCRFPUS2,美国原油产量,5394.0,千桶/日,539.4
2004-07-02,WCRFPUS2,美国原油产量,5404.0,千桶/日,540.4
2004-07-09,WCRFPUS2,美国原油产量,5485.0,千桶/日,548.5
2004-07-16,WCRFPUS2,美国原油产量,5334.0,千桶/日,533.4
2004-07-23,WCRFPUS2,美国原油产量,5446.0,千桶/日,544.6
2004-07-30,WCRFPUS2,美国原油产量,5367.0,千桶/日,536.7
2004-08-06,WCRFPUS2,美国原油产量,5414.0,千桶/日,541.4
2004-08-13,WCRFPUS2,美国原油产量,5243.0,千桶/日,524.3
2004-08-20,WCRFPUS2,美国原油产量,5113.0,千桶/日,511.3
2004-08-27,WCRFPUS2,美国原油产量,5401.0,千桶/日,540.1
2004-09-03,WCRFPUS2,美国原油产量,5360.0,千桶/日,536.0
2004-09-10,WCRFPUS2,美国原油产量,5337.0,千桶/日,533.7
2004-09-17,WCRFPUS2,美国原油产量,5087.0,千桶/日,508.7
2004-09-24,WCRFPUS2,美国原油产量,4946.0,千桶/日,494.6
2004-10-01,WCRFPUS2,美国原油产量,4656.0,千桶/日,465.6
2004-10-08,WCRFPUS2,美国原油产量,5033.0,千桶/日,503.3
2004-10-15,WCRFPUS2,美国原油产量,5090.0,千桶/日,509.0
2004-10-22,WCRFPUS2,美国原油产量,5110.0,千桶/日,511.0
2004-10-29,WCRFPUS2,美国原油产量,5176.0,千桶/日,517.6
2004-11-05,WCRFPUS2,美国原油产量,5319.0,千桶/日,531.9
2004-11-12,WCRFPUS2,美国原油产量,5391.0,千桶/日,539.1
2004-11-19,WCRFPUS2,美国原油产量,5395.0,千桶/日,539.5
2004-11-26,WCRFPUS2,美国原油产量,5408.0,千桶/日,540.8
2004-12-03,WCRFPUS2,美国原油产量,5396.0,千桶/日,539.6
2004-12-10,WCRFPUS2,美国原油产量,5439.0,千桶/日,543.9
2004-12-17,WCRFPUS2,美国原油产量,5461.0,千桶/日,546.1
2004-12-24,WCRFPUS2,美国原油产量,5421.0,千桶/日,542.1
2004-12-31,WCRFPUS2,美国原油产量,5430.0,千桶/日,543.0
2005-01-07,WCRFPUS2,美国原油产量,5430.0,千桶/日,543.0
2005-01-14,WCRFPUS2,美国原油产量,5417.0,千桶/日,541.7
2005-01-21,WCRFPUS2,美国原油产量,5456.0,千桶/日,545.6
2005-01-28,WCRFPUS2,美国原油产量,5437.0,千桶/日,543.7
2005-02-04,WCRFPUS2,美国原油产量,5421.0,千桶/日,542.1
2005-02-11,WCRFPUS2,美国原油产量,5427.0,千桶/日,542.7
2005-02-18,WCRFPUS2,美国原油产量,5436.0,千桶/日,543.6
2005-02-25,WCRFPUS2,美国原油产量,5492.0,千桶/日,549.2
2005-03-04,WCRFPUS2,美国原油产量,5489.0,千桶/日,548.9
2005-03-11,WCRFPUS2,美国原油产量,5504.0,千桶/日,550.4
2005-03-18,WCRFPUS2,美国原油产量,5480.0,千桶/日,548.0
2005-03-25,WCRFPUS2,美国原油产量,5496.0,千桶/日,549.6
2005-04-01,WCRFPUS2,美国原油产量,5504.0,千桶/日,550.4
2005-04-08,WCRFPUS2,美国原油产量,5428.0,千桶/日,542.8
2005-04-15,WCRFPUS2,美国原油产量,5441.0,千桶/日,544.1
2005-04-22,WCRFPUS2,美国原油产量,5415.0,千桶/日,541.5
2005-04-29,WCRFPUS2,美国原油产量,5423.0,千桶/日,542.3
2005-05-06,WCRFPUS2,美国原油产量,5510.0,千桶/日,551.0
2005-05-13,WCRFPUS2,美国原油产量,5521.0,千桶/日,552.1
2005-05-20,WCRFPUS2,美国原油产量,5539.0,千桶/日,553.9
2005-05-27,WCRFPUS2,美国原油产量,5537.0,千桶/日,553.7
2005-06-03,WCRFPUS2,美国原油产量,5515.0,千桶/日,551.5
2005-06-10,WCRFPUS2,美国原油产量,5542.0,千桶/日,554.2
2005-06-17,WCRFPUS2,美国原油产量,5541.0,千桶/日,554.1
2005-06-24,WCRFPUS2,美国原油产量,5359.0,千桶/日,535.9
2005-07-01,WCRFPUS2,美国原油产量,5498.0,千桶/日,549.8
2005-07-08,WCRFPUS2,美国原油产量,5463.0,千桶/日,546.3
2005-07-15,WCRFPUS2,美国原油产量,4758.0,千桶/日,475.8
2005-07-22,WCRFPUS2,美国原油产量,5448.0,千桶/日,544.8
2005-07-29,WCRFPUS2,美国原油产量,5149.0,千桶/日,514.9
2005-08-05,WCRFPUS2,美国原油产量,5417.0,千桶/日,541.7
2005-08-12,WCRFPUS2,美国原油产量,5359.0,千桶/日,535.9
2005-08-19,WCRFPUS2,美国原油产量,5395.0,千桶/日,539.5
2005-08-26,WCRFPUS2,美国原油产量,5427.0,千桶/日,542.7
2005-09-02,WCRFPUS2,美国原油产量,4360.0,千桶/日,436.0
2005-09-09,WCRFPUS2,美国原油产量,4268.0,千桶/日,426.8
2005-09-16,WCRFPUS2,美国原油产量,4500.0,千桶/日,450.0
2005-09-23,WCRFPUS2,美国原油产量,4348.0,千桶/日,434.8
2005-09-30,WCRFPUS2,美国原油产量,3813.0,千桶/日,381.3
2005-10-07,WCRFPUS2,美国原油产量,3901.0,千桶/日,390.1
2005-10-14,WCRFPUS2,美国原油产量,4147.0,千桶/日,414.7
2005-10-21,WCRFPUS2,美国原油产量,4108.0,千桶/日,410.8
2005-10-28,WCRFPUS2,美国原油产量,4068.0,千桶/日,406.8
2005-11-04,WCRFPUS2,美国原油产量,4306.0,千桶/日,430.6
2005-11-11,WCRFPUS2,美国原油产量,4583.0,千桶/日,458.3
2005-11-18,WCRFPUS2,美国原油产量,4579.0,千桶/日,457.9
2005-11-25,WCRFPUS2,美国原油产量,4765.0,千桶/日,476.5
2005-12-02,WCRFPUS2,美国原油产量,5021.0,千桶/日,502.1
2005-12-09,WCRFPUS2,美国原油产量,4933.0,千桶/日,493.3
2005-12-16,WCRFPUS2,美国原油产量,4890.0,千桶/日,489.0
2005-12-23,WCRFPUS2,美国原油产量,4891.0,千桶/日,489.1
2005-12-30,WCRFPUS2,美国原油产量,4864.0,千桶/日,486.4
2006-01-06,WCRFPUS2,美国原油产量,5023.0,千桶/日,502.3
2006-01-13,WCRFPUS2,美国原油产量,5110.0,千桶/日,511.0
2006-01-20,WCRFPUS2,美国原油产量,5119.0,千桶/日,511.9
2006-01-27,WCRFPUS2,美国原油产量,4862.0,千桶/日,486.2
2006-02-03,WCRFPUS2,美国原油产量,4903.0,千桶/日,490.3
2006-02-10,WCRFPUS2,美国原油产量,5003.0,千桶/日,500.3
2006-02-17,WCRFPUS2,美国原油产量,4997.0,千桶/日,499.7
2006-02-24,WCRFPUS2,美国原油产量,4985.0,千桶/日,498.5
2006-03-03,WCRFPUS2,美国原油产量,5054.0,千桶/日,505.4
2006-03-10,WCRFPUS2,美国原油产量,5154.0,千桶/日,515.4
2006-03-17,WCRFPUS2,美国原油产量,5027.0,千桶/日,502.7
2006-03-24,WCRFPUS2,美国原油产量,5016.0,千桶/日,501.6
2006-03-31,WCRFPUS2,美国原油产量,5024.0,千桶/日,502.4
2006-04-07,WCRFPUS2,美国原油产量,5053.0,千桶/日,505.3
2006-04-14,WCRFPUS2,美国原油产量,5125.0,千桶/日,512.5
2006-04-21,WCRFPUS2,美国原油产量,5127.0,千桶/日,512.7
2006-04-28,WCRFPUS2,美国原油产量,5122.0,千桶/日,512.2
2006-05-05,WCRFPUS2,美国原油产量,5128.0,千桶/日,512.8
2006-05-12,WCRFPUS2,美国原油产量,5069.0,千桶/日,506.9
2006-05-19,WCRFPUS2,美国原油产量,5093.0,千桶/日,509.3
2006-05-26,WCRFPUS2,美国原油产量,5088.0,千桶/日,508.8
2006-06-02,WCRFPUS2,美国原油产量,5097.0,千桶/日,509.7
2006-06-09,WCRFPUS2,美国原油产量,5211.0,千桶/日,521.1
2006-06-16,WCRFPUS2,美国原油产量,5198.0,千桶/日,519.8
2006-06-23,WCRFPUS2,美国原油产量,5162.0,千桶/日,516.2
2006-06-30,WCRFPUS2,美国原油产量,5129.0,千桶/日,512.9
2006-07-07,WCRFPUS2,美国原油产量,5275.0,千桶/日,527.5
2006-07-14,WCRFPUS2,美国原油产量,5265.0,千桶/日,526.5
2006-07-21,WCRFPUS2,美国原油产量,5141.0,千桶/日,514.1
2006-07-28,WCRFPUS2,美国原油产量,4940.0,千桶/日,494.0
2006-08-04,WCRFPUS2,美国原油产量,5144.0,千桶/日,514.4
2006-08-11,WCRFPUS2,美国原油产量,5150.0,千桶/日,515.0
2006-08-18,WCRFPUS2,美国原油产量,5087.0,千桶/日,508.7
2006-08-25,WCRFPUS2,美国原油产量,5099.0,千桶/日,509.9
2006-09-01,WCRFPUS2,美国原油产量,5101.0,千桶/日,510.1
2006-09-08,WCRFPUS2,美国原油产量,5076.0,千桶/日,507.6
2006-09-15,WCRFPUS2,美国原油产量,5109.0,千桶/日,510.9
2006-09-22,WCRFPUS2,美国原油产量,5106.0,千桶/日,510.6
2006-09-29,WCRFPUS2,美国原油产量,5151.0,千桶/日,515.1
2006-10-06,WCRFPUS2,美国原油产量,5253.0,千桶/日,525.3
2006-10-13,WCRFPUS2,美国原油产量,5132.0,千桶/日,513.2
2006-10-20,WCRFPUS2,美国原油产量,5221.0,千桶/日,522.1
2006-10-27,WCRFPUS2,美国原油产量,5307.0,千桶/日,530.7
2006-11-03,WCRFPUS2,美国原油产量,5329.0,千桶/日,532.9
2006-11-10,WCRFPUS2,美国原油产量,5326.0,千桶/日,532.6
2006-11-17,WCRFPUS2,美国原油产量,5269.0,千桶/日,526.9
2006-11-24,WCRFPUS2,美国原油产量,5030.0,千桶/日,503.0
2006-12-01,WCRFPUS2,美国原油产量,5368.0,千桶/日,536.8
2006-12-08,WCRFPUS2,美国原油产量,5357.0,千桶/日,535.7
2006-12-15,WCRFPUS2,美国原油产量,5348.0,千桶/日,534.8
2006-12-22,WCRFPUS2,美国原油产量,5361.0,千桶/日,536.1
2006-12-29,WCRFPUS2,美国原油产量,5369.0,千桶/日,536.9
2007-01-05,WCRFPUS2,美国原油产量,5370.0,千桶/日,537.0
2007-01-12,WCRFPUS2,美国原油产量,5317.0,千桶/日,531.7
2007-01-19,WCRFPUS2,美国原油产量,5241.0,千桶/日,524.1
2007-01-26,WCRFPUS2,美国原油产量,5224.0,千桶/日,522.4
2007-02-02,WCRFPUS2,美国原油产量,5283.0,千桶/日,528.3
2007-02-09,WCRFPUS2,美国原油产量,5316.0,千桶/日,531.6
2007-02-16,WCRFPUS2,美国原油产量,5323.0,千桶/日,532.3
2007-02-23,WCRFPUS2,美国原油产量,5285.0,千桶/日,528.5
2007-03-02,WCRFPUS2,美国原油产量,5267.0,千桶/日,526.7
2007-03-09,WCRFPUS2,美国原油产量,5218.0,千桶/日,521.8
2007-03-16,WCRFPUS2,美国原油产量,5235.0,千桶/日,523.5
2007-03-23,WCRFPUS2,美国原油产量,5218.0,千桶/日,521.8
2007-03-30,WCRFPUS2,美国原油产量,5243.0,千桶/日,524.3
2007-04-06,WCRFPUS2,美国原油产量,5179.0,千桶/日,517.9
2007-04-13,WCRFPUS2,美国原油产量,5125.0,千桶/日,512.5
2007-04-20,WCRFPUS2,美国原油产量,5128.0,千桶/日,512.8
2007-04-27,WCRFPUS2,美国原油产量,5089.0,千桶/日,508.9
2007-05-04,WCRFPUS2,美国原油产量,5131.0,千桶/日,513.1
2007-05-11,WCRFPUS2,美国原油产量,5201.0,千桶/日,520.1
2007-05-18,WCRFPUS2,美国原油产量,5207.0,千桶/日,520.7
2007-05-25,WCRFPUS2,美国原油产量,5148.0,千桶/日,514.8
2007-06-01,WCRFPUS2,美国原油产量,5180.0,千桶/日,518.0
2007-06-08,WCRFPUS2,美国原油产量,5170.0,千桶/日,517.0
2007-06-15,WCRFPUS2,美国原油产量,5093.0,千桶/日,509.3
2007-06-22,WCRFPUS2,美国原油产量,5108.0,千桶/日,510.8
2007-06-29,WCRFPUS2,美国原油产量,5122.0,千桶/日,512.2
2007-07-06,WCRFPUS2,美国原油产量,5198.0,千桶/日,519.8
2007-07-13,WCRFPUS2,美国原油产量,5201.0,千桶/日,520.1
2007-07-20,WCRFPUS2,美国原油产量,5184.0,千桶/日,518.4
2007-07-27,WCRFPUS2,美国原油产量,5206.0,千桶/日,520.6
2007-08-03,WCRFPUS2,美国原油产量,5142.0,千桶/日,514.2
2007-08-10,WCRFPUS2,美国原油产量,5192.0,千桶/日,519.2
2007-08-17,WCRFPUS2,美国原油产量,5119.0,千桶/日,511.9
2007-08-24,WCRFPUS2,美国原油产量,5161.0,千桶/日,516.1
2007-08-31,WCRFPUS2,美国原油产量,5021.0,千桶/日,502.1
2007-09-07,WCRFPUS2,美国原油产量,5129.0,千桶/日,512.9
2007-09-14,WCRFPUS2,美国原油产量,5039.0,千桶/日,503.9
2007-09-21,WCRFPUS2,美国原油产量,5027.0,千桶/日,502.7
2007-09-28,WCRFPUS2,美国原油产量,5064.0,千桶/日,506.4
2007-10-05,WCRFPUS2,美国原油产量,5059.0,千桶/日,505.9
2007-10-12,WCRFPUS2,美国原油产量,5102.0,千桶/日,510.2
2007-10-19,WCRFPUS2,美国原油产量,5122.0,千桶/日,512.2
2007-10-26,WCRFPUS2,美国原油产量,5114.0,千桶/日,511.4
2007-11-02,WCRFPUS2,美国原油产量,5126.0,千桶/日,512.6
2007-11-09,WCRFPUS2,美国原油产量,5134.0,千桶/日,513.4
2007-11-16,WCRFPUS2,美国原油产量,4942.0,千桶/日,494.2
2007-11-23,WCRFPUS2,美国原油产量,5117.0,千桶/日,511.7
2007-11-30,WCRFPUS2,美国原油产量,5133.0,千桶/日,513.3
2007-12-07,WCRFPUS2,美国原油产量,5117.0,千桶/日,511.7
2007-12-14,WCRFPUS2,美国原油产量,5110.0,千桶/日,511.0
2007-12-21,WCRFPUS2,美国原油产量,5117.0,千桶/日,511.7
2007-12-28,WCRFPUS2,美国原油产量,5078.0,千桶/日,507.8
2008-01-04,WCRFPUS2,美国原油产量,5051.0,千桶/日,505.1
2008-01-11,WCRFPUS2,美国原油产量,5013.0,千桶/日,501.3
2008-01-18,WCRFPUS2,美国原油产量,5042.0,千桶/日,504.2
2008-01-25,WCRFPUS2,美国原油产量,4998.0,千桶/日,499.8
2008-02-01,WCRFPUS2,美国原油产量,5013.0,千桶/日,501.3
2008-02-08,WCRFPUS2,美国原油产量,5044.0,千桶/日,504.4
2008-02-15,WCRFPUS2,美国原油产量,5034.0,千桶/日,503.4
2008-02-22,WCRFPUS2,美国原油产量,5044.0,千桶/日,504.4
2008-02-29,WCRFPUS2,美国原油产量,5050.0,千桶/日,505.0
2008-03-07,WCRFPUS2,美国原油产量,5100.0,千桶/日,510.0
2008-03-14,WCRFPUS2,美国原油产量,5100.0,千桶/日,510.0
2008-03-21,WCRFPUS2,美国原油产量,5103.0,千桶/日,510.3
2008-03-28,WCRFPUS2,美国原油产量,5087.0,千桶/日,508.7
2008-04-04,WCRFPUS2,美国原油产量,5097.0,千桶/日,509.7
2008-04-11,WCRFPUS2,美国原油产量,5096.0,千桶/日,509.6
2008-04-18,WCRFPUS2,美国原油产量,5101.0,千桶/日,510.1
2008-04-25,WCRFPUS2,美国原油产量,5098.0,千桶/日,509.8
2008-05-02,WCRFPUS2,美国原油产量,5099.0,千桶/日,509.9
2008-05-09,WCRFPUS2,美国原油产量,5128.0,千桶/日,512.8
2008-05-16,WCRFPUS2,美国原油产量,5045.0,千桶/日,504.5
2008-05-23,WCRFPUS2,美国原油产量,5128.0,千桶/日,512.8
2008-05-30,WCRFPUS2,美国原油产量,5139.0,千桶/日,513.9
2008-06-06,WCRFPUS2,美国原油产量,5114.0,千桶/日,511.4
2008-06-13,WCRFPUS2,美国原油产量,5145.0,千桶/日,514.5
2008-06-20,WCRFPUS2,美国原油产量,5120.0,千桶/日,512.0
2008-06-27,WCRFPUS2,美国原油产量,5123.0,千桶/日,512.3
2008-07-04,WCRFPUS2,美国原油产量,4960.0,千桶/日,496.0
2008-07-11,WCRFPUS2,美国原油产量,5139.0,千桶/日,513.9
2008-07-18,WCRFPUS2,美国原油产量,5165.0,千桶/日,516.5
2008-07-25,WCRFPUS2,美国原油产量,5160.0,千桶/日,516.0
2008-08-01,WCRFPUS2,美国原油产量,5172.0,千桶/日,517.2
2008-08-08,WCRFPUS2,美国原油产量,5139.0,千桶/日,513.9
2008-08-15,WCRFPUS2,美国原油产量,5078.0,千桶/日,507.8
2008-08-22,WCRFPUS2,美国原油产量,4906.0,千桶/日,490.6
2008-08-29,WCRFPUS2,美国原油产量,5097.0,千桶/日,509.7
2008-09-05,WCRFPUS2,美国原油产量,4084.0,千桶/日,408.4
2008-09-12,WCRFPUS2,美国原油产量,3988.0,千桶/日,398.8
2008-09-19,WCRFPUS2,美国原油产量,3932.0,千桶/日,393.2
2008-09-26,WCRFPUS2,美国原油产量,3839.0,千桶/日,383.9
2008-10-03,WCRFPUS2,美国原油产量,4422.0,千桶/日,442.2
2008-10-10,WCRFPUS2,美国原油产量,4572.0,千桶/日,457.2
2008-10-17,WCRFPUS2,美国原油产量,4630.0,千桶/日,463.0
2008-10-24,WCRFPUS2,美国原油产量,4675.0,千桶/日,467.5
2008-10-31,WCRFPUS2,美国原油产量,4776.0,千桶/日,477.6
2008-11-07,WCRFPUS2,美国原油产量,4885.0,千桶/日,488.5
2008-11-14,WCRFPUS2,美国原油产量,4943.0,千桶/日,494.3
2008-11-21,WCRFPUS2,美国原油产量,5006.0,千桶/日,500.6
2008-11-28,WCRFPUS2,美国原油产量,5118.0,千桶/日,511.8
2008-12-05,WCRFPUS2,美国原油产量,5152.0,千桶/日,515.2
2008-12-12,WCRFPUS2,美国原油产量,4967.0,千桶/日,496.7
2008-12-19,WCRFPUS2,美国原油产量,4972.0,千桶/日,497.2
2008-12-26,WCRFPUS2,美国原油产量,4979.0,千桶/日,497.9
2009-01-02,WCRFPUS2,美国原油产量,4935.0,千桶/日,493.5
2009-01-09,WCRFPUS2,美国原油产量,4917.0,千桶/日,491.7
2009-01-16,WCRFPUS2,美国原油产量,5052.0,千桶/日,505.2
2009-01-23,WCRFPUS2,美国原油产量,5045.0,千桶/日,504.5
2009-01-30,WCRFPUS2,美国原油产量,5235.0,千桶/日,523.5
2009-02-06,WCRFPUS2,美国原油产量,5327.0,千桶/日,532.7
2009-02-13,WCRFPUS2,美国原油产量,5323.0,千桶/日,532.3
2009-02-20,WCRFPUS2,美国原油产量,5300.0,千桶/日,530.0
2009-02-27,WCRFPUS2,美国原油产量,5373.0,千桶/日,537.3
2009-03-06,WCRFPUS2,美国原油产量,5401.0,千桶/日,540.1
2009-03-13,WCRFPUS2,美国原油产量,5414.0,千桶/日,541.4
2009-03-20,WCRFPUS2,美国原油产量,5432.0,千桶/日,543.2
2009-03-27,WCRFPUS2,美国原油产量,5480.0,千桶/日,548.0
2009-04-03,WCRFPUS2,美国原油产量,5469.0,千桶/日,546.9
2009-04-10,WCRFPUS2,美国原油产量,5482.0,千桶/日,548.2
2009-04-17,WCRFPUS2,美国原油产量,5421.0,千桶/日,542.1
2009-04-24,WCRFPUS2,美国原油产量,5269.0,千桶/日,526.9
2009-05-01,WCRFPUS2,美国原油产量,5280.0,千桶/日,528.0
2009-05-08,WCRFPUS2,美国原油产量,5306.0,千桶/日,530.6
2009-05-15,WCRFPUS2,美国原油产量,5352.0,千桶/日,535.2
2009-05-22,WCRFPUS2,美国原油产量,5364.0,千桶/日,536.4
2009-05-29,WCRFPUS2,美国原油产量,5358.0,千桶/日,535.8
2009-06-05,WCRFPUS2,美国原油产量,5358.0,千桶/日,535.8
2009-06-12,WCRFPUS2,美国原油产量,5273.0,千桶/日,527.3
2009-06-19,WCRFPUS2,美国原油产量,5257.0,千桶/日,525.7
2009-06-26,WCRFPUS2,美国原油产量,5163.0,千桶/日,516.3
2009-07-03,WCRFPUS2,美国原油产量,5171.0,千桶/日,517.1
2009-07-10,WCRFPUS2,美国原油产量,5171.0,千桶/日,517.1
2009-07-17,WCRFPUS2,美国原油产量,5176.0,千桶/日,517.6
2009-07-24,WCRFPUS2,美国原油产量,5107.0,千桶/日,510.7
2009-07-31,WCRFPUS2,美国原油产量,5246.0,千桶/日,524.6
2009-08-07,WCRFPUS2,美国原油产量,5172.0,千桶/日,517.2
2009-08-14,WCRFPUS2,美国原油产量,5169.0,千桶/日,516.9
2009-08-21,WCRFPUS2,美国原油产量,5173.0,千桶/日,517.3
2009-08-28,WCRFPUS2,美国原油产量,5244.0,千桶/日,524.4
2009-09-04,WCRFPUS2,美国原油产量,5266.0,千桶/日,526.6
2009-09-11,WCRFPUS2,美国原油产量,5304.0,千桶/日,530.4
2009-09-18,WCRFPUS2,美国原油产量,5300.0,千桶/日,530.0
2009-09-25,WCRFPUS2,美国原油产量,5375.0,千桶/日,537.5
2009-10-02,WCRFPUS2,美国原油产量,5360.0,千桶/日,536.0
2009-10-09,WCRFPUS2,美国原油产量,5377.0,千桶/日,537.7
2009-10-16,WCRFPUS2,美国原油产量,5371.0,千桶/日,537.1
2009-10-23,WCRFPUS2,美国原油产量,5357.0,千桶/日,535.7
2009-10-30,WCRFPUS2,美国原油产量,5391.0,千桶/日,539.1
2009-11-06,WCRFPUS2,美国原油产量,5506.0,千桶/日,550.6
2009-11-13,WCRFPUS2,美国原油产量,5317.0,千桶/日,531.7
2009-11-20,WCRFPUS2,美国原油产量,5433.0,千桶/日,543.3
2009-11-27,WCRFPUS2,美国原油产量,5561.0,千桶/日,556.1
2009-12-04,WCRFPUS2,美国原油产量,5538.0,千桶/日,553.8
2009-12-11,WCRFPUS2,美国原油产量,5524.0,千桶/日,552.4
2009-12-18,WCRFPUS2,美国原油产量,5524.0,千桶/日,552.4
2009-12-25,WCRFPUS2,美国原油产量,5512.0,千桶/日,551.2
2010-01-01,WCRFPUS2,美国原油产量,5507.0,千桶/日,550.7
2010-01-08,WCRFPUS2,美国原油产量,5496.0,千桶/日,549.6
2010-01-15,WCRFPUS2,美国原油产量,5404.0,千桶/日,540.4
2010-01-22,WCRFPUS2,美国原油产量,5421.0,千桶/日,542.1
2010-01-29,WCRFPUS2,美国原油产量,5403.0,千桶/日,540.3
2010-02-05,WCRFPUS2,美国原油产量,5475.0,千桶/日,547.5
2010-02-12,WCRFPUS2,美国原油产量,5482.0,千桶/日,548.2
2010-02-19,WCRFPUS2,美国原油产量,5505.0,千桶/日,550.5
2010-02-26,WCRFPUS2,美国原油产量,5510.0,千桶/日,551.0
2010-03-05,WCRFPUS2,美国原油产量,5527.0,千桶/日,552.7
2010-03-12,WCRFPUS2,美国原油产量,5540.0,千桶/日,554.0
2010-03-19,WCRFPUS2,美国原油产量,5536.0,千桶/日,553.6
2010-03-26,WCRFPUS2,美国原油产量,5489.0,千桶/日,548.9
2010-04-02,WCRFPUS2,美国原油产量,5473.0,千桶/日,547.3
2010-04-09,WCRFPUS2,美国原油产量,5475.0,千桶/日,547.5
2010-04-16,WCRFPUS2,美国原油产量,5466.0,千桶/日,546.6
2010-04-23,WCRFPUS2,美国原油产量,5488.0,千桶/日,548.8
2010-04-30,WCRFPUS2,美国原油产量,5522.0,千桶/日,552.2
2010-05-07,WCRFPUS2,美国原油产量,5533.0,千桶/日,553.3
2010-05-14,WCRFPUS2,美国原油产量,5516.0,千桶/日,551.6
2010-05-21,WCRFPUS2,美国原油产量,5540.0,千桶/日,554.0
2010-05-28,WCRFPUS2,美国原油产量,5320.0,千桶/日,532.0
2010-06-04,WCRFPUS2,美国原油产量,5445.0,千桶/日,544.5
2010-06-11,WCRFPUS2,美国原油产量,5503.0,千桶/日,550.3
2010-06-18,WCRFPUS2,美国原油产量,5501.0,千桶/日,550.1
2010-06-25,WCRFPUS2,美国原油产量,5257.0,千桶/日,525.7
2010-07-02,WCRFPUS2,美国原油产量,5414.0,千桶/日,541.4
2010-07-09,WCRFPUS2,美国原油产量,5352.0,千桶/日,535.2
2010-07-16,WCRFPUS2,美国原油产量,5460.0,千桶/日,546.0
2010-07-23,WCRFPUS2,美国原油产量,5486.0,千桶/日,548.6
2010-07-30,WCRFPUS2,美国原油产量,5440.0,千桶/日,544.0
2010-08-06,WCRFPUS2,美国原油产量,5239.0,千桶/日,523.9
2010-08-13,WCRFPUS2,美国原油产量,5352.0,千桶/日,535.2
2010-08-20,WCRFPUS2,美国原油产量,5511.0,千桶/日,551.1
2010-08-27,WCRFPUS2,美国原油产量,5602.0,千桶/日,560.2
2010-09-03,WCRFPUS2,美国原油产量,5603.0,千桶/日,560.3
2010-09-10,WCRFPUS2,美国原油产量,5573.0,千桶/日,557.3
2010-09-17,WCRFPUS2,美国原油产量,5556.0,千桶/日,555.6
2010-09-24,WCRFPUS2,美国原油产量,5562.0,千桶/日,556.2
2010-10-01,WCRFPUS2,美国原油产量,5514.0,千桶/日,551.4
2010-10-08,WCRFPUS2,美国原油产量,5528.0,千桶/日,552.8
2010-10-15,WCRFPUS2,美国原油产量,5536.0,千桶/日,553.6
2010-10-22,WCRFPUS2,美国原油产量,5540.0,千桶/日,554.0
2010-10-29,WCRFPUS2,美国原油产量,5593.0,千桶/日,559.3
2010-11-05,WCRFPUS2,美国原油产量,5596.0,千桶/日,559.6
2010-11-12,WCRFPUS2,美国原油产量,5597.0,千桶/日,559.7
2010-11-19,WCRFPUS2,美国原油产量,5581.0,千桶/日,558.1
2010-11-26,WCRFPUS2,美国原油产量,5555.0,千桶/日,555.5
2010-12-03,WCRFPUS2,美国原油产量,5582.0,千桶/日,558.2
2010-12-10,WCRFPUS2,美国原油产量,5604.0,千桶/日,560.4
2010-12-17,WCRFPUS2,美国原油产量,5598.0,千桶/日,559.8
2010-12-24,WCRFPUS2,美国原油产量,5575.0,千桶/日,557.5
2010-12-31,WCRFPUS2,美国原油产量,5598.0,千桶/日,559.8
2011-01-07,WCRFPUS2,美国原油产量,5575.0,千桶/日,557.5
2011-01-14,WCRFPUS2,美国原油产量,5205.0,千桶/日,520.5
2011-01-21,WCRFPUS2,美国原油产量,5321.0,千桶/日,532.1
2011-01-28,WCRFPUS2,美国原油产量,5568.0,千桶/日,556.8
2011-02-04,WCRFPUS2,美国原油产量,5597.0,千桶/日,559.7
2011-02-11,WCRFPUS2,美国原油产量,5610.0,千桶/日,561.0
2011-02-18,WCRFPUS2,美国原油产量,5604.0,千桶/日,560.4
2011-02-25,WCRFPUS2,美国原油产量,5591.0,千桶/日,559.1
2011-03-04,WCRFPUS2,美国原油产量,5593.0,千桶/日,559.3
2011-03-11,WCRFPUS2,美国原油产量,5591.0,千桶/日,559.1
2011-03-18,WCRFPUS2,美国原油产量,5570.0,千桶/日,557.0
2011-03-25,WCRFPUS2,美国原油产量,5568.0,千桶/日,556.8
2011-04-01,WCRFPUS2,美国原油产量,5638.0,千桶/日,563.8
2011-04-08,WCRFPUS2,美国原油产量,5635.0,千桶/日,563.5
2011-04-15,WCRFPUS2,美国原油产量,5625.0,千桶/日,562.5
2011-04-22,WCRFPUS2,美国原油产量,5610.0,千桶/日,561.0
2011-04-29,WCRFPUS2,美国原油产量,5623.0,千桶/日,562.3
2011-05-06,WCRFPUS2,美国原油产量,5609.0,千桶/日,560.9
2011-05-13,WCRFPUS2,美国原油产量,5618.0,千桶/日,561.8
2011-05-20,WCRFPUS2,美国原油产量,5583.0,千桶/日,558.3
2011-05-27,WCRFPUS2,美国原油产量,5609.0,千桶/日,560.9
2011-06-03,WCRFPUS2,美国原油产量,5633.0,千桶/日,563.3
2011-06-10,WCRFPUS2,美国原油产量,5643.0,千桶/日,564.3
2011-06-17,WCRFPUS2,美国原油产量,5650.0,千桶/日,565.0
2011-06-24,WCRFPUS2,美国原油产量,5593.0,千桶/日,559.3
2011-07-01,WCRFPUS2,美国原油产量,5520.0,千桶/日,552.0
2011-07-08,WCRFPUS2,美国原油产量,5578.0,千桶/日,557.8
2011-07-15,WCRFPUS2,美国原油产量,5591.0,千桶/日,559.1
2011-07-22,WCRFPUS2,美国原油产量,5377.0,千桶/日,537.7
2011-07-29,WCRFPUS2,美国原油产量,5523.0,千桶/日,552.3
2011-08-05,WCRFPUS2,美国原油产量,5529.0,千桶/日,552.9
2011-08-12,WCRFPUS2,美国原油产量,5561.0,千桶/日,556.1
2011-08-19,WCRFPUS2,美国原油产量,5591.0,千桶/日,559.1
2011-08-26,WCRFPUS2,美国原油产量,5598.0,千桶/日,559.8
2011-09-02,WCRFPUS2,美国原油产量,5642.0,千桶/日,564.2
2011-09-09,WCRFPUS2,美国原油产量,5083.0,千桶/日,508.3
2011-09-16,WCRFPUS2,美国原油产量,5747.0,千桶/日,574.7
2011-09-23,WCRFPUS2,美国原油产量,5756.0,千桶/日,575.6
2011-09-30,WCRFPUS2,美国原油产量,5800.0,千桶/日,580.0
2011-10-07,WCRFPUS2,美国原油产量,5878.0,千桶/日,587.8
2011-10-14,WCRFPUS2,美国原油产量,5891.0,千桶/日,589.1
2011-10-21,WCRFPUS2,美国原油产量,5876.0,千桶/日,587.6
2011-10-28,WCRFPUS2,美国原油产量,5818.0,千桶/日,581.8
2011-11-04,WCRFPUS2,美国原油产量,5846.0,千桶/日,584.6
2011-11-11,WCRFPUS2,美国原油产量,5894.0,千桶/日,589.4
2011-11-18,WCRFPUS2,美国原油产量,5887.0,千桶/日,588.7
2011-11-25,WCRFPUS2,美国原油产量,5864.0,千桶/日,586.4
2011-12-02,WCRFPUS2,美国原油产量,5861.0,千桶/日,586.1
2011-12-09,WCRFPUS2,美国原油产量,5862.0,千桶/日,586.2
2011-12-16,WCRFPUS2,美国原油产量,5862.0,千桶/日,586.2
2011-12-23,WCRFPUS2,美国原油产量,5846.0,千桶/日,584.6
2011-12-30,WCRFPUS2,美国原油产量,5851.0,千桶/日,585.1
2012-01-06,WCRFPUS2,美国原油产量,5844.0,千桶/日,584.4
2012-01-13,WCRFPUS2,美国原油产量,5726.0,千桶/日,572.6
2012-01-20,WCRFPUS2,美国原油产量,5722.0,千桶/日,572.2
2012-01-27,WCRFPUS2,美国原油产量,5720.0,千桶/日,572.0
2012-02-03,WCRFPUS2,美国原油产量,5763.0,千桶/日,576.3
2012-02-10,WCRFPUS2,美国原油产量,5819.0,千桶/日,581.9
2012-02-17,WCRFPUS2,美国原油产量,5817.0,千桶/日,581.7
2012-02-24,WCRFPUS2,美国原油产量,5814.0,千桶/日,581.4
2012-03-02,WCRFPUS2,美国原油产量,5806.0,千桶/日,580.6
2012-03-09,WCRFPUS2,美国原油产量,5830.0,千桶/日,583.0
2012-03-16,WCRFPUS2,美国原油产量,5826.0,千桶/日,582.6
2012-03-23,WCRFPUS2,美国原油产量,5821.0,千桶/日,582.1
2012-03-30,WCRFPUS2,美国原油产量,6049.0,千桶/日,604.9
2012-04-06,WCRFPUS2,美国原油产量,6040.0,千桶/日,604.0
2012-04-13,WCRFPUS2,美国原油产量,6043.0,千桶/日,604.3
2012-04-20,WCRFPUS2,美国原油产量,6113.0,千桶/日,611.3
2012-04-27,WCRFPUS2,美国原油产量,6121.0,千桶/日,612.1
2012-05-04,WCRFPUS2,美国原油产量,6136.0,千桶/日,613.6
2012-05-11,WCRFPUS2,美国原油产量,6149.0,千桶/日,614.9
2012-05-18,WCRFPUS2,美国原油产量,6239.0,千桶/日,623.9
2012-05-25,WCRFPUS2,美国原油产量,6227.0,千桶/日,622.7
2012-06-01,WCRFPUS2,美国原油产量,6245.0,千桶/日,624.5
2012-06-08,WCRFPUS2,美国原油产量,6236.0,千桶/日,623.6
2012-06-15,WCRFPUS2,美国原油产量,6353.0,千桶/日,635.3
2012-06-22,WCRFPUS2,美国原油产量,6257.0,千桶/日,625.7
2012-06-29,WCRFPUS2,美国原油产量,6094.0,千桶/日,609.4
2012-07-06,WCRFPUS2,美国原油产量,6249.0,千桶/日,624.9
2012-07-13,WCRFPUS2,美国原油产量,6245.0,千桶/日,624.5
2012-07-20,WCRFPUS2,美国原油产量,6364.0,千桶/日,636.4
2012-07-27,WCRFPUS2,美国原油产量,6320.0,千桶/日,632.0
2012-08-03,WCRFPUS2,美国原油产量,6218.0,千桶/日,621.8
2012-08-10,WCRFPUS2,美国原油产量,6181.0,千桶/日,618.1
2012-08-17,WCRFPUS2,美国原油产量,6246.0,千桶/日,624.6
2012-08-24,WCRFPUS2,美国原油产量,6258.0,千桶/日,625.8
2012-08-31,WCRFPUS2,美国原油产量,5486.0,千桶/日,548.6
2012-09-07,WCRFPUS2,美国原油产量,5526.0,千桶/日,552.6
2012-09-14,WCRFPUS2,美国原油产量,6277.0,千桶/日,627.7
2012-09-21,WCRFPUS2,美国原油产量,6509.0,千桶/日,650.9
2012-09-28,WCRFPUS2,美国原油产量,6520.0,千桶/日,652.0
2012-10-05,WCRFPUS2,美国原油产量,6598.0,千桶/日,659.8
2012-10-12,WCRFPUS2,美国原油产量,6606.0,千桶/日,660.6
2012-10-19,WCRFPUS2,美国原油产量,6610.0,千桶/日,661.0
2012-10-26,WCRFPUS2,美国原油产量,6669.0,千桶/日,666.9
2012-11-02,WCRFPUS2,美国原油产量,6677.0,千桶/日,667.7
2012-11-09,WCRFPUS2,美国原油产量,6709.0,千桶/日,670.9
2012-11-16,WCRFPUS2,美国原油产量,6710.0,千桶/日,671.0
2012-11-23,WCRFPUS2,美国原油产量,6818.0,千桶/日,681.8
2012-11-30,WCRFPUS2,美国原油产量,6817.0,千桶/日,681.7
2012-12-07,WCRFPUS2,美国原油产量,6852.0,千桶/日,685.2
2012-12-14,WCRFPUS2,美国原油产量,6863.0,千桶/日,686.3
2012-12-21,WCRFPUS2,美国原油产量,6984.0,千桶/日,698.4
2012-12-28,WCRFPUS2,美国原油产量,6985.0,千桶/日,698.5
2013-01-04,WCRFPUS2,美国原油产量,7002.0,千桶/日,700.2
2013-01-11,WCRFPUS2,美国原油产量,7041.0,千桶/日,704.1
2013-01-18,WCRFPUS2,美国原油产量,6989.0,千桶/日,698.9
2013-01-25,WCRFPUS2,美国原油产量,6993.0,千桶/日,699.3
2013-02-01,WCRFPUS2,美国原油产量,6997.0,千桶/日,699.7
2013-02-08,WCRFPUS2,美国原油产量,7064.0,千桶/日,706.4
2013-02-15,WCRFPUS2,美国原油产量,7118.0,千桶/日,711.8
2013-02-22,WCRFPUS2,美国原油产量,7096.0,千桶/日,709.6
2013-03-01,WCRFPUS2,美国原油产量,7093.0,千桶/日,709.3
2013-03-08,WCRFPUS2,美国原油产量,7159.0,千桶/日,715.9
2013-03-15,WCRFPUS2,美国原油产量,7150.0,千桶/日,715.0
2013-03-22,WCRFPUS2,美国原油产量,7151.0,千桶/日,715.1
2013-03-29,WCRFPUS2,美国原油产量,7151.0,千桶/日,715.1
2013-04-05,WCRFPUS2,美国原油产量,7181.0,千桶/日,718.1
2013-04-12,WCRFPUS2,美国原油产量,7208.0,千桶/日,720.8
2013-04-19,WCRFPUS2,美国原油产量,7326.0,千桶/日,732.6
2013-04-26,WCRFPUS2,美国原油产量,7312.0,千桶/日,731.2
2013-05-03,WCRFPUS2,美国原油产量,7369.0,千桶/日,736.9
2013-05-10,WCRFPUS2,美国原油产量,7321.0,千桶/日,732.1
2013-05-17,WCRFPUS2,美国原油产量,7258.0,千桶/日,725.8
2013-05-24,WCRFPUS2,美国原油产量,7292.0,千桶/日,729.2
2013-05-31,WCRFPUS2,美国原油产量,7300.0,千桶/日,730.0
2013-06-07,WCRFPUS2,美国原油产量,7224.0,千桶/日,722.4
2013-06-14,WCRFPUS2,美国原油产量,7129.0,千桶/日,712.9
2013-06-21,WCRFPUS2,美国原油产量,7261.0,千桶/日,726.1
2013-06-28,WCRFPUS2,美国原油产量,7267.0,千桶/日,726.7
2013-07-05,WCRFPUS2,美国原油产量,7401.0,千桶/日,740.1
2013-07-12,WCRFPUS2,美国原油产量,7490.0,千桶/日,749.0
2013-07-19,WCRFPUS2,美国原油产量,7555.0,千桶/日,755.5
2013-07-26,WCRFPUS2,美国原油产量,7542.0,千桶/日,754.2
2013-08-02,WCRFPUS2,美国原油产量,7560.0,千桶/日,756.0
2013-08-09,WCRFPUS2,美国原油产量,7571.0,千桶/日,757.1
2013-08-16,WCRFPUS2,美国原油产量,7518.0,千桶/日,751.8
2013-08-23,WCRFPUS2,美国原油产量,7609.0,千桶/日,760.9
2013-08-30,WCRFPUS2,美国原油产量,7621.0,千桶/日,762.1
2013-09-06,WCRFPUS2,美国原油产量,7745.0,千桶/日,774.5
2013-09-13,WCRFPUS2,美国原油产量,7827.0,千桶/日,782.7
2013-09-20,WCRFPUS2,美国原油产量,7777.0,千桶/日,777.7
2013-09-27,WCRFPUS2,美国原油产量,7784.0,千桶/日,778.4
2013-10-04,WCRFPUS2,美国原油产量,7809.0,千桶/日,780.9
2013-10-11,WCRFPUS2,美国原油产量,7428.0,千桶/日,742.8
2013-10-18,WCRFPUS2,美国原油产量,7896.0,千桶/日,789.6
2013-10-25,WCRFPUS2,美国原油产量,7853.0,千桶/日,785.3
2013-11-01,WCRFPUS2,美国原油产量,7858.0,千桶/日,785.8
2013-11-08,WCRFPUS2,美国原油产量,7981.0,千桶/日,798.1
2013-11-15,WCRFPUS2,美国原油产量,7974.0,千桶/日,797.4
2013-11-22,WCRFPUS2,美国原油产量,8019.0,千桶/日,801.9
2013-11-29,WCRFPUS2,美国原油产量,8011.0,千桶/日,801.1
2013-12-06,WCRFPUS2,美国原油产量,8075.0,千桶/日,807.5
2013-12-13,WCRFPUS2,美国原油产量,8058.0,千桶/日,805.8
2013-12-20,WCRFPUS2,美国原油产量,8111.0,千桶/日,811.1
2013-12-27,WCRFPUS2,美国原油产量,8121.0,千桶/日,812.1
2014-01-03,WCRFPUS2,美国原油产量,8145.0,千桶/日,814.5
2014-01-10,WCRFPUS2,美国原油产量,8159.0,千桶/日,815.9
2014-01-17,WCRFPUS2,美国原油产量,8052.0,千桶/日,805.2
2014-01-24,WCRFPUS2,美国原油产量,8044.0,千桶/日,804.4
2014-01-31,WCRFPUS2,美国原油产量,8044.0,千桶/日,804.4
2014-02-07,WCRFPUS2,美国原油产量,8132.0,千桶/日,813.2
2014-02-14,WCRFPUS2,美国原油产量,8148.0,千桶/日,814.8
2014-02-21,WCRFPUS2,美国原油产量,8059.0,千桶/日,805.9
2014-02-28,WCRFPUS2,美国原油产量,8077.0,千桶/日,807.7
2014-03-07,WCRFPUS2,美国原油产量,8182.0,千桶/日,818.2
2014-03-14,WCRFPUS2,美国原油产量,8215.0,千桶/日,821.5
2014-03-21,WCRFPUS2,美国原油产量,8190.0,千桶/日,819.0
2014-03-28,WCRFPUS2,美国原油产量,8192.0,千桶/日,819.2
2014-04-04,WCRFPUS2,美国原油产量,8229.0,千桶/日,822.9
2014-04-11,WCRFPUS2,美国原油产量,8301.0,千桶/日,830.1
2014-04-18,WCRFPUS2,美国原油产量,8360.0,千桶/日,836.0
2014-04-25,WCRFPUS2,美国原油产量,8352.0,千桶/日,835.2
2014-05-02,WCRFPUS2,美国原油产量,8350.0,千桶/日,835.0
2014-05-09,WCRFPUS2,美国原油产量,8428.0,千桶/日,842.8
2014-05-16,WCRFPUS2,美国原油产量,8434.0,千桶/日,843.4
2014-05-23,WCRFPUS2,美国原油产量,8472.0,千桶/日,847.2
2014-05-30,WCRFPUS2,美国原油产量,8383.0,千桶/日,838.3
2014-06-06,WCRFPUS2,美国原油产量,8460.0,千桶/日,846.0
2014-06-13,WCRFPUS2,美国原油产量,8477.0,千桶/日,847.7
2014-06-20,WCRFPUS2,美国原油产量,8446.0,千桶/日,844.6
2014-06-27,WCRFPUS2,美国原油产量,8442.0,千桶/日,844.2
2014-07-04,WCRFPUS2,美国原油产量,8514.0,千桶/日,851.4
2014-07-11,WCRFPUS2,美国原油产量,8592.0,千桶/日,859.2
2014-07-18,WCRFPUS2,美国原油产量,8565.0,千桶/日,856.5
2014-07-25,WCRFPUS2,美国原油产量,8443.0,千桶/日,844.3
2014-08-01,WCRFPUS2,美国原油产量,8453.0,千桶/日,845.3
2014-08-08,WCRFPUS2,美国原油产量,8556.0,千桶/日,855.6
2014-08-15,WCRFPUS2,美国原油产量,8577.0,千桶/日,857.7
2014-08-22,WCRFPUS2,美国原油产量,8631.0,千桶/日,863.1
2014-08-29,WCRFPUS2,美国原油产量,8630.0,千桶/日,863.0
2014-09-05,WCRFPUS2,美国原油产量,8590.0,千桶/日,859.0
2014-09-12,WCRFPUS2,美国原油产量,8838.0,千桶/日,883.8
2014-09-19,WCRFPUS2,美国原油产量,8867.0,千桶/日,886.7
2014-09-26,WCRFPUS2,美国原油产量,8837.0,千桶/日,883.7
2014-10-03,WCRFPUS2,美国原油产量,8875.0,千桶/日,887.5
2014-10-10,WCRFPUS2,美国原油产量,8951.0,千桶/日,895.1
2014-10-17,WCRFPUS2,美国原油产量,8934.0,千桶/日,893.4
2014-10-24,WCRFPUS2,美国原油产量,8970.0,千桶/日,897.0
2014-10-31,WCRFPUS2,美国原油产量,8972.0,千桶/日,897.2
2014-11-07,WCRFPUS2,美国原油产量,9063.0,千桶/日,906.3
2014-11-14,WCRFPUS2,美国原油产量,9004.0,千桶/日,900.4
2014-11-21,WCRFPUS2,美国原油产量,9077.0,千桶/日,907.7
2014-11-28,WCRFPUS2,美国原油产量,9083.0,千桶/日,908.3
2014-12-05,WCRFPUS2,美国原油产量,9118.0,千桶/日,911.8
2014-12-12,WCRFPUS2,美国原油产量,9137.0,千桶/日,913.7
2014-12-19,WCRFPUS2,美国原油产量,9127.0,千桶/日,912.7
2014-12-26,WCRFPUS2,美国原油产量,9121.0,千桶/日,912.1
2015-01-02,WCRFPUS2,美国原油产量,9132.0,千桶/日,913.2
2015-01-09,WCRFPUS2,美国原油产量,9192.0,千桶/日,919.2
2015-01-16,WCRFPUS2,美国原油产量,9186.0,千桶/日,918.6
2015-01-23,WCRFPUS2,美国原油产量,9213.0,千桶/日,921.3
2015-01-30,WCRFPUS2,美国原油产量,9177.0,千桶/日,917.7
2015-02-06,WCRFPUS2,美国原油产量,9226.0,千桶/日,922.6
2015-02-13,WCRFPUS2,美国原油产量,9280.0,千桶/日,928.0
2015-02-20,WCRFPUS2,美国原油产量,9285.0,千桶/日,928.5
2015-02-27,WCRFPUS2,美国原油产量,9324.0,千桶/日,932.4
2015-03-06,WCRFPUS2,美国原油产量,9366.0,千桶/日,936.6
2015-03-13,WCRFPUS2,美国原油产量,9419.0,千桶/日,941.9
2015-03-20,WCRFPUS2,美国原油产量,9422.0,千桶/日,942.2
2015-03-27,WCRFPUS2,美国原油产量,9386.0,千桶/日,938.6
2015-04-03,WCRFPUS2,美国原油产量,9404.0,千桶/日,940.4
2015-04-10,WCRFPUS2,美国原油产量,9384.0,千桶/日,938.4
2015-04-17,WCRFPUS2,美国原油产量,9366.0,千桶/日,936.6
2015-04-24,WCRFPUS2,美国原油产量,9373.0,千桶/日,937.3
2015-05-01,WCRFPUS2,美国原油产量,9369.0,千桶/日,936.9
2015-05-08,WCRFPUS2,美国原油产量,9374.0,千桶/日,937.4
2015-05-15,WCRFPUS2,美国原油产量,9262.0,千桶/日,926.2
2015-05-22,WCRFPUS2,美国原油产量,9566.0,千桶/日,956.6
2015-05-29,WCRFPUS2,美国原油产量,9586.0,千桶/日,958.6
2015-06-05,WCRFPUS2,美国原油产量,9610.0,千桶/日,961.0
2015-06-12,WCRFPUS2,美国原油产量,9589.0,千桶/日,958.9
2015-06-19,WCRFPUS2,美国原油产量,9604.0,千桶/日,960.4
2015-06-26,WCRFPUS2,美国原油产量,9595.0,千桶/日,959.5
2015-07-03,WCRFPUS2,美国原油产量,9604.0,千桶/日,960.4
2015-07-10,WCRFPUS2,美国原油产量,9562.0,千桶/日,956.2
2015-07-17,WCRFPUS2,美国原油产量,9558.0,千桶/日,955.8
2015-07-24,WCRFPUS2,美国原油产量,9413.0,千桶/日,941.3
2015-07-31,WCRFPUS2,美国原油产量,9465.0,千桶/日,946.5
2015-08-07,WCRFPUS2,美国原油产量,9395.0,千桶/日,939.5
2015-08-14,WCRFPUS2,美国原油产量,9348.0,千桶/日,934.8
2015-08-21,WCRFPUS2,美国原油产量,9337.0,千桶/日,933.7
2015-08-28,WCRFPUS2,美国原油产量,9218.0,千桶/日,921.8
2015-09-04,WCRFPUS2,美国原油产量,9135.0,千桶/日,913.5
2015-09-11,WCRFPUS2,美国原油产量,9117.0,千桶/日,911.7
2015-09-18,WCRFPUS2,美国原油产量,9136.0,千桶/日,913.6
2015-09-25,WCRFPUS2,美国原油产量,9096.0,千桶/日,909.6
2015-10-02,WCRFPUS2,美国原油产量,9172.0,千桶/日,917.2
2015-10-09,WCRFPUS2,美国原油产量,9096.0,千桶/日,909.6
2015-10-16,WCRFPUS2,美国原油产量,9096.0,千桶/日,909.6
2015-10-23,WCRFPUS2,美国原油产量,9112.0,千桶/日,911.2
2015-10-30,WCRFPUS2,美国原油产量,9160.0,千桶/日,916.0
2015-11-06,WCRFPUS2,美国原油产量,9185.0,千桶/日,918.5
2015-11-13,WCRFPUS2,美国原油产量,9182.0,千桶/日,918.2
2015-11-20,WCRFPUS2,美国原油产量,9165.0,千桶/日,916.5
2015-11-27,WCRFPUS2,美国原油产量,9202.0,千桶/日,920.2
2015-12-04,WCRFPUS2,美国原油产量,9164.0,千桶/日,916.4
2015-12-11,WCRFPUS2,美国原油产量,9176.0,千桶/日,917.6
2015-12-18,WCRFPUS2,美国原油产量,9179.0,千桶/日,917.9
2015-12-25,WCRFPUS2,美国原油产量,9202.0,千桶/日,920.2
2016-01-01,WCRFPUS2,美国原油产量,9219.0,千桶/日,921.9
2016-01-08,WCRFPUS2,美国原油产量,9227.0,千桶/日,922.7
2016-01-15,WCRFPUS2,美国原油产量,9235.0,千桶/日,923.5
2016-01-22,WCRFPUS2,美国原油产量,9221.0,千桶/日,922.1
2016-01-29,WCRFPUS2,美国原油产量,9214.0,千桶/日,921.4
2016-02-05,WCRFPUS2,美国原油产量,9186.0,千桶/日,918.6
2016-02-12,WCRFPUS2,美国原油产量,9135.0,千桶/日,913.5
2016-02-19,WCRFPUS2,美国原油产量,9102.0,千桶/日,910.2
2016-02-26,WCRFPUS2,美国原油产量,9077.0,千桶/日,907.7
2016-03-04,WCRFPUS2,美国原油产量,9078.0,千桶/日,907.8
2016-03-11,WCRFPUS2,美国原油产量,9068.0,千桶/日,906.8
2016-03-18,WCRFPUS2,美国原油产量,9038.0,千桶/日,903.8
2016-03-25,WCRFPUS2,美国原油产量,9022.0,千桶/日,902.2
2016-04-01,WCRFPUS2,美国原油产量,9008.0,千桶/日,900.8
2016-04-08,WCRFPUS2,美国原油产量,8977.0,千桶/日,897.7
2016-04-15,WCRFPUS2,美国原油产量,8953.0,千桶/日,895.3
2016-04-22,WCRFPUS2,美国原油产量,8938.0,千桶/日,893.8
2016-04-29,WCRFPUS2,美国原油产量,8825.0,千桶/日,882.5
2016-05-06,WCRFPUS2,美国原油产量,8802.0,千桶/日,880.2
2016-05-13,WCRFPUS2,美国原油产量,8791.0,千桶/日,879.1
2016-05-20,WCRFPUS2,美国原油产量,8767.0,千桶/日,876.7
2016-05-27,WCRFPUS2,美国原油产量,8735.0,千桶/日,873.5
2016-06-03,WCRFPUS2,美国原油产量,8745.0,千桶/日,874.5
2016-06-10,WCRFPUS2,美国原油产量,8716.0,千桶/日,871.6
2016-06-17,WCRFPUS2,美国原油产量,8677.0,千桶/日,867.7
2016-06-24,WCRFPUS2,美国原油产量,8622.0,千桶/日,862.2
2016-07-01,WCRFPUS2,美国原油产量,8428.0,千桶/日,842.8
2016-07-08,WCRFPUS2,美国原油产量,8485.0,千桶/日,848.5
2016-07-15,WCRFPUS2,美国原油产量,8494.0,千桶/日,849.4
2016-07-22,WCRFPUS2,美国原油产量,8515.0,千桶/日,851.5
2016-07-29,WCRFPUS2,美国原油产量,8460.0,千桶/日,846.0
2016-08-05,WCRFPUS2,美国原油产量,8445.0,千桶/日,844.5
2016-08-12,WCRFPUS2,美国原油产量,8597.0,千桶/日,859.7
2016-08-19,WCRFPUS2,美国原油产量,8548.0,千桶/日,854.8
2016-08-26,WCRFPUS2,美国原油产量,8488.0,千桶/日,848.8
2016-09-02,WCRFPUS2,美国原油产量,8458.0,千桶/日,845.8
2016-09-09,WCRFPUS2,美国原油产量,8493.0,千桶/日,849.3
2016-09-16,WCRFPUS2,美国原油产量,8512.0,千桶/日,851.2
2016-09-23,WCRFPUS2,美国原油产量,8497.0,千桶/日,849.7
2016-09-30,WCRFPUS2,美国原油产量,8467.0,千桶/日,846.7
2016-10-07,WCRFPUS2,美国原油产量,8450.0,千桶/日,845.0
2016-10-14,WCRFPUS2,美国原油产量,8464.0,千桶/日,846.4
2016-10-21,WCRFPUS2,美国原油产量,8504.0,千桶/日,850.4
2016-10-28,WCRFPUS2,美国原油产量,8522.0,千桶/日,852.2
2016-11-04,WCRFPUS2,美国原油产量,8692.0,千桶/日,869.2
2016-11-11,WCRFPUS2,美国原油产量,8681.0,千桶/日,868.1
2016-11-18,WCRFPUS2,美国原油产量,8690.0,千桶/日,869.0
2016-11-25,WCRFPUS2,美国原油产量,8699.0,千桶/日,869.9
2016-12-02,WCRFPUS2,美国原油产量,8697.0,千桶/日,869.7
2016-12-09,WCRFPUS2,美国原油产量,8796.0,千桶/日,879.6
2016-12-16,WCRFPUS2,美国原油产量,8786.0,千桶/日,878.6
2016-12-23,WCRFPUS2,美国原油产量,8766.0,千桶/日,876.6
2016-12-30,WCRFPUS2,美国原油产量,8770.0,千桶/日,877.0
2017-01-06,WCRFPUS2,美国原油产量,8946.0,千桶/日,894.6
2017-01-13,WCRFPUS2,美国原油产量,8944.0,千桶/日,894.4
2017-01-20,WCRFPUS2,美国原油产量,8961.0,千桶/日,896.1
2017-01-27,WCRFPUS2,美国原油产量,8915.0,千桶/日,891.5
2017-02-03,WCRFPUS2,美国原油产量,8978.0,千桶/日,897.8
2017-02-10,WCRFPUS2,美国原油产量,8977.0,千桶/日,897.7
2017-02-17,WCRFPUS2,美国原油产量,9001.0,千桶/日,900.1
2017-02-24,WCRFPUS2,美国原油产量,9032.0,千桶/日,903.2
2017-03-03,WCRFPUS2,美国原油产量,9088.0,千桶/日,908.8
2017-03-10,WCRFPUS2,美国原油产量,9109.0,千桶/日,910.9
2017-03-17,WCRFPUS2,美国原油产量,9129.0,千桶/日,912.9
2017-03-24,WCRFPUS2,美国原油产量,9147.0,千桶/日,914.7
2017-03-31,WCRFPUS2,美国原油产量,9199.0,千桶/日,919.9
2017-04-07,WCRFPUS2,美国原油产量,9235.0,千桶/日,923.5
2017-04-14,WCRFPUS2,美国原油产量,9252.0,千桶/日,925.2
2017-04-21,WCRFPUS2,美国原油产量,9265.0,千桶/日,926.5
2017-04-28,WCRFPUS2,美国原油产量,9293.0,千桶/日,929.3
2017-05-05,WCRFPUS2,美国原油产量,9314.0,千桶/日,931.4
2017-05-12,WCRFPUS2,美国原油产量,9305.0,千桶/日,930.5
2017-05-19,WCRFPUS2,美国原油产量,9320.0,千桶/日,932.0
2017-05-26,WCRFPUS2,美国原油产量,9342.0,千桶/日,934.2
2017-06-02,WCRFPUS2,美国原油产量,9318.0,千桶/日,931.8
2017-06-09,WCRFPUS2,美国原油产量,9330.0,千桶/日,933.0
2017-06-16,WCRFPUS2,美国原油产量,9350.0,千桶/日,935.0
2017-06-23,WCRFPUS2,美国原油产量,9250.0,千桶/日,925.0
2017-06-30,WCRFPUS2,美国原油产量,9338.0,千桶/日,933.8
2017-07-07,WCRFPUS2,美国原油产量,9397.0,千桶/日,939.7
2017-07-14,WCRFPUS2,美国原油产量,9429.0,千桶/日,942.9
2017-07-21,WCRFPUS2,美国原油产量,9410.0,千桶/日,941.0
2017-07-28,WCRFPUS2,美国原油产量,9430.0,千桶/日,943.0
2017-08-04,WCRFPUS2,美国原油产量,9423.0,千桶/日,942.3
2017-08-11,WCRFPUS2,美国原油产量,9502.0,千桶/日,950.2
2017-08-18,WCRFPUS2,美国原油产量,9528.0,千桶/日,952.8
2017-08-25,WCRFPUS2,美国原油产量,9530.0,千桶/日,953.0
2017-09-01,WCRFPUS2,美国原油产量,8781.0,千桶/日,878.1
2017-09-08,WCRFPUS2,美国原油产量,9353.0,千桶/日,935.3
2017-09-15,WCRFPUS2,美国原油产量,9510.0,千桶/日,951.0
2017-09-22,WCRFPUS2,美国原油产量,9547.0,千桶/日,954.7
2017-09-29,WCRFPUS2,美国原油产量,9561.0,千桶/日,956.1
2017-10-06,WCRFPUS2,美国原油产量,9480.0,千桶/日,948.0
2017-10-13,WCRFPUS2,美国原油产量,8406.0,千桶/日,840.6
2017-10-20,WCRFPUS2,美国原油产量,9507.0,千桶/日,950.7
2017-10-27,WCRFPUS2,美国原油产量,9553.0,千桶/日,955.3
2017-11-03,WCRFPUS2,美国原油产量,9620.0,千桶/日,962.0
2017-11-10,WCRFPUS2,美国原油产量,9645.0,千桶/日,964.5
2017-11-17,WCRFPUS2,美国原油产量,9658.0,千桶/日,965.8
2017-11-24,WCRFPUS2,美国原油产量,9682.0,千桶/日,968.2
2017-12-01,WCRFPUS2,美国原油产量,9707.0,千桶/日,970.7
2017-12-08,WCRFPUS2,美国原油产量,9780.0,千桶/日,978.0
2017-12-15,WCRFPUS2,美国原油产量,9789.0,千桶/日,978.9
2017-12-22,WCRFPUS2,美国原油产量,9754.0,千桶/日,975.4
2017-12-29,WCRFPUS2,美国原油产量,9782.0,千桶/日,978.2
2018-01-05,WCRFPUS2,美国原油产量,9492.0,千桶/日,949.2
2018-01-12,WCRFPUS2,美国原油产量,9750.0,千桶/日,975.0
2018-01-19,WCRFPUS2,美国原油产量,9878.0,千桶/日,987.8
2018-01-26,WCRFPUS2,美国原油产量,9919.0,千桶/日,991.9
2018-02-02,WCRFPUS2,美国原油产量,10251.0,千桶/日,1025.1
2018-02-09,WCRFPUS2,美国原油产量,10271.0,千桶/日,1027.1
2018-02-16,WCRFPUS2,美国原油产量,10270.0,千桶/日,1027.0
2018-02-23,WCRFPUS2,美国原油产量,10283.0,千桶/日,1028.3
2018-03-02,WCRFPUS2,美国原油产量,10369.0,千桶/日,1036.9
2018-03-09,WCRFPUS2,美国原油产量,10381.0,千桶/日,1038.1
2018-03-16,WCRFPUS2,美国原油产量,10407.0,千桶/日,1040.7
2018-03-23,WCRFPUS2,美国原油产量,10433.0,千桶/日,1043.3
2018-03-30,WCRFPUS2,美国原油产量,10460.0,千桶/日,1046.0
2018-04-06,WCRFPUS2,美国原油产量,10525.0,千桶/日,1052.5
2018-04-13,WCRFPUS2,美国原油产量,10540.0,千桶/日,1054.0
2018-04-20,WCRFPUS2,美国原油产量,10586.0,千桶/日,1058.6
2018-04-27,WCRFPUS2,美国原油产量,10619.0,千桶/日,1061.9
2018-05-04,WCRFPUS2,美国原油产量,10703.0,千桶/日,1070.3
2018-05-11,WCRFPUS2,美国原油产量,10723.0,千桶/日,1072.3
2018-05-18,WCRFPUS2,美国原油产量,10725.0,千桶/日,1072.5
2018-05-25,WCRFPUS2,美国原油产量,10769.0,千桶/日,1076.9
2018-06-01,WCRFPUS2,美国原油产量,10800.0,千桶/日,1080.0
2018-06-08,WCRFPUS2,美国原油产量,10900.0,千桶/日,1090.0
2018-06-15,WCRFPUS2,美国原油产量,10900.0,千桶/日,1090.0
2018-06-22,WCRFPUS2,美国原油产量,10900.0,千桶/日,1090.0
2018-06-29,WCRFPUS2,美国原油产量,10900.0,千桶/日,1090.0
2018-07-06,WCRFPUS2,美国原油产量,10900.0,千桶/日,1090.0
2018-07-13,WCRFPUS2,美国原油产量,11000.0,千桶/日,1100.0
2018-07-20,WCRFPUS2,美国原油产量,11000.0,千桶/日,1100.0
2018-07-27,WCRFPUS2,美国原油产量,10900.0,千桶/日,1090.0
2018-08-03,WCRFPUS2,美国原油产量,10800.0,千桶/日,1080.0
2018-08-10,WCRFPUS2,美国原油产量,10900.0,千桶/日,1090.0
2018-08-17,WCRFPUS2,美国原油产量,11000.0,千桶/日,1100.0
2018-08-24,WCRFPUS2,美国原油产量,11000.0,千桶/日,1100.0
2018-08-31,WCRFPUS2,美国原油产量,11000.0,千桶/日,1100.0
2018-09-07,WCRFPUS2,美国原油产量,10900.0,千桶/日,1090.0
2018-09-14,WCRFPUS2,美国原油产量,11000.0,千桶/日,1100.0
2018-09-21,WCRFPUS2,美国原油产量,11100.0,千桶/日,1110.0
2018-09-28,WCRFPUS2,美国原油产量,11100.0,千桶/日,1110.0
2018-10-05,WCRFPUS2,美国原油产量,11200.0,千桶/日,1120.0
2018-10-12,WCRFPUS2,美国原油产量,10900.0,千桶/日,1090.0
2018-10-19,WCRFPUS2,美国原油产量,10900.0,千桶/日,1090.0
2018-10-26,WCRFPUS2,美国原油产量,11200.0,千桶/日,1120.0
2018-11-02,WCRFPUS2,美国原油产量,11600.0,千桶/日,1160.0
2018-11-09,WCRFPUS2,美国原油产量,11700.0,千桶/日,1170.0
2018-11-16,WCRFPUS2,美国原油产量,11700.0,千桶/日,1170.0
2018-11-23,WCRFPUS2,美国原油产量,11700.0,千桶/日,1170.0
2018-11-30,WCRFPUS2,美国原油产量,11700.0,千桶/日,1170.0
2018-12-07,WCRFPUS2,美国原油产量,11600.0,千桶/日,1160.0
2018-12-14,WCRFPUS2,美国原油产量,11600.0,千桶/日,1160.0
2018-12-21,WCRFPUS2,美国原油产量,11700.0,千桶/日,1170.0
2018-12-28,WCRFPUS2,美国原油产量,11700.0,千桶/日,1170.0
2019-01-04,WCRFPUS2,美国原油产量,11700.0,千桶/日,1170.0
2019-01-11,WCRFPUS2,美国原油产量,11900.0,千桶/日,1190.0
2019-01-18,WCRFPUS2,美国原油产量,11900.0,千桶/日,1190.0
2019-01-25,WCRFPUS2,美国原油产量,11900.0,千桶/日,1190.0
2019-02-01,WCRFPUS2,美国原油产量,11900.0,千桶/日,1190.0
2019-02-08,WCRFPUS2,美国原油产量,11900.0,千桶/日,1190.0
2019-02-15,WCRFPUS2,美国原油产量,12000.0,千桶/日,1200.0
2019-02-22,WCRFPUS2,美国原油产量,12100.0,千桶/日,1210.0
2019-03-01,WCRFPUS2,美国原油产量,12100.0,千桶/日,1210.0
2019-03-08,WCRFPUS2,美国原油产量,12000.0,千桶/日,1200.0
2019-03-15,WCRFPUS2,美国原油产量,12100.0,千桶/日,1210.0
2019-03-22,WCRFPUS2,美国原油产量,12100.0,千桶/日,1210.0
2019-03-29,WCRFPUS2,美国原油产量,12200.0,千桶/日,1220.0
2019-04-05,WCRFPUS2,美国原油产量,12200.0,千桶/日,1220.0
2019-04-12,WCRFPUS2,美国原油产量,12100.0,千桶/日,1210.0
2019-04-19,WCRFPUS2,美国原油产量,12200.0,千桶/日,1220.0
2019-04-26,WCRFPUS2,美国原油产量,12300.0,千桶/日,1230.0
2019-05-03,WCRFPUS2,美国原油产量,12200.0,千桶/日,1220.0
2019-05-10,WCRFPUS2,美国原油产量,12100.0,千桶/日,1210.0
2019-05-17,WCRFPUS2,美国原油产量,12200.0,千桶/日,1220.0
2019-05-24,WCRFPUS2,美国原油产量,12300.0,千桶/日,1230.0
2019-05-31,WCRFPUS2,美国原油产量,12400.0,千桶/日,1240.0
2019-06-07,WCRFPUS2,美国原油产量,12300.0,千桶/日,1230.0
2019-06-14,WCRFPUS2,美国原油产量,12200.0,千桶/日,1220.0
2019-06-21,WCRFPUS2,美国原油产量,12100.0,千桶/日,1210.0
2019-06-28,WCRFPUS2,美国原油产量,12200.0,千桶/日,1220.0
2019-07-05,WCRFPUS2,美国原油产量,12300.0,千桶/日,1230.0
2019-07-12,WCRFPUS2,美国原油产量,12000.0,千桶/日,1200.0
2019-07-19,WCRFPUS2,美国原油产量,11300.0,千桶/日,1130.0
2019-07-26,WCRFPUS2,美国原油产量,12200.0,千桶/日,1220.0
2019-08-02,WCRFPUS2,美国原油产量,12300.0,千桶/日,1230.0
2019-08-09,WCRFPUS2,美国原油产量,12300.0,千桶/日,1230.0
2019-08-16,WCRFPUS2,美国原油产量,12300.0,千桶/日,1230.0
2019-08-23,WCRFPUS2,美国原油产量,12500.0,千桶/日,1250.0
2019-08-30,WCRFPUS2,美国原油产量,12400.0,千桶/日,1240.0
2019-09-06,WCRFPUS2,美国原油产量,12400.0,千桶/日,1240.0
2019-09-13,WCRFPUS2,美国原油产量,12400.0,千桶/日,1240.0
2019-09-20,WCRFPUS2,美国原油产量,12500.0,千桶/日,1250.0
2019-09-27,WCRFPUS2,美国原油产量,12400.0,千桶/日,1240.0
2019-10-04,WCRFPUS2,美国原油产量,12600.0,千桶/日,1260.0
2019-10-11,WCRFPUS2,美国原油产量,12600.0,千桶/日,1260.0
2019-10-18,WCRFPUS2,美国原油产量,12600.0,千桶/日,1260.0
2019-10-25,WCRFPUS2,美国原油产量,12600.0,千桶/日,1260.0
2019-11-01,WCRFPUS2,美国原油产量,12600.0,千桶/日,1260.0
2019-11-08,WCRFPUS2,美国原油产量,12800.0,千桶/日,1280.0
2019-11-15,WCRFPUS2,美国原油产量,12800.0,千桶/日,1280.0
2019-11-22,WCRFPUS2,美国原油产量,12900.0,千桶/日,1290.0
2019-11-29,WCRFPUS2,美国原油产量,12900.0,千桶/日,1290.0
2019-12-06,WCRFPUS2,美国原油产量,12800.0,千桶/日,1280.0
2019-12-13,WCRFPUS2,美国原油产量,12800.0,千桶/日,1280.0
2019-12-20,WCRFPUS2,美国原油产量,12900.0,千桶/日,1290.0
2019-12-27,WCRFPUS2,美国原油产量,12900.0,千桶/日,1290.0
2020-01-03,WCRFPUS2,美国原油产量,12900.0,千桶/日,1290.0
2020-01-10,WCRFPUS2,美国原油产量,13000.0,千桶/日,1300.0
2020-01-17,WCRFPUS2,美国原油产量,13000.0,千桶/日,1300.0
2020-01-24,WCRFPUS2,美国原油产量,13000.0,千桶/日,1300.0
2020-01-31,WCRFPUS2,美国原油产量,12900.0,千桶/日,1290.0
2020-02-07,WCRFPUS2,美国原油产量,13000.0,千桶/日,1300.0
2020-02-14,WCRFPUS2,美国原油产量,13000.0,千桶/日,1300.0
2020-02-21,WCRFPUS2,美国原油产量,13000.0,千桶/日,1300.0
2020-02-28,WCRFPUS2,美国原油产量,13100.0,千桶/日,1310.0
2020-03-06,WCRFPUS2,美国原油产量,13000.0,千桶/日,1300.0
2020-03-13,WCRFPUS2,美国原油产量,13100.0,千桶/日,1310.0
2020-03-20,WCRFPUS2,美国原油产量,13000.0,千桶/日,1300.0
2020-03-27,WCRFPUS2,美国原油产量,13000.0,千桶/日,1300.0
2020-04-03,WCRFPUS2,美国原油产量,12400.0,千桶/日,1240.0
2020-04-10,WCRFPUS2,美国原油产量,12300.0,千桶/日,1230.0
2020-04-17,WCRFPUS2,美国原油产量,12200.0,千桶/日,1220.0
2020-04-24,WCRFPUS2,美国原油产量,12100.0,千桶/日,1210.0
2020-05-01,WCRFPUS2,美国原油产量,11900.0,千桶/日,1190.0
2020-05-08,WCRFPUS2,美国原油产量,11600.0,千桶/日,1160.0
2020-05-15,WCRFPUS2,美国原油产量,11500.0,千桶/日,1150.0
2020-05-22,WCRFPUS2,美国原油产量,11400.0,千桶/日,1140.0
2020-05-29,WCRFPUS2,美国原油产量,11200.0,千桶/日,1120.0
2020-06-05,WCRFPUS2,美国原油产量,11100.0,千桶/日,1110.0
2020-06-12,WCRFPUS2,美国原油产量,10500.0,千桶/日,1050.0
2020-06-19,WCRFPUS2,美国原油产量,11000.0,千桶/日,1100.0
2020-06-26,WCRFPUS2,美国原油产量,11000.0,千桶/日,1100.0
2020-07-03,WCRFPUS2,美国原油产量,11000.0,千桶/日,1100.0
2020-07-10,WCRFPUS2,美国原油产量,11000.0,千桶/日,1100.0
2020-07-17,WCRFPUS2,美国原油产量,11100.0,千桶/日,1110.0
2020-07-24,WCRFPUS2,美国原油产量,11100.0,千桶/日,1110.0
2020-07-31,WCRFPUS2,美国原油产量,11000.0,千桶/日,1100.0
2020-08-07,WCRFPUS2,美国原油产量,10700.0,千桶/日,1070.0
2020-08-14,WCRFPUS2,美国原油产量,10700.0,千桶/日,1070.0
2020-08-21,WCRFPUS2,美国原油产量,10800.0,千桶/日,1080.0
2020-08-28,WCRFPUS2,美国原油产量,9700.0,千桶/日,970.0
2020-09-04,WCRFPUS2,美国原油产量,10000.0,千桶/日,1000.0
2020-09-11,WCRFPUS2,美国原油产量,10900.0,千桶/日,1090.0
2020-09-18,WCRFPUS2,美国原油产量,10700.0,千桶/日,1070.0
2020-09-25,WCRFPUS2,美国原油产量,10700.0,千桶/日,1070.0
2020-10-02,WCRFPUS2,美国原油产量,11000.0,千桶/日,1100.0
2020-10-09,WCRFPUS2,美国原油产量,10500.0,千桶/日,1050.0
2020-10-16,WCRFPUS2,美国原油产量,9900.0,千桶/日,990.0
2020-10-23,WCRFPUS2,美国原油产量,11100.0,千桶/日,1110.0
2020-10-30,WCRFPUS2,美国原油产量,10500.0,千桶/日,1050.0
2020-11-06,WCRFPUS2,美国原油产量,10500.0,千桶/日,1050.0
2020-11-13,WCRFPUS2,美国原油产量,10900.0,千桶/日,1090.0
2020-11-20,WCRFPUS2,美国原油产量,11000.0,千桶/日,1100.0
2020-11-27,WCRFPUS2,美国原油产量,11100.0,千桶/日,1110.0
2020-12-04,WCRFPUS2,美国原油产量,11100.0,千桶/日,1110.0
2020-12-11,WCRFPUS2,美国原油产量,11000.0,千桶/日,1100.0
2020-12-18,WCRFPUS2,美国原油产量,11000.0,千桶/日,1100.0
2020-12-25,WCRFPUS2,美国原油产量,11000.0,千桶/日,1100.0
2021-01-01,WCRFPUS2,美国原油产量,11000.0,千桶/日,1100.0
2021-01-08,WCRFPUS2,美国原油产量,11000.0,千桶/日,1100.0
2021-01-15,WCRFPUS2,美国原油产量,11000.0,千桶/日,1100.0
2021-01-22,WCRFPUS2,美国原油产量,10900.0,千桶/日,1090.0
2021-01-29,WCRFPUS2,美国原油产量,10900.0,千桶/日,1090.0
2021-02-05,WCRFPUS2,美国原油产量,11000.0,千桶/日,1100.0
2021-02-12,WCRFPUS2,美国原油产量,10800.0,千桶/日,1080.0
2021-02-19,WCRFPUS2,美国原油产量,9700.0,千桶/日,970.0
2021-02-26,WCRFPUS2,美国原油产量,10000.0,千桶/日,1000.0
2021-03-05,WCRFPUS2,美国原油产量,10900.0,千桶/日,1090.0
2021-03-12,WCRFPUS2,美国原油产量,10900.0,千桶/日,1090.0
2021-03-19,WCRFPUS2,美国原油产量,11000.0,千桶/日,1100.0
2021-03-26,WCRFPUS2,美国原油产量,11100.0,千桶/日,1110.0
2021-04-02,WCRFPUS2,美国原油产量,10900.0,千桶/日,1090.0
2021-04-09,WCRFPUS2,美国原油产量,11000.0,千桶/日,1100.0
2021-04-16,WCRFPUS2,美国原油产量,11000.0,千桶/日,1100.0
2021-04-23,WCRFPUS2,美国原油产量,10900.0,千桶/日,1090.0
2021-04-30,WCRFPUS2,美国原油产量,10900.0,千桶/日,1090.0
2021-05-07,WCRFPUS2,美国原油产量,11000.0,千桶/日,1100.0
2021-05-14,WCRFPUS2,美国原油产量,11000.0,千桶/日,1100.0
2021-05-21,WCRFPUS2,美国原油产量,11000.0,千桶/日,1100.0
2021-05-28,WCRFPUS2,美国原油产量,10800.0,千桶/日,1080.0
2021-06-04,WCRFPUS2,美国原油产量,11000.0,千桶/日,1100.0
2021-06-11,WCRFPUS2,美国原油产量,11200.0,千桶/日,1120.0
2021-06-18,WCRFPUS2,美国原油产量,11100.0,千桶/日,1110.0
2021-06-25,WCRFPUS2,美国原油产量,11100.0,千桶/日,1110.0
2021-07-02,WCRFPUS2,美国原油产量,11300.0,千桶/日,1130.0
2021-07-09,WCRFPUS2,美国原油产量,11400.0,千桶/日,1140.0
2021-07-16,WCRFPUS2,美国原油产量,11400.0,千桶/日,1140.0
2021-07-23,WCRFPUS2,美国原油产量,11200.0,千桶/日,1120.0
2021-07-30,WCRFPUS2,美国原油产量,11200.0,千桶/日,1120.0
2021-08-06,WCRFPUS2,美国原油产量,11300.0,千桶/日,1130.0
2021-08-13,WCRFPUS2,美国原油产量,11400.0,千桶/日,1140.0
2021-08-20,WCRFPUS2,美国原油产量,11400.0,千桶/日,1140.0
2021-08-27,WCRFPUS2,美国原油产量,11500.0,千桶/日,1150.0
2021-09-03,WCRFPUS2,美国原油产量,10000.0,千桶/日,1000.0
2021-09-10,WCRFPUS2,美国原油产量,10100.0,千桶/日,1010.0
2021-09-17,WCRFPUS2,美国原油产量,10600.0,千桶/日,1060.0
2021-09-24,WCRFPUS2,美国原油产量,11100.0,千桶/日,1110.0
2021-10-01,WCRFPUS2,美国原油产量,11300.0,千桶/日,1130.0
2021-10-08,WCRFPUS2,美国原油产量,11400.0,千桶/日,1140.0
2021-10-15,WCRFPUS2,美国原油产量,11300.0,千桶/日,1130.0
2021-10-22,WCRFPUS2,美国原油产量,11300.0,千桶/日,1130.0
2021-10-29,WCRFPUS2,美国原油产量,11500.0,千桶/日,1150.0
2021-11-05,WCRFPUS2,美国原油产量,11500.0,千桶/日,1150.0
2021-11-12,WCRFPUS2,美国原油产量,11400.0,千桶/日,1140.0
2021-11-19,WCRFPUS2,美国原油产量,11500.0,千桶/日,1150.0
2021-11-26,WCRFPUS2,美国原油产量,11600.0,千桶/日,1160.0
2021-12-03,WCRFPUS2,美国原油产量,11700.0,千桶/日,1170.0
2021-12-10,WCRFPUS2,美国原油产量,11700.0,千桶/日,1170.0
2021-12-17,WCRFPUS2,美国原油产量,11600.0,千桶/日,1160.0
2021-12-24,WCRFPUS2,美国原油产量,11800.0,千桶/日,1180.0
2021-12-31,WCRFPUS2,美国原油产量,11800.0,千桶/日,1180.0
2022-01-07,WCRFPUS2,美国原油产量,11700.0,千桶/日,1170.0
2022-01-14,WCRFPUS2,美国原油产量,11700.0,千桶/日,1170.0
2022-01-21,WCRFPUS2,美国原油产量,11600.0,千桶/日,1160.0
2022-01-28,WCRFPUS2,美国原油产量,11500.0,千桶/日,1150.0
2022-02-04,WCRFPUS2,美国原油产量,11600.0,千桶/日,1160.0
2022-02-11,WCRFPUS2,美国原油产量,11600.0,千桶/日,1160.0
2022-02-18,WCRFPUS2,美国原油产量,11600.0,千桶/日,1160.0
2022-02-25,WCRFPUS2,美国原油产量,11600.0,千桶/日,1160.0
2022-03-04,WCRFPUS2,美国原油产量,11600.0,千桶/日,1160.0
2022-03-11,WCRFPUS2,美国原油产量,11600.0,千桶/日,1160.0
2022-03-18,WCRFPUS2,美国原油产量,11600.0,千桶/日,1160.0
2022-03-25,WCRFPUS2,美国原油产量,11700.0,千桶/日,1170.0
2022-04-01,WCRFPUS2,美国原油产量,11800.0,千桶/日,1180.0
2022-04-08,WCRFPUS2,美国原油产量,11800.0,千桶/日,1180.0
2022-04-15,WCRFPUS2,美国原油产量,11900.0,千桶/日,1190.0
2022-04-22,WCRFPUS2,美国原油产量,11900.0,千桶/日,1190.0
2022-04-29,WCRFPUS2,美国原油产量,11900.0,千桶/日,1190.0
2022-05-06,WCRFPUS2,美国原油产量,11800.0,千桶/日,1180.0
2022-05-13,WCRFPUS2,美国原油产量,11900.0,千桶/日,1190.0
2022-05-20,WCRFPUS2,美国原油产量,11900.0,千桶/日,1190.0
2022-05-27,WCRFPUS2,美国原油产量,11900.0,千桶/日,1190.0
2022-06-03,WCRFPUS2,美国原油产量,11900.0,千桶/日,1190.0
2022-06-10,WCRFPUS2,美国原油产量,12000.0,千桶/日,1200.0
2022-06-17,WCRFPUS2,美国原油产量,12000.0,千桶/日,1200.0
2022-06-24,WCRFPUS2,美国原油产量,12100.0,千桶/日,1210.0
2022-07-01,WCRFPUS2,美国原油产量,12100.0,千桶/日,1210.0
2022-07-08,WCRFPUS2,美国原油产量,12000.0,千桶/日,1200.0
2022-07-15,WCRFPUS2,美国原油产量,11900.0,千桶/日,1190.0
2022-07-22,WCRFPUS2,美国原油产量,12100.0,千桶/日,1210.0
2022-07-29,WCRFPUS2,美国原油产量,12100.0,千桶/日,1210.0
2022-08-05,WCRFPUS2,美国原油产量,12200.0,千桶/日,1220.0
2022-08-12,WCRFPUS2,美国原油产量,12100.0,千桶/日,1210.0
2022-08-19,WCRFPUS2,美国原油产量,12000.0,千桶/日,1200.0
2022-08-26,WCRFPUS2,美国原油产量,12100.0,千桶/日,1210.0
2022-09-02,WCRFPUS2,美国原油产量,12100.0,千桶/日,1210.0
2022-09-09,WCRFPUS2,美国原油产量,12100.0,千桶/日,1210.0
2022-09-16,WCRFPUS2,美国原油产量,12100.0,千桶/日,1210.0
2022-09-23,WCRFPUS2,美国原油产量,12000.0,千桶/日,1200.0
2022-09-30,WCRFPUS2,美国原油产量,12000.0,千桶/日,1200.0
2022-10-07,WCRFPUS2,美国原油产量,11900.0,千桶/日,1190.0
2022-10-14,WCRFPUS2,美国原油产量,12000.0,千桶/日,1200.0
2022-10-21,WCRFPUS2,美国原油产量,12000.0,千桶/日,1200.0
2022-10-28,WCRFPUS2,美国原油产量,11900.0,千桶/日,1190.0
2022-11-04,WCRFPUS2,美国原油产量,12100.0,千桶/日,1210.0
2022-11-11,WCRFPUS2,美国原油产量,12100.0,千桶/日,1210.0
2022-11-18,WCRFPUS2,美国原油产量,12100.0,千桶/日,1210.0
2022-11-25,WCRFPUS2,美国原油产量,12100.0,千桶/日,1210.0
2022-12-02,WCRFPUS2,美国原油产量,12200.0,千桶/日,1220.0
2022-12-09,WCRFPUS2,美国原油产量,12100.0,千桶/日,1210.0
2022-12-16,WCRFPUS2,美国原油产量,12100.0,千桶/日,1210.0
2022-12-23,WCRFPUS2,美国原油产量,12000.0,千桶/日,1200.0
2022-12-30,WCRFPUS2,美国原油产量,12100.0,千桶/日,1210.0
2023-01-06,WCRFPUS2,美国原油产量,12200.0,千桶/日,1220.0
2023-01-13,WCRFPUS2,美国原油产量,12200.0,千桶/日,1220.0
2023-01-20,WCRFPUS2,美国原油产量,12200.0,千桶/日,1220.0
2023-01-27,WCRFPUS2,美国原油产量,12200.0,千桶/日,1220.0
2023-02-03,WCRFPUS2,美国原油产量,12300.0,千桶/日,1230.0
2023-02-10,WCRFPUS2,美国原油产量,12300.0,千桶/日,1230.0
2023-02-17,WCRFPUS2,美国原油产量,12300.0,千桶/日,1230.0
2023-02-24,WCRFPUS2,美国原油产量,12300.0,千桶/日,1230.0
2023-03-03,WCRFPUS2,美国原油产量,12200.0,千桶/日,1220.0
2023-03-10,WCRFPUS2,美国原油产量,12200.0,千桶/日,1220.0
2023-03-17,WCRFPUS2,美国原油产量,12300.0,千桶/日,1230.0
2023-03-24,WCRFPUS2,美国原油产量,12200.0,千桶/日,1220.0
2023-03-31,WCRFPUS2,美国原油产量,12200.0,千桶/日,1220.0
2023-04-07,WCRFPUS2,美国原油产量,12300.0,千桶/日,1230.0
2023-04-14,WCRFPUS2,美国原油产量,12300.0,千桶/日,1230.0
2023-04-21,WCRFPUS2,美国原油产量,12200.0,千桶/日,1220.0
2023-04-28,WCRFPUS2,美国原油产量,12300.0,千桶/日,1230.0
2023-05-05,WCRFPUS2,美国原油产量,12300.0,千桶/日,1230.0
2023-05-12,WCRFPUS2,美国原油产量,12200.0,千桶/日,1220.0
2023-05-19,WCRFPUS2,美国原油产量,12300.0,千桶/日,1230.0
2023-05-26,WCRFPUS2,美国原油产量,12200.0,千桶/日,1220.0
2023-06-02,WCRFPUS2,美国原油产量,12400.0,千桶/日,1240.0
2023-06-09,WCRFPUS2,美国原油产量,12400.0,千桶/日,1240.0
2023-06-16,WCRFPUS2,美国原油产量,12200.0,千桶/日,1220.0
2023-06-23,WCRFPUS2,美国原油产量,12200.0,千桶/日,1220.0
2023-06-30,WCRFPUS2,美国原油产量,12400.0,千桶/日,1240.0
2023-07-07,WCRFPUS2,美国原油产量,12300.0,千桶/日,1230.0
2023-07-14,WCRFPUS2,美国原油产量,12300.0,千桶/日,1230.0
2023-07-21,WCRFPUS2,美国原油产量,12200.0,千桶/日,1220.0
2023-07-28,WCRFPUS2,美国原油产量,12200.0,千桶/日,1220.0
2023-08-04,WCRFPUS2,美国原油产量,12600.0,千桶/日,1260.0
2023-08-11,WCRFPUS2,美国原油产量,12700.0,千桶/日,1270.0
2023-08-18,WCRFPUS2,美国原油产量,12800.0,千桶/日,1280.0
2023-08-25,WCRFPUS2,美国原油产量,12800.0,千桶/日,1280.0
2023-09-01,WCRFPUS2,美国原油产量,12800.0,千桶/日,1280.0
2023-09-08,WCRFPUS2,美国原油产量,12900.0,千桶/日,1290.0
2023-09-15,WCRFPUS2,美国原油产量,12900.0,千桶/日,1290.0
2023-09-22,WCRFPUS2,美国原油产量,12900.0,千桶/日,1290.0
2023-09-29,WCRFPUS2,美国原油产量,12900.0,千桶/日,1290.0
2023-10-06,WCRFPUS2,美国原油产量,13200.0,千桶/日,1320.0
2023-10-13,WCRFPUS2,美国原油产量,13200.0,千桶/日,1320.0
2023-10-20,WCRFPUS2,美国原油产量,13200.0,千桶/日,1320.0
2023-10-27,WCRFPUS2,美国原油产量,13200.0,千桶/日,1320.0
2023-11-03,WCRFPUS2,美国原油产量,13200.0,千桶/日,1320.0
2023-11-10,WCRFPUS2,美国原油产量,13200.0,千桶/日,1320.0
2023-11-17,WCRFPUS2,美国原油产量,13200.0,千桶/日,1320.0
2023-11-24,WCRFPUS2,美国原油产量,13200.0,千桶/日,1320.0
2023-12-01,WCRFPUS2,美国原油产量,13100.0,千桶/日,1310.0
2023-12-08,WCRFPUS2,美国原油产量,13100.0,千桶/日,1310.0
2023-12-15,WCRFPUS2,美国原油产量,13300.0,千桶/日,1330.0
2023-12-22,WCRFPUS2,美国原油产量,13300.0,千桶/日,1330.0
2023-12-29,WCRFPUS2,美国原油产量,13200.0,千桶/日,1320.0
2024-01-05,WCRFPUS2,美国原油产量,13200.0,千桶/日,1320.0
2024-01-12,WCRFPUS2,美国原油产量,13300.0,千桶/日,1330.0
2024-01-19,WCRFPUS2,美国原油产量,12300.0,千桶/日,1230.0
2024-01-26,WCRFPUS2,美国原油产量,13000.0,千桶/日,1300.0
2024-02-02,WCRFPUS2,美国原油产量,13300.0,千桶/日,1330.0
2024-02-09,WCRFPUS2,美国原油产量,13300.0,千桶/日,1330.0
2024-02-16,WCRFPUS2,美国原油产量,13300.0,千桶/日,1330.0
2024-02-23,WCRFPUS2,美国原油产量,13300.0,千桶/日,1330.0
2024-03-01,WCRFPUS2,美国原油产量,13200.0,千桶/日,1320.0
2024-03-08,WCRFPUS2,美国原油产量,13100.0,千桶/日,1310.0
2024-03-15,WCRFPUS2,美国原油产量,13100.0,千桶/日,1310.0
2024-03-22,WCRFPUS2,美国原油产量,13100.0,千桶/日,1310.0
2024-03-29,WCRFPUS2,美国原油产量,13100.0,千桶/日,1310.0
2024-04-05,WCRFPUS2,美国原油产量,13100.0,千桶/日,1310.0
2024-04-12,WCRFPUS2,美国原油产量,13100.0,千桶/日,1310.0
2024-04-19,WCRFPUS2,美国原油产量,13100.0,千桶/日,1310.0
2024-04-26,WCRFPUS2,美国原油产量,13100.0,千桶/日,1310.0
2024-05-03,WCRFPUS2,美国原油产量,13100.0,千桶/日,1310.0
2024-05-10,WCRFPUS2,美国原油产量,13100.0,千桶/日,1310.0
2024-05-17,WCRFPUS2,美国原油产量,13100.0,千桶/日,1310.0
2024-05-24,WCRFPUS2,美国原油产量,13100.0,千桶/日,1310.0
2024-05-31,WCRFPUS2,美国原油产量,13100.0,千桶/日,1310.0
2024-06-07,WCRFPUS2,美国原油产量,13200.0,千桶/日,1320.0
2024-06-14,WCRFPUS2,美国原油产量,13200.0,千桶/日,1320.0
2024-06-21,WCRFPUS2,美国原油产量,13200.0,千桶/日,1320.0
2024-06-28,WCRFPUS2,美国原油产量,13200.0,千桶/日,1320.0
2024-07-05,WCRFPUS2,美国原油产量,13300.0,千桶/日,1330.0
2024-07-12,WCRFPUS2,美国原油产量,13300.0,千桶/日,1330.0
2024-07-19,WCRFPUS2,美国原油产量,13300.0,千桶/日,1330.0
2024-07-26,WCRFPUS2,美国原油产量,13300.0,千桶/日,1330.0
2024-08-02,WCRFPUS2,美国原油产量,13400.0,千桶/日,1340.0
2024-08-09,WCRFPUS2,美国原油产量,13300.0,千桶/日,1330.0
2024-08-16,WCRFPUS2,美国原油产量,13400.0,千桶/日,1340.0
2024-08-23,WCRFPUS2,美国原油产量,13300.0,千桶/日,1330.0
2024-08-30,WCRFPUS2,美国原油产量,13300.0,千桶/日,1330.0
2024-09-06,WCRFPUS2,美国原油产量,13300.0,千桶/日,1330.0
2024-09-13,WCRFPUS2,美国原油产量,13200.0,千桶/日,1320.0
2024-09-20,WCRFPUS2,美国原油产量,13200.0,千桶/日,1320.0
2024-09-27,WCRFPUS2,美国原油产量,13300.0,千桶/日,1330.0
2024-10-04,WCRFPUS2,美国原油产量,13400.0,千桶/日,1340.0
2024-10-11,WCRFPUS2,美国原油产量,13500.0,千桶/日,1350.0
2024-10-18,WCRFPUS2,美国原油产量,13500.0,千桶/日,1350.0
2024-10-25,WCRFPUS2,美国原油产量,13500.0,千桶/日,1350.0
2024-11-01,WCRFPUS2,美国原油产量,13500.0,千桶/日,1350.0
2024-11-08,WCRFPUS2,美国原油产量,13400.0,千桶/日,1340.0
2024-11-15,WCRFPUS2,美国原油产量,13201.0,千桶/日,1320.1
2024-11-22,WCRFPUS2,美国原油产量,13493.0,千桶/日,1349.3
2024-11-29,WCRFPUS2,美国原油产量,13513.0,千桶/日,1351.3
2024-12-06,WCRFPUS2,美国原油产量,13631.0,千桶/日,1363.1
2024-12-13,WCRFPUS2,美国原油产量,13604.0,千桶/日,1360.4
2024-12-20,WCRFPUS2,美国原油产量,13585.0,千桶/日,1358.5
2024-12-27,WCRFPUS2,美国原油产量,13573.0,千桶/日,1357.3
2025-01-03,WCRFPUS2,美国原油产量,13563.0,千桶/日,1356.3
2025-01-10,WCRFPUS2,美国原油产量,13481.0,千桶/日,1348.1
2025-01-17,WCRFPUS2,美国原油产量,13477.0,千桶/日,1347.7
2025-01-24,WCRFPUS2,美国原油产量,13240.0,千桶/日,1324.0
2025-01-31,WCRFPUS2,美国原油产量,13478.0,千桶/日,1347.8
2025-02-07,WCRFPUS2,美国原油产量,13494.0,千桶/日,1349.4
2025-02-14,WCRFPUS2,美国原油产量,13497.0,千桶/日,1349.7
2025-02-21,WCRFPUS2,美国原油产量,13502.0,千桶/日,1350.2
2025-02-28,WCRFPUS2,美国原油产量,13508.0,千桶/日,1350.8
2025-03-07,WCRFPUS2,美国原油产量,13575.0,千桶/日,1357.5
2025-03-14,WCRFPUS2,美国原油产量,13573.0,千桶/日,1357.3
2025-03-21,WCRFPUS2,美国原油产量,13574.0,千桶/日,1357.4
2025-03-28,WCRFPUS2,美国原油产量,13580.0,千桶/日,1358.0
2025-04-04,WCRFPUS2,美国原油产量,13458.0,千桶/日,1345.8
2025-04-11,WCRFPUS2,美国原油产量,13462.0,千桶/日,1346.2
2025-04-18,WCRFPUS2,美国原油产量,13460.0,千桶/日,1346.0
2025-04-25,WCRFPUS2,美国原油产量,13465.0,千桶/日,1346.5
2025-05-02,WCRFPUS2,美国原油产量,13367.0,千桶/日,1336.7
2025-05-09,WCRFPUS2,美国原油产量,13387.0,千桶/日,1338.7
2025-05-16,WCRFPUS2,美国原油产量,13392.0,千桶/日,1339.2
2025-05-23,WCRFPUS2,美国原油产量,13401.0,千桶/日,1340.1
2025-05-30,WCRFPUS2,美国原油产量,13408.0,千桶/日,1340.8
2025-06-06,WCRFPUS2,美国原油产量,13428.0,千桶/日,1342.8
2025-06-13,WCRFPUS2,美国原油产量,13431.0,千桶/日,1343.1
2025-06-20,WCRFPUS2,美国原油产量,13435.0,千桶/日,1343.5
2025-06-27,WCRFPUS2,美国原油产量,13433.0,千桶/日,1343.3
2025-07-04,WCRFPUS2,美国原油产量,13385.0,千桶/日,1338.5
2025-07-11,WCRFPUS2,美国原油产量,13375.0,千桶/日,1337.5
2025-07-18,WCRFPUS2,美国原油产量,13273.0,千桶/日,1327.3
2025-07-25,WCRFPUS2,美国原油产量,13314.0,千桶/日,1331.4
2025-08-01,WCRFPUS2,美国原油产量,13284.0,千桶/日,1328.4
2025-08-08,WCRFPUS2,美国原油产量,13327.0,千桶/日,1332.7
2025-08-15,WCRFPUS2,美国原油产量,13382.0,千桶/日,1338.2
2025-08-22,WCRFPUS2,美国原油产量,13439.0,千桶/日,1343.9
2025-08-29,WCRFPUS2,美国原油产量,13423.0,千桶/日,1342.3
2025-09-05,WCRFPUS2,美国原油产量,13495.0,千桶/日,1349.5
2025-09-12,WCRFPUS2,美国原油产量,13482.0,千桶/日,1348.2
2025-09-19,WCRFPUS2,美国原油产量,13501.0,千桶/日,1350.1
2025-09-26,WCRFPUS2,美国原油产量,13505.0,千桶/日,1350.5
2025-10-03,WCRFPUS2,美国原油产量,13629.0,千桶/日,1362.9
2025-10-10,WCRFPUS2,美国原油产量,13636.0,千桶/日,1363.6
2025-10-17,WCRFPUS2,美国原油产量,13629.0,千桶/日,1362.9
2025-10-24,WCRFPUS2,美国原油产量,13644.0,千桶/日,1364.4
2025-10-31,WCRFPUS2,美国原油产量,13651.0,千桶/日,1365.1
2025-11-07,WCRFPUS2,美国原油产量,13862.0,千桶/日,1386.2
2025-11-14,WCRFPUS2,美国原油产量,13834.0,千桶/日,1383.4
2025-11-21,WCRFPUS2,美国原油产量,13814.0,千桶/日,1381.4
2025-11-28,WCRFPUS2,美国原油产量,13815.0,千桶/日,1381.5
2025-12-05,WCRFPUS2,美国原油产量,13853.0,千桶/日,1385.3
2025-12-12,WCRFPUS2,美国原油产量,13843.0,千桶/日,1384.3
2025-12-19,WCRFPUS2,美国原油产量,13825.0,千桶/日,1382.5
2025-12-26,WCRFPUS2,美国原油产量,13827.0,千桶/日,1382.7
2026-01-02,WCRFPUS2,美国原油产量,13811.0,千桶/日,1381.1
2026-01-09,WCRFPUS2,美国原油产量,13753.0,千桶/日,1375.3
2026-01-16,WCRFPUS2,美国原油产量,13732.0,千桶/日,1373.2
2026-01-23,WCRFPUS2,美国原油产量,13696.0,千桶/日,1369.6
2026-01-30,WCRFPUS2,美国原油产量,13215.0,千桶/日,1321.5
2026-02-06,WCRFPUS2,美国原油产量,13713.0,千桶/日,1371.3
2026-02-13,WCRFPUS2,美国原油产量,13735.0,千桶/日,1373.5
2026-02-20,WCRFPUS2,美国原油产量,13702.0,千桶/日,1370.2
2026-02-27,WCRFPUS2,美国原油产量,13696.0,千桶/日,1369.6
2026-03-06,WCRFPUS2,美国原油产量,13678.0,千桶/日,1367.8
2026-03-13,WCRFPUS2,美国原油产量,13668.0,千桶/日,1366.8
2026-03-20,WCRFPUS2,美国原油产量,13657.0,千桶/日,1365.7
2026-03-27,WCRFPUS2,美国原油产量,13657.0,千桶/日,1365.7
2026-04-03,WCRFPUS2,美国原油产量,13596.0,千桶/日,1359.6
2026-04-10,WCRFPUS2,美国原油产量,13596.0,千桶/日,1359.6
2026-04-17,WCRFPUS2,美国原油产量,13585.0,千桶/日,1358.5
2026-04-24,WCRFPUS2,美国原油产量,13586.0,千桶/日,1358.6
2026-05-01,WCRFPUS2,美国原油产量,13573.0,千桶/日,1357.3
